camera,frame,pts,opencv_pyav_equal,reencoded_jpeg_bytes_equal,reencoded_store_pixels_equal,detector_reencoded_store_equal,decoder_mae,decoder_rmse,decoder_max_abs,jpeg_at_720p_mae,jpeg_at_720p_rmse,jpeg_at_720p_max_abs,detector_total_mae,detector_total_rmse,detector_total_max_abs,detector_resize_only_mae,detector_resize_only_rmse,detector_resize_only_max_abs,detector_jpeg_only_mae,detector_jpeg_only_rmse,detector_jpeg_only_max_abs,detector_source_sha256,detector_store_sha256,detector_reencoded_sha256
cam0,0,0,True,True,True,True,0.0,0.0,0.0,1.4189702272415161,2.338674306869507,36.0,2.3219966888427734,4.4285197257995605,52.0,1.8997124433517456,4.088977813720703,49.0,0.9596512317657471,1.5524976253509521,22.0,c138a5f79cc303bf5daebb391cb8dcca71b3f4220f802ba121112de92322b19f,f8ee0475fb8b966e8a820ae9589ff38360a00455f4e90846a45478a7bf9d6b08,f8ee0475fb8b966e8a820ae9589ff38360a00455f4e90846a45478a7bf9d6b08
cam0,1,50000,True,True,True,True,0.0,0.0,0.0,1.4206304550170898,2.3389198780059814,34.0,2.3208844661712646,4.4249796867370605,50.0,1.9009805917739868,4.089132785797119,49.0,0.9588442444801331,1.549749732017517,23.0,c62f507aaa11bec59ec88d0c5787b232e6688c9b742aab58f0afa44e9ce2d8df,ee59425be14f6e73678e380c495a844bc94119143d6182713ac0dcc6f79208d4,ee59425be14f6e73678e380c495a844bc94119143d6182713ac0dcc6f79208d4
cam0,2,100000,True,True,True,True,0.0,0.0,0.0,1.4217183589935303,2.340210437774658,34.0,2.3230793476104736,4.425975799560547,51.0,1.9016135931015015,4.089049816131592,49.0,0.9609307050704956,1.5524379014968872,23.0,9eb72e0de34c3e148ae4b69b2cab9a194b972ddd546aa7d279596dbefed48108,1e6f85f3d34560573629c862a37bc9779ab0665a8f11222f7ab44112afa6341f,1e6f85f3d34560573629c862a37bc9779ab0665a8f11222f7ab44112afa6341f
cam0,3,150000,True,True,True,True,0.0,0.0,0.0,1.4222930669784546,2.3413360118865967,34.0,2.3261289596557617,4.429168224334717,51.0,1.9036141633987427,4.090965270996094,49.0,0.9616857171058655,1.553951621055603,23.0,8499c685d3a93d07a4070ba28380749fc12585bf83ede7d460f1a8675cf9bb76,3621a13adc20466667c5171cb835dd835fca2b85cefe8d109ee5aa17430dfe97,3621a13adc20466667c5171cb835dd835fca2b85cefe8d109ee5aa17430dfe97
cam0,4,200000,True,True,True,True,0.0,0.0,0.0,1.4230595827102661,2.3435821533203125,34.0,2.32769775390625,4.431646347045898,51.0,1.9051039218902588,4.092864513397217,49.0,0.9636727571487427,1.5568865537643433,23.0,e89f1954e0e16274444b0f81b5fcd53e7190f2b8dc09d321a174fdcbf293fbda,da99553822a59a0f27646ebf20c559f77dbf4db1c3e10103badc076dabe6801b,da99553822a59a0f27646ebf20c559f77dbf4db1c3e10103badc076dabe6801b
cam0,5,250000,True,True,True,True,0.0,0.0,0.0,1.4238371849060059,2.3415865898132324,34.0,2.3262102603912354,4.428544998168945,51.0,1.9045274257659912,4.089053153991699,49.0,0.9617671370506287,1.5538526773452759,23.0,3942ffa62c8695cb7b85f47ed544834c57a6b2fe6cf4b87afdeeabe5602684eb,67e331893337c72eb6b2db85abf9f83836138878cd235d16beb3fd0776f07081,67e331893337c72eb6b2db85abf9f83836138878cd235d16beb3fd0776f07081
cam0,6,300000,True,True,True,True,0.0,0.0,0.0,1.423531174659729,2.342043876647949,33.0,2.326486110687256,4.428081035614014,51.0,1.9064489603042603,4.090450763702393,49.0,0.9615681767463684,1.555649757385254,22.0,c00cc880b833d4415b7741128727d67fee41d862950fc2e64f295f53110dfb7b,3c074656025909557b83b5606e00d0f8c7d9b9d9ba33174b7164615b59261bb9,3c074656025909557b83b5606e00d0f8c7d9b9d9ba33174b7164615b59261bb9
cam0,7,350000,True,True,True,True,0.0,0.0,0.0,1.422764778137207,2.341658353805542,35.0,2.3255434036254883,4.428743839263916,50.0,1.9075045585632324,4.090556621551514,49.0,0.9615048766136169,1.5544272661209106,24.0,d2bb98e2103e6ac1137742eb701e1033910e9b21d6139265cbdb5f3b5760ff72,d17fd3966ca0d93b1727e2ce0308d2a463eda9831962f9ec7983bbdd89cad640,d17fd3966ca0d93b1727e2ce0308d2a463eda9831962f9ec7983bbdd89cad640
cam0,8,400000,True,True,True,True,0.0,0.0,0.0,1.423326849937439,2.342198371887207,34.0,2.3296351432800293,4.4319000244140625,50.0,1.9098352193832397,4.09276008605957,49.0,0.9608244895935059,1.5532145500183105,23.0,e18a2e9a99a8d562977e44e5f3001d82e5cda35c269b2e58acbc9e89497ae67d,a72949fff3e26f2d502776c69a7d5e929849a622fd68126fba574f6a2c543dc8,a72949fff3e26f2d502776c69a7d5e929849a622fd68126fba574f6a2c543dc8
cam0,9,450000,True,True,True,True,0.0,0.0,0.0,1.4243510961532593,2.341444492340088,34.0,2.325258493423462,4.425380706787109,51.0,1.9072672128677368,4.088000297546387,49.0,0.9619547724723816,1.5535303354263306,21.0,da69b192187efa1256e85cf1a122fba01286d277039e69e2ddcfa9924e94f99a,62dde57ca2131f18498944957d31df31d6c6887f35a925a3821068079af42bd1,62dde57ca2131f18498944957d31df31d6c6887f35a925a3821068079af42bd1
cam0,10,500000,True,True,True,True,0.0,0.0,0.0,1.4239376783370972,2.34108567237854,36.0,2.325190782546997,4.427398681640625,50.0,1.9073214530944824,4.0882248878479,49.0,0.9606842994689941,1.5525332689285278,21.0,17e8da825da83032c816c322eb370e60c3eb72f298eccb7768edf023c3474a28,032e045db2b3c506cd09ed2991e8fa4da91148ac24a046e85dd478e319dba2e7,032e045db2b3c506cd09ed2991e8fa4da91148ac24a046e85dd478e319dba2e7
cam0,11,550000,True,True,True,True,0.0,0.0,0.0,1.4238327741622925,2.3417229652404785,36.0,2.325618028640747,4.427581310272217,50.0,1.9073712825775146,4.087914943695068,49.0,0.9595427513122559,1.5508251190185547,22.0,cebfee6a23dcd570819ff106b47721267ccddc5f349abcfd60776a7475a64679,b347ffdb38f29daca0759d6487348ffaee854d9efc3ce276294ffb5dfe1a5151,b347ffdb38f29daca0759d6487348ffaee854d9efc3ce276294ffb5dfe1a5151
cam0,12,600000,True,True,True,True,0.0,0.0,0.0,1.4248875379562378,2.3424570560455322,36.0,2.3268320560455322,4.43018913269043,51.0,1.9088157415390015,4.089990139007568,49.0,0.9622960686683655,1.554906964302063,23.0,c264b567fdb70e5e1d2258f0d89d86d33b75c8a6dcdc3f5df155dc46d290f168,27ca66586f76f80791212ed65f3d5296729c85de38a777cd9079126426374277,27ca66586f76f80791212ed65f3d5296729c85de38a777cd9079126426374277
cam0,13,650000,True,True,True,True,0.0,0.0,0.0,1.425656795501709,2.34175968170166,36.0,2.328125,4.426727771759033,51.0,1.9087456464767456,4.088868618011475,49.0,0.9624294638633728,1.553383469581604,25.0,96fc4093d9717ce29ba6347b70422199cdcb48eebc75e947a425b8426f4bafcb,e728d5a247cc28fd04976822939b2bd440d340954e2d33a983672a483e00014a,e728d5a247cc28fd04976822939b2bd440d340954e2d33a983672a483e00014a
cam0,14,700000,True,True,True,True,0.0,0.0,0.0,1.4260618686676025,2.342799186706543,36.0,2.328183889389038,4.425497055053711,51.0,1.908634901046753,4.088169097900391,49.0,0.9632274508476257,1.5550901889801025,25.0,45a2ab530cc6a8a8ad35f713dd3936880141f562287eb2e88babcfe1c1d96b36,1bd77413041f8dca3007bc41c62ba7738606f63eb203b3f1da25fa9aa244e5a6,1bd77413041f8dca3007bc41c62ba7738606f63eb203b3f1da25fa9aa244e5a6
cam0,15,750000,True,True,True,True,0.0,0.0,0.0,1.4251164197921753,2.3420088291168213,35.0,2.3289477825164795,4.426538467407227,51.0,1.9097764492034912,4.0889177322387695,49.0,0.9625424742698669,1.5534939765930176,23.0,b9b22655cf921276b0b2ee643832dcd39309b30c3c46e7b07733a7efffd18900,e2dfef3a81e5e5bc9b13e11a9d720774624f99f927556dec9323d3319ea32365,e2dfef3a81e5e5bc9b13e11a9d720774624f99f927556dec9323d3319ea32365
cam0,16,800000,True,True,True,True,0.0,0.0,0.0,1.4267042875289917,2.344052791595459,35.0,2.333009958267212,4.433442115783691,51.0,1.9119895696640015,4.092742443084717,49.0,0.9636501669883728,1.5562156438827515,23.0,cd1049f006958e936f2e0c15e28ac54e0b4d52695ea4cf883d089d8cc1360dde,b9461f3f8538d5fbade5456033e5d8fd4d767ef5a89291f3d6c1a73f0af77611,b9461f3f8538d5fbade5456033e5d8fd4d767ef5a89291f3d6c1a73f0af77611
cam0,17,850000,True,True,True,True,0.0,0.0,0.0,1.4267277717590332,2.3430306911468506,34.0,2.3294677734375,4.426860809326172,52.0,1.9074729681015015,4.087247371673584,49.0,0.9639644026756287,1.5554652214050293,22.0,a4cbd3afc3559d835c561a882f488537098ab0a4317ddcd0fe7d4bc86290da88,065744caee3b2060c3ef20b4454685a93bbcd9d3726fa6aa74e95c01fc5dc6c6,065744caee3b2060c3ef20b4454685a93bbcd9d3726fa6aa74e95c01fc5dc6c6
cam0,18,900000,True,True,True,True,0.0,0.0,0.0,1.426635980606079,2.3436808586120605,35.0,2.3267934322357178,4.4258575439453125,51.0,1.9065823554992676,4.084153175354004,49.0,0.9635778069496155,1.555880069732666,24.0,4ff072413f06fdf6fdd2d0851014d9d7642255f26f83ca626e5f74a8b73eb06a,3a018ebf8119cc9eb5e2e268ccf0aae88436b0b0424ec71276081d475c033a96,3a018ebf8119cc9eb5e2e268ccf0aae88436b0b0424ec71276081d475c033a96
cam0,19,950000,True,True,True,True,0.0,0.0,0.0,1.428267478942871,2.3463504314422607,34.0,2.3291263580322266,4.419881820678711,51.0,1.9056396484375,4.080548286437988,50.0,0.9636027216911316,1.5570412874221802,22.0,2f7358460443c1daa59de30caf31bb4c0e603b75558723ff6f0fcc8c44fb31c9,ef478d58b27e8c9d3f6ab3a4a67848effe701e94d895e7e9e73e0a60aaac2c37,ef478d58b27e8c9d3f6ab3a4a67848effe701e94d895e7e9e73e0a60aaac2c37
cam0,20,1000000,True,True,True,True,0.0,0.0,0.0,1.4306455850601196,2.3482701778411865,34.0,2.3322641849517822,4.421779632568359,51.0,1.9081556797027588,4.083312511444092,50.0,0.9646312594413757,1.5576632022857666,22.0,a9857795ddb1ba93ed059d9d5c82943ad00cdb17743d7682d6f3a47a100b6609,d400f61e1bdec6a6cc7c4d3f639756ae6d64caf7c483e99fd8883aa9eb13c41b,d400f61e1bdec6a6cc7c4d3f639756ae6d64caf7c483e99fd8883aa9eb13c41b
cam0,21,1050000,True,True,True,True,0.0,0.0,0.0,1.429426670074463,2.3471763134002686,34.0,2.327948570251465,4.419075012207031,51.0,1.906864881515503,4.080474376678467,49.0,0.9648075699806213,1.5579650402069092,22.0,ce88d8a4a10ce22a383f803539589d70fade5daaa03e9ff06ed09710b7ead5c9,7f3e2830971cae038fb7ad9129bf203322d9b1ebf5d78276aed45d4e5c1e5c7a,7f3e2830971cae038fb7ad9129bf203322d9b1ebf5d78276aed45d4e5c1e5c7a
cam0,22,1100000,True,True,True,True,0.0,0.0,0.0,1.4292856454849243,2.347053050994873,34.0,2.327030897140503,4.418334007263184,51.0,1.9081827402114868,4.083276271820068,50.0,0.9650720953941345,1.5576741695404053,22.0,3fcfafa3b6eb6e7ccd18a1f65f97c52bc1b500c8cbed0944cd2774e24e5f2c45,0c749d1e63467ae772c0132f25c4faa50472e812e558c1846185121c1894f11a,0c749d1e63467ae772c0132f25c4faa50472e812e558c1846185121c1894f11a
cam0,23,1150000,True,True,True,True,0.0,0.0,0.0,1.4290649890899658,2.3466787338256836,34.0,2.3294880390167236,4.420647621154785,51.0,1.9097832441329956,4.0852484703063965,50.0,0.9636682868003845,1.555324912071228,22.0,b9097358c03d28ade89c66a08a1885feea7b30a581cb904269782195800cef6e,9dcf5f3db3cff9e1626781bd9c701c768e22dc5e1ec807c078ce9d3463abe3ec,9dcf5f3db3cff9e1626781bd9c701c768e22dc5e1ec807c078ce9d3463abe3ec
cam0,24,1200000,True,True,True,True,0.0,0.0,0.0,1.4310358762741089,2.348322868347168,34.0,2.3309099674224854,4.423774242401123,50.0,1.911345362663269,4.087632179260254,50.0,0.9650291204452515,1.5577125549316406,22.0,3911a97c6910af3dd5e52a544c953fb07580b22cf426330a3c01a870c2a0c76e,db50f26d1611b776378a1b56db3bdf3f3a7f2ee146e2722a653233a8421a6dc5,db50f26d1611b776378a1b56db3bdf3f3a7f2ee146e2722a653233a8421a6dc5
cam0,25,1250000,True,True,True,True,0.0,0.0,0.0,1.4297269582748413,2.3466882705688477,34.0,2.328301429748535,4.420389652252197,51.0,1.9095209836959839,4.085474491119385,50.0,0.9659762978553772,1.5604289770126343,22.0,81dac036ceda57b50a1e287a92fbc977242fc18622c7ccd578fc6b026d4a8796,2c7dd9e1c069c347b182f895e14223b1b439c029f1b581d3429ae77fe07f0ba7,2c7dd9e1c069c347b182f895e14223b1b439c029f1b581d3429ae77fe07f0ba7
cam0,26,1300000,True,True,True,True,0.0,0.0,0.0,1.4303884506225586,2.346863269805908,35.0,2.331129312515259,4.422651767730713,53.0,1.910004734992981,4.086531162261963,50.0,0.9665165543556213,1.5614073276519775,23.0,7a124fa24741d51ca5cef6c79475f923416f8c81b76d97ef96af9f8450caad06,9d521f6a9fc1a83fa75b912eaa799c654a1a8fef726fd2384fc9a477877d1273,9d521f6a9fc1a83fa75b912eaa799c654a1a8fef726fd2384fc9a477877d1273
cam0,27,1350000,True,True,True,True,0.0,0.0,0.0,1.4300868511199951,2.3465023040771484,35.0,2.3302769660949707,4.423060894012451,53.0,1.9115668535232544,4.088396072387695,50.0,0.96533203125,1.5585874319076538,23.0,8235439bc838cddc6d124daa787b500eeceee1ad4706bcbb972af22cf795dff0,2773d351ff6a7680677045426e034a87de6841d774ac47e714629a08191ff06a,2773d351ff6a7680677045426e034a87de6841d774ac47e714629a08191ff06a
cam0,28,1400000,True,True,True,True,0.0,0.0,0.0,1.430431842803955,2.3472797870635986,35.0,2.3343822956085205,4.428557872772217,53.0,1.9138432741165161,4.0908966064453125,50.0,0.9658587574958801,1.5591522455215454,23.0,f51dae456a8e9413aeba3a37f9b58d381fc2ecd80be20546b4d3819cc76b01d6,9ea185f67427512422101669838c208e00b3cbd5f5fb7a3aabea66a110eef1f6,9ea185f67427512422101669838c208e00b3cbd5f5fb7a3aabea66a110eef1f6
cam0,29,1450000,True,True,True,True,0.0,0.0,0.0,1.4287381172180176,2.344818115234375,35.0,2.331601858139038,4.422062873840332,51.0,1.9107937812805176,4.086634635925293,50.0,0.9643871188163757,1.5571000576019287,23.0,5dfc65659efa91586107ce89fe1e4ac5f63781920df185c75ee6c5779ce7ad68,77b4d02f7ea1bf6c6d65af18d43c01a1d4994afae2ba5649d9b375bc87d11fe7,77b4d02f7ea1bf6c6d65af18d43c01a1d4994afae2ba5649d9b375bc87d11fe7
cam0,30,1500000,True,True,True,True,0.0,0.0,0.0,1.429918646812439,2.345661163330078,35.0,2.331294298171997,4.423110008239746,54.0,1.9105993509292603,4.086709499359131,50.0,0.9649115800857544,1.5563710927963257,23.0,df75bf7fd9d35cb83421c0bab0f8451d0bc0fc45ef3b42445f3a473b8dac1f73,96f7a9bf4a1ba357cd40c7fd35e5356521d1681fbde200cf464fb5c47c99f9ab,96f7a9bf4a1ba357cd40c7fd35e5356521d1681fbde200cf464fb5c47c99f9ab
cam0,31,1550000,True,True,True,True,0.0,0.0,0.0,1.4294577836990356,2.345064401626587,35.0,2.331423044204712,4.422751426696777,55.0,1.9110333919525146,4.087580680847168,50.0,0.9652302861213684,1.5566143989562988,23.0,4ab46a10f02009903b4425ec2f27ae64f4b05d17afdd9a7775ddd9e6b8ac5c2e,0c64bd8befdbd1f43800cb9f956fb6ba6d4a46bfc66c644c39c17ce0a7db392f,0c64bd8befdbd1f43800cb9f956fb6ba6d4a46bfc66c644c39c17ce0a7db392f
cam0,32,1600000,True,True,True,True,0.0,0.0,0.0,1.4312174320220947,2.3469741344451904,35.0,2.3321850299835205,4.423808574676514,52.0,1.9123896360397339,4.089005470275879,50.0,0.9675518870353699,1.560490608215332,23.0,3e976c0898685e89c4f378cd2e2a8fc8b4865d3da25b862f055b00a129ec0a81,2c3cda54a9e352b675057b4ba3f182b1dc3ea86f7cc340b2aab76332492f38fd,2c3cda54a9e352b675057b4ba3f182b1dc3ea86f7cc340b2aab76332492f38fd
cam0,33,1650000,True,True,True,True,0.0,0.0,0.0,1.4301482439041138,2.346041679382324,35.0,2.3318164348602295,4.421653747558594,53.0,1.9110944271087646,4.086915493011475,50.0,0.9669913053512573,1.5585293769836426,23.0,ecbe08cef58813f0de6ff14fd751fe01d1f1823cb3f9d3b918c25b42cfb53517,734baffe4024367888020fbec8a8e5bd352522776a5f699b36e1fbb1fec829b3,734baffe4024367888020fbec8a8e5bd352522776a5f699b36e1fbb1fec829b3
cam0,34,1700000,True,True,True,True,0.0,0.0,0.0,1.4306676387786865,2.3465018272399902,35.0,2.3340001106262207,4.426776885986328,54.0,1.9123512506484985,4.0903801918029785,49.0,0.9666431546211243,1.5587643384933472,22.0,c84db72d4c8d8633779168f146eba7f355eda6d3c23a5aaef43c6815f3c84758,576752a9e4c24985f0b1fcebe3e8fca2e4a7d6e8899b1b663ab2e6866802f5b6,576752a9e4c24985f0b1fcebe3e8fca2e4a7d6e8899b1b663ab2e6866802f5b6
cam0,35,1750000,True,True,True,True,0.0,0.0,0.0,1.4313089847564697,2.3468897342681885,35.0,2.333604574203491,4.427363872528076,53.0,1.9120415449142456,4.0901079177856445,49.0,0.9674026966094971,1.5591442584991455,22.0,2530510acbb2e5266607e1db87673293744df374c324a2cb82b8e6a40eb4bbec,b249cabd2eaaf263fe9fec3d6cae65d4db80f8737c5ba779fc5b01f5733f452f,b249cabd2eaaf263fe9fec3d6cae65d4db80f8737c5ba779fc5b01f5733f452f
cam0,36,1800000,True,True,True,True,0.0,0.0,0.0,1.4321751594543457,2.348917245864868,35.0,2.3356752395629883,4.432384014129639,51.0,1.9139020442962646,4.09326696395874,49.0,0.9649861454963684,1.5586678981781006,22.0,c99717184f1a63bdec66f7c429cce63e1e14042c066304f1ce4de620a6198cec,b8d35e2f5b57a550aa5f7afa78a88899a872af4243e87cf1e204032b07c9c5f8,b8d35e2f5b57a550aa5f7afa78a88899a872af4243e87cf1e204032b07c9c5f8
cam0,37,1850000,True,True,True,True,0.0,0.0,0.0,1.4313075542449951,2.3474345207214355,35.0,2.3351328372955322,4.429927349090576,51.0,1.914460301399231,4.091971397399902,49.0,0.9661819934844971,1.5593544244766235,22.0,89c77987eaa867637fe17188d910e8e7d5e68d1758ee62953e16ca8d62f5006b,7914a7f196e4d13e3983b46244c69b498e80c8f44ee0cec85a5166971e1e65ff,7914a7f196e4d13e3983b46244c69b498e80c8f44ee0cec85a5166971e1e65ff
cam0,38,1900000,True,True,True,True,0.0,0.0,0.0,1.4307917356491089,2.346712350845337,35.0,2.334913492202759,4.432549953460693,54.0,1.9156132936477661,4.094374656677246,49.0,0.9647601246833801,1.5574984550476074,22.0,84026f5797ec67744c89c948730620327ebd36a43d8ff98a145f68d5eae13f8f,46cfc1a5ec0c74cc352af276f60f8226135e851057cddf6d4db3a1d08a332932,46cfc1a5ec0c74cc352af276f60f8226135e851057cddf6d4db3a1d08a332932
cam0,39,1950000,True,True,True,True,0.0,0.0,0.0,1.4311805963516235,2.347071409225464,35.0,2.3360912799835205,4.436956405639648,54.0,1.9164767265319824,4.096435070037842,49.0,0.9655038118362427,1.5595558881759644,22.0,03e37655187ce22c4cb912fe83fbbe1ab79a2217a32d111a34ea117dbb4951fa,760501ff9f25c59e7c43e98377392e02aadbedc04329cf98c3385bf50e83ddb6,760501ff9f25c59e7c43e98377392e02aadbedc04329cf98c3385bf50e83ddb6
cam0,40,2000000,True,True,True,True,0.0,0.0,0.0,1.4325954914093018,2.3482654094696045,34.0,2.3351643085479736,4.4337897300720215,54.0,1.9178963899612427,4.096821308135986,49.0,0.9644458889961243,1.5577502250671387,22.0,11fc54cd6acf9ca28b1084dcccdc69b817bf3ec107cc2fa310926210acd5910a,0a11c0ffe63f2c62fb6c800d11b8b9a30974e3eb5d1ffafb41fd2425c099c708,0a11c0ffe63f2c62fb6c800d11b8b9a30974e3eb5d1ffafb41fd2425c099c708
cam0,41,2050000,True,True,True,True,0.0,0.0,0.0,1.4314937591552734,2.3470356464385986,34.0,2.3351283073425293,4.430906295776367,54.0,1.91668701171875,4.095715045928955,49.0,0.9665414094924927,1.5581457614898682,23.0,a70541758af23990d0b8535259ac172ab126a69843827d08d9b9dd8af7280674,634b66811f4693d8c86e655de2c598e95646233c9052edea183bc93e915428ab,634b66811f4693d8c86e655de2c598e95646233c9052edea183bc93e915428ab
cam0,42,2100000,True,True,True,True,0.0,0.0,0.0,1.4308297634124756,2.3465280532836914,32.0,2.3341403007507324,4.430985927581787,54.0,1.9148175716400146,4.093622207641602,49.0,0.9667674899101257,1.5592103004455566,23.0,1a3b059c0b89de09bfbbbb0f9d402b6b800338437abae948f0e7c51d4cd19efe,8cac5ea251727b3dd4028fbc92784446d55cbe5f2ca33e625b0c12c23618cde7,8cac5ea251727b3dd4028fbc92784446d55cbe5f2ca33e625b0c12c23618cde7
cam0,43,2150000,True,True,True,True,0.0,0.0,0.0,1.4314626455307007,2.3470301628112793,34.0,2.334764242172241,4.430915355682373,54.0,1.9153058528900146,4.094299793243408,49.0,0.9666996598243713,1.5597726106643677,23.0,7fbdbdfa666e282c745f676b968ab0e17c9107694b959785424db006e83d992a,29c0191dd293285dfd2863446d9553a30bb626c231c6c13482898ea1c8e51a50,29c0191dd293285dfd2863446d9553a30bb626c231c6c13482898ea1c8e51a50
cam0,44,2200000,True,True,True,True,0.0,0.0,0.0,1.432201623916626,2.348771572113037,33.0,2.3383970260620117,4.436113357543945,55.0,1.9173493385314941,4.09859561920166,49.0,0.9674976468086243,1.5611886978149414,23.0,6a7124790cfb9ccb3a5efb1968392b66a544634216db2f1f293e3fd6be281680,5ddd64c6718c2311a3ecc3c3e03c1bb41e752f473e3383ce0935c175fe9864c5,5ddd64c6718c2311a3ecc3c3e03c1bb41e752f473e3383ce0935c175fe9864c5
cam0,45,2250000,True,True,True,True,0.0,0.0,0.0,1.4318211078643799,2.347280740737915,33.0,2.3341832160949707,4.428406238555908,54.0,1.9152741432189941,4.095362186431885,49.0,0.9660961031913757,1.5582436323165894,23.0,0a58812e82b79a62e3f639eb180ec0f5e4908ece3e3ae1d445a90b3d85ce9c3a,4b7dd2ce6bb76a6a47cfac8120986373fc6fba460bc02b4cc2f5125d99e4d307,4b7dd2ce6bb76a6a47cfac8120986373fc6fba460bc02b4cc2f5125d99e4d307
cam0,46,2300000,True,True,True,True,0.0,0.0,0.0,1.4324193000793457,2.347855567932129,33.0,2.33441162109375,4.430670738220215,54.0,1.9158211946487427,4.09733772277832,49.0,0.9671201109886169,1.5584807395935059,23.0,43cce0b71bc1453c04d4fe9661758678083586695c569ea47a32aa0dedac4f5c,4974f6f7cc67a202ae7c08f5e7a6183cdd66a14eafb8428906ab1e8469528955,4974f6f7cc67a202ae7c08f5e7a6183cdd66a14eafb8428906ab1e8469528955
cam0,47,2350000,True,True,True,True,0.0,0.0,0.0,1.4322009086608887,2.347846031188965,33.0,2.335455894470215,4.434383392333984,54.0,1.9163999557495117,4.097907543182373,49.0,0.9652302861213684,1.5558648109436035,23.0,b6d2a6c9eb9ac869e9a6968c628c9fa722e0628707e6e6abc596dbcdd6b8b5e2,1b9be65905270fab22dc06efa5d9255ac35515e9b49f4fcb4ab6f8a122de227d,1b9be65905270fab22dc06efa5d9255ac35515e9b49f4fcb4ab6f8a122de227d
cam0,48,2400000,True,True,True,True,0.0,0.0,0.0,1.4329513311386108,2.3488545417785645,33.0,2.3386547565460205,4.441315174102783,54.0,1.9194765090942383,4.103764533996582,49.0,0.9666182994842529,1.5585707426071167,23.0,e6721c86a1a7c418fdcf882d36dc530909051d918ed2f9837d69b5a99aecfd7c,caaff5d320cbd5458ac0ba1a6cea76aad0165e1e7060af4eac8a17024630ab2f,caaff5d320cbd5458ac0ba1a6cea76aad0165e1e7060af4eac8a17024630ab2f
cam0,49,2450000,True,True,True,True,0.0,0.0,0.0,1.4335674047470093,2.3488214015960693,32.0,2.3343143463134766,4.433690547943115,55.0,1.9131830930709839,4.094092845916748,50.0,0.9676671624183655,1.5612632036209106,23.0,8384425fe212494f2a15bddf704b77786a21a5225e06e2f331aca3c10e258a4d,b31a19c1511c6d90821c8611a0dcb832fcb0dd01d65eb7f2119ca212838167f8,b31a19c1511c6d90821c8611a0dcb832fcb0dd01d65eb7f2119ca212838167f8
cam0,50,2500000,True,True,True,True,0.0,0.0,0.0,1.434267520904541,2.3491013050079346,33.0,2.335935354232788,4.435262680053711,55.0,1.9139901399612427,4.094842433929443,50.0,0.9698734879493713,1.5630446672439575,23.0,45dd795b2aff1d1d872d30a5c621647f886b5b995acd6e7edcd618482a9c71c2,2edd8d5317336dc83cbb1191a8015574d0dd9c1538984f85d7669011e28a3aaa,2edd8d5317336dc83cbb1191a8015574d0dd9c1538984f85d7669011e28a3aaa
cam0,51,2550000,True,True,True,True,0.0,0.0,0.0,1.435070514678955,2.3501288890838623,33.0,2.335503578186035,4.43319845199585,55.0,1.9141258001327515,4.096292018890381,50.0,0.9694236516952515,1.5621107816696167,23.0,ce462433649e00d3552b37b9842c9bd6c99066b85a9222c5fc68a0bce4ee737f,1c93825f42f2513a7ea646ab12edbe069ddfc864cb49e4b779f2683ec0ba4cd3,1c93825f42f2513a7ea646ab12edbe069ddfc864cb49e4b779f2683ec0ba4cd3
cam0,52,2600000,True,True,True,True,0.0,0.0,0.0,1.4353631734848022,2.35229754447937,33.0,2.3394527435302734,4.4379658699035645,55.0,1.9156697988510132,4.098389625549316,50.0,0.9721860289573669,1.567108392715454,23.0,96c867b1f0947c8a9d7990d22290cbb1c99c38588cdd8edbd5cd8b8bb0ba894c,fa4a958cd25da74fe362358c5dc9067751e843424103dbc7ddeda75a7f7cfc18,fa4a958cd25da74fe362358c5dc9067751e843424103dbc7ddeda75a7f7cfc18
cam0,53,2650000,True,True,True,True,0.0,0.0,0.0,1.4351110458374023,2.3505501747131348,32.0,2.337282419204712,4.435855388641357,54.0,1.9148355722427368,4.096716403961182,50.0,0.9713699817657471,1.5649596452713013,23.0,b4266b4c2eb8e018e3ef0df4af85d8c2bb0d6166c4f1c20c34ccb04c2afffe08,76f881acba28f250d64b586d7fe718260f7bda82c8063b385e7ab5a26796df70,76f881acba28f250d64b586d7fe718260f7bda82c8063b385e7ab5a26796df70
cam0,54,2700000,True,True,True,True,0.0,0.0,0.0,1.4337130784988403,2.3490347862243652,33.0,2.3356571197509766,4.431001663208008,55.0,1.9141054153442383,4.094017505645752,50.0,0.9702125787734985,1.5639106035232544,23.0,5f9804ae8b2ee2f544de4efef16a7bd036741968ee232b2483e7d5a43c3873f0,20b1cb32eec7fafae3487e0eb7898f7f161f2c9c28cb93998e1b2a58ced68692,20b1cb32eec7fafae3487e0eb7898f7f161f2c9c28cb93998e1b2a58ced68692
cam0,55,2750000,True,True,True,True,0.0,0.0,0.0,1.4342321157455444,2.3506386280059814,33.0,2.337716579437256,4.4342360496521,55.0,1.9145349264144897,4.093037128448486,50.0,0.9703595042228699,1.5642626285552979,23.0,2022831e3591531e0032f2247d889d0680afbf164eef921ff402358ab59b56c0,3f2d3fdb761a329c3f754301252d15f1f233524eaa49dd039fb0a87564fcc90e,3f2d3fdb761a329c3f754301252d15f1f233524eaa49dd039fb0a87564fcc90e
cam0,56,2800000,True,True,True,True,0.0,0.0,0.0,1.4352890253067017,2.3507275581359863,33.0,2.339113473892212,4.436145305633545,55.0,1.915409803390503,4.094295978546143,50.0,0.9704974293708801,1.5644713640213013,23.0,4fab171f94f9b1a8a75fa5c7ccc3fedccdd37f9a8abef15c9db39cac85f56e32,521721209a5dac971cf2d57c70e8a433861162e55d2a41aa485e05ff13e0e547,521721209a5dac971cf2d57c70e8a433861162e55d2a41aa485e05ff13e0e547
cam0,57,2850000,True,True,True,True,0.0,0.0,0.0,1.434030294418335,2.3496804237365723,36.0,2.3354718685150146,4.432068347930908,52.0,1.9133368730545044,4.092952728271484,49.0,0.9695027470588684,1.562982439994812,24.0,bbf1e79b32ef83932ac446fb664190a53ff70025ef77c866ad2f364d6255d9bc,8236f107c51f9c170646e099db534c0d65f62a9a9498b2d09e5367527bbfbe5f,8236f107c51f9c170646e099db534c0d65f62a9a9498b2d09e5367527bbfbe5f
cam0,58,2900000,True,True,True,True,0.0,0.0,0.0,1.4335174560546875,2.348726987838745,34.0,2.3355329036712646,4.431548595428467,54.0,1.9146027565002441,4.095765590667725,50.0,0.9686641097068787,1.5620037317276,23.0,410ecd20d6b7a65eab7394025e2dbbc447f62799fe6b36b4f540b7613393287d,67c530afc6accbca0d5961fd8534851cb73c44112d98b81d751291e4aff532bc,67c530afc6accbca0d5961fd8534851cb73c44112d98b81d751291e4aff532bc
cam0,59,2950000,True,True,True,True,0.0,0.0,0.0,1.4339988231658936,2.3484764099121094,34.0,2.3343617916107178,4.4283766746521,54.0,1.9142614603042603,4.0958757400512695,50.0,0.9701854586601257,1.5636851787567139,21.0,50f55ac5a8c928404f43abb7e62c1985dd590291dc774f5d5d4e5d3476d973ac,8b85dc031ebd07371e51b810ea93676d24f536ff6dd68d238ec8427b99e3e939,8b85dc031ebd07371e51b810ea93676d24f536ff6dd68d238ec8427b99e3e939
cam0,60,3000000,True,True,True,True,0.0,0.0,0.0,1.4356517791748047,2.3513453006744385,34.0,2.336923122406006,4.432046413421631,52.0,1.9160562753677368,4.098439693450928,49.0,0.9701334834098816,1.5634849071502686,23.0,601eb2664e803a23a8b6fb06b529b4a747a892346937b5231145146633b09ccf,914e32c7fb2b50b6310fb102598b155a179328846cd45f13d4212322a2f2fbdd,914e32c7fb2b50b6310fb102598b155a179328846cd45f13d4212322a2f2fbdd
cam0,61,3050000,True,True,True,True,0.0,0.0,0.0,1.4340806007385254,2.349311351776123,34.0,2.3355214595794678,4.431548118591309,52.0,1.9139336347579956,4.09572172164917,49.0,0.9693897366523743,1.5632152557373047,22.0,c7ba2b83a28d3c7dec467c5b27cd47c3fb1195ce03a1cb1967bb1f996ded9186,f5e1008d432f9d1ed8ecd828e0bdd020844b81199fd2d5322fae1f03fa10b4fa,f5e1008d432f9d1ed8ecd828e0bdd020844b81199fd2d5322fae1f03fa10b4fa
cam0,62,3100000,True,True,True,True,0.0,0.0,0.0,1.4337290525436401,2.34977126121521,34.0,2.336683511734009,4.434353828430176,52.0,1.9134995937347412,4.09455680847168,49.0,0.9693490266799927,1.5641404390335083,21.0,7dc9e8f3ffb244ef64a55efb99a2acddc5d36efe7bd2b5e32424d73caa21a7d0,caea691b8c70a62a0bac737a01e900a0bd9227ec6a197322ed9eab202496e576,caea691b8c70a62a0bac737a01e900a0bd9227ec6a197322ed9eab202496e576
cam0,63,3150000,True,True,True,True,0.0,0.0,0.0,1.4342458248138428,2.350348711013794,35.0,2.3374204635620117,4.43309211730957,52.0,1.914433240890503,4.096098899841309,49.0,0.9693829417228699,1.5631306171417236,21.0,1db339541fda3c98243303fe0c10f045f7ff674c45a6b959feb8e16993875469,a6fd1dd0ceb19f54bb11d4a62bb0022c58f96665318fdc32e76eed3ba2aa6f66,a6fd1dd0ceb19f54bb11d4a62bb0022c58f96665318fdc32e76eed3ba2aa6f66
cam0,64,3200000,True,True,True,True,0.0,0.0,0.0,1.4358395338058472,2.35172438621521,35.0,2.338067054748535,4.435567855834961,52.0,1.9171639680862427,4.099140644073486,49.0,0.9688811302185059,1.5630381107330322,21.0,49f8218f209ede9e46f2d71cac11787aa498eed7c7dafce9076a00c3667a3be3,065667889082fc6b312b857b0544a44c73b42255b00d9fdc113ac71b3e25acce,065667889082fc6b312b857b0544a44c73b42255b00d9fdc113ac71b3e25acce
cam0,65,3250000,True,True,True,True,0.0,0.0,0.0,1.4333416223526,2.348392963409424,34.0,2.3356051445007324,4.43310022354126,52.0,1.914433240890503,4.094770431518555,49.0,0.9675089716911316,1.5595219135284424,23.0,aa61d35a73014a0b9189de30930a43c7e3ccfea1addce1db144dd0fee590577c,e3ac101536b9b104a656fb9195653afa6aa096f446ba1c6e44e2e7b1f0d6dc53,e3ac101536b9b104a656fb9195653afa6aa096f446ba1c6e44e2e7b1f0d6dc53
cam0,66,3300000,True,True,True,True,0.0,0.0,0.0,1.4339561462402344,2.3487727642059326,34.0,2.3352277278900146,4.4296650886535645,52.0,1.914152979850769,4.094047546386719,49.0,0.9686415195465088,1.5605355501174927,22.0,8b8119d89aae9214c9d60b42bf2daa1fe1ca16b83fe3eb981e8894236a985535,b725f85b3ca9d55d5a55722c63cb1a0b9582225f2da6f5ee067c81372fe7739d,b725f85b3ca9d55d5a55722c63cb1a0b9582225f2da6f5ee067c81372fe7739d
cam0,67,3350000,True,True,True,True,0.0,0.0,0.0,1.4334313869476318,2.349116086959839,33.0,2.335867404937744,4.431588172912598,52.0,1.9141416549682617,4.094471454620361,49.0,0.9688675403594971,1.5597038269042969,21.0,445c1e30978d2d46cd98725fa79a0e449628f884288a23da62137bb60274e924,bc3a335c341761d55073d117db6d656989ad238a386efc408131618bd4be2fca,bc3a335c341761d55073d117db6d656989ad238a386efc408131618bd4be2fca
cam0,68,3400000,True,True,True,True,0.0,0.0,0.0,1.4343106746673584,2.349903106689453,34.0,2.3359556198120117,4.431936264038086,52.0,1.9156267642974854,4.097148418426514,49.0,0.9695186018943787,1.5613305568695068,21.0,6f063c00e2e36ec8c5d1c51285c74f4c49832ee84dc11b92c17a9607f6a417f1,95183769f57f6d17e65e4d9df48df2121160c10d425abd06a6c3485bf71167be,95183769f57f6d17e65e4d9df48df2121160c10d425abd06a6c3485bf71167be
cam0,69,3450000,True,True,True,True,0.0,0.0,0.0,1.433170199394226,2.348205089569092,33.0,2.3323025703430176,4.425693988800049,52.0,1.9128034114837646,4.092155933380127,49.0,0.9701809287071228,1.562421202659607,20.0,eb9ecc87e455492dc9d30984985552096c6558da639476805d5a417106035e75,ec54de37caf0418cb07499a2c72530b067478d42eb7ee8be8028942cd51ec2a9,ec54de37caf0418cb07499a2c72530b067478d42eb7ee8be8028942cd51ec2a9
cam0,70,3500000,True,True,True,True,0.0,0.0,0.0,1.4338208436965942,2.3482742309570312,33.0,2.3344478607177734,4.429167747497559,52.0,1.9120122194290161,4.090826511383057,49.0,0.9682436585426331,1.5601733922958374,20.0,25cd727578f4c8b627697da749364e9b39475d8e80034b6a9d0fd7462e39f5b5,4ec2f4669cb8cf7e0010d507cd244ca9a65d199017d5cf6cdcdb651124f5b3c5,4ec2f4669cb8cf7e0010d507cd244ca9a65d199017d5cf6cdcdb651124f5b3c5
cam0,71,3550000,True,True,True,True,0.0,0.0,0.0,1.4337304830551147,2.348231077194214,33.0,2.3358335494995117,4.430624008178711,52.0,1.9136940240859985,4.094000816345215,49.0,0.9675360918045044,1.5588405132293701,22.0,ef5ac8cd4e6e8a0f52ef9de63e71889ac4db6373e3ac42fad91c93b9746549ca,dbde679453b38bee5b23043e362f2ba95155ebecc91c0cef7e698012d685ba72,dbde679453b38bee5b23043e362f2ba95155ebecc91c0cef7e698012d685ba72
cam0,72,3600000,True,True,True,True,0.0,0.0,0.0,1.4347881078720093,2.3498733043670654,32.0,2.3387744426727295,4.435395240783691,52.0,1.9153261184692383,4.095521450042725,49.0,0.9690936207771301,1.5615477561950684,21.0,7ba89bcbc512295e003541f53e3a0e80f31847eb75b75739f8eddf9b8ef7f458,9634648bae98d28ba50e6f0ce62ba84a1f0a289dba256979d55d43d34dc105af,9634648bae98d28ba50e6f0ce62ba84a1f0a289dba256979d55d43d34dc105af
cam0,73,3650000,True,True,True,True,0.0,0.0,0.0,1.4331915378570557,2.347646951675415,34.0,2.3335142135620117,4.427971839904785,52.0,1.9122834205627441,4.090416431427002,49.0,0.9692676663398743,1.5609852075576782,21.0,19fad438ea1b9ee7596f34a2858643d153c781869ec49abc5b65d3a0285a7ef5,bec4b481d1dc9e8b704ca0408d5afc819a9bd3ebc886ac7392928c66feba4615,bec4b481d1dc9e8b704ca0408d5afc819a9bd3ebc886ac7392928c66feba4615
cam0,74,3700000,True,True,True,True,0.0,0.0,0.0,1.4340155124664307,2.3479831218719482,34.0,2.335627794265747,4.430619239807129,52.0,1.9125207662582397,4.0918073654174805,49.0,0.9695479869842529,1.5602174997329712,21.0,67556518097e6961ae6c08377f6655ffd6c44e16a0824844c5ed8a4b9d0a0b9d,4b71f0046e7080225f6a5b3ba1d5cad2884bc778799d1d4ba54674f7ca9a7ea9,4b71f0046e7080225f6a5b3ba1d5cad2884bc778799d1d4ba54674f7ca9a7ea9
cam0,75,3750000,True,True,True,True,0.0,0.0,0.0,1.433448314666748,2.3483309745788574,34.0,2.337702989578247,4.433496475219727,52.0,1.9135764837265015,4.09343957901001,49.0,0.9708342552185059,1.5630770921707153,20.0,f7e08726c7c79070f7ff657cea1bf6d3cac45c900ea9131c0244402b6673cc0d,4a1cb236b566842cbaa8f0ea5bb57ae4de99bb7f391dbdcc482c2f7a7a6eef2d,4a1cb236b566842cbaa8f0ea5bb57ae4de99bb7f391dbdcc482c2f7a7a6eef2d
cam0,76,3800000,True,True,True,True,0.0,0.0,0.0,1.434363842010498,2.3494973182678223,32.0,2.338675022125244,4.437114715576172,52.0,1.9161919355392456,4.097583293914795,49.0,0.9690280556678772,1.5623936653137207,20.0,cfe98e40b62a83cb3c7e5b23e3bbb28872b52b30d999d3a93bc575c05e48966b,3f7c8536bfb80854fa119bbf7955bbc15b9091c408b75d694e8b4797bc25b0d7,3f7c8536bfb80854fa119bbf7955bbc15b9091c408b75d694e8b4797bc25b0d7
cam0,77,3850000,True,True,True,True,0.0,0.0,0.0,1.4333546161651611,2.347529649734497,33.0,2.3349225521087646,4.428960800170898,52.0,1.9122675657272339,4.091765880584717,49.0,0.9687251448631287,1.5603290796279907,21.0,b1143cdeacfe961f90638602581a8270fd3073d6fdd9924b7b6e74f030e4be90,07acaa105f378d2fc8eee7395e1e181f5fe39fadd814d16c7d5c130b00a52036,07acaa105f378d2fc8eee7395e1e181f5fe39fadd814d16c7d5c130b00a52036
cam0,78,3900000,True,True,True,True,0.0,0.0,0.0,1.4334617853164673,2.347266435623169,32.0,2.332411050796509,4.425136566162109,52.0,1.9110198020935059,4.089115619659424,49.0,0.9665617942810059,1.5573627948760986,22.0,1b4ead9624814e1a48f2bd446c3bbed78361d421d0e949e626d165dfc8548334,b8aeb2364b6b145554dab1dca893ef9fe91eee73d7ebea775582d918b5813ec4,b8aeb2364b6b145554dab1dca893ef9fe91eee73d7ebea775582d918b5813ec4
cam0,79,3950000,True,True,True,True,0.0,0.0,0.0,1.4323792457580566,2.3474888801574707,32.0,2.3323252201080322,4.427046298980713,52.0,1.9105653762817383,4.087899684906006,49.0,0.9662023186683655,1.558028221130371,20.0,18cbe4c1bf173f8b014238f700f4aaaa21bc9e6789f9960702c980355da016fa,876ede524acf34f6bddc60ee49285be327f8efb6a8a0c1758b81ed3ab3ae8a9b,876ede524acf34f6bddc60ee49285be327f8efb6a8a0c1758b81ed3ab3ae8a9b
cam0,80,4000000,True,True,True,True,0.0,0.0,0.0,1.4336602687835693,2.3494269847869873,33.0,2.3331706523895264,4.427481651306152,52.0,1.9127671718597412,4.089061260223389,49.0,0.9682232737541199,1.5601465702056885,20.0,cd798b9e049556e0457bbe2e4ec80caf3ae42cc2d5ed5965aba0ee455a0d3e1f,5bdac2daaff7229dfdcb7c788fb3c1c0922757f7ac2d1d215e16135235ce4d87,5bdac2daaff7229dfdcb7c788fb3c1c0922757f7ac2d1d215e16135235ce4d87
cam0,81,4050000,True,True,True,True,0.0,0.0,0.0,1.4327665567398071,2.3477025032043457,32.0,2.33123779296875,4.426601409912109,52.0,1.9111711978912354,4.087001323699951,49.0,0.9661774635314941,1.5570013523101807,21.0,ba7e920dcb9bbfd0dd6f8810bf49bddd9ab87d30d7939a2a434e17444a4bf76a,3b12d59593cd94eb7c65ed31bf013d2e580346116ec1bc12ceeff5c56fad3ee8,3b12d59593cd94eb7c65ed31bf013d2e580346116ec1bc12ceeff5c56fad3ee8
cam0,82,4100000,True,True,True,True,0.0,0.0,0.0,1.4320789575576782,2.3470747470855713,33.0,2.3312535285949707,4.425682067871094,52.0,1.9106084108352661,4.085977554321289,49.0,0.9655807018280029,1.557361364364624,22.0,def8170ddcd9111d03d07ee50bcaa5f4b611ab3c85e3cc466793322f272b8a8c,6d3fed5c32db251a7c00a111d7bf6b42a42343897405d8092ea410045ea8df9a,6d3fed5c32db251a7c00a111d7bf6b42a42343897405d8092ea410045ea8df9a
cam0,83,4150000,True,True,True,True,0.0,0.0,0.0,1.4328917264938354,2.348358392715454,33.0,2.331968069076538,4.426974773406982,52.0,1.9122743606567383,4.088817596435547,49.0,0.9662339687347412,1.558778166770935,22.0,d3f54b3bfe8c9a29ce0406a543a0466f3ffbe85d5841e50c9fe5037b8958e846,fd8481d81467d84001cd257cb1acb1e32ff882fa668d471f11a9a63f7781187e,fd8481d81467d84001cd257cb1acb1e32ff882fa668d471f11a9a63f7781187e
cam0,84,4200000,True,True,True,True,0.0,0.0,0.0,1.4344184398651123,2.3495285511016846,33.0,2.3349270820617676,4.429039001464844,55.0,1.9153780937194824,4.094005107879639,49.0,0.96673583984375,1.5583546161651611,21.0,fb077949c4c136fb5b9a8f87916199ff91e8444794b3ce04ece360f43af8ae56,9c54967612768988f18b904c82da46bd5b6f8a5a945dcf27f172cf172e4ba433,9c54967612768988f18b904c82da46bd5b6f8a5a945dcf27f172cf172e4ba433
cam0,85,4250000,True,True,True,True,0.0,0.0,0.0,1.4337199926376343,2.3494791984558105,32.0,2.3306727409362793,4.4254374504089355,55.0,1.9113430976867676,4.088352203369141,49.0,0.9666973948478699,1.5599299669265747,20.0,ad7925acc1e59e9d4bf7dffbfd3e8ec0b6a127c017d00e2f1ee1a505e88127e3,91f6f33089990069bdbb98cfc57a07372240695adc25db67bd97c36701f4f6d1,91f6f33089990069bdbb98cfc57a07372240695adc25db67bd97c36701f4f6d1
cam0,86,4300000,True,True,True,True,0.0,0.0,0.0,1.4331047534942627,2.3488388061523438,32.0,2.3295490741729736,4.426693916320801,55.0,1.9113656282424927,4.086831092834473,49.0,0.9660441279411316,1.558563470840454,20.0,4d665f6c095a1e4c501e48ee71bdfe9e2eecbd3ee8878403becae40b499295ae,6b917960e657a0cdc3881dc3404f95957cb68bc07353019bc1a0c0dff0af4c6a,6b917960e657a0cdc3881dc3404f95957cb68bc07353019bc1a0c0dff0af4c6a
cam0,87,4350000,True,True,True,True,0.0,0.0,0.0,1.4338473081588745,2.3496689796447754,32.0,2.3335683345794678,4.430967330932617,55.0,1.9130791425704956,4.088050365447998,49.0,0.9682956337928772,1.5598422288894653,20.0,aad1a475e158f64888c3ed17a951c67e90a1bf45641adb15a6461cecdb0a4f8b,62edbc04b2edef2700eab6137879fa75c827ab2159b184bf28dd8eddece0f27a,62edbc04b2edef2700eab6137879fa75c827ab2159b184bf28dd8eddece0f27a
cam0,88,4400000,True,True,True,True,0.0,0.0,0.0,1.433765172958374,2.3504436016082764,33.0,2.3329150676727295,4.431600570678711,52.0,1.9160178899765015,4.092195510864258,49.0,0.9671540260314941,1.559612512588501,20.0,eace3c131732f98c8210b88bf8792c213976faccf45f84900ba91bb38a2a609c,b0f68bdb0f0a84b25c613c7e9511b765263c410d71934b5834e7d8c5eff472c5,b0f68bdb0f0a84b25c613c7e9511b765263c410d71934b5834e7d8c5eff472c5
cam0,89,4450000,True,True,True,True,0.0,0.0,0.0,1.432644009590149,2.348487377166748,33.0,2.330810546875,4.4282355308532715,55.0,1.912348985671997,4.088393688201904,49.0,0.9665707945823669,1.5581986904144287,22.0,ff84a33db57a0326d4a7c162e5df89e43cf27ff74783a25a359fa3f5999cba60,adb11b40bab2799af890059a88b08c85a122c6b6d78c24a7d26b8b404bce36a7,adb11b40bab2799af890059a88b08c85a122c6b6d78c24a7d26b8b404bce36a7
cam0,90,4500000,True,True,True,True,0.0,0.0,0.0,1.4327528476715088,2.3482770919799805,33.0,2.3326799869537354,4.4285078048706055,55.0,1.9137731790542603,4.091368198394775,49.0,0.9673869013786316,1.5590637922286987,22.0,02d213c52634690ad1f9209d4f4a5a102ab5b96401aff6c4de21c0733d144883,69e103c52c4647bd9c16010932d52ecdc0fef79f784cc2bae1f2865fd6290c42,69e103c52c4647bd9c16010932d52ecdc0fef79f784cc2bae1f2865fd6290c42
cam0,91,4550000,True,True,True,True,0.0,0.0,0.0,1.4325658082962036,2.347780227661133,33.0,2.3336384296417236,4.432950019836426,55.0,1.9136239290237427,4.090764045715332,49.0,0.9658722877502441,1.5574055910110474,22.0,6ca95dba12ffe23a7f43cd2d988e9a168e504ea93a0cd722525baea7e366c01b,59097f6499cb5ebbf9efb340c9a94a3247097178a758c043ecac8a6e2efeae26,59097f6499cb5ebbf9efb340c9a94a3247097178a758c043ecac8a6e2efeae26
cam0,92,4600000,True,True,True,True,0.0,0.0,0.0,1.4328895807266235,2.34871506690979,35.0,2.3332881927490234,4.4291672706604,55.0,1.9161715507507324,4.0944647789001465,49.0,0.9659898281097412,1.5576001405715942,22.0,de8d900565115ded9b69592669e6761f8f8ca6451d4c3b1db0266fddd3eebaa3,1007a393a8436a6c80abcd35af426c1dc3b7e3b60067510d2fe3fc9907abc820,1007a393a8436a6c80abcd35af426c1dc3b7e3b60067510d2fe3fc9907abc820
cam0,93,4650000,True,True,True,True,0.0,0.0,0.0,1.4327361583709717,2.346161127090454,34.0,2.3317103385925293,4.4263410568237305,54.0,1.9131673574447632,4.089780807495117,50.0,0.9652687311172485,1.555130124092102,22.0,29ed8eca15094ffa8d66077d5d9e9662ce3969ed6e5ac1ed1eb940ecf21172f4,1fcf1d34362cd2dc2115af309d85c83ca64f405db42126beba7f294f6d22a253,1fcf1d34362cd2dc2115af309d85c83ca64f405db42126beba7f294f6d22a253
cam0,94,4700000,True,True,True,True,0.0,0.0,0.0,1.432443618774414,2.347024440765381,34.0,2.330568552017212,4.425873279571533,54.0,1.9129141569137573,4.090657711029053,50.0,0.9651308655738831,1.5568742752075195,22.0,b43034a383dc7b61939699061f862d821e3bd7a321b304d6e36670b3f41f9b39,7819c06baf9018948aeaa805da40d98f7b596307bf0e37cbc2c3eb7effa199d0,7819c06baf9018948aeaa805da40d98f7b596307bf0e37cbc2c3eb7effa199d0
cam0,95,4750000,True,True,True,True,0.0,0.0,0.0,1.4328805208206177,2.3472976684570312,34.0,2.3310184478759766,4.42294979095459,52.0,1.9117838144302368,4.087587833404541,49.0,0.9676604270935059,1.5593661069869995,22.0,785a57feb2e00d28d8aa68c037c25ff3fd081f3e8db44d7cb14bc397d0e56950,db3b2e9cbaed0556773a4b784441be97e633b7b940532592f003c6ee8b5729ca,db3b2e9cbaed0556773a4b784441be97e633b7b940532592f003c6ee8b5729ca
cam0,96,4800000,True,True,True,True,0.0,0.0,0.0,1.4338215589523315,2.3484840393066406,34.0,2.3303606510162354,4.424075603485107,52.0,1.91290283203125,4.089028358459473,49.0,0.9680401682853699,1.560551404953003,22.0,df91a9024e9f67b5a7b4fa75620e590e2ec825f6317838fe67d69fc2268b015e,08ed4fe11ee104b493acd585e231e0c604cefb28c7d70e0f6c70accb3b33de7a,08ed4fe11ee104b493acd585e231e0c604cefb28c7d70e0f6c70accb3b33de7a
cam0,97,4850000,True,True,True,True,0.0,0.0,0.0,1.433007836341858,2.346586227416992,33.0,2.33221435546875,4.425901889801025,52.0,1.9120460748672485,4.087757587432861,49.0,0.9668036699295044,1.5580543279647827,22.0,2c569f1d27b01b8f7c317a1df12f7d49aae76e620cc8905081a51c6de0f99ca6,72f81f21a82f25658731e0bb2b153770a83c28b7eceff622be3d8b88ac7122ac,72f81f21a82f25658731e0bb2b153770a83c28b7eceff622be3d8b88ac7122ac
cam0,98,4900000,True,True,True,True,0.0,0.0,0.0,1.433164119720459,2.34763765335083,33.0,2.3313305377960205,4.426946640014648,53.0,1.912934422492981,4.088305473327637,49.0,0.9664736390113831,1.557978868484497,22.0,3eb0535482589a4c51ca7dc2b51638fb2460fd738f0e6fd35a1a6d6cb88dfc34,bc526c292e8279e5145dcc61c14bc12e3587cfc3aacf61cef0278c690afe93e0,bc526c292e8279e5145dcc61c14bc12e3587cfc3aacf61cef0278c690afe93e0
cam0,99,4950000,True,True,True,True,0.0,0.0,0.0,1.4345765113830566,2.3486385345458984,34.0,2.3332247734069824,4.430149555206299,52.0,1.914152979850769,4.09289026260376,49.0,0.9678593277931213,1.5587208271026611,22.0,bf635395128cac872c3add3b84c5523b02193034a775c7cfef8bad983e485bec,73bc7e511c9dd890275af500d55f18891160e43d373c2777bf275660ebcc30f0,73bc7e511c9dd890275af500d55f18891160e43d373c2777bf275660ebcc30f0
cam0,100,5000000,True,True,True,True,0.0,0.0,0.0,1.4355978965759277,2.3498597145080566,34.0,2.333855628967285,4.4312238693237305,53.0,1.9159071445465088,4.093184471130371,50.0,0.9670749306678772,1.5575318336486816,23.0,8d20b9d4ddc5836f89cf868e67df69beaaa6c745c2ac364212a77bf35157003f,179b6909284bd5db28f8c19c3b326aac75115322a850f64ee13461b8c4fb55bb,179b6909284bd5db28f8c19c3b326aac75115322a850f64ee13461b8c4fb55bb
cam0,101,5050000,True,True,True,True,0.0,0.0,0.0,1.4344874620437622,2.347900390625,34.0,2.3328564167022705,4.428787708282471,54.0,1.913908839225769,4.090171813964844,50.0,0.9669845104217529,1.557437539100647,21.0,148ccf0259e88f014f66fcd4a28adfd77830d998938d8a2bc52b8a6adb6674ae,73fe230b2b8190eb5d79c3c49a4e8da865a3593783b227f2bcf482e30e6bd4ac,73fe230b2b8190eb5d79c3c49a4e8da865a3593783b227f2bcf482e30e6bd4ac
cam0,102,5100000,True,True,True,True,0.0,0.0,0.0,1.4341760873794556,2.3483824729919434,34.0,2.332994222640991,4.428725242614746,55.0,1.9135109186172485,4.09003210067749,50.0,0.9673936367034912,1.5593138933181763,22.0,6b607e9b09673ba049734932bd4ac02df5ee11c5a0e524da4628efa2d488df85,7f7ce48344c417403441b1d9230322926fd66f286e92e0b222956f85be4670b0,7f7ce48344c417403441b1d9230322926fd66f286e92e0b222956f85be4670b0
cam0,103,5150000,True,True,True,True,0.0,0.0,0.0,1.4335250854492188,2.3481521606445312,34.0,2.3321080207824707,4.428071022033691,54.0,1.9136962890625,4.089858055114746,50.0,0.9653636813163757,1.5569055080413818,22.0,5e93f3a3b73a938ff99f3a6ca16ce9daa5d12918d79d505b0d8c1ff289d98f43,b69c6b7d6c3f4e608a504ffc490c56dfe2c85fbbea07515392bd24f2a0aa56ff,b69c6b7d6c3f4e608a504ffc490c56dfe2c85fbbea07515392bd24f2a0aa56ff
cam0,104,5200000,True,True,True,True,0.0,0.0,0.0,1.4342433214187622,2.3487067222595215,32.0,2.332460641860962,4.426859378814697,54.0,1.914363145828247,4.088515281677246,50.0,0.9667810797691345,1.5578975677490234,22.0,b74032551c94dca1b62b362442aa8cfd16a69771edcbe79eec01366bb4a98345,c108e3dfa73ba2691bd8f206d3df480227ddeb48e0007c1b0650c9f7ec36ea26,c108e3dfa73ba2691bd8f206d3df480227ddeb48e0007c1b0650c9f7ec36ea26
cam0,105,5250000,True,True,True,True,0.0,0.0,0.0,1.432951807975769,2.3468472957611084,31.0,2.3323702812194824,4.4274091720581055,54.0,1.9115396738052368,4.086109161376953,50.0,0.9673710465431213,1.5579156875610352,23.0,292b83b4d0957e80f68b628e9337b6ee755d19cf6a456eb859c58a2cc946e3f5,8c19e7e845e41b53920380b6dd776b378c90a03112babeede3e7660f91e56504,8c19e7e845e41b53920380b6dd776b378c90a03112babeede3e7660f91e56504
cam0,106,5300000,True,True,True,True,0.0,0.0,0.0,1.4324041604995728,2.3464274406433105,32.0,2.3313350677490234,4.424079895019531,53.0,1.9111531972885132,4.0851006507873535,50.0,0.9659401178359985,1.5561379194259644,23.0,476deb7935ad10ed590d5eae1ea722a241688593743227e93ef2df6aa86490c4,136146214a405fb634af8b51533872c6cb4b749837d32fcda54be9a0bb542de5,136146214a405fb634af8b51533872c6cb4b749837d32fcda54be9a0bb542de5
cam0,107,5350000,True,True,True,True,0.0,0.0,0.0,1.432900071144104,2.3467063903808594,32.0,2.3315248489379883,4.425082683563232,53.0,1.9118584394454956,4.086008071899414,50.0,0.9647194147109985,1.5549986362457275,23.0,926526f603ecddfa9137c2dcaf3e43f7b6dfa6a53d78cc4969ea0de905c61937,a6832a4913b9cffeb4eddbb58635e8c05031416856eeb2b9cc8d8c0f4b6edcb2,a6832a4913b9cffeb4eddbb58635e8c05031416856eeb2b9cc8d8c0f4b6edcb2
cam0,108,5400000,True,True,True,True,0.0,0.0,0.0,1.4330700635910034,2.347649574279785,31.0,2.333256483078003,4.428816795349121,53.0,1.9137144088745117,4.0889081954956055,49.0,0.9665074944496155,1.557262659072876,21.0,27fe20986568b071e578ac9eef2945b06e32412a5a2557a4663c63b6bf11934b,0ea4b056fb0bea674c4cacc8b2d9462ed1584ed457ce0389e7d34bfd868b75ec,0ea4b056fb0bea674c4cacc8b2d9462ed1584ed457ce0389e7d34bfd868b75ec
cam0,109,5450000,True,True,True,True,0.0,0.0,0.0,1.4318782091140747,2.3461124897003174,34.0,2.3263165950775146,4.415646553039551,52.0,1.9079138040542603,4.081497669219971,49.0,0.9676739573478699,1.5597240924835205,20.0,98633f2bdfba313b151073ddb21935ca8f10484e82f8ca58b4d956fdc04c2fe7,d2ee83cd076b35cf36dee8eb66919b8c066a847d106b2fae9ee8ba6a0ccd0f91,d2ee83cd076b35cf36dee8eb66919b8c066a847d106b2fae9ee8ba6a0ccd0f91
cam0,110,5500000,True,True,True,True,0.0,0.0,0.0,1.43264901638031,2.3467116355895996,34.0,2.328500270843506,4.415846824645996,52.0,1.908940076828003,4.081060409545898,49.0,0.9679090976715088,1.5582972764968872,20.0,6afd80b0b5786ee5b9bbf7471e46b73e6082fc80ea473d4cf5ee379994159f09,3495e000c3244078ef70949c8c3920955fb8bb595105395d4eca1d423bfc9e3f,3495e000c3244078ef70949c8c3920955fb8bb595105395d4eca1d423bfc9e3f
cam0,111,5550000,True,True,True,True,0.0,0.0,0.0,1.4334650039672852,2.347346782684326,34.0,2.3302273750305176,4.416240215301514,52.0,1.9093266725540161,4.080757141113281,49.0,0.9681735634803772,1.558666467666626,20.0,762483eebef60c7cb0d8f9d2aa939a1da9f3687894e78e8300d85cd5ded88640,5d0cb84a6b77359b51267abb22c2d8c768e49d17b6fff4e7fad84cc50353fc30,5d0cb84a6b77359b51267abb22c2d8c768e49d17b6fff4e7fad84cc50353fc30
cam0,112,5600000,True,True,True,True,0.0,0.0,0.0,1.434788465499878,2.348973274230957,34.0,2.331732749938965,4.416525840759277,52.0,1.9120392799377441,4.081593990325928,49.0,0.9701040983200073,1.5617120265960693,21.0,76b617ea5314c4ff2405b01bc656ff53731574b012924efc02b82176f5285e1e,4e6fdfc9545898efabea318ac5f5b169f521f34455d15cd9295eefd54bfb0b9e,4e6fdfc9545898efabea318ac5f5b169f521f34455d15cd9295eefd54bfb0b9e
cam0,113,5650000,True,True,True,True,0.0,0.0,0.0,1.4329622983932495,2.3467650413513184,34.0,2.329824924468994,4.416853904724121,52.0,1.9093040227890015,4.081345558166504,50.0,0.9685035943984985,1.5590072870254517,20.0,1610d48577a0dc9525dc36fd2122a2ee3e5d3d46c440271a5056d65bd42c6d46,6cd1c7aa2719ec69b4b56410e31f43ac8041766567a0e5646155094d6c0141f2,6cd1c7aa2719ec69b4b56410e31f43ac8041766567a0e5646155094d6c0141f2
cam0,114,5700000,True,True,True,True,0.0,0.0,0.0,1.4326714277267456,2.3466176986694336,35.0,2.3294904232025146,4.416741371154785,52.0,1.9093356132507324,4.081006050109863,50.0,0.9680605530738831,1.55879545211792,20.0,5533643d9c997c2abc3e7454062cec8b7ce710889369b539a05150c1c2015b04,dcabeb86eeb1535ea4b8718bea61792280f774854f1197d466bb4faac9a199eb,dcabeb86eeb1535ea4b8718bea61792280f774854f1197d466bb4faac9a199eb
cam0,115,5750000,True,True,True,True,0.0,0.0,0.0,1.4331257343292236,2.347184896469116,35.0,2.3310320377349854,4.4169921875,52.0,1.9110695123672485,4.083122730255127,50.0,0.9687002897262573,1.5579419136047363,20.0,7c606483ba80964c93204fe57caa63bd6dd861015621d0c47875fca8fb030bb1,166a5b720900e07a4ea70dc3c04c9ff8de45eb5c576118548ecde14c6a17897b,166a5b720900e07a4ea70dc3c04c9ff8de45eb5c576118548ecde14c6a17897b
cam0,116,5800000,True,True,True,True,0.0,0.0,0.0,1.4350224733352661,2.350010395050049,35.0,2.3354289531707764,4.425090789794922,52.0,1.9130498170852661,4.086561679840088,50.0,0.9708319902420044,1.5626555681228638,20.0,096cf1d6a0be984223f1d47c5c8e85b4083bfd3b578c09363e2e3232349b4cec,631dc12af8fc7d520128e599efcf0f69f66a336135ba40b74885b14c9c0f855c,631dc12af8fc7d520128e599efcf0f69f66a336135ba40b74885b14c9c0f855c
cam0,117,5850000,True,True,True,True,0.0,0.0,0.0,1.4329907894134521,2.3475234508514404,35.0,2.333317518234253,4.42378568649292,52.0,1.9106377363204956,4.083988666534424,50.0,0.9700701832771301,1.5614521503448486,22.0,36ad3050f38af56706786b24c4915fecf5db951d0c7a2d2482d7567107ba3388,7e0ec40ace7059279eed9158a0d757d457820aa36572b6614035f5c43283e610,7e0ec40ace7059279eed9158a0d757d457820aa36572b6614035f5c43283e610
cam0,118,5900000,True,True,True,True,0.0,0.0,0.0,1.4333887100219727,2.347221612930298,35.0,2.3322911262512207,4.421865463256836,51.0,1.9109700918197632,4.0843048095703125,50.0,0.97015380859375,1.5613718032836914,22.0,67005ad53d119439ae811daa01087b7ebe39aa63e24d4a191a465e05bbcacc92,45d2fa1ebda6e82b06ce22217c08466689e21478f38c830ac36f94174371a9bc,45d2fa1ebda6e82b06ce22217c08466689e21478f38c830ac36f94174371a9bc
cam0,119,5950000,True,True,True,True,0.0,0.0,0.0,1.4328652620315552,2.3472299575805664,35.0,2.332689046859741,4.422628402709961,51.0,1.91253662109375,4.085692405700684,49.0,0.9705222845077515,1.5620137453079224,22.0,b1dad29d9f30b09b55b031398c240b87cd937e27226b125c95f496aeed33669b,8edeb6c9dcc96e1f6449b557bfae5cd03ce7bbc53db9dfe273b881071137059c,8edeb6c9dcc96e1f6449b557bfae5cd03ce7bbc53db9dfe273b881071137059c
cam0,120,6000000,True,True,True,True,0.0,0.0,0.0,1.4347630739212036,2.3490607738494873,35.0,2.335261583328247,4.425384521484375,52.0,1.9150209426879883,4.088072299957275,49.0,0.9714468717575073,1.5627495050430298,22.0,3ed611e7e6fe406b528e1155bb771118940faae1101b249592eb837ae8e40ff3,e08541f88ffb3475450472c7ce8ebce05da73d75aa856707b6e1fbfab5417bf8,e08541f88ffb3475450472c7ce8ebce05da73d75aa856707b6e1fbfab5417bf8
cam0,121,6050000,True,True,True,True,0.0,0.0,0.0,1.4342342615127563,2.3473305702209473,32.0,2.3327794075012207,4.422139644622803,52.0,1.9131085872650146,4.085786819458008,49.0,0.9708817005157471,1.5615673065185547,22.0,e95befe1f43e8c66843b40ccdc0ea7c00650ca3f6cf402c86bf3da9b44bdc191,dda1a935527a20a3f7e776c02c46f62238b97573f945e8ea9d72e2a2edcdecea,dda1a935527a20a3f7e776c02c46f62238b97573f945e8ea9d72e2a2edcdecea
cam0,122,6100000,True,True,True,True,0.0,0.0,0.0,1.4349323511123657,2.3477208614349365,31.0,2.331416368484497,4.417418003082275,52.0,1.913237452507019,4.08530330657959,49.0,0.9679927229881287,1.5571457147598267,22.0,b70bd126899fa143638e674e51aca2c0225d7af5de0dbe16bb81973db39c5b26,8e0f48b996d9a284d7d905d282480b9ed020a102f14b59f3f1a08e7d862de1a6,8e0f48b996d9a284d7d905d282480b9ed020a102f14b59f3f1a08e7d862de1a6
cam0,123,6150000,True,True,True,True,0.0,0.0,0.0,1.4351201057434082,2.3489162921905518,31.0,2.334718942642212,4.421746730804443,52.0,1.9131718873977661,4.085229873657227,49.0,0.9706511497497559,1.5608707666397095,22.0,6aaba6103ebd33ba5638b98b4888b21d4b68c95f0e681e1d8401a49eb5f0b98b,219e09e6be47d696472c1378dd2ad335357f46a4b0523c1b83c5c329d1ea76f4,219e09e6be47d696472c1378dd2ad335357f46a4b0523c1b83c5c329d1ea76f4
cam0,124,6200000,True,True,True,True,0.0,0.0,0.0,1.435455322265625,2.3486390113830566,31.0,2.3361093997955322,4.421710968017578,54.0,1.9153803586959839,4.087657928466797,49.0,0.9710218906402588,1.5607361793518066,22.0,2c5c8c0197f3a2c064d7c98bd4afaf7384321d4c0674453bba8f9e5b4ecc5b64,6e5201271d8abcd7dcb3bc2d515af0811b36e40a3b8bbcfab798d729d4817e4b,6e5201271d8abcd7dcb3bc2d515af0811b36e40a3b8bbcfab798d729d4817e4b
cam0,125,6250000,True,True,True,True,0.0,0.0,0.0,1.433888554573059,2.3468501567840576,31.0,2.334642171859741,4.423279285430908,51.0,1.9132306575775146,4.084734916687012,49.0,0.9711258411407471,1.5623126029968262,22.0,2cad53a2e95c5ac5d6edaa5462b7821d46dec8614e8fd4f99323a49129ba41a2,0ae857d99510a7e481d3092b834be9ae116e3be8bd33e2cdf3f2a8739530c8ee,0ae857d99510a7e481d3092b834be9ae116e3be8bd33e2cdf3f2a8739530c8ee
cam0,126,6300000,True,True,True,True,0.0,0.0,0.0,1.4346588850021362,2.347391366958618,31.0,2.3359668254852295,4.424346446990967,51.0,1.9127423763275146,4.083230495452881,49.0,0.9708409905433655,1.561547040939331,23.0,bfd75f8eac90fd93be7732e4935fe658c65f6453456907b5dd49c8c63194ebdc,67398418421f35a2b3cac3f4a8aecbc3198ef8f485acf9bcfb44adb339da5b37,67398418421f35a2b3cac3f4a8aecbc3198ef8f485acf9bcfb44adb339da5b37
cam0,127,6350000,True,True,True,True,0.0,0.0,0.0,1.43461012840271,2.3472466468811035,33.0,2.3340566158294678,4.421377658843994,53.0,1.9120619297027588,4.081684112548828,49.0,0.9706556797027588,1.5618712902069092,22.0,04dd49f38e6070d6f243c51d6492a6d0ae4976fde133219b4357efc809d42a99,4421a831b501676a0b6715733f358b263538f3a2e970c9980507ece06277c346,4421a831b501676a0b6715733f358b263538f3a2e970c9980507ece06277c346
cam0,128,6400000,True,True,True,True,0.0,0.0,0.0,1.4363712072372437,2.3487443923950195,34.0,2.337040662765503,4.424533843994141,53.0,1.9135900735855103,4.083829402923584,49.0,0.9727715253829956,1.5644309520721436,23.0,71af1ace80432006ab1cd3680e6954b6622bd4c3737ffd515c289c54eb0db65e,5e428e60adbfbd3387750f59ffb91a5138fa5efaf3bf73fcb17e24dcdb283071,5e428e60adbfbd3387750f59ffb91a5138fa5efaf3bf73fcb17e24dcdb283071
cam0,129,6450000,True,True,True,True,0.0,0.0,0.0,1.4344035387039185,2.346919059753418,34.0,2.3340952396392822,4.423390865325928,53.0,1.9110989570617676,4.081860065460205,49.0,0.9708704352378845,1.5614537000656128,23.0,c2aebcbb58cf092e5e68eef1a315a583ae374d930bcb7393f34f6d4864d0cf16,8017c94323aa5407c2c38b74f196dbc136d6992d3411b20eba981ec1d69dfbf5,8017c94323aa5407c2c38b74f196dbc136d6992d3411b20eba981ec1d69dfbf5
cam0,130,6500000,True,True,True,True,0.0,0.0,0.0,1.4351001977920532,2.3473880290985107,34.0,2.333561658859253,4.4205403327941895,51.0,1.9115487337112427,4.0813984870910645,49.0,0.97039794921875,1.5605376958847046,23.0,dee5ebdee1df1f1234db8f585b8792fa8fbd63d2afa177abb87266ad383c2b43,c35d8c17da769bab4c2c673f9c35a6a87cd3340e34edbba6b3b5c19f9dcace97,c35d8c17da769bab4c2c673f9c35a6a87cd3340e34edbba6b3b5c19f9dcace97
cam0,131,6550000,True,True,True,True,0.0,0.0,0.0,1.435421347618103,2.3478682041168213,33.0,2.3321781158447266,4.4205121994018555,51.0,1.91204833984375,4.083150863647461,49.0,0.9693377614021301,1.5594632625579834,22.0,9a98c7282609f84ae36facd8668ccf198940a3fbfad61ede0a791eccc52a41ea,527c86113dea4d4009c72dd6706523de1754d8c6faf70c775c63cbf846352be2,527c86113dea4d4009c72dd6706523de1754d8c6faf70c775c63cbf846352be2
cam0,132,6600000,True,True,True,True,0.0,0.0,0.0,1.4362517595291138,2.3488080501556396,32.0,2.3341877460479736,4.419548511505127,51.0,1.9142072200775146,4.085412979125977,49.0,0.9701244235038757,1.5598342418670654,23.0,de223f439ce8f058cdd483c3ed55d1a3c92cdd9b87cfaab882f767835a964984,28e42d3c6feccbd57aa3401158f32dabd9e14fc6ca77cc9e3f5dbb411e2f1402,28e42d3c6feccbd57aa3401158f32dabd9e14fc6ca77cc9e3f5dbb411e2f1402
cam0,133,6650000,True,True,True,True,0.0,0.0,0.0,1.4353888034820557,2.3488447666168213,32.0,2.3328518867492676,4.419271945953369,53.0,1.9123286008834839,4.082827568054199,49.0,0.9697853326797485,1.5609092712402344,23.0,4824745a7ce962ecc98b96e0eae1e74ce5619161f9659fede0dcf79bcf0a2ca8,5a6d264cb5d12ab3171c37d11b39baa6cd199fd3e49635c0a8a06d0b94188ad5,5a6d264cb5d12ab3171c37d11b39baa6cd199fd3e49635c0a8a06d0b94188ad5
cam0,134,6700000,True,True,True,True,0.0,0.0,0.0,1.435118317604065,2.3489387035369873,32.0,2.3334622383117676,4.420596599578857,51.0,1.912018895149231,4.083314895629883,49.0,0.9706284999847412,1.5617655515670776,23.0,573cd73335afaec244e6fcee80a6e10d1d67847c7b5267270657fa649022215e,99fa80b11e904b90fff7a475bf23f20530c0adbd702f470765557041b634d4f1,99fa80b11e904b90fff7a475bf23f20530c0adbd702f470765557041b634d4f1
cam0,135,6750000,True,True,True,True,0.0,0.0,0.0,1.4355121850967407,2.349289655685425,32.0,2.3344388008117676,4.421289443969727,52.0,1.911406397819519,4.083205699920654,49.0,0.9698441028594971,1.5603688955307007,23.0,fefec5add45064a651f21429404ad447425f1d0c18484014a06e047bd9261647,7eb737265dfd230aadfe178cf98483808d6a9387f45c68b42a25752f4b67d826,7eb737265dfd230aadfe178cf98483808d6a9387f45c68b42a25752f4b67d826
cam0,136,6800000,True,True,True,True,0.0,0.0,0.0,1.4364992380142212,2.3499691486358643,32.0,2.3352503776550293,4.421927452087402,52.0,1.9132012128829956,4.084990501403809,49.0,0.9698780179023743,1.5603855848312378,23.0,e78e5a324afa8a77dc2c5322a9ebc03fe6822ad411c934a768b8d8d403962fca,182f66621f9bb454ed950ef88b7437768c170c1bec8125f408bd0544469f9a7e,182f66621f9bb454ed950ef88b7437768c170c1bec8125f408bd0544469f9a7e
cam0,137,6850000,True,True,True,True,0.0,0.0,0.0,1.435491919517517,2.347977876663208,31.0,2.3334531784057617,4.418768882751465,51.0,1.9100137948989868,4.082180500030518,49.0,0.9695819020271301,1.5593602657318115,23.0,ac2a3d4231e19a291979fd1d2b8c29d2fa05ed396ffabbe3541b7e9cbfb40d58,7bd9b5884d32fd385a8ffdcb99121aa9adb7db0f8a8db0a2bce977a80edc03cd,7bd9b5884d32fd385a8ffdcb99121aa9adb7db0f8a8db0a2bce977a80edc03cd
cam0,138,6900000,True,True,True,True,0.0,0.0,0.0,1.434462547302246,2.347036361694336,32.0,2.3317983150482178,4.415903091430664,52.0,1.9076944589614868,4.077980041503906,49.0,0.9681170582771301,1.5573642253875732,23.0,0429ce9cd39ce6f9bd8dc4a2a5580064c6c485bc55fc7658e300019f82eb0f1e,fbb9bd556ffa29a97e16d3bbb2a47146a831171bd855c1823a0390cf6eb68573,fbb9bd556ffa29a97e16d3bbb2a47146a831171bd855c1823a0390cf6eb68573
cam0,139,6950000,True,True,True,True,0.0,0.0,0.0,1.435459017753601,2.3486788272857666,32.0,2.331793785095215,4.419456958770752,53.0,1.907624363899231,4.0762939453125,49.0,0.9705471396446228,1.5611807107925415,21.0,3eea093a1619d6454c263e6e84353dd1d004761cccac7bb26f8d2a326e6677a1,f56cb6a1ea0ba004ea67e2d46641ce30d358570ef4b4d6937a12897f5489a192,f56cb6a1ea0ba004ea67e2d46641ce30d358570ef4b4d6937a12897f5489a192
cam0,140,7000000,True,True,True,True,0.0,0.0,0.0,1.437976360321045,2.3505611419677734,32.0,2.334162950515747,4.420649528503418,53.0,1.9107484817504883,4.079274654388428,49.0,0.9709992408752441,1.5603609085083008,21.0,0403b2c7cf07309c117475bf896f5562934af64e343526999e577153e820f75e,d5ac642e4be37feb845506eebca4b5784fa957aa76dff18a56d74a1340666099,d5ac642e4be37feb845506eebca4b5784fa957aa76dff18a56d74a1340666099
cam0,141,7050000,True,True,True,True,0.0,0.0,0.0,1.4346990585327148,2.348076343536377,32.0,2.3305482864379883,4.415980815887451,53.0,1.9075340032577515,4.076426982879639,50.0,0.9700430631637573,1.5586903095245361,21.0,8fb5858e53ccf6f7be326bf2c67170f848c3840112afce0819347c83dad5f4b3,7e3786a29f2853be4f18d44c29a33037d8edb19edec31df1d415f9473f3790b4,7e3786a29f2853be4f18d44c29a33037d8edb19edec31df1d415f9473f3790b4
cam0,142,7100000,True,True,True,True,0.0,0.0,0.0,1.434820294380188,2.347480535507202,31.0,2.3291738033294678,4.417018413543701,52.0,1.90789794921875,4.0763139724731445,49.0,0.9683724641799927,1.557020902633667,21.0,33c44cbd82acb4dcc7de613d68edc78e70e437d8f3ed1e5dc2c45e416492bc3e,cbf18920aa5ef57fee3ab008d6cc1e96dc1ecb4f95eb29da459538382606826a,cbf18920aa5ef57fee3ab008d6cc1e96dc1ecb4f95eb29da459538382606826a
cam0,143,7150000,True,True,True,True,0.0,0.0,0.0,1.43656325340271,2.3493547439575195,31.0,2.330618381500244,4.417250156402588,53.0,1.9087027311325073,4.077322006225586,49.0,0.9701018333435059,1.5591355562210083,21.0,72a1e36c7a658c5680a3df6f2e02b83860eec29cc376a154cd60a4e9ae34f8bb,9563928c81b93e4ce1e97b8df6961db99e1ca0e95f2b4f546eb32e60834def42,9563928c81b93e4ce1e97b8df6961db99e1ca0e95f2b4f546eb32e60834def42
cam0,144,7200000,True,True,True,True,0.0,0.0,0.0,1.437537670135498,2.3509464263916016,31.0,2.3343098163604736,4.421002388000488,52.0,1.9108548164367676,4.079696178436279,50.0,0.9707732200622559,1.5614283084869385,21.0,036ecaa020480d5e5cc184ffaf6a3929b5013e0afa2f8d6d977916233fb4b38f,f372b69b8b448d853e09bfe90b69d04aa40595e16fb2e603f3dc6377d821dbe8,f372b69b8b448d853e09bfe90b69d04aa40595e16fb2e603f3dc6377d821dbe8
cam0,145,7250000,True,True,True,True,0.0,0.0,0.0,1.4360767602920532,2.348935604095459,32.0,2.3319430351257324,4.419763565063477,48.0,1.909211277961731,4.0781569480896,49.0,0.9691546559333801,1.5593494176864624,23.0,d1d8bb83995f0c373c197f7f3973a4c4a22a2cbff0634a5e0d1dffcd8c53fa22,7d80cf381a1a56fc078f5c8f11419af39055c81fa407c42eea60104e33d3c517,7d80cf381a1a56fc078f5c8f11419af39055c81fa407c42eea60104e33d3c517
cam0,146,7300000,True,True,True,True,0.0,0.0,0.0,1.436253309249878,2.349255084991455,32.0,2.331368923187256,4.420612335205078,48.0,1.9095277786254883,4.077708721160889,49.0,0.9694168567657471,1.5605030059814453,23.0,0f8cf7aef1a79ac1159286f764f47ed5a8497666e94c9ff9c30867676b9dc998,ec45a7b1bc51dd999302c11665e4cc1ba84b577ffc4aa38b4c56f103ad1fb85d,ec45a7b1bc51dd999302c11665e4cc1ba84b577ffc4aa38b4c56f103ad1fb85d
cam0,147,7350000,True,True,True,True,0.0,0.0,0.0,1.4356958866119385,2.3490095138549805,32.0,2.3317372798919678,4.422196388244629,51.0,1.909916639328003,4.078888416290283,49.0,0.9692835211753845,1.5606253147125244,21.0,340a421af723eeaa5ef9faa753ffcef870810c38d5eaf28dc365837718a6bf9d,54eda22adece05ff3c348225412eac540c6ceb69656ee01ab7306c802721ef02,54eda22adece05ff3c348225412eac540c6ceb69656ee01ab7306c802721ef02
cam0,148,7400000,True,True,True,True,0.0,0.0,0.0,1.437142252922058,2.350770950317383,32.0,2.3337039947509766,4.423439025878906,51.0,1.9116346836090088,4.0808539390563965,49.0,0.9715530872344971,1.5625940561294556,21.0,70b718604759970d9843e6b8fa05e54b6dc85c558906f8aa618ef2cc33772ff7,1fc940059529adf02cb892c20bfabeffe82402cda042791752cb396544319dbb,1fc940059529adf02cb892c20bfabeffe82402cda042791752cb396544319dbb
cam0,149,7450000,True,True,True,True,0.0,0.0,0.0,1.435721516609192,2.349076747894287,32.0,2.3318753242492676,4.4213666915893555,51.0,1.9102941751480103,4.080469608306885,49.0,0.9693784117698669,1.5608339309692383,22.0,f4cbd4716bebfd9d6a3476acb42a7d2bd97a75215d94613c5aaf6281ede953af,1b99f0fffffbc5a1ef60fb7203b5d185b0ea13f1e578693d284ee682f6a0c244,1b99f0fffffbc5a1ef60fb7203b5d185b0ea13f1e578693d284ee682f6a0c244
cam0,150,7500000,True,True,True,True,0.0,0.0,0.0,1.4352792501449585,2.3485097885131836,32.0,2.3322482109069824,4.420658588409424,51.0,1.9097719192504883,4.079155921936035,49.0,0.9689353704452515,1.559274673461914,23.0,402013f5f26137e9f38cffc3f3c3100bf8b2bad79dce52a2cc6513f3b44c5c00,4391b294ae3fd668009167bfffda6a36d04a85fc8617dc3c2a4e588302cc0dde,4391b294ae3fd668009167bfffda6a36d04a85fc8617dc3c2a4e588302cc0dde
cam0,151,7550000,True,True,True,True,0.0,0.0,0.0,1.4357266426086426,2.3494749069213867,33.0,2.331056833267212,4.419467449188232,51.0,1.910893201828003,4.080793857574463,49.0,0.9689240455627441,1.5598973035812378,25.0,3edee470d4740a59302c9e54d2487cf6f8c13b44e93cf46c583615a7539eead6,fca29e143c36dacdc3fcedbc43c3c6c2080dfe6cf12e0a36512e6fef009f3fe0,fca29e143c36dacdc3fcedbc43c3c6c2080dfe6cf12e0a36512e6fef009f3fe0
cam0,152,7600000,True,True,True,True,0.0,0.0,0.0,1.4366461038589478,2.3507466316223145,32.0,2.333364963531494,4.41916036605835,51.0,1.9126609563827515,4.082358360290527,49.0,0.9696497321128845,1.5592819452285767,25.0,e981f92edcf23d3f09a2f5a9bd49baa87ab40b749b750398892e67414f77d59a,a4760035a6a79871acef23b5b0bc88ec19f24558435db79d3d5d722a21584a36,a4760035a6a79871acef23b5b0bc88ec19f24558435db79d3d5d722a21584a36
cam0,153,7650000,True,True,True,True,0.0,0.0,0.0,1.434795618057251,2.3488306999206543,32.0,2.330003499984741,4.419611930847168,51.0,1.9109247922897339,4.08059024810791,49.0,0.9675677418708801,1.557984709739685,24.0,803e1227d81c680775a60784cebca8c75592d69dc2dee8dd84e1c9dfdc4cd9d9,dffc17748cc3113bfbeabd9cddb8601176f3ce3210fa7164d5b7bc2ec03ac49a,dffc17748cc3113bfbeabd9cddb8601176f3ce3210fa7164d5b7bc2ec03ac49a
cam0,154,7700000,True,True,True,True,0.0,0.0,0.0,1.4362188577651978,2.349604845046997,33.0,2.3312785625457764,4.41908597946167,51.0,1.9110649824142456,4.0814127922058105,49.0,0.9696067571640015,1.560004472732544,25.0,b28cf498ebf8b8f1460e88471697c3edb7aa776230203c357ea7c5118b37914f,1a6b6cfe29565cc4aa52d8416f763b6fc96a60d28dd7b75e1f45cfcdc6320651,1a6b6cfe29565cc4aa52d8416f763b6fc96a60d28dd7b75e1f45cfcdc6320651
cam0,155,7750000,True,True,True,True,0.0,0.0,0.0,1.4354448318481445,2.349623203277588,32.0,2.3293230533599854,4.417389392852783,51.0,1.9113136529922485,4.081664562225342,49.0,0.9686188697814941,1.5597574710845947,23.0,7862bf849f9fa1945de6357a74452cfc200164542696283e3aae02ce3dbb3b1a,9027f1258ccaff8cb255648175edcc9c9ed9faa75ad700a7f0c623bc47dce083,9027f1258ccaff8cb255648175edcc9c9ed9faa75ad700a7f0c623bc47dce083
cam0,156,7800000,True,True,True,True,0.0,0.0,0.0,1.437670350074768,2.3510212898254395,32.0,2.3334577083587646,4.4204254150390625,51.0,1.9128531217575073,4.084255695343018,49.0,0.9700204133987427,1.5610756874084473,23.0,de21a0e9114f366d0638eeca3bc2a10f2f962f64674d19534f4138f11118b3a8,86ddfd92ef64543bf2d421c8528cf43148cbf7a069e5bae1804f561add91d64d,86ddfd92ef64543bf2d421c8528cf43148cbf7a069e5bae1804f561add91d64d
cam0,157,7850000,True,True,True,True,0.0,0.0,0.0,1.4365280866622925,2.349435567855835,32.0,2.3334643840789795,4.424686908721924,51.0,1.9112571477890015,4.081897735595703,49.0,0.9697650074958801,1.5600943565368652,23.0,d20d071782ad0f3aae0c603ed5e7ef8da93a664a9dd64f27f6656cfb68763128,5cc02f1478ec38bfb2e7d6cb23f081eac98485158141d26044fc2cd330af5f7d,5cc02f1478ec38bfb2e7d6cb23f081eac98485158141d26044fc2cd330af5f7d
cam0,158,7900000,True,True,True,True,0.0,0.0,0.0,1.4364405870437622,2.3491368293762207,32.0,2.333188772201538,4.421768665313721,52.0,1.9117227792739868,4.0827155113220215,50.0,0.9691546559333801,1.5591638088226318,23.0,24717147548b6430e2c00574e91d77ce05ecc461b7feab7d5a67f9d17217856c,cf4a92055f74dc77801bd4501f0f1c53944e907a0f68e7e043d5fdce7485ad26,cf4a92055f74dc77801bd4501f0f1c53944e907a0f68e7e043d5fdce7485ad26
cam0,159,7950000,True,True,True,True,0.0,0.0,0.0,1.436663031578064,2.3496761322021484,32.0,2.3336000442504883,4.4238762855529785,52.0,1.9125592708587646,4.0835747718811035,50.0,0.9690913558006287,1.558785319328308,23.0,604204e9f79c65b9c74b6c73065b332d8d273405dda44f60bf4c4458630ba04e,1b01dd56c4e93226ee9abb9ce01076bbc468b8c7a52a16846a8ca23e8e1d084c,1b01dd56c4e93226ee9abb9ce01076bbc468b8c7a52a16846a8ca23e8e1d084c
cam0,160,8000000,True,True,True,True,0.0,0.0,0.0,1.4372985363006592,2.350802183151245,32.0,2.3354108333587646,4.4253716468811035,52.0,1.9142004251480103,4.0844597816467285,50.0,0.9675202369689941,1.5577125549316406,23.0,cfb94dfaffb84ef63edc96a17b6dd8bc2e8ceda8d057c8cc8d5b49dc128a0842,4b4241b12d6637a0fa8bda8b5a16303f1898cab163539790787937cadc40b2bf,4b4241b12d6637a0fa8bda8b5a16303f1898cab163539790787937cadc40b2bf
cam0,161,8050000,True,True,True,True,0.0,0.0,0.0,1.4359526634216309,2.349445104598999,32.0,2.3317689895629883,4.422153472900391,50.0,1.9111260175704956,4.081573486328125,50.0,0.9682503938674927,1.5591188669204712,24.0,2e5dd66a272b9ced16ea7496c9ec7cfaecf348fe29f45ecb2be385844d9d9929,ad367184257f544653e55bd2bae843e7b49014461c4fbefe1c8d89a96c7777b3,ad367184257f544653e55bd2bae843e7b49014461c4fbefe1c8d89a96c7777b3
cam0,162,8100000,True,True,True,True,0.0,0.0,0.0,1.4353808164596558,2.348862886428833,34.0,2.3312761783599854,4.421445846557617,48.0,1.9115827083587646,4.081284523010254,50.0,0.9678164124488831,1.5584707260131836,22.0,a518cac5369186fc8ae52de56630c292a9f489997b0433b5a9edaac643f5bba7,6538f85dc67bc6f6dc94810b4f4f4422504da946adbd651011965a987bc8159d,6538f85dc67bc6f6dc94810b4f4f4422504da946adbd651011965a987bc8159d
cam0,163,8150000,True,True,True,True,0.0,0.0,0.0,1.4354373216629028,2.3489885330200195,33.0,2.331789255142212,4.421321868896484,48.0,1.911799669265747,4.08323335647583,50.0,0.9683295488357544,1.560089349746704,23.0,f616f10288eca177039aed2708dfbfca2bdc527ca40bbadede923df630bd7b46,6cec6c111c52eb4f9430f645b945368a9d8a140b116b9f6470b9e99445969b64,6cec6c111c52eb4f9430f645b945368a9d8a140b116b9f6470b9e99445969b64
cam0,164,8200000,True,True,True,True,0.0,0.0,0.0,1.4356160163879395,2.3500919342041016,34.0,2.335202932357788,4.426956653594971,48.0,1.9134294986724854,4.084218502044678,50.0,0.9696926474571228,1.5627799034118652,23.0,a281f4496923240b82d3440a2b7e029e2015c88dc7d1438d985d3e6aae9de993,2eaca7df7c2d85ef555aeb1f464f573a80b5bc8917ceae5af40231d919e98b8d,2eaca7df7c2d85ef555aeb1f464f573a80b5bc8917ceae5af40231d919e98b8d
cam0,165,8250000,True,True,True,True,0.0,0.0,0.0,1.434715747833252,2.3482556343078613,32.0,2.3332791328430176,4.4225287437438965,48.0,1.911406397819519,4.081686496734619,50.0,0.9687070250511169,1.5599799156188965,21.0,52e14a167ff1f72819121964b6f41032e6a8479a653730c7e43cc7f84e168b50,95e91e67010a7e6c0902b0c376d5fac77bbe2a15deb286c2641ae089115d03f6,95e91e67010a7e6c0902b0c376d5fac77bbe2a15deb286c2641ae089115d03f6
cam0,166,8300000,True,True,True,True,0.0,0.0,0.0,1.4350662231445312,2.348499059677124,32.0,2.332275390625,4.422712802886963,48.0,1.9114266633987427,4.081158638000488,50.0,0.9687907099723816,1.5613638162612915,23.0,6c5d3723316d6c39110208a8a6e019abdeac927603ca52fcb15cc97b8fe511aa,d4c724dcc0014853d1d497869747a0333e866df4a1c9ae1ed87a8473aa12c714,d4c724dcc0014853d1d497869747a0333e866df4a1c9ae1ed87a8473aa12c714
cam0,167,8350000,True,True,True,True,0.0,0.0,0.0,1.4353063106536865,2.34820818901062,32.0,2.331674098968506,4.421502113342285,50.0,1.9120324850082397,4.0824079513549805,50.0,0.9695683121681213,1.5627676248550415,23.0,caf6acf1aa51e8140845ff546fc566b746252181a595982a9eaa984fd60ec456,988157788dd237d42d264dbc26fa2f8ebe4eb94a643bf021851df895eceb193a,988157788dd237d42d264dbc26fa2f8ebe4eb94a643bf021851df895eceb193a
cam0,168,8400000,True,True,True,True,0.0,0.0,0.0,1.4352622032165527,2.348478078842163,32.0,2.3371469974517822,4.431804180145264,50.0,1.9140715599060059,4.0848069190979,50.0,0.9694666266441345,1.5618104934692383,23.0,267226557b98c2da00bb0ce984d8e113c694928506dd37f2e0239a77159d64b8,f909d3be444294280492f7ef857f6168fbf52959d43897a7a8a892ee43a2478c,f909d3be444294280492f7ef857f6168fbf52959d43897a7a8a892ee43a2478c
cam0,169,8450000,True,True,True,True,0.0,0.0,0.0,1.433349609375,2.346999168395996,33.0,2.329298257827759,4.420462131500244,53.0,1.9095120429992676,4.077416896820068,50.0,0.9685375094413757,1.561997890472412,23.0,c0b3f15712cd5b5d894ad20fffbc5141e913c438e04832fdb5fee96939edbd86,9af17e18005a3c67ae61500eefaf3411b23a45d2011b660bf820831e50539acd,9af17e18005a3c67ae61500eefaf3411b23a45d2011b660bf820831e50539acd
cam0,170,8500000,True,True,True,True,0.0,0.0,0.0,1.4340795278549194,2.3480403423309326,32.0,2.331735134124756,4.423800468444824,53.0,1.9100183248519897,4.078355312347412,50.0,0.9676784873008728,1.560948371887207,22.0,73f33474978a67c4a3b00670cd5187814d06ede58ebaea161f4f7bb7740b1431,3558cd9f70de06be0096d7da9558a3d87bd950004cf98aae37fec8a3d6d155af,3558cd9f70de06be0096d7da9558a3d87bd950004cf98aae37fec8a3d6d155af
cam0,171,8550000,True,True,True,True,0.0,0.0,0.0,1.4349920749664307,2.3486671447753906,32.0,2.3314661979675293,4.424527168273926,53.0,1.9103981256484985,4.079174518585205,50.0,0.9688743352890015,1.5623154640197754,20.0,14b6518309b89212ffbb1905676bcdb7e3c1382656ff20a2dc6eeb356459d94f,7eaae3ae053a0530829dbd30af3499fd75aef049378302b93e8b2e756e9e0c59,7eaae3ae053a0530829dbd30af3499fd75aef049378302b93e8b2e756e9e0c59
cam0,172,8600000,True,True,True,True,0.0,0.0,0.0,1.436173677444458,2.3507637977600098,32.0,2.3343324661254883,4.4254350662231445,53.0,1.9116640090942383,4.079636096954346,50.0,0.9711077809333801,1.5653207302093506,20.0,5c2cea7d34dff3a1b7928ce993671206f2d646f6447808fe9fd13e0aa24a0657,436401ff7cfeb4e5a6d71b8e9a94c77ae2e5429725720ca74cc57db968706c1f,436401ff7cfeb4e5a6d71b8e9a94c77ae2e5429725720ca74cc57db968706c1f
cam0,173,8650000,True,True,True,True,0.0,0.0,0.0,1.4360719919204712,2.3495514392852783,32.0,2.3330280780792236,4.42057991027832,53.0,1.9094690084457397,4.076979160308838,50.0,0.9711936712265015,1.5639756917953491,21.0,733e55506e814b925ba50929065b768d0c4676d4a3879b0be2f47852a245ca16,b166be8160fb844545346d691334d84dd7457175e9846dddcb9ecd566bf51d87,b166be8160fb844545346d691334d84dd7457175e9846dddcb9ecd566bf51d87
cam0,174,8700000,True,True,True,True,0.0,0.0,0.0,1.4359780550003052,2.3492894172668457,34.0,2.3338735103607178,4.42110538482666,53.0,1.9101336002349854,4.076538562774658,50.0,0.9693445563316345,1.561273455619812,24.0,82b8f09729b31c8123ffe53b9a1a46a68c89649716266eb2fff5a05a7f40dd17,a100c3c4a43c8fd6a771a8649af990f5046a2862fd297b4a92308cd0b6d86909,a100c3c4a43c8fd6a771a8649af990f5046a2862fd297b4a92308cd0b6d86909
cam0,175,8750000,True,True,True,True,0.0,0.0,0.0,1.4357972145080566,2.349630832672119,34.0,2.331658363342285,4.417117595672607,53.0,1.9111192226409912,4.077462196350098,50.0,0.9684764742851257,1.5599653720855713,22.0,01e8f91ce7521a8004b26c95a51bb059f78443e96523961822a595720cbc9abc,094eeeccb445d499707a73a7141bc9152cfcfe4710d6d91db7d40bcb80d1b9d9,094eeeccb445d499707a73a7141bc9152cfcfe4710d6d91db7d40bcb80d1b9d9
cam0,176,8800000,True,True,True,True,0.0,0.0,0.0,1.4366388320922852,2.3502886295318604,34.0,2.3330326080322266,4.415722370147705,53.0,1.912443995475769,4.077470302581787,50.0,0.9697333574295044,1.559147834777832,22.0,47c3201905ac5c3166376ad4d98bbf98fc884cb27252db83df4b5eec5428f9f6,b912870c721c2bac686707a8df05429dd696efba3a4d19367aa609790e55d7b1,b912870c721c2bac686707a8df05429dd696efba3a4d19367aa609790e55d7b1
cam0,177,8850000,True,True,True,True,0.0,0.0,0.0,1.4362376928329468,2.3496062755584717,34.0,2.3322346210479736,4.4150800704956055,53.0,1.9107146263122559,4.077176570892334,50.0,0.9693309664726257,1.559906005859375,23.0,513f838ba14de1b7015d95ca7e5cb1001fc8fff8e193c720ad16a1ea9a3f6244,f005e8ed84c1082c6dcd2492b69f085b4a67d106841204fcd3c60408f18b0a87,f005e8ed84c1082c6dcd2492b69f085b4a67d106841204fcd3c60408f18b0a87
cam0,178,8900000,True,True,True,True,0.0,0.0,0.0,1.436383843421936,2.3498847484588623,34.0,2.332411050796509,4.417322635650635,53.0,1.9114899635314941,4.077726364135742,50.0,0.9696903824806213,1.5617127418518066,22.0,ea8bd4a2989b84c8f4ea27ca0fb7ee606cd4df16ef2621efd0b10eeaa68af894,c138b27333fb412fff3a70757945d3cd402c85120aa8756d9f00445eab17bca7,c138b27333fb412fff3a70757945d3cd402c85120aa8756d9f00445eab17bca7
cam0,179,8950000,True,True,True,True,0.0,0.0,0.0,1.4365097284317017,2.350374460220337,34.0,2.334773302078247,4.422029972076416,53.0,1.9118539094924927,4.078893661499023,50.0,0.9702781438827515,1.5625303983688354,22.0,cab4a5394e9eccab64080f7f9f857c80b6fc0e895b6da064429f18bc15533d1f,86c0d6864d7063ca5b89a96833f907a7daac8a366448868361cb51cfa2e25261,86c0d6864d7063ca5b89a96833f907a7daac8a366448868361cb51cfa2e25261
cam0,180,9000000,True,True,True,True,0.0,0.0,0.0,1.4374685287475586,2.3518002033233643,34.0,2.3365862369537354,4.421546459197998,53.0,1.9139065742492676,4.0808305740356445,50.0,0.9711642861366272,1.5630756616592407,21.0,02b9f983f86247145a6d2b3559869533e3240a83fc605fbdf011f76ccff24b7d,09572b99145a8ee81c9da6c92f215885d10b56f504c06062a1a78ed816aedc88,09572b99145a8ee81c9da6c92f215885d10b56f504c06062a1a78ed816aedc88
cam0,181,9050000,True,True,True,True,0.0,0.0,0.0,1.4353045225143433,2.349214792251587,34.0,2.333059787750244,4.419302463531494,53.0,1.9125207662582397,4.079234600067139,50.0,0.9689105153083801,1.5597363710403442,21.0,9e0d847cbc21853648d2584dc56e43ea3a967e3f030ab2d4c73e8eb0c3768457,52b03f6b9825d8f41889be4c54bae19c7c851065ca78dce3317f8e12f1e8fafe,52b03f6b9825d8f41889be4c54bae19c7c851065ca78dce3317f8e12f1e8fafe
cam0,182,9100000,True,True,True,True,0.0,0.0,0.0,1.436489462852478,2.3496577739715576,34.0,2.3338170051574707,4.419978141784668,52.0,1.9122246503829956,4.0786590576171875,49.0,0.9690189957618713,1.5590362548828125,21.0,8162a18ddda49321357e0dc9eeb7b15d772d1f80b28640bfb21bb8c7685b54e5,140a1b6a59f15517aefcdd68d4240576007c675dd565e9a12f4aac8cf0f14987,140a1b6a59f15517aefcdd68d4240576007c675dd565e9a12f4aac8cf0f14987
cam0,183,9150000,True,True,True,True,0.0,0.0,0.0,1.4367718696594238,2.350121259689331,34.0,2.3344478607177734,4.421767711639404,52.0,1.9134612083435059,4.0806756019592285,50.0,0.9692812561988831,1.559394359588623,21.0,c8500b8d70af200dc6fc99a3dcc98d1a7c308cc7f392804cb10603a818a6393c,535dcc6c269bc3a581e7624abd5d8bc43df4c137c6b833366e32dff88f82d1a3,535dcc6c269bc3a581e7624abd5d8bc43df4c137c6b833366e32dff88f82d1a3
cam0,184,9200000,True,True,True,True,0.0,0.0,0.0,1.4373657703399658,2.351018190383911,34.0,2.333491563796997,4.421141624450684,51.0,1.9153555631637573,4.082464218139648,49.0,0.9693151116371155,1.5602515935897827,21.0,f9404c2069d75d334b6500d649ede97ceb8774f5a28e992c1a945818a9ebc6ac,e213a2ec369e69c9c0810dcc62d2077dbf25993f60ca2bf6d522486e01a3dd55,e213a2ec369e69c9c0810dcc62d2077dbf25993f60ca2bf6d522486e01a3dd55
cam0,185,9250000,True,True,True,True,0.0,0.0,0.0,1.4364832639694214,2.3498892784118652,34.0,2.3326234817504883,4.417892932891846,50.0,1.9126473665237427,4.079042911529541,49.0,0.9697265625,1.5606789588928223,21.0,58eb6cde974a2c8b4db077c2b4b5d8f3f8811cfecd5778a79f0b91798cbc0e20,ba6578159305ebe3689991dad86b53ee51320d063456929b9f5fdeeac2cc73a1,ba6578159305ebe3689991dad86b53ee51320d063456929b9f5fdeeac2cc73a1
cam0,186,9300000,True,True,True,True,0.0,0.0,0.0,1.4368200302124023,2.3498589992523193,34.0,2.3342738151550293,4.418996810913086,52.0,1.9120324850082397,4.078195095062256,50.0,0.9699345231056213,1.560819387435913,21.0,018cf45e97037907687b5c6ae2bef43906da89b38581b9fa961f36e4ac42cbe7,a091b01c86105821f23e753b2bb973b72f16997dad56afbdb4c7d93ad2523911,a091b01c86105821f23e753b2bb973b72f16997dad56afbdb4c7d93ad2523911
cam0,187,9350000,True,True,True,True,0.0,0.0,0.0,1.4372073411941528,2.350268840789795,34.0,2.3348050117492676,4.421497344970703,53.0,1.9128168821334839,4.079443454742432,50.0,0.9704363942146301,1.5616809129714966,21.0,81638eb0b05337672318b5f0ed2e5760637c209ee599979d759540349c10296f,3b280464d3c5d98f43cbea50a1e12fd120854ac4038507fc3fa8ccc1776979ed,3b280464d3c5d98f43cbea50a1e12fd120854ac4038507fc3fa8ccc1776979ed
cam0,188,9400000,True,True,True,True,0.0,0.0,0.0,1.4366077184677124,2.3506178855895996,34.0,2.337221384048462,4.424152374267578,52.0,1.9147588014602661,4.081823348999023,50.0,0.9697446227073669,1.562233805656433,21.0,12ec1d4115ef5ae9552d1fdd8919149e2ca0b9a3c2d1f4ab622e0e7cb982cdfe,6b674ad2b21a784eb844d0e7bbd24c8049042d7772f4d23ec81997180de4b888,6b674ad2b21a784eb844d0e7bbd24c8049042d7772f4d23ec81997180de4b888
cam0,189,9450000,True,True,True,True,0.0,0.0,0.0,1.4360716342926025,2.349439859390259,34.0,2.332566976547241,4.417941093444824,52.0,1.9125343561172485,4.078263759613037,50.0,0.9691230058670044,1.5595697164535522,21.0,46c99aa75d9cadca29e2047c9097a5110da6b34d0188fcfd287055fb71cea559,a7d83b1f0d0089a87945e4017245fa02fe53a3038b75f77019c19591c0053bb2,a7d83b1f0d0089a87945e4017245fa02fe53a3038b75f77019c19591c0053bb2
cam0,190,9500000,True,True,True,True,0.0,0.0,0.0,1.4366130828857422,2.350247621536255,34.0,2.331845998764038,4.417403221130371,51.0,1.9114876985549927,4.077386379241943,49.0,0.9690009355545044,1.5595988035202026,21.0,3865f973b0aa087cc29053ec3b29a3a0a22ec0769bd738feca82973d9b3af645,4c94c01308fb1dc6e0371d1094e7687c851007c2e27bf8a52c421f2c6ae738d1,4c94c01308fb1dc6e0371d1094e7687c851007c2e27bf8a52c421f2c6ae738d1
cam0,191,9550000,True,True,True,True,0.0,0.0,0.0,1.4369242191314697,2.3509483337402344,34.0,2.332395315170288,4.418134689331055,52.0,1.912079930305481,4.0784077644348145,49.0,0.9689353704452515,1.5591456890106201,21.0,01489dc26dd2ad8a14b1e519c8160c95ce35b422f3678251294b524a70f60f90,2b21d4405690eea0477ed684c510b33646c841eb7d3812c82fcad930bed1764d,2b21d4405690eea0477ed684c510b33646c841eb7d3812c82fcad930bed1764d
cam0,192,9600000,True,True,True,True,0.0,0.0,0.0,1.4377386569976807,2.3513410091400146,34.0,2.334664821624756,4.4216766357421875,49.0,1.9141099452972412,4.0805816650390625,49.0,0.9691795110702515,1.5595109462738037,21.0,2d001f69159134959f6f939ea24bfb52ce3878a0b017a92abef6f026057102b1,b59273b2fbea67d44d17cbca2e082635aa35ce0462b8b5510496682cb6170820,b59273b2fbea67d44d17cbca2e082635aa35ce0462b8b5510496682cb6170820
cam0,193,9650000,True,True,True,True,0.0,0.0,0.0,1.4367752075195312,2.351016044616699,33.0,2.3346219062805176,4.421177864074707,49.0,1.9121590852737427,4.078978538513184,49.0,0.9694507718086243,1.5610452890396118,23.0,be4feedf9ca45e61b008db6b3734e24c17328815677dde5685de1e3c9ecf2281,46cc84af6416abdde37d2b0f8ca961ed03c6d03a4210083b2eaadca5c638882c,46cc84af6416abdde37d2b0f8ca961ed03c6d03a4210083b2eaadca5c638882c
cam0,194,9700000,True,True,True,True,0.0,0.0,0.0,1.4371676445007324,2.3507871627807617,33.0,2.3331661224365234,4.418259143829346,49.0,1.9118291139602661,4.079307556152344,49.0,0.9684742093086243,1.5587238073349,20.0,09fbe50349abbed7202efb33052266285d8b1fab394d91ca328ca3cd47d2759b,8b10f3c7f76b5e3dae71b1d46b0752e13d9bb39e6747fe51a88e76f5daf87da9,8b10f3c7f76b5e3dae71b1d46b0752e13d9bb39e6747fe51a88e76f5daf87da9
cam0,195,9750000,True,True,True,True,0.0,0.0,0.0,1.4370620250701904,2.350419044494629,33.0,2.3326845169067383,4.4178643226623535,49.0,1.9130655527114868,4.0805745124816895,49.0,0.9686912298202515,1.5589325428009033,20.0,2f9f7ed14de0233aeb76ebf801f383214275195e268f14c1e434c9b862f28f71,2a1703c3d786928d36ea268543fdc68a4d05655e5a793158cb71a653c6e71aad,2a1703c3d786928d36ea268543fdc68a4d05655e5a793158cb71a653c6e71aad
cam0,196,9800000,True,True,True,True,0.0,0.0,0.0,1.4370970726013184,2.3506150245666504,33.0,2.334662437438965,4.420441627502441,49.0,1.9151679277420044,4.082893371582031,49.0,0.9692088961601257,1.56025230884552,20.0,4d84cad6bb0303bb782e954d73d54b97e36e7184b34ebabedc8ff0499410920f,b5ff8d1e1b36801a703437d9fb516c7fb4c4fe2659b21ddf4bd36552fb98317b,b5ff8d1e1b36801a703437d9fb516c7fb4c4fe2659b21ddf4bd36552fb98317b
cam0,197,9850000,True,True,True,True,0.0,0.0,0.0,1.4349775314331055,2.348316192626953,34.0,2.3316469192504883,4.417453289031982,50.0,1.9111192226409912,4.079124927520752,49.0,0.966796875,1.5566179752349854,21.0,90cdc0c0d3a3b96813e9df4c16dce7181a6da4a911a9e7d10f42fc79a6ee0d03,5ca6ba5cd8d8e740f1c041ddd07739956bec47efd1ceb66e3f1644b054f89a8e,5ca6ba5cd8d8e740f1c041ddd07739956bec47efd1ceb66e3f1644b054f89a8e
cam0,198,9900000,True,True,True,True,0.0,0.0,0.0,1.435836911201477,2.348696708679199,33.0,2.3319430351257324,4.417531490325928,50.0,1.910615086555481,4.0780558586120605,49.0,0.9682255387306213,1.5572946071624756,20.0,507bfdc3c833c57ff1176fe30313e3129b56e23af86a3eb4c934f2cc290a8c36,bafb30694d1125bfc0355c28479d941cc0e2a4e97783b413534dda5ec024101f,bafb30694d1125bfc0355c28479d941cc0e2a4e97783b413534dda5ec024101f
cam0,199,9950000,True,True,True,True,0.0,0.0,0.0,1.4371223449707031,2.350451946258545,36.0,2.3303561210632324,4.417974948883057,50.0,1.9104139804840088,4.077113628387451,49.0,0.9693400263786316,1.5586011409759521,22.0,04521eaeca3a8f8285d31529e6a79d6d6268f44d35408c9a58eb2990df3b5208,f380d95e653ec65be06382721676da27636dca07a4930600862986e8ba7635fb,f380d95e653ec65be06382721676da27636dca07a4930600862986e8ba7635fb
cam0,200,10000000,True,True,True,True,0.0,0.0,0.0,1.4382352828979492,2.3515634536743164,36.0,2.3315792083740234,4.417754173278809,50.0,1.9125027656555176,4.078670501708984,49.0,0.9695276618003845,1.5578911304473877,22.0,fabe350fd15d0dcce76254deb6128ae379928047f20c2ae4aa0c538b846011fa,439ad94860caacc91cff87cb46c064b675b1b866abe3c53da0522a2963bd8b62,439ad94860caacc91cff87cb46c064b675b1b866abe3c53da0522a2963bd8b62
cam0,201,10050000,True,True,True,True,0.0,0.0,0.0,1.4373466968536377,2.3503494262695312,35.0,2.3324878215789795,4.418273448944092,51.0,1.9107733964920044,4.077042102813721,49.0,0.9709495306015015,1.5610257387161255,22.0,362d87bca9f2cb35d97387b7a828cead476122831fd8fe16fa5a65141fb5fb48,98f5384cc03d882ba7259834594a3f20876fc9dd2f11e7f53c7d8df753001dcc,98f5384cc03d882ba7259834594a3f20876fc9dd2f11e7f53c7d8df753001dcc
cam0,202,10100000,True,True,True,True,0.0,0.0,0.0,1.437427282333374,2.3498780727386475,36.0,2.3332881927490234,4.417480945587158,50.0,1.9103235006332397,4.077357769012451,49.0,0.9700927734375,1.559229850769043,22.0,ce0128e85f7dd4eb6a4e060c3847e41f7eda474df161ec21f18704645ea08015,e35c5dedf958b1e791dc62316e17b6795aceb0626ad5d80a1e59759e96710ebc,e35c5dedf958b1e791dc62316e17b6795aceb0626ad5d80a1e59759e96710ebc
cam0,203,10150000,True,True,True,True,0.0,0.0,0.0,1.4378501176834106,2.350790023803711,35.0,2.335134983062744,4.419329643249512,50.0,1.9115487337112427,4.0784993171691895,49.0,0.9724912047386169,1.562857985496521,22.0,a54f63ca1b6d2751ab5f25024d3d9d89096d40024638274c0f2241074d1d6941,fa0d45bbe23fc2af7dad60a94500e2f32fc3030a6838d0d1febc61eec4d78228,fa0d45bbe23fc2af7dad60a94500e2f32fc3030a6838d0d1febc61eec4d78228
cam0,204,10200000,True,True,True,True,0.0,0.0,0.0,1.438287377357483,2.3520419597625732,35.0,2.335562229156494,4.420278072357178,50.0,1.9136533737182617,4.081923961639404,49.0,0.9719622731208801,1.5609359741210938,22.0,25c795a08e9818e4ea2fb03f2b50f9ae53f10aa271d190ebb69c882cabac1750,2c55837b8c092884f99fc226dfe1b53d8fac836064862d230387958e53a657b3,2c55837b8c092884f99fc226dfe1b53d8fac836064862d230387958e53a657b3
cam0,205,10250000,True,True,True,True,0.0,0.0,0.0,1.4371477365493774,2.349924087524414,35.0,2.3342578411102295,4.4181342124938965,51.0,1.9111350774765015,4.079043865203857,49.0,0.9707573652267456,1.5602283477783203,22.0,1ba822826a3e61defd972844d7adfe229292310d09f97800d119e8a2363b894b,57b3a84fed8c57f52b50e15934e2804cfbf14d82f091c76dacfd9cb036cfbeef,57b3a84fed8c57f52b50e15934e2804cfbf14d82f091c76dacfd9cb036cfbeef
cam0,206,10300000,True,True,True,True,0.0,0.0,0.0,1.4373397827148438,2.3498334884643555,35.0,2.332955837249756,4.41788387298584,51.0,1.9100432395935059,4.077978134155273,49.0,0.9712162613868713,1.5609402656555176,22.0,34c098c546a3d1f24fd8262238af326decd2d2a13a6c56aae61b25ccf002956a,fb75c7b1aa503b0cf5c16588b3db5a7eae1de7232fc199a501abaed4e23a8e8c,fb75c7b1aa503b0cf5c16588b3db5a7eae1de7232fc199a501abaed4e23a8e8c
cam0,207,10350000,True,True,True,True,0.0,0.0,0.0,1.437781810760498,2.350515127182007,35.0,2.334843397140503,4.418576240539551,51.0,1.9107847213745117,4.078390598297119,49.0,0.9711416959762573,1.5611423254013062,22.0,52266dce2123f2e1dfa3ed56416eb948e1a395026704efdd15366cd7a3722a4d,ee0b7e52cbbd2e7a9533b131f7a875dc1cd878fb797e61adf4e47a906bdb981a,ee0b7e52cbbd2e7a9533b131f7a875dc1cd878fb797e61adf4e47a906bdb981a
cam0,208,10400000,True,True,True,True,0.0,0.0,0.0,1.438582181930542,2.3513808250427246,35.0,2.3353383541107178,4.418925762176514,51.0,1.9125388860702515,4.078254222869873,49.0,0.9726765751838684,1.5623300075531006,22.0,08770119dda6b5a03bc47418ed049fe6ec5dd13d3458ff83690c9cf3e7f1e6a2,47695b935e3dc14084aff2fb0bf8b759e1030bfc1d0e6ec49908723d8f0472e7,47695b935e3dc14084aff2fb0bf8b759e1030bfc1d0e6ec49908723d8f0472e7
cam0,209,10450000,True,True,True,True,0.0,0.0,0.0,1.4381351470947266,2.3511483669281006,34.0,2.3333897590637207,4.416796684265137,53.0,1.9103552103042603,4.076332092285156,49.0,0.9709133505821228,1.5615456104278564,21.0,60340246c350292ef3eb4830d07419d36f11ea554654fa8c0d82a7c35d6f8466,1ef338834b303c320a5a1609936d04f8b250fc457a69b64320657993698e3b13,1ef338834b303c320a5a1609936d04f8b250fc457a69b64320657993698e3b13
cam0,210,10500000,True,True,True,True,0.0,0.0,0.0,1.4384610652923584,2.3508481979370117,35.0,2.3336024284362793,4.417847156524658,53.0,1.9101426601409912,4.076303482055664,49.0,0.9714242219924927,1.5607810020446777,21.0,6d5a14f7707a574d92ea24647e127d04eface2d19d38d919dfeb1cf8083a15d0,c174ed5391d5baa7a56c65f97356bb018fb51fd5fb0c263638151a46c581e713,c174ed5391d5baa7a56c65f97356bb018fb51fd5fb0c263638151a46c581e713
cam0,211,10550000,True,True,True,True,0.0,0.0,0.0,1.4389984607696533,2.3508894443511963,35.0,2.33502197265625,4.4185309410095215,53.0,1.9109971523284912,4.07734489440918,49.0,0.9712117314338684,1.5607694387435913,23.0,159c3a943f84bf5939752a8c07b398bcbd93233a326c6857ee99e73a2e73450f,08ae48957dcfedfbc29726602cb2cd8a6e2523c28de3784928526ab0f92fc958,08ae48957dcfedfbc29726602cb2cd8a6e2523c28de3784928526ab0f92fc958
cam0,212,10600000,True,True,True,True,0.0,0.0,0.0,1.4394636154174805,2.3515422344207764,35.0,2.335325002670288,4.419638156890869,53.0,1.912810206413269,4.079070568084717,49.0,0.9730925559997559,1.5628160238265991,23.0,a529755203afd244b83c91d7f069681c6591b5e632d29599a5a9a977065af43e,b72347898ab0d32fe69059a6471be9a2a081b09a393a39536c379b0b8c029dcb,b72347898ab0d32fe69059a6471be9a2a081b09a393a39536c379b0b8c029dcb
cam0,213,10650000,True,True,True,True,0.0,0.0,0.0,1.43938148021698,2.3510007858276367,35.0,2.331590414047241,4.415788650512695,51.0,1.9106038808822632,4.076972484588623,49.0,0.9726811051368713,1.5611053705215454,23.0,8b069201b11d3f8e0666d505eb60ca007de83ed8d849b1bd5fd40b7ae3ac7a50,ce688d4be0b1ad3c79656c55cf4abe7e9c2d51499357613bb17b06b823b5b852,ce688d4be0b1ad3c79656c55cf4abe7e9c2d51499357613bb17b06b823b5b852
cam0,214,10700000,True,True,True,True,0.0,0.0,0.0,1.4389106035232544,2.350717306137085,35.0,2.3333287239074707,4.4200639724731445,53.0,1.910090684890747,4.0770087242126465,49.0,0.9717181324958801,1.5609736442565918,23.0,6ef8ff3d22d92ffbb0b98951d0edf93770e6f5cdaae744369abeac45b315fdbc,ebbebe9ebe02e4e768ab4767defeb85e0d284763dbe05f80d1ca30aeb21dfe58,ebbebe9ebe02e4e768ab4767defeb85e0d284763dbe05f80d1ca30aeb21dfe58
cam0,215,10750000,True,True,True,True,0.0,0.0,0.0,1.4396162033081055,2.351447820663452,35.0,2.333914279937744,4.42048454284668,53.0,1.910248875617981,4.07775354385376,49.0,0.9723488092422485,1.5606484413146973,23.0,07d5c9a0d36feb51e838b8c2a2af577265840844bb9b022354b3e6ff50280687,67f7c56452ff57c55a76cab321b21cfe16735b8b593954c12ef954c8567b9362,67f7c56452ff57c55a76cab321b21cfe16735b8b593954c12ef954c8567b9362
cam0,216,10800000,True,True,True,True,0.0,0.0,0.0,1.4405906200408936,2.3522887229919434,35.0,2.337890625,4.42559289932251,54.0,1.9119285345077515,4.07897424697876,49.0,0.9745370149612427,1.5629150867462158,21.0,79237a725d1a10363d4a87611f1da0efe86e5dbd07142e686e5b5db429cad9ff,5738cde1184d1474927eeb40e87319b40020d7eaa4d7c838dd9f591332ad1f36,5738cde1184d1474927eeb40e87319b40020d7eaa4d7c838dd9f591332ad1f36
cam0,217,10850000,True,True,True,True,0.0,0.0,0.0,1.4391576051712036,2.3510351181030273,35.0,2.3362154960632324,4.4209675788879395,54.0,1.9110853672027588,4.0777387619018555,49.0,0.9744782447814941,1.5631928443908691,21.0,95e786e35dbeae7bec1fbc66acc0f59bbc03b92db3ea5c2fa3843bbfb14b1bb4,ed5e0a72bb84048e478b063140c6477526cd23b936bbd767e5bde28943426580,ed5e0a72bb84048e478b063140c6477526cd23b936bbd767e5bde28943426580
cam0,218,10900000,True,True,True,True,0.0,0.0,0.0,1.4385565519332886,2.3500313758850098,35.0,2.335928440093994,4.418699741363525,54.0,1.9107643365859985,4.077183723449707,49.0,0.9748919606208801,1.5645942687988281,21.0,12aa2b2d17f716e77e1fbf2a3d153a409437e3cbffaf36d1485ca425afd4c837,ecb73c5499fcb0d651349169793019edaf016c311fb99471d0cc41cbc36d561a,ecb73c5499fcb0d651349169793019edaf016c311fb99471d0cc41cbc36d561a
cam0,219,10950000,True,True,True,True,0.0,0.0,0.0,1.439163088798523,2.3506815433502197,35.0,2.334160804748535,4.416074275970459,54.0,1.9110513925552368,4.077757358551025,49.0,0.9742612242698669,1.5635788440704346,21.0,39b706f135beb8ce271fe2192b620346337aa980fc79b6425cd2694d46db930e,b751929f2cbbe55baaaec34fb25624328ebc20174e0725fc5b20a0601092badd,b751929f2cbbe55baaaec34fb25624328ebc20174e0725fc5b20a0601092badd
cam0,220,11000000,True,True,True,True,0.0,0.0,0.0,1.4401808977127075,2.351869583129883,35.0,2.336482286453247,4.419983386993408,54.0,1.9132057428359985,4.0797200202941895,49.0,0.9739493131637573,1.5623220205307007,21.0,6b22ca34ebbe76e0ad45c71249f91079252acd840e756c72d6cc70849ab03154,6c0dfca2bc6b3bf4b09d9746b053e5d9717b9ea0461a94428c13316467be8355,6c0dfca2bc6b3bf4b09d9746b053e5d9717b9ea0461a94428c13316467be8355
cam0,221,11050000,True,True,True,True,0.0,0.0,0.0,1.4380244016647339,2.3508200645446777,34.0,2.335645914077759,4.417819499969482,52.0,1.9111464023590088,4.077479839324951,49.0,0.9723781943321228,1.561267614364624,21.0,5ca22be6ff8155774743014b919143e92fc94284b5827d4160cb2ad8fa145300,10aeb2f1ef7d92439dec7c11fe7d40497a6e972f16e865ac375ac8b09c47aa78,10aeb2f1ef7d92439dec7c11fe7d40497a6e972f16e865ac375ac8b09c47aa78
cam0,222,11100000,True,True,True,True,0.0,0.0,0.0,1.438759446144104,2.3510916233062744,34.0,2.334847927093506,4.414755344390869,52.0,1.9114990234375,4.0770792961120605,49.0,0.9707438349723816,1.5594124794006348,22.0,36f68c4269452a5dafdb6b8535f48bf36d9ade7ab4c0b8df3d55b9a05be714c0,5eac8c9cabb08f66c5c551d3ee78958c30a74d44b185493b64280b5aacf07c67,5eac8c9cabb08f66c5c551d3ee78958c30a74d44b185493b64280b5aacf07c67
cam0,223,11150000,True,True,True,True,0.0,0.0,0.0,1.4384866952896118,2.351480007171631,34.0,2.3359193801879883,4.417661190032959,52.0,1.9127219915390015,4.078977108001709,49.0,0.9707008600234985,1.55962336063385,21.0,3c7d7518b303b3cb2ce9e9bafe8651ac45110df0d8a2b0d66d0a20ef4e1036f4,a933f3183121abc250fa588adb8a7dba8d4b1f015acdb28f61efa3e9e19528cb,a933f3183121abc250fa588adb8a7dba8d4b1f015acdb28f61efa3e9e19528cb
cam0,224,11200000,True,True,True,True,0.0,0.0,0.0,1.439664363861084,2.3524155616760254,33.0,2.3357882499694824,4.417646884918213,52.0,1.9144423007965088,4.0805158615112305,49.0,0.9717520475387573,1.5605833530426025,24.0,17360563dfd6d3700242061e409580828a19fef8bd26ed965e3a094c1ed5501f,162e635955aab08404f18766e86052ce7d5d5352a15535c60928bcaa91b9ba75,162e635955aab08404f18766e86052ce7d5d5352a15535c60928bcaa91b9ba75
cam0,225,11250000,True,True,True,True,0.0,0.0,0.0,1.439136266708374,2.3512463569641113,33.0,2.3363420963287354,4.418393135070801,52.0,1.913203477859497,4.07774019241333,49.0,0.9714558720588684,1.5605087280273438,22.0,cbf358e585cd43e2d28f23da06a4b66730232a39c3e2066c8a74aae8b7c4f045,6e0f4d63d3d99aa8f6b7eaeeb0447e9bc0386b567304220656e5f91818f7060f,6e0f4d63d3d99aa8f6b7eaeeb0447e9bc0386b567304220656e5f91818f7060f
cam0,226,11300000,True,True,True,True,0.0,0.0,0.0,1.439148187637329,2.3511769771575928,34.0,2.336855173110962,4.417570114135742,52.0,1.9131650924682617,4.076912879943848,49.0,0.9729388356208801,1.5627857446670532,22.0,eac5842ff2add9b03f78633cb29588e0c8f52bc3343067563be53250f38ef686,d266edb13619057c01d544c2d9c4555815969468a54ad4bb50ab0471d40fe5ca,d266edb13619057c01d544c2d9c4555815969468a54ad4bb50ab0471d40fe5ca
cam0,227,11350000,True,True,True,True,0.0,0.0,0.0,1.4394166469573975,2.351518154144287,34.0,2.337764024734497,4.420034408569336,52.0,1.9133752584457397,4.077049255371094,49.0,0.9723080992698669,1.5622482299804688,23.0,34cbfdbb56541b475ec2b50844c5c6e8b9aa606c9666239ecdc3fe359d45d7b9,188c7dfae59a6d56bafe68bd5e0b0ac8b944cfef9f8fea3960c456625b18658e,188c7dfae59a6d56bafe68bd5e0b0ac8b944cfef9f8fea3960c456625b18658e
cam0,228,11400000,True,True,True,True,0.0,0.0,0.0,1.440500259399414,2.3524491786956787,32.0,2.338265895843506,4.41858434677124,51.0,1.9143202304840088,4.078574180603027,49.0,0.9731942415237427,1.562743067741394,20.0,ef12239b22a8370cac7da7affbedef0d7dbe852cdb6da4568a2db22bf677536c,71492b4e0d0325fa5d7a84ebc7af121bfdd32f26235df057216fb22865d8bb2a,71492b4e0d0325fa5d7a84ebc7af121bfdd32f26235df057216fb22865d8bb2a
cam0,229,11450000,True,True,True,True,0.0,0.0,0.0,1.4373136758804321,2.3497321605682373,34.0,2.331117868423462,4.41323184967041,52.0,1.9094984531402588,4.076297760009766,49.0,0.9710670709609985,1.5607852935791016,23.0,f9c1a64b6b62540600344f7ed68076e93f8dff615148784759253a205d293d7f,595d354ebbadd6c1e8dfe974d5458912e602a5a0c3a996fc0b06cc187a42bb6f,595d354ebbadd6c1e8dfe974d5458912e602a5a0c3a996fc0b06cc187a42bb6f
cam0,230,11500000,True,True,True,True,0.0,0.0,0.0,1.437729001045227,2.35072660446167,34.0,2.3324267864227295,4.414276123046875,54.0,1.9098737239837646,4.076373100280762,49.0,0.9712863564491272,1.5613131523132324,23.0,2ac3139c1c780a4bf2aaa4b9feb8d8162675a6cfb8585bacb1ff82926479adb6,fc7a8790930b6927b01d292327e9e97800b5c56ce7a8dbbe864afc35e4767285,fc7a8790930b6927b01d292327e9e97800b5c56ce7a8dbbe864afc35e4767285
cam0,231,11550000,True,True,True,True,0.0,0.0,0.0,1.436970829963684,2.350184679031372,33.0,2.3314366340637207,4.412348747253418,54.0,1.9095730781555176,4.0769829750061035,49.0,0.9709857106208801,1.5622735023498535,21.0,b545b2f6f29fbdd24f8c0d4b2d78a6a6a70975c6058c2fb17c37d738f41aec92,d4802a9c227010d3e8d7f776a8ff1661bdd1b8d1baa1cb058c2bbbad56e61d27,d4802a9c227010d3e8d7f776a8ff1661bdd1b8d1baa1cb058c2bbbad56e61d27
cam0,232,11600000,True,True,True,True,0.0,0.0,0.0,1.4385868310928345,2.352031707763672,33.0,2.333857774734497,4.415699005126953,54.0,1.9116798639297485,4.079183578491211,49.0,0.9725161194801331,1.5640110969543457,21.0,12706ba5c9e096a134049be6d2edb6d61b93d7bc0ee4d85cc56dad74ebac138e,c7c5c8389f3d10a88899782d61123521474a6c32c6143b660b1582dd9bdd9af7,c7c5c8389f3d10a88899782d61123521474a6c32c6143b660b1582dd9bdd9af7
cam0,233,11650000,True,True,True,True,0.0,0.0,0.0,1.4370008707046509,2.3501954078674316,33.0,2.3349497318267822,4.419200420379639,54.0,1.9099663496017456,4.078182697296143,49.0,0.9719622731208801,1.5637459754943848,21.0,594cbcb686d1dd27e92f3d7afcc346814ea11f6a33ea53d71b818d0da63a94bc,68e02b7cb733bb1198f2dfef16514ac15940965d2b1dafdaa55c7828e4538aec,68e02b7cb733bb1198f2dfef16514ac15940965d2b1dafdaa55c7828e4538aec
cam0,234,11700000,True,True,True,True,0.0,0.0,0.0,1.4372313022613525,2.3507919311523438,33.0,2.3343799114227295,4.419045925140381,54.0,1.9096906185150146,4.077872276306152,49.0,0.9712207913398743,1.5622576475143433,21.0,fa09b430ebfbd6e3ff6566074db9f39481ba8d92281b8592f103150adc3d92dc,997df729aa85b1a15b1d7eee1ec82a1e4f6167e7db689e57cb5e5b11c6c41d51,997df729aa85b1a15b1d7eee1ec82a1e4f6167e7db689e57cb5e5b11c6c41d51
cam0,235,11750000,True,True,True,True,0.0,0.0,0.0,1.4368648529052734,2.3502883911132812,33.0,2.3346195220947266,4.41835880279541,54.0,1.9108049869537354,4.080918312072754,49.0,0.9696497321128845,1.5602587461471558,21.0,31c27584183d4c28ad8fa90bf735f28b5a0fd61cd68251e91f133b016b881d96,4af07238ea3c52d24612b937a63634753b28a0573c31c71c1954ed1d8fb3d407,4af07238ea3c52d24612b937a63634753b28a0573c31c71c1954ed1d8fb3d407
cam0,236,11800000,True,True,True,True,0.0,0.0,0.0,1.4379738569259644,2.351088762283325,33.0,2.335146188735962,4.421023368835449,54.0,1.9135041236877441,4.083232402801514,49.0,0.9712388515472412,1.5613154172897339,21.0,6135c53c3e166b0fd497e08c862dd0e16fc2dd63554a3bb5bd09cb1b47f35617,b505a2fe94a2655a9502cee2904c3913f2bcfbb98cdf477d662555a143127209,b505a2fe94a2655a9502cee2904c3913f2bcfbb98cdf477d662555a143127209
cam0,237,11850000,True,True,True,True,0.0,0.0,0.0,1.4365860223770142,2.3493595123291016,34.0,2.333317518234253,4.419699192047119,54.0,1.9102308750152588,4.0804619789123535,49.0,0.9709110856056213,1.5615636110305786,21.0,4662d960dff4b959d8eadd497dd0d73785600065517fcad5febd2da8eaa848f8,30d405daf22d4e548f42a5eb49ce1b4dd1cd398c951c384f95f100b7de75c1b6,30d405daf22d4e548f42a5eb49ce1b4dd1cd398c951c384f95f100b7de75c1b6
cam0,238,11900000,True,True,True,True,0.0,0.0,0.0,1.4370182752609253,2.35025954246521,36.0,2.3338239192962646,4.420104026794434,54.0,1.9108525514602661,4.08026123046875,49.0,0.9704431891441345,1.5609562397003174,21.0,2b1be6f05b63ee0c55fa9a9b678274def387329c84a7d347290bfc0f45d34804,e0abbfb27fbdf69d3a2c78e56240c4f01f8b6e42aafdb38243c4d3c76237c27f,e0abbfb27fbdf69d3a2c78e56240c4f01f8b6e42aafdb38243c4d3c76237c27f
cam0,239,11950000,True,True,True,True,0.0,0.0,0.0,1.4372366666793823,2.3501298427581787,36.0,2.334174156188965,4.420901775360107,54.0,1.9119421243667603,4.0819993019104,49.0,0.9714943170547485,1.561660647392273,21.0,ec85e99f361796cc8ac67fd914e991f8befc3dd1209fd5c99c28ad06bfec0599,7158a6cc8a4b2432874bf4b29aa2c9ccd74bfaffc2f200dad204868309ef2dcc,7158a6cc8a4b2432874bf4b29aa2c9ccd74bfaffc2f200dad204868309ef2dcc
cam0,240,12000000,True,True,True,True,0.0,0.0,0.0,1.4390859603881836,2.351691961288452,36.0,2.336972951889038,4.424001216888428,54.0,1.9149508476257324,4.0848870277404785,49.0,0.9734632968902588,1.5635998249053955,22.0,0566b084802212531b3f1a06eefd3ae8787710880320aaa4ec25e708015110bb,f832b9d33bf9390ed4cc9534d283c174658f1a5e36902d1b16744e3afa1e7070,f832b9d33bf9390ed4cc9534d283c174658f1a5e36902d1b16744e3afa1e7070
cam0,241,12050000,True,True,True,True,0.0,0.0,0.0,1.436786413192749,2.3500401973724365,34.0,2.3348162174224854,4.420169830322266,54.0,1.9130678176879883,4.082884788513184,49.0,0.9706534147262573,1.5601096153259277,22.0,96f6edc5afdc4e5d222875f754938c24a05678b5d46ec06a73b5131236045e5e,1b85fc75277f6c571d108911518d9cfa82cc2ed97fc8ec4bf8db769430aa5ff4,1b85fc75277f6c571d108911518d9cfa82cc2ed97fc8ec4bf8db769430aa5ff4
cam0,242,12100000,True,True,True,True,0.0,0.0,0.0,1.4366239309310913,2.3500990867614746,34.0,2.3357136249542236,4.423824787139893,54.0,1.9129502773284912,4.081969738006592,49.0,0.9717769026756287,1.5621404647827148,22.0,28a4abb742458f0eed56a1007326062b255760d898355735e1e571b4a7f7429d,ee4cae9415d6f6769960c4ce45dc7337f076d0846d86126197088197f455912c,ee4cae9415d6f6769960c4ce45dc7337f076d0846d86126197088197f455912c
cam0,243,12150000,True,True,True,True,0.0,0.0,0.0,1.4377973079681396,2.350804090499878,34.0,2.3361613750457764,4.423521518707275,54.0,1.9130045175552368,4.082479476928711,49.0,0.9718266129493713,1.5626555681228638,22.0,8a0be114836a2e8880298bde077a4357649247e8854ae104544d279850810802,e4ad4ec3398e368427fb2ba8c3585ef79383b7a2a38b9d2853c4233aae6ab05b,e4ad4ec3398e368427fb2ba8c3585ef79383b7a2a38b9d2853c4233aae6ab05b
cam0,244,12200000,True,True,True,True,0.0,0.0,0.0,1.4380146265029907,2.3510420322418213,34.0,2.3378567695617676,4.423768520355225,54.0,1.915678858757019,4.084669589996338,49.0,0.9718379378318787,1.5615506172180176,22.0,80b358352b3c6c44766e8fd3eb85e7f4c01270e5ccfc9c4b84c594ae6cf28053,a77f8a6fdbf53617304df4112f46fed26b661f83ab66c0b0e03f885d09aeb509,a77f8a6fdbf53617304df4112f46fed26b661f83ab66c0b0e03f885d09aeb509
cam0,245,12250000,True,True,True,True,0.0,0.0,0.0,1.4372667074203491,2.3503470420837402,33.0,2.3354198932647705,4.4210991859436035,53.0,1.9138975143432617,4.083086013793945,49.0,0.9718017578125,1.5615723133087158,22.0,71d55c39b6b8ff09602a71a34c23ce3c7ef97d7a6c1507cb0d738ffeafaa76c8,ce1ae69aec4799a76384ee0386d1485da2b743fd8bcfcd87f4b3a8e5e52c6957,ce1ae69aec4799a76384ee0386d1485da2b743fd8bcfcd87f4b3a8e5e52c6957
cam0,246,12300000,True,True,True,True,0.0,0.0,0.0,1.437395453453064,2.3504207134246826,33.0,2.3353428840637207,4.419773578643799,53.0,1.9147225618362427,4.083674907684326,49.0,0.9720481634140015,1.5616744756698608,22.0,8b4d78c06263899c37be068e0747cc376c4f10b0e9726f2ab8330f878af9dd08,46fb76132c0b414bb30dedee320de22f0294b43524f872710d715fd078287f81,46fb76132c0b414bb30dedee320de22f0294b43524f872710d715fd078287f81
cam0,247,12350000,True,True,True,True,0.0,0.0,0.0,1.4378728866577148,2.350407838821411,33.0,2.337881565093994,4.420855522155762,53.0,1.9155951738357544,4.0852813720703125,49.0,0.9733027815818787,1.5640053749084473,22.0,d9843215539a18b55e07a07c029bd9627ce57bb9b6b894276d5b7a6468e5acbd,0ae0f948df349cd9efdd188caf36495e5233dec322c61f3fa78ec2e648f38662,0ae0f948df349cd9efdd188caf36495e5233dec322c61f3fa78ec2e648f38662
cam0,248,12400000,True,True,True,True,0.0,0.0,0.0,1.438985824584961,2.351651906967163,33.0,2.340078830718994,4.424524784088135,53.0,1.9180840253829956,4.088280200958252,49.0,0.9740238785743713,1.5645971298217773,23.0,20b74905d8070730ac1853fc66aa1363965c7dc7e3a76d449cf097b04d9a12ca,1caa793c7ce6173b62f9c57da0cf8a8805217c813183ca193a3396f12435560b,1caa793c7ce6173b62f9c57da0cf8a8805217c813183ca193a3396f12435560b
cam0,249,12450000,True,True,True,True,0.0,0.0,0.0,1.4378902912139893,2.3508434295654297,33.0,2.3392560482025146,4.424757480621338,53.0,1.9182490110397339,4.0884809494018555,49.0,0.97314453125,1.5642337799072266,23.0,80c42b7faabaa906a35587a1221db0d7f3233eeaf817887987b83de6cadb9ab3,b8da82984f6e0953083466b1d8f3385c9224abbefa43cc3a91fa8aa2e57315eb,b8da82984f6e0953083466b1d8f3385c9224abbefa43cc3a91fa8aa2e57315eb
cam0,250,12500000,True,True,True,True,0.0,0.0,0.0,1.4313299655914307,2.347153663635254,33.0,2.334714651107788,4.429464340209961,50.0,1.911711573600769,4.0890793800354,49.0,0.9635574817657471,1.5563209056854248,24.0,362220627eed9ebebb90800b91b1dda39644cc060f139cff9275597a3ef1b3c4,ef526113ab4fc4edd43bd851f9dcda1b0a65da375958ed2446db6310293c6c03,ef526113ab4fc4edd43bd851f9dcda1b0a65da375958ed2446db6310293c6c03
cam0,251,12550000,True,True,True,True,0.0,0.0,0.0,1.4305287599563599,2.3456876277923584,33.0,2.3327207565307617,4.424342155456543,50.0,1.910735011100769,4.087574005126953,49.0,0.9635167717933655,1.5556381940841675,23.0,ddff12253fe6649d3b9adb58f87dc19280b5c6f957f3b870dcfb58634def4577,14d9f95c8ecd6c06274692312cb9c48701b01066f6727e7713d8294a113986ba,14d9f95c8ecd6c06274692312cb9c48701b01066f6727e7713d8294a113986ba
cam0,252,12600000,True,True,True,True,0.0,0.0,0.0,1.430722713470459,2.3452181816101074,33.0,2.3326754570007324,4.424846649169922,50.0,1.9107416868209839,4.086981773376465,49.0,0.9623028635978699,1.553886890411377,23.0,46eda1e477d83680e4e9df61d337434abc622ca85624945efd7dc4a7f6aed98b,b059bf32de9f08ef4e020f6fac4e491afaa92876572f01a1870f34e1eaf0c83f,b059bf32de9f08ef4e020f6fac4e491afaa92876572f01a1870f34e1eaf0c83f
cam0,253,12650000,True,True,True,True,0.0,0.0,0.0,1.4311896562576294,2.3455891609191895,33.0,2.333991050720215,4.427825450897217,50.0,1.910640001296997,4.087504863739014,49.0,0.9640050530433655,1.556525707244873,23.0,8bbebb34b7bfe5464f51ab2946cba8c31f5635c9cea1deba68dcf53de87869cf,f8dea3b75605c7de170dc2914b07916577deb81b88d51b728fc72a7f1f0001c3,f8dea3b75605c7de170dc2914b07916577deb81b88d51b728fc72a7f1f0001c3
cam0,254,12700000,True,True,True,True,0.0,0.0,0.0,1.4322677850723267,2.3466317653656006,33.0,2.3356211185455322,4.429360866546631,50.0,1.9115668535232544,4.0879740715026855,49.0,0.9637089371681213,1.5558946132659912,23.0,55a01def924ee58129a2962b3c89e3b40b2ea07fe0a000d4440be6e04f8105dd,105f6591d58ebbb3b63ba5bfc440b46ede8b64b64f1d38def368f399dedbb3c5,105f6591d58ebbb3b63ba5bfc440b46ede8b64b64f1d38def368f399dedbb3c5
cam0,255,12750000,True,True,True,True,0.0,0.0,0.0,1.431236982345581,2.345160722732544,33.0,2.3337831497192383,4.429033279418945,50.0,1.9096792936325073,4.086155891418457,49.0,0.9630669355392456,1.5547144412994385,23.0,9aa672be60f4ce2e29cc4d5960be0eb175a761a6f29147051acba182080808e7,6683fe307358a2ac6066738609e9ee6e005b54c66175d329ee22a5326627cac0,6683fe307358a2ac6066738609e9ee6e005b54c66175d329ee22a5326627cac0
cam0,256,12800000,True,True,True,True,0.0,0.0,0.0,1.4312341213226318,2.3451523780822754,33.0,2.3332767486572266,4.429788589477539,50.0,1.9101110696792603,4.086961269378662,49.0,0.9638920426368713,1.5571849346160889,23.0,57e79f0083d495e5760c0138a679dacb49d14401f412e4a1fe90488bc5dfa2eb,ba9c67cf9b520b60e8e116b0badc06ab80ba8fcbd9cb63422789ccc30de07017,ba9c67cf9b520b60e8e116b0badc06ab80ba8fcbd9cb63422789ccc30de07017
cam0,257,12850000,True,True,True,True,0.0,0.0,0.0,1.4316959381103516,2.345986843109131,33.0,2.3340725898742676,4.430261135101318,50.0,1.9095209836959839,4.086846828460693,49.0,0.9637767672538757,1.556933045387268,24.0,5f4592107ec3a70b53c5270711f51b0fbf3f9f3e96423e662c11f752efca4954,0c44d027478a2a94d893d429f707f775515815b35a75b3660d1b13445657de0f,0c44d027478a2a94d893d429f707f775515815b35a75b3660d1b13445657de0f
cam0,258,12900000,True,True,True,True,0.0,0.0,0.0,1.4316134452819824,2.3459272384643555,36.0,2.3341448307037354,4.429937362670898,50.0,1.9105383157730103,4.087441444396973,49.0,0.9640028476715088,1.556520700454712,24.0,e2bf9cf548dd87c3ca28705700fd6a04ca82d22effe77c80d64556c1aee6851c,99f4344e57082284dba348890f5c2cf77d29cab7a1abca54a18bdfd8ebf6819d,99f4344e57082284dba348890f5c2cf77d29cab7a1abca54a18bdfd8ebf6819d
cam0,259,12950000,True,True,True,True,0.0,0.0,0.0,1.4305779933929443,2.343640089035034,33.0,2.3308308124542236,4.4277729988098145,50.0,1.9086099863052368,4.086014270782471,49.0,0.9646425843238831,1.5557994842529297,24.0,f1c696f4aabd53deea0e2660d56bc93b82de681b19dee4372d815cc5a99a3a57,8318ceb43abfb8563f01af7693a72b542b7802901bb68a037a88b89dd85194ab,8318ceb43abfb8563f01af7693a72b542b7802901bb68a037a88b89dd85194ab
cam0,260,13000000,True,True,True,True,0.0,0.0,0.0,1.4304622411727905,2.343834161758423,33.0,2.3332338333129883,4.4288153648376465,50.0,1.9095209836959839,4.086419582366943,49.0,0.9639960527420044,1.5545450448989868,25.0,1573655888f8b988cb8e8953a44c0848f0743cf2218693b5b2d504503407cf86,0157260d1a3792e11c1424546a8f298a647ca4968485b9000585d09fdbe318d5,0157260d1a3792e11c1424546a8f298a647ca4968485b9000585d09fdbe318d5
cam0,261,13050000,True,True,True,True,0.0,0.0,0.0,1.4307935237884521,2.3444485664367676,34.0,2.333265542984009,4.428444862365723,50.0,1.9095820188522339,4.08655309677124,49.0,0.9640344977378845,1.555220365524292,24.0,2c382be3648dfd19489472abf14b75047500cd0c050ebf161467a8678bef85ac,df5796052f34ecd17c66c8573e5f62503d9fb0f3bd9361eda1d74dd5520ead62,df5796052f34ecd17c66c8573e5f62503d9fb0f3bd9361eda1d74dd5520ead62
cam0,262,13100000,True,True,True,True,0.0,0.0,0.0,1.431930661201477,2.345256805419922,34.0,2.3351621627807617,4.429999351501465,50.0,1.9111237525939941,4.088116645812988,49.0,0.9652529358863831,1.5560624599456787,24.0,96a343ad29cf15031413159fe1d23b539b64823f1b67b11c60f68cb53f3296d9,a3487a01d5704abebc64e88b2d6e90fcaf7436ffe49cc24befd038c5f9dc830f,a3487a01d5704abebc64e88b2d6e90fcaf7436ffe49cc24befd038c5f9dc830f
cam0,263,13150000,True,True,True,True,0.0,0.0,0.0,1.4306297302246094,2.343158483505249,34.0,2.3331682682037354,4.427765846252441,50.0,1.9101110696792603,4.086592197418213,49.0,0.9641407132148743,1.553846836090088,23.0,67289d1054deb7c9edc6843415f21f01a52d16b3b47ef59df623e9518e40d297,1b2832e3964a42ff5308e2a8833a0e42674eb791c312b09226c6849a38e6e74c,1b2832e3964a42ff5308e2a8833a0e42674eb791c312b09226c6849a38e6e74c
cam0,264,13200000,True,True,True,True,0.0,0.0,0.0,1.4316771030426025,2.3435425758361816,34.0,2.335758924484253,4.429931640625,50.0,1.910029649734497,4.086600303649902,49.0,0.9663650989532471,1.556101679801941,24.0,3fe0e8e36197ffb3fe83b8acab391790e89dc70a3fc1f9fb6ad6a18075bda7b3,9907aacfab079b12e8a91eab0a9c591d65999cac64863b17ed7e9c518167be24,9907aacfab079b12e8a91eab0a9c591d65999cac64863b17ed7e9c518167be24
cam0,265,13250000,True,True,True,True,0.0,0.0,0.0,1.4303573369979858,2.3428428173065186,34.0,2.3337786197662354,4.428628921508789,50.0,1.9101042747497559,4.0868144035339355,49.0,0.9645905494689941,1.5543755292892456,23.0,a8c0cf49a8babc1cb0c7a64936cab6ad9a1892363bb021a405412582a76fa2fe,91812f1231cf064f946f8b9a13ff632370daeb9be00d4de3bf349d4e88cfe35f,91812f1231cf064f946f8b9a13ff632370daeb9be00d4de3bf349d4e88cfe35f
cam0,266,13300000,True,True,True,True,0.0,0.0,0.0,1.4320963621139526,2.343963623046875,34.0,2.335679769515991,4.429196357727051,50.0,1.910676121711731,4.087371349334717,49.0,0.9660870432853699,1.5556795597076416,23.0,13bd98dcfc64946044a957aba3ddc9f9b86273914435f918a9fab4e7825f30fe,c0d1be46223636a87eb0c1b1bac604425ddd349577036b4a0af8bcdf1010c3e7,c0d1be46223636a87eb0c1b1bac604425ddd349577036b4a0af8bcdf1010c3e7
cam0,267,13350000,True,True,True,True,0.0,0.0,0.0,1.431355595588684,2.3430676460266113,34.0,2.334165334701538,4.428824424743652,50.0,1.91015625,4.087140083312988,49.0,0.9658836126327515,1.555556058883667,23.0,070dcac1ff1827c29a36403bd068d700466f9e06b5a8b89bdc546c9fd1a70555,220f581603646797ed6d0b4dcac124bcdce7126da2e4656cf93b862304f8d26a,220f581603646797ed6d0b4dcac124bcdce7126da2e4656cf93b862304f8d26a
cam0,268,13400000,True,True,True,True,0.0,0.0,0.0,1.4312000274658203,2.342862367630005,34.0,2.334226369857788,4.428581237792969,50.0,1.9101223945617676,4.087138652801514,49.0,0.9659966230392456,1.5554238557815552,23.0,35a3371e3a47545a86611ac5ec2ef926a4ed9891c67dc44b17d1921b50793e0e,47a50af2502b11efb41537756ac30c085eb32026f04840e57db0a9ff295af893,47a50af2502b11efb41537756ac30c085eb32026f04840e57db0a9ff295af893
cam0,269,13450000,True,True,True,True,0.0,0.0,0.0,1.4320337772369385,2.3434629440307617,34.0,2.3350377082824707,4.429129123687744,50.0,1.9104886054992676,4.087729454040527,49.0,0.9663786888122559,1.5552152395248413,23.0,614193cb70a4fae8165440fca65a353d89dda8efa2e91ae7ec6fe1407b616dd4,1dff74d8d589e0de34052d08e22abce0d8b6c8b7f60dc860c240e0f86b0c4ee0,1dff74d8d589e0de34052d08e22abce0d8b6c8b7f60dc860c240e0f86b0c4ee0
cam1,0,0,True,True,True,True,0.0,0.0,0.0,1.1279535293579102,1.6201525926589966,19.0,1.3718849420547485,2.210132122039795,30.0,0.8031458258628845,1.7413990497589111,30.0,0.9041838645935059,1.2844552993774414,12.0,179389d91d95d8163f9ff00777039e8b09a590f613cf0b5aabd0d9a8cd03eda8,f9ffb11b414012152ac05808e79131e5f179113bb6aac549009d52dc2e3a72b5,f9ffb11b414012152ac05808e79131e5f179113bb6aac549009d52dc2e3a72b5
cam1,1,50000,True,True,True,True,0.0,0.0,0.0,1.1265274286270142,1.6126880645751953,19.0,1.3660730123519897,2.1937344074249268,32.0,0.8008106350898743,1.7291110754013062,30.0,0.9035282731056213,1.2792953252792358,12.0,30ce8e93ec46698e158ee76c9757a907a797fa7266631f11971371ec6b65c453,2abe8f28319c3e5b8c2e6c738b7238d57d47f0cc91bd4d24522455afb84f166a,2abe8f28319c3e5b8c2e6c738b7238d57d47f0cc91bd4d24522455afb84f166a
cam1,2,100000,True,True,True,True,0.0,0.0,0.0,1.1330324411392212,1.618153691291809,16.0,1.3728433847427368,2.1948537826538086,33.0,0.8067672252655029,1.7285364866256714,29.0,0.9077284336090088,1.2841542959213257,13.0,ed247fd93eb263661a72ee3f8f28097a77119c0d977880c2f6ce661025718e65,2d55c09b62562e3d9236b47b49ea9c9829ba0af36f80b37699470b40460fca39,2d55c09b62562e3d9236b47b49ea9c9829ba0af36f80b37699470b40460fca39
cam1,3,150000,True,True,True,True,0.0,0.0,0.0,1.1329835653305054,1.6185933351516724,17.0,1.3734334707260132,2.195561647415161,33.0,0.8050062656402588,1.724453330039978,30.0,0.9084925055503845,1.2846171855926514,13.0,d356d812210012ae2f1ba903f416ff83126dcf522db832d270c851f615d592c9,2484ad109d606666d0bcb6f63905b089aa276d9eb821d71c0f4aa85a4dee9981,2484ad109d606666d0bcb6f63905b089aa276d9eb821d71c0f4aa85a4dee9981
cam1,4,200000,True,True,True,True,0.0,0.0,0.0,1.1412041187286377,1.6311745643615723,19.0,1.386565089225769,2.211324453353882,32.0,0.8150748014450073,1.7397541999816895,30.0,0.9143089056015015,1.2927521467208862,13.0,79fa37557d3d21d5e91a576dc553c9e46d68cd2212d709a1c2ca0e000d2255fd,b0725d5483ae2cd47a4752a4caaa1e5fd4bbab3ff58654540ef96804d48b4361,b0725d5483ae2cd47a4752a4caaa1e5fd4bbab3ff58654540ef96804d48b4361
cam1,5,250000,True,True,True,True,0.0,0.0,0.0,1.1367729902267456,1.620248794555664,18.0,1.3750022649765015,2.190889596939087,32.0,0.8056663274765015,1.7230618000030518,30.0,0.9097493290901184,1.2849620580673218,13.0,6507e2a0828722379135cd60a7b361d48f9114cd901d961c77b9283a5b6e6312,1c6f5e87aa62e9bc37ba3b16f5e035060ddd8d82cd446ed6e069845b761732d0,1c6f5e87aa62e9bc37ba3b16f5e035060ddd8d82cd446ed6e069845b761732d0
cam1,6,300000,True,True,True,True,0.0,0.0,0.0,1.1391681432724,1.6217308044433594,17.0,1.3765394687652588,2.1900887489318848,31.0,0.8076217174530029,1.7218708992004395,29.0,0.9109406471252441,1.2857192754745483,13.0,1b656752d100ae5736589422a978288207b670d023957f268bd913e7dad9c0b3,fbff21ee7d93082ae36468f0703ba82a8c22b53f23ece8233a3f28c628eca44b,fbff21ee7d93082ae36468f0703ba82a8c22b53f23ece8233a3f28c628eca44b
cam1,7,350000,True,True,True,True,0.0,0.0,0.0,1.1416099071502686,1.6248233318328857,17.0,1.3784247636795044,2.195319652557373,33.0,0.8090617060661316,1.7263975143432617,30.0,0.9123444557189941,1.2870837450027466,13.0,0e8719772d536d37799729482ef778630f495fa9380b1f2784bade34c9ca6666,9a674ab3e8d229f1e19eb8a5b30ab493ee563846c6d21bfcb0434b3f439dd99f,9a674ab3e8d229f1e19eb8a5b30ab493ee563846c6d21bfcb0434b3f439dd99f
cam1,8,400000,True,True,True,True,0.0,0.0,0.0,1.146697759628296,1.6330260038375854,18.0,1.3881677389144897,2.2113301753997803,31.0,0.8180699944496155,1.7385278940200806,28.0,0.9150187373161316,1.2922606468200684,14.0,818240cd868d8412acb650690fe836172b3fcc25dc769726adae0c21b3b54e8a,5c555e603613c817229e31cddf8aaae4f6e27f9d67c5546edfc4d32919724511,5c555e603613c817229e31cddf8aaae4f6e27f9d67c5546edfc4d32919724511
cam1,9,450000,True,True,True,True,0.0,0.0,0.0,1.1413010358810425,1.6228013038635254,18.0,1.3779997825622559,2.1960537433624268,32.0,0.8090707063674927,1.7270926237106323,29.0,0.9119963645935059,1.2864794731140137,14.0,13c72995b16637a0bffce8302ba3bfc60e0b3a39e53d71ba6575f38063ed30dd,09e5a104f5d832872918e5dc6282b21c74ef7c7ad5244da55ec2d68cf207a5bd,09e5a104f5d832872918e5dc6282b21c74ef7c7ad5244da55ec2d68cf207a5bd
cam1,10,500000,True,True,True,True,0.0,0.0,0.0,1.144578218460083,1.626457929611206,17.0,1.3801789283752441,2.197744369506836,34.0,0.8127644658088684,1.7276841402053833,31.0,0.9131221175193787,1.2871732711791992,14.0,f90b12f9f23bef55f76e938d3ce38fb22e9f3bb5cdc1787dc6958487e92841e5,fb8ebd8c8061d3874802b8f87bb2e136baba29c13cb345e600d90f4d871838c5,fb8ebd8c8061d3874802b8f87bb2e136baba29c13cb345e600d90f4d871838c5
cam1,11,550000,True,True,True,True,0.0,0.0,0.0,1.145229697227478,1.627812385559082,18.0,1.3809655904769897,2.1974780559539795,35.0,0.8131035566329956,1.7265979051589966,32.0,0.9138092994689941,1.2879247665405273,13.0,451a8906a9f7f62e9bc2670d709e5e59eaf85d9865662e8eb31be31e106acce2,1cc9961503905a7729b4b592035ae2cb9a603dd1f845aa1070f3b3f894d9c364,1cc9961503905a7729b4b592035ae2cb9a603dd1f845aa1070f3b3f894d9c364
cam1,12,600000,True,True,True,True,0.0,0.0,0.0,1.1524196863174438,1.6374452114105225,18.0,1.3914365768432617,2.210115432739258,36.0,0.8202243447303772,1.7379575967788696,33.0,0.9190493226051331,1.2938209772109985,13.0,53595e3443a8e2b11d7605528fa96330fac567ac4f31269668861481b5fe4449,edd8a65b1c120123ed4f287dda037346aac11c22140a93f410ae2309c041962f,edd8a65b1c120123ed4f287dda037346aac11c22140a93f410ae2309c041962f
cam1,13,650000,True,True,True,True,0.0,0.0,0.0,1.1459823846817017,1.6266568899154663,17.0,1.3804795742034912,2.19423770904541,36.0,0.8127667307853699,1.7257983684539795,32.0,0.9158935546875,1.28916335105896,12.0,903856c469a90b8599f3e4db16b8e9d4d1785f7851ffe2db2776532960ad6d09,2f708c6030c65b9301b268bdff0f8b1b56a35a08880c4fa9a24be9678a8aa34f,2f708c6030c65b9301b268bdff0f8b1b56a35a08880c4fa9a24be9678a8aa34f
cam1,14,700000,True,True,True,True,0.0,0.0,0.0,1.1498817205429077,1.6302478313446045,18.0,1.3856359720230103,2.2016279697418213,35.0,0.8176563382148743,1.7346910238265991,32.0,0.9178014397621155,1.2908210754394531,12.0,d8551f318d6e3abfb0b1879fedbd7d5b5643244821d0c43a08fd250a86d55695,06141fc7c0febc91462a4018800e749b885cddd608f88b10e57255aeb9a90f34,06141fc7c0febc91462a4018800e749b885cddd608f88b10e57255aeb9a90f34
cam1,15,750000,True,True,True,True,0.0,0.0,0.0,1.1510579586029053,1.631906509399414,18.0,1.3872206211090088,2.2029495239257812,34.0,0.8173896074295044,1.7342935800552368,32.0,0.9192414283752441,1.2919563055038452,12.0,dfa2a2356cb8557a180917a5654eda67e7cef073e3aa36a104d0cea74d63ea48,773088b9f0fc6c4560947669cf2bd69206f1d78e6a02397a45c3c1d560f60f63,773088b9f0fc6c4560947669cf2bd69206f1d78e6a02397a45c3c1d560f60f63
cam1,16,800000,True,True,True,True,0.0,0.0,0.0,1.1575477123260498,1.640878677368164,20.0,1.3972755670547485,2.21915340423584,34.0,0.8255072832107544,1.745759129524231,31.0,0.9234935641288757,1.2980997562408447,14.0,68814663c9a59a3ef11eea9f6ff09358cc0927f390fa86cc9c7ac9fb6ba4bb2c,61e38ee077d3f9b1ff87500d262ea7583ed4e35293cb96a2e7589f5cf89891b3,61e38ee077d3f9b1ff87500d262ea7583ed4e35293cb96a2e7589f5cf89891b3
cam1,17,850000,True,True,True,True,0.0,0.0,0.0,1.1498271226882935,1.6285979747772217,16.0,1.3865288496017456,2.200486421585083,33.0,0.8165396451950073,1.731663703918457,32.0,0.9175460338592529,1.2886064052581787,11.0,bc9a22d0ed72418b2c5eb93def6bcd481786b9d0c9ecf5c21ff324635ff29efd,4dc2258b0c56ece0ecfccba17d9f787ddb9bc13b1f8f813f152b48eda6d06656,4dc2258b0c56ece0ecfccba17d9f787ddb9bc13b1f8f813f152b48eda6d06656
cam1,18,900000,True,True,True,True,0.0,0.0,0.0,1.1515147686004639,1.6311023235321045,18.0,1.3889024257659912,2.2039098739624023,33.0,0.8186148405075073,1.7328161001205444,32.0,0.9188164472579956,1.2912596464157104,12.0,f8889d32071132342e30f4d4c04834bf8397f599cc4e6fc15778881959741e73,9af384e9f2d7b0a7002f7b4c88523e323bfe73e42a94fe0ac517feb19e493f24,9af384e9f2d7b0a7002f7b4c88523e323bfe73e42a94fe0ac517feb19e493f24
cam1,19,950000,True,True,True,True,0.0,0.0,0.0,1.152213215827942,1.6318506002426147,17.0,1.3882287740707397,2.201303005218506,34.0,0.8183684349060059,1.7311017513275146,32.0,0.9204282164573669,1.2923612594604492,12.0,784a92e2ef33f9073c3a72de9c3f1d72a5b598013fa5b14d05ba9dce5fa923d6,7568224a247626151f4445e91762e98e93e7638864ff8f7f7419f8f30c788a96,7568224a247626151f4445e91762e98e93e7638864ff8f7f7419f8f30c788a96
cam1,20,1000000,True,True,True,True,0.0,0.0,0.0,1.1568001508712769,1.6396701335906982,17.0,1.3977999687194824,2.2188029289245605,34.0,0.8280571699142456,1.7454107999801636,32.0,0.9208622574806213,1.294626235961914,13.0,11446b298040af6793218899cb2d6ca51517bbd4760ea72313964a3b6b75b9d0,7a9bda61519fb3a5645dc2ca032fc2d8428112cf91d8f5d06a38d6fb75faae0d,7a9bda61519fb3a5645dc2ca032fc2d8428112cf91d8f5d06a38d6fb75faae0d
cam1,21,1050000,True,True,True,True,0.0,0.0,0.0,1.1514363288879395,1.6319983005523682,18.0,1.3884096145629883,2.2010605335235596,31.0,0.8187685608863831,1.7289241552352905,32.0,0.9192097783088684,1.2916972637176514,12.0,aecae64dbb0adddf7724e82cb34db84292bf19412da9bf257315720a137a8795,ca4bdda43b75ed141c2a07e50840904f77830d7d3e0bd69f940deeb8678b0ab7,ca4bdda43b75ed141c2a07e50840904f77830d7d3e0bd69f940deeb8678b0ab7
cam1,22,1100000,True,True,True,True,0.0,0.0,0.0,1.1504416465759277,1.6299247741699219,17.0,1.3861083984375,2.20090651512146,36.0,0.8177309632301331,1.7303297519683838,32.0,0.9180501103401184,1.2911677360534668,12.0,47ad2b016c4d2487b67a607666a58930a083be8e216e49ac722fc1c567fd8784,6255195b6ae47982984ed191a6ec808e9e87a02cf2f1a16c86fe2dcdf86dc657,6255195b6ae47982984ed191a6ec808e9e87a02cf2f1a16c86fe2dcdf86dc657
cam1,23,1150000,True,True,True,True,0.0,0.0,0.0,1.1459548473358154,1.6244347095489502,17.0,1.3841801881790161,2.202044725418091,45.0,0.8161259293556213,1.7295012474060059,39.0,0.9177901744842529,1.2901020050048828,12.0,eeef164411651cae2c95f8dba9c6e06cb1c69a4d8a002d795f610c6fdd17d79e,0c8d6189f055d21941ede6d70216c01161ecb46271af6e497a4f0391dd04fc65,0c8d6189f055d21941ede6d70216c01161ecb46271af6e497a4f0391dd04fc65
cam1,24,1200000,True,True,True,True,0.0,0.0,0.0,1.1531401872634888,1.6415209770202637,16.0,1.3960932493209839,2.219632625579834,33.0,0.8204798102378845,1.743800163269043,31.0,0.9228990077972412,1.302584171295166,13.0,2b4547d8c145f22872cfe5a8d09bace3d9d6134e4dea784db71efbc620286906,2111b20871d3729fe499250c8214a7f45fcb4da2bf45f3d8502f0c2dbc2ec5c3,2111b20871d3729fe499250c8214a7f45fcb4da2bf45f3d8502f0c2dbc2ec5c3
cam1,25,1250000,True,True,True,True,0.0,0.0,0.0,1.144089937210083,1.6279418468475342,16.0,1.3817862272262573,2.198953151702881,32.0,0.8103389143943787,1.7267123460769653,31.0,0.9166576266288757,1.2929435968399048,12.0,145f3416872f30b6954605f55c60d55b7891ded35d75f075c0efe1949b5f0cde,06a926c3bb04384114a2f2b642972f9b137087a91ee5aabb11b4b9d399b16c6b,06a926c3bb04384114a2f2b642972f9b137087a91ee5aabb11b4b9d399b16c6b
cam1,26,1300000,True,True,True,True,0.0,0.0,0.0,1.1471437215805054,1.6300241947174072,18.0,1.3840082883834839,2.2036046981811523,32.0,0.8136122226715088,1.729803204536438,30.0,0.9187531471252441,1.2941170930862427,12.0,5f7022585a8a37c125c1ff49cf7784e87582098e062bd433b787444ce4524d1c,87e1fe711c7d68bc42cd595ae39b4f55a45f02ca832faf683bcc179527a75dbd,87e1fe711c7d68bc42cd595ae39b4f55a45f02ca832faf683bcc179527a75dbd
cam1,27,1350000,True,True,True,True,0.0,0.0,0.0,1.147841453552246,1.6302319765090942,16.0,1.384761095046997,2.207322835922241,32.0,0.8127712607383728,1.7336710691452026,30.0,0.9193567633628845,1.2944602966308594,12.0,19eb7264084ef76917b573ed91494d7f769abc5a64fe344b8d0ed40d9e9e5e76,be76efd49ed46d4bfc03ef812003c146756ad000f744131a3062e653034730e0,be76efd49ed46d4bfc03ef812003c146756ad000f744131a3062e653034730e0
cam1,28,1400000,True,True,True,True,0.0,0.0,0.0,1.157938003540039,1.6439318656921387,17.0,1.399958848953247,2.230222463607788,41.0,0.8245691657066345,1.7517346143722534,39.0,0.9259937405586243,1.3033431768417358,12.0,c78667f7c8bc2b2be7fd24a20a30a516c0535d9db3bba01dba573de622205942,34ff3aab3f48b2eb5800b8b8fd6016f2720bead88afc4637fc20ea1234930e9e,34ff3aab3f48b2eb5800b8b8fd6016f2720bead88afc4637fc20ea1234930e9e
cam1,29,1450000,True,True,True,True,0.0,0.0,0.0,1.1509813070297241,1.6341948509216309,17.0,1.3897343873977661,2.2153117656707764,35.0,0.8166684508323669,1.740988850593567,31.0,0.9234393239021301,1.299716591835022,11.0,9fae9989686437ca19e93144e77d18caad0c2e62c45a0e152059cf3f1d5f83a3,474e86a56039ae15d408499be2e030521908b6569a3e18e745cb04bee5848b89,474e86a56039ae15d408499be2e030521908b6569a3e18e745cb04bee5848b89
cam1,30,1500000,True,True,True,True,0.0,0.0,0.0,1.1514242887496948,1.6342360973358154,25.0,1.3895173072814941,2.207504987716675,36.0,0.8160558342933655,1.7353320121765137,33.0,0.9242373108863831,1.2990772724151611,11.0,11429159a44e71f7deab96b6f839e28ef8005094d322209226c6f7f16979e2e4,7800b6b9df29152158a90edcc19c6ea532e4dd32f1d120f1332a09aef86b1024,7800b6b9df29152158a90edcc19c6ea532e4dd32f1d120f1332a09aef86b1024
cam1,31,1550000,True,True,True,True,0.0,0.0,0.0,1.1516886949539185,1.6338205337524414,18.0,1.3874285221099854,2.199505090713501,35.0,0.8145435452461243,1.7296802997589111,31.0,0.9209797978401184,1.2955652475357056,13.0,f12fcd653128b581189a9c2d9c08be28b1aac88fd35d1bf73c31a5b855faff63,5f0063e83b7256d1bfc9dc4ffb60e186ef98d7f3e2deced1de808b54bb442406,5f0063e83b7256d1bfc9dc4ffb60e186ef98d7f3e2deced1de808b54bb442406
cam1,32,1600000,True,True,True,True,0.0,0.0,0.0,1.1606802940368652,1.6461225748062134,32.0,1.39990234375,2.225689649581909,36.0,0.8253083229064941,1.7520861625671387,33.0,0.9261203408241272,1.302071213722229,13.0,1b88a389965f7cf8e81b51c1d873e28e0897ca9981d6d4a3dd65f8438427d6c5,399ac35613f47f90149a781748dccde01d8edef551e2715552190d343f72e4ec,399ac35613f47f90149a781748dccde01d8edef551e2715552190d343f72e4ec
cam1,33,1650000,True,True,True,True,0.0,0.0,0.0,1.155188798904419,1.6374760866165161,18.0,1.3922978639602661,2.213655948638916,33.0,0.8168470859527588,1.7397581338882446,31.0,0.9237083196640015,1.298330545425415,13.0,37ba93669b8ce1dcfd1dae05ac042abbbd9fd446985b28fc0d8264403917e12e,01af88b8aa5f6f90fa358caa528f1791a80495ce99aa06168e4e106a38e91467,01af88b8aa5f6f90fa358caa528f1791a80495ce99aa06168e4e106a38e91467
cam1,34,1700000,True,True,True,True,0.0,0.0,0.0,1.1586910486221313,1.641443133354187,31.0,1.3998051881790161,2.222630023956299,37.0,0.8207555413246155,1.7464803457260132,34.0,0.92889404296875,1.304044485092163,14.0,479bc3620fcd41f0e8686d900d828d24491482da8e228c15666ec8b72cb925fd,ea44e324839358af89cb0859da3b56a0332e5d277c67baa1b1bf4619a93e2edb,ea44e324839358af89cb0859da3b56a0332e5d277c67baa1b1bf4619a93e2edb
cam1,35,1750000,True,True,True,True,0.0,0.0,0.0,1.1576826572418213,1.6403330564498901,23.0,1.3950217962265015,2.2149174213409424,34.0,0.8214744329452515,1.744187831878662,31.0,0.9258603453636169,1.3010317087173462,16.0,85f7778e47791fdbfb79fccb0bcd585aed64db1cd81c2b7b534a9e525ffe9b25,7c3bfa2adc905a9646731bedae74da0c0f736f117789444faf674681e3d0887e,7c3bfa2adc905a9646731bedae74da0c0f736f117789444faf674681e3d0887e
cam1,36,1800000,True,True,True,True,0.0,0.0,0.0,1.1633654832839966,1.64854896068573,31.0,1.4045816659927368,2.230006217956543,44.0,0.8290156722068787,1.7545126676559448,43.0,0.9304741621017456,1.3075942993164062,24.0,ce96b297b2540b8faeb9961260d49544b9221ca489ee3b40481d1c50ad7999f9,8ab0acb949dfe3e349be08f37e58602e397c058700f5abf84bf306d01a174cd1,8ab0acb949dfe3e349be08f37e58602e397c058700f5abf84bf306d01a174cd1
cam1,37,1850000,True,True,True,True,0.0,0.0,0.0,1.1584309339523315,1.6397253274917603,28.0,1.3954377174377441,2.2104640007019043,32.0,0.8208075761795044,1.7347692251205444,30.0,0.9275309443473816,1.3009804487228394,12.0,b5781187ed061fc4bfc963ad4cb92990d1deeb4873f3ed2d901e91df9ec0fc70,dac3e15807736cb7dcaf951a2aa1a7ce8cbb57f4641d41391f5711984e8efe0b,dac3e15807736cb7dcaf951a2aa1a7ce8cbb57f4641d41391f5711984e8efe0b
cam1,38,1900000,True,True,True,True,0.0,0.0,0.0,1.1597927808761597,1.642148733139038,32.0,1.398503065109253,2.216735363006592,39.0,0.8239181041717529,1.7416995763778687,39.0,0.9283040165901184,1.3023455142974854,19.0,83d46a2e34b687b2181999bb2960ec046cff38c3533fd481cab5a32edf17bd3e,659259c256f3e2628f1d9860d0ceef49a283c485b638944084dda355f6822beb,659259c256f3e2628f1d9860d0ceef49a283c485b638944084dda355f6822beb
cam1,39,1950000,True,True,True,True,0.0,0.0,0.0,1.1611400842666626,1.6428622007369995,28.0,1.4000650644302368,2.2189781665802,33.0,0.8235699534416199,1.7411972284317017,30.0,0.9284510016441345,1.3024001121520996,16.0,42f4bfcb1d4be1b685746c37d23c3c7f5f880a29af41f3726f39bbfb3985872e,375bc54ccb5d8d9550143118e1f0c8b15a8a6097b4c0c02809a81e52759b910e,375bc54ccb5d8d9550143118e1f0c8b15a8a6097b4c0c02809a81e52759b910e
cam1,40,2000000,True,True,True,True,0.0,0.0,0.0,1.1689728498458862,1.6526743173599243,56.0,1.4093741178512573,2.2309203147888184,34.0,0.8323409557342529,1.7533998489379883,30.0,0.93426513671875,1.3082709312438965,26.0,28509f0ad5a7aa879b463b965c734216cfb78d6c793dcf68c98fe44604e9185b,8b37679b17e9cde47d9e135f8310e3a929edec632660a1e0ec5da928d31b92ac,8b37679b17e9cde47d9e135f8310e3a929edec632660a1e0ec5da928d31b92ac
cam1,41,2050000,True,True,True,True,0.0,0.0,0.0,1.161680817604065,1.6416397094726562,21.0,1.4004178047180176,2.215202569961548,30.0,0.8217660188674927,1.7369205951690674,29.0,0.9315841197967529,1.305288553237915,18.0,f25aef7becc8dfb6b2c325b11c52f097686dcfc45f605d4ae1ef66884e9f0fcb,7fcfbd7648bd1d92608e37a6db82cfa87b86414df662c86d8e4fc5ff6446da4b,7fcfbd7648bd1d92608e37a6db82cfa87b86414df662c86d8e4fc5ff6446da4b
cam1,42,2100000,True,True,True,True,0.0,0.0,0.0,1.1625224351882935,1.6438274383544922,28.0,1.400639295578003,2.2192561626434326,38.0,0.8260882496833801,1.745140790939331,39.0,0.9287403225898743,1.3028253316879272,25.0,cf127351c1338220c0d5e4138fe1785f3b1bfb289dafe70e6e54f07acf293e48,925da70511a28407bd9d82f92a41e7464c0413b15eed9e3bad66c64c2cd9f63b,925da70511a28407bd9d82f92a41e7464c0413b15eed9e3bad66c64c2cd9f63b
cam1,43,2150000,True,True,True,True,0.0,0.0,0.0,1.1627506017684937,1.6433409452438354,22.0,1.3995699882507324,2.2135279178619385,33.0,0.8234275579452515,1.7373636960983276,29.0,0.9302504062652588,1.3041138648986816,19.0,fbcd2c9924cf554d56bf5160ea01a688fb056aeda5c8931054189015e1357d0f,267544009ae22863eb1ff18dd3e9d485ad57df98b491d10e14017fa2a268d42a,267544009ae22863eb1ff18dd3e9d485ad57df98b491d10e14017fa2a268d42a
cam1,44,2200000,True,True,True,True,0.0,0.0,0.0,1.170324444770813,1.653807282447815,25.0,1.41326904296875,2.240429639816284,33.0,0.8354966640472412,1.7628117799758911,31.0,0.9364781975746155,1.3102693557739258,21.0,27ffaf4054d0c5b072e8786718c29b4c93661863c53847077be0553ceea31c77,5e1dd7ac1f014acb573f8c75b07fb5644bbf4363ba7d72ce0400245ff1528237,5e1dd7ac1f014acb573f8c75b07fb5644bbf4363ba7d72ce0400245ff1528237
cam1,45,2250000,True,True,True,True,0.0,0.0,0.0,1.163560152053833,1.643290638923645,26.0,1.4039984941482544,2.2216060161590576,34.0,0.8263165354728699,1.7474974393844604,32.0,0.9325041770935059,1.3046207427978516,22.0,c55ef7a3870f8d56e1b3a4b8d3fac14a0206a566c640b5f9e10bc26cff9069ef,23350a727e82efc57160ebb7fc18af85841389228afc5db0b34fa9e5ad33ed78,23350a727e82efc57160ebb7fc18af85841389228afc5db0b34fa9e5ad33ed78
cam1,46,2300000,True,True,True,True,0.0,0.0,0.0,1.1650737524032593,1.6449228525161743,34.0,1.405339002609253,2.2232096195220947,33.0,0.8288393616676331,1.7474106550216675,30.0,0.9328681230545044,1.306889533996582,25.0,23f9fd8f65d250553ab93b0123df4816fcd4b27cc62c8e9b728d20e93d78fd7f,e06eb5435091aa1005324b8370cdee541532c6124302fab3be41f6716328eb27,e06eb5435091aa1005324b8370cdee541532c6124302fab3be41f6716328eb27
cam1,47,2350000,True,True,True,True,0.0,0.0,0.0,1.1652021408081055,1.6461013555526733,33.0,1.4047942161560059,2.221959114074707,35.0,0.8275146484375,1.7499845027923584,29.0,0.9318305253982544,1.305344820022583,29.0,c311f2a3f3e36e52f1e3220c7b315daac7a7b2599f0c19a057b18cef8d6ef2df,bdcd6217c3bfc0720eddedd3abc5f67955513560a1ec4430b64e8d42285a61cd,bdcd6217c3bfc0720eddedd3abc5f67955513560a1ec4430b64e8d42285a61cd
cam1,48,2400000,True,True,True,True,0.0,0.0,0.0,1.174017310142517,1.6571986675262451,39.0,1.4179213047027588,2.2455079555511475,31.0,0.8397578597068787,1.7727458477020264,29.0,0.9365302324295044,1.3116531372070312,29.0,a9f7d3e3b1eafe79cdfe2b12d12f812699388351571db2f034d53765fbcc0e0e,c4f48cc393849057f91c428e36ce17b247b64ae44778570df1ecbd01319a475a,c4f48cc393849057f91c428e36ce17b247b64ae44778570df1ecbd01319a475a
cam1,49,2450000,True,True,True,True,0.0,0.0,0.0,1.1670185327529907,1.646920084953308,27.0,1.4058454036712646,2.222525119781494,38.0,0.8284415006637573,1.750295877456665,30.0,0.9336457252502441,1.3068047761917114,24.0,0876beb1a6b391c15ec8d06cb069e9b6372e3c60c1a4ccd1d52bb7d3fea1bc29,b3abf32039136b7e569a02066a84daa8178153c2d141490fc72b4ae0834891a3,b3abf32039136b7e569a02066a84daa8178153c2d141490fc72b4ae0834891a3
cam1,50,2500000,True,True,True,True,0.0,0.0,0.0,1.1694968938827515,1.6493717432022095,33.0,1.4078798294067383,2.22845721244812,38.0,0.8312016129493713,1.7567884922027588,29.0,0.9339644908905029,1.3075441122055054,27.0,c7333a15d1de2e0a33188fc63855b3ac3bae01ca66d80806df7ca872955e6b38,90f88dc3f021047080072e45e04a38003929af766211b83e87019bcb1d9aaa9d,90f88dc3f021047080072e45e04a38003929af766211b83e87019bcb1d9aaa9d
cam1,51,2550000,True,True,True,True,0.0,0.0,0.0,1.1678229570388794,1.6482540369033813,25.0,1.4072107076644897,2.2301862239837646,31.0,0.8314434885978699,1.7599517107009888,29.0,0.9325109124183655,1.3062597513198853,17.0,608e542c35af9546efbffc4cf53d7a9408304b09d4fb82f5c10586ab1a832ec2,88cf1090bb32cb75484750f96947fdf0b3c25203fe7a64ce4db6f2dcf14a4fdf,88cf1090bb32cb75484750f96947fdf0b3c25203fe7a64ce4db6f2dcf14a4fdf
cam1,52,2600000,True,True,True,True,0.0,0.0,0.0,1.1752618551254272,1.6599916219711304,25.0,1.415705919265747,2.2424848079681396,32.0,0.8397623896598816,1.7708345651626587,29.0,0.9363177418708801,1.3112068176269531,23.0,ecbac037afcdb07f56f5acc2f4ce2f50365a9e46ec4562406e76a69544687f7a,c7bfaf25296377218959f46f753e0aab0fcbef047f85b0e2dfbc7de83a89bf02,c7bfaf25296377218959f46f753e0aab0fcbef047f85b0e2dfbc7de83a89bf02
cam1,53,2650000,True,True,True,True,0.0,0.0,0.0,1.167222261428833,1.6481990814208984,25.0,1.4065778255462646,2.2247443199157715,30.0,0.8290292024612427,1.7527066469192505,29.0,0.9317966103553772,1.3051552772521973,15.0,916a088dcdf71a1520beecb2c9102e0a9c4a8763e2631bf833c8dad4a2ed93f6,7e3222a97a59ffb428e8881501956e472666dd09c09e5582f784fe4973a74e3c,7e3222a97a59ffb428e8881501956e472666dd09c09e5582f784fe4973a74e3c
cam1,54,2700000,True,True,True,True,0.0,0.0,0.0,1.1505374908447266,1.6339492797851562,25.0,1.392487645149231,2.2136683464050293,31.0,0.8195642828941345,1.7467604875564575,30.0,0.9202812910079956,1.2968131303787231,23.0,b21228724e3ac37c63991a43b597c944b8a5e8c6b61fb94832a0cd5df849716e,92b4753de65210e490633bbf997723f0609de55166b77c34ec4b88d4e1819fdf,92b4753de65210e490633bbf997723f0609de55166b77c34ec4b88d4e1819fdf
cam1,55,2750000,True,True,True,True,0.0,0.0,0.0,1.152170181274414,1.635214924812317,26.0,1.3912625312805176,2.2160892486572266,36.0,0.8189403414726257,1.7470672130584717,34.0,0.9204983115196228,1.2974318265914917,19.0,969650e11c7844968151153d5d6c8d3a1f435093b1f81418f0b7531848306c8e,74ac17eaf22fe91abf541216571f7e8d606251f274be3f259f68a0cf9eaaecb8,74ac17eaf22fe91abf541216571f7e8d606251f274be3f259f68a0cf9eaaecb8
cam1,56,2800000,True,True,True,True,0.0,0.0,0.0,1.162893533706665,1.6515398025512695,36.0,1.4074255228042603,2.235631227493286,31.0,0.8319205045700073,1.7614802122116089,29.0,0.9267917275428772,1.3062148094177246,18.0,f1033b7a684d962edf660e75f137e258049284565b3053a63dbeb5594b19a945,2023eadba978712d73105812fdd45a0c74cf1f693cf32cfd26eb5d439129b351,2023eadba978712d73105812fdd45a0c74cf1f693cf32cfd26eb5d439129b351
cam1,57,2850000,True,True,True,True,0.0,0.0,0.0,1.1524438858032227,1.6367579698562622,32.0,1.3916196823120117,2.2097413539886475,31.0,0.8200186491012573,1.7398782968521118,30.0,0.9217212796211243,1.2993513345718384,14.0,c95e2967791556cdc03ffdebd575378e38ecf22a5e2b3c93eb8afe86bf40ff91,d7faddf13c01421cab290aac6f1309763f1132600fe7612ef60bd8219bf9f910,d7faddf13c01421cab290aac6f1309763f1132600fe7612ef60bd8219bf9f910
cam1,58,2900000,True,True,True,True,0.0,0.0,0.0,1.155361294746399,1.6397432088851929,24.0,1.3944318294525146,2.2151639461517334,31.0,0.8226792812347412,1.746642827987671,30.0,0.9228402376174927,1.2997157573699951,15.0,b37b3adb79b59a29dfd31fe25b37a98f84650016e0683cdd35b0f861eda8c82b,0afec3c17b504dbd3166993228293c0b780dc3a32af139c07f4e4b7dd529fed4,0afec3c17b504dbd3166993228293c0b780dc3a32af139c07f4e4b7dd529fed4
cam1,59,2950000,True,True,True,True,0.0,0.0,0.0,1.155664086341858,1.6406155824661255,31.0,1.3969862461090088,2.2228450775146484,35.0,0.8238683342933655,1.7518571615219116,34.0,0.9239162802696228,1.3003277778625488,21.0,a8b68eddc9840a73ea91fa73b9550ee64d456bc7c7bd705c729d5e1e76a1bab0,95a878bfa0415e7b614ad601ae92b18f82a8de10728014a67a853ab8e4a7fd51,95a878bfa0415e7b614ad601ae92b18f82a8de10728014a67a853ab8e4a7fd51
cam1,60,3000000,True,True,True,True,0.0,0.0,0.0,1.1648235321044922,1.6519278287887573,20.0,1.4107078313827515,2.2397589683532715,29.0,0.8338848948478699,1.763840675354004,28.0,0.9316360950469971,1.3094289302825928,13.0,0ace6426682748b46f8f094d4a50895f41477428a47ce98688f8f807ad5e23e5,48163de0d7a6e2343621c444054b5785ee290d63f7ac9d1eb83d6d1b9ac01fec,48163de0d7a6e2343621c444054b5785ee290d63f7ac9d1eb83d6d1b9ac01fec
cam1,61,3050000,True,True,True,True,0.0,0.0,0.0,1.1562727689743042,1.6391332149505615,18.0,1.3969930410385132,2.212906837463379,31.0,0.8213093876838684,1.7388029098510742,28.0,0.9276575446128845,1.3046503067016602,12.0,4eb129c525862e453c67918c6d4bbc338e8bbcd27f3a208b50e4fa4bb43a0e2b,416279adf89d59a1e60b521551db641475d72a871bc8597b70c3e9f8dfc5a387,416279adf89d59a1e60b521551db641475d72a871bc8597b70c3e9f8dfc5a387
cam1,62,3100000,True,True,True,True,0.0,0.0,0.0,1.1571600437164307,1.6407734155654907,25.0,1.3977073431015015,2.216228485107422,35.0,0.8240989446640015,1.7436245679855347,28.0,0.9256546497344971,1.3032217025756836,16.0,19ebca7ad8f97b2cbf7822af7d5b013129179dc33fb8364f2cd26f8dbe5ff054,e502c70662adb4f2397be8aace471591455bfe120a331a95d03d7c445619735f,e502c70662adb4f2397be8aace471591455bfe120a331a95d03d7c445619735f
cam1,63,3150000,True,True,True,True,0.0,0.0,0.0,1.157713770866394,1.640951156616211,17.0,1.4001623392105103,2.2193241119384766,35.0,0.8232331275939941,1.7445791959762573,28.0,0.9267013072967529,1.302344560623169,13.0,e65c86fea32b0a8b3e75bb3c2ce509e7d8e1ececa9d5b9f7d829d06d1ed4283c,964f93c16a13ae5f4c2001814ec02e45d7f91b2389f4c91a8452ac7ee9f62c92,964f93c16a13ae5f4c2001814ec02e45d7f91b2389f4c91a8452ac7ee9f62c92
cam1,64,3200000,True,True,True,True,0.0,0.0,0.0,1.1655997037887573,1.6525603532791138,25.0,1.4073915481567383,2.2338078022003174,35.0,0.8332361578941345,1.7577018737792969,28.0,0.9287968277931213,1.3070495128631592,12.0,11d9228ef7104242a8566bdf336bd9a63644090d9e4e03abae7c9d4694e339cb,2a4008e2515db6fa01e81dfd285009ef0a93348ac92a0e075c637d22640ee6be,2a4008e2515db6fa01e81dfd285009ef0a93348ac92a0e075c637d22640ee6be
cam1,65,3250000,True,True,True,True,0.0,0.0,0.0,1.1584244966506958,1.64060640335083,22.0,1.3996062278747559,2.2218456268310547,35.0,0.8242775201797485,1.7468063831329346,30.0,0.9274744391441345,1.3033734560012817,16.0,491f2baf43538212c83eb2bf79f9d04c673f43a4d2949327957df98aa4c29745,27731af8a8a9824301989b703bb992ed810ec7eec36cd632cf05f38701c9f577,27731af8a8a9824301989b703bb992ed810ec7eec36cd632cf05f38701c9f577
cam1,66,3300000,True,True,True,True,0.0,0.0,0.0,1.1604423522949219,1.6421386003494263,31.0,1.4020227193832397,2.2221288681030273,35.0,0.8251975774765015,1.7496531009674072,32.0,0.9294003844261169,1.3054704666137695,20.0,9af6801d63ea99bd9685157dfbb8a0b5727a8d1ee2eb0593981fdb4f0dd1aade,d87a14549a0364adcc867d7defbf794272201a5198bb7e411e59f5b7d0883323,d87a14549a0364adcc867d7defbf794272201a5198bb7e411e59f5b7d0883323
cam1,67,3350000,True,True,True,True,0.0,0.0,0.0,1.1599905490875244,1.64029061794281,22.0,1.399296522140503,2.2131361961364746,32.0,0.8223198652267456,1.7407901287078857,28.0,0.9281005859375,1.3020000457763672,14.0,487c7444decbdb30479953d38eb78b59d6823b25471cb18b7d0e26da5ebc4b88,308aefda472a66b3f99222dbf982d60879776a03c0ef20f34b68c535f8cfabe3,308aefda472a66b3f99222dbf982d60879776a03c0ef20f34b68c535f8cfabe3
cam1,68,3400000,True,True,True,True,0.0,0.0,0.0,1.1664153337478638,1.6494230031967163,27.0,1.4100522994995117,2.233609914779663,32.0,0.8319724798202515,1.7559938430786133,31.0,0.9315321445465088,1.3073279857635498,14.0,674e3556f8563c1978c46336f1125e02ff215ede09a7ce6648dca3f08b1bbe25,1dc1bb94f4dd88b76155fcc5b03c6f0ded0cbb776f259373958bf77d24259e38,1dc1bb94f4dd88b76155fcc5b03c6f0ded0cbb776f259373958bf77d24259e38
cam1,69,3450000,True,True,True,True,0.0,0.0,0.0,1.1587886810302734,1.6373201608657837,22.0,1.3980441093444824,2.2094733715057373,32.0,0.8192296624183655,1.7310644388198853,28.0,0.9267238974571228,1.3006198406219482,16.0,05b7fcb7a247e51a46443868a33f8b17b53c21704e2ce36f62387606ce3601a7,9f3177b0517ac80663630bffeaf2edf4b0672f9f04ab0ba73e5d2ed380cd4d1a,9f3177b0517ac80663630bffeaf2edf4b0672f9f04ab0ba73e5d2ed380cd4d1a
cam1,70,3500000,True,True,True,True,0.0,0.0,0.0,1.1597161293029785,1.6380975246429443,17.0,1.3970563411712646,2.2050373554229736,32.0,0.8196976184844971,1.7273786067962646,27.0,0.9297575950622559,1.304181456565857,14.0,41929733d237548200d6024e6b93c2c8b6ec5ce17b892cc56b9138e3cdbe6a48,5c93a814d058add4bf087d20893b91e51f3cfebeae76604ec809e79132a1c33e,5c93a814d058add4bf087d20893b91e51f3cfebeae76604ec809e79132a1c33e
cam1,71,3550000,True,True,True,True,0.0,0.0,0.0,1.1603161096572876,1.6380819082260132,18.0,1.3970223665237427,2.2028591632843018,29.0,0.8186554908752441,1.7257925271987915,28.0,0.9289031028747559,1.302030324935913,12.0,dfebe9f2de56ffa08dfe50640e07cfb58c45cf70c6d582f1784f4ad774ccdf4e,51ae23f2f932d94d2a887e9baad8ffe885f9ea9d86f665ff9efacd09a90c02dd,51ae23f2f932d94d2a887e9baad8ffe885f9ea9d86f665ff9efacd09a90c02dd
cam1,72,3600000,True,True,True,True,0.0,0.0,0.0,1.1678352355957031,1.6501539945602417,22.0,1.4087117910385132,2.2245514392852783,34.0,0.8285816311836243,1.740917444229126,31.0,0.9331212639808655,1.3081430196762085,12.0,751db5d363c69a128fae93b661252cd61255cd2bc815f3701a1eceb7a8143547,9653dcc94ebb075bab2f31d27174c32e4328a9e18435bba9322be1a37bad6b7a,9653dcc94ebb075bab2f31d27174c32e4328a9e18435bba9322be1a37bad6b7a
cam1,73,3650000,True,True,True,True,0.0,0.0,0.0,1.1602632999420166,1.6382519006729126,25.0,1.3940248489379883,2.2001216411590576,31.0,0.8175795078277588,1.7225960493087769,28.0,0.9272347688674927,1.3002008199691772,16.0,2d186dd1999bb1e1376193e2086b313837af8774bd51ae0a484c8fd1e2ccbd79,95d7dbd684dc8fba1c28edbbc66103f52ba6bc6f39deb581b5e07d083f442136,95d7dbd684dc8fba1c28edbbc66103f52ba6bc6f39deb581b5e07d083f442136
cam1,74,3700000,True,True,True,True,0.0,0.0,0.0,1.1643941402435303,1.6424401998519897,25.0,1.40191650390625,2.209850311279297,31.0,0.8208392262458801,1.7287319898605347,28.0,0.9344346523284912,1.3069043159484863,16.0,712bcfd5714ddd1d4863204522a298c8129c4f92521435c204947f3ae2ff7071,6677a8670ab28d69c19b58c3b4da2e0dfcc64af85fe988ab84d3531b632f9214,6677a8670ab28d69c19b58c3b4da2e0dfcc64af85fe988ab84d3531b632f9214
cam1,75,3750000,True,True,True,True,0.0,0.0,0.0,1.1630603075027466,1.641160249710083,24.0,1.3985708951950073,2.20668625831604,32.0,0.8195461630821228,1.7255003452301025,28.0,0.9315773248672485,1.304409384727478,17.0,3f1a290e8a61d5d0e32e1d7ebd93f2648f3a4dfeef01af70c1b694c95250d908,9d2c8739d735c27a702fb34a97fc855ffdb389e43b73b5c9bf888570347e84c5,9d2c8739d735c27a702fb34a97fc855ffdb389e43b73b5c9bf888570347e84c5
cam1,76,3800000,True,True,True,True,0.0,0.0,0.0,1.1685062646865845,1.6494922637939453,30.0,1.407414197921753,2.2180943489074707,32.0,0.8270580172538757,1.734210729598999,29.0,0.9335463047027588,1.3068031072616577,19.0,4923500afc8f8bf4100cd5338f26beecdf793b6ed0e44384c1f31076168e451c,bd5aff413aa2aa850b229498bfa5e84e20f04bcb5ca0625f87eace02c4214e40,bd5aff413aa2aa850b229498bfa5e84e20f04bcb5ca0625f87eace02c4214e40
cam1,77,3850000,True,True,True,True,0.0,0.0,0.0,1.1597696542739868,1.6363986730575562,26.0,1.392216444015503,2.188570261001587,32.0,0.8162615895271301,1.7160621881484985,29.0,0.9296649098396301,1.3011020421981812,14.0,8dd5e4e4e7c7a81358d7477ac99eb3188a9ab358275aa91eb9ceca5ca72fe4aa,7158d75be2eddec542c5999895eb195de81a906cf019e4a41c42a4088f7a6e9c,7158d75be2eddec542c5999895eb195de81a906cf019e4a41c42a4088f7a6e9c
cam1,78,3900000,True,True,True,True,0.0,0.0,0.0,1.1604727506637573,1.6367167234420776,25.0,1.3930166959762573,2.191136598587036,33.0,0.8186736106872559,1.7192555665969849,29.0,0.9283605217933655,1.3000792264938354,14.0,fd0967cf7051949cda2d0e933b5bd1b0a1da6e17dbc76f3e68a17c36fedd766f,2e9207196015bc028d7dfc71354e474aa2a55685cff174a71e2e7b91bea79b43,2e9207196015bc028d7dfc71354e474aa2a55685cff174a71e2e7b91bea79b43
cam1,79,3950000,True,True,True,True,0.0,0.0,0.0,1.1612958908081055,1.637660026550293,20.0,1.3919564485549927,2.189690113067627,33.0,0.8167294859886169,1.7141385078430176,28.0,0.9297055602073669,1.3014564514160156,11.0,dbe7b6bdca25b44926042d6c2cc660488c8fa73cefbe9ba457ef390970b08b14,962cc9da9750d793de117e395d433efd91c175fd6278354528aed7a1fe7cbd38,962cc9da9750d793de117e395d433efd91c175fd6278354528aed7a1fe7cbd38
cam1,80,4000000,True,True,True,True,0.0,0.0,0.0,1.167743444442749,1.646594524383545,27.0,1.4019865989685059,2.2059171199798584,31.0,0.8242096900939941,1.7238415479660034,29.0,0.9323639869689941,1.3059076070785522,13.0,68306665ad098df22b69d3414e6d011c131fa66f1917d77a44aa2e305767c98f,3b22241e34762b37e60bc33d59fb647d51c05551508a6256fd97880df3b4dbd5,3b22241e34762b37e60bc33d59fb647d51c05551508a6256fd97880df3b4dbd5
cam1,81,4050000,True,True,True,True,0.0,0.0,0.0,1.1609809398651123,1.6367498636245728,20.0,1.3925284147262573,2.1913089752197266,30.0,0.8153483271598816,1.712834358215332,29.0,0.9292128086090088,1.300109624862671,15.0,2272f30ad2aa3541a6bc7f6343da4831f662f85c083dd2373a4b3dee2f4b9438,615e51fb8c4f9223d60fe1af7fd72013470b6dd148ba0cba49672cbdd3e07823,615e51fb8c4f9223d60fe1af7fd72013470b6dd148ba0cba49672cbdd3e07823
cam1,82,4100000,True,True,True,True,0.0,0.0,0.0,1.159792423248291,1.6355555057525635,20.0,1.3930822610855103,2.1877992153167725,30.0,0.8153528571128845,1.7094417810440063,28.0,0.9290613532066345,1.301283597946167,16.0,f6209df0efeff6915aa08437623dd4fb21532986ffaf77c2018a3cca884fe9e6,0d14357a7e4e739964b9f35259538f246031b665df75bd6e809a0400a216f9b4,0d14357a7e4e739964b9f35259538f246031b665df75bd6e809a0400a216f9b4
cam1,83,4150000,True,True,True,True,0.0,0.0,0.0,1.1563920974731445,1.6311904191970825,26.0,1.3868069648742676,2.17745041847229,30.0,0.8090549111366272,1.7007527351379395,29.0,0.9267962574958801,1.2976547479629517,20.0,807e33e1eb1ed0bdffa8161f368b8c8b5614b26e1b0ecc1e923d6e748091bcd4,cf98fa66c9bb3b45f30aebd22c815199a8977ff4802af3ac0a770dbbd97c97dc,cf98fa66c9bb3b45f30aebd22c815199a8977ff4802af3ac0a770dbbd97c97dc
cam1,84,4200000,True,True,True,True,0.0,0.0,0.0,1.155792474746704,1.6399176120758057,17.0,1.3900305032730103,2.202174186706543,31.0,0.8118263483047485,1.7202434539794922,29.0,0.9259779453277588,1.3023550510406494,15.0,301c78c493e63540fe42f82be639319e13fc9face00c3d462bbcfe36dbf4f4ad,c5e554e2a805e57b54a09d801f98021c845a5d6261ff57c8e1dd727809d36766,c5e554e2a805e57b54a09d801f98021c845a5d6261ff57c8e1dd727809d36766
cam1,85,4250000,True,True,True,True,0.0,0.0,0.0,1.1474511623382568,1.6283044815063477,22.0,1.37750244140625,2.18036150932312,30.0,0.8027547001838684,1.7055449485778809,29.0,0.9222502708435059,1.2977010011672974,14.0,3a5038823b32b84f30bde8930f7970d594d489f5bcd57afc719a78e744181989,02e9d027e3d0c2ef3e6eed13014cbf1b29c8788aeae90821589b5764f96a13d9,02e9d027e3d0c2ef3e6eed13014cbf1b29c8788aeae90821589b5764f96a13d9
cam1,86,4300000,True,True,True,True,0.0,0.0,0.0,1.1486693620681763,1.6294361352920532,25.0,1.3771135807037354,2.177420139312744,31.0,0.8038284778594971,1.704793930053711,29.0,0.9196528792381287,1.2952224016189575,17.0,14dbc672f09161cb247f8a565147e36c44f6fd93cf63fed0079f2c433e6c6844,cf09d8e330db2082eff4a7a277d1efdb312a0ec6571623e52496645d86d5995b,cf09d8e330db2082eff4a7a277d1efdb312a0ec6571623e52496645d86d5995b
cam1,87,4350000,True,True,True,True,0.0,0.0,0.0,1.1503899097442627,1.6309871673583984,29.0,1.384125828742981,2.1851751804351807,29.0,0.8067898154258728,1.7078449726104736,28.0,0.9235591292381287,1.2977226972579956,16.0,ad908a795fa93636d091ea92bd5a4db865181ba52229c71d6f51da9dfa01cbf9,a20bbe01754aca50247c6a917fd37db87bab3e79fedc382aae0b439abba5b9e9,a20bbe01754aca50247c6a917fd37db87bab3e79fedc382aae0b439abba5b9e9
cam1,88,4400000,True,True,True,True,0.0,0.0,0.0,1.1588964462280273,1.6436662673950195,34.0,1.3936926126480103,2.2017860412597656,32.0,0.8168606162071228,1.721922755241394,29.0,0.9265724420547485,1.3037887811660767,15.0,722f1b76759d79eff5ac31da625ce47a43aa8b779b217fba614371898b10d3b8,8dcb267be61143e5629edf9c68692118c12ca8b81484c6acf87ffd3a96b5fb62,8dcb267be61143e5629edf9c68692118c12ca8b81484c6acf87ffd3a96b5fb62
cam1,89,4450000,True,True,True,True,0.0,0.0,0.0,1.1495243310928345,1.6292957067489624,24.0,1.379179835319519,2.179776668548584,31.0,0.8047282099723816,1.7029311656951904,31.0,0.9216466546058655,1.2955278158187866,16.0,cc50037855531aef9589359fb8516bb4ffd9f6eef09105a5b541cfc3eb30e4d6,226826bb3a9ee2cdc5986b572ce72146bc5710f25e09ee0495fa518aaecae459,226826bb3a9ee2cdc5986b572ce72146bc5710f25e09ee0495fa518aaecae459
cam1,90,4500000,True,True,True,True,0.0,0.0,0.0,1.1511472463607788,1.6302406787872314,22.0,1.3816076517105103,2.1792497634887695,30.0,0.8055510520935059,1.701097011566162,30.0,0.9226910471916199,1.2970118522644043,14.0,1522c6ccd5fb0823673e1aa24692e88e2eb80d15d6436fcbfd7587a4ddf5e8c6,b4d19242e525d43f00a0d0cf3b3203674c91714aba598b38482e37d75e2a4711,b4d19242e525d43f00a0d0cf3b3203674c91714aba598b38482e37d75e2a4711
cam1,91,4550000,True,True,True,True,0.0,0.0,0.0,1.1509881019592285,1.6311739683151245,31.0,1.3842004537582397,2.1867828369140625,31.0,0.8065072298049927,1.7074100971221924,29.0,0.9240067005157471,1.2981442213058472,22.0,907fd7c1353736cb07a965b82ac067f7249574c7d44e9dc0062c5403efb74248,934d6dc69e3dfd3ded0a47775944dbbe5f028c953cf40e5ef2fef3f13edab8b3,934d6dc69e3dfd3ded0a47775944dbbe5f028c953cf40e5ef2fef3f13edab8b3
cam1,92,4600000,True,True,True,True,0.0,0.0,0.0,1.1569987535476685,1.639858603477478,37.0,1.3900938034057617,2.197507858276367,31.0,0.8143287897109985,1.7152472734451294,29.0,0.9247910976409912,1.300392985343933,16.0,825619282101c074ef7fd7b51b1977263e1254c3bebddfb01b9f300a3591dd19,f912cfbfea3adeb6f9104a01d0a9b324f3bc04d47a9c489f2ebf0c2b7bc2639e,f912cfbfea3adeb6f9104a01d0a9b324f3bc04d47a9c489f2ebf0c2b7bc2639e
cam1,93,4650000,True,True,True,True,0.0,0.0,0.0,1.151354193687439,1.6302473545074463,27.0,1.3817771673202515,2.1833086013793945,31.0,0.8080715537071228,1.7036644220352173,31.0,0.92230224609375,1.2954021692276,13.0,aeba6bc403958a9b89f120535cc2a3c711c59b3cd9e0812519a1b674f416a21c,0931fa40594d13a90115a152225b131d8319948a6c4a9eb645bb4053037ba65d,0931fa40594d13a90115a152225b131d8319948a6c4a9eb645bb4053037ba65d
cam1,94,4700000,True,True,True,True,0.0,0.0,0.0,1.1530920267105103,1.6323639154434204,24.0,1.3832488059997559,2.1800670623779297,31.0,0.8096765875816345,1.7028124332427979,29.0,0.9234257340431213,1.2980440855026245,16.0,9773571871168c53be77f865189d307beece072964b61bcf760afc5b57e8d09e,41aff6b3d409ec9aede68b414a788ea47394ea92dc98bfd3acefc0ac5c64931e,41aff6b3d409ec9aede68b414a788ea47394ea92dc98bfd3acefc0ac5c64931e
cam1,95,4750000,True,True,True,True,0.0,0.0,0.0,1.1542339324951172,1.6335546970367432,28.0,1.3831448554992676,2.178300380706787,30.0,0.8076035976409912,1.6982507705688477,28.0,0.9237444996833801,1.2991485595703125,14.0,8c537b56c63c27992f1092d65242002f3f12cc3e1e9863e0aecec330aa451068,0a2c0e1648e8e0b3e172e8243dc535556baf255331154914086cc8572537e343,0a2c0e1648e8e0b3e172e8243dc535556baf255331154914086cc8572537e343
cam1,96,4800000,True,True,True,True,0.0,0.0,0.0,1.1605035066604614,1.6423289775848389,33.0,1.3904305696487427,2.1899869441986084,34.0,0.8154003024101257,1.7079541683197021,29.0,0.9255077242851257,1.3011081218719482,20.0,ee02d5e6343e2e4bc7b4ae9f211bb910a01e4a7099f7fd25445415e75f806a45,d56208f3610f362721caec34f59494e013155ce64bbe13c5d91bafa8da3a5cb7,d56208f3610f362721caec34f59494e013155ce64bbe13c5d91bafa8da3a5cb7
cam1,97,4850000,True,True,True,True,0.0,0.0,0.0,1.155616283416748,1.633762240409851,20.0,1.38427734375,2.177112340927124,32.0,0.8055035471916199,1.6962523460388184,30.0,0.9277366399765015,1.3015146255493164,14.0,99f11a004a78351d7afe81c42f5076bb8ea1829e07611cbe7292fa3ce9724d35,8819d37b8679dc95501dcabc08fc10522882d34dc31cdbb558fd807f4d192215,8819d37b8679dc95501dcabc08fc10522882d34dc31cdbb558fd807f4d192215
cam1,98,4900000,True,True,True,True,0.0,0.0,0.0,1.1565501689910889,1.6342257261276245,17.0,1.384980320930481,2.17789363861084,29.0,0.8092674016952515,1.6995282173156738,27.0,0.9267736077308655,1.3005189895629883,11.0,899299ae7a4d2f8b4a68ad3c5a0e5606f4184e0cf49ed9d4bd2da7fe19aa3843,81386ec3d5afac788c961b926fab190b4652afde149b62d73d14c494154a7f1c,81386ec3d5afac788c961b926fab190b4652afde149b62d73d14c494154a7f1c
cam1,99,4950000,True,True,True,True,0.0,0.0,0.0,1.1583640575408936,1.636762022972107,18.0,1.3887351751327515,2.1834402084350586,30.0,0.8122965693473816,1.7010756731033325,26.0,0.9285752773284912,1.3022968769073486,11.0,8d377e4354a4b7f8ecb94429c1458e9f73baeb2501872ff537a83422b2822faa,bfbb722cde142efb6c158c4b0c08fd45c9225ffe2648e2fab731e09ebf9b7975,bfbb722cde142efb6c158c4b0c08fd45c9225ffe2648e2fab731e09ebf9b7975
cam1,100,5000000,True,True,True,True,0.0,0.0,0.0,1.162445068359375,1.6423912048339844,19.0,1.392607569694519,2.1832170486450195,28.0,0.8184113502502441,1.7065095901489258,26.0,0.9289279580116272,1.3026596307754517,13.0,f14e903da79d424f379854a50845a75a61f95f465e9bbc9d12ba23222953032a,de7588cf6663edc6500d80a88b4a0f76ebaa7feb366cf2e24673ff9cf7dfc461,de7588cf6663edc6500d80a88b4a0f76ebaa7feb366cf2e24673ff9cf7dfc461
cam1,101,5050000,True,True,True,True,0.0,0.0,0.0,1.1570312976837158,1.634440541267395,34.0,1.3833527565002441,2.1760692596435547,29.0,0.8090255260467529,1.6972235441207886,26.0,0.9260932207107544,1.2982896566390991,21.0,02641b67247dd478f8b2e72db344c6b210bdc9f7d929eb0d20cd996a7bd91fdf,052de3468b5ed17ef30674d4d490a1e7bb20ef2a6c1267ee955237556374a10b,052de3468b5ed17ef30674d4d490a1e7bb20ef2a6c1267ee955237556374a10b
cam1,102,5100000,True,True,True,True,0.0,0.0,0.0,1.1570391654968262,1.6335457563400269,27.0,1.384648084640503,2.172908306121826,28.0,0.8107119202613831,1.6928999423980713,27.0,0.9271172285079956,1.3012418746948242,19.0,eddbe1df4ee49bd2613c59e7e33aeeac94c194607e7ce4c6f14cf3e285dfd12a,25785b1e606d436448a9051331f261d0fb2b46aac697fd07985c553974f9ae49,25785b1e606d436448a9051331f261d0fb2b46aac697fd07985c553974f9ae49
cam1,103,5150000,True,True,True,True,0.0,0.0,0.0,1.159301996231079,1.6353734731674194,31.0,1.3883124589920044,2.178940534591675,30.0,0.8126084804534912,1.697356104850769,27.0,0.9282113313674927,1.3005433082580566,12.0,c6c84d8bc3e20c1577737b73f6d3225ef03edf5237e63d9f51ce124fe9e82002,96d0884a7584aa5de9033af4fb26bfe7cd3659df96399c06ce327940a4d441cc,96d0884a7584aa5de9033af4fb26bfe7cd3659df96399c06ce327940a4d441cc
cam1,104,5200000,True,True,True,True,0.0,0.0,0.0,1.164214015007019,1.6415568590164185,31.0,1.3968505859375,2.1858344078063965,30.0,0.8174076676368713,1.6976763010025024,29.0,0.9330308437347412,1.30522620677948,11.0,3f691b3493bcdc56349e7c3deec5881517193413bafa7ec50765d22367f9567a,ab38a5405a1252730fe60b306d4a790697b00d46fa3f0b784a54e9be13bd0fd1,ab38a5405a1252730fe60b306d4a790697b00d46fa3f0b784a54e9be13bd0fd1
cam1,105,5250000,True,True,True,True,0.0,0.0,0.0,1.1577637195587158,1.632248044013977,24.0,1.3846684694290161,2.1679115295410156,30.0,0.8073639869689941,1.6861478090286255,28.0,0.9267103672027588,1.298927664756775,17.0,8e2b4280c5ca73f528916c77cd9242f73a475852601b219c9ecc6bf0b3349c75,311561e27a012900a846deb2d2eaad7d451735deae9ccf0502b05a1bc98300d6,311561e27a012900a846deb2d2eaad7d451735deae9ccf0502b05a1bc98300d6
cam1,106,5300000,True,True,True,True,0.0,0.0,0.0,1.159162998199463,1.6342296600341797,38.0,1.3865220546722412,2.167961597442627,29.0,0.8089825510978699,1.6838308572769165,28.0,0.9276959300041199,1.2990999221801758,13.0,6cbc0ef66a4a8a05121e2da05de9e40feaaaf1d555fc4e5df484935015e03d17,56a5dee72f18c84a8228d6f5bd6cd19c61ab76d2269803c0af6b5e4f3b3c8feb,56a5dee72f18c84a8228d6f5bd6cd19c61ab76d2269803c0af6b5e4f3b3c8feb
cam1,107,5350000,True,True,True,True,0.0,0.0,0.0,1.1598126888275146,1.636094570159912,30.0,1.3875031471252441,2.1698544025421143,29.0,0.8073436617851257,1.6799594163894653,28.0,0.9311387538909912,1.3033829927444458,12.0,79ee2f31a202fa38102e30a3bd488ca9d78039284f777264d3a9b4a9037dc7be,b35c6155d8fe180c47cc854b974ceca5a52329da77a058f7768076ea3f806ea2,b35c6155d8fe180c47cc854b974ceca5a52329da77a058f7768076ea3f806ea2
cam1,108,5400000,True,True,True,True,0.0,0.0,0.0,1.1654481887817383,1.6428908109664917,30.0,1.3939027786254883,2.1790084838867188,30.0,0.8164763450622559,1.6924325227737427,28.0,0.9308155179023743,1.3032867908477783,14.0,003382f7ccdd76e1e271a0d8349abad39cf5d523d01cdd4cc85241a185d1685d,8061eb6bee54d9132884a43b6aca3671d4bd422fea0bbdb9be5cb987e509a53a,8061eb6bee54d9132884a43b6aca3671d4bd422fea0bbdb9be5cb987e509a53a
cam1,109,5450000,True,True,True,True,0.0,0.0,0.0,1.1606084108352661,1.6353048086166382,22.0,1.382231593132019,2.161729574203491,30.0,0.8079991936683655,1.679430365562439,27.0,0.9273048639297485,1.298219919204712,17.0,5c6cb2a101ec10210fe0917b1d7bf8151f959e45d2ac1d4d13ed68113b3d1e9f,c4785b13dc3407973b41f3c30d2ac1ae0dfd69fcba1333a179f60006e0777e08,c4785b13dc3407973b41f3c30d2ac1ae0dfd69fcba1333a179f60006e0777e08
cam1,110,5500000,True,True,True,True,0.0,0.0,0.0,1.1609852313995361,1.6350734233856201,30.0,1.3861830234527588,2.166987419128418,29.0,0.8099749684333801,1.6796538829803467,27.0,0.9286656975746155,1.3004608154296875,14.0,cc3f03a9503eaab1c8ac95a658fb3ac250d23fcb39d282846a770267f8e1354c,14bb20c54afca242c438db0f1bbe9b463786f132d8dc22bc08d3a1f282dc7b14,14bb20c54afca242c438db0f1bbe9b463786f132d8dc22bc08d3a1f282dc7b14
cam1,111,5550000,True,True,True,True,0.0,0.0,0.0,1.159595251083374,1.6331779956817627,19.0,1.3857263326644897,2.167459011077881,27.0,0.8089916110038757,1.680779218673706,27.0,0.9286273121833801,1.2998896837234497,11.0,4c60a760eba9ae473a9caee8a768f8eacff62cfdedd7ee6f00d75f3814798210,ac86fd0020554efdf8fa30e9254eedcb44c2cefbf2b4019bf1abd14fa189db67,ac86fd0020554efdf8fa30e9254eedcb44c2cefbf2b4019bf1abd14fa189db67
cam1,112,5600000,True,True,True,True,0.0,0.0,0.0,1.1662647724151611,1.6418174505233765,16.0,1.393830418586731,2.1786246299743652,28.0,0.8160038590431213,1.6878951787948608,27.0,0.9326759576797485,1.3037073612213135,11.0,b81d1492a6e8391248308329765cb03f9ce9778e2d0864c67836c7949b30ca42,9da54531c787ba5cda9eeaddfe013247b873c5b6e0c8a0d60f96eea155ba7cab,9da54531c787ba5cda9eeaddfe013247b873c5b6e0c8a0d60f96eea155ba7cab
cam1,113,5650000,True,True,True,True,0.0,0.0,0.0,1.158981442451477,1.631917953491211,16.0,1.385310411453247,2.1652309894561768,28.0,0.8080195784568787,1.677191138267517,26.0,0.9296897649765015,1.29911208152771,11.0,25f8c41e9ba84b6ecc9141311a187c10bcea28e63d6e3ad9af60e776c4cd9909,0b929d04635ed2c8ad7bd81ba25914782bb6928bf3b5c8982a36820f3f0ad222,0b929d04635ed2c8ad7bd81ba25914782bb6928bf3b5c8982a36820f3f0ad222
cam1,114,5700000,True,True,True,True,0.0,0.0,0.0,1.143533706665039,1.6186937093734741,17.0,1.3684850931167603,2.15285062789917,30.0,0.7944855690002441,1.6672395467758179,27.0,0.9183146357536316,1.2923219203948975,11.0,c5cefa3a60151bfb227b1a13d6ea8286f051bc3ca9cb879e617b46399ccce42c,443c49d1bfc0dc08f70a4386e5099851a32383cdbcbf979190d574515172ea2d,443c49d1bfc0dc08f70a4386e5099851a32383cdbcbf979190d574515172ea2d
cam1,115,5750000,True,True,True,True,0.0,0.0,0.0,1.145140290260315,1.6205754280090332,17.0,1.3712248802185059,2.1552517414093018,29.0,0.7950981855392456,1.6713435649871826,27.0,0.9208758473396301,1.295130729675293,12.0,c9a98427616406b2e2a4b10de9910b0a2ce63b178ddae69986f262f378d213e4,cbc47cedf8d57fbf8aae5e06d8ad5599f1ddcfaff9bf9bcf7ca6372de68a8d64,cbc47cedf8d57fbf8aae5e06d8ad5599f1ddcfaff9bf9bcf7ca6372de68a8d64
cam1,116,5800000,True,True,True,True,0.0,0.0,0.0,1.154546856880188,1.633864402770996,15.0,1.3838026523590088,2.1743507385253906,30.0,0.80755615234375,1.686691403388977,28.0,0.9228267073631287,1.2981023788452148,12.0,b1b7205d79dd991a015d84b58f19748082d5bbafe04b609e532735b84378c9ac,73a2c20dc3ba8e25d5f312f47b58ebe65c2323839fbc2e1a56722f652a18f28e,73a2c20dc3ba8e25d5f312f47b58ebe65c2323839fbc2e1a56722f652a18f28e
cam1,117,5850000,True,True,True,True,0.0,0.0,0.0,1.1462966203689575,1.6215718984603882,17.0,1.3696266412734985,2.1534945964813232,30.0,0.7935225963592529,1.670983076095581,29.0,0.9202383756637573,1.2929139137268066,11.0,bcae5a6816c4d75aac928670aa5b0a1265de68cb7bab3969537fdbc4e69394b2,25b588f4fbf942eb8ce74f2fd655a79a6104e210339054dad24bfaa039667fa2,25b588f4fbf942eb8ce74f2fd655a79a6104e210339054dad24bfaa039667fa2
cam1,118,5900000,True,True,True,True,0.0,0.0,0.0,1.1479285955429077,1.6225229501724243,18.0,1.372771143913269,2.156174421310425,31.0,0.7949761152267456,1.6710121631622314,30.0,0.9215766191482544,1.2938088178634644,11.0,4e7816ec85eabc0865599a01a36f9c270de8450bc30cc2e28cee9d43d7af47d1,ba584ce747a137e1d7603c722ad4f93684f3358ce2cf83a9f72f8514fc9877c3,ba584ce747a137e1d7603c722ad4f93684f3358ce2cf83a9f72f8514fc9877c3
cam1,119,5950000,True,True,True,True,0.0,0.0,0.0,1.149472713470459,1.6244882345199585,18.0,1.3740595579147339,2.160658121109009,30.0,0.7985093593597412,1.6786454916000366,27.0,0.9226322770118713,1.2957005500793457,12.0,9454c60e92337a11261ceab706e0e05874d232efb20d8ffc46c10f4829422fa9,ecdf8b2f31c340998d4c4ad7135aa5398d185eea925e7b6a629f899422386d92,ecdf8b2f31c340998d4c4ad7135aa5398d185eea925e7b6a629f899422386d92
cam1,120,6000000,True,True,True,True,0.0,0.0,0.0,1.1586277484893799,1.6366175413131714,25.0,1.3858461380004883,2.1761350631713867,32.0,0.8071605563163757,1.6881012916564941,30.0,0.9298502802848816,1.304151177406311,16.0,5018b9e9da0c8f794ca666e2648ea9164a38d6a2756619428e1e30a7c5f2a36d,79981437ca80f96211b933f1331f52151646bbcc5d5f27fb89f0cf866b49baed,79981437ca80f96211b933f1331f52151646bbcc5d5f27fb89f0cf866b49baed
cam1,121,6050000,True,True,True,True,0.0,0.0,0.0,1.1510117053985596,1.6255028247833252,17.0,1.3768739700317383,2.164649486541748,32.0,0.8000442981719971,1.679269552230835,30.0,0.9235455393791199,1.2966753244400024,14.0,2e29e0cbdf2b4b298b1d58da125b3f6bd162f9cfd7e3e8bea6f685b37c48432a,13956ce368fbd37e2239f349548da5dbdd170dff9921bca57a357057de0528c4,13956ce368fbd37e2239f349548da5dbdd170dff9921bca57a357057de0528c4
cam1,122,6100000,True,True,True,True,0.0,0.0,0.0,1.151090145111084,1.626305341720581,20.0,1.3784247636795044,2.1635401248931885,33.0,0.8028134703636169,1.6799404621124268,29.0,0.9249900579452515,1.2972583770751953,13.0,40d5de24e67bf1f6e5b5d2101a3954798224e610ea64df256228e029dd2ff581,84665baa265fc9a5255c7d1dcfe79f47d9d54509abec9df54fe13752f8007488,84665baa265fc9a5255c7d1dcfe79f47d9d54509abec9df54fe13752f8007488
cam1,123,6150000,True,True,True,True,0.0,0.0,0.0,1.1512336730957031,1.626067876815796,15.0,1.3761258125305176,2.1609604358673096,31.0,0.8021420836448669,1.6815377473831177,29.0,0.9243389964103699,1.2955478429794312,12.0,b341cd75d9ffc36db2da7c30a856abbf0f70e1b082cb64f3f2ad426a08b87925,00421a86689dacc4d274d45759b3a23da750b975482122da678dc6499fd7d395,00421a86689dacc4d274d45759b3a23da750b975482122da678dc6499fd7d395
cam1,124,6200000,True,True,True,True,0.0,0.0,0.0,1.1570016145706177,1.6348156929016113,16.0,1.383845567703247,2.173227071762085,33.0,0.8104202747344971,1.6893717050552368,29.0,0.9270222783088684,1.2991677522659302,12.0,f81fa3c90e75016003461d1836d07a03081b7c5998f2b393703f295e040ee0fd,8cd6f0807b671be570ac8a467de3d57c6d003a6535efc7fbd6a1ff9328f61b99,8cd6f0807b671be570ac8a467de3d57c6d003a6535efc7fbd6a1ff9328f61b99
cam1,125,6250000,True,True,True,True,0.0,0.0,0.0,1.1519628763198853,1.6264028549194336,17.0,1.3775228261947632,2.1638519763946533,31.0,0.8028428554534912,1.6785613298416138,28.0,0.9242350459098816,1.2958095073699951,14.0,4aa65427547e734670eec87088ed8e874d0054dfbe91c8a9fa15f4c464936032,c991d497079aacc91e611eaf99884ba733d8bedc7978281c786077065efb3717,c991d497079aacc91e611eaf99884ba733d8bedc7978281c786077065efb3717
cam1,126,6300000,True,True,True,True,0.0,0.0,0.0,1.1525766849517822,1.6268616914749146,16.0,1.3768423795700073,2.162220001220703,30.0,0.8035255670547485,1.6791281700134277,28.0,0.9248431324958801,1.297527551651001,13.0,0d55238b92562b043bec84dd77a9b1843425bb52fafbc2ead44e57daabca408d,bcf1a813f70d6483e528acd7d7abc4388456e3179908f287fc18016518974f6d,bcf1a813f70d6483e528acd7d7abc4388456e3179908f287fc18016518974f6d
cam1,127,6350000,True,True,True,True,0.0,0.0,0.0,1.1533640623092651,1.6284745931625366,19.0,1.3774797916412354,2.1622085571289062,34.0,0.8031910061836243,1.6789168119430542,30.0,0.92559814453125,1.2979456186294556,14.0,67823e243dc69b7954a4ba0a3bae9a1a2afbd84be9c969f02a4b412dcf517837,f591c7e6e743190d6ff4f37702696ecc52e362e744a1d2c287b6eaeebd274ccc,f591c7e6e743190d6ff4f37702696ecc52e362e744a1d2c287b6eaeebd274ccc
cam1,128,6400000,True,True,True,True,0.0,0.0,0.0,1.1582982540130615,1.6351736783981323,17.0,1.3852607011795044,2.168846607208252,29.0,0.8116590976715088,1.6848454475402832,27.0,0.9285458922386169,1.3011897802352905,14.0,d2764dc6e7457d0528ae8f8555d2f03aacc5b0f2db48123f16b86b1b27730210,d7676b3f4bda3a6bdef1820ce4d474079a3dd2de74825716e24f0f7121e671dd,d7676b3f4bda3a6bdef1820ce4d474079a3dd2de74825716e24f0f7121e671dd
cam1,129,6450000,True,True,True,True,0.0,0.0,0.0,1.153097152709961,1.6270314455032349,16.0,1.3775453567504883,2.159024238586426,32.0,0.8033967018127441,1.6763290166854858,27.0,0.9265837669372559,1.2978812456130981,12.0,b80a144eaef9366fda1aeae995778671087d478efd9db57dfd1a756d09d336c3,2b6c4b16e4ed03544bd0eedf09d614be875dbde83e022b73220193e5223e8fe9,2b6c4b16e4ed03544bd0eedf09d614be875dbde83e022b73220193e5223e8fe9
cam1,130,6500000,True,True,True,True,0.0,0.0,0.0,1.1539428234100342,1.6267762184143066,17.0,1.377595067024231,2.155618667602539,31.0,0.8041042685508728,1.674036979675293,29.0,0.9263373613357544,1.2962071895599365,12.0,928471d02cc864609fb6b9d787aba2d3e75ffd7b84c7234ca5979fd210bb01ca,b95a85ab5078b28601f35156e124678111f64226bd7bd25280cd1edd65b13bd3,b95a85ab5078b28601f35156e124678111f64226bd7bd25280cd1edd65b13bd3
cam1,131,6550000,True,True,True,True,0.0,0.0,0.0,1.1531318426132202,1.6250720024108887,17.0,1.375519871711731,2.157310724258423,30.0,0.8012672662734985,1.6707448959350586,27.0,0.9247029423713684,1.2953846454620361,12.0,bffd9288c47ef0b2fe2b702b9f80ae17efd9308f6076eca35956e917c04b7b04,99b1d4e54fe940d9f1b07ad0d2c658316e0bbf37e875247ede12964c4ad4d870,99b1d4e54fe940d9f1b07ad0d2c658316e0bbf37e875247ede12964c4ad4d870
cam1,132,6600000,True,True,True,True,0.0,0.0,0.0,1.1598021984100342,1.634030818939209,18.0,1.3867729902267456,2.1688241958618164,29.0,0.8100020885467529,1.682167410850525,28.0,0.9283921718597412,1.3002512454986572,13.0,2dc8774371ca9033a9cae87128209fd30faa5b33e51d954e06e38c67412099b5,cc5c9375ad840c70fc082d52ca8983204d706e5c98a48298122941ba27f36ea5,cc5c9375ad840c70fc082d52ca8983204d706e5c98a48298122941ba27f36ea5
cam1,133,6650000,True,True,True,True,0.0,0.0,0.0,1.1508879661560059,1.6221445798873901,15.0,1.374821424484253,2.1563050746917725,32.0,0.7999199628829956,1.671712040901184,28.0,0.9232403635978699,1.2939205169677734,13.0,6bd2ae62c3e1e8785e30b03c18439036fa66b60257ae81a14542e4793d5e1bd5,95038450177ee44ffbaec557c7450011c94ca06a4686d9c1dc81dc83a91a023f,95038450177ee44ffbaec557c7450011c94ca06a4686d9c1dc81dc83a91a023f
cam1,134,6700000,True,True,True,True,0.0,0.0,0.0,1.150704264640808,1.6215887069702148,15.0,1.3697035312652588,2.1446220874786377,33.0,0.8001211881637573,1.6659421920776367,30.0,0.9239750504493713,1.2939389944076538,13.0,a33f264349152c7ab108d0081616dd4bac64a6dfc66e9c047fb3f2932e256c01,98f730507d82e757002a028ced6306199b6d4742ef99f5ba915e11bb4fb96acc,98f730507d82e757002a028ced6306199b6d4742ef99f5ba915e11bb4fb96acc
cam1,135,6750000,True,True,True,True,0.0,0.0,0.0,1.1504112482070923,1.6215317249298096,16.0,1.3705896139144897,2.146538496017456,32.0,0.7981182932853699,1.6664754152297974,29.0,0.9237037897109985,1.2927749156951904,11.0,92eb1b4971e00d3e1f8125457bd3e9d3597d92874c5b66672eb250d9877f298b,5c90801ff264a95f66b57fa889c8be99ce5e20e7ce1eded6555c34fcbce37d2e,5c90801ff264a95f66b57fa889c8be99ce5e20e7ce1eded6555c34fcbce37d2e
cam1,136,6800000,True,True,True,True,0.0,0.0,0.0,1.1591496467590332,1.632838249206543,16.0,1.3843315839767456,2.166466236114502,27.0,0.8097918629646301,1.6824555397033691,26.0,0.9280825257301331,1.2981363534927368,11.0,e0436be08cb310f42120df643323420a46468f4642646cc533f9af9b3f98c45e,56c803d6660418e1024db19c9325a4ec215b215508b663a29e1396de0e44d129,56c803d6660418e1024db19c9325a4ec215b215508b663a29e1396de0e44d129
cam1,137,6850000,True,True,True,True,0.0,0.0,0.0,1.1542524099349976,1.6259170770645142,18.0,1.3766863346099854,2.153489828109741,27.0,0.8002590537071228,1.6706095933914185,26.0,0.9258558750152588,1.2954597473144531,13.0,53614030bfd5f17cd2bfc80cf44737f03dd0ff2d771b5130cfd6cd1338172487,3e4f2cea4a324319fb6d25ee03044fd1323e4957433318a43507aac3496878d0,3e4f2cea4a324319fb6d25ee03044fd1323e4957433318a43507aac3496878d0
cam1,138,6900000,True,True,True,True,0.0,0.0,0.0,1.1534783840179443,1.624473214149475,17.0,1.3753435611724854,2.151097297668457,30.0,0.8014503717422485,1.6688611507415771,28.0,0.9251211881637573,1.2944881916046143,12.0,7897cff8d5179117d40bf5513acf823adc6a1816e31ed7543bff2cf853e730b9,e44871a58e46f044557add3715455a4b64f606519528c717acbd0c773a17c8ed,e44871a58e46f044557add3715455a4b64f606519528c717acbd0c773a17c8ed
cam1,139,6950000,True,True,True,True,0.0,0.0,0.0,1.1556777954101562,1.6276949644088745,17.0,1.3808706998825073,2.159743070602417,31.0,0.8052232265472412,1.6773765087127686,28.0,0.9271014332771301,1.2967878580093384,11.0,db31b767271e33eb8a34540ba9fd4daa6f5eeb590c89b58981f078a3c928c3f2,d03482b0f10e7d83fd1d404f52d78e7f39f84fdc03ee033cc9471821ed832e93,d03482b0f10e7d83fd1d404f52d78e7f39f84fdc03ee033cc9471821ed832e93
cam1,140,7000000,True,True,True,True,0.0,0.0,0.0,1.1614514589309692,1.634345293045044,16.0,1.3901954889297485,2.1733744144439697,33.0,0.8144802451133728,1.687245488166809,29.0,0.9312065839767456,1.3008882999420166,13.0,11297c6afb30e621279f2128efd6af5d1969dd0f4425e80120f92ec3d0d66ebf,09a1921a7e93780d1ce75d4d7dead436aca9b519db05ab2ae87fa83d7c418411,09a1921a7e93780d1ce75d4d7dead436aca9b519db05ab2ae87fa83d7c418411
cam1,141,7050000,True,True,True,True,0.0,0.0,0.0,1.1546882390975952,1.6251330375671387,15.0,1.3814606666564941,2.1626639366149902,32.0,0.8057612776756287,1.6782037019729614,29.0,0.9267329573631287,1.294867992401123,11.0,ccaaca0272d45ca8777a2fa070de37e6ed4e7d4c48c65e1db2c743ce1b7e137f,ecb677d4409355888ae9c47133348641715d9f98233288794cb7129a6c9b09fb,ecb677d4409355888ae9c47133348641715d9f98233288794cb7129a6c9b09fb
cam1,142,7100000,True,True,True,True,0.0,0.0,0.0,1.152904748916626,1.6231715679168701,15.0,1.3806356191635132,2.1592540740966797,32.0,0.8033899664878845,1.6743286848068237,28.0,0.9263034462928772,1.295888900756836,13.0,ec41a3d4a7429e53d0c1504c787063fa45f802de81148807523bb4dd0f975602,f0a381f624796cb91dbddc1a52e6ab45fcd7d59fb9557d1ea9cec6401fa32e00,f0a381f624796cb91dbddc1a52e6ab45fcd7d59fb9557d1ea9cec6401fa32e00
cam1,143,7150000,True,True,True,True,0.0,0.0,0.0,1.151867389678955,1.6214218139648438,16.0,1.3778845071792603,2.1548080444335938,30.0,0.8007156848907471,1.672039270401001,28.0,0.9274608492851257,1.2969316244125366,12.0,bbe92acb742d789c71eff0eee44b65bfed1d49a0713662007d7dfd331a13b2f3,f2106376eec99c7d24d5bf0839383116448e4a4247dc47532f18e319f603dd37,f2106376eec99c7d24d5bf0839383116448e4a4247dc47532f18e319f603dd37
cam1,144,7200000,True,True,True,True,0.0,0.0,0.0,1.1473368406295776,1.6260316371917725,19.0,1.3742902278900146,2.163754940032959,29.0,0.8001866936683655,1.6798059940338135,28.0,0.9198789000511169,1.2937660217285156,13.0,13a9875ab5572f0b70ec9765c0839c7c4d53b7746281e1a481e9a229b183aa5a,de25dd390119d1ebfd77fb9c37e22c076c26391289f466086233ed292b2c0a1c,de25dd390119d1ebfd77fb9c37e22c076c26391289f466086233ed292b2c0a1c
cam1,145,7250000,True,True,True,True,0.0,0.0,0.0,1.1413816213607788,1.6171516180038452,17.0,1.3658651113510132,2.1536405086517334,28.0,0.7913615107536316,1.6716768741607666,28.0,0.9185881614685059,1.2904585599899292,14.0,67718b0ac7f0dbf9187c955b25d763aa8e714ea47ea5eca7aee1c81800afbee2,e649fde8d07c68ed9d8ca6f6f2e43b748da3ae95c084b49b0a05a1eee836ab30,e649fde8d07c68ed9d8ca6f6f2e43b748da3ae95c084b49b0a05a1eee836ab30
cam1,146,7300000,True,True,True,True,0.0,0.0,0.0,1.1446183919906616,1.6202633380889893,16.0,1.3698911666870117,2.1564407348632812,28.0,0.7959052324295044,1.67435622215271,28.0,0.9196890592575073,1.2919859886169434,13.0,48f99a5062ff1f4acd30f7eb304f265fc89c1b12e5d7daaa1a3997fc14072df1,53689f83f13ac870ffd029708860fe79bbbecd2f5e71312b3173fba011cb847e,53689f83f13ac870ffd029708860fe79bbbecd2f5e71312b3173fba011cb847e
cam1,147,7350000,True,True,True,True,0.0,0.0,0.0,1.1467866897583008,1.6231123208999634,18.0,1.372554063796997,2.161806583404541,29.0,0.7973225712776184,1.6778002977371216,28.0,0.9213595986366272,1.294002652168274,15.0,05dab4b2fcf6b0e62a4e553f0554cfb85c1dc5bf57a4ee01699f15a63236c7e8,4ec070b571138c7b348db103b5fe65ff564bf3d27e7564435a686791cf7b97b4,4ec070b571138c7b348db103b5fe65ff564bf3d27e7564435a686791cf7b97b4
cam1,148,7400000,True,True,True,True,0.0,0.0,0.0,1.155219554901123,1.6339445114135742,17.0,1.3846594095230103,2.174818992614746,28.0,0.8077256679534912,1.6895121335983276,28.0,0.9250058531761169,1.2995678186416626,12.0,13d38d80323f042a647c4b61582e60582597018d1fd31461bc98cd6768c79309,6ff34b17c29e8328e3bf1484644f50f1a74316ce439f6267e0e67b4d9b0a1da7,6ff34b17c29e8328e3bf1484644f50f1a74316ce439f6267e0e67b4d9b0a1da7
cam1,149,7450000,True,True,True,True,0.0,0.0,0.0,1.147827386856079,1.6231441497802734,19.0,1.3732209205627441,2.1601052284240723,30.0,0.7965856194496155,1.6744798421859741,29.0,0.9204576015472412,1.2929917573928833,15.0,031b2c97908639b8923a87a28185b2c5f366a8055752aa5ef1e4a5f5cbd86ebd,4c596b6735b6e32c0a7349e34656f42b06c4a4249c10cb6e01a16f3ca75f7c36,4c596b6735b6e32c0a7349e34656f42b06c4a4249c10cb6e01a16f3ca75f7c36
cam1,150,7500000,True,True,True,True,0.0,0.0,0.0,1.1480605602264404,1.622733473777771,16.0,1.3722805976867676,2.1562600135803223,29.0,0.7976164817810059,1.6744070053100586,30.0,0.9202496409416199,1.29108464717865,13.0,e5dcbc1a68119d6dcebf141afcb31b8b7969db3bacdbfe077d4c8eef57fae822,ba8e13765854602f8bc59ccd55540f0a2075d1b66c9cd58c95735ec1802a8d4a,ba8e13765854602f8bc59ccd55540f0a2075d1b66c9cd58c95735ec1802a8d4a
cam1,151,7550000,True,True,True,True,0.0,0.0,0.0,1.1499876976013184,1.6243102550506592,16.0,1.3759878873825073,2.1615822315216064,31.0,0.7992463111877441,1.6785862445831299,30.0,0.9218116998672485,1.2932355403900146,13.0,c8f37e711ea7df752db774fb3920280c9db00f798ddd42a06823e672e757e490,38e57e0715d5a2c8d883ee40ab0899a815c08463706d87b8803a835299905fa7,38e57e0715d5a2c8d883ee40ab0899a815c08463706d87b8803a835299905fa7
cam1,152,7600000,True,True,True,True,0.0,0.0,0.0,1.1568634510040283,1.6329736709594727,15.0,1.384001612663269,2.1727917194366455,30.0,0.8074951171875,1.6881897449493408,30.0,0.9251121282577515,1.2968628406524658,13.0,ce1e3d2d8fd7673d2982dcefbe0db00e47fe32d0a1395139d372a28ba67eb879,76a3b87d8e04d927e44aa6905fbbfb16475d1e8bfa161c1e1fabbd642020c72b,76a3b87d8e04d927e44aa6905fbbfb16475d1e8bfa161c1e1fabbd642020c72b
cam1,153,7650000,True,True,True,True,0.0,0.0,0.0,1.1504658460617065,1.6240339279174805,17.0,1.3772854804992676,2.1636435985565186,32.0,0.8000804781913757,1.6790663003921509,29.0,0.9226910471916199,1.2935353517532349,13.0,a1fce88062356ae1062bf4dacca71f2daee40dfe0cc7f0eb2b63a06785cd334b,6101e2b6e85a35e459faf435514c5d9f2f5527505458156870df4ca7bf303218,6101e2b6e85a35e459faf435514c5d9f2f5527505458156870df4ca7bf303218
cam1,154,7700000,True,True,True,True,0.0,0.0,0.0,1.1519132852554321,1.6259459257125854,17.0,1.3790305852890015,2.1661505699157715,32.0,0.8025286793708801,1.680670976638794,29.0,0.9235071539878845,1.2934504747390747,11.0,d8f6b076bc1a5a9d9147d5d029078212d7c10ce92fb45a4198150dd8b650fda3,79cd9c9742e8e96d7e979d8d7ba91bead6d0e45fce6462ac729b6bcce48c40ba,79cd9c9742e8e96d7e979d8d7ba91bead6d0e45fce6462ac729b6bcce48c40ba
cam1,155,7750000,True,True,True,True,0.0,0.0,0.0,1.153725028038025,1.6278643608093262,16.0,1.3789446353912354,2.163512945175171,32.0,0.8023545742034912,1.6819959878921509,29.0,0.9243683815002441,1.294681191444397,11.0,8fec113396cf33d2630f8b23bbef895fa92b8aa2912e751f4faf8ddb21651ce6,e2773b951e0163978a21997ada255c7623b4cd92c4096dcb679e622af4aa6fbb,e2773b951e0163978a21997ada255c7623b4cd92c4096dcb679e622af4aa6fbb
cam1,156,7800000,True,True,True,True,0.0,0.0,0.0,1.159906268119812,1.6368550062179565,16.0,1.3867459297180176,2.1749837398529053,32.0,0.8093600869178772,1.6896867752075195,29.0,0.92706298828125,1.2992843389511108,11.0,a16da70bbce356f74144bfabff91af2214199bc6214bff6960c266c872e18fd8,f9024937a48c5c110aad1e21e717cbf6715045a064811cddf2e7307f0f1f7932,f9024937a48c5c110aad1e21e717cbf6715045a064811cddf2e7307f0f1f7932
cam1,157,7850000,True,True,True,True,0.0,0.0,0.0,1.1544654369354248,1.62897527217865,17.0,1.3795595169067383,2.167124032974243,31.0,0.8026348948478699,1.6806811094284058,29.0,0.9254806041717529,1.2966614961624146,13.0,049cbddade2677f76b3a462721cb2f9837640bb92e03a36246b08a9c398ac641,a82126a82e8b204532d766ab84aa2a630de46c5e57fe60ffd7dbe7da57bc86a2,a82126a82e8b204532d766ab84aa2a630de46c5e57fe60ffd7dbe7da57bc86a2
cam1,158,7900000,True,True,True,True,0.0,0.0,0.0,1.1556857824325562,1.6299772262573242,16.0,1.3788316249847412,2.160290241241455,33.0,0.8047508001327515,1.679681420326233,29.0,0.9248386025428772,1.2953201532363892,12.0,bdb8c49cfd217c3ef0f1c4dba41b2a85d10cefeb56f6d55b63ec8c4d52a3e519,fea2dc74300a276a245f185455010b966cbf93e065534f6bd2ad7c3c0a283554,fea2dc74300a276a245f185455010b966cbf93e065534f6bd2ad7c3c0a283554
cam1,159,7950000,True,True,True,True,0.0,0.0,0.0,1.1587698459625244,1.6332167387008667,16.0,1.3811171054840088,2.163074493408203,33.0,0.8051102161407471,1.681753396987915,29.0,0.9273839592933655,1.2972941398620605,12.0,7f87679528b8df99aa8420135d80577ce9bfe9b0657fa6c4a21487c1ffbea128,bea25aa5ec4a969ee78fe36adf44770d055121a7b63b66701292e10a90f8f17a,bea25aa5ec4a969ee78fe36adf44770d055121a7b63b66701292e10a90f8f17a
cam1,160,8000000,True,True,True,True,0.0,0.0,0.0,1.1628562211990356,1.6400010585784912,17.0,1.3898903131484985,2.1739134788513184,32.0,0.8131035566329956,1.6902927160263062,29.0,0.9304922819137573,1.3024860620498657,13.0,1f49de3e0e5f9b2aabc5a74d94835a6a1bb824f97eccacd7b65cc52425a747ed,aa6d381f59739fcfb9ea04f5522f8e0eed25e425186c1e3ba0bf0b39cd3b49bd,aa6d381f59739fcfb9ea04f5522f8e0eed25e425186c1e3ba0bf0b39cd3b49bd
cam1,161,8050000,True,True,True,True,0.0,0.0,0.0,1.1587402820587158,1.6320773363113403,17.0,1.3837484121322632,2.1666531562805176,32.0,0.8052616715431213,1.682536244392395,28.0,0.9289370179176331,1.298728346824646,13.0,9a0425928b7858b901a473b50a0551dc21960603bad42a7cea247bb495aab6de,4755ad4b57a93160287118f6d7c8660bb2bdf9b56b283c2c225ecf88e0c35a52,4755ad4b57a93160287118f6d7c8660bb2bdf9b56b283c2c225ecf88e0c35a52
cam1,162,8100000,True,True,True,True,0.0,0.0,0.0,1.15806245803833,1.6312365531921387,15.0,1.3836760520935059,2.163468599319458,32.0,0.8056166172027588,1.6803926229476929,29.0,0.9283786416053772,1.2996948957443237,11.0,98eafa379a225af017282286c0a6b1185117b0458969122c8b684450a2fb3683,8c1e7b6f2464a7585ebbc733006c8f77246668d58ab0d00d2dbad1829c813d1e,8c1e7b6f2464a7585ebbc733006c8f77246668d58ab0d00d2dbad1829c813d1e
cam1,163,8150000,True,True,True,True,0.0,0.0,0.0,1.160018801689148,1.6335567235946655,17.0,1.383906602859497,2.1663849353790283,33.0,0.8057431578636169,1.681281566619873,30.0,0.9292195439338684,1.3011585474014282,12.0,076fa6d947d7045f723c4f25413f7224ad522063e4b79835fef3e0706c1d22c1,c28a988279820068e42b34288fe0eec5248b60112fc6b5e33cabf2bfad55543f,c28a988279820068e42b34288fe0eec5248b60112fc6b5e33cabf2bfad55543f
cam1,164,8200000,True,True,True,True,0.0,0.0,0.0,1.1654387712478638,1.6410702466964722,17.0,1.3909505605697632,2.1770730018615723,32.0,0.81396484375,1.6908950805664062,29.0,0.9313060641288757,1.3035304546356201,13.0,f539660f44ffa127bf9efd19b7b969bf165dcb064a8aefe6cb1b3fdb7ef400ab,5ce3cee0225ba1543da74300544a010f3e1b2f96fda8c1ffb7408b4b70d4d242,5ce3cee0225ba1543da74300544a010f3e1b2f96fda8c1ffb7408b4b70d4d242
cam1,165,8250000,True,True,True,True,0.0,0.0,0.0,1.1600604057312012,1.6334426403045654,17.0,1.3860067129135132,2.1674745082855225,34.0,0.8064620494842529,1.6815006732940674,29.0,0.9308856129646301,1.301927089691162,13.0,47cc870fb6ba3480cefc99e946a4c965edb503801596ce5bef94adbcae41587f,5900c1c136a466a6fc7cc488cc0819ccefd0184af2cbbdde7eb7716dc1f0b8ad,5900c1c136a466a6fc7cc488cc0819ccefd0184af2cbbdde7eb7716dc1f0b8ad
cam1,166,8300000,True,True,True,True,0.0,0.0,0.0,1.1623777151107788,1.635004997253418,17.0,1.3870645761489868,2.166457414627075,30.0,0.8081371188163757,1.6802438497543335,29.0,0.9319050908088684,1.3020581007003784,13.0,4fd3b703732d724fdf8065198e3183b906a4cf6beee1257bff3d1e2bb2c9a3a0,3187497dffaf8cd9f1ef5765333eb9402926a50ac33f12d52d21fb87ffceedf8,3187497dffaf8cd9f1ef5765333eb9402926a50ac33f12d52d21fb87ffceedf8
cam1,167,8350000,True,True,True,True,0.0,0.0,0.0,1.1627672910690308,1.6349390745162964,16.0,1.3868746757507324,2.1644937992095947,34.0,0.8077980279922485,1.6786785125732422,30.0,0.9317966103553772,1.3018567562103271,12.0,5f62cf2515cd513ba3d41bbcd4b3e0b64436b68a7b4e1fe32172609fa1fecef9,51e6dfaca4469cc1f4f04f9d93f039e643a70f674e13d8e4af0a88acc4e8ccf2,51e6dfaca4469cc1f4f04f9d93f039e643a70f674e13d8e4af0a88acc4e8ccf2
cam1,168,8400000,True,True,True,True,0.0,0.0,0.0,1.1681156158447266,1.642793893814087,16.0,1.3944928646087646,2.1764347553253174,33.0,0.8167656660079956,1.6879788637161255,30.0,0.9328975081443787,1.3041216135025024,11.0,a714644e1e3afd477e4a6fe0972e7e53b015111a86f9a5220a4de3a6f0363e55,fa87157c285c590ded70314031cfb198c5004e61fe61fe4b651921dd43d6e17e,fa87157c285c590ded70314031cfb198c5004e61fe61fe4b651921dd43d6e17e
cam1,169,8450000,True,True,True,True,0.0,0.0,0.0,1.162582516670227,1.6353257894515991,18.0,1.3868657350540161,2.164440631866455,33.0,0.8080760836601257,1.678532361984253,31.0,0.9320023059844971,1.3022794723510742,12.0,9afbbc162aa2a70a78f6db24695bce999557ba93f55b6bc3e92571f14624027b,a014669050a5dedb042e6e45d401710f5ce611c35e619196a5a666f005867de6,a014669050a5dedb042e6e45d401710f5ce611c35e619196a5a666f005867de6
cam1,170,8500000,True,True,True,True,0.0,0.0,0.0,1.162800908088684,1.6347603797912598,17.0,1.388762354850769,2.165360927581787,34.0,0.8092470765113831,1.6790952682495117,31.0,0.9319005608558655,1.302004337310791,11.0,cc7554bb17ed1e4ae9a84d937720a40da52abe69d4d38f58ba1309926ad5e71e,095328843c6e60269ed58d86e997408498e60f04d9bcd1045be7b04ade6767d7,095328843c6e60269ed58d86e997408498e60f04d9bcd1045be7b04ade6767d7
cam1,171,8550000,True,True,True,True,0.0,0.0,0.0,1.1622406244277954,1.6345597505569458,18.0,1.3878965377807617,2.162985324859619,35.0,0.8080105185508728,1.6788374185562134,31.0,0.9326103925704956,1.302880883216858,13.0,2c6ca8ba7d0ba6ca7b27778eec0a3379aa046b6675810d64ab2be3a73d73dfdf,7076749e50f7f8cae900c91df73ab309c2f1c51897ad5b73ae3d504bdf7bc89b,7076749e50f7f8cae900c91df73ab309c2f1c51897ad5b73ae3d504bdf7bc89b
cam1,172,8600000,True,True,True,True,0.0,0.0,0.0,1.1680797338485718,1.6424832344055176,19.0,1.3966833353042603,2.1760613918304443,34.0,0.8158840537071228,1.6879507303237915,31.0,0.9343600869178772,1.3058634996414185,12.0,cf31ea09859eca7b11083069556aa736f99e8fe6d69b86339bbb4f65426efd5e,d1b67aae63fc024193bcce59d87ba5871ae059d5529cc53bed650c4bb4988bf9,d1b67aae63fc024193bcce59d87ba5871ae059d5529cc53bed650c4bb4988bf9
cam1,173,8650000,True,True,True,True,0.0,0.0,0.0,1.161064863204956,1.6320371627807617,17.0,1.3879598379135132,2.1648082733154297,33.0,0.8082953691482544,1.67836332321167,29.0,0.9314439296722412,1.3013808727264404,11.0,13a717e876c551ad61f874cc438eacecad2428247fced15154c83d560d8a31ba,b77c4707a9123f5ee4db07c3a0137edae905e4dc8179b5b7dd5ce3dabc597012,b77c4707a9123f5ee4db07c3a0137edae905e4dc8179b5b7dd5ce3dabc597012
cam1,174,8700000,True,True,True,True,0.0,0.0,0.0,1.1438226699829102,1.6181195974349976,17.0,1.3693734407424927,2.1484932899475098,29.0,0.7942866683006287,1.6679039001464844,29.0,0.9178737998008728,1.2890266180038452,13.0,2f58d5b036ff642adb180a66081bd67cb6c6cd318b75f79e868477ebcb74dd41,23a58b5e0daaf08931490ce3d8eb09cd1106c8b8bdc22df9630836dfcd8776e8,23a58b5e0daaf08931490ce3d8eb09cd1106c8b8bdc22df9630836dfcd8776e8
cam1,175,8750000,True,True,True,True,0.0,0.0,0.0,1.1446954011917114,1.619633436203003,19.0,1.3705331087112427,2.153442859649658,30.0,0.7952383756637573,1.6709553003311157,29.0,0.9190673828125,1.2901064157485962,13.0,7363766f687412f8ccd7671ae322f4be822e2b72bd5b14962ab2fe3665ef852a,fe0dc6136fe8c15028eccd98dd8ab5fcd25eb6164dbf2d05d9658a1474a98171,fe0dc6136fe8c15028eccd98dd8ab5fcd25eb6164dbf2d05d9658a1474a98171
cam1,176,8800000,True,True,True,True,0.0,0.0,0.0,1.1544296741485596,1.6317850351333618,18.0,1.3835517168045044,2.170996904373169,30.0,0.8078952431678772,1.686462163925171,27.0,0.9239276051521301,1.2955739498138428,13.0,284b02544ab6505bc69f5d55c5894f9537a283e92b43af4a3a4a3723aa8e03d5,58991c91f294f26e4c1c6ed7e8ee4c90edca053ef332ff4cbcd8a8066671532c,58991c91f294f26e4c1c6ed7e8ee4c90edca053ef332ff4cbcd8a8066671532c
cam1,177,8850000,True,True,True,True,0.0,0.0,0.0,1.1453027725219727,1.6203752756118774,20.0,1.3728456497192383,2.1548526287078857,30.0,0.7941329479217529,1.6709113121032715,28.0,0.9196822643280029,1.2913901805877686,14.0,8c84ed64b6ea053636ada3b0d0848096493e5b7af3f382eb59a18664af71fba5,c59f642426bd9e56133bc82304b7b6f2ce42922e6f67b23186accc065743428b,c59f642426bd9e56133bc82304b7b6f2ce42922e6f67b23186accc065743428b
cam1,178,8900000,True,True,True,True,0.0,0.0,0.0,1.1473709344863892,1.622338056564331,20.0,1.373295545578003,2.1571996212005615,32.0,0.7968998551368713,1.6729692220687866,30.0,0.9193906188011169,1.2898776531219482,15.0,ca8852d6d2d3f0a2f2b5eb74e76e98f02db87298581077012d4e3865d27ac5e2,ac32d3e5c9fe85c85981cf536963d4e26ca07295928a0046d0b97ee1b25100fb,ac32d3e5c9fe85c85981cf536963d4e26ca07295928a0046d0b97ee1b25100fb
cam1,179,8950000,True,True,True,True,0.0,0.0,0.0,1.1495938301086426,1.6243442296981812,19.0,1.3752328157424927,2.161343812942505,32.0,0.8000103831291199,1.6774545907974243,29.0,0.9221915006637573,1.2938978672027588,15.0,8ba671e18b6062bc7744e0529b50529d849201d9081309544bbf99dc1201b9dc,9f4205a5bc2912066c9e6cd126acf8d29894d2999db1b522ecb3d7ff0b41a3c6,9f4205a5bc2912066c9e6cd126acf8d29894d2999db1b522ecb3d7ff0b41a3c6
cam1,180,9000000,True,True,True,True,0.0,0.0,0.0,1.1578906774520874,1.6343412399291992,16.0,1.3860948085784912,2.1732163429260254,30.0,0.8095703125,1.6877517700195312,29.0,0.9251889586448669,1.296766996383667,14.0,4793562e67d41d26519d846108f1236a4f66a9d4e10fd6c33568348726617d44,c170751fe03470970da1822a6dc8268961ae50f5ce324a5e4c69ee211e1b029a,c170751fe03470970da1822a6dc8268961ae50f5ce324a5e4c69ee211e1b029a
cam1,181,9050000,True,True,True,True,0.0,0.0,0.0,1.1517205238342285,1.6254603862762451,15.0,1.3774323463439941,2.161452054977417,32.0,0.8006908297538757,1.6799559593200684,29.0,0.9235794544219971,1.294533610343933,12.0,3cd8cfae7cf5e89ea0ba2239d5bd08f54ae17a36ec1f15c472f89de120ff45d0,e80d49188800b1c233b5ad0fc5000fdc81b3f27e4cc0b9aa0d64aee1c54b4d59,e80d49188800b1c233b5ad0fc5000fdc81b3f27e4cc0b9aa0d64aee1c54b4d59
cam1,182,9100000,True,True,True,True,0.0,0.0,0.0,1.150405764579773,1.6241755485534668,15.0,1.376433253288269,2.158872365951538,30.0,0.8010321855545044,1.679128885269165,30.0,0.9227769374847412,1.2930179834365845,11.0,5f38bb479cb9c9880d07628f63f2ab3f8f56e5101a8e02b2f47524e8d8696672,6896eebd61d1e2ce94887a2f07cc55f0e8a9e204f97b70f11d9b44e7fac056ea,6896eebd61d1e2ce94887a2f07cc55f0e8a9e204f97b70f11d9b44e7fac056ea
cam1,183,9150000,True,True,True,True,0.0,0.0,0.0,1.1512434482574463,1.6251811981201172,16.0,1.3786959648132324,2.1635725498199463,32.0,0.8010050654411316,1.6813608407974243,29.0,0.9239049553871155,1.293957233428955,11.0,d4bb0027cd262f467f3726c26a3ce1c325c170b44bb73293eb18a7f81259a99f,0b3e3e91f3f57ee2cd0d6b94a0c73810b83195d88fcadd58a52fd06545314486,0b3e3e91f3f57ee2cd0d6b94a0c73810b83195d88fcadd58a52fd06545314486
cam1,184,9200000,True,True,True,True,0.0,0.0,0.0,1.1590816974639893,1.6352871656417847,16.0,1.390742540359497,2.1772494316101074,32.0,0.8101761341094971,1.6905100345611572,29.0,0.9289008378982544,1.3006815910339355,11.0,72ebcb2bbc221697b40932a74aacb2d01605f6ab2b83525af83182b10101d9b3,e239c17f94c2ea8ceb75fb58f7551b05674194fbce52a4aac5d299854bc74a61,e239c17f94c2ea8ceb75fb58f7551b05674194fbce52a4aac5d299854bc74a61
cam1,185,9250000,True,True,True,True,0.0,0.0,0.0,1.1530804634094238,1.6265045404434204,17.0,1.3789266347885132,2.161552906036377,32.0,0.8004286289215088,1.6781976222991943,28.0,0.9260773658752441,1.2963039875030518,14.0,dddd81af82ebbcd6cb2dc830d13da13e6b695efb96c9d602accd468b0da6152b,4a975adca65763e83d77e4c0f15684deee825314937eadf3f0642ac70cabd95b,4a975adca65763e83d77e4c0f15684deee825314937eadf3f0642ac70cabd95b
cam1,186,9300000,True,True,True,True,0.0,0.0,0.0,1.152714490890503,1.6251723766326904,17.0,1.3794081211090088,2.1603965759277344,31.0,0.7995808720588684,1.6718783378601074,28.0,0.9257156848907471,1.2968236207962036,14.0,5373741f67947ee6b2d75db0fafee11c8cdca1e543ea4d76f2cfb5d47573fc41,843de14c59f83cf845a5e76f11a5b9413d731587f592e514a51afc2d84aefe18,843de14c59f83cf845a5e76f11a5b9413d731587f592e514a51afc2d84aefe18
cam1,187,9350000,True,True,True,True,0.0,0.0,0.0,1.1539362668991089,1.625644564628601,16.0,1.3779478073120117,2.1596879959106445,33.0,0.7985342741012573,1.670050024986267,30.0,0.9262921214103699,1.2971590757369995,12.0,5b7b50be4b341990ab52c07949701c929b7a0bf9ce56e7dd104732f2decadd6b,d689b06f2db5744b12a5487928a6f998fc49733326d6fb8606af5fead66d51a3,d689b06f2db5744b12a5487928a6f998fc49733326d6fb8606af5fead66d51a3
cam1,188,9400000,True,True,True,True,0.0,0.0,0.0,1.1609638929367065,1.6342586278915405,17.0,1.3910726308822632,2.175467014312744,30.0,0.8095748424530029,1.6840229034423828,28.0,0.9291946887969971,1.3000470399856567,12.0,029c57db1277aca7d6c4722128e3a88cdc70367c54b41da8d3c47be95a27d3ca,bc36ac1faba4d52413b567b864664eef6a1292f4e9142a327d29db0a6fa0ec28,bc36ac1faba4d52413b567b864664eef6a1292f4e9142a327d29db0a6fa0ec28
cam1,189,9450000,True,True,True,True,0.0,0.0,0.0,1.1538889408111572,1.6240192651748657,17.0,1.3803529739379883,2.159653425216675,32.0,0.8003404140472412,1.672778606414795,32.0,0.9277095198631287,1.2970502376556396,13.0,43d507bc848d52ce61461bd4bac1fde7813d4596cfcd4e21fee01f9881923197,b2b6cee5441dba39a13741adffaf75c19f34b4329a8643309aff974908ea75c4,b2b6cee5441dba39a13741adffaf75c19f34b4329a8643309aff974908ea75c4
cam1,190,9500000,True,True,True,True,0.0,0.0,0.0,1.1539174318313599,1.6237460374832153,16.0,1.3802263736724854,2.158369779586792,28.0,0.8014956116676331,1.6719521284103394,27.0,0.9279649257659912,1.2961549758911133,12.0,3af68eed149bdebdf8751e400f9e4b5e422dbb0dd004ca9bab95524cd7c16ef8,5cd5f8fdd048728e77f1ed41772add71f08efe798a33ae2f0caa38915b3b27fd,5cd5f8fdd048728e77f1ed41772add71f08efe798a33ae2f0caa38915b3b27fd
cam1,191,9550000,True,True,True,True,0.0,0.0,0.0,1.1549609899520874,1.625085711479187,16.0,1.3813725709915161,2.1616628170013428,32.0,0.8023387789726257,1.6739323139190674,28.0,0.9274811744689941,1.296688437461853,14.0,9de81efeb87004f64bf474e4d1b33ebbc70fa95a8ecc1cc8d69560f393c8893e,0bfc78a432fd39dd5b98c0ee3aebff6c49b4a73ead009544f7d7e13abced05a5,0bfc78a432fd39dd5b98c0ee3aebff6c49b4a73ead009544f7d7e13abced05a5
cam1,192,9600000,True,True,True,True,0.0,0.0,0.0,1.1616861820220947,1.6345162391662598,18.0,1.3893816471099854,2.1718125343322754,30.0,0.8116974830627441,1.6852754354476929,28.0,0.9302458763122559,1.3000426292419434,14.0,a9ddfddb04200daae0ae0f6c78cc38015f2bf2774b58a7a3c20d924e51801b0f,28635d3918fbd65f2edb44c1822fdec9e5bec5630e92027f90019fbbbfb2fb94,28635d3918fbd65f2edb44c1822fdec9e5bec5630e92027f90019fbbbfb2fb94
cam1,193,9650000,True,True,True,True,0.0,0.0,0.0,1.1566073894500732,1.6273256540298462,20.0,1.3829526901245117,2.163118362426758,29.0,0.8041359186172485,1.678527593612671,28.0,0.9294569492340088,1.2983087301254272,14.0,5d6e50a1d0fb9d4f70383a81d447ed2c5783a81978d38d9661651b1d92b7fe41,56d862d5ec5bf3c66da8b58dd7156e4a3fb812d4be51fcea4fdda578ff23779e,56d862d5ec5bf3c66da8b58dd7156e4a3fb812d4be51fcea4fdda578ff23779e
cam1,194,9700000,True,True,True,True,0.0,0.0,0.0,1.1562293767929077,1.627216100692749,21.0,1.3845983743667603,2.1670212745666504,32.0,0.8067920804023743,1.680063009262085,28.0,0.9295767545700073,1.2998148202896118,15.0,7e663261093db5561f9db95b7563e065aa4f8be06f7e7c4fcef288fdc38f03a1,da43f1d48527e68d431e4737dc3ad10e33f4d739efb0cacdeeef0b411ca73b89,da43f1d48527e68d431e4737dc3ad10e33f4d739efb0cacdeeef0b411ca73b89
cam1,195,9750000,True,True,True,True,0.0,0.0,0.0,1.1580324172973633,1.6295140981674194,18.0,1.3858100175857544,2.1695683002471924,30.0,0.8070294260978699,1.682692050933838,28.0,0.9317129850387573,1.3011837005615234,12.0,ed8c9b691439b34b1def646d59a4eb593c84ec01b6c451f211b5a745383117ff,987e806c3bda2112312759e914e43eb6d0aad58885b1ae541200fafd7b2f240d,987e806c3bda2112312759e914e43eb6d0aad58885b1ae541200fafd7b2f240d
cam1,196,9800000,True,True,True,True,0.0,0.0,0.0,1.1647417545318604,1.6375492811203003,15.0,1.39605712890625,2.1826815605163574,31.0,0.8152623772621155,1.693171739578247,28.0,0.9329585433006287,1.3025025129318237,12.0,94b91f4b4ba540a7a7e2d40e0a9ac62dd237de3b90cbc8f2f1794b0bfa2c9bcd,38eabfc485a64f32ea0fcc6ae95f91cd31e7d3e4302cf31245a77f7d0c768590,38eabfc485a64f32ea0fcc6ae95f91cd31e7d3e4302cf31245a77f7d0c768590
cam1,197,9850000,True,True,True,True,0.0,0.0,0.0,1.1587413549423218,1.6303502321243286,17.0,1.3860201835632324,2.1705479621887207,30.0,0.8071786165237427,1.6835261583328247,27.0,0.9288533329963684,1.2982295751571655,13.0,636b93221c88a53617c0764cf3d6875489543948cbe543313325dd4cee8cfd9b,a509dd585549cad79d1a030935441fccf8440e884bd31d302bdb2a09d7b028f0,a509dd585549cad79d1a030935441fccf8440e884bd31d302bdb2a09d7b028f0
cam1,198,9900000,True,True,True,True,0.0,0.0,0.0,1.1605963706970215,1.6313186883926392,19.0,1.3889409303665161,2.175969362258911,31.0,0.8101558089256287,1.6841470003128052,28.0,0.9311026334762573,1.3006571531295776,13.0,43e07436fdd92daa32482fe583a80a4958467ec778d6730cf671413660857a71,febe292fb2a5940c50d7d4b4db498b371bc5b80fa18044cf25a06db1fc72c381,febe292fb2a5940c50d7d4b4db498b371bc5b80fa18044cf25a06db1fc72c381
cam1,199,9950000,True,True,True,True,0.0,0.0,0.0,1.1609537601470947,1.6320607662200928,18.0,1.3897321224212646,2.1745822429656982,32.0,0.8102756142616272,1.686055302619934,30.0,0.9320769309997559,1.3007466793060303,13.0,611f40c76e2d5828a5e1d3d8e2575ea891ad5560643195dd4b14bc92cbe60e55,118cbfdad22d34b925eebd57b62635c6469a3a736e3b3b2c866eb66819b28cf7,118cbfdad22d34b925eebd57b62635c6469a3a736e3b3b2c866eb66819b28cf7
cam1,200,10000000,True,True,True,True,0.0,0.0,0.0,1.1678670644760132,1.6415947675704956,18.0,1.397002100944519,2.1853768825531006,31.0,0.8174483776092529,1.6932644844055176,28.0,0.9356780052185059,1.3064942359924316,13.0,a32a4f78b5a25defb47bc3fb526cc272f10852bb08260da3036273bfd97f90b2,dfebd7b8f939efcb5e03d7f1e778a6cef288641effbc389c3416022f4a949b8a,dfebd7b8f939efcb5e03d7f1e778a6cef288641effbc389c3416022f4a949b8a
cam1,201,10050000,True,True,True,True,0.0,0.0,0.0,1.1606141328811646,1.6322944164276123,17.0,1.3912714719772339,2.17563533782959,31.0,0.8086773753166199,1.6847925186157227,28.0,0.9352824091911316,1.3049473762512207,12.0,4bd7fdd0f9b37cdc8008fc6cad6cd7cb4b18727ae025dc6e8426ba415bc7905a,2c0f13b1c330433dfad3786e7552ee190da5e57968d5d35d9ae65f747f173254,2c0f13b1c330433dfad3786e7552ee190da5e57968d5d35d9ae65f747f173254
cam1,202,10100000,True,True,True,True,0.0,0.0,0.0,1.1594281196594238,1.6301426887512207,16.0,1.3857195377349854,2.1683602333068848,31.0,0.8063490390777588,1.6818313598632812,28.0,0.9297032952308655,1.299021601676941,13.0,feead00d5a16a51d242d11fb7ed932b2f9274c28f07eb1d06b915cc0d8c719f3,b870b032c070449766848b3814812ec1a4bdba9c0d77340653d131872f763a20,b870b032c070449766848b3814812ec1a4bdba9c0d77340653d131872f763a20
cam1,203,10150000,True,True,True,True,0.0,0.0,0.0,1.1564937829971313,1.6263785362243652,16.0,1.3810606002807617,2.161309242248535,28.0,0.8025806546211243,1.676103115081787,26.0,0.9261090159416199,1.2960877418518066,13.0,25b3073df083ad256dc2a1f77589a947e14b568bc70b4d361a01a5db76c0f568,8c38a03e0a76539121493830612558aecb290fc8d47de98f28716c54b0d78b06,8c38a03e0a76539121493830612558aecb290fc8d47de98f28716c54b0d78b06
cam1,204,10200000,True,True,True,True,0.0,0.0,0.0,1.150705337524414,1.628066897392273,21.0,1.3818879127502441,2.1725447177886963,30.0,0.8029491305351257,1.6856751441955566,27.0,0.9231047630310059,1.295542597770691,15.0,05cc3c30dc6e9f898bbd93007c44685fcd4fe44c827c2caadefba02c57366b75,cae3d314013fa071d05d2c6a93aeda06b97e310d45496df5f70d55f2ee918469,cae3d314013fa071d05d2c6a93aeda06b97e310d45496df5f70d55f2ee918469
cam1,205,10250000,True,True,True,True,0.0,0.0,0.0,1.1423567533493042,1.6160145998001099,16.0,1.3677504062652588,2.1534862518310547,29.0,0.7901814579963684,1.6680841445922852,27.0,0.9180320501327515,1.289394736289978,13.0,3a2a0e8f1d1e8454cdf2b515473971082cfe6a34d31bab3f1b56f640ae6b4580,a8abb84d591e20f98a9320fad514396eba83ffe14b78989d64a8366b0d1454ef,a8abb84d591e20f98a9320fad514396eba83ffe14b78989d64a8366b0d1454ef
cam1,206,10300000,True,True,True,True,0.0,0.0,0.0,1.145369291305542,1.6185078620910645,14.0,1.3683494329452515,2.1490228176116943,28.0,0.7919469475746155,1.666529655456543,27.0,0.9196551442146301,1.290666937828064,11.0,58ebe3b88937d4e9d2df17f88cf51e9f9b5adea98ce6ff56b7b0b96202c163c1,ce407cff47ccf7656fedb7108bad15dcdf3186038206968ba988eee095fe3454,ce407cff47ccf7656fedb7108bad15dcdf3186038206968ba988eee095fe3454
cam1,207,10350000,True,True,True,True,0.0,0.0,0.0,1.1471188068389893,1.6197940111160278,18.0,1.3685483932495117,2.152413845062256,27.0,0.7912417054176331,1.6681755781173706,25.0,0.9204960465431213,1.2906547784805298,13.0,55d5d5ce9cbde723bfabd1197c0b6652658a5da7a45065bfc0e97022be274d58,9b392dca5147843dee47e4c59481709f97ceb7940ed743ef1411ee903fa185a6,9b392dca5147843dee47e4c59481709f97ceb7940ed743ef1411ee903fa185a6
cam1,208,10400000,True,True,True,True,0.0,0.0,0.0,1.1565632820129395,1.6323331594467163,18.0,1.3827741146087646,2.1715362071990967,29.0,0.8039098381996155,1.6861799955368042,26.0,0.9249787330627441,1.2968096733093262,13.0,4cdf9ad4b2168ad9a0a5400799a4b2953fa42b6653b15481f32f6869237bbabb,827454d17fa7403cb493fa5ec6d3c5f6f8ce50f807650bc9a63b4ce7ce85e33c,827454d17fa7403cb493fa5ec6d3c5f6f8ce50f807650bc9a63b4ce7ce85e33c
cam1,209,10450000,True,True,True,True,0.0,0.0,0.0,1.148349642753601,1.6207399368286133,15.0,1.3692626953125,2.1515650749206543,30.0,0.7921029329299927,1.6694157123565674,26.0,0.9230030179023743,1.2932714223861694,12.0,888e645df2e1672fdecd38ba3ff84a970acfddcf50518927d0d0cbfad908ee2c,38056c14f474c4e05e73083a7f5dd0067fd16a24b3de55c5db6908c7ecd808da,38056c14f474c4e05e73083a7f5dd0067fd16a24b3de55c5db6908c7ecd808da
cam1,210,10500000,True,True,True,True,0.0,0.0,0.0,1.1510167121887207,1.6244310140609741,16.0,1.371647596359253,2.1558353900909424,32.0,0.7948450446128845,1.671281337738037,28.0,0.9233556389808655,1.2943528890609741,11.0,2e3d73b35c4906d1828de07ba3d7902e39972f0291ab835283e2ea20ce4d25e5,84014ffc935db4596f0708ba163ec7e8e2b8e4a2b390781dbefbbe0b5585c3a9,84014ffc935db4596f0708ba163ec7e8e2b8e4a2b390781dbefbbe0b5585c3a9
cam1,211,10550000,True,True,True,True,0.0,0.0,0.0,1.1503301858901978,1.623113989830017,15.0,1.3716204166412354,2.155651807785034,30.0,0.7958713173866272,1.6730414628982544,29.0,0.92291259765625,1.2931420803070068,11.0,f63752b25814c154ea3d055d364237751631f42fffdc759b68aef91a47629bce,d74e1c0c431d66daf40fc32a64c12f9379feb6f42a04016c6900b52a31696bcc,d74e1c0c431d66daf40fc32a64c12f9379feb6f42a04016c6900b52a31696bcc
cam1,212,10600000,True,True,True,True,0.0,0.0,0.0,1.1573158502578735,1.632519245147705,15.0,1.383174180984497,2.170121431350708,30.0,0.8039053678512573,1.6826221942901611,28.0,0.9271647334098816,1.2986516952514648,13.0,c4190f5b23958a8fd885d4783fb43536a66ef0efd3361a0b89a2277808ccb797,670473be95c2f4366c68ad85078bfad1b8644b6e3943e0075a590cedf8f92417,670473be95c2f4366c68ad85078bfad1b8644b6e3943e0075a590cedf8f92417
cam1,213,10650000,True,True,True,True,0.0,0.0,0.0,1.1501920223236084,1.622863531112671,16.0,1.3749163150787354,2.1581766605377197,36.0,0.79852294921875,1.674850344657898,31.0,0.9242802262306213,1.293978214263916,11.0,82c65381cfe5ed32a949213a44b0f25028468ee4daccc33460b592f8616dca57,f7a0624fe36441dd611809e82d0393d8419a7526e89b3c7c459037d18346098d,f7a0624fe36441dd611809e82d0393d8419a7526e89b3c7c459037d18346098d
cam1,214,10700000,True,True,True,True,0.0,0.0,0.0,1.154877781867981,1.6270102262496948,17.0,1.3800455331802368,2.1614603996276855,31.0,0.8017714023590088,1.6771466732025146,28.0,0.9276123046875,1.297727108001709,11.0,9799b7521f3aac0c2d2b2e4a539bf23bd409f0d17ef27b15b0f81646144e2bee,49e1ea6342818c4ef987e41b706a450703ee6641a16aa2a6c67dfa92df9ea452,49e1ea6342818c4ef987e41b706a450703ee6641a16aa2a6c67dfa92df9ea452
cam1,215,10750000,True,True,True,True,0.0,0.0,0.0,1.1531213521957397,1.6261183023452759,19.0,1.3801630735397339,2.163778781890869,31.0,0.8014503717422485,1.6786987781524658,28.0,0.9257903099060059,1.2966623306274414,12.0,575de06f8704b46cc13a8d5670d686d1adc5967ef34d94a61adb1617a426368c,6b7bed1eb7cf3d677a0013be9e0dd61f037eb7652e8cb80f36b25a2f5e957d7d,6b7bed1eb7cf3d677a0013be9e0dd61f037eb7652e8cb80f36b25a2f5e957d7d
cam1,216,10800000,True,True,True,True,0.0,0.0,0.0,1.159693956375122,1.6353734731674194,21.0,1.3881564140319824,2.176419734954834,29.0,0.8091023564338684,1.687733769416809,28.0,0.92950439453125,1.3020217418670654,15.0,57efa0a0642dbe3adb6dda9d9de31b369ba67921e031b8a51b19fa7305094c94,ef74b0d06352a7ab44e3563f8f417145d5523a1004459e913cf3b208ef58be00,ef74b0d06352a7ab44e3563f8f417145d5523a1004459e913cf3b208ef58be00
cam1,217,10850000,True,True,True,True,0.0,0.0,0.0,1.1539334058761597,1.626171588897705,18.0,1.3797132968902588,2.1646034717559814,29.0,0.7996690273284912,1.6760451793670654,27.0,0.9270810484886169,1.2975519895553589,13.0,c9ade90111d0acc01d2a58d2c4fae92ed9ba676d3488bb0056307ab1bb99e99f,a73f97ffce3928e906e81f10afc950ae8b364345391f251b11033f7badcaddbd,a73f97ffce3928e906e81f10afc950ae8b364345391f251b11033f7badcaddbd
cam1,218,10900000,True,True,True,True,0.0,0.0,0.0,1.1553031206130981,1.6252127885818481,18.0,1.3799710273742676,2.1598622798919678,29.0,0.7994678616523743,1.6714321374893188,27.0,0.9287516474723816,1.2984392642974854,13.0,f2cc7c65f84879ab72913d143c1436d577afb3ef104f459f24052fd2507cd8d4,cee313d185f99c31f0e3a651dd168ae386fe7e99d28960ac8eccf9125211b647,cee313d185f99c31f0e3a651dd168ae386fe7e99d28960ac8eccf9125211b647
cam1,219,10950000,True,True,True,True,0.0,0.0,0.0,1.1578707695007324,1.6288368701934814,16.0,1.378971815109253,2.158118963241577,26.0,0.7992485761642456,1.6724698543548584,25.0,0.9290251731872559,1.2997400760650635,12.0,feabc809bb7e1a0d17412ffadb75f619215ca2a72f6eac0a15fb560627aa1637,06f3bbcab1de0d3d5157e028b0394d5f89f4d91b11365a61012fd8d671b842f8,06f3bbcab1de0d3d5157e028b0394d5f89f4d91b11365a61012fd8d671b842f8
cam1,220,11000000,True,True,True,True,0.0,0.0,0.0,1.162935495376587,1.6361602544784546,15.0,1.3863457441329956,2.1670145988464355,26.0,0.8055623173713684,1.6799956560134888,27.0,0.9320791959762573,1.3033535480499268,11.0,c918efc9ee43f9f24fb66a6bfeb27a05f3fbfd8e8ca4ae94318f786def708635,41206b260c0de4205e5aec32ad873b95889c0d74d4ec7595e208bdf53b562841,41206b260c0de4205e5aec32ad873b95889c0d74d4ec7595e208bdf53b562841
cam1,221,11050000,True,True,True,True,0.0,0.0,0.0,1.15597403049469,1.6253249645233154,16.0,1.375248670578003,2.1513054370880127,28.0,0.7941374778747559,1.6660717725753784,27.0,0.9288533329963684,1.2986021041870117,11.0,19edbc98f5853e5b70493d4f09d8c458417958050a653c32a449d36d150727ed,78af9a4f7de02c340775668a27dae46c17cf0fc15fd684118fe33ec51d41a826,78af9a4f7de02c340775668a27dae46c17cf0fc15fd684118fe33ec51d41a826
cam1,222,11100000,True,True,True,True,0.0,0.0,0.0,1.1555975675582886,1.6236876249313354,16.0,1.3749977350234985,2.1472787857055664,28.0,0.7971892356872559,1.6646885871887207,27.0,0.9279378056526184,1.2968976497650146,11.0,61959acf000d8ea453eb181f2e7f86b76fa880c816a0c2d5042eae349be02371,945b856ff3987043689585dba743c77717669cd7375c9d7f079c4b057f421f74,945b856ff3987043689585dba743c77717669cd7375c9d7f079c4b057f421f74
cam1,223,11150000,True,True,True,True,0.0,0.0,0.0,1.158033847808838,1.6278834342956543,17.0,1.379609227180481,2.1571812629699707,27.0,0.8000330328941345,1.6708775758743286,27.0,0.9295970797538757,1.2990363836288452,13.0,8cf3981de34bf4aaddefe8db521f674640b7bcd8d8fdce7272658d684f8a4b24,282e29a9b8bf7a91eb464ddf3cce0f6c25bd09702f853cb345454fac9f92cf94,282e29a9b8bf7a91eb464ddf3cce0f6c25bd09702f853cb345454fac9f92cf94
cam1,224,11200000,True,True,True,True,0.0,0.0,0.0,1.1640368700027466,1.6359728574752808,20.0,1.3895602226257324,2.172076463699341,27.0,0.8096901178359985,1.6827222108840942,27.0,0.9312111139297485,1.3005598783493042,15.0,90aa3fb50f2f403e775f081a91a0bddeae4f02e772f364a0e48750cf1b99972f,bc071ef47b2d51b485e11737e1f13f3e9badb092205faf78863e7b60d33c775e,bc071ef47b2d51b485e11737e1f13f3e9badb092205faf78863e7b60d33c775e
cam1,225,11250000,True,True,True,True,0.0,0.0,0.0,1.1586147546768188,1.6278464794158936,18.0,1.3823513984680176,2.1582608222961426,27.0,0.8031752109527588,1.6726866960525513,27.0,0.9300469160079956,1.2995505332946777,13.0,3c9b94185ee20b5037d766d5f5efb442bca5607d20d2bcc2c6055e5123d1b9cc,5e0e75ae4b9e7c50e890f538dfc7b21d3f542a5e2803e6ad6f940f62972d44d5,5e0e75ae4b9e7c50e890f538dfc7b21d3f542a5e2803e6ad6f940f62972d44d5
cam1,226,11300000,True,True,True,True,0.0,0.0,0.0,1.1600980758666992,1.6287504434585571,19.0,1.3849374055862427,2.16097092628479,28.0,0.8062540888786316,1.6752444505691528,28.0,0.9294818043708801,1.2973062992095947,13.0,32051fa929a60fc5597b19466535966d54d28c1c56bf8439bc1b905a838c0f60,be2d9da2bb2b0db0d7d978bf17a1559e1f9659e95b89de07fa5cbc5ca8df888b,be2d9da2bb2b0db0d7d978bf17a1559e1f9659e95b89de07fa5cbc5ca8df888b
cam1,227,11350000,True,True,True,True,0.0,0.0,0.0,1.1610894203186035,1.629442811012268,18.0,1.3868657350540161,2.1627113819122314,29.0,0.8070542812347412,1.676911473274231,27.0,0.9328929781913757,1.2993147373199463,13.0,d4ada00fae57e45aab48ef8d96116a4152a24260b0ab646959304c6fbcf9ba7b,2d4b694af801a7ad5265714f46012349025c168aef42ff3c3542049f31b7e74b,2d4b694af801a7ad5265714f46012349025c168aef42ff3c3542049f31b7e74b
cam1,228,11400000,True,True,True,True,0.0,0.0,0.0,1.1663877964019775,1.6370527744293213,17.0,1.3948816061019897,2.177135705947876,29.0,0.8143988847732544,1.6870766878128052,27.0,0.9350427985191345,1.3034272193908691,12.0,a8c4530908bb886966345280ea86e90b764084817ae8035ecf096d174966cfef,960bc88db39651767ee3ad765c49c9e4b4419f9341b21af46a281379bff3cdb5,960bc88db39651767ee3ad765c49c9e4b4419f9341b21af46a281379bff3cdb5
cam1,229,11450000,True,True,True,True,0.0,0.0,0.0,1.1601818799972534,1.628912091255188,20.0,1.3844197988510132,2.163712501525879,31.0,0.8053837418556213,1.6762595176696777,27.0,0.9310460686683655,1.3000826835632324,15.0,9d23b3446f83103939c3aa14b8a756577d971b09032312dd68832f9a21e10a70,c39bb8e0273bad70aaa41a4c9d436b5b054f0075d3e67722663f7231c97cd646,c39bb8e0273bad70aaa41a4c9d436b5b054f0075d3e67722663f7231c97cd646
cam1,230,11500000,True,True,True,True,0.0,0.0,0.0,1.1593377590179443,1.6271741390228271,24.0,1.3844423294067383,2.1570346355438232,29.0,0.8065909147262573,1.6730806827545166,27.0,0.9303724765777588,1.2977784872055054,18.0,e4de038ba3c196174368cd15cbacc77672f26553ece3d88895ae7f8488a12d31,a010c36b0a94a6f87d2548464244d315c8488f551520259cf3da1ddf11326b49,a010c36b0a94a6f87d2548464244d315c8488f551520259cf3da1ddf11326b49
cam1,231,11550000,True,True,True,True,0.0,0.0,0.0,1.160550832748413,1.629132628440857,15.0,1.3857421875,2.159925699234009,29.0,0.803466796875,1.6714869737625122,28.0,0.9332863092422485,1.3008449077606201,12.0,67e40098e7ea1b10a4079fe027b4d720504549298ad567769d18793e916c8a81,14ddc6dd30c1edd8ae7f9bff337d3641b960c01c170c06f4ffc149dbafd750b5,14ddc6dd30c1edd8ae7f9bff337d3641b960c01c170c06f4ffc149dbafd750b5
cam1,232,11600000,True,True,True,True,0.0,0.0,0.0,1.166729211807251,1.636982798576355,15.0,1.3945990800857544,2.173218250274658,29.0,0.8125316500663757,1.6832884550094604,28.0,0.9346923828125,1.3031853437423706,10.0,1d7cd1847b6f95ec0fe123cfa657e7b8686245107420e908f89df807cbe73c25,6c150aab397a49815f3386ef2e89bea2387377de41ec217d26f4a44abd9a21f2,6c150aab397a49815f3386ef2e89bea2387377de41ec217d26f4a44abd9a21f2
cam1,233,11650000,True,True,True,True,0.0,0.0,0.0,1.1586418151855469,1.626764178276062,15.0,1.3820642232894897,2.1566121578216553,29.0,0.8026236295700073,1.672020435333252,28.0,0.9300401210784912,1.297237515449524,12.0,2a0613bbdc1a1928e7124418dcbbfdd2b02326a83dd78409a62475d8bf102996,f4f4437848e72d6dedba140ba7b941fb1f4b3ec1b80c7a6c81e8af1bb7ad7505,f4f4437848e72d6dedba140ba7b941fb1f4b3ec1b80c7a6c81e8af1bb7ad7505
cam1,234,11700000,True,True,True,True,0.0,0.0,0.0,1.1472681760787964,1.6181143522262573,16.0,1.3699522018432617,2.1501128673553467,29.0,0.7913863658905029,1.6652663946151733,28.0,0.9235048890113831,1.294326663017273,12.0,bc5a1e02021b0fc20f35e3d8bf4008fc3581c8c3c8f43e7129cb610a150173b9,9c4091b5a734502a9062191c8b0b4916c3ce0fa07b964986fdcde8aa512959c7,9c4091b5a734502a9062191c8b0b4916c3ce0fa07b964986fdcde8aa512959c7
cam1,235,11750000,True,True,True,True,0.0,0.0,0.0,1.146987795829773,1.6194907426834106,15.0,1.3712384700775146,2.154170036315918,29.0,0.7923426032066345,1.6698408126831055,28.0,0.9215969443321228,1.2929619550704956,11.0,28f22b0c590394b12d3eee88a3da006ed7e236a39c0e244cfce3fd4ceaa91bf5,f9043768bee24619bed17d2a7a3af4f9b0d7fc05c18b40add2f7b5b5f6521281,f9043768bee24619bed17d2a7a3af4f9b0d7fc05c18b40add2f7b5b5f6521281
cam1,236,11800000,True,True,True,True,0.0,0.0,0.0,1.1568862199783325,1.6321059465408325,15.0,1.3846029043197632,2.170685052871704,29.0,0.8057974576950073,1.6827518939971924,28.0,0.9264662265777588,1.2987396717071533,11.0,a743a57f954dbcce89c7d7e2cf042aea2785e7d29f16018e30c774cef7725c46,e6c63178995fb29b0c8ae17a76a53d206902e1373c7dfdd531d9909ff58f9378,e6c63178995fb29b0c8ae17a76a53d206902e1373c7dfdd531d9909ff58f9378
cam1,237,11850000,True,True,True,True,0.0,0.0,0.0,1.147982120513916,1.6202442646026611,18.0,1.37109375,2.1541879177093506,30.0,0.7946574091911316,1.6710858345031738,28.0,0.9217687249183655,1.2929970026016235,14.0,53f4363244d044458203a94be0414050c3590202ff536efd78a8e0cf350ed1ca,b8f7ce85b50da0277645b28a7ef75f374d5b0a3cf1ae510a9d154930659d8730,b8f7ce85b50da0277645b28a7ef75f374d5b0a3cf1ae510a9d154930659d8730
cam1,238,11900000,True,True,True,True,0.0,0.0,0.0,1.1501338481903076,1.6224400997161865,17.0,1.3739805221557617,2.1563732624053955,29.0,0.7965969443321228,1.672647476196289,27.0,0.9231499433517456,1.293609619140625,12.0,b818d695626fc5cd93e358ed261fbecc03bdb85b2d634df970f7abd16e9519dd,4349efde75b61bc68ca3ece7b1e0e33991e186c7c9ee2ca62878e340c2409565,4349efde75b61bc68ca3ece7b1e0e33991e186c7c9ee2ca62878e340c2409565
cam1,239,11950000,True,True,True,True,0.0,0.0,0.0,1.1501829624176025,1.6233596801757812,16.0,1.377348780632019,2.1641910076141357,31.0,0.7971282005310059,1.675506830215454,28.0,0.9238982200622559,1.2943617105484009,13.0,f3016ea1ffc94691ebe4abf4feee2623895606fc131173bd653f20ab46387471,567150ac3346c6951b03756e0fb8a2e39342ebd19dac6bf8614bd225495d4932,567150ac3346c6951b03756e0fb8a2e39342ebd19dac6bf8614bd225495d4932
cam1,240,12000000,True,True,True,True,0.0,0.0,0.0,1.1568810939788818,1.6321433782577515,16.0,1.3874579668045044,2.1749634742736816,29.0,0.8074725270271301,1.6857374906539917,27.0,0.9282068610191345,1.298690915107727,12.0,52f4d5937e5b5ecaa649d7e55a685a31a5bc5b3154aea1c63420f3115f057c05,62f4feb9b21c4d3b04ea49df9d6ee16df12c2334f7a0f13e87e9d5aae75485bd,62f4feb9b21c4d3b04ea49df9d6ee16df12c2334f7a0f13e87e9d5aae75485bd
cam1,241,12050000,True,True,True,True,0.0,0.0,0.0,1.1516156196594238,1.6237703561782837,16.0,1.3805090188980103,2.165642261505127,29.0,0.7988733649253845,1.6770846843719482,27.0,0.9249968528747559,1.2950670719146729,12.0,942eedf693ccd5954fcf9f76d9f6fff059b5b5c3ffa6b6d1ee6d817eb4fa534d,0fa60d4b8ec113a2fe34d43db0df04ab0a7977893a2b18b06dffa3276d257e56,0fa60d4b8ec113a2fe34d43db0df04ab0a7977893a2b18b06dffa3276d257e56
cam1,242,12100000,True,True,True,True,0.0,0.0,0.0,1.1529839038848877,1.6252163648605347,15.0,1.38226318359375,2.166234016418457,29.0,0.7997210621833801,1.6770490407943726,27.0,0.9248543977737427,1.2947310209274292,12.0,6dfbf7d68a210cbd6dc08c320c12eff8752cbe85eeda64cb58d084dd7ef6a0ed,4d5e4ac8e07de66e53579c7cfd4006f63fbd1b3bcf3654fe48530e932e6edbeb,4d5e4ac8e07de66e53579c7cfd4006f63fbd1b3bcf3654fe48530e932e6edbeb
cam1,243,12150000,True,True,True,True,0.0,0.0,0.0,1.1538400650024414,1.6261191368103027,17.0,1.3801360130310059,2.1627860069274902,28.0,0.7992802262306213,1.6778392791748047,26.0,0.9245424866676331,1.2955617904663086,11.0,a1b4e12cba87cb23580d6a498da4bf7edd3891feb424cbf1b9c54618c839bdd4,db42205b84a8984f26675092d2f7e2605474fb888857ea502d80dbe186c9d1ea,db42205b84a8984f26675092d2f7e2605474fb888857ea502d80dbe186c9d1ea
cam1,244,12200000,True,True,True,True,0.0,0.0,0.0,1.159266471862793,1.6325864791870117,17.0,1.3889702558517456,2.1756114959716797,28.0,0.8074612021446228,1.6864393949508667,27.0,0.9283198714256287,1.2991207838058472,14.0,6befcb2277a044acf782ba9cc63e1e923d400ea01d81a0d3a4652d579bc85938,a31e72e9c8a57797bc160031cac6bdb0fe50a9742984a174788f1d9a8d12a74a,a31e72e9c8a57797bc160031cac6bdb0fe50a9742984a174788f1d9a8d12a74a
cam1,245,12250000,True,True,True,True,0.0,0.0,0.0,1.1548621654510498,1.6260108947753906,19.0,1.383088231086731,2.165583372116089,27.0,0.8005642294883728,1.6768594980239868,26.0,0.9267261624336243,1.2956054210662842,12.0,9cdfa9141d8974f8d892b9e4afda822939258b9a45a100d69b50ed4f19d24162,3fc6a504225bfc3da2bc780664a6be0f63862b8893d958688db0254057c09dbc,3fc6a504225bfc3da2bc780664a6be0f63862b8893d958688db0254057c09dbc
cam1,246,12300000,True,True,True,True,0.0,0.0,0.0,1.155306339263916,1.6270551681518555,16.0,1.3830747604370117,2.1646595001220703,29.0,0.8036951422691345,1.6790441274642944,27.0,0.9268052577972412,1.295824408531189,11.0,2c50097fecfcd7a07820c36196b222d175dab09c216399e374c54bae87cc81d0,256906177f7bd50f71ad43c5ef58638fd10725ab7b1071a6fa57923d0ec2202b,256906177f7bd50f71ad43c5ef58638fd10725ab7b1071a6fa57923d0ec2202b
cam1,247,12350000,True,True,True,True,0.0,0.0,0.0,1.156875729560852,1.6291307210922241,18.0,1.3842321634292603,2.1660780906677246,30.0,0.8031073808670044,1.6793779134750366,27.0,0.9291020035743713,1.2988475561141968,11.0,d8444901caf81019cb9ce704b089ebb0324bc5fae09bfc7e929e01de2d1397cc,a7c555c5db47f12cfe38d02e48ab8c99f6e40bbec0775e2277e6206d2d3c04ff,a7c555c5db47f12cfe38d02e48ab8c99f6e40bbec0775e2277e6206d2d3c04ff
cam1,248,12400000,True,True,True,True,0.0,0.0,0.0,1.1621451377868652,1.6364716291427612,17.0,1.3918547630310059,2.176265001296997,29.0,0.8101309537887573,1.6868971586227417,27.0,0.9318802356719971,1.303514838218689,11.0,801416f85bf663bbef143c3705ad37dcd8e1a27a9ffb21517b7aaf5ccd35b45c,7d5d20a25fd2c524e56f942c3e13808fe0c43892d730ba273ed2611fd05f22f6,7d5d20a25fd2c524e56f942c3e13808fe0c43892d730ba273ed2611fd05f22f6
cam1,249,12450000,True,True,True,True,0.0,0.0,0.0,1.1620450019836426,1.6355905532836914,17.0,1.3913823366165161,2.1749074459075928,29.0,0.8090956211090088,1.6864628791809082,27.0,0.9323436617851257,1.3034497499465942,11.0,7a0ce453ecf40119ab046687814fce01c9bc4298b057487ccb2ad1937c9455dd,778bdca9ac057633620959325777eb7c5c9f6ec3116566137621143daaa74207,778bdca9ac057633620959325777eb7c5c9f6ec3116566137621143daaa74207
cam1,250,12500000,True,True,True,True,0.0,0.0,0.0,1.156799077987671,1.6415424346923828,17.0,1.3973547220230103,2.2100722789764404,30.0,0.8152804970741272,1.7140138149261475,28.0,0.9240880608558655,1.3019070625305176,12.0,c3c1c764c05b8dd805d015657ada8aa39011f067d89cb36f64a87051b504aac9,bce63e8fd24fb22521fea55f90d0d306c5dad6e1b50dd83e44cdff495be020d3,bce63e8fd24fb22521fea55f90d0d306c5dad6e1b50dd83e44cdff495be020d3
cam1,251,12550000,True,True,True,True,0.0,0.0,0.0,1.152250051498413,1.6310220956802368,17.0,1.3884819746017456,2.1898064613342285,31.0,0.8078410029411316,1.700575351715088,30.0,0.9225870966911316,1.2949762344360352,12.0,a3e62f57147fe29dd282b824004f674934097ff53c3f94eb0cdd85e03141ab46,0ce0eb2fd865da9af613a173557e3da3d6f13d410bb6802ec604f2caeae12575,0ce0eb2fd865da9af613a173557e3da3d6f13d410bb6802ec604f2caeae12575
cam1,252,12600000,True,True,True,True,0.0,0.0,0.0,1.154591679573059,1.6327615976333618,18.0,1.3903288841247559,2.190613031387329,31.0,0.8099433183670044,1.7022202014923096,29.0,0.9239004850387573,1.295572280883789,12.0,d59e65544a91d2dbc3c9447ae5226eaaaf83c1dc825301b40abfb967f4f0cc74,b836984dd1ca204c563dad1fbb43d732ccf89151cc2d721d52340c5f0b306c74,b836984dd1ca204c563dad1fbb43d732ccf89151cc2d721d52340c5f0b306c74
cam1,253,12650000,True,True,True,True,0.0,0.0,0.0,1.1559396982192993,1.6338510513305664,18.0,1.390986680984497,2.1909611225128174,31.0,0.8112385869026184,1.7035205364227295,30.0,0.9249538779258728,1.2967250347137451,11.0,08b7940c959325f6de5949609d54204a599d2621bb543664eb499ed34434b55f,6f6c3c4f6dfd209cd53206d34577f063ff65f0417f264401f7fcb2ad6ad57380,6f6c3c4f6dfd209cd53206d34577f063ff65f0417f264401f7fcb2ad6ad57380
cam1,254,12700000,True,True,True,True,0.0,0.0,0.0,1.1603573560714722,1.6405186653137207,16.0,1.3973840475082397,2.201634645462036,31.0,0.8191143870353699,1.7113463878631592,31.0,0.9262288212776184,1.299380898475647,11.0,7d2464a6bcf45af06d6ef5dc1a31eb25714a02e8ec6ff8e4604979c8d17aa65f,de52160157196f9b005ba3b30e527e0ca5a75707dad365268555e49ea09f314c,de52160157196f9b005ba3b30e527e0ca5a75707dad365268555e49ea09f314c
cam1,255,12750000,True,True,True,True,0.0,0.0,0.0,1.1556593179702759,1.6322447061538696,16.0,1.3848967552185059,2.1814193725585938,32.0,0.8090752363204956,1.6998625993728638,31.0,0.9214884638786316,1.2934986352920532,12.0,bd8154b142da8f04d068acdcdf5d3b1893591e918134f8655f1ebf0e0c577890,bbb5cc548a278374e60ea2b7eace9bab838cfae02f51467450151bcf4064fe40,bbb5cc548a278374e60ea2b7eace9bab838cfae02f51467450151bcf4064fe40
cam1,256,12800000,True,True,True,True,0.0,0.0,0.0,1.155734896659851,1.6316488981246948,16.0,1.3884797096252441,2.1867520809173584,31.0,0.8107254505157471,1.6995806694030762,30.0,0.9243118762969971,1.2974326610565186,11.0,06421b53bedaff3154276fd9e21fbe2539a68d79ab0e0a85848c3b3906d3e422,94eea2219b9a3ae923eab39f0622c843f59d16426bb8a3922874a6b9b5dc807f,94eea2219b9a3ae923eab39f0622c843f59d16426bb8a3922874a6b9b5dc807f
cam1,257,12850000,True,True,True,True,0.0,0.0,0.0,1.155592441558838,1.6322944164276123,16.0,1.386967420578003,2.1840333938598633,31.0,0.8088536858558655,1.698898196220398,30.0,0.9255710244178772,1.2984333038330078,12.0,f89d6a13fbd71f1a3b84624c00283561505096e2293e7526bacc8a639e21512f,0d94fc53e9886a9143f57378c912e8cd28699f6ac063a81faaca0b843f4e51ee,0d94fc53e9886a9143f57378c912e8cd28699f6ac063a81faaca0b843f4e51ee
cam1,258,12900000,True,True,True,True,0.0,0.0,0.0,1.1609957218170166,1.6381096839904785,19.0,1.3953179121017456,2.1934330463409424,31.0,0.8166661858558655,1.7062751054763794,29.0,0.9271308183670044,1.2996009588241577,14.0,db713118a7dfa329892171a03af48771bf7ca1fe100aa1388ebe3698253c77ab,c4b2ba564f52961cc87f61bf5a71ed5eb1916beec76230c27317ff44e749bb3b,c4b2ba564f52961cc87f61bf5a71ed5eb1916beec76230c27317ff44e749bb3b
cam1,259,12950000,True,True,True,True,0.0,0.0,0.0,1.1532320976257324,1.6267344951629639,16.0,1.3839247226715088,2.1760051250457764,31.0,0.8052887916564941,1.6920578479766846,29.0,0.9242033958435059,1.2956072092056274,11.0,c09e8423bd5d3b9b86b2c8ec1c60cfb09577d6d58dc06cb6a08d6d9169e8542e,82cc31f30cec6d8aa826db621a069e50dc073a1ef5ca36aca094d7057cfa4a81,82cc31f30cec6d8aa826db621a069e50dc073a1ef5ca36aca094d7057cfa4a81
cam1,260,13000000,True,True,True,True,0.0,0.0,0.0,1.1513748168945312,1.6223174333572388,19.0,1.376069188117981,2.1611344814300537,31.0,0.7990360856056213,1.6769970655441284,30.0,0.9218456149101257,1.2917340993881226,14.0,5fcc0ceff4c701be1fd2ef3302706bafe2d1f3c63bd7232a5f30fafae1fe82c4,eb0ac7a9e0b0ef0ffbb0936fdf88c7cab8a3fa8f0ad8337916002f41b1591cb6,eb0ac7a9e0b0ef0ffbb0936fdf88c7cab8a3fa8f0ad8337916002f41b1591cb6
cam1,261,13050000,True,True,True,True,0.0,0.0,0.0,1.149716854095459,1.6200734376907349,17.0,1.3730649948120117,2.1544554233551025,41.0,0.7956407070159912,1.6716667413711548,38.0,0.9227927923202515,1.2918258905410767,14.0,8bdde0763db423cad9e9df5deef58ac49a3398d8ee842d38577a0328d0b00fe3,d615d867fc29cb7cd9b2531aa25f1b7e59d966e96f0e1c35bb6a5c33f1f09a15,d615d867fc29cb7cd9b2531aa25f1b7e59d966e96f0e1c35bb6a5c33f1f09a15
cam1,262,13100000,True,True,True,True,0.0,0.0,0.0,1.1560333967208862,1.629456877708435,17.0,1.3825411796569824,2.1704277992248535,40.0,0.8042534589767456,1.6852681636810303,38.0,0.9247956275939941,1.294891595840454,13.0,08b4bf6800197be3b0cb98461f6d3933572a2d0ed34be4142238ec559971f7f4,c1353b020127754cb5ca2a826ab66791b39e8ba0b73cacc4d3cb508a64136bec,c1353b020127754cb5ca2a826ab66791b39e8ba0b73cacc4d3cb508a64136bec
cam1,263,13150000,True,True,True,True,0.0,0.0,0.0,1.1477456092834473,1.618717074394226,17.0,1.3697736263275146,2.1515376567840576,37.0,0.7932286858558655,1.6697461605072021,37.0,0.9194720387458801,1.288792371749878,13.0,145ec8ab103de8fb7b25d70558b959872b84c3e96ac6ae1d187fe6263727bc05,b492291fe0494b39a99ecef6d3511aa1a8d829b6ff4ce3698a1e31ccf639aa2f,b492291fe0494b39a99ecef6d3511aa1a8d829b6ff4ce3698a1e31ccf639aa2f
cam1,264,13200000,True,True,True,True,0.0,0.0,0.0,1.135252833366394,1.6058109998703003,15.0,1.3542864322662354,2.1348953247070312,38.0,0.7798303961753845,1.6545225381851196,37.0,0.9122608304023743,1.282076358795166,11.0,dbf2e073f83d79c34d2b2a85d9679246c2a32d3f5e80156bd9ed2c1237ee4e6b,e6198fbdc429754cee836905e17d0b72a358715d19c1de6b2ed37313e9a38c87,e6198fbdc429754cee836905e17d0b72a358715d19c1de6b2ed37313e9a38c87
cam1,265,13250000,True,True,True,True,0.0,0.0,0.0,1.1331156492233276,1.6045453548431396,16.0,1.3547385931015015,2.135638475418091,38.0,0.7785395979881287,1.6560200452804565,37.0,0.9119240045547485,1.2807400226593018,12.0,6f43071615557b6089115d9b65d4310969601369a7f9ee7cfbd75c83eabc6dd9,9e6501a91539ab86ff1776f4b90a4cb620f4f34d374fd0452b4d0dbd70e52491,9e6501a91539ab86ff1776f4b90a4cb620f4f34d374fd0452b4d0dbd70e52491
cam1,266,13300000,True,True,True,True,0.0,0.0,0.0,1.1424767971038818,1.615700125694275,18.0,1.3635660409927368,2.14794659614563,37.0,0.7881605625152588,1.6643939018249512,34.0,0.9156697392463684,1.2866542339324951,12.0,826890db6cbd4cfd5db7b5a9e87528569bc84f45fe1a65e0b73fc77e8714bb8a,9c7247a62bf25fabe6d0e139dda2fdc9246534f20c9798e37ca3e9df1b1bcd88,9c7247a62bf25fabe6d0e139dda2fdc9246534f20c9798e37ca3e9df1b1bcd88
cam1,267,13350000,True,True,True,True,0.0,0.0,0.0,1.1370478868484497,1.6085100173950195,16.0,1.3574557304382324,2.1393916606903076,37.0,0.7824413180351257,1.6580363512039185,34.0,0.9140399098396301,1.2831629514694214,13.0,7466de16d053baaa85737bec82807c36c85bea10e67dd2738b68509214ed6172,cfec8d6fe1c7ee73b433dbd4436677827528a3d0b024ec1ef4b4e24f699a3e04,cfec8d6fe1c7ee73b433dbd4436677827528a3d0b024ec1ef4b4e24f699a3e04
cam1,268,13400000,True,True,True,True,0.0,0.0,0.0,1.1367582082748413,1.6076068878173828,16.0,1.3567686080932617,2.1379923820495605,34.0,0.7795478105545044,1.6549358367919922,34.0,0.9139991998672485,1.2836437225341797,12.0,1a64eb7e68efbdcacc27e9964230680f66914af19de710fa7db79e7230e0a5f6,ae0db3e8577635d7857f7905ffcfb9fbab6d39e2ab1f2723c9ebd83b5b758284,ae0db3e8577635d7857f7905ffcfb9fbab6d39e2ab1f2723c9ebd83b5b758284
cam1,269,13450000,True,True,True,True,0.0,0.0,0.0,1.1394256353378296,1.6111940145492554,16.0,1.3600192070007324,2.1432387828826904,34.0,0.7853461503982544,1.6602333784103394,34.0,0.9141642451286316,1.2842819690704346,12.0,bd73054ccdf88647a9b227567b6b40965dbef090fdc92430a81163171732af24,bbcd11b90e15480b0232ecd62b6d0662655dfe7e32399e7cebc64c7d142a63ed,bbcd11b90e15480b0232ecd62b6d0662655dfe7e32399e7cebc64c7d142a63ed
cam2,0,0,True,True,True,True,0.0,0.0,0.0,1.104967474937439,1.758554220199585,28.0,1.454045057296753,2.7130496501922607,34.0,0.9279875755310059,2.3170907497406006,31.0,0.8814810514450073,1.3474719524383545,25.0,8165f422e8c7ca6f0cc291444de6d1297fde3d761f73ef7af3fa5cadc3b544fa,4d16c5bad36ad7c20ad48705cd40cc050b4afe0f85b7a582cea9c626ef635fd7,4d16c5bad36ad7c20ad48705cd40cc050b4afe0f85b7a582cea9c626ef635fd7
cam2,1,50000,True,True,True,True,0.0,0.0,0.0,1.1179929971694946,1.7610872983932495,32.0,1.4620293378829956,2.704174757003784,34.0,0.9376673102378845,2.3077149391174316,31.0,0.8893703818321228,1.3495187759399414,23.0,5d6c9cc8a9dec3d3d89b60765ceb962f9a838ad050ff543ebe157d18d006d79c,91e75785b35ff5cdf82572c9f0d5cb206a61f8e48a716ef84a8ea9b039b14ef0,91e75785b35ff5cdf82572c9f0d5cb206a61f8e48a716ef84a8ea9b039b14ef0
cam2,2,100000,True,True,True,True,0.0,0.0,0.0,1.1197222471237183,1.7638226747512817,32.0,1.463871717453003,2.7019832134246826,34.0,0.9366319179534912,2.303666830062866,30.0,0.8911901116371155,1.3529040813446045,28.0,8207df1f6e8930a194abf7e93ebb67a74dba02df650b0fa42ec8906b957ca448,4e2454350c0a223829d348eb13cc99d74e72cffcc1ade7650797bd2ca8970f90,4e2454350c0a223829d348eb13cc99d74e72cffcc1ade7650797bd2ca8970f90
cam2,3,150000,True,True,True,True,0.0,0.0,0.0,1.1209675073623657,1.7650337219238281,31.0,1.4666906595230103,2.7087385654449463,34.0,0.9401267766952515,2.3115203380584717,31.0,0.8922277092933655,1.3542242050170898,23.0,b2d52c55e3f96a33089d1bd07e87b43de16b8c0b2189a3147ad65acbd50891df,762f01f8d1e5bfa3527c2a4a9d366ac5218215a836a6f43d24d4d78d1ffa1859,762f01f8d1e5bfa3527c2a4a9d366ac5218215a836a6f43d24d4d78d1ffa1859
cam2,4,200000,True,True,True,True,0.0,0.0,0.0,1.1212207078933716,1.7695040702819824,32.0,1.4690778255462646,2.7162864208221436,34.0,0.9425545930862427,2.3166019916534424,31.0,0.8924086093902588,1.3564358949661255,24.0,bb78e2e62cafe1bfad07a38ce731b2f1d6827c64e62cea30f1a7bbd03715484d,b49ba55658c97611e0133993344ba2710fd6561fb2e5441cbb3f30c65c31d1c7,b49ba55658c97611e0133993344ba2710fd6561fb2e5441cbb3f30c65c31d1c7
cam2,5,250000,True,True,True,True,0.0,0.0,0.0,1.1259751319885254,1.7664655447006226,33.0,1.4730428457260132,2.706151008605957,33.0,0.9447993636131287,2.307304859161377,30.0,0.8954490423202515,1.3533318042755127,24.0,dffa994d8aaf5dab9cf81a324c58b3642313858db33f6ab362e9ec28e4c2ff79,e16604ea9249476a4b8bb8bfcc186f7261bb8b05bd69b9040fdf408a8254ee2d,e16604ea9249476a4b8bb8bfcc186f7261bb8b05bd69b9040fdf408a8254ee2d
cam2,6,300000,True,True,True,True,0.0,0.0,0.0,1.1285532712936401,1.7693097591400146,33.0,1.4749778509140015,2.7081668376922607,35.0,0.9469310641288757,2.308082103729248,30.0,0.8989551663398743,1.3593907356262207,28.0,b7ec36306e17ccb81f27cbd01075db3601acf5f573099560a357397e345bf364,cd75cde1c26ccba524a930593b0762951121b4a527ecac3f76f0662caff7b23f,cd75cde1c26ccba524a930593b0762951121b4a527ecac3f76f0662caff7b23f
cam2,7,350000,True,True,True,True,0.0,0.0,0.0,1.1323860883712769,1.7728313207626343,30.0,1.480107069015503,2.7197067737579346,35.0,0.9522388577461243,2.317714214324951,30.0,0.9001328945159912,1.358624815940857,23.0,ec35897e64ec92e0e6699568b359ef8697407c583ed7539613946e920d203fc0,0ef6d7606cf3951cb47795b543076902787fa761f5878bd97481e0c318433519,0ef6d7606cf3951cb47795b543076902787fa761f5878bd97481e0c318433519
cam2,8,400000,True,True,True,True,0.0,0.0,0.0,1.130656123161316,1.7744454145431519,33.0,1.480193018913269,2.724306106567383,34.0,0.9534640908241272,2.322624683380127,31.0,0.8993327021598816,1.359238624572754,24.0,e32c1d801a776f1eeea53c595e34e1eefea3543ae130a28ddd73892570c0eed8,cf37bd0c0edb8e846bd1b9171baf9bd4bc8d6070fff7039f420b05de86afc352,cf37bd0c0edb8e846bd1b9171baf9bd4bc8d6070fff7039f420b05de86afc352
cam2,9,450000,True,True,True,True,0.0,0.0,0.0,1.1337369680404663,1.7730472087860107,30.0,1.4797612428665161,2.712667226791382,34.0,0.9518997669219971,2.3121461868286133,30.0,0.9026263356208801,1.3618347644805908,22.0,3b8ce3a48fa2ba13d425fbe3b95593039c690f74b0dca3a5cb85c9f23bc33de1,f136741ccbd774523bdeae00c4367b98a15dbc83a798782d9bdb799b93ee3363,f136741ccbd774523bdeae00c4367b98a15dbc83a798782d9bdb799b93ee3363
cam2,10,500000,True,True,True,True,0.0,0.0,0.0,1.1330066919326782,1.7714238166809082,29.0,1.4781630039215088,2.7061538696289062,35.0,0.9527972340583801,2.308567523956299,30.0,0.9013468623161316,1.358742117881775,22.0,6ae277a41aedb383950f22d170d84dff59306f28b31bda129ba14f1a6f76d06d,2528a441f912115693079de5f8a24f3e92633445aaa2f9e64630e26451f04be2,2528a441f912115693079de5f8a24f3e92633445aaa2f9e64630e26451f04be2
cam2,11,550000,True,True,True,True,0.0,0.0,0.0,1.1345707178115845,1.7733427286148071,30.0,1.4820805788040161,2.714282512664795,35.0,0.9541535377502441,2.312398910522461,31.0,0.9015344977378845,1.3602460622787476,22.0,1d9ff301c6bd57249f72621cee0f7cd29152c83c39b2469535c78dc6308ba0f3,3c7ffe6bb13a0cb4e055c54ad2be2a687375be3dcd078be9e3e2c9dc6ea5005d,3c7ffe6bb13a0cb4e055c54ad2be2a687375be3dcd078be9e3e2c9dc6ea5005d
cam2,12,600000,True,True,True,True,0.0,0.0,0.0,1.1345641613006592,1.7756609916687012,33.0,1.4838234186172485,2.7174301147460938,35.0,0.9572279453277588,2.319298028945923,31.0,0.8993710875511169,1.3595902919769287,22.0,14736ebba35fc4e687ccc3dd6f878efe6fc275083a5c726ffcac651d7064a7bb,c9b8278ca6031d86c485bedf0bcc22c4fe5d5e24e448246145c0cb0764209c1f,c9b8278ca6031d86c485bedf0bcc22c4fe5d5e24e448246145c0cb0764209c1f
cam2,13,650000,True,True,True,True,0.0,0.0,0.0,1.1337156295776367,1.771432638168335,34.0,1.4804846048355103,2.7116103172302246,34.0,0.9521099925041199,2.312479019165039,31.0,0.9017153382301331,1.3588660955429077,23.0,e255c7a49e0187e058586cea7cd3f8c274446fa5e78513debd49773db0d7ed59,f510cad3070f7417843e9e5ebe2b6bb29144e60ba45bed8ef384ecddf6949f30,f510cad3070f7417843e9e5ebe2b6bb29144e60ba45bed8ef384ecddf6949f30
cam2,14,700000,True,True,True,True,0.0,0.0,0.0,1.1376562118530273,1.7759109735488892,32.0,1.4825280904769897,2.7129220962524414,35.0,0.9538280367851257,2.3108272552490234,32.0,0.9038311839103699,1.3615666627883911,22.0,f1b9cd5e0e399afee21c13ac078244cfcd4a3a4fdda266e89f89cfa7a74ddcd7,1e802c4df76a3f54632385b6ad0994c83fb03f0bd5c8f46e6f73cb9e9db0b207,1e802c4df76a3f54632385b6ad0994c83fb03f0bd5c8f46e6f73cb9e9db0b207
cam2,15,750000,True,True,True,True,0.0,0.0,0.0,1.1380877494812012,1.7747688293457031,34.0,1.486384630203247,2.719210147857666,35.0,0.9566175937652588,2.314605236053467,32.0,0.9056396484375,1.361450433731079,22.0,babee64e56d0a833db34ce0b95b65eaa70b4a65cc09788f51e5c4c302e33d156,d0f8bc75a2dd6abf6bdaa21d71d5bef03c1e5ad154b28a957bd5c3d3cb95267f,d0f8bc75a2dd6abf6bdaa21d71d5bef03c1e5ad154b28a957bd5c3d3cb95267f
cam2,16,800000,True,True,True,True,0.0,0.0,0.0,1.142575979232788,1.7807564735412598,32.0,1.4930758476257324,2.7272331714630127,34.0,0.9601327180862427,2.3219423294067383,32.0,0.9104976058006287,1.3684253692626953,22.0,7daa24871402b74dca7e398bce551a203b50efedd019786cc7a485b7bb1bbc19,159264174ff91e9d6be2f830d1e12167699e2067b86ed4942968ac644cf99159,159264174ff91e9d6be2f830d1e12167699e2067b86ed4942968ac644cf99159
cam2,17,850000,True,True,True,True,0.0,0.0,0.0,1.136922001838684,1.7706326246261597,34.0,1.4809954166412354,2.702650308609009,34.0,0.9488050937652588,2.30051326751709,30.0,0.9062092900276184,1.3624197244644165,22.0,77e3b8cd37cc7e77b7923143e8967a97560435b55868d3fdd2bb8120cf65d713,07e617e2c130169b032028de950b0727b3d83b9e82b05690cfd6da69ce7231dc,07e617e2c130169b032028de950b0727b3d83b9e82b05690cfd6da69ce7231dc
cam2,18,900000,True,True,True,True,0.0,0.0,0.0,1.1404832601547241,1.7747465372085571,34.0,1.487548828125,2.710517644882202,34.0,0.9539478421211243,2.306396007537842,30.0,0.9084563255310059,1.365557074546814,22.0,336a13b142cd4a22f517fa9d16366091d148d99956df323a56e0f11571b06f89,f9cba606a9aed4e00f920ea5370e693a92a80ff5e6a555b3514b79cc0d71a190,f9cba606a9aed4e00f920ea5370e693a92a80ff5e6a555b3514b79cc0d71a190
cam2,19,950000,True,True,True,True,0.0,0.0,0.0,1.142266035079956,1.777237057685852,34.0,1.4895539283752441,2.71757435798645,34.0,0.9563983082771301,2.314423084259033,31.0,0.9098736643791199,1.3671660423278809,24.0,dcaad25e016239446be5e831073766902a05478b783d088732bae6b82deca127,d699b4879a3bce09f77fad3d483e493002fede72be91476376a69b4e7ee1e8f1,d699b4879a3bce09f77fad3d483e493002fede72be91476376a69b4e7ee1e8f1
cam2,20,1000000,True,True,True,True,0.0,0.0,0.0,1.1483763456344604,1.7845633029937744,32.0,1.4976897239685059,2.7326500415802,35.0,0.9660373330116272,2.328869581222534,33.0,0.9114357233047485,1.3687201738357544,23.0,78e84414b1195a20f8739331ebc24dd1b240f77817c9dfb7ae4907f5dd6f245b,6f863dda225b20db6d778a7c7f5c15d93df9c46255d908675f425f18fb543d30,6f863dda225b20db6d778a7c7f5c15d93df9c46255d908675f425f18fb543d30
cam2,21,1050000,True,True,True,True,0.0,0.0,0.0,1.1501822471618652,1.7872172594070435,34.0,1.5018469095230103,2.735211133956909,36.0,0.9696745872497559,2.3310627937316895,32.0,0.9119918346405029,1.3702173233032227,22.0,59510aa0d29c3cbdc4099850f62fab560551f6f671dfee4368b803d59a5516c4,d11598974670109f32a59f0db95c4efcfc7f73a397a6efbe3cfa2a3a5aad0342,d11598974670109f32a59f0db95c4efcfc7f73a397a6efbe3cfa2a3a5aad0342
cam2,22,1100000,True,True,True,True,0.0,0.0,0.0,1.151908278465271,1.787766456604004,32.0,1.5049211978912354,2.7381410598754883,36.0,0.9689421653747559,2.328216791152954,31.0,0.9150978326797485,1.3721611499786377,23.0,a4d3dfb83feab276b45f46a4d185ee54f4c4a46bffa723c27281110eb3e48790,c7dca0f97063728752e8fc18fa6c350c7ceb1f6a452f63114235e40387cc41bb,c7dca0f97063728752e8fc18fa6c350c7ceb1f6a452f63114235e40387cc41bb
cam2,23,1150000,True,True,True,True,0.0,0.0,0.0,1.15046226978302,1.7831404209136963,31.0,1.4990030527114868,2.7225351333618164,34.0,0.9637405872344971,2.3167903423309326,31.0,0.9149418473243713,1.3708993196487427,23.0,21c57bc4d3a38ece057643b03ccbbfd0973dbe8e6fc4cf20af220234f9c1ec9e,90e724bfe0e976fc46967d7d64d5cbf515ef2b46f970f8d4979a56987d8c5680,90e724bfe0e976fc46967d7d64d5cbf515ef2b46f970f8d4979a56987d8c5680
cam2,24,1200000,True,True,True,True,0.0,0.0,0.0,1.1518579721450806,1.7841057777404785,35.0,1.4995636940002441,2.7215726375579834,34.0,0.9666838645935059,2.315971612930298,31.0,0.9154979586601257,1.3699839115142822,22.0,192472850255532b2eeb61622899f287ff366e4a03b2adf539adebeecff851cb,7929b7a986785c6b50d11a25c2ab4611cede0e2beade48e5867620dc88e6e6a7,7929b7a986785c6b50d11a25c2ab4611cede0e2beade48e5867620dc88e6e6a7
cam2,25,1250000,True,True,True,True,0.0,0.0,0.0,1.1516366004943848,1.7849159240722656,35.0,1.5013676881790161,2.7232391834259033,34.0,0.967041015625,2.3198909759521484,31.0,0.9158415794372559,1.3721965551376343,23.0,167d25e2c18d84230b4d6b353a0ae84b65ddbdffd9f8a028709ecf4f8879c5c0,dc90596d4fccf5192abe4dacce2acd0e104e1ab9e009be327f3589ee5e23861d,dc90596d4fccf5192abe4dacce2acd0e104e1ab9e009be327f3589ee5e23861d
cam2,26,1300000,True,True,True,True,0.0,0.0,0.0,1.1541517972946167,1.789659857749939,34.0,1.5045324563980103,2.727168560028076,34.0,0.9715689420700073,2.3247790336608887,31.0,0.9156901240348816,1.372319221496582,22.0,15d54174d7d63a0f7b496d9127a07e8346102075bb95c70a5a42e5d30fd944f0,39c25a1d228dc9e9c38caf34112e9f9191848cbd82ffcbd642623c5bbde53fe7,39c25a1d228dc9e9c38caf34112e9f9191848cbd82ffcbd642623c5bbde53fe7
cam2,27,1350000,True,True,True,True,0.0,0.0,0.0,1.1585514545440674,1.79387629032135,31.0,1.507136583328247,2.7303578853607178,36.0,0.9746025800704956,2.3301782608032227,34.0,0.9187690019607544,1.3739770650863647,23.0,04f6e348ca9571818bae9055a832d744c3c29f082e43b9bc6adc30006361e440,6c5601bdca3f6ad2f1767b896fdc95c183d980c3f288bdef2f807285d86788c2,6c5601bdca3f6ad2f1767b896fdc95c183d980c3f288bdef2f807285d86788c2
cam2,28,1400000,True,True,True,True,0.0,0.0,0.0,1.15541410446167,1.787640929222107,29.0,1.4996857643127441,2.719001531600952,37.0,0.9681622385978699,2.3194758892059326,33.0,0.9175595641136169,1.3731122016906738,21.0,5c857197293c4fdc7261be00c0050c560b09641d297615d8f20abd5b6d7b89de,2b7e3d299622e820877b665619bb24d6896b006e64f62850b0c1495591c99407,2b7e3d299622e820877b665619bb24d6896b006e64f62850b0c1495591c99407
cam2,29,1450000,True,True,True,True,0.0,0.0,0.0,1.153868317604065,1.7846684455871582,30.0,1.498320460319519,2.7188901901245117,35.0,0.9698938727378845,2.3202924728393555,33.0,0.9159409999847412,1.371016502380371,22.0,279e1cb93576e51abb6bd6bd01fa8eeabd5ee7f3ef1023471080ec0b6cff88cf,1202bf259adc9886abac3b4477bff8e319a370b519c86936be23b21a1e66c9e1,1202bf259adc9886abac3b4477bff8e319a370b519c86936be23b21a1e66c9e1
cam2,30,1500000,True,True,True,True,0.0,0.0,0.0,1.1565523147583008,1.787144660949707,30.0,1.5048896074295044,2.7258286476135254,35.0,0.9711959362030029,2.3230373859405518,33.0,0.9193273186683655,1.373887300491333,21.0,f57ffa598d8ec049b4191ecbddcf43b8f3c2683b9dfe7c877d889c2bda9ddbff,f023ce68dd54471145131ea1bd2043722b059e86fc0623c62f6b9596aafcfa5d,f023ce68dd54471145131ea1bd2043722b059e86fc0623c62f6b9596aafcfa5d
cam2,31,1550000,True,True,True,True,0.0,0.0,0.0,1.1594462394714355,1.792715072631836,31.0,1.5085539817810059,2.730984926223755,35.0,0.9781810641288757,2.332030773162842,33.0,0.9179325699806213,1.374791145324707,22.0,8241dcaf62ad89323a9d7a5a4f2e6c37357aaaf57c7d37538cea8c39a0490dbf,1072848d88df885c9b37583d010a286ee18c1498ce9aa034e28cb3152e0383fc,1072848d88df885c9b37583d010a286ee18c1498ce9aa034e28cb3152e0383fc
cam2,32,1600000,True,True,True,True,0.0,0.0,0.0,1.1606510877609253,1.7945454120635986,34.0,1.5119855403900146,2.7352991104125977,35.0,0.9788162708282471,2.333094358444214,31.0,0.9209775328636169,1.3777731657028198,22.0,d296f25c7f870b4d5f9e58afd0f25dd7d6520566d620ec89b351425cb8419aaa,e5dd37e40f6e36560b544dda11f4a0c99ad31befcd9f7b28189ab9941227a98c,e5dd37e40f6e36560b544dda11f4a0c99ad31befcd9f7b28189ab9941227a98c
cam2,33,1650000,True,True,True,True,0.0,0.0,0.0,1.1629568338394165,1.7958472967147827,30.0,1.5136786699295044,2.7340478897094727,35.0,0.9797725081443787,2.328258991241455,31.0,0.9233828186988831,1.3806447982788086,23.0,875ed8f033712e12bfd70f5415ece462607eb8e578031c2c898b2953ef9a2bae,8ceed3918b287feb55fd6245e190428367b4dce537a8f5cc1f688aea5b386334,8ceed3918b287feb55fd6245e190428367b4dce537a8f5cc1f688aea5b386334
cam2,34,1700000,True,True,True,True,0.0,0.0,0.0,1.1639810800552368,1.796095848083496,33.0,1.5150372982025146,2.7338175773620605,36.0,0.9796187877655029,2.325453281402588,32.0,0.9226707220077515,1.3786367177963257,22.0,7710bf4f474280b2ea91827835fd92a268b836bfff7126cf6e53f5635d059fc2,b77ea7deb071b65a8b937b0ebe2a157598cd71fef5577cc883ec4a21b7cb1333,b77ea7deb071b65a8b937b0ebe2a157598cd71fef5577cc883ec4a21b7cb1333
cam2,35,1750000,True,True,True,True,0.0,0.0,0.0,1.1640950441360474,1.792428970336914,31.0,1.5103669166564941,2.721432685852051,37.0,0.9725748896598816,2.315225601196289,32.0,0.9244565367698669,1.3792531490325928,23.0,cffe4c5d692d5fd5808b7fd76cb58f916c6c314cd10488df57b99eb96bfe4e37,23a1008ea2c998d6da40887671fd6b140b964356ae84aee00387f08212e4b40b,23a1008ea2c998d6da40887671fd6b140b964356ae84aee00387f08212e4b40b
cam2,36,1800000,True,True,True,True,0.0,0.0,0.0,1.1625386476516724,1.7925360202789307,30.0,1.5100120306015015,2.7212271690368652,36.0,0.9735175371170044,2.3139662742614746,32.0,0.9239818453788757,1.3787761926651,23.0,68cfac4225e9efabbfe76aca07306fdf02b39f2cc8f10e7f15f6b5d58defbfdf,4f124f08aae7ba0dcac35107950607d6792dca59fca1ed92e495fc4a4f30e626,4f124f08aae7ba0dcac35107950607d6792dca59fca1ed92e495fc4a4f30e626
cam2,37,1850000,True,True,True,True,0.0,0.0,0.0,1.161637783050537,1.7930108308792114,33.0,1.51055908203125,2.7253410816192627,37.0,0.9747291803359985,2.3193254470825195,32.0,0.9204327464103699,1.3753994703292847,24.0,28f0eaa27e0621215bab4688ec43b7bf035aab6fdee19f16fe8135290be16306,908750151c34bcbbd58d52d4044fba12cbe00d26c234630e7dbe6a8cf9cde6be,908750151c34bcbbd58d52d4044fba12cbe00d26c234630e7dbe6a8cf9cde6be
cam2,38,1900000,True,True,True,True,0.0,0.0,0.0,1.1647396087646484,1.798116683959961,31.0,1.5153334140777588,2.736025810241699,37.0,0.9812057018280029,2.329045295715332,32.0,0.9222163558006287,1.3788343667984009,23.0,5b08d566a739aeec0f6460f341264b68dc23da00902d01a07babda2ad529a8d1,34a1ddd00cbd1ad32d56ce896ce55232d21ac90ceb24e53f8a043f549e7e43b8,34a1ddd00cbd1ad32d56ce896ce55232d21ac90ceb24e53f8a043f549e7e43b8
cam2,39,1950000,True,True,True,True,0.0,0.0,0.0,1.1637043952941895,1.7931655645370483,29.0,1.5098673105239868,2.7226130962371826,36.0,0.9728145003318787,2.3141064643859863,32.0,0.9238349199295044,1.3794227838516235,22.0,561b7a821df41066806b0bc530101e3dee2e70e5b51bb5c35d3e2fba3075e569,2faeebe66febc4bcce8038e20fb6ee6be4bd729bdf6e5d12d39ab5744c80bace,2faeebe66febc4bcce8038e20fb6ee6be4bd729bdf6e5d12d39ab5744c80bace
cam2,40,2000000,True,True,True,True,0.0,0.0,0.0,1.1640961170196533,1.7925119400024414,31.0,1.5117028951644897,2.722506046295166,35.0,0.9737006425857544,2.313117742538452,32.0,0.9249109625816345,1.3812406063079834,22.0,c5f204bb3b489fbd7c26033f804ed63aef1c0d5750b059da9ac651058a61bdb5,0e8f926dbf984232ffee62345dbd29d9b7de846d673592b21d0a2081c89c16c4,0e8f926dbf984232ffee62345dbd29d9b7de846d673592b21d0a2081c89c16c4
cam2,41,2050000,True,True,True,True,0.0,0.0,0.0,1.1611874103546143,1.7915672063827515,32.0,1.5127495527267456,2.729480504989624,37.0,0.9751767516136169,2.31784725189209,32.0,0.9217597246170044,1.3783899545669556,23.0,56510101590a655596ec04772889d2c2f1f71119a34a3cda9deb8a68937f09cf,b377e42591d468e40fb684ddebd3b87a461d7b8f928ada517b379fffc84deb83,b377e42591d468e40fb684ddebd3b87a461d7b8f928ada517b379fffc84deb83
cam2,42,2100000,True,True,True,True,0.0,0.0,0.0,1.1664612293243408,1.7983605861663818,33.0,1.5212221145629883,2.742312431335449,36.0,0.9821664094924927,2.328399419784546,32.0,0.9247120022773743,1.3805267810821533,23.0,683e82cd60335f8b80ab39b116e4d73edd261e1896e5b451fe4083e66c0eed38,f175cc98db52fe4349a7e5b3dd90779dbdb6aa333071c87deea5a3fcca0a3246,f175cc98db52fe4349a7e5b3dd90779dbdb6aa333071c87deea5a3fcca0a3246
cam2,43,2150000,True,True,True,True,0.0,0.0,0.0,1.1647862195968628,1.795306921005249,33.0,1.5145037174224854,2.7298789024353027,36.0,0.9769129157066345,2.319882869720459,32.0,0.9236630797386169,1.3790277242660522,22.0,12aba16ee7fb7d2e18784d15cd9ccda8a18af0daa093235ca4a9c21960866043,7870a897710ddbcbc75d3e36d60d62857a60c76607c4bb881bcee2ee09152f65,7870a897710ddbcbc75d3e36d60d62857a60c76607c4bb881bcee2ee09152f65
cam2,44,2200000,True,True,True,True,0.0,0.0,0.0,1.1633976697921753,1.7924938201904297,31.0,1.5128241777420044,2.7258851528167725,34.0,0.9772655367851257,2.3154966831207275,32.0,0.9219654202461243,1.3757363557815552,21.0,813786136b781d0779b2d4c57dfd266716009880984e420fb9c58861b1a41d1c,e2063f4da0b227187b89c3b855ea5232fa0bb492c43089a275d7bee6d7667029,e2063f4da0b227187b89c3b855ea5232fa0bb492c43089a275d7bee6d7667029
cam2,45,2250000,True,True,True,True,0.0,0.0,0.0,1.1646795272827148,1.7947946786880493,31.0,1.5152000188827515,2.7316396236419678,38.0,0.9776114225387573,2.3209452629089355,32.0,0.9230052828788757,1.37593674659729,20.0,0de00f3e67fbed9de98549409f7a0bf2bc8a8311d6ceb114b67b944cf308b1e5,954560cd9b9a4aae4e92ede552275b9bcfe0c98ded5201872618e6f0e631fd3e,954560cd9b9a4aae4e92ede552275b9bcfe0c98ded5201872618e6f0e631fd3e
cam2,46,2300000,True,True,True,True,0.0,0.0,0.0,1.168318510055542,1.7998745441436768,32.0,1.5196601152420044,2.739974021911621,37.0,0.9830254316329956,2.3280527591705322,32.0,0.9244475364685059,1.3796578645706177,21.0,c7e99aaa55baa50040642e2ffc200c81c8b856097bb953109f82b46e41db002f,eaea9ef10df75067e2bdd110cb8d1fac8bb2a55ca8752f2c7134c53c22870b06,eaea9ef10df75067e2bdd110cb8d1fac8bb2a55ca8752f2c7134c53c22870b06
cam2,47,2350000,True,True,True,True,0.0,0.0,0.0,1.1548954248428345,1.7838612794876099,27.0,1.497282862663269,2.705444574356079,35.0,0.9613240361213684,2.2979795932769775,31.0,0.9175143837928772,1.3697974681854248,21.0,33a6191fd38725c2f6744b71301ff685de2c0a86fec39c3277f224a4f55a175c,25a3f8aa2de84e4d392670e8d43d89b86e74995608da37ed32a6a0043f4b2e91,25a3f8aa2de84e4d392670e8d43d89b86e74995608da37ed32a6a0043f4b2e91
cam2,48,2400000,True,True,True,True,0.0,0.0,0.0,1.1575589179992676,1.7874926328659058,27.0,1.5027239322662354,2.711057662963867,36.0,0.9664126038551331,2.3009095191955566,31.0,0.9191600680351257,1.372031807899475,21.0,57a127a478be1f112b89411ce3e211d9f078c93f8289635085b4b8c62e61fe3f,5683df1645fadec9c4b9181fef7ecf4852cb6341e3473ca2ca87f177538cbf94,5683df1645fadec9c4b9181fef7ecf4852cb6341e3473ca2ca87f177538cbf94
cam2,49,2450000,True,True,True,True,0.0,0.0,0.0,1.1599551439285278,1.7900856733322144,28.0,1.505427598953247,2.71759033203125,35.0,0.9684945344924927,2.3093957901000977,31.0,0.9204869866371155,1.3729385137557983,20.0,dec9e44ff99f89bbcd1565fe50f3015c5a8b7191067feffcd3c6536f351b420e,b1e1fc9ed920196de97b9a8942d7c0fd24197162292a8e3863335f36d37bd743,b1e1fc9ed920196de97b9a8942d7c0fd24197162292a8e3863335f36d37bd743
cam2,50,2500000,True,True,True,True,0.0,0.0,0.0,1.1699981689453125,1.8016653060913086,28.0,1.5190926790237427,2.733283519744873,34.0,0.9798629283905029,2.3233554363250732,31.0,0.9284080266952515,1.3812839984893799,21.0,93d0c9dc858e6788a891c8ecfe3d405b8262f17130533b55e026e84d7037fe12,99bcdb8d86ccd10fcd8521e530194e8639e6afae721f9222fd5315e540ae55df,99bcdb8d86ccd10fcd8521e530194e8639e6afae721f9222fd5315e540ae55df
cam2,51,2550000,True,True,True,True,0.0,0.0,0.0,1.1604470014572144,1.790469765663147,28.0,1.505009412765503,2.7169392108917236,34.0,0.9710783958435059,2.31135892868042,31.0,0.9222999811172485,1.3759827613830566,22.0,73e7b4cefe0b7fb1dcaf5098c11ca82b7e9e75901a4ae821722152cb2a30d7c3,1326051a7662c7d01a5eeb68b0c66cffa6fbccebc30ed09d2c7b477a7b8927cb,1326051a7662c7d01a5eeb68b0c66cffa6fbccebc30ed09d2c7b477a7b8927cb
cam2,52,2600000,True,True,True,True,0.0,0.0,0.0,1.1602890491485596,1.790616512298584,27.0,1.5068540573120117,2.7180049419403076,34.0,0.9717068076133728,2.3081390857696533,31.0,0.9235523343086243,1.3776410818099976,20.0,496cb899bd0cde64199844d04165f587ca80d24a26a0f08544944ac966fc9c03,fcfb2fa79ecf53dd2bc0e25f3bf8ffb2c772b2fb0a80d5a5462db26c37bc1738,fcfb2fa79ecf53dd2bc0e25f3bf8ffb2c772b2fb0a80d5a5462db26c37bc1738
cam2,53,2650000,True,True,True,True,0.0,0.0,0.0,1.1617306470870972,1.7911412715911865,27.0,1.5065714120864868,2.7199208736419678,35.0,0.9714739918708801,2.311168670654297,31.0,0.9221146106719971,1.3757083415985107,20.0,2daf0f0780d723b848336a70764e3a3784d13e6560682629815a212e51eaee7c,8885a6a05e928eb625a58dd818148af29081c67ee00c71d2861207db4701b4b7,8885a6a05e928eb625a58dd818148af29081c67ee00c71d2861207db4701b4b7
cam2,54,2700000,True,True,True,True,0.0,0.0,0.0,1.1702293157577515,1.8011921644210815,28.0,1.5213148593902588,2.735625982284546,37.0,0.9820376038551331,2.3270907402038574,33.0,0.9288669228553772,1.383078932762146,20.0,173640f683e200b78ea5b83dc52afea084b1d849f6fb1b28ebbda331144fc76e,69a9fcc55fcfae512d719dc77043bdbd931eed4ed8650b3f4337ec7549e3d8af,69a9fcc55fcfae512d719dc77043bdbd931eed4ed8650b3f4337ec7549e3d8af
cam2,55,2750000,True,True,True,True,0.0,0.0,0.0,1.165810227394104,1.7942304611206055,27.0,1.516938328742981,2.7299671173095703,36.0,0.9756740927696228,2.3170864582061768,32.0,0.9279423356056213,1.3807339668273926,21.0,dfb090e4d495ccdb5e81777ebbf93c64eeda4d3303328094af6691f7e670f013,d25fbb78ca97b7ba9e339aa99ce4937eaf4d223251ad6eb23d735bca5dde4c95,d25fbb78ca97b7ba9e339aa99ce4937eaf4d223251ad6eb23d735bca5dde4c95
cam2,56,2800000,True,True,True,True,0.0,0.0,0.0,1.1646592617034912,1.7927095890045166,27.0,1.5115989446640015,2.7254397869110107,37.0,0.9746251702308655,2.31451153755188,32.0,0.9241446256637573,1.3766874074935913,21.0,475382b4e970663a81d5576db805dedb6dae7b3fa6c5eb16d0fb8c5931d2087f,36c1a657a028d774965c82111b3076185291998c087274a8f3e6512e856da18b,36c1a657a028d774965c82111b3076185291998c087274a8f3e6512e856da18b
cam2,57,2850000,True,True,True,True,0.0,0.0,0.0,1.1667882204055786,1.7941237688064575,28.0,1.5158895254135132,2.7286295890808105,37.0,0.9757487177848816,2.3170039653778076,32.0,0.9268595576286316,1.3786261081695557,21.0,f5c6a630bc4c13c622a7221a06b30ecb2179662871219728d938bb8d55fe9443,83bbf79daaeb16c8f3d58d2f30e619ef848b5de53c89fa950c2660eb95c18f1a,83bbf79daaeb16c8f3d58d2f30e619ef848b5de53c89fa950c2660eb95c18f1a
cam2,58,2900000,True,True,True,True,0.0,0.0,0.0,1.1707642078399658,1.800654411315918,33.0,1.5238738059997559,2.7368733882904053,34.0,0.9832198619842529,2.3253681659698486,32.0,0.9295880198478699,1.382863998413086,21.0,e61cd8679dd22b5b7ce725920adc3dd15a3a801f5d8dbfe7d3eeb5750948fa3a,11728035980458a6f07bb366fb670270dce8c85e5af0070b7241b20ab6b1d604,11728035980458a6f07bb366fb670270dce8c85e5af0070b7241b20ab6b1d604
cam2,59,2950000,True,True,True,True,0.0,0.0,0.0,1.1674731969833374,1.7936261892318726,28.0,1.51629638671875,2.721031904220581,33.0,0.9779527187347412,2.3143150806427,31.0,0.9283130764961243,1.3791662454605103,21.0,d6738455a046b5c600fd0656c799b0a739e45bdd55751bbcbdb17eb9b567f3bb,08d834e5e7cd6dfc92b01b5f5467c6aa97caaffbefda71832cf024f8b1f979fb,08d834e5e7cd6dfc92b01b5f5467c6aa97caaffbefda71832cf024f8b1f979fb
cam2,60,3000000,True,True,True,True,0.0,0.0,0.0,1.165190577507019,1.7916288375854492,27.0,1.515995740890503,2.721832275390625,33.0,0.9780431389808655,2.3137776851654053,30.0,0.9260909557342529,1.3772480487823486,20.0,ea01da17ebff9ad9cee0fea592dcb975734adc1dbdfb03a635c754c3a5f6c83d,f68c985fabafff46a894dc7affb23e674391cfaf98422640a3aad4af51953c1c,f68c985fabafff46a894dc7affb23e674391cfaf98422640a3aad4af51953c1c
cam2,61,3050000,True,True,True,True,0.0,0.0,0.0,1.170290470123291,1.7985694408416748,29.0,1.5206637382507324,2.729600191116333,35.0,0.9809276461601257,2.3197250366210938,31.0,0.9285029768943787,1.3798069953918457,20.0,fe20940ec88d6f68cb98cef9980ffc6737a318a689bbbd20147be760ba6ab2e7,ebdbcf7b51c0cb5655992fd7053e37fb3313004e1ccb21217da5454786b5d894,ebdbcf7b51c0cb5655992fd7053e37fb3313004e1ccb21217da5454786b5d894
cam2,62,3100000,True,True,True,True,0.0,0.0,0.0,1.1734834909439087,1.8038569688796997,29.0,1.5272736549377441,2.7435736656188965,35.0,0.9863326549530029,2.329742193222046,31.0,0.9295676946640015,1.3831214904785156,20.0,1dbc20b91c3f8c1da4f7068083cb4c699e51cf83aba2d885326f02e16f1af194,57d62c79a2034cd4f7a7edacc56d3f7d5dfb0453b896163c9b28d75c0e370110,57d62c79a2034cd4f7a7edacc56d3f7d5dfb0453b896163c9b28d75c0e370110
cam2,63,3150000,True,True,True,True,0.0,0.0,0.0,1.1692566871643066,1.7965450286865234,27.0,1.524052381515503,2.7361321449279785,35.0,0.9802404046058655,2.3218328952789307,32.0,0.9292195439338684,1.381283164024353,20.0,ec61d4ed5b659c197e94dc9b449987dba3ba21cc3f61bc38ffa66d99f17eaaf1,a52be17ba889a0b0ef4e2e0ba0ab6af913582fe19bde1fde6bbc1313a5221dc5,a52be17ba889a0b0ef4e2e0ba0ab6af913582fe19bde1fde6bbc1313a5221dc5
cam2,64,3200000,True,True,True,True,0.0,0.0,0.0,1.1678085327148438,1.7941515445709229,27.0,1.5229085683822632,2.73494291305542,36.0,0.9808779358863831,2.3194706439971924,33.0,0.9262627363204956,1.3779306411743164,21.0,df8410be06b2e2b20dead405268d3f43ffa5ec5284a66a2d5bee58b6524c9f70,f9fc60f4094a6ef99d456d43e2674926b39d7e2c61986bf3a7e054f4d141a7b9,f9fc60f4094a6ef99d456d43e2674926b39d7e2c61986bf3a7e054f4d141a7b9
cam2,65,3250000,True,True,True,True,0.0,0.0,0.0,1.169082760810852,1.7960448265075684,27.0,1.5250130891799927,2.737198829650879,34.0,0.9831271767616272,2.322967290878296,31.0,0.9276688098907471,1.3791850805282593,21.0,f23553cf9ad24b334a8c7c4e7f434f4783eefef89a0acb041d3817bed8de7f02,3eb25e5507ac3985aa12a9d3c3e044b7e5c659e9d718630445981bdcbd128720,3eb25e5507ac3985aa12a9d3c3e044b7e5c659e9d718630445981bdcbd128720
cam2,66,3300000,True,True,True,True,0.0,0.0,0.0,1.1721676588058472,1.8012868165969849,27.0,1.5277800559997559,2.74302077293396,34.0,0.9870582818984985,2.3282926082611084,31.0,0.9300853610038757,1.3842788934707642,21.0,1e8b8aaaf6ee86c83259c49dfe2a28a135aeca853c7e4e50f87cbe3307841ff9,be0bb8259f80483ef7a8497e84e98beddc6feb78a044eda29d442563db5662a1,be0bb8259f80483ef7a8497e84e98beddc6feb78a044eda29d442563db5662a1
cam2,67,3350000,True,True,True,True,0.0,0.0,0.0,1.168370246887207,1.794556975364685,27.0,1.5195108652114868,2.729360818862915,34.0,0.9793204069137573,2.315061569213867,32.0,0.9260818958282471,1.3785834312438965,21.0,6f39e267cdf25bb76b7953d358b9a05a8a452a1b1f5849d2092b8b4ce74b8465,1caaa6023ffe74e00683ae052db6d75b0c04d10cac9aee9326f178a0771932c9,1caaa6023ffe74e00683ae052db6d75b0c04d10cac9aee9326f178a0771932c9
cam2,68,3400000,True,True,True,True,0.0,0.0,0.0,1.1682729721069336,1.7949855327606201,30.0,1.5183173418045044,2.724818229675293,34.0,0.9808010458946228,2.3148083686828613,32.0,0.9262198209762573,1.37876296043396,19.0,150b9e7be3b81ea19ddd974fffbe3cd15de0abcf3221bf7031ba0e8b753a2e0f,a07b8184fbdf2dfad63b0b7f68760713a7ef897f7f1acc96e3ddd96e940d5ddf,a07b8184fbdf2dfad63b0b7f68760713a7ef897f7f1acc96e3ddd96e940d5ddf
cam2,69,3450000,True,True,True,True,0.0,0.0,0.0,1.170461893081665,1.7972147464752197,30.0,1.5196058750152588,2.726916551589966,34.0,0.9820353388786316,2.317056179046631,32.0,0.9270561933517456,1.3788843154907227,21.0,5b47905eee1025639c6bfae2f1b38000dc6d4170c3217089af5d6ce8708a9b12,84e0ed0688ee8e689a41c74d101455734201a1827af4f8f200777f77e0d7107e,84e0ed0688ee8e689a41c74d101455734201a1827af4f8f200777f77e0d7107e
cam2,70,3500000,True,True,True,True,0.0,0.0,0.0,1.1740245819091797,1.8028419017791748,27.0,1.5257229804992676,2.735856533050537,34.0,0.9896918535232544,2.3292579650878906,32.0,0.9268685579299927,1.3809967041015625,23.0,fd8a62216f9ae521d93bcf240a8cf02346881f1915d2e349f743179b074a973d,70af87f9f5874d9bde8e4d7ac9aff50ae977253a3f952b293beead09efe4dfec,70af87f9f5874d9bde8e4d7ac9aff50ae977253a3f952b293beead09efe4dfec
cam2,71,3550000,True,True,True,True,0.0,0.0,0.0,1.170192003250122,1.7967954874038696,27.0,1.5173090696334839,2.723435163497925,36.0,0.9811740517616272,2.314732551574707,32.0,0.9266244173049927,1.3778847455978394,21.0,15e895e5184228cf8b2ef4305fa1af822bb770d8c6dea66c715589a1b0ba3e2d,7fedb2db6d62c62c741341d23487e90e7e7c8bdbd588488f91ee722bf28ec7a3,7fedb2db6d62c62c741341d23487e90e7e7c8bdbd588488f91ee722bf28ec7a3
cam2,72,3600000,True,True,True,True,0.0,0.0,0.0,1.1711487770080566,1.7981055974960327,27.0,1.519901990890503,2.7233259677886963,34.0,0.9808643460273743,2.3151509761810303,32.0,0.9297032952308655,1.3842765092849731,21.0,6a22f4c90e6e1c8fd90c2012fc197980f3c150e01842fe96af65793f96ce18e3,45237104a53a9b170009fda8ecf91ce7ec5bc0df163eb2961b35f7a1ed951d9e,45237104a53a9b170009fda8ecf91ce7ec5bc0df163eb2961b35f7a1ed951d9e
cam2,73,3650000,True,True,True,True,0.0,0.0,0.0,1.1728707551956177,1.7997418642044067,27.0,1.5230894088745117,2.729886293411255,35.0,0.9822139143943787,2.3198609352111816,32.0,0.9309398531913757,1.3843883275985718,21.0,6f39c57f3b22f16a479338df667e6e1fe090d0b1f47723c5decc1c12cfc6c548,2b0587e3d18487c6fa1b63d2e2f7d2546f2977d3cdbbfdef2a692309670f602b,2b0587e3d18487c6fa1b63d2e2f7d2546f2977d3cdbbfdef2a692309670f602b
cam2,74,3700000,True,True,True,True,0.0,0.0,0.0,1.1742911338806152,1.802942156791687,27.0,1.527531385421753,2.7396044731140137,35.0,0.9878382086753845,2.3257410526275635,32.0,0.9320316910743713,1.386449933052063,21.0,66f93a629c3bd12f7fd166bd9373c8652a8c05a34f09f1654a6a2b6ff44acefe,5a05d1237a9cc4ac6910977eabddbabb603a31460d7c8d617f5d9e1810ba21ba,5a05d1237a9cc4ac6910977eabddbabb603a31460d7c8d617f5d9e1810ba21ba
cam2,75,3750000,True,True,True,True,0.0,0.0,0.0,1.168483018875122,1.795078992843628,27.0,1.5192102193832397,2.728179931640625,35.0,0.979248046875,2.314640760421753,32.0,0.9286973476409912,1.3826302289962769,21.0,7858c4e575b3d84d2eebf634460bafe585db1d9dc0800523a5d225702b07e302,9d0fd2e3e0f400a38b5ead48b035fad7b4ac0817bef99456e2a95d834fc95baa,9d0fd2e3e0f400a38b5ead48b035fad7b4ac0817bef99456e2a95d834fc95baa
cam2,76,3800000,True,True,True,True,0.0,0.0,0.0,1.1678110361099243,1.7929062843322754,27.0,1.5154305696487427,2.7159183025360107,34.0,0.9767795205116272,2.306004762649536,32.0,0.9286702275276184,1.381617784500122,21.0,6266de9dd63dc5ba99ec377964c1dc5c78c100d2fee04df36c56e2dbbdd5a199,f85ceb519c0ff8df938477a091605e748bcb1af0f9b1212832a726da8ab531fe,f85ceb519c0ff8df938477a091605e748bcb1af0f9b1212832a726da8ab531fe
cam2,77,3850000,True,True,True,True,0.0,0.0,0.0,1.1622971296310425,1.791820764541626,32.0,1.5127586126327515,2.7244198322296143,35.0,0.96954345703125,2.3094358444213867,33.0,0.9253178238868713,1.3802779912948608,22.0,4d6592fc7e734ecf629c00fd7d59bf1ab8205f4c88e72cdd82f1f29a9feb0d2d,dc52abe9505ab8cc668b898485002676f1799ef4bb995ba66ddf4789cf135751,dc52abe9505ab8cc668b898485002676f1799ef4bb995ba66ddf4789cf135751
cam2,78,3900000,True,True,True,True,0.0,0.0,0.0,1.1704564094543457,1.8011698722839355,32.0,1.5239008665084839,2.7374324798583984,35.0,0.9793113470077515,2.32077956199646,33.0,0.9282249212265015,1.3851139545440674,22.0,4d7b6c0755036edb301a87b3f26cfd350ca5a4eadad23d71e822c631f9fe613f,3ad0caaf4a10697559c8942be0331493212aa86e6e1ab5fd75604c9191a48c36,3ad0caaf4a10697559c8942be0331493212aa86e6e1ab5fd75604c9191a48c36
cam2,79,3950000,True,True,True,True,0.0,0.0,0.0,1.1719144582748413,1.8019450902938843,31.0,1.5235053300857544,2.738166332244873,34.0,0.9798900485038757,2.3213531970977783,33.0,0.9293529391288757,1.3875622749328613,20.0,5aaabc1bfa23ada4f4f03ea890a1092a6d1edf5fe22ff34c9e9878137e2d95b5,ff1fc3f6377e13fb73879523ddb5664e378a26f7ca4bedc106600c6550ed740a,ff1fc3f6377e13fb73879523ddb5664e378a26f7ca4bedc106600c6550ed740a
cam2,80,4000000,True,True,True,True,0.0,0.0,0.0,1.1651617288589478,1.7925403118133545,32.0,1.5139364004135132,2.7229270935058594,34.0,0.9713225364685059,2.3099913597106934,34.0,0.9281978011131287,1.382106065750122,21.0,1582f55a7482bbceb7f62493eb78bf4d70d7cbba04bc282599995e32b6b7fc2e,2979f76b46b256313aadca77f982441cf38bcb80a4aaad9cddb9699d2295f7db,2979f76b46b256313aadca77f982441cf38bcb80a4aaad9cddb9699d2295f7db
cam2,81,4050000,True,True,True,True,0.0,0.0,0.0,1.1648303270339966,1.7923591136932373,32.0,1.5146552324295044,2.726726531982422,34.0,0.9725228548049927,2.3121895790100098,33.0,0.92529296875,1.3796136379241943,21.0,9662f650193c021473551e8f1bba81938c6a7bf762dd43405745b9e996437e2d,3226457c808eb294be0b1320e56cc3f216d1a66a7bdcdc310b1e8be9b3f8ac4f,3226457c808eb294be0b1320e56cc3f216d1a66a7bdcdc310b1e8be9b3f8ac4f
cam2,82,4100000,True,True,True,True,0.0,0.0,0.0,1.1664377450942993,1.7943775653839111,32.0,1.5129145383834839,2.7251975536346436,34.0,0.9726743102073669,2.31396484375,34.0,0.9269545078277588,1.37969970703125,22.0,8e4debc540afa8964e1b4ba21256332f417a33078909bfaed1eeb2940219a891,7bb82bebbf580e6475696355da457df04370d2f8a153fbcf07ae743c5b77ffb3,7bb82bebbf580e6475696355da457df04370d2f8a153fbcf07ae743c5b77ffb3
cam2,83,4150000,True,True,True,True,0.0,0.0,0.0,1.1708669662475586,1.8024715185165405,31.0,1.5221331119537354,2.7400598526000977,36.0,0.9826027154922485,2.3290772438049316,34.0,0.9284600019454956,1.3827601671218872,20.0,8009380be7d572906e8f01b9d561c63b64b35ec106ef601c50e86de0adc82fbe,68eed30a3f897ea77917fae4cff47f74452b7221272587e6b4c3516034a080b7,68eed30a3f897ea77917fae4cff47f74452b7221272587e6b4c3516034a080b7
cam2,84,4200000,True,True,True,True,0.0,0.0,0.0,1.1725705862045288,1.802551031112671,29.0,1.5249204635620117,2.7410969734191895,37.0,0.9828242659568787,2.3293278217315674,34.0,0.9296829700469971,1.3825713396072388,19.0,b0ce436b2d6ed22f117aaf7ad5682d6e2e0979bd97b81731c23abcb642b11ed1,028fbca7bb3d71df7ffc9a1b729118ede814386d9b76b863ec68285c777df60b,028fbca7bb3d71df7ffc9a1b729118ede814386d9b76b863ec68285c777df60b
cam2,85,4250000,True,True,True,True,0.0,0.0,0.0,1.168879508972168,1.7963443994522095,29.0,1.5166354179382324,2.725430488586426,35.0,0.9757351279258728,2.3143723011016846,34.0,0.9302594065666199,1.3842731714248657,20.0,d22221c93e50dc8cb04f4a6289bb8445681583b3b4d891b4fa97a31d18b6789a,d994b78d29bfabb97958c88752226fce06665ef32dbc8b83ce97efb2b8396fd7,d994b78d29bfabb97958c88752226fce06665ef32dbc8b83ce97efb2b8396fd7
cam2,86,4300000,True,True,True,True,0.0,0.0,0.0,1.1715108156204224,1.7991914749145508,33.0,1.5197256803512573,2.730098247528076,35.0,0.9784952998161316,2.3153932094573975,34.0,0.9318146705627441,1.386495590209961,20.0,125ba9da3126fe502da3e56dcaebadc0ba3ee4e670e6cb85d290452214f7a4ea,2bb262bc4eff655e12bce74dca2faa980c937e097b8b758f33b9804cec4fb86b,2bb262bc4eff655e12bce74dca2faa980c937e097b8b758f33b9804cec4fb86b
cam2,87,4350000,True,True,True,True,0.0,0.0,0.0,1.1711653470993042,1.7991701364517212,33.0,1.5180596113204956,2.7274999618530273,36.0,0.9777357578277588,2.3176064491271973,35.0,0.9293574690818787,1.3827250003814697,21.0,b58a379e2228a5e08722d4e47e2736dc89495f2e25c833ac4fc8320a714b0aba,6109ae75a527ee81adc877395df1ae474bb309789d47bdcefd18fc13f4e14751,6109ae75a527ee81adc877395df1ae474bb309789d47bdcefd18fc13f4e14751
cam2,88,4400000,True,True,True,True,0.0,0.0,0.0,1.1745703220367432,1.8041181564331055,32.0,1.5261456966400146,2.7410311698913574,37.0,0.9860771894454956,2.3305535316467285,35.0,0.9315072298049927,1.3850634098052979,23.0,c289c20e312f7d50c9addc6e9869cda76ee19094c6c7abdaf65ad07d3b9ee641,765c4f2346c4f99563415f1a142a528b8fdf780288b036505ebf97b71f4f10fd,765c4f2346c4f99563415f1a142a528b8fdf780288b036505ebf97b71f4f10fd
cam2,89,4450000,True,True,True,True,0.0,0.0,0.0,1.1698745489120483,1.7965584993362427,29.0,1.5191446542739868,2.7290561199188232,34.0,0.9793520569801331,2.3185625076293945,33.0,0.9284374117851257,1.3806939125061035,21.0,c60c6a5eb9edb9ad5482d14fcd9687ba1691e5fc82486f3c1d3edc9b1193b924,55c89eaae2ff253b30961ef652cdacdd75954869a30b95317b9537bfdd1b9df3,55c89eaae2ff253b30961ef652cdacdd75954869a30b95317b9537bfdd1b9df3
cam2,90,4500000,True,True,True,True,0.0,0.0,0.0,1.171982765197754,1.7991548776626587,29.0,1.5214142799377441,2.7325775623321533,34.0,0.9794175624847412,2.3171987533569336,32.0,0.9305058121681213,1.3846772909164429,21.0,311e7e4b3a295aa74fc1722a789b438f0decf0c92fb6d2a00464c0617cdbef3a,3f02ae7ee0953d64aebc7e4f1324c1dde410f171164bd966684b1e971e84a4d9,3f02ae7ee0953d64aebc7e4f1324c1dde410f171164bd966684b1e971e84a4d9
cam2,91,4550000,True,True,True,True,0.0,0.0,0.0,1.1700379848480225,1.7971711158752441,29.0,1.5198906660079956,2.734940767288208,33.0,0.9800482988357544,2.323899507522583,33.0,0.9285323619842529,1.3819785118103027,21.0,097320a2dda7da4f9e92387c2d2b1fe5003e6d44b8dec509c097a1b6eb457b53,099e9eb960fbd53b3173559b6b17d7ff14fafaa1c97b93dc8c06146408a0f259,099e9eb960fbd53b3173559b6b17d7ff14fafaa1c97b93dc8c06146408a0f259
cam2,92,4600000,True,True,True,True,0.0,0.0,0.0,1.175413727760315,1.8042728900909424,29.0,1.528962254524231,2.746598720550537,33.0,0.9880280494689941,2.3342835903167725,32.0,0.9326126575469971,1.3856173753738403,23.0,70df3a8abaade26d28000401aa39d0ba6c9e3f2c4defbfeb081c2a5a5cd3dad7,17601702a936ea339f3d58c63bc5a2e6457fb34829169a9f6be3c053913446a7,17601702a936ea339f3d58c63bc5a2e6457fb34829169a9f6be3c053913446a7
cam2,93,4650000,True,True,True,True,0.0,0.0,0.0,1.1712521314620972,1.7976130247116089,29.0,1.5199133157730103,2.7311079502105713,34.0,0.9806202054023743,2.3186166286468506,31.0,0.9302978515625,1.382761001586914,22.0,c01112f7ca86b290d2ae25d0bfbef2fa4f539b461a70d15fae68343b3a3075f2,19ef2a3ba3d619c2d8d93da21919c388049f438366ff31182937d9fe8ca8c65d,19ef2a3ba3d619c2d8d93da21919c388049f438366ff31182937d9fe8ca8c65d
cam2,94,4700000,True,True,True,True,0.0,0.0,0.0,1.1707252264022827,1.7971638441085815,29.0,1.5175962448120117,2.7266781330108643,34.0,0.9812260270118713,2.3171987533569336,32.0,0.9275105595588684,1.3819785118103027,22.0,b662ddd710269bf05d8578a03b21468566f9fa5a59bc4ebd66993c3f75a18c01,1e336f724d96a4843a30fd242f7313c5d75e04ee5a8b71461ddcfc2bd9400d22,1e336f724d96a4843a30fd242f7313c5d75e04ee5a8b71461ddcfc2bd9400d22
cam2,95,4750000,True,True,True,True,0.0,0.0,0.0,1.1728620529174805,1.799414038658142,29.0,1.5218167304992676,2.7331044673919678,34.0,0.9840223789215088,2.32121205329895,31.0,0.93109130859375,1.3842862844467163,22.0,d92e81d56e2ee7168362980b1b8c65f2a7162dee0285479c1993c34f743dbac0,996071cb39261efe70953830920ec70366a1101f4206aee1675104dda95bad2d,996071cb39261efe70953830920ec70366a1101f4206aee1675104dda95bad2d
cam2,96,4800000,True,True,True,True,0.0,0.0,0.0,1.1755808591842651,1.8054753541946411,29.0,1.5254290103912354,2.7402734756469727,34.0,0.9907904863357544,2.3320133686065674,31.0,0.9300017356872559,1.3854060173034668,22.0,1293f6767cfa7dbc9857e6473bb23bcfdcb1a74579009709cece0e9cb2c855a7,2d4e723919e69652ff62ed7d0b9e11708bd22b8cdbd41b03fea6a2de8174587a,2d4e723919e69652ff62ed7d0b9e11708bd22b8cdbd41b03fea6a2de8174587a
cam2,97,4850000,True,True,True,True,0.0,0.0,0.0,1.1719624996185303,1.7980635166168213,29.0,1.5203315019607544,2.7274937629699707,33.0,0.9815990328788757,2.317884922027588,31.0,0.9301531910896301,1.3839049339294434,23.0,12a6b507ea1b3c4082848a8e211ebacfe857bb519e2b246ac830d89556ad46da,0a099c33f2479305a85e2ed2a7cfdc4a4d6341e5b13125350e960cf6860a114e,0a099c33f2479305a85e2ed2a7cfdc4a4d6341e5b13125350e960cf6860a114e
cam2,98,4900000,True,True,True,True,0.0,0.0,0.0,1.172413945198059,1.7984358072280884,29.0,1.5196871757507324,2.728109121322632,34.0,0.9803082346916199,2.316688299179077,31.0,0.9300673007965088,1.382690668106079,21.0,7b740a82f8ee245bec7a2072eedf7a62b94e38aa591783b15d67e4252b0a38ec,5aabcb94f5b05b4522b699a5b3809abbbf8294638094b97d1cb1efa60e3e65e4,5aabcb94f5b05b4522b699a5b3809abbbf8294638094b97d1cb1efa60e3e65e4
cam2,99,4950000,True,True,True,True,0.0,0.0,0.0,1.1738845109939575,1.8006786108016968,29.0,1.5238806009292603,2.731663703918457,34.0,0.9835182428359985,2.321597099304199,31.0,0.9318825006484985,1.3851237297058105,21.0,faca38801730ac6b9efd00f5b4bda12a9d54c1bec66aeadb0c3ff7ddc55ee890,ff936992e0d7e770b0f6e4427a4d28d2d0c6b0495a03209e0f47b5b02d0b620c,ff936992e0d7e770b0f6e4427a4d28d2d0c6b0495a03209e0f47b5b02d0b620c
cam2,100,5000000,True,True,True,True,0.0,0.0,0.0,1.1768890619277954,1.8057234287261963,29.0,1.5312341451644897,2.7449684143066406,33.0,0.9902592301368713,2.3324191570281982,31.0,0.9319480657577515,1.386641502380371,21.0,eeab5dc7311a5086a2aca22786a2f22573dc134adb3e838ac33254dc3ec014cc,364f83de0160c5f946bed2bc893b4352e51f056f563dacd7612da010b5659ba4,364f83de0160c5f946bed2bc893b4352e51f056f563dacd7612da010b5659ba4
cam2,101,5050000,True,True,True,True,0.0,0.0,0.0,1.1713390350341797,1.7979707717895508,29.0,1.5217804908752441,2.7324178218841553,33.0,0.984130859375,2.324716329574585,31.0,0.9296897649765015,1.3814009428024292,21.0,ebeda67cb2167607f98ba54f0fc58d598cedcfddc53f6376ffa988976ff8a180,51a2c9eac58c44ba473178d4f94097fb5b52fd25ba8efebba2fde8f25b75abe1,51a2c9eac58c44ba473178d4f94097fb5b52fd25ba8efebba2fde8f25b75abe1
cam2,102,5100000,True,True,True,True,0.0,0.0,0.0,1.1717718839645386,1.7979521751403809,35.0,1.5240637063980103,2.7367677688598633,37.0,0.9835408329963684,2.323319911956787,32.0,0.9308674931526184,1.3831369876861572,22.0,380e0cafc8b983329f98b9888d86c8cb2bf555101382a642614cec335d4f8342,394929c9bc42b51d1594175e2252932272bdd839224818e27242a4a2608ce394,394929c9bc42b51d1594175e2252932272bdd839224818e27242a4a2608ce394
cam2,103,5150000,True,True,True,True,0.0,0.0,0.0,1.175345778465271,1.8012657165527344,35.0,1.5289803743362427,2.744487762451172,36.0,0.9863417148590088,2.327643394470215,31.0,0.9318350553512573,1.3840911388397217,22.0,68541859c955f341829baf6af8a61baaf92a893a7ee82b037202436b2f3d1f7d,81787706671f517f9605ccbd051cf6af7c0c50c1fad9c7599a335764cb9cf9b8,81787706671f517f9605ccbd051cf6af7c0c50c1fad9c7599a335764cb9cf9b8
cam2,104,5200000,True,True,True,True,0.0,0.0,0.0,1.1761107444763184,1.8043553829193115,35.0,1.53509521484375,2.7533020973205566,35.0,0.9926915764808655,2.3382415771484375,32.0,0.9321243762969971,1.3852746486663818,22.0,4746749a4385fabc950fdbac5fbf33fa8656282a24ff12d695f8a3b93832bad6,71aa21bcbb5dd44d65aac15a62714f6f102b14c758b52011262d163f04831824,71aa21bcbb5dd44d65aac15a62714f6f102b14c758b52011262d163f04831824
cam2,105,5250000,True,True,True,True,0.0,0.0,0.0,1.1698368787765503,1.7952570915222168,35.0,1.5257568359375,2.737902879714966,35.0,0.9836403131484985,2.3231759071350098,31.0,0.9280124306678772,1.378917932510376,22.0,042f1efb475b265e4f9dca1dadf92cdea89b022018e346357acf00f828d9db9b,5e5b911b5b6dbfd0e8ffa64c42144814b0dce528cab5c5e56de63bc98e8a02f3,5e5b911b5b6dbfd0e8ffa64c42144814b0dce528cab5c5e56de63bc98e8a02f3
cam2,106,5300000,True,True,True,True,0.0,0.0,0.0,1.1680110692977905,1.7917088270187378,35.0,1.5211362838745117,2.7317936420440674,35.0,0.9792141318321228,2.3173255920410156,31.0,0.9272483587265015,1.3769049644470215,23.0,7de7fc69f54959c6be3b5f5ff785eeb4647f8a465c7821c40dde6427020a93da,6d83c4deda461c99c6b5b2dc0ffa80a80e5c2c7d0196dd75437cba9821601db2,6d83c4deda461c99c6b5b2dc0ffa80a80e5c2c7d0196dd75437cba9821601db2
cam2,107,5350000,True,True,True,True,0.0,0.0,0.0,1.157595157623291,1.7836717367172241,33.0,1.5064697265625,2.719428300857544,35.0,0.9680266380310059,2.314486503601074,32.0,0.9203649163246155,1.3691775798797607,21.0,03a90288ea79374e1807e878eaf013400a3ed4ac222b3deabf4a370a92140f0e,ceadeb04d557c033ebbde65fae55f3135c8c7a5914be6d4a5dcac527d025a5c1,ceadeb04d557c033ebbde65fae55f3135c8c7a5914be6d4a5dcac527d025a5c1
cam2,108,5400000,True,True,True,True,0.0,0.0,0.0,1.1657425165176392,1.794295310974121,33.0,1.5158442258834839,2.7302815914154053,35.0,0.97674560546875,2.3240418434143066,32.0,0.9242485761642456,1.3763803243637085,21.0,300bf1cab076e21b8d4ca5653b8b1f1db2e89c8bb564558728fad81b5f6ce7b9,8cce59deee1fc5a9b492bfeadb0257a9674a96f08705b50d400603bbffbdd10f,8cce59deee1fc5a9b492bfeadb0257a9674a96f08705b50d400603bbffbdd10f
cam2,109,5450000,True,True,True,True,0.0,0.0,0.0,1.1688871383666992,1.797945261001587,32.0,1.522273302078247,2.738818645477295,36.0,0.9796097278594971,2.328439474105835,30.0,0.9284690618515015,1.3811472654342651,21.0,a7703750bf899db27cd9c9af66c5d4dc04e5001c3c84a41c3fff091c0c40a944,62a15cadc8df1b5887baf9d77fa363c8ecfd800cd4f265bf27957dad99fa9822,62a15cadc8df1b5887baf9d77fa363c8ecfd800cd4f265bf27957dad99fa9822
cam2,110,5500000,True,True,True,True,0.0,0.0,0.0,1.167952060699463,1.7966710329055786,33.0,1.5205327272415161,2.7349846363067627,40.0,0.9806721806526184,2.3298468589782715,35.0,0.9258648753166199,1.3784112930297852,23.0,a976c53ea89af0c3b8caf9195879740763e160336d6c798b3fdfc248a3f33559,083c208694c16896aad9c09d270468f07330f68464ed90f4c84bbcd02995137d,083c208694c16896aad9c09d270468f07330f68464ed90f4c84bbcd02995137d
cam2,111,5550000,True,True,True,True,0.0,0.0,0.0,1.1680498123168945,1.7953953742980957,31.0,1.5211678743362427,2.7371909618377686,34.0,0.9829960465431213,2.33221697807312,31.0,0.9255009293556213,1.377235770225525,20.0,20bd8e46e26f535b59d4177c8ae6c799aca17d170b6ae32363c722efe99b7a25,bcaba61b8a8b07ab6b2b8e0f4130545737d4fd2d6671d0b4f48b173930dbcf8e,bcaba61b8a8b07ab6b2b8e0f4130545737d4fd2d6671d0b4f48b173930dbcf8e
cam2,112,5600000,True,True,True,True,0.0,0.0,0.0,1.1705045700073242,1.7988510131835938,30.0,1.524967908859253,2.741455316543579,35.0,0.9850102066993713,2.331800699234009,31.0,0.9291223883628845,1.3815245628356934,24.0,fe333619828832c363858785b62b1f2ccc2208b7533b92ac3ffbe16828514755,a46e7cdfb90e57aa20b50ebf33521b137afb4ab9acc86299b5db9e9b9982fa62,a46e7cdfb90e57aa20b50ebf33521b137afb4ab9acc86299b5db9e9b9982fa62
cam2,113,5650000,True,True,True,True,0.0,0.0,0.0,1.168463945388794,1.793824553489685,31.0,1.518855333328247,2.727034330368042,34.0,0.9785292148590088,2.319521903991699,31.0,0.9276507496833801,1.3802517652511597,21.0,1af76c8a791c3e1852b2c56e874ca59aa94e7bfb964a9958d728959e4f2b8e7e,6e250e670ced77de970e771e9c398dc6c5e4ee01e1ac76180b80c8f8c2a0458c,6e250e670ced77de970e771e9c398dc6c5e4ee01e1ac76180b80c8f8c2a0458c
cam2,114,5700000,True,True,True,True,0.0,0.0,0.0,1.1688661575317383,1.794044017791748,32.0,1.5200059413909912,2.7239840030670166,34.0,0.9797747731208801,2.315666437149048,32.0,0.92901611328125,1.3817380666732788,22.0,ade77c671f13b8f9892750c0abe24d202dd1f1efb5a95f0068084563f04a22c6,70254417d7b11445d944ff0c93a27097bd0c94be798d7b484794410707f76cb2,70254417d7b11445d944ff0c93a27097bd0c94be798d7b484794410707f76cb2
cam2,115,5750000,True,True,True,True,0.0,0.0,0.0,1.1682056188583374,1.7931779623031616,35.0,1.5181002616882324,2.725468635559082,36.0,0.97882080078125,2.3184900283813477,35.0,0.9278383851051331,1.3798168897628784,22.0,7926984ea9edd37298af91c9d0765228975f948dd44b1c406817cc74e4dbecad,43416426ea37969da7af39177a9ec122d2878dba56b58ecb753f7e55dc36e1ac,43416426ea37969da7af39177a9ec122d2878dba56b58ecb753f7e55dc36e1ac
cam2,116,5800000,True,True,True,True,0.0,0.0,0.0,1.1745840311050415,1.801743745803833,35.0,1.5281891822814941,2.74041748046875,40.0,0.9856883883476257,2.330228567123413,37.0,0.9300876259803772,1.3828256130218506,23.0,33ebd8d280e0bd8dc34bb452650b2f10eae38a22b8d81f33b05ef1de42416266,4c5938592b5eb24d19d134626d4baa54587df48e486485251e788de90d0b74a6,4c5938592b5eb24d19d134626d4baa54587df48e486485251e788de90d0b74a6
cam2,117,5850000,True,True,True,True,0.0,0.0,0.0,1.1697381734848022,1.7936153411865234,36.0,1.5203360319137573,2.7289388179779053,37.0,0.9793271422386169,2.317460060119629,33.0,0.92950439453125,1.3810049295425415,22.0,7b8c8f0ecc04f31c75ac2a53d2a2d3304fe2c35c27daf91bc1e64de4fff55f8a,c61a05d9c5e7ef7f71b9edb1f5f27bbb33f479307afeac0b49b45dd98b24a4b6,c61a05d9c5e7ef7f71b9edb1f5f27bbb33f479307afeac0b49b45dd98b24a4b6
cam2,118,5900000,True,True,True,True,0.0,0.0,0.0,1.1705095767974854,1.7943835258483887,34.0,1.5182313919067383,2.7225799560546875,37.0,0.9788931608200073,2.3122570514678955,33.0,0.9301124811172485,1.3811514377593994,25.0,a604301db882e55920924f1181c09324eae634fa6787e30701ddd244933a4ec5,7030acfbcfaf4912b9cbe0692719c347c6052cbb5f71bc4d120aa7b5a864ab53,7030acfbcfaf4912b9cbe0692719c347c6052cbb5f71bc4d120aa7b5a864ab53
cam2,119,5950000,True,True,True,True,0.0,0.0,0.0,1.1716840267181396,1.7954814434051514,34.0,1.5203337669372559,2.725339412689209,37.0,0.9802336692810059,2.316889762878418,33.0,0.9295179843902588,1.3799405097961426,25.0,7c4553aec3339d58d69bb0c97b4e3136631126a5812c7c0fae730a5b1ecff30e,886da8ada98a418c4ce59f84d58586a3b0a0fd52dad0ae055772fea72e501a4b,886da8ada98a418c4ce59f84d58586a3b0a0fd52dad0ae055772fea72e501a4b
cam2,120,6000000,True,True,True,True,0.0,0.0,0.0,1.177819013595581,1.8044198751449585,32.0,1.5289397239685059,2.736489772796631,35.0,0.9886090159416199,2.3273632526397705,33.0,0.9339712858200073,1.3857649564743042,24.0,96d1de1e3106f7e9820cc08cb98bbfefc2a135a6e76ea461ca7c530513d57372,53f699545b6cd730adb7279360df3dc87eea0e0373c622e341c6e1bf71848020,53f699545b6cd730adb7279360df3dc87eea0e0373c622e341c6e1bf71848020
cam2,121,6050000,True,True,True,True,0.0,0.0,0.0,1.1730602979660034,1.796381950378418,34.0,1.5241247415542603,2.7269434928894043,37.0,0.9805501103401184,2.315755844116211,33.0,0.9342266917228699,1.3837791681289673,23.0,473edaacedc2331a4085d6ed1ccd9f6ca5e9d7545e7904c79a03c07e44022bd9,9d228b1b7532e1733cc151d7f8d966482472e224bf0171665e1bea9244a77e66,9d228b1b7532e1733cc151d7f8d966482472e224bf0171665e1bea9244a77e66
cam2,122,6100000,True,True,True,True,0.0,0.0,0.0,1.1707396507263184,1.7957115173339844,34.0,1.5213125944137573,2.726677417755127,37.0,0.9811130166053772,2.313420295715332,33.0,0.9307522177696228,1.382093071937561,22.0,7a8dff8f959ff7612a44f8ba0531156734e3563894dcf15aece75dba238367f0,ded72e26df7c2752659ab31225d571add6b78729987b1811862bcccae5a81f2e,ded72e26df7c2752659ab31225d571add6b78729987b1811862bcccae5a81f2e
cam2,123,6150000,True,True,True,True,0.0,0.0,0.0,1.1720492839813232,1.796985149383545,34.0,1.5217804908752441,2.730245351791382,37.0,0.9812961220741272,2.319073438644409,33.0,0.9310687184333801,1.3824528455734253,22.0,833c1908c40f03a6b87a6c54eec15aeed758bbd5d35d51bb26d3424ee49b07b0,9a1c0659ce004cf035e6524ccca7c247f552ea62e209218f886dfaceb9657459,9a1c0659ce004cf035e6524ccca7c247f552ea62e209218f886dfaceb9657459
cam2,124,6200000,True,True,True,True,0.0,0.0,0.0,1.1772208213806152,1.8047924041748047,33.0,1.5261207818984985,2.7356507778167725,37.0,0.9859302639961243,2.3277053833007812,33.0,0.9333835244178772,1.3858481645584106,22.0,160b7abd4bfea04bc3d259ed43aae95e3d07e7c7718b4cfd08013a1da1e45d61,5e270a2e947a92ff79fc13e7743528490298d744ca1a4ed0ff24cb0a379d6069,5e270a2e947a92ff79fc13e7743528490298d744ca1a4ed0ff24cb0a379d6069
cam2,125,6250000,True,True,True,True,0.0,0.0,0.0,1.1733766794204712,1.798030138015747,34.0,1.5220178365707397,2.7256317138671875,37.0,0.9798290133476257,2.315241813659668,34.0,0.9312224388122559,1.3820276260375977,22.0,4b2ed21eb83464933fede9fc38ac107aa695fb5236132feb6270654f9938e4d2,0b4e9933720f7c0768ea1f58bbb62e7bd1eb7b18c406cdefe09bd839d0023598,0b4e9933720f7c0768ea1f58bbb62e7bd1eb7b18c406cdefe09bd839d0023598
cam2,126,6300000,True,True,True,True,0.0,0.0,0.0,1.1736003160476685,1.797241449356079,31.0,1.5195380449295044,2.7199957370758057,35.0,0.9803512096405029,2.3123748302459717,34.0,0.9311048984527588,1.3810163736343384,21.0,17b7072fcdb47480f6a1494b253cfcc7da21aafad9f74e7e3b9654929b7164a8,27b95d76a08142f856bf0ae45a38713429263f70d063761daa38c7f755494fb7,27b95d76a08142f856bf0ae45a38713429263f70d063761daa38c7f755494fb7
cam2,127,6350000,True,True,True,True,0.0,0.0,0.0,1.1747920513153076,1.7996433973312378,31.0,1.5241721868515015,2.7287099361419678,36.0,0.9837058782577515,2.3203139305114746,35.0,0.9329449534416199,1.3822304010391235,21.0,467399474c35283dfc6668dc293f628ae77a9883b7f516384c96de56a6434cf7,c7d87c6aecebaa381ebe4d164dbde20db636aee4fd9f15257593404a50acbc0a,c7d87c6aecebaa381ebe4d164dbde20db636aee4fd9f15257593404a50acbc0a
cam2,128,6400000,True,True,True,True,0.0,0.0,0.0,1.178399920463562,1.8060414791107178,33.0,1.5281258821487427,2.740762948989868,37.0,0.9904581904411316,2.3317675590515137,35.0,0.9329043030738831,1.3846585750579834,22.0,e5f9a5eae418c6c352d1eeb127231f28a5c59ebd414d09ff4c314c7e4a4a5aa7,4a245e26edad63fbbbd8a15b32a6442916f32209f8156064cce830a42efb9d67,4a245e26edad63fbbbd8a15b32a6442916f32209f8156064cce830a42efb9d67
cam2,129,6450000,True,True,True,True,0.0,0.0,0.0,1.173866868019104,1.7998015880584717,33.0,1.5225400924682617,2.7278406620025635,36.0,0.9830412864685059,2.3194711208343506,35.0,0.9314439296722412,1.3825918436050415,22.0,0fb10991c1f435e85795f68b4811dc0818c07ae92b3c8feec917592e3b987b1b,72fa15422ced7186e3b81f5e0f13aeea28800d86776ecc1131ac195d485f5305,72fa15422ced7186e3b81f5e0f13aeea28800d86776ecc1131ac195d485f5305
cam2,130,6500000,True,True,True,True,0.0,0.0,0.0,1.1745696067810059,1.8004662990570068,32.0,1.5257929563522339,2.7327542304992676,38.0,0.9849085211753845,2.3186776638031006,35.0,0.9334671497344971,1.385313868522644,21.0,a0befd2b5ec6099d1bfe7e270bed6fdbf3f93e93d1c0b2ad85acd63b0865f608,fb4485c70e6c7373df9bfd49a1318f031e66ef236f606a25488d0e52074b54a9,fb4485c70e6c7373df9bfd49a1318f031e66ef236f606a25488d0e52074b54a9
cam2,131,6550000,True,True,True,True,0.0,0.0,0.0,1.1744874715805054,1.8004521131515503,32.0,1.5250221490859985,2.7342870235443115,35.0,0.9860636591911316,2.3232150077819824,35.0,0.9319344758987427,1.3836076259613037,22.0,dd075a9724ddf429a3553d61945067c58a62b7f29c70f1594263f3f66f7d3300,452de908405719db52487e1dc96a53e4862b1b48476bf7817a6c634e05a2f8d1,452de908405719db52487e1dc96a53e4862b1b48476bf7817a6c634e05a2f8d1
cam2,132,6600000,True,True,True,True,0.0,0.0,0.0,1.1779872179031372,1.8052963018417358,31.0,1.5329318046569824,2.742184638977051,35.0,0.9941360950469971,2.33427095413208,35.0,0.9339599609375,1.385698914527893,24.0,9c6e145454cec0df8a2e0403af47aceda6b44096919e379b56657437c2c27a99,55760177c817a16badc197dd8d5afa2ec49e8078c31b64a426efe3dd163aacc2,55760177c817a16badc197dd8d5afa2ec49e8078c31b64a426efe3dd163aacc2
cam2,133,6650000,True,True,True,True,0.0,0.0,0.0,1.1756672859191895,1.7996948957443237,31.0,1.5294280052185059,2.736583948135376,35.0,0.9848542213439941,2.322012424468994,35.0,0.9353207945823669,1.3846397399902344,21.0,7edc3a53bf7eb4a0c98f16228e671ea861065782a2bfda3e2304e42112f88b54,24b059b2d6e6f3cf513f0b8fa1d99807660aa3f51159e170a5dd28775e4c2157,24b059b2d6e6f3cf513f0b8fa1d99807660aa3f51159e170a5dd28775e4c2157
cam2,134,6700000,True,True,True,True,0.0,0.0,0.0,1.1754130125045776,1.800080418586731,31.0,1.5277122259140015,2.731691360473633,36.0,0.9847163558006287,2.317760467529297,35.0,0.9334445595741272,1.3852486610412598,22.0,d24189a06e4672604853fcb1b37df48509e1b313b4f58da648a3c50a29c3c930,29f80265f4986d0a4acbf45149d631db6e3107b4fbaf362ae3dd44ea297ed5f8,29f80265f4986d0a4acbf45149d631db6e3107b4fbaf362ae3dd44ea297ed5f8
cam2,135,6750000,True,True,True,True,0.0,0.0,0.0,1.1737091541290283,1.7990056276321411,32.0,1.5258359909057617,2.733424425125122,35.0,0.9847954511642456,2.3209238052368164,34.0,0.9316428899765015,1.3825035095214844,21.0,0cd21b5e60460ed4ec8a7cd2d9d1983de36a6bee2d606cbb16b0dd0b25677894,f4512e5f1ae8ecabbb5a992b8d0fe79659b36d39dddbfc1c42fa67c3c250ada6,f4512e5f1ae8ecabbb5a992b8d0fe79659b36d39dddbfc1c42fa67c3c250ada6
cam2,136,6800000,True,True,True,True,0.0,0.0,0.0,1.1781108379364014,1.8056148290634155,32.0,1.5317111015319824,2.742525815963745,35.0,0.9900603294372559,2.331821918487549,35.0,0.9347941279411316,1.3864433765411377,22.0,8ae76cc2320647ba0182484f468cf447352e0f0607aaf080e196802f6e195b69,3774ec9ecea2a8d0fd5f56a91df55f50ab96aaa2fd8426993014c80ddcabd2a7,3774ec9ecea2a8d0fd5f56a91df55f50ab96aaa2fd8426993014c80ddcabd2a7
cam2,137,6850000,True,True,True,True,0.0,0.0,0.0,1.1598939895629883,1.7830150127410889,30.0,1.5046228170394897,2.7096855640411377,34.0,0.9685736894607544,2.3061559200286865,34.0,0.9214613437652588,1.3689754009246826,20.0,12cf283c379402b618d168fa50b7e6f3f2741d3698a061fce74fcae829285d59,4ad18cbd280a937bd68089a715f5c1c612a83d541f0efebff41b0a315db2f542,4ad18cbd280a937bd68089a715f5c1c612a83d541f0efebff41b0a315db2f542
cam2,138,6900000,True,True,True,True,0.0,0.0,0.0,1.162467122077942,1.786434292793274,30.0,1.509648084640503,2.714014768600464,34.0,0.9742816090583801,2.3098673820495605,34.0,0.9234777092933655,1.3715604543685913,20.0,58f256c53d0cf8803b4c4a673a16f7e182d173c8e807abbfae3b46c4a2103480,d9edd803bbdcd6f3c708f44429ff6743021aa17a8efc20bc99bdf1ab27b7acf0,d9edd803bbdcd6f3c708f44429ff6743021aa17a8efc20bc99bdf1ab27b7acf0
cam2,139,6950000,True,True,True,True,0.0,0.0,0.0,1.164948582649231,1.7901545763015747,33.0,1.5127224922180176,2.719393491744995,36.0,0.9744149446487427,2.3144659996032715,34.0,0.9250171780586243,1.3744014501571655,21.0,47f42361479e4827bf2413ca7bc7133805233f88cddaef208767728d010f514b,1aba8d1e11cbe3db8dbe0fb307230cc081f790798f2556b474b4e3ebe5b15b26,1aba8d1e11cbe3db8dbe0fb307230cc081f790798f2556b474b4e3ebe5b15b26
cam2,140,7000000,True,True,True,True,0.0,0.0,0.0,1.1713817119598389,1.7986345291137695,32.0,1.5248684883117676,2.734959840774536,39.0,0.9865157604217529,2.328634262084961,34.0,0.9284939169883728,1.3786745071411133,20.0,10a17474728c0b7f9c32187848daaef8d8b3ae4c50ce2622dcc75362cb657247,ba8a77c447f705cdf404774449e292d16b69f919d04c1d333f260804eb02700f,ba8a77c447f705cdf404774449e292d16b69f919d04c1d333f260804eb02700f
cam2,141,7050000,True,True,True,True,0.0,0.0,0.0,1.1704130172729492,1.797949194908142,28.0,1.5219093561172485,2.73677134513855,35.0,0.9843636751174927,2.328324556350708,34.0,0.9270584583282471,1.3773596286773682,19.0,6a232f9bb499ed1559a9821854896eaac36a4838de6c201fb1022a126e1a7294,5d86994b55da66a892de62fede121bd1d2fa044502209ab37a0c0682d2debdae,5d86994b55da66a892de62fede121bd1d2fa044502209ab37a0c0682d2debdae
cam2,142,7100000,True,True,True,True,0.0,0.0,0.0,1.171452522277832,1.7984963655471802,28.0,1.5248029232025146,2.7356436252593994,38.0,0.9866762757301331,2.3333749771118164,35.0,0.9322012662887573,1.381729006767273,19.0,e5a467afb9a0aa73ec0ecc4bde5d0d986ba5c05bd96843e0465503e81a1c9e3c,f5c33b2c1227e98d99ae3bc4b2f2626d218e89d2560faeed7369238f91805045,f5c33b2c1227e98d99ae3bc4b2f2626d218e89d2560faeed7369238f91805045
cam2,143,7150000,True,True,True,True,0.0,0.0,0.0,1.1725270748138428,1.801064133644104,28.0,1.5301852226257324,2.741992235183716,37.0,0.9895607233047485,2.3357086181640625,33.0,0.9309014081954956,1.382146954536438,19.0,bb848f350a6e8ee0c0e9336089d1aa2c0cf30c581e9d93e792755d8e37258fc1,68020d2255508935dcc22bf934ab2e0817fefefc4c1a5daf98f1a7f40b2ce26c,68020d2255508935dcc22bf934ab2e0817fefefc4c1a5daf98f1a7f40b2ce26c
cam2,144,7200000,True,True,True,True,0.0,0.0,0.0,1.1687995195388794,1.794657826423645,28.0,1.5227118730545044,2.7260334491729736,37.0,0.9831791520118713,2.3210723400115967,32.0,0.9288737177848816,1.3795808553695679,19.0,4a2120f2df66256ba4c56df6943d13ce496e055b4240a0c6f09a3057631595ce,efd25846ee3a3926e777f0d34c67fd643c3ba0f980288b9b45d9db8e83d84f73,efd25846ee3a3926e777f0d34c67fd643c3ba0f980288b9b45d9db8e83d84f73
cam2,145,7250000,True,True,True,True,0.0,0.0,0.0,1.1724566221237183,1.798677921295166,28.0,1.5248186588287354,2.729679822921753,34.0,0.9839138388633728,2.3206801414489746,32.0,0.9330896735191345,1.38572096824646,18.0,222042519ae9703b233cd5ac8400412d455fe7e60b28b1380c3eddeb6946669d,662bd4fb0997090b5797671311b5b107ad9d7ac8b9a330a719a6c8491b8b94d4,662bd4fb0997090b5797671311b5b107ad9d7ac8b9a330a719a6c8491b8b94d4
cam2,146,7300000,True,True,True,True,0.0,0.0,0.0,1.173009991645813,1.8001927137374878,28.0,1.527131199836731,2.7361040115356445,34.0,0.9865044355392456,2.32602858543396,32.0,0.9317219853401184,1.384143352508545,18.0,cf6fb4ce78498a3b243cab5bc834f938334de7fe515a40d94668aae49f30941f,8fc30cd2dd0037930147c37494979fc2506ad92759edf5ca19329c40d980fac4,8fc30cd2dd0037930147c37494979fc2506ad92759edf5ca19329c40d980fac4
cam2,147,7350000,True,True,True,True,0.0,0.0,0.0,1.176252841949463,1.8060485124588013,28.0,1.5316433906555176,2.7468044757843018,34.0,0.9922982454299927,2.3371245861053467,32.0,0.9336502552032471,1.3864059448242188,18.0,ce0e8c2d3003f94e3bad13b5b23425967da2fb637b51dbdbfe68067f2e786e37,5e6582f4c9a462c5476459a1971bbb664aaf2c11fba2dd7ffa9700e425f068de,5e6582f4c9a462c5476459a1971bbb664aaf2c11fba2dd7ffa9700e425f068de
cam2,148,7400000,True,True,True,True,0.0,0.0,0.0,1.1723968982696533,1.800173282623291,28.0,1.5214571952819824,2.72359561920166,34.0,0.9846779108047485,2.3212432861328125,32.0,0.9305645823478699,1.3829752206802368,17.0,f3155743e0114f5be6521b990b98c299a00dfc31dd922beff9a6fd5a114eea99,8d3fe8db0d095f616667ec73d59f40dfdb880e11e74307139005b6165cf0e193,8d3fe8db0d095f616667ec73d59f40dfdb880e11e74307139005b6165cf0e193
cam2,149,7450000,True,True,True,True,0.0,0.0,0.0,1.174416184425354,1.8012012243270874,28.0,1.5236319303512573,2.721707582473755,34.0,0.9824625849723816,2.3158202171325684,32.0,0.9335620999336243,1.3851816654205322,17.0,82c671f03edbddb8bc6313af57d507d7287032eea055f8fa702e9b99062ad609,76199b490b6ba6b81b2330d62c1586cd78b1430f2831c751b9814716da41ed26,76199b490b6ba6b81b2330d62c1586cd78b1430f2831c751b9814716da41ed26
cam2,150,7500000,True,True,True,True,0.0,0.0,0.0,1.1734997034072876,1.8007292747497559,28.0,1.5255759954452515,2.7305636405944824,35.0,0.9853606224060059,2.322105884552002,32.0,0.9340910911560059,1.3860398530960083,17.0,9e386bf19988cd95f26d6a9152ade810bb4e2a57cf7dbc8b738d7b0df3f23ca0,e9fd27799deb8fb4b174a00692820eb87bfe047c4db38fe32a1d973fea49e296,e9fd27799deb8fb4b174a00692820eb87bfe047c4db38fe32a1d973fea49e296
cam2,151,7550000,True,True,True,True,0.0,0.0,0.0,1.1804789304733276,1.8088951110839844,28.0,1.5330222845077515,2.7418911457061768,35.0,0.9905282258987427,2.3313066959381104,32.0,0.9369620084762573,1.38993239402771,18.0,18c3784d6f513950f89c910bc65f0f1ff932c56517363448326b43c5d37d5750,d7d0e183bd26356799fd0ef890534f7e1b71456cab3cde0e7fb3736218ea654c,d7d0e183bd26356799fd0ef890534f7e1b71456cab3cde0e7fb3736218ea654c
cam2,152,7600000,True,True,True,True,0.0,0.0,0.0,1.180981993675232,1.8099572658538818,28.0,1.5351155996322632,2.7485897541046143,34.0,0.9932364225387573,2.334071397781372,32.0,0.9352801442146301,1.3875036239624023,22.0,67ef8f63e8944c4facdbb5555c0bb38dc4e60f4bba54dcf2ac45760fe0ef971f,dc492476b94683ed568f8932b21c11632951a48b9b02b1852e31e882af2f7e1e,dc492476b94683ed568f8932b21c11632951a48b9b02b1852e31e882af2f7e1e
cam2,153,7650000,True,True,True,True,0.0,0.0,0.0,1.180281400680542,1.807971477508545,28.0,1.5385245084762573,2.751589298248291,35.0,0.9950787425041199,2.3345232009887695,33.0,0.93548583984375,1.386484146118164,22.0,ca23294433e95397db24a14babff3e36c762c905decada42659188c0e6252c09,85222a8bfb70cb8915e6b5878e8987b3006b88ed67a7df8d856c38bc71b9f820,85222a8bfb70cb8915e6b5878e8987b3006b88ed67a7df8d856c38bc71b9f820
cam2,154,7700000,True,True,True,True,0.0,0.0,0.0,1.1813888549804688,1.8087587356567383,28.0,1.5389788150787354,2.7515370845794678,34.0,0.99676513671875,2.3372802734375,33.0,0.9362612366676331,1.388601303100586,22.0,b3a6bd75226fe009295f3d21e61670633d4a6b054a0c2869ba194b8d66f3eaf0,f3996a92e909b9d372fad06ef80f30a62526293514a1db4d7ab363bdcebe7e94,f3996a92e909b9d372fad06ef80f30a62526293514a1db4d7ab363bdcebe7e94
cam2,155,7750000,True,True,True,True,0.0,0.0,0.0,1.1818721294403076,1.8077605962753296,28.0,1.539607286453247,2.752032518386841,34.0,0.9990482926368713,2.3382976055145264,32.0,0.9373824596405029,1.3885411024093628,22.0,7a6499d7901a4f90fb507738995a62e2ba630cc317097725c589a10778adec35,bd05f644b9844ebb6fed3e71670fca0ea981bdbeda3b7cb981464047cc115b2f,bd05f644b9844ebb6fed3e71670fca0ea981bdbeda3b7cb981464047cc115b2f
cam2,156,7800000,True,True,True,True,0.0,0.0,0.0,1.1836298704147339,1.8103015422821045,29.0,1.5409184694290161,2.7530763149261475,34.0,0.9978705644607544,2.3387398719787598,32.0,0.9372174143791199,1.389484167098999,23.0,95d09d44efd526a8765f9c5b574e46b3c351cdd73ae902b9821f639d339a2e7c,e6507c8d8bd881d8f46b780476c7ce0e121e7b159072ff70bd5b3181714ed21d,e6507c8d8bd881d8f46b780476c7ce0e121e7b159072ff70bd5b3181714ed21d
cam2,157,7850000,True,True,True,True,0.0,0.0,0.0,1.1801023483276367,1.8036226034164429,29.0,1.5312522649765015,2.7333714962005615,34.0,0.9881885647773743,2.3237228393554688,33.0,0.9349591135978699,1.384687066078186,21.0,cb9d26ef6559cf2f0f51c5b958649c62f7e5950f80144b083db5664364e5a4f0,9b2225430a88f69594d63043a6a5c5450c768d8e1af41e312ac125d1a768b896,9b2225430a88f69594d63043a6a5c5450c768d8e1af41e312ac125d1a768b896
cam2,158,7900000,True,True,True,True,0.0,0.0,0.0,1.1780656576156616,1.8020538091659546,30.0,1.5283339023590088,2.7277019023895264,34.0,0.9881297945976257,2.3173751831054688,32.0,0.9346268177032471,1.3846242427825928,22.0,742110940a2a574f16e34869f6d3830b5f24b15f127cd155c103b97d95cad6e7,023feac1bdbb9266ec9c91e8de897fba10776c56e3b3f85f2d1bba91c3a04211,023feac1bdbb9266ec9c91e8de897fba10776c56e3b3f85f2d1bba91c3a04211
cam2,159,7950000,True,True,True,True,0.0,0.0,0.0,1.1795594692230225,1.8024117946624756,28.0,1.5323576927185059,2.73506760597229,33.0,0.9914821982383728,2.325779914855957,32.0,0.9367404580116272,1.385501503944397,21.0,e878a4aa0b59f913fb930e1c64b640d3b50a588ede587441df51c7c03ca0995f,2fe7cc8ea962bf4e1bc60a756e53d31bb6d44abbb7521fdbad835ac60d7a7ab4,2fe7cc8ea962bf4e1bc60a756e53d31bb6d44abbb7521fdbad835ac60d7a7ab4
cam2,160,8000000,True,True,True,True,0.0,0.0,0.0,1.185145378112793,1.810520887374878,27.0,1.5415740013122559,2.753875970840454,34.0,0.9987860918045044,2.3383758068084717,32.0,0.9375090599060059,1.388829231262207,19.0,642c0caa23ea66e675f322686bef97cd4249effc490942da7d082c2c399e16d4,cfceffac5467e897c59019a535808d3d54fc368e776129c81bf0f14af7ce560e,cfceffac5467e897c59019a535808d3d54fc368e776129c81bf0f14af7ce560e
cam2,161,8050000,True,True,True,True,0.0,0.0,0.0,1.1795153617858887,1.802111268043518,27.0,1.5314918756484985,2.735821008682251,33.0,0.9894499778747559,2.3239376544952393,33.0,0.9352259039878845,1.3831990957260132,20.0,ccaf601dd28ef09eaca33915fff3d0609b06c516d04032dc73108111ba726790,b562a6b2e54783ba349734718486ca008f5eb2773083164bd42f1bee0d5ea732,b562a6b2e54783ba349734718486ca008f5eb2773083164bd42f1bee0d5ea732
cam2,162,8100000,True,True,True,True,0.0,0.0,0.0,1.178862452507019,1.8011047840118408,31.0,1.5302056074142456,2.729095458984375,33.0,0.9879512190818787,2.319580316543579,33.0,0.9356825351715088,1.3838835954666138,20.0,e9103d621aa35ad3885930a77228275b95f159f2344f757ccce8cf59d0a98a14,4767e4c6668056a8a8f751cc68ff3236c7f500733d7601faf4d2c5db7e004ae0,4767e4c6668056a8a8f751cc68ff3236c7f500733d7601faf4d2c5db7e004ae0
cam2,163,8150000,True,True,True,True,0.0,0.0,0.0,1.1818243265151978,1.8052752017974854,29.0,1.532588243484497,2.733114719390869,33.0,0.9890475869178772,2.325558662414551,33.0,0.9380131363868713,1.385335922241211,20.0,5870c9d9a02b8c0ccece1f58129d771dd8c30dde74a79561a5ea8cb5be1b05dc,46577aac30849b82e2672c6a5a62bf24981ac3c0649a518880152f1a1d5d85c5,46577aac30849b82e2672c6a5a62bf24981ac3c0649a518880152f1a1d5d85c5
cam2,164,8200000,True,True,True,True,0.0,0.0,0.0,1.1838563680648804,1.809756875038147,29.0,1.538883924484253,2.74626088142395,34.0,0.9964057207107544,2.3383376598358154,32.0,0.9362996220588684,1.387170433998108,20.0,e2d33106d78dfa3beb68f365f050b94d0e89e1ea43d3aaf0205c511b43be73e6,c0db6ab3ba6989ecb5f2f51f5250ba2c5e0437a806dfafae85075ea6e8cf744c,c0db6ab3ba6989ecb5f2f51f5250ba2c5e0437a806dfafae85075ea6e8cf744c
cam2,165,8250000,True,True,True,True,0.0,0.0,0.0,1.1842328310012817,1.8103078603744507,28.0,1.5404256582260132,2.7501986026763916,34.0,0.99578857421875,2.338054895401001,32.0,0.9361526966094971,1.3861294984817505,20.0,fbeab8f969244c398472ac6f1f0ee8368f0e416d25cb62568fdfc622cfe5d4d6,0b80ada23f29b5d320a8c86be1e6e235e6acf0fed76da48e8a94611d465005b9,0b80ada23f29b5d320a8c86be1e6e235e6acf0fed76da48e8a94611d465005b9
cam2,166,8300000,True,True,True,True,0.0,0.0,0.0,1.178856372833252,1.8023823499679565,31.0,1.5304023027420044,2.734593629837036,36.0,0.9867711663246155,2.3210699558258057,33.0,0.9325742125511169,1.3823727369308472,20.0,ad497eaa20b82c16fe8727af106af943e65c5ed1086500383e558caa3d831406,4aed77794ee5a82e6cab68e845e758fc129a3755374b1bcdd8fdd32a82a19ac8,4aed77794ee5a82e6cab68e845e758fc129a3755374b1bcdd8fdd32a82a19ac8
cam2,167,8350000,True,True,True,True,0.0,0.0,0.0,1.166390299797058,1.791276216506958,30.0,1.5137803554534912,2.7182228565216064,34.0,0.9724301695823669,2.3074679374694824,32.0,0.9268889427185059,1.3756542205810547,20.0,8df10880e23d1eb6d31c6edcee8ba3dec3de7672a3c8a719d82b0d2e4f69d962,acbc074983295268bb1bdfde9a85758704d0651cbcb578122f62a266fee45973,acbc074983295268bb1bdfde9a85758704d0651cbcb578122f62a266fee45973
cam2,168,8400000,True,True,True,True,0.0,0.0,0.0,1.1692783832550049,1.7941148281097412,31.0,1.5198251008987427,2.724874258041382,34.0,0.9751812815666199,2.3127877712249756,32.0,0.9305306673049927,1.3797472715377808,20.0,3460918ac19e8da4ee35e27c5d0d8e529f258dc00437c2d5d0c86fe1904af632,08078d3643efb8ab562cb1bed3338ad36c05a6a081ff05262f133bc158ca6ac1,08078d3643efb8ab562cb1bed3338ad36c05a6a081ff05262f133bc158ca6ac1
cam2,169,8450000,True,True,True,True,0.0,0.0,0.0,1.1799674034118652,1.8064260482788086,30.0,1.5342813730239868,2.7398791313171387,34.0,0.9900173544883728,2.329063892364502,32.0,0.93463134765625,1.384462594985962,20.0,d66b5e080dcd1d4b77deac77589e36be44568699af83b0c984e9e9d07cba561e,f2775215739c8e00e1cabd42e1547fd56f08514ce1e78d01e86be02d976597eb,f2775215739c8e00e1cabd42e1547fd56f08514ce1e78d01e86be02d976597eb
cam2,170,8500000,True,True,True,True,0.0,0.0,0.0,1.171570062637329,1.795936942100525,30.0,1.5225242376327515,2.7276811599731445,33.0,0.9783393144607544,2.313372850418091,32.0,0.9315502047538757,1.3802083730697632,21.0,105910c270f265fbe8e18a0d33f60793cc177fc8795d2eb2df15775a5d1ec3b7,dc067776742ac8f03053a5800c412736ab410520f0042198109feb95f01c6153,dc067776742ac8f03053a5800c412736ab410520f0042198109feb95f01c6153
cam2,171,8550000,True,True,True,True,0.0,0.0,0.0,1.1711559295654297,1.794776201248169,30.0,1.520171046257019,2.7231271266937256,33.0,0.9775119423866272,2.3092169761657715,32.0,0.9310596585273743,1.3799322843551636,20.0,0729224286650b8d44584b8f6a04070e03f4f332dc71c586f4a579dfb3d230a4,2988bd64cefed78cbf75052e79701cdd31ed9a3ccc92cc6ee30fad7caeebdcf2,2988bd64cefed78cbf75052e79701cdd31ed9a3ccc92cc6ee30fad7caeebdcf2
cam2,172,8600000,True,True,True,True,0.0,0.0,0.0,1.1727162599563599,1.7979670763015747,28.0,1.519474744796753,2.7238125801086426,34.0,0.9805772304534912,2.3160243034362793,32.0,0.9303498268127441,1.3790786266326904,20.0,87956029b817d60b6b14f20a554e3ffd85de00dde5bee90c6fe20f06f36996ac,87f108ab157bc2442a7eb37d8edc8344c22bfc61cb663e60602b39eac4c3ee7a,87f108ab157bc2442a7eb37d8edc8344c22bfc61cb663e60602b39eac4c3ee7a
cam2,173,8650000,True,True,True,True,0.0,0.0,0.0,1.1769144535064697,1.8027105331420898,30.0,1.5299705266952515,2.7374463081359863,33.0,0.9877183437347412,2.3257617950439453,32.0,0.9332840442657471,1.3836345672607422,21.0,9cb184b5c467cfab7cabad10016934b585a69bbe92ad232fb95aa04f7e859524,1d5c8501067dea77bb5a4e258c44a18d80e8dea747e935ccfe91f7f32738073d,1d5c8501067dea77bb5a4e258c44a18d80e8dea747e935ccfe91f7f32738073d
cam2,174,8700000,True,True,True,True,0.0,0.0,0.0,1.179702639579773,1.806441068649292,26.0,1.53057861328125,2.738027811050415,33.0,0.9880461692810059,2.325047016143799,31.0,0.9347670078277588,1.3840625286102295,20.0,16317d9702b9b77ef41b0a6bdbc7db39c4d0f5daaf38e2d59d812d53c8ada25b,8897d7fe1230f6499540a3cfeb57b91ff95786c69d310e151da91842aeeb8ca5,8897d7fe1230f6499540a3cfeb57b91ff95786c69d310e151da91842aeeb8ca5
cam2,175,8750000,True,True,True,True,0.0,0.0,0.0,1.1753005981445312,1.798985242843628,26.0,1.5225400924682617,2.7234368324279785,33.0,0.981201171875,2.3132565021514893,32.0,0.9321718811988831,1.3806709051132202,21.0,842d92efe9318d8932569fc09ab7ecb3067f52802f959c6311f3e8e10d8c61f2,2c258fbc8f1be27fabea3f352f6d0eed3ff7fa321393d7ce6f90910cad9c8606,2c258fbc8f1be27fabea3f352f6d0eed3ff7fa321393d7ce6f90910cad9c8606
cam2,176,8800000,True,True,True,True,0.0,0.0,0.0,1.1769216060638428,1.8005505800247192,25.0,1.5238919258117676,2.723841667175293,33.0,0.9820669889450073,2.3128132820129395,31.0,0.9326850175857544,1.3829326629638672,21.0,e714442889a19fa254645dfff29801fa8bae33523091e712c9025ca7af786518,399ea1c6ef5aa6a77fbb98566e12d467355d649a963e087594072a5746a1d44c,399ea1c6ef5aa6a77fbb98566e12d467355d649a963e087594072a5746a1d44c
cam2,177,8850000,True,True,True,True,0.0,0.0,0.0,1.1767784357070923,1.8019790649414062,26.0,1.5238556861877441,2.7262864112854004,35.0,0.9831385016441345,2.3173811435699463,32.0,0.9333179593086243,1.3827037811279297,20.0,3c3001b0d72bafc423ae60bff67804005374ed0c42c5d777bb3860d5bf317e4b,c97c34b9cfdf1433a3e33a53fb3df9ace5d5399a2489f43e5da695e5585b5067,c97c34b9cfdf1433a3e33a53fb3df9ace5d5399a2489f43e5da695e5585b5067
cam2,178,8900000,True,True,True,True,0.0,0.0,0.0,1.1815158128738403,1.8094158172607422,26.0,1.5348849296569824,2.7441186904907227,36.0,0.9912018775939941,2.3328332901000977,33.0,0.9344030022621155,1.3848960399627686,20.0,d620f5adb3215d5c60a224b6d98fd6cbe2775c752df96b3ccb4751bb11d121b1,60c859a620d950c84ac368a0943050bbf3b6039faada1e9838f64ff05ba2d6a7,60c859a620d950c84ac368a0943050bbf3b6039faada1e9838f64ff05ba2d6a7
cam2,179,8950000,True,True,True,True,0.0,0.0,0.0,1.1749320030212402,1.7998313903808594,26.0,1.5237290859222412,2.729060173034668,33.0,0.9832175970077515,2.31746244430542,31.0,0.9307838678359985,1.3812700510025024,19.0,082272ff03dc3053040a91175ee02a839169d51e79762b24f9f43d85c97bc669,0eaa84c286b446cea641169b6853d6df0b22542a3d28d9c5aba3ea7fb6f4ea10,0eaa84c286b446cea641169b6853d6df0b22542a3d28d9c5aba3ea7fb6f4ea10
cam2,180,9000000,True,True,True,True,0.0,0.0,0.0,1.1752625703811646,1.7997856140136719,26.0,1.5238218307495117,2.727762222290039,34.0,0.9843659400939941,2.3183071613311768,31.0,0.9325267672538757,1.3825255632400513,20.0,780d3f1f17c1aa4ff514baad7bf65368408d9b92752c89350ce900dcb0b97c59,706172e6cc351bb4ab11ffe5250e233fbfa7f524fab236da938b74e7aaa669a9,706172e6cc351bb4ab11ffe5250e233fbfa7f524fab236da938b74e7aaa669a9
cam2,181,9050000,True,True,True,True,0.0,0.0,0.0,1.175769329071045,1.8014565706253052,28.0,1.5257974863052368,2.7326226234436035,34.0,0.9860048890113831,2.3219244480133057,29.0,0.9311229586601257,1.3805760145187378,22.0,f17f824a003060f167d4067cc5be1553aee4750e45eb1fd902eb69e21ff53d5c,398dfcd1b5825dfd26f16eecbeadafb8fa27fb364c2a320dd9551606daff099a,398dfcd1b5825dfd26f16eecbeadafb8fa27fb364c2a320dd9551606daff099a
cam2,182,9100000,True,True,True,True,0.0,0.0,0.0,1.179425597190857,1.8061002492904663,28.0,1.5285621881484985,2.738994598388672,40.0,0.9910640120506287,2.3325207233428955,37.0,0.9324770569801331,1.38323175907135,22.0,ca2f6ecb2d7fbace65ec5753267e7a4877e27f7be5b397056cef12832aaff5eb,495590f6eefb255b9ea40f1b412b45e8042186ce34d05b340c19805479768891,495590f6eefb255b9ea40f1b412b45e8042186ce34d05b340c19805479768891
cam2,183,9150000,True,True,True,True,0.0,0.0,0.0,1.1806416511535645,1.8075956106185913,27.0,1.5290685892105103,2.7393898963928223,41.0,0.9934534430503845,2.333936929702759,36.0,0.9344414472579956,1.3852168321609497,21.0,82f241fb890e948c5ef24d56181b694611a6ccdd73e872d9cbaff75a5552eab1,b7bd3f16e2990875bb5e13f7a749fcee91451faa5890ecf088724b6af485805e,b7bd3f16e2990875bb5e13f7a749fcee91451faa5890ecf088724b6af485805e
cam2,184,9200000,True,True,True,True,0.0,0.0,0.0,1.1794285774230957,1.8035383224487305,27.0,1.5287904739379883,2.728276014328003,34.0,0.9870243668556213,2.3193562030792236,30.0,0.9351038336753845,1.3857674598693848,22.0,7be651b202f2cefee3b86054ad3a20377be8b314249001baafe5b211e68ef91d,3fcd2b79ac2801ae84e01f3860d86eadb600140de4f183f5db9be8218ece5507,3fcd2b79ac2801ae84e01f3860d86eadb600140de4f183f5db9be8218ece5507
cam2,185,9250000,True,True,True,True,0.0,0.0,0.0,1.177545189857483,1.8025026321411133,27.0,1.5271697044372559,2.730489492416382,34.0,0.9855256080627441,2.31780743598938,30.0,0.9338062405586243,1.3838428258895874,21.0,50a9e0e382fd73b167941dcfbcec7193dfde565c7c488983761ab91aaa6c6d3e,5e8e6a3ef9d0d33c955d3f46e346d47088b7adaf6ac42b98bdfcf49e3fdd5632,5e8e6a3ef9d0d33c955d3f46e346d47088b7adaf6ac42b98bdfcf49e3fdd5632
cam2,186,9300000,True,True,True,True,0.0,0.0,0.0,1.1797945499420166,1.8053479194641113,25.0,1.5303887128829956,2.7369775772094727,33.0,0.9877635836601257,2.320547342300415,32.0,0.9363154768943787,1.388539433479309,19.0,1fc40ab817753e9563e2c788b49d71e6ae68618ad43872f7be3d3b5ee433fc28,b8f8118049eda2e996410e985a6ebd4cad67f269ce50a8d002e4baecc75756d1,b8f8118049eda2e996410e985a6ebd4cad67f269ce50a8d002e4baecc75756d1
cam2,187,9350000,True,True,True,True,0.0,0.0,0.0,1.1843905448913574,1.8121877908706665,27.0,1.5396955013275146,2.749145030975342,33.0,0.9938919544219971,2.330393075942993,32.0,0.9366680979728699,1.388808012008667,21.0,ccaa168a88af888e968c53954eb8034e59310b4a4b87178db87973a9a9636de4,317530213fc5efa46d51596a5e0bf48e03270ce3f770a892777bfb1506c52de3,317530213fc5efa46d51596a5e0bf48e03270ce3f770a892777bfb1506c52de3
cam2,188,9400000,True,True,True,True,0.0,0.0,0.0,1.1813472509384155,1.805432915687561,27.0,1.5311460494995117,2.730412244796753,34.0,0.9865609407424927,2.3162121772766113,31.0,0.9364443421363831,1.3867173194885254,21.0,b06a5ed3bafaf418e7a099dce8814f74a7b7e3bda7fa1724f839fe4b618e6349,d3244c4d25914a87e1474d801e7437c333d062576c7a59a4dc8f5f74b946f448,d3244c4d25914a87e1474d801e7437c333d062576c7a59a4dc8f5f74b946f448
cam2,189,9450000,True,True,True,True,0.0,0.0,0.0,1.1793937683105469,1.8028006553649902,27.0,1.5266385078430176,2.724217176437378,33.0,0.9847864508628845,2.3106517791748047,30.0,0.9343849420547485,1.3850282430648804,21.0,07930c62851f2e03ec70c228edffd8b7d46920bc77e4b1031e82d2e232a21c99,e8b0cb313f0e01e6c74d85c68171b29021379612e23e96c915a0c6f138f438a7,e8b0cb313f0e01e6c74d85c68171b29021379612e23e96c915a0c6f138f438a7
cam2,190,9500000,True,True,True,True,0.0,0.0,0.0,1.180848479270935,1.8045275211334229,27.0,1.5301423072814941,2.730057716369629,33.0,0.9858353137969971,2.313655138015747,31.0,0.9369258284568787,1.3867850303649902,21.0,d49694f0f5cc2efc152b5d8a4074d550c0ef2a12d027a14dc1b7674370d0fed9,d236798972eb68a104ff61ff5c5e61a85ad40c0816fb0ae81d8b780961362624,d236798972eb68a104ff61ff5c5e61a85ad40c0816fb0ae81d8b780961362624
cam2,191,9550000,True,True,True,True,0.0,0.0,0.0,1.1847529411315918,1.8107285499572754,28.0,1.5351471900939941,2.7387630939483643,34.0,0.9922349452972412,2.3229355812072754,31.0,0.9387681484222412,1.3888837099075317,21.0,b6ef55b773a3a8e0dd808af992af9112d5d09244e3a1317f65cc8c0d3d630564,4ef6e9e183370166a6648d3098375c159411f06c6e821d5f57af493f1dea2804,4ef6e9e183370166a6648d3098375c159411f06c6e821d5f57af493f1dea2804
cam2,192,9600000,True,True,True,True,0.0,0.0,0.0,1.1806368827819824,1.802971601486206,28.0,1.5246808528900146,2.7193262577056885,34.0,0.9844269752502441,2.310343027114868,31.0,0.9355626702308655,1.3841344118118286,20.0,c8eeae604b0944b76dcfe615b296b464b896166560e1c0b36b777e1c660d95bd,839bf0cd0b5f3df2f70e4b7ae6165fba9d01a65cabaa74772d8b9b7a7a166eae,839bf0cd0b5f3df2f70e4b7ae6165fba9d01a65cabaa74772d8b9b7a7a166eae
cam2,193,9650000,True,True,True,True,0.0,0.0,0.0,1.1814199686050415,1.8030080795288086,28.0,1.5277076959609985,2.715287685394287,32.0,0.98468017578125,2.3086624145507812,31.0,0.9378752708435059,1.3854085206985474,21.0,470e3e6e4a84c13d985205441cf708b82cf80d9d59ab985cf9422a41cb058dad,e32ff01ddec5651a1984fd4311fbd931bf35a7b6013bf1c096f4827acc1683e9,e32ff01ddec5651a1984fd4311fbd931bf35a7b6013bf1c096f4827acc1683e9
cam2,194,9700000,True,True,True,True,0.0,0.0,0.0,1.179917573928833,1.8014787435531616,28.0,1.526152491569519,2.720818281173706,33.0,0.9838324785232544,2.3128440380096436,31.0,0.9368105530738831,1.3865346908569336,20.0,aacd5f72d6443ec2296c611449a6fe66139f016b99a54cb80e82c53b96d863eb,314ebe057f68cf5f34ca117fadd7d013d8a9bb207d85ba66afbd15d68c2924dc,314ebe057f68cf5f34ca117fadd7d013d8a9bb207d85ba66afbd15d68c2924dc
cam2,195,9750000,True,True,True,True,0.0,0.0,0.0,1.181595802307129,1.8076614141464233,28.0,1.5316840410232544,2.733701229095459,37.0,0.9905960559844971,2.323030471801758,31.0,0.9354609847068787,1.3875606060028076,21.0,b00092628528dfc4324d4c23fd48cc728061436cd2c8df34082483f5d42b8cbf,902da2a04c7a0fce30b84bb05db07f4aff36e91ba37fd440da5a6285970278e3,902da2a04c7a0fce30b84bb05db07f4aff36e91ba37fd440da5a6285970278e3
cam2,196,9800000,True,True,True,True,0.0,0.0,0.0,1.1765353679656982,1.7985413074493408,29.0,1.521855115890503,2.718295097351074,34.0,0.9806111454963684,2.3068807125091553,30.0,0.9334061145782471,1.38260817527771,19.0,d4853a1dabc3449926a6b60b409e4c3eb1e3083cfc02bffcf223908091812b62,bf61dd17e49dfa3a27a36bb029e32eccefae8f4cdfd4a44315cac29a69ac4584,bf61dd17e49dfa3a27a36bb029e32eccefae8f4cdfd4a44315cac29a69ac4584
cam2,197,9850000,True,True,True,True,0.0,0.0,0.0,1.166595458984375,1.7901374101638794,30.0,1.5085042715072632,2.701204299926758,33.0,0.9686957597732544,2.296807050704956,29.0,0.9265905022621155,1.377174973487854,21.0,bcd1aa3cd9ac57c7a2a3c631a6e2aec29391a7811516244fb4b499a8c40a9db5,e7daa90f5a92c67aef7908d5fb5c4e3438a6cf77b64c2fb7ed1f9e5dc8226320,e7daa90f5a92c67aef7908d5fb5c4e3438a6cf77b64c2fb7ed1f9e5dc8226320
cam2,198,9900000,True,True,True,True,0.0,0.0,0.0,1.1700223684310913,1.7946186065673828,30.0,1.5106223821640015,2.7101969718933105,33.0,0.9695525169372559,2.3012137413024902,29.0,0.9293167591094971,1.3787662982940674,21.0,6e4fab73595c2366bd7b6e8679c37bfd4411cd74cbcd1c0e36e17334430def4e,36a5ac96600214689109405fa34c33172db40c053522d014413bcb710f611c1e,36a5ac96600214689109405fa34c33172db40c053522d014413bcb710f611c1e
cam2,199,9950000,True,True,True,True,0.0,0.0,0.0,1.180030345916748,1.8061354160308838,30.0,1.5261456966400146,2.7255072593688965,33.0,0.9828785061836243,2.3145928382873535,29.0,0.9343442320823669,1.3853873014450073,21.0,d9858a9008928f845e2a0a6ea0a1e2db2d1a0bfae492a5336b6a1a775a082edb,9503cccf97dd4c58f1cff9d2f39fc3ba892e784b95ef262e593d252762518bdb,9503cccf97dd4c58f1cff9d2f39fc3ba892e784b95ef262e593d252762518bdb
cam2,200,10000000,True,True,True,True,0.0,0.0,0.0,1.173661708831787,1.7980433702468872,29.0,1.516845703125,2.7138564586639404,35.0,0.9748105406761169,2.304333448410034,29.0,0.9313263893127441,1.3819310665130615,21.0,098df04b3f86cae6f8aa1509b232ba48c4ffac822d3881b497f3d44d907379c5,ad51e0c3fe344ff16af91a1bcf57221ba080f8bae1f9157bb4278e283e06b6f1,ad51e0c3fe344ff16af91a1bcf57221ba080f8bae1f9157bb4278e283e06b6f1
cam2,201,10050000,True,True,True,True,0.0,0.0,0.0,1.1718207597732544,1.7965977191925049,29.0,1.513789415359497,2.708996057510376,33.0,0.9732508063316345,2.302446126937866,28.0,0.9297530651092529,1.3799830675125122,21.0,4402fad4f9d89977eeecfa70c4658b900eeac960db0e8c473d73f13b291c0d63,65b966a23caaa1b69e7787cb0b7e2277859ece57a1d2109f057d8f8569bdbcee,65b966a23caaa1b69e7787cb0b7e2277859ece57a1d2109f057d8f8569bdbcee
cam2,202,10100000,True,True,True,True,0.0,0.0,0.0,1.173561930656433,1.7990719079971313,29.0,1.515742540359497,2.7113630771636963,33.0,0.9742115139961243,2.305535316467285,29.0,0.9315682649612427,1.3829882144927979,22.0,c156111aa7b3e89006c64fd8fb02979498a0e1bb05483ae316a1ab65c5f5d037,a1174e75745d600fde3fdef998635bb5ecdaec1fe898e6b544f722d2d9f07717,a1174e75745d600fde3fdef998635bb5ecdaec1fe898e6b544f722d2d9f07717
cam2,203,10150000,True,True,True,True,0.0,0.0,0.0,1.178210735321045,1.807347297668457,29.0,1.5239099264144897,2.723588705062866,33.0,0.9830706715583801,2.318380832672119,29.0,0.9334038496017456,1.3869348764419556,23.0,a66c3dae345722e8a5d06151ae4313f4998cf67c17b20ab7617d531e36d0aa0f,3072e3a9cfb51eb6836bb705ace329e5f2bd46f05ac4ff6c12a7e501cd5ac904,3072e3a9cfb51eb6836bb705ace329e5f2bd46f05ac4ff6c12a7e501cd5ac904
cam2,204,10200000,True,True,True,True,0.0,0.0,0.0,1.1783684492111206,1.8068926334381104,28.0,1.5255465507507324,2.7268757820129395,39.0,0.9844857454299927,2.319959878921509,34.0,0.9340865612030029,1.3879141807556152,21.0,5ca7ec09cb8d7049cbecd00ea8fe25fc5ecb712e98f328ca71d1b724a9008db3,f41efe00eb85e886cb531c20334f3a8b05de2047b50cabd7c2f7578475712415,f41efe00eb85e886cb531c20334f3a8b05de2047b50cabd7c2f7578475712415
cam2,205,10250000,True,True,True,True,0.0,0.0,0.0,1.1755856275558472,1.799445629119873,28.0,1.5199788808822632,2.7121267318725586,34.0,0.9781833291053772,2.306324005126953,28.0,0.9324657320976257,1.3822598457336426,21.0,aa006b12c7687c6038051d6debba25cb1618a5b8c9a8c8aae8be8915ad37cef3,c2a5502ef148277c130439586441ec569c651687776543ed6dcad269662c3958,c2a5502ef148277c130439586441ec569c651687776543ed6dcad269662c3958
cam2,206,10300000,True,True,True,True,0.0,0.0,0.0,1.177390456199646,1.8012418746948242,28.0,1.5226666927337646,2.713063955307007,33.0,0.9798968434333801,2.308152198791504,29.0,0.9334219694137573,1.3829587697982788,20.0,5339182d00946fd08f9601edb54ccfc2aec2c93c29418616edf3c96a5ce480df,09ecfdca9a4453ffb4ab2bb4fcd18a1cd4140efafab9d246a24a034b185cb7dc,09ecfdca9a4453ffb4ab2bb4fcd18a1cd4140efafab9d246a24a034b185cb7dc
cam2,207,10350000,True,True,True,True,0.0,0.0,0.0,1.1764857769012451,1.8006304502487183,28.0,1.5222417116165161,2.7190024852752686,33.0,0.9801455140113831,2.3130362033843994,31.0,0.9341136813163757,1.3843050003051758,21.0,c72d375948585fee46b50620c0bb7ddbf6b67e47521de98bdc08c48dfa44d868,d9dc535e593cf701a50ab05af35ceeb494acda58871a11b22babf6423714963f,d9dc535e593cf701a50ab05af35ceeb494acda58871a11b22babf6423714963f
cam2,208,10400000,True,True,True,True,0.0,0.0,0.0,1.1796947717666626,1.806050181388855,28.0,1.5301355123519897,2.7326552867889404,32.0,0.9878585338592529,2.3233180046081543,29.0,0.9336932301521301,1.3852192163467407,20.0,741249db56294746213086e1cc61f16af4fd553e1e205ea94e2099b581e6c6cf,49777c6fef69b7b1491a42be1250fe912a2e21e003d978047739bbe823ae72b6,49777c6fef69b7b1491a42be1250fe912a2e21e003d978047739bbe823ae72b6
cam2,209,10450000,True,True,True,True,0.0,0.0,0.0,1.1812098026275635,1.807987928390503,28.0,1.5298010110855103,2.7302403450012207,33.0,0.9872300624847412,2.323137044906616,29.0,0.9353840947151184,1.3864490985870361,21.0,c85d3ce1f181a1740d2e8b95de384704155fc0da4a5cc2ad728f355c6d493813,df18cd1646b73ae36a6445ad714a3bbdc7f16ad4f605ef02c1f5168c683270b4,df18cd1646b73ae36a6445ad714a3bbdc7f16ad4f605ef02c1f5168c683270b4
cam2,210,10500000,True,True,True,True,0.0,0.0,0.0,1.1768254041671753,1.8020671606063843,29.0,1.5203088521957397,2.714231491088867,32.0,0.9780160188674927,2.309425115585327,29.0,0.9335463047027588,1.3838567733764648,21.0,42502e9ccd7038d810fd1264927a92d53067160522f2c090468e97342d227f83,0bd4b1a4a5484770ef6267f98aa7b0b23618b7af9542857911fc5ff4037840e1,0bd4b1a4a5484770ef6267f98aa7b0b23618b7af9542857911fc5ff4037840e1
cam2,211,10550000,True,True,True,True,0.0,0.0,0.0,1.1782454252243042,1.8024420738220215,31.0,1.5208853483200073,2.715184450149536,33.0,0.9777674078941345,2.308582067489624,29.0,0.935302734375,1.3838297128677368,21.0,de9718dce68f329bf66f454c58317d5616079d2fbf10a625b7b2af6821105463,ea147588ef4ce862a0bdee79f0d230583d96deac44c22a30e8ccb6014811864e,ea147588ef4ce862a0bdee79f0d230583d96deac44c22a30e8ccb6014811864e
cam2,212,10600000,True,True,True,True,0.0,0.0,0.0,1.1787854433059692,1.802958369255066,32.0,1.5214753150939941,2.717587471008301,33.0,0.9790988564491272,2.311920166015625,29.0,0.9342809319496155,1.3825942277908325,22.0,95186ae31df81fa15129a6817120175839058b70ca89fd7340b4267069089bf2,99037cbc2a0dcc6c34000122f6f465041a6f1290be9805e76b2f3544bda34e06,99037cbc2a0dcc6c34000122f6f465041a6f1290be9805e76b2f3544bda34e06
cam2,213,10650000,True,True,True,True,0.0,0.0,0.0,1.1848137378692627,1.81151282787323,31.0,1.5308159589767456,2.7306108474731445,34.0,0.9859709739685059,2.321929693222046,30.0,0.9387523531913757,1.3896151781082153,23.0,0587b6aba664dceb2d2ee7ef315fb5abbd417129878aed48e697be4d022abf3e,5fd7afe47b0f8d84291d9b5425ab4767b9c29451daa774fdb529d482e2615dac,5fd7afe47b0f8d84291d9b5425ab4767b9c29451daa774fdb529d482e2615dac
cam2,214,10700000,True,True,True,True,0.0,0.0,0.0,1.1827499866485596,1.8101638555526733,30.0,1.5288176536560059,2.734145164489746,34.0,0.9868661165237427,2.325186014175415,30.0,0.9355152249336243,1.3867018222808838,21.0,388e18ac78335db918d2d0ed33a1818e56bcb55bb3ddf1c82231d0b1ec5606ba,ce8d07bc2108008926b123372b626e7f2ccd5e734d4a1f4dce7f9c85e8f85296,ce8d07bc2108008926b123372b626e7f2ccd5e734d4a1f4dce7f9c85e8f85296
cam2,215,10750000,True,True,True,True,0.0,0.0,0.0,1.1842035055160522,1.8110320568084717,29.0,1.5305604934692383,2.7351367473602295,35.0,0.9875736832618713,2.3236382007598877,30.0,0.9370343089103699,1.3876534700393677,22.0,61eb5351823b009cd28fda7993011465305689002a61e15cd8cc499187bc62e7,c48f25fed0c144365922f18b883d03bcf479058a90a103ba6599c516cbfbc6f2,c48f25fed0c144365922f18b883d03bcf479058a90a103ba6599c516cbfbc6f2
cam2,216,10800000,True,True,True,True,0.0,0.0,0.0,1.1850861310958862,1.8112192153930664,28.0,1.5330538749694824,2.7410013675689697,35.0,0.9900829195976257,2.328310012817383,31.0,0.9369823336601257,1.3864613771438599,21.0,d97969b582e2ba15ee2147108ac594d221dfa059e9acc278480c31f8b65abfa7,6eda60bf11a807cfb6404c354b6b12ca459d2bc408751c93b842a54f7b42a083,6eda60bf11a807cfb6404c354b6b12ca459d2bc408751c93b842a54f7b42a083
cam2,217,10850000,True,True,True,True,0.0,0.0,0.0,1.1855692863464355,1.8111615180969238,28.0,1.5325769186019897,2.736372709274292,34.0,0.9901009798049927,2.326921224594116,31.0,0.9357864856719971,1.3852616548538208,21.0,ef8b27b85cd5f29b347ec51c026877a2dbb7ac805098913a46b6d947b5892bdd,32793fc97927d4a5e40af749439fc9eeb93d5cd6cc2a66fdbe49e7e9f2232a9d,32793fc97927d4a5e40af749439fc9eeb93d5cd6cc2a66fdbe49e7e9f2232a9d
cam2,218,10900000,True,True,True,True,0.0,0.0,0.0,1.1880041360855103,1.8144164085388184,28.0,1.5357168912887573,2.7415969371795654,36.0,0.9914460182189941,2.330233097076416,31.0,0.9404839277267456,1.3917316198349,21.0,d566faf7788ab2122dc7ce327476faf5d9b16b7b75f89eb68ce186f2ab2e3893,08d9716820eddb49fa06d46261a02644bf8098a5ceb329cf6e6e00502d93219d,08d9716820eddb49fa06d46261a02644bf8098a5ceb329cf6e6e00502d93219d
cam2,219,10950000,True,True,True,True,0.0,0.0,0.0,1.187598705291748,1.8142414093017578,28.0,1.5373263359069824,2.7474992275238037,33.0,0.9925175309181213,2.3323004245758057,31.0,0.9395164251327515,1.3929930925369263,21.0,d46263aba12e2896e022ff28d057a05a2a773a2548f7384a6ce9b52d7350664c,b4dbd81ab977a4d808f5c0818d205a7ea63d720ef83fd110c37284685fcb69ca,b4dbd81ab977a4d808f5c0818d205a7ea63d720ef83fd110c37284685fcb69ca
cam2,220,11000000,True,True,True,True,0.0,0.0,0.0,1.1869628429412842,1.8144259452819824,28.0,1.536774754524231,2.7497105598449707,33.0,0.9952686429023743,2.334782838821411,30.0,0.9379634261131287,1.390420913696289,22.0,9df9042a8f8999efc724350b27cef6b614fbf6850dcf30c92a027a052134eb59,8e81fa6cd880f5b4a8e3c8fcfea8a9416607a10653ee8546e773410411107983,8e81fa6cd880f5b4a8e3c8fcfea8a9416607a10653ee8546e773410411107983
cam2,221,11050000,True,True,True,True,0.0,0.0,0.0,1.184539556503296,1.8077832460403442,28.0,1.5312861204147339,2.731588363647461,34.0,0.9864094853401184,2.319145441055298,31.0,0.9372694492340088,1.387497067451477,21.0,02e06248016f1c792863613a02a6ac75e162796b46947ffd83149d049df2be68,631eeb2ea955855c0d6e886a7b868eccb60a4c791a892513a24e8da183834183,631eeb2ea955855c0d6e886a7b868eccb60a4c791a892513a24e8da183834183
cam2,222,11100000,True,True,True,True,0.0,0.0,0.0,1.1851862668991089,1.8087081909179688,28.0,1.5320886373519897,2.7343547344207764,37.0,0.9872527122497559,2.316927433013916,32.0,0.9376220703125,1.3882170915603638,23.0,f790f555c71e3d35e98c3c4a6b250d898a0564186c75b30b0e5d8e4a9e0a3879,531070370461e5ab013c2b083c26c5fc8e34d166a5d6ae9dad8bd267de139794,531070370461e5ab013c2b083c26c5fc8e34d166a5d6ae9dad8bd267de139794
cam2,223,11150000,True,True,True,True,0.0,0.0,0.0,1.186798334121704,1.810767412185669,28.0,1.5351923704147339,2.733651638031006,37.0,0.9880484342575073,2.320723533630371,32.0,0.9394463300704956,1.389075756072998,21.0,11216bceb6a8aa886de9405f825fc6d56c740fa923e4c0f7375d2ce471c845b6,a3bdc1748510c3301cd956b01fc101bba917dff6d7e5cdb594a2593fe678065f,a3bdc1748510c3301cd956b01fc101bba917dff6d7e5cdb594a2593fe678065f
cam2,224,11200000,True,True,True,True,0.0,0.0,0.0,1.1886931657791138,1.8143370151519775,28.0,1.5392297506332397,2.7451021671295166,37.0,0.9958088994026184,2.331690549850464,32.0,0.9393491148948669,1.3896996974945068,22.0,5779f6931b1e0f7a1a65eab7e99e0a164bc74ff66006f784cf87505ceaf496c0,74f40c39b5d88658d1a194fe3378ce8bf69be8f25aa039c94e8dfc2509703795,74f40c39b5d88658d1a194fe3378ce8bf69be8f25aa039c94e8dfc2509703795
cam2,225,11250000,True,True,True,True,0.0,0.0,0.0,1.1831134557724,1.8066577911376953,28.0,1.530610203742981,2.7287113666534424,37.0,0.9863077998161316,2.3143463134765625,31.0,0.9370297789573669,1.3879483938217163,23.0,1f6b2918160ed0bd8666d2a94d6c3e7d5b27d7ae2666833e35e129fe22eaa73f,ccabc8b0ddb79cbbe2a34e02417619d8a55def4f0e4b9b08a016f90f906280be,ccabc8b0ddb79cbbe2a34e02417619d8a55def4f0e4b9b08a016f90f906280be
cam2,226,11300000,True,True,True,True,0.0,0.0,0.0,1.181047797203064,1.8029372692108154,28.0,1.5295861959457397,2.7248153686523438,36.0,0.9839658141136169,2.3080670833587646,30.0,0.9382030367851257,1.389269471168518,23.0,4365ade16a453e183cadf75d12295a2b568ad78d481cfa17a6a4214ba3e135b7,8330b81846058de033fe8193580c25fd022277689977c02bf43899ef249b069f,8330b81846058de033fe8193580c25fd022277689977c02bf43899ef249b069f
cam2,227,11350000,True,True,True,True,0.0,0.0,0.0,1.1713545322418213,1.7981973886489868,30.0,1.5196759700775146,2.722362756729126,36.0,0.9744330644607544,2.3083064556121826,30.0,0.9327663779258728,1.384652853012085,22.0,20215796e4211e1320cd636f4fc6533f7930654d6886b179547353da7d4630f3,9a5d0027f7bd5885310509030a2a80b6965252541fff274f965eb5b4e5dac535,9a5d0027f7bd5885310509030a2a80b6965252541fff274f965eb5b4e5dac535
cam2,228,11400000,True,True,True,True,0.0,0.0,0.0,1.1790555715560913,1.8073499202728271,30.0,1.5301377773284912,2.736833333969116,41.0,0.9850735068321228,2.3190855979919434,34.0,0.9350653886795044,1.3879541158676147,22.0,b188b08a150eda32357407979e731bf349ffe6c03d907255abe1b3a5061cda6d,0d1de8a73ba38123dfc05e1c8171ace7d3fae57332de47bca3edc0e8eff1bf6f,0d1de8a73ba38123dfc05e1c8171ace7d3fae57332de47bca3edc0e8eff1bf6f
cam2,229,11450000,True,True,True,True,0.0,0.0,0.0,1.1715787649154663,1.7977304458618164,30.0,1.5180257558822632,2.717536687850952,37.0,0.9739990234375,2.305229425430298,30.0,0.931640625,1.3820823431015015,21.0,15a29075d6de39c8d5854e7086b883362b1b34a1fcfc4f0769b4acbf99cfb3c0,901149dbc7435b783050e69aa74d2e801e937e0ced67743d56bbbb21ac7f2417,901149dbc7435b783050e69aa74d2e801e937e0ced67743d56bbbb21ac7f2417
cam2,230,11500000,True,True,True,True,0.0,0.0,0.0,1.1740784645080566,1.8008205890655518,30.0,1.5202727317810059,2.717010736465454,36.0,0.9761872291564941,2.304393768310547,30.0,0.9332184791564941,1.3842674493789673,22.0,df93926045bdb69f934366fcb5ba914bdde93335dbbff35ef7f04a5fda4e37d8,9c57fd8279e8426a164af8fd00461ffed901670a6a0488946d16c49d5fd4a745,9c57fd8279e8426a164af8fd00461ffed901670a6a0488946d16c49d5fd4a745
cam2,231,11550000,True,True,True,True,0.0,0.0,0.0,1.1742610931396484,1.801019310951233,30.0,1.5222326517105103,2.7228763103485107,35.0,0.9770892262458801,2.309103012084961,30.0,0.9333541393280029,1.3835912942886353,22.0,8a7671f2f9db8ea9f16e3e1979f491c8f4a1a306216a742482ef8ae5a0672d71,5b3a363f69f9269439e1a942f3d6e30fd4b404062f7b63a27dd3fe349a163130,5b3a363f69f9269439e1a942f3d6e30fd4b404062f7b63a27dd3fe349a163130
cam2,232,11600000,True,True,True,True,0.0,0.0,0.0,1.1811968088150024,1.8106456995010376,29.0,1.5295816659927368,2.734760284423828,36.0,0.9876980185508728,2.323078155517578,30.0,0.9351987242698669,1.3884809017181396,22.0,564e5a8ee1d77a1cc153de88475ebf9505e6825d0bc7accc2660405580fef8dd,39816d214dca71f34790e765472b343a2c975b5f378bc5ff9c4a42615e832aab,39816d214dca71f34790e765472b343a2c975b5f378bc5ff9c4a42615e832aab
cam2,233,11650000,True,True,True,True,0.0,0.0,0.0,1.178972840309143,1.8080769777297974,28.0,1.5283339023590088,2.7392523288726807,35.0,0.9887265563011169,2.3299851417541504,30.0,0.9333021640777588,1.3854957818984985,17.0,4a51e799506682c7dcab61ae29870038f679f9b5158078a75630442c77c73c77,b6d22672d05f323ba0c0203a5c778b9d848a32406562fa8103bcdfb0f9d58bac,b6d22672d05f323ba0c0203a5c778b9d848a32406562fa8103bcdfb0f9d58bac
cam2,234,11700000,True,True,True,True,0.0,0.0,0.0,1.1819347143173218,1.8111261129379272,28.0,1.5310804843902588,2.7412211894989014,35.0,0.9902185797691345,2.32901668548584,30.0,0.9356553554534912,1.3887022733688354,18.0,11bb8cbac938954a20af1891f2d3a49b1c7f721cd9942b76c3876c361bd665fe,5fe183d47fb6235d76ad44e2478c4b604a480257ac577bf2ebd9347bbdbe9329,5fe183d47fb6235d76ad44e2478c4b604a480257ac577bf2ebd9347bbdbe9329
cam2,235,11750000,True,True,True,True,0.0,0.0,0.0,1.1770222187042236,1.8031021356582642,28.0,1.523555040359497,2.726388931274414,37.0,0.9818454384803772,2.317875623703003,30.0,0.9347217679023743,1.385064959526062,18.0,c5c254298195228f3fdaadcb75da93fa39d0caeae93e09612dd5e196062c16fa,9ec42221c3d61d79acab4773f5be7d19cdd819283c8b77a6fc64b825fe67736a,9ec42221c3d61d79acab4773f5be7d19cdd819283c8b77a6fc64b825fe67736a
cam2,236,11800000,True,True,True,True,0.0,0.0,0.0,1.1793901920318604,1.8046234846115112,28.0,1.5297942161560059,2.732821226119995,37.0,0.9841037392616272,2.3211615085601807,30.0,0.9380425214767456,1.388513445854187,18.0,8b984ec7aadcaba31e00fffb2ab54ac93b474502e63394c9ea54251b5168e2be,82a3577e38f09c30760740787e04a3ba4337436a18df9795b0b4c8b7131226d8,82a3577e38f09c30760740787e04a3ba4337436a18df9795b0b4c8b7131226d8
cam2,237,11850000,True,True,True,True,0.0,0.0,0.0,1.1777619123458862,1.8032134771347046,28.0,1.5296562910079956,2.738173246383667,37.0,0.9833260774612427,2.324542284011841,30.0,0.9367969632148743,1.3888853788375854,18.0,c5c2aa0c87ba862aaf1788e0a32ff485455ad9fbecfa3e1f2c9cb1ecf1790723,954a819dd67bd9f3134e7f57ae8534b46e27332b1aef9914aa33daf08a1a116b,954a819dd67bd9f3134e7f57ae8534b46e27332b1aef9914aa33daf08a1a116b
cam2,238,11900000,True,True,True,True,0.0,0.0,0.0,1.1825882196426392,1.8102748394012451,28.0,1.5347380638122559,2.749577760696411,36.0,0.9905192255973816,2.334043264389038,30.0,0.9383160471916199,1.3914562463760376,18.0,1b6277eafa9f4215069808ba8b27e1e6b30b8b69f63adac72e9b049fdca923f0,413770e84ac8a348bf697565024bf6c490d0ed98eeff49a5513f07f850e2d817,413770e84ac8a348bf697565024bf6c490d0ed98eeff49a5513f07f850e2d817
cam2,239,11950000,True,True,True,True,0.0,0.0,0.0,1.1832726001739502,1.8113460540771484,27.0,1.5383572578430176,2.75032377243042,37.0,0.9905937910079956,2.3340961933135986,30.0,0.9397628307342529,1.3914594650268555,18.0,596e431da25b08293901b15635305e23d1dacd9e1680f2e4eedf99a5c5a8490b,c8ed47a58ec893b95b8e940cb7cbc10182b596c13dbf127f9095dc4eee47df6b,c8ed47a58ec893b95b8e940cb7cbc10182b596c13dbf127f9095dc4eee47df6b
cam2,240,12000000,True,True,True,True,0.0,0.0,0.0,1.1846259832382202,1.812903881072998,27.0,1.5358999967575073,2.747835874557495,37.0,0.9915409684181213,2.3326637744903564,30.0,0.9393242597579956,1.3912498950958252,18.0,9f947bd6ec1ae1b8503176092287e33d34b14c34ffd6b56d7eaa0e72dcfb23ba,eafdb2adbd73fd4d4f27d545d11385576c6459874ed52b6f658f89a8c8098986,eafdb2adbd73fd4d4f27d545d11385576c6459874ed52b6f658f89a8c8098986
cam2,241,12050000,True,True,True,True,0.0,0.0,0.0,1.1846343278884888,1.8129496574401855,28.0,1.5393857955932617,2.752479314804077,37.0,0.9933516979217529,2.3337619304656982,30.0,0.9392632246017456,1.3926230669021606,18.0,9ba05246091b163396304be09093bc78bf0eb8c838ca4bf51394228afda41ab0,6daa2f9b99a271ce3ac74aef060869926885e817fbf93eb227aabfbb6688758e,6daa2f9b99a271ce3ac74aef060869926885e817fbf93eb227aabfbb6688758e
cam2,242,12100000,True,True,True,True,0.0,0.0,0.0,1.181053638458252,1.805467963218689,28.0,1.5347628593444824,2.7386605739593506,37.0,0.9848361611366272,2.320892572402954,30.0,0.9396746754646301,1.3908900022506714,17.0,ee96b2f1bb1a0ed3a656be60dd8a536a3cba34f2f5a13ff6363199631df52b2c,29f66a12116f5e1fbfde368ce3595751917be2fb04c27d22d52c329b372723fa,29f66a12116f5e1fbfde368ce3595751917be2fb04c27d22d52c329b372723fa
cam2,243,12150000,True,True,True,True,0.0,0.0,0.0,1.179442286491394,1.803956389427185,28.0,1.529387354850769,2.736783981323242,37.0,0.9853018522262573,2.3186864852905273,30.0,0.9368037581443787,1.3893320560455322,18.0,c2bed75aac13a91a65e50297e8a95b4a79d51a88157a10ef9533785f63adc078,eb39f8a0a6a6646f22407d43598f94c68fea129c4e95e73527665811f1f320ad,eb39f8a0a6a6646f22407d43598f94c68fea129c4e95e73527665811f1f320ad
cam2,244,12200000,True,True,True,True,0.0,0.0,0.0,1.1807993650436401,1.805007815361023,28.0,1.5291498899459839,2.7348523139953613,37.0,0.9851729869842529,2.32045578956604,30.0,0.9369529485702515,1.3888113498687744,18.0,26f2f7ab504d4ee2279982e990cd82b30ec261737e340183be228fc04feb6524,60c7183b017a54320e51c8706e7c0b58dda01add1467ceb222495fcec97e5e33,60c7183b017a54320e51c8706e7c0b58dda01add1467ceb222495fcec97e5e33
cam2,245,12250000,True,True,True,True,0.0,0.0,0.0,1.182944893836975,1.8100275993347168,28.0,1.5366460084915161,2.7470428943634033,37.0,0.9914302229881287,2.329941511154175,30.0,0.9385624527931213,1.3925435543060303,18.0,1e1a88a21b1b940526945a2004a4c787aa138830021ce351e4e03b23dfe601f4,7baaf1ba03eb0d660af20f596848fa43bbd5c60ae70d254d2a2acbf17958231f,7baaf1ba03eb0d660af20f596848fa43bbd5c60ae70d254d2a2acbf17958231f
cam2,246,12300000,True,True,True,True,0.0,0.0,0.0,1.1828504800796509,1.8079757690429688,28.0,1.534428358078003,2.7387349605560303,37.0,0.9921942949295044,2.3282604217529297,30.0,0.9371269941329956,1.3892189264297485,18.0,bde6eb91d08a450fb14aeb48491ee4cfebf70daeaef90d3af7f56c3c4a1b9a28,3e53bcf59056535519acb1d6c98e30765fefbc5a6f03f1a56fcb87c4561ae689,3e53bcf59056535519acb1d6c98e30765fefbc5a6f03f1a56fcb87c4561ae689
cam2,247,12350000,True,True,True,True,0.0,0.0,0.0,1.183031678199768,1.8080222606658936,28.0,1.5374982357025146,2.7456793785095215,37.0,0.9941790699958801,2.3334336280822754,31.0,0.9386867880821228,1.3904746770858765,18.0,1d068f0c1b0f994151061aa75387643476e8548ac97deed730b241cfffdd889c,a9c962393a34cff316634611a4c1989bd0610bef9771c4e8c9d6b2fa157e6508,a9c962393a34cff316634611a4c1989bd0610bef9771c4e8c9d6b2fa157e6508
cam2,248,12400000,True,True,True,True,0.0,0.0,0.0,1.1816811561584473,1.805741310119629,28.0,1.5351721048355103,2.7397942543029785,37.0,0.9894996881484985,2.3284518718719482,30.0,0.9391366243362427,1.3894166946411133,17.0,dcd544f79029416e2ce76b8b6bcafa3734c0fde5373d6c5d9da6181643f31cbf,a0656259812843dcdde95bb4f59365d59e121176d9390e9b2eb9d745edeef139,a0656259812843dcdde95bb4f59365d59e121176d9390e9b2eb9d745edeef139
cam2,249,12450000,True,True,True,True,0.0,0.0,0.0,1.1840574741363525,1.8084527254104614,28.0,1.5358004570007324,2.7430505752563477,37.0,0.9928928017616272,2.3313522338867188,30.0,0.9384517073631287,1.3903722763061523,18.0,323dc1e2fd9670f46445af85d706fa803e868aaf01048a9f02586eaba8ddddcf,5b288030e5b1a20264ec58e4de25f576e70d926304e50591250f8b5ad115572a,5b288030e5b1a20264ec58e4de25f576e70d926304e50591250f8b5ad115572a
cam2,250,12500000,True,True,True,True,0.0,0.0,0.0,1.1477354764938354,1.7851215600967407,30.0,1.5035829544067383,2.7461769580841064,35.0,0.9632816910743713,2.34079909324646,31.0,0.9127423167228699,1.3706132173538208,22.0,d7a8ddc762904c40e4cfda79f1515f035bd68c4c02a9b0d002417bee745744ee,c8f4d2fdf96196ce302da01bfd6636e0566e9b2fc0ce5894abcbf5cfa37588a9,c8f4d2fdf96196ce302da01bfd6636e0566e9b2fc0ce5894abcbf5cfa37588a9
cam2,251,12550000,True,True,True,True,0.0,0.0,0.0,1.1468753814697266,1.779571533203125,32.0,1.5019034147262573,2.737338066101074,35.0,0.9627572298049927,2.332667112350464,31.0,0.9151408076286316,1.370747685432434,20.0,7b58e49ddbd600af13c8307d97c862adbea73ca650b1c2687f29648d8deb8bc2,5e0b615dc6031b8312fdbe0709af41a86a5d9ddc85ac35a3e2d3ac3c298a30d9,5e0b615dc6031b8312fdbe0709af41a86a5d9ddc85ac35a3e2d3ac3c298a30d9
cam2,252,12600000,True,True,True,True,0.0,0.0,0.0,1.1494277715682983,1.7806739807128906,31.0,1.5030676126480103,2.736727237701416,34.0,0.9651286005973816,2.3306994438171387,31.0,0.9153939485549927,1.3704079389572144,21.0,d14fa273d8a34710dac8aab217a6cf03c529b6af39f50cb0dc1c3e8e18ac0a68,a6558c9812fa776e5ab8a65bf0c20cdad95a026396238b079cc514c3f4687cb7,a6558c9812fa776e5ab8a65bf0c20cdad95a026396238b079cc514c3f4687cb7
cam2,253,12650000,True,True,True,True,0.0,0.0,0.0,1.1514962911605835,1.7824974060058594,31.0,1.504670262336731,2.7383320331573486,34.0,0.9658700227737427,2.3344480991363525,31.0,0.9177426695823669,1.3719007968902588,21.0,f58f6346736803a7f609f3b2d5ff7a982d8d57576740ac2ae635e028d7ee2848,c8009e58def97ccd216216bdabe9d14137bb8bf346cae8dc13c8622fea4e9e57,c8009e58def97ccd216216bdabe9d14137bb8bf346cae8dc13c8622fea4e9e57
cam2,254,12700000,True,True,True,True,0.0,0.0,0.0,1.1558181047439575,1.7889900207519531,31.0,1.513029932975769,2.7500879764556885,34.0,0.9712569713592529,2.341197967529297,31.0,0.9195714592933655,1.375288486480713,21.0,7caf896baed79046f4105f3d95eb77a9ba9de8d9bd851fca09fdb4e23485d943,005b9ab5afaebce3d45dfe49a809a04eda9e4ec42494ded1a021212fecb82334,005b9ab5afaebce3d45dfe49a809a04eda9e4ec42494ded1a021212fecb82334
cam2,255,12750000,True,True,True,True,0.0,0.0,0.0,1.1487764120101929,1.7795634269714355,32.0,1.5039175748825073,2.740736961364746,34.0,0.9653094410896301,2.3322460651397705,31.0,0.9157375693321228,1.3698749542236328,21.0,157381a6c2714cec8e7e137a30fd52af5e1814e77c59708e32da0660bd41450b,d478870aad9aa41501fc592925c23633840291fac24d06e23040ce830bc990a1,d478870aad9aa41501fc592925c23633840291fac24d06e23040ce830bc990a1
cam2,256,12800000,True,True,True,True,0.0,0.0,0.0,1.1475484371185303,1.7771356105804443,32.0,1.501311182975769,2.7342171669006348,35.0,0.9631573557853699,2.3265018463134766,31.0,0.9145417213439941,1.3687763214111328,21.0,baf723e6187ccb8c5d45908fbccb57965800e96afe249e75b1dbb496b74a11c2,493c9ebbcb6793ce433dad3dba90019b0048fed55b437520afb5a77b62389922,493c9ebbcb6793ce433dad3dba90019b0048fed55b437520afb5a77b62389922
cam2,257,12850000,True,True,True,True,0.0,0.0,0.0,1.1418970823287964,1.7724339962005615,29.0,1.4966069459915161,2.7287437915802,35.0,0.9604175686836243,2.3258626461029053,31.0,0.9116775989532471,1.364935278892517,20.0,6278a1d0fa3f9fdc9c50645725b4242010895240455de2bba9dee797f078811d,57e36dd4f7df426711e9805191cb8a7900a8dca234551e3cf2066e82309bf962,57e36dd4f7df426711e9805191cb8a7900a8dca234551e3cf2066e82309bf962
cam2,258,12900000,True,True,True,True,0.0,0.0,0.0,1.1491076946258545,1.7805060148239136,29.0,1.5032529830932617,2.7365074157714844,35.0,0.9671269059181213,2.333385705947876,31.0,0.9148740172386169,1.3672436475753784,19.0,713c932c0bb43d3c8ad958486be206f1e7f0716a0817d8338834bec4fd54b0a1,1612b61e9e577ec5373c0240e5f3028eaefc6c9d7125e3b70d67d10168f1e619,1612b61e9e577ec5373c0240e5f3028eaefc6c9d7125e3b70d67d10168f1e619
cam2,259,12950000,True,True,True,True,0.0,0.0,0.0,1.15248441696167,1.7834534645080566,29.0,1.505126953125,2.740314245223999,36.0,0.9697197675704956,2.3393309116363525,34.0,0.9167774319648743,1.3698519468307495,21.0,0f3cb44f3c10472c12a810830e24a7edcc0e881a694cdbb8a948c2fe914810ae,7c918c4718e0404ead4a12b9295da8ddc775708e0daa48fbdc361913dbcceadd,7c918c4718e0404ead4a12b9295da8ddc775708e0daa48fbdc361913dbcceadd
cam2,260,13000000,True,True,True,True,0.0,0.0,0.0,1.154473066329956,1.7841286659240723,29.0,1.5078848600387573,2.74336314201355,35.0,0.9733366966247559,2.3415589332580566,31.0,0.9174103736877441,1.3710741996765137,21.0,c096cb1c7d0322f3296bff9a1918dae06b2fdb4a451a79f9a4a7753f7c1500d1,e6dad5543becb7cc7d451c2feb1c54a1eb6fc0e8f10ff8fecdb29d6a4f1bd078,e6dad5543becb7cc7d451c2feb1c54a1eb6fc0e8f10ff8fecdb29d6a4f1bd078
cam2,261,13050000,True,True,True,True,0.0,0.0,0.0,1.1534736156463623,1.7840911149978638,33.0,1.5063499212265015,2.7372641563415527,35.0,0.9730201959609985,2.3381834030151367,31.0,0.9147632718086243,1.368133783340454,21.0,d09c8c44023b3521f932e507655e3fff11022e741c35586d9812cfe7c9e51c0f,44b9407a8b303d030c07f31735b14b012777602f509ef23392de151e27352c0d,44b9407a8b303d030c07f31735b14b012777602f509ef23392de151e27352c0d
cam2,262,13100000,True,True,True,True,0.0,0.0,0.0,1.1580009460449219,1.7876665592193604,30.0,1.5098695755004883,2.7395882606506348,35.0,0.975341796875,2.3402538299560547,31.0,0.9191261529922485,1.3707451820373535,19.0,c592aa19ab2aa2891f28df2b8170b8aa62f864cdc1bc9341feaf7734fed80de7,5b21141eaee51583e0f5b176ad3f7191c55c01992f956b8df0de74c4d8994049,5b21141eaee51583e0f5b176ad3f7191c55c01992f956b8df0de74c4d8994049
cam2,263,13150000,True,True,True,True,0.0,0.0,0.0,1.15376877784729,1.781065583229065,29.0,1.5026177167892456,2.7263033390045166,35.0,0.9686866998672485,2.327810287475586,31.0,0.9171097278594971,1.3681089878082275,19.0,06bb3c70ce4ff1170a68859ee873d6756b2bff8b6a2e0a4cd275ceccdb5f0b2a,dd0e8a14f24d8c80ce4439f7771cbdf148a0878950a320f482684c4af6a47079,dd0e8a14f24d8c80ce4439f7771cbdf148a0878950a320f482684c4af6a47079
cam2,264,13200000,True,True,True,True,0.0,0.0,0.0,1.1546050310134888,1.7817294597625732,29.0,1.5059475898742676,2.72886061668396,35.0,0.9714988470077515,2.327627658843994,31.0,0.9171074628829956,1.3689422607421875,19.0,b35a5b52f769fb96a1d5ccc11f69f96e4f5e6f3da462933cc8b3f1c35b6c4151,49fbeca2a0085dffee8c62b15327a3eadea30c797111feef61f57013abaa6abe,49fbeca2a0085dffee8c62b15327a3eadea30c797111feef61f57013abaa6abe
cam2,265,13250000,True,True,True,True,0.0,0.0,0.0,1.1528949737548828,1.7809191942214966,29.0,1.5051133632659912,2.727515459060669,35.0,0.9709269404411316,2.3269503116607666,31.0,0.9172250032424927,1.3688498735427856,19.0,4ab056c2e70977c0f5967324b3a5c0bc94cb6314fb8557b21b53e98d8fe75e16,ba3ef7c21f92644181c85496949a6358fc5b45b18d1ee368238cb6e40a318262,ba3ef7c21f92644181c85496949a6358fc5b45b18d1ee368238cb6e40a318262
cam2,266,13300000,True,True,True,True,0.0,0.0,0.0,1.1562434434890747,1.7844403982162476,31.0,1.5110993385314941,2.739471197128296,35.0,0.9752875566482544,2.335750102996826,31.0,0.9182354807853699,1.371719479560852,19.0,2c33295533808bb5186dcf068c727ed483ae4f6e283e94bb71495789b17d321f,f555cc53e7e888541c7e621269f9bb84386e316243511abc20b8dc5c0ed016db,f555cc53e7e888541c7e621269f9bb84386e316243511abc20b8dc5c0ed016db
cam2,267,13350000,True,True,True,True,0.0,0.0,0.0,1.158105492591858,1.7860357761383057,31.0,1.510127305984497,2.735260248184204,35.0,0.9761894941329956,2.3339052200317383,31.0,0.9200552701950073,1.3738083839416504,19.0,c7b53176ba646e3719a0501925274f0d435037eca5714ceec0a7eb745b9d974e,600689de7fff554710198d2aa184b2f02db0cd7fbfadaf89efd5b921079ec6f0,600689de7fff554710198d2aa184b2f02db0cd7fbfadaf89efd5b921079ec6f0
cam2,268,13400000,True,True,True,True,0.0,0.0,0.0,1.1596068143844604,1.7850435972213745,29.0,1.513188123703003,2.7387943267822266,35.0,0.9754502773284912,2.333347797393799,31.0,0.9219563603401184,1.3739441633224487,19.0,6b185ce814d55043af8a532364bc58ad0b1053c2eff048516904940023f8e30c,7aa19552acabcd27831e47395c2461c6064899119420ea263ec1cb91744879bb,7aa19552acabcd27831e47395c2461c6064899119420ea263ec1cb91744879bb
cam2,269,13450000,True,True,True,True,0.0,0.0,0.0,1.1591359376907349,1.7847685813903809,29.0,1.5137465000152588,2.739373207092285,35.0,0.9753033518791199,2.3320555686950684,31.0,0.9220694303512573,1.3745313882827759,19.0,ace7304e9e706c20b5a18d6a9e8f406598d658527935ae1bc085984e90911c95,4ad59a2d5df641419b8ce488cfa3bbc45ddc2b7bb6f20615c80967e30508040f,4ad59a2d5df641419b8ce488cfa3bbc45ddc2b7bb6f20615c80967e30508040f
