[capture-repro] wrote /home/kamimura/projects/tennis-lab/.training_queue/repro/1789015444068379662_931922_court_b02_hull_center_generate (commit=5589f44671ec provider=codex session=01a088da-0867-7e43-99b5-415e56dc292d)
  View encoding: sh, dim=9
  View encoding: sh, dim=9
  View encoding: sh, dim=9
  View encoding: sh, dim=9
  View encoding: sh, dim=9
  View encoding: sh, dim=9
  View encoding: sh, dim=9
  View encoding: sh, dim=9
  View encoding: sh, dim=9
  View encoding: sh, dim=9
  View encoding: sh, dim=9
  View encoding: sh, dim=9
  View encoding: sh, dim=9
  View encoding: sh, dim=9
  View encoding: sh, dim=9
  View encoding: sh, dim=9
  View encoding: sh, dim=9
  View encoding: sh, dim=9
  View encoding: sh, dim=9
  View encoding: sh, dim=9
  View encoding: sh, dim=9
  View encoding: sh, dim=9
  View encoding: sh, dim=9
  View encoding: sh, dim=9
  View encoding: sh, dim=9
  View encoding: sh, dim=9
  View encoding: sh, dim=9
  View encoding: sh, dim=9
  View encoding: sh, dim=9
  View encoding: sh, dim=9
  View encoding: sh, dim=9
  View encoding: sh, dim=9
  View encoding: sh, dim=9
  View encoding: sh, dim=9
  View encoding: sh, dim=9
  View encoding: sh, dim=9
  View encoding: sh, dim=9
  View encoding: sh, dim=9
  View encoding: sh, dim=9
  View encoding: sh, dim=9
  View encoding: sh, dim=9
  View encoding: sh, dim=9
  View encoding: sh, dim=9
  View encoding: sh, dim=9
  View encoding: sh, dim=9
  View encoding: sh, dim=9
  View encoding: sh, dim=9
  View encoding: sh, dim=9
  View encoding: sh, dim=9
  View encoding: sh, dim=9
  View encoding: sh, dim=9
  View encoding: sh, dim=9
  View encoding: sh, dim=9
  View encoding: sh, dim=9
  View encoding: sh, dim=9
  View encoding: sh, dim=9
  View encoding: sh, dim=9
  View encoding: sh, dim=9
  View encoding: sh, dim=9
  View encoding: sh, dim=9
  View encoding: sh, dim=9
  View encoding: sh, dim=9
  View encoding: sh, dim=9
  View encoding: sh, dim=9
  View encoding: sh, dim=9
  View encoding: sh, dim=9
  View encoding: sh, dim=9
  View encoding: sh, dim=9
  View encoding: sh, dim=9
  View encoding: sh, dim=9
  View encoding: sh, dim=9
  View encoding: sh, dim=9
  View encoding: sh, dim=9
  View encoding: sh, dim=9
  View encoding: sh, dim=9
  View encoding: sh, dim=9
  View encoding: sh, dim=9
  View encoding: sh, dim=9
  View encoding: sh, dim=9
  View encoding: sh, dim=9
  View encoding: sh, dim=9
  View encoding: sh, dim=9
  View encoding: sh, dim=9
  View encoding: sh, dim=9
  View encoding: sh, dim=9
  View encoding: sh, dim=9
  View encoding: sh, dim=9
  View encoding: sh, dim=9
  View encoding: sh, dim=9
  View encoding: sh, dim=9
  View encoding: sh, dim=9
  View encoding: sh, dim=9
  View encoding: sh, dim=9
  View encoding: sh, dim=9
  View encoding: sh, dim=9
  View encoding: sh, dim=9
  View encoding: sh, dim=9
  View encoding: sh, dim=9
  View encoding: sh, dim=9
  View encoding: sh, dim=9
  View encoding: sh, dim=9
  View encoding: sh, dim=9
  View encoding: sh, dim=9
  View encoding: sh, dim=9
  View encoding: sh, dim=9
  View encoding: sh, dim=9
  View encoding: sh, dim=9
  View encoding: sh, dim=9
  View encoding: sh, dim=9
  View encoding: sh, dim=9
  View encoding: sh, dim=9
  View encoding: sh, dim=9
  View encoding: sh, dim=9
  View encoding: sh, dim=9
  View encoding: sh, dim=9
  View encoding: sh, dim=9
  View encoding: sh, dim=9
  View encoding: sh, dim=9
  View encoding: sh, dim=9
  View encoding: sh, dim=9
  View encoding: sh, dim=9
  View encoding: sh, dim=9
  View encoding: sh, dim=9
  View encoding: sh, dim=9
  View encoding: sh, dim=9
  View encoding: sh, dim=9
  View encoding: sh, dim=9
  View encoding: sh, dim=9
  View encoding: sh, dim=9
  View encoding: sh, dim=9
  View encoding: sh, dim=9
  View encoding: sh, dim=9
  View encoding: sh, dim=9
  View encoding: sh, dim=9
  View encoding: sh, dim=9
  View encoding: sh, dim=9
  View encoding: sh, dim=9
  View encoding: sh, dim=9
  View encoding: sh, dim=9
  View encoding: sh, dim=9
  View encoding: sh, dim=9
  View encoding: sh, dim=9
  View encoding: sh, dim=9
  View encoding: sh, dim=9
  View encoding: sh, dim=9
  View encoding: sh, dim=9
  View encoding: sh, dim=9
  View encoding: sh, dim=9
  View encoding: sh, dim=9
  View encoding: sh, dim=9
  View encoding: sh, dim=9
  View encoding: sh, dim=9
  View encoding: sh, dim=9
  View encoding: sh, dim=9
  View encoding: sh, dim=9
  View encoding: sh, dim=9
  View encoding: sh, dim=9
  View encoding: sh, dim=9
  View encoding: sh, dim=9
  View encoding: sh, dim=9
  View encoding: sh, dim=9
  View encoding: sh, dim=9
  View encoding: sh, dim=9
  View encoding: sh, dim=9
  View encoding: sh, dim=9
  View encoding: sh, dim=9
  View encoding: sh, dim=9
  View encoding: sh, dim=9
  View encoding: sh, dim=9
  View encoding: sh, dim=9
  View encoding: sh, dim=9
  View encoding: sh, dim=9
  View encoding: sh, dim=9
  View encoding: sh, dim=9
  View encoding: sh, dim=9
  View encoding: sh, dim=9
  View encoding: sh, dim=9
  View encoding: sh, dim=9
  View encoding: sh, dim=9
  View encoding: sh, dim=9
  View encoding: sh, dim=9
  View encoding: sh, dim=9
  View encoding: sh, dim=9
  View encoding: sh, dim=9
  View encoding: sh, dim=9
  View encoding: sh, dim=9
  View encoding: sh, dim=9
  View encoding: sh, dim=9
  View encoding: sh, dim=9
  View encoding: sh, dim=9
  View encoding: sh, dim=9
  View encoding: sh, dim=9
  View encoding: sh, dim=9
  View encoding: sh, dim=9
  View encoding: sh, dim=9
  View encoding: sh, dim=9
  View encoding: sh, dim=9
  View encoding: sh, dim=9
  View encoding: sh, dim=9
  View encoding: sh, dim=9
  View encoding: sh, dim=9
  View encoding: sh, dim=9
  View encoding: sh, dim=9
  View encoding: sh, dim=9
  View encoding: sh, dim=9
  View encoding: sh, dim=9
  View encoding: sh, dim=9
  View encoding: sh, dim=9
  View encoding: sh, dim=9
  View encoding: sh, dim=9
  View encoding: sh, dim=9
  View encoding: sh, dim=9
  View encoding: sh, dim=9
  View encoding: sh, dim=9
  View encoding: sh, dim=9
  View encoding: sh, dim=9
  View encoding: sh, dim=9
  View encoding: sh, dim=9
  View encoding: sh, dim=9
  View encoding: sh, dim=9
  View encoding: sh, dim=9
  View encoding: sh, dim=9
  View encoding: sh, dim=9
  View encoding: sh, dim=9
  View encoding: sh, dim=9
  View encoding: sh, dim=9
  View encoding: sh, dim=9
  View encoding: sh, dim=9
  View encoding: sh, dim=9
  View encoding: sh, dim=9
  View encoding: sh, dim=9
  View encoding: sh, dim=9
  View encoding: sh, dim=9
  View encoding: sh, dim=9
  View encoding: sh, dim=9
  View encoding: sh, dim=9
  View encoding: sh, dim=9
  View encoding: sh, dim=9
  View encoding: sh, dim=9
  View encoding: sh, dim=9
  View encoding: sh, dim=9
  View encoding: sh, dim=9
  View encoding: sh, dim=9
  View encoding: sh, dim=9
  View encoding: sh, dim=9
  View encoding: sh, dim=9
  View encoding: sh, dim=9
  View encoding: sh, dim=9
  View encoding: sh, dim=9
  View encoding: sh, dim=9
  View encoding: sh, dim=9
  View encoding: sh, dim=9
  View encoding: sh, dim=9
  View encoding: sh, dim=9
  View encoding: sh, dim=9
  View encoding: sh, dim=9
  View encoding: sh, dim=9
  View encoding: sh, dim=9
  View encoding: sh, dim=9
  View encoding: sh, dim=9
  View encoding: sh, dim=9
  View encoding: sh, dim=9
  View encoding: sh, dim=9
{
  "schema": "nht_render_result_v1",
  "scene_schema": "nht_standard_scene_v1",
  "scene_id": "B02",
  "coordinate_space": "canonical NHT scene space",
  "export_validation": {
    "schema": "nht_standard_scene_v1",
    "camera_count": 157,
    "point_count": 56620,
    "checks": [
      "schema_and_conventions",
      "finite_float32_points",
      "normalized_point_colors",
      "unique_camera_and_image_ids",
      "positive_intrinsics",
      "proper_orthonormal_rotations",
      "camera_image_resolution",
      "nht_checkpoint",
      "canonical_scene_transform_inverse",
      "effective_undistorted_training_cameras",
      "stable_render_boundary",
      "contained_export_references",
      "production_renderer_envelope"
    ],
    "valid": true
  },
  "renders": [
    {
      "camera_id": "court-sample-000265",
      "request_source": "arbitrary",
      "width": 959,
      "height": 539,
      "rgb": "court-sample-000265/rgb.npy",
      "rgb_preview": "court-sample-000265/rgb.png",
      "alpha": "court-sample-000265/alpha.npy",
      "alpha_preview": "court-sample-000265/alpha.png",
      "depth": "court-sample-000265/depth.npy"
    },
    {
      "camera_id": "court-sample-000266",
      "request_source": "arbitrary",
      "width": 959,
      "height": 539,
      "rgb": "court-sample-000266/rgb.npy",
      "rgb_preview": "court-sample-000266/rgb.png",
      "alpha": "court-sample-000266/alpha.npy",
      "alpha_preview": "court-sample-000266/alpha.png",
      "depth": "court-sample-000266/depth.npy"
    },
    {
      "camera_id": "court-sample-000267",
      "request_source": "arbitrary",
      "width": 959,
      "height": 539,
      "rgb": "court-sample-000267/rgb.npy",
      "rgb_preview": "court-sample-000267/rgb.png",
      "alpha": "court-sample-000267/alpha.npy",
      "alpha_preview": "court-sample-000267/alpha.png",
      "depth": "court-sample-000267/depth.npy"
    },
    {
      "camera_id": "court-sample-000268",
      "request_source": "arbitrary",
      "width": 959,
      "height": 539,
      "rgb": "court-sample-000268/rgb.npy",
      "rgb_preview": "court-sample-000268/rgb.png",
      "alpha": "court-sample-000268/alpha.npy",
      "alpha_preview": "court-sample-000268/alpha.png",
      "depth": "court-sample-000268/depth.npy"
    },
    {
      "camera_id": "court-sample-000269",
      "request_source": "arbitrary",
      "width": 959,
      "height": 539,
      "rgb": "court-sample-000269/rgb.npy",
      "rgb_preview": "court-sample-000269/rgb.png",
      "alpha": "court-sample-000269/alpha.npy",
      "alpha_preview": "court-sample-000269/alpha.png",
      "depth": "court-sample-000269/depth.npy"
    },
    {
      "camera_id": "court-sample-000270",
      "request_source": "arbitrary",
      "width": 959,
      "height": 539,
      "rgb": "court-sample-000270/rgb.npy",
      "rgb_preview": "court-sample-000270/rgb.png",
      "alpha": "court-sample-000270/alpha.npy",
      "alpha_preview": "court-sample-000270/alpha.png",
      "depth": "court-sample-000270/depth.npy"
    },
    {
      "camera_id": "court-sample-000271",
      "request_source": "arbitrary",
      "width": 959,
      "height": 539,
      "rgb": "court-sample-000271/rgb.npy",
      "rgb_preview": "court-sample-000271/rgb.png",
      "alpha": "court-sample-000271/alpha.npy",
      "alpha_preview": "court-sample-000271/alpha.png",
      "depth": "court-sample-000271/depth.npy"
    },
    {
      "camera_id": "court-sample-000272",
      "request_source": "arbitrary",
      "width": 959,
      "height": 539,
      "rgb": "court-sample-000272/rgb.npy",
      "rgb_preview": "court-sample-000272/rgb.png",
      "alpha": "court-sample-000272/alpha.npy",
      "alpha_preview": "court-sample-000272/alpha.png",
      "depth": "court-sample-000272/depth.npy"
    },
    {
      "camera_id": "court-sample-000273",
      "request_source": "arbitrary",
      "width": 959,
      "height": 539,
      "rgb": "court-sample-000273/rgb.npy",
      "rgb_preview": "court-sample-000273/rgb.png",
      "alpha": "court-sample-000273/alpha.npy",
      "alpha_preview": "court-sample-000273/alpha.png",
      "depth": "court-sample-000273/depth.npy"
    },
    {
      "camera_id": "court-sample-000274",
      "request_source": "arbitrary",
      "width": 959,
      "height": 539,
      "rgb": "court-sample-000274/rgb.npy",
      "rgb_preview": "court-sample-000274/rgb.png",
      "alpha": "court-sample-000274/alpha.npy",
      "alpha_preview": "court-sample-000274/alpha.png",
      "depth": "court-sample-000274/depth.npy"
    },
    {
      "camera_id": "court-sample-000275",
      "request_source": "arbitrary",
      "width": 959,
      "height": 539,
      "rgb": "court-sample-000275/rgb.npy",
      "rgb_preview": "court-sample-000275/rgb.png",
      "alpha": "court-sample-000275/alpha.npy",
      "alpha_preview": "court-sample-000275/alpha.png",
      "depth": "court-sample-000275/depth.npy"
    },
    {
      "camera_id": "court-sample-000276",
      "request_source": "arbitrary",
      "width": 959,
      "height": 539,
      "rgb": "court-sample-000276/rgb.npy",
      "rgb_preview": "court-sample-000276/rgb.png",
      "alpha": "court-sample-000276/alpha.npy",
      "alpha_preview": "court-sample-000276/alpha.png",
      "depth": "court-sample-000276/depth.npy"
    },
    {
      "camera_id": "court-sample-000277",
      "request_source": "arbitrary",
      "width": 959,
      "height": 539,
      "rgb": "court-sample-000277/rgb.npy",
      "rgb_preview": "court-sample-000277/rgb.png",
      "alpha": "court-sample-000277/alpha.npy",
      "alpha_preview": "court-sample-000277/alpha.png",
      "depth": "court-sample-000277/depth.npy"
    },
    {
      "camera_id": "court-sample-000278",
      "request_source": "arbitrary",
      "width": 959,
      "height": 539,
      "rgb": "court-sample-000278/rgb.npy",
      "rgb_preview": "court-sample-000278/rgb.png",
      "alpha": "court-sample-000278/alpha.npy",
      "alpha_preview": "court-sample-000278/alpha.png",
      "depth": "court-sample-000278/depth.npy"
    },
    {
      "camera_id": "court-sample-000279",
      "request_source": "arbitrary",
      "width": 959,
      "height": 539,
      "rgb": "court-sample-000279/rgb.npy",
      "rgb_preview": "court-sample-000279/rgb.png",
      "alpha": "court-sample-000279/alpha.npy",
      "alpha_preview": "court-sample-000279/alpha.png",
      "depth": "court-sample-000279/depth.npy"
    },
    {
      "camera_id": "court-sample-000280",
      "request_source": "arbitrary",
      "width": 959,
      "height": 539,
      "rgb": "court-sample-000280/rgb.npy",
      "rgb_preview": "court-sample-000280/rgb.png",
      "alpha": "court-sample-000280/alpha.npy",
      "alpha_preview": "court-sample-000280/alpha.png",
      "depth": "court-sample-000280/depth.npy"
    },
    {
      "camera_id": "court-sample-000281",
      "request_source": "arbitrary",
      "width": 959,
      "height": 539,
      "rgb": "court-sample-000281/rgb.npy",
      "rgb_preview": "court-sample-000281/rgb.png",
      "alpha": "court-sample-000281/alpha.npy",
      "alpha_preview": "court-sample-000281/alpha.png",
      "depth": "court-sample-000281/depth.npy"
    },
    {
      "camera_id": "court-sample-000282",
      "request_source": "arbitrary",
      "width": 959,
      "height": 539,
      "rgb": "court-sample-000282/rgb.npy",
      "rgb_preview": "court-sample-000282/rgb.png",
      "alpha": "court-sample-000282/alpha.npy",
      "alpha_preview": "court-sample-000282/alpha.png",
      "depth": "court-sample-000282/depth.npy"
    },
    {
      "camera_id": "court-sample-000283",
      "request_source": "arbitrary",
      "width": 959,
      "height": 539,
      "rgb": "court-sample-000283/rgb.npy",
      "rgb_preview": "court-sample-000283/rgb.png",
      "alpha": "court-sample-000283/alpha.npy",
      "alpha_preview": "court-sample-000283/alpha.png",
      "depth": "court-sample-000283/depth.npy"
    },
    {
      "camera_id": "court-sample-000284",
      "request_source": "arbitrary",
      "width": 959,
      "height": 539,
      "rgb": "court-sample-000284/rgb.npy",
      "rgb_preview": "court-sample-000284/rgb.png",
      "alpha": "court-sample-000284/alpha.npy",
      "alpha_preview": "court-sample-000284/alpha.png",
      "depth": "court-sample-000284/depth.npy"
    },
    {
      "camera_id": "court-sample-000285",
      "request_source": "arbitrary",
      "width": 959,
      "height": 539,
      "rgb": "court-sample-000285/rgb.npy",
      "rgb_preview": "court-sample-000285/rgb.png",
      "alpha": "court-sample-000285/alpha.npy",
      "alpha_preview": "court-sample-000285/alpha.png",
      "depth": "court-sample-000285/depth.npy"
    },
    {
      "camera_id": "court-sample-000286",
      "request_source": "arbitrary",
      "width": 959,
      "height": 539,
      "rgb": "court-sample-000286/rgb.npy",
      "rgb_preview": "court-sample-000286/rgb.png",
      "alpha": "court-sample-000286/alpha.npy",
      "alpha_preview": "court-sample-000286/alpha.png",
      "depth": "court-sample-000286/depth.npy"
    },
    {
      "camera_id": "court-sample-000287",
      "request_source": "arbitrary",
      "width": 959,
      "height": 539,
      "rgb": "court-sample-000287/rgb.npy",
      "rgb_preview": "court-sample-000287/rgb.png",
      "alpha": "court-sample-000287/alpha.npy",
      "alpha_preview": "court-sample-000287/alpha.png",
      "depth": "court-sample-000287/depth.npy"
    },
    {
      "camera_id": "court-sample-000289",
      "request_source": "arbitrary",
      "width": 959,
      "height": 539,
      "rgb": "court-sample-000289/rgb.npy",
      "rgb_preview": "court-sample-000289/rgb.png",
      "alpha": "court-sample-000289/alpha.npy",
      "alpha_preview": "court-sample-000289/alpha.png",
      "depth": "court-sample-000289/depth.npy"
    },
    {
      "camera_id": "court-sample-000290",
      "request_source": "arbitrary",
      "width": 959,
      "height": 539,
      "rgb": "court-sample-000290/rgb.npy",
      "rgb_preview": "court-sample-000290/rgb.png",
      "alpha": "court-sample-000290/alpha.npy",
      "alpha_preview": "court-sample-000290/alpha.png",
      "depth": "court-sample-000290/depth.npy"
    },
    {
      "camera_id": "court-sample-000291",
      "request_source": "arbitrary",
      "width": 959,
      "height": 539,
      "rgb": "court-sample-000291/rgb.npy",
      "rgb_preview": "court-sample-000291/rgb.png",
      "alpha": "court-sample-000291/alpha.npy",
      "alpha_preview": "court-sample-000291/alpha.png",
      "depth": "court-sample-000291/depth.npy"
    },
    {
      "camera_id": "court-sample-000292",
      "request_source": "arbitrary",
      "width": 959,
      "height": 539,
      "rgb": "court-sample-000292/rgb.npy",
      "rgb_preview": "court-sample-000292/rgb.png",
      "alpha": "court-sample-000292/alpha.npy",
      "alpha_preview": "court-sample-000292/alpha.png",
      "depth": "court-sample-000292/depth.npy"
    },
    {
      "camera_id": "court-sample-000293",
      "request_source": "arbitrary",
      "width": 959,
      "height": 539,
      "rgb": "court-sample-000293/rgb.npy",
      "rgb_preview": "court-sample-000293/rgb.png",
      "alpha": "court-sample-000293/alpha.npy",
      "alpha_preview": "court-sample-000293/alpha.png",
      "depth": "court-sample-000293/depth.npy"
    },
    {
      "camera_id": "court-sample-000294",
      "request_source": "arbitrary",
      "width": 959,
      "height": 539,
      "rgb": "court-sample-000294/rgb.npy",
      "rgb_preview": "court-sample-000294/rgb.png",
      "alpha": "court-sample-000294/alpha.npy",
      "alpha_preview": "court-sample-000294/alpha.png",
      "depth": "court-sample-000294/depth.npy"
    },
    {
      "camera_id": "court-sample-000295",
      "request_source": "arbitrary",
      "width": 959,
      "height": 539,
      "rgb": "court-sample-000295/rgb.npy",
      "rgb_preview": "court-sample-000295/rgb.png",
      "alpha": "court-sample-000295/alpha.npy",
      "alpha_preview": "court-sample-000295/alpha.png",
      "depth": "court-sample-000295/depth.npy"
    },
    {
      "camera_id": "court-sample-000296",
      "request_source": "arbitrary",
      "width": 959,
      "height": 539,
      "rgb": "court-sample-000296/rgb.npy",
      "rgb_preview": "court-sample-000296/rgb.png",
      "alpha": "court-sample-000296/alpha.npy",
      "alpha_preview": "court-sample-000296/alpha.png",
      "depth": "court-sample-000296/depth.npy"
    },
    {
      "camera_id": "court-sample-000297",
      "request_source": "arbitrary",
      "width": 959,
      "height": 539,
      "rgb": "court-sample-000297/rgb.npy",
      "rgb_preview": "court-sample-000297/rgb.png",
      "alpha": "court-sample-000297/alpha.npy",
      "alpha_preview": "court-sample-000297/alpha.png",
      "depth": "court-sample-000297/depth.npy"
    },
    {
      "camera_id": "court-sample-000298",
      "request_source": "arbitrary",
      "width": 959,
      "height": 539,
      "rgb": "court-sample-000298/rgb.npy",
      "rgb_preview": "court-sample-000298/rgb.png",
      "alpha": "court-sample-000298/alpha.npy",
      "alpha_preview": "court-sample-000298/alpha.png",
      "depth": "court-sample-000298/depth.npy"
    },
    {
      "camera_id": "court-sample-000299",
      "request_source": "arbitrary",
      "width": 959,
      "height": 539,
      "rgb": "court-sample-000299/rgb.npy",
      "rgb_preview": "court-sample-000299/rgb.png",
      "alpha": "court-sample-000299/alpha.npy",
      "alpha_preview": "court-sample-000299/alpha.png",
      "depth": "court-sample-000299/depth.npy"
    },
    {
      "camera_id": "court-sample-000300",
      "request_source": "arbitrary",
      "width": 959,
      "height": 539,
      "rgb": "court-sample-000300/rgb.npy",
      "rgb_preview": "court-sample-000300/rgb.png",
      "alpha": "court-sample-000300/alpha.npy",
      "alpha_preview": "court-sample-000300/alpha.png",
      "depth": "court-sample-000300/depth.npy"
    },
    {
      "camera_id": "court-sample-000301",
      "request_source": "arbitrary",
      "width": 959,
      "height": 539,
      "rgb": "court-sample-000301/rgb.npy",
      "rgb_preview": "court-sample-000301/rgb.png",
      "alpha": "court-sample-000301/alpha.npy",
      "alpha_preview": "court-sample-000301/alpha.png",
      "depth": "court-sample-000301/depth.npy"
    },
    {
      "camera_id": "court-sample-000302",
      "request_source": "arbitrary",
      "width": 959,
      "height": 539,
      "rgb": "court-sample-000302/rgb.npy",
      "rgb_preview": "court-sample-000302/rgb.png",
      "alpha": "court-sample-000302/alpha.npy",
      "alpha_preview": "court-sample-000302/alpha.png",
      "depth": "court-sample-000302/depth.npy"
    },
    {
      "camera_id": "court-sample-000303",
      "request_source": "arbitrary",
      "width": 959,
      "height": 539,
      "rgb": "court-sample-000303/rgb.npy",
      "rgb_preview": "court-sample-000303/rgb.png",
      "alpha": "court-sample-000303/alpha.npy",
      "alpha_preview": "court-sample-000303/alpha.png",
      "depth": "court-sample-000303/depth.npy"
    },
    {
      "camera_id": "court-sample-000304",
      "request_source": "arbitrary",
      "width": 959,
      "height": 539,
      "rgb": "court-sample-000304/rgb.npy",
      "rgb_preview": "court-sample-000304/rgb.png",
      "alpha": "court-sample-000304/alpha.npy",
      "alpha_preview": "court-sample-000304/alpha.png",
      "depth": "court-sample-000304/depth.npy"
    },
    {
      "camera_id": "court-sample-000305",
      "request_source": "arbitrary",
      "width": 959,
      "height": 539,
      "rgb": "court-sample-000305/rgb.npy",
      "rgb_preview": "court-sample-000305/rgb.png",
      "alpha": "court-sample-000305/alpha.npy",
      "alpha_preview": "court-sample-000305/alpha.png",
      "depth": "court-sample-000305/depth.npy"
    },
    {
      "camera_id": "court-sample-000306",
      "request_source": "arbitrary",
      "width": 959,
      "height": 539,
      "rgb": "court-sample-000306/rgb.npy",
      "rgb_preview": "court-sample-000306/rgb.png",
      "alpha": "court-sample-000306/alpha.npy",
      "alpha_preview": "court-sample-000306/alpha.png",
      "depth": "court-sample-000306/depth.npy"
    },
    {
      "camera_id": "court-sample-000307",
      "request_source": "arbitrary",
      "width": 959,
      "height": 539,
      "rgb": "court-sample-000307/rgb.npy",
      "rgb_preview": "court-sample-000307/rgb.png",
      "alpha": "court-sample-000307/alpha.npy",
      "alpha_preview": "court-sample-000307/alpha.png",
      "depth": "court-sample-000307/depth.npy"
    },
    {
      "camera_id": "court-sample-000308",
      "request_source": "arbitrary",
      "width": 959,
      "height": 539,
      "rgb": "court-sample-000308/rgb.npy",
      "rgb_preview": "court-sample-000308/rgb.png",
      "alpha": "court-sample-000308/alpha.npy",
      "alpha_preview": "court-sample-000308/alpha.png",
      "depth": "court-sample-000308/depth.npy"
    },
    {
      "camera_id": "court-sample-000309",
      "request_source": "arbitrary",
      "width": 959,
      "height": 539,
      "rgb": "court-sample-000309/rgb.npy",
      "rgb_preview": "court-sample-000309/rgb.png",
      "alpha": "court-sample-000309/alpha.npy",
      "alpha_preview": "court-sample-000309/alpha.png",
      "depth": "court-sample-000309/depth.npy"
    },
    {
      "camera_id": "court-sample-000310",
      "request_source": "arbitrary",
      "width": 959,
      "height": 539,
      "rgb": "court-sample-000310/rgb.npy",
      "rgb_preview": "court-sample-000310/rgb.png",
      "alpha": "court-sample-000310/alpha.npy",
      "alpha_preview": "court-sample-000310/alpha.png",
      "depth": "court-sample-000310/depth.npy"
    },
    {
      "camera_id": "court-sample-000311",
      "request_source": "arbitrary",
      "width": 959,
      "height": 539,
      "rgb": "court-sample-000311/rgb.npy",
      "rgb_preview": "court-sample-000311/rgb.png",
      "alpha": "court-sample-000311/alpha.npy",
      "alpha_preview": "court-sample-000311/alpha.png",
      "depth": "court-sample-000311/depth.npy"
    },
    {
      "camera_id": "court-sample-000360",
      "request_source": "arbitrary",
      "width": 959,
      "height": 539,
      "rgb": "court-sample-000360/rgb.npy",
      "rgb_preview": "court-sample-000360/rgb.png",
      "alpha": "court-sample-000360/alpha.npy",
      "alpha_preview": "court-sample-000360/alpha.png",
      "depth": "court-sample-000360/depth.npy"
    },
    {
      "camera_id": "court-sample-000361",
      "request_source": "arbitrary",
      "width": 959,
      "height": 539,
      "rgb": "court-sample-000361/rgb.npy",
      "rgb_preview": "court-sample-000361/rgb.png",
      "alpha": "court-sample-000361/alpha.npy",
      "alpha_preview": "court-sample-000361/alpha.png",
      "depth": "court-sample-000361/depth.npy"
    },
    {
      "camera_id": "court-sample-000362",
      "request_source": "arbitrary",
      "width": 959,
      "height": 539,
      "rgb": "court-sample-000362/rgb.npy",
      "rgb_preview": "court-sample-000362/rgb.png",
      "alpha": "court-sample-000362/alpha.npy",
      "alpha_preview": "court-sample-000362/alpha.png",
      "depth": "court-sample-000362/depth.npy"
    },
    {
      "camera_id": "court-sample-000363",
      "request_source": "arbitrary",
      "width": 959,
      "height": 539,
      "rgb": "court-sample-000363/rgb.npy",
      "rgb_preview": "court-sample-000363/rgb.png",
      "alpha": "court-sample-000363/alpha.npy",
      "alpha_preview": "court-sample-000363/alpha.png",
      "depth": "court-sample-000363/depth.npy"
    },
    {
      "camera_id": "court-sample-000364",
      "request_source": "arbitrary",
      "width": 959,
      "height": 539,
      "rgb": "court-sample-000364/rgb.npy",
      "rgb_preview": "court-sample-000364/rgb.png",
      "alpha": "court-sample-000364/alpha.npy",
      "alpha_preview": "court-sample-000364/alpha.png",
      "depth": "court-sample-000364/depth.npy"
    },
    {
      "camera_id": "court-sample-000365",
      "request_source": "arbitrary",
      "width": 959,
      "height": 539,
      "rgb": "court-sample-000365/rgb.npy",
      "rgb_preview": "court-sample-000365/rgb.png",
      "alpha": "court-sample-000365/alpha.npy",
      "alpha_preview": "court-sample-000365/alpha.png",
      "depth": "court-sample-000365/depth.npy"
    },
    {
      "camera_id": "court-sample-000366",
      "request_source": "arbitrary",
      "width": 959,
      "height": 539,
      "rgb": "court-sample-000366/rgb.npy",
      "rgb_preview": "court-sample-000366/rgb.png",
      "alpha": "court-sample-000366/alpha.npy",
      "alpha_preview": "court-sample-000366/alpha.png",
      "depth": "court-sample-000366/depth.npy"
    },
    {
      "camera_id": "court-sample-000367",
      "request_source": "arbitrary",
      "width": 959,
      "height": 539,
      "rgb": "court-sample-000367/rgb.npy",
      "rgb_preview": "court-sample-000367/rgb.png",
      "alpha": "court-sample-000367/alpha.npy",
      "alpha_preview": "court-sample-000367/alpha.png",
      "depth": "court-sample-000367/depth.npy"
    },
    {
      "camera_id": "court-sample-000368",
      "request_source": "arbitrary",
      "width": 959,
      "height": 539,
      "rgb": "court-sample-000368/rgb.npy",
      "rgb_preview": "court-sample-000368/rgb.png",
      "alpha": "court-sample-000368/alpha.npy",
      "alpha_preview": "court-sample-000368/alpha.png",
      "depth": "court-sample-000368/depth.npy"
    },
    {
      "camera_id": "court-sample-000369",
      "request_source": "arbitrary",
      "width": 959,
      "height": 539,
      "rgb": "court-sample-000369/rgb.npy",
      "rgb_preview": "court-sample-000369/rgb.png",
      "alpha": "court-sample-000369/alpha.npy",
      "alpha_preview": "court-sample-000369/alpha.png",
      "depth": "court-sample-000369/depth.npy"
    },
    {
      "camera_id": "court-sample-000370",
      "request_source": "arbitrary",
      "width": 959,
      "height": 539,
      "rgb": "court-sample-000370/rgb.npy",
      "rgb_preview": "court-sample-000370/rgb.png",
      "alpha": "court-sample-000370/alpha.npy",
      "alpha_preview": "court-sample-000370/alpha.png",
      "depth": "court-sample-000370/depth.npy"
    },
    {
      "camera_id": "court-sample-000371",
      "request_source": "arbitrary",
      "width": 959,
      "height": 539,
      "rgb": "court-sample-000371/rgb.npy",
      "rgb_preview": "court-sample-000371/rgb.png",
      "alpha": "court-sample-000371/alpha.npy",
      "alpha_preview": "court-sample-000371/alpha.png",
      "depth": "court-sample-000371/depth.npy"
    },
    {
      "camera_id": "court-sample-000372",
      "request_source": "arbitrary",
      "width": 959,
      "height": 539,
      "rgb": "court-sample-000372/rgb.npy",
      "rgb_preview": "court-sample-000372/rgb.png",
      "alpha": "court-sample-000372/alpha.npy",
      "alpha_preview": "court-sample-000372/alpha.png",
      "depth": "court-sample-000372/depth.npy"
    },
    {
      "camera_id": "court-sample-000373",
      "request_source": "arbitrary",
      "width": 959,
      "height": 539,
      "rgb": "court-sample-000373/rgb.npy",
      "rgb_preview": "court-sample-000373/rgb.png",
      "alpha": "court-sample-000373/alpha.npy",
      "alpha_preview": "court-sample-000373/alpha.png",
      "depth": "court-sample-000373/depth.npy"
    },
    {
      "camera_id": "court-sample-000374",
      "request_source": "arbitrary",
      "width": 959,
      "height": 539,
      "rgb": "court-sample-000374/rgb.npy",
      "rgb_preview": "court-sample-000374/rgb.png",
      "alpha": "court-sample-000374/alpha.npy",
      "alpha_preview": "court-sample-000374/alpha.png",
      "depth": "court-sample-000374/depth.npy"
    },
    {
      "camera_id": "court-sample-000375",
      "request_source": "arbitrary",
      "width": 959,
      "height": 539,
      "rgb": "court-sample-000375/rgb.npy",
      "rgb_preview": "court-sample-000375/rgb.png",
      "alpha": "court-sample-000375/alpha.npy",
      "alpha_preview": "court-sample-000375/alpha.png",
      "depth": "court-sample-000375/depth.npy"
    },
    {
      "camera_id": "court-sample-000376",
      "request_source": "arbitrary",
      "width": 959,
      "height": 539,
      "rgb": "court-sample-000376/rgb.npy",
      "rgb_preview": "court-sample-000376/rgb.png",
      "alpha": "court-sample-000376/alpha.npy",
      "alpha_preview": "court-sample-000376/alpha.png",
      "depth": "court-sample-000376/depth.npy"
    },
    {
      "camera_id": "court-sample-000377",
      "request_source": "arbitrary",
      "width": 959,
      "height": 539,
      "rgb": "court-sample-000377/rgb.npy",
      "rgb_preview": "court-sample-000377/rgb.png",
      "alpha": "court-sample-000377/alpha.npy",
      "alpha_preview": "court-sample-000377/alpha.png",
      "depth": "court-sample-000377/depth.npy"
    },
    {
      "camera_id": "court-sample-000379",
      "request_source": "arbitrary",
      "width": 959,
      "height": 539,
      "rgb": "court-sample-000379/rgb.npy",
      "rgb_preview": "court-sample-000379/rgb.png",
      "alpha": "court-sample-000379/alpha.npy",
      "alpha_preview": "court-sample-000379/alpha.png",
      "depth": "court-sample-000379/depth.npy"
    },
    {
      "camera_id": "court-sample-000380",
      "request_source": "arbitrary",
      "width": 959,
      "height": 539,
      "rgb": "court-sample-000380/rgb.npy",
      "rgb_preview": "court-sample-000380/rgb.png",
      "alpha": "court-sample-000380/alpha.npy",
      "alpha_preview": "court-sample-000380/alpha.png",
      "depth": "court-sample-000380/depth.npy"
    },
    {
      "camera_id": "court-sample-000381",
      "request_source": "arbitrary",
      "width": 959,
      "height": 539,
      "rgb": "court-sample-000381/rgb.npy",
      "rgb_preview": "court-sample-000381/rgb.png",
      "alpha": "court-sample-000381/alpha.npy",
      "alpha_preview": "court-sample-000381/alpha.png",
      "depth": "court-sample-000381/depth.npy"
    },
    {
      "camera_id": "court-sample-000382",
      "request_source": "arbitrary",
      "width": 959,
      "height": 539,
      "rgb": "court-sample-000382/rgb.npy",
      "rgb_preview": "court-sample-000382/rgb.png",
      "alpha": "court-sample-000382/alpha.npy",
      "alpha_preview": "court-sample-000382/alpha.png",
      "depth": "court-sample-000382/depth.npy"
    },
    {
      "camera_id": "court-sample-000383",
      "request_source": "arbitrary",
      "width": 959,
      "height": 539,
      "rgb": "court-sample-000383/rgb.npy",
      "rgb_preview": "court-sample-000383/rgb.png",
      "alpha": "court-sample-000383/alpha.npy",
      "alpha_preview": "court-sample-000383/alpha.png",
      "depth": "court-sample-000383/depth.npy"
    },
    {
      "camera_id": "court-sample-000384",
      "request_source": "arbitrary",
      "width": 959,
      "height": 539,
      "rgb": "court-sample-000384/rgb.npy",
      "rgb_preview": "court-sample-000384/rgb.png",
      "alpha": "court-sample-000384/alpha.npy",
      "alpha_preview": "court-sample-000384/alpha.png",
      "depth": "court-sample-000384/depth.npy"
    },
    {
      "camera_id": "court-sample-000385",
      "request_source": "arbitrary",
      "width": 959,
      "height": 539,
      "rgb": "court-sample-000385/rgb.npy",
      "rgb_preview": "court-sample-000385/rgb.png",
      "alpha": "court-sample-000385/alpha.npy",
      "alpha_preview": "court-sample-000385/alpha.png",
      "depth": "court-sample-000385/depth.npy"
    },
    {
      "camera_id": "court-sample-000386",
      "request_source": "arbitrary",
      "width": 959,
      "height": 539,
      "rgb": "court-sample-000386/rgb.npy",
      "rgb_preview": "court-sample-000386/rgb.png",
      "alpha": "court-sample-000386/alpha.npy",
      "alpha_preview": "court-sample-000386/alpha.png",
      "depth": "court-sample-000386/depth.npy"
    },
    {
      "camera_id": "court-sample-000387",
      "request_source": "arbitrary",
      "width": 959,
      "height": 539,
      "rgb": "court-sample-000387/rgb.npy",
      "rgb_preview": "court-sample-000387/rgb.png",
      "alpha": "court-sample-000387/alpha.npy",
      "alpha_preview": "court-sample-000387/alpha.png",
      "depth": "court-sample-000387/depth.npy"
    },
    {
      "camera_id": "court-sample-000388",
      "request_source": "arbitrary",
      "width": 959,
      "height": 539,
      "rgb": "court-sample-000388/rgb.npy",
      "rgb_preview": "court-sample-000388/rgb.png",
      "alpha": "court-sample-000388/alpha.npy",
      "alpha_preview": "court-sample-000388/alpha.png",
      "depth": "court-sample-000388/depth.npy"
    },
    {
      "camera_id": "court-sample-000389",
      "request_source": "arbitrary",
      "width": 959,
      "height": 539,
      "rgb": "court-sample-000389/rgb.npy",
      "rgb_preview": "court-sample-000389/rgb.png",
      "alpha": "court-sample-000389/alpha.npy",
      "alpha_preview": "court-sample-000389/alpha.png",
      "depth": "court-sample-000389/depth.npy"
    },
    {
      "camera_id": "court-sample-000390",
      "request_source": "arbitrary",
      "width": 959,
      "height": 539,
      "rgb": "court-sample-000390/rgb.npy",
      "rgb_preview": "court-sample-000390/rgb.png",
      "alpha": "court-sample-000390/alpha.npy",
      "alpha_preview": "court-sample-000390/alpha.png",
      "depth": "court-sample-000390/depth.npy"
    },
    {
      "camera_id": "court-sample-000391",
      "request_source": "arbitrary",
      "width": 959,
      "height": 539,
      "rgb": "court-sample-000391/rgb.npy",
      "rgb_preview": "court-sample-000391/rgb.png",
      "alpha": "court-sample-000391/alpha.npy",
      "alpha_preview": "court-sample-000391/alpha.png",
      "depth": "court-sample-000391/depth.npy"
    },
    {
      "camera_id": "court-sample-000392",
      "request_source": "arbitrary",
      "width": 959,
      "height": 539,
      "rgb": "court-sample-000392/rgb.npy",
      "rgb_preview": "court-sample-000392/rgb.png",
      "alpha": "court-sample-000392/alpha.npy",
      "alpha_preview": "court-sample-000392/alpha.png",
      "depth": "court-sample-000392/depth.npy"
    },
    {
      "camera_id": "court-sample-000393",
      "request_source": "arbitrary",
      "width": 959,
      "height": 539,
      "rgb": "court-sample-000393/rgb.npy",
      "rgb_preview": "court-sample-000393/rgb.png",
      "alpha": "court-sample-000393/alpha.npy",
      "alpha_preview": "court-sample-000393/alpha.png",
      "depth": "court-sample-000393/depth.npy"
    },
    {
      "camera_id": "court-sample-000394",
      "request_source": "arbitrary",
      "width": 959,
      "height": 539,
      "rgb": "court-sample-000394/rgb.npy",
      "rgb_preview": "court-sample-000394/rgb.png",
      "alpha": "court-sample-000394/alpha.npy",
      "alpha_preview": "court-sample-000394/alpha.png",
      "depth": "court-sample-000394/depth.npy"
    },
    {
      "camera_id": "court-sample-000395",
      "request_source": "arbitrary",
      "width": 959,
      "height": 539,
      "rgb": "court-sample-000395/rgb.npy",
      "rgb_preview": "court-sample-000395/rgb.png",
      "alpha": "court-sample-000395/alpha.npy",
      "alpha_preview": "court-sample-000395/alpha.png",
      "depth": "court-sample-000395/depth.npy"
    },
    {
      "camera_id": "court-sample-000396",
      "request_source": "arbitrary",
      "width": 959,
      "height": 539,
      "rgb": "court-sample-000396/rgb.npy",
      "rgb_preview": "court-sample-000396/rgb.png",
      "alpha": "court-sample-000396/alpha.npy",
      "alpha_preview": "court-sample-000396/alpha.png",
      "depth": "court-sample-000396/depth.npy"
    },
    {
      "camera_id": "court-sample-000397",
      "request_source": "arbitrary",
      "width": 959,
      "height": 539,
      "rgb": "court-sample-000397/rgb.npy",
      "rgb_preview": "court-sample-000397/rgb.png",
      "alpha": "court-sample-000397/alpha.npy",
      "alpha_preview": "court-sample-000397/alpha.png",
      "depth": "court-sample-000397/depth.npy"
    },
    {
      "camera_id": "court-sample-000398",
      "request_source": "arbitrary",
      "width": 959,
      "height": 539,
      "rgb": "court-sample-000398/rgb.npy",
      "rgb_preview": "court-sample-000398/rgb.png",
      "alpha": "court-sample-000398/alpha.npy",
      "alpha_preview": "court-sample-000398/alpha.png",
      "depth": "court-sample-000398/depth.npy"
    },
    {
      "camera_id": "court-sample-000399",
      "request_source": "arbitrary",
      "width": 959,
      "height": 539,
      "rgb": "court-sample-000399/rgb.npy",
      "rgb_preview": "court-sample-000399/rgb.png",
      "alpha": "court-sample-000399/alpha.npy",
      "alpha_preview": "court-sample-000399/alpha.png",
      "depth": "court-sample-000399/depth.npy"
    },
    {
      "camera_id": "court-sample-000400",
      "request_source": "arbitrary",
      "width": 959,
      "height": 539,
      "rgb": "court-sample-000400/rgb.npy",
      "rgb_preview": "court-sample-000400/rgb.png",
      "alpha": "court-sample-000400/alpha.npy",
      "alpha_preview": "court-sample-000400/alpha.png",
      "depth": "court-sample-000400/depth.npy"
    },
    {
      "camera_id": "court-sample-000401",
      "request_source": "arbitrary",
      "width": 959,
      "height": 539,
      "rgb": "court-sample-000401/rgb.npy",
      "rgb_preview": "court-sample-000401/rgb.png",
      "alpha": "court-sample-000401/alpha.npy",
      "alpha_preview": "court-sample-000401/alpha.png",
      "depth": "court-sample-000401/depth.npy"
    },
    {
      "camera_id": "court-sample-000403",
      "request_source": "arbitrary",
      "width": 959,
      "height": 539,
      "rgb": "court-sample-000403/rgb.npy",
      "rgb_preview": "court-sample-000403/rgb.png",
      "alpha": "court-sample-000403/alpha.npy",
      "alpha_preview": "court-sample-000403/alpha.png",
      "depth": "court-sample-000403/depth.npy"
    },
    {
      "camera_id": "court-sample-000404",
      "request_source": "arbitrary",
      "width": 959,
      "height": 539,
      "rgb": "court-sample-000404/rgb.npy",
      "rgb_preview": "court-sample-000404/rgb.png",
      "alpha": "court-sample-000404/alpha.npy",
      "alpha_preview": "court-sample-000404/alpha.png",
      "depth": "court-sample-000404/depth.npy"
    },
    {
      "camera_id": "court-sample-000405",
      "request_source": "arbitrary",
      "width": 959,
      "height": 539,
      "rgb": "court-sample-000405/rgb.npy",
      "rgb_preview": "court-sample-000405/rgb.png",
      "alpha": "court-sample-000405/alpha.npy",
      "alpha_preview": "court-sample-000405/alpha.png",
      "depth": "court-sample-000405/depth.npy"
    },
    {
      "camera_id": "court-sample-000406",
      "request_source": "arbitrary",
      "width": 959,
      "height": 539,
      "rgb": "court-sample-000406/rgb.npy",
      "rgb_preview": "court-sample-000406/rgb.png",
      "alpha": "court-sample-000406/alpha.npy",
      "alpha_preview": "court-sample-000406/alpha.png",
      "depth": "court-sample-000406/depth.npy"
    },
    {
      "camera_id": "court-sample-000407",
      "request_source": "arbitrary",
      "width": 959,
      "height": 539,
      "rgb": "court-sample-000407/rgb.npy",
      "rgb_preview": "court-sample-000407/rgb.png",
      "alpha": "court-sample-000407/alpha.npy",
      "alpha_preview": "court-sample-000407/alpha.png",
      "depth": "court-sample-000407/depth.npy"
    },
    {
      "camera_id": "court-sample-001425",
      "request_source": "arbitrary",
      "width": 959,
      "height": 539,
      "rgb": "court-sample-001425/rgb.npy",
      "rgb_preview": "court-sample-001425/rgb.png",
      "alpha": "court-sample-001425/alpha.npy",
      "alpha_preview": "court-sample-001425/alpha.png",
      "depth": "court-sample-001425/depth.npy"
    },
    {
      "camera_id": "court-sample-001426",
      "request_source": "arbitrary",
      "width": 959,
      "height": 539,
      "rgb": "court-sample-001426/rgb.npy",
      "rgb_preview": "court-sample-001426/rgb.png",
      "alpha": "court-sample-001426/alpha.npy",
      "alpha_preview": "court-sample-001426/alpha.png",
      "depth": "court-sample-001426/depth.npy"
    },
    {
      "camera_id": "court-sample-001427",
      "request_source": "arbitrary",
      "width": 959,
      "height": 539,
      "rgb": "court-sample-001427/rgb.npy",
      "rgb_preview": "court-sample-001427/rgb.png",
      "alpha": "court-sample-001427/alpha.npy",
      "alpha_preview": "court-sample-001427/alpha.png",
      "depth": "court-sample-001427/depth.npy"
    },
    {
      "camera_id": "court-sample-001428",
      "request_source": "arbitrary",
      "width": 959,
      "height": 539,
      "rgb": "court-sample-001428/rgb.npy",
      "rgb_preview": "court-sample-001428/rgb.png",
      "alpha": "court-sample-001428/alpha.npy",
      "alpha_preview": "court-sample-001428/alpha.png",
      "depth": "court-sample-001428/depth.npy"
    },
    {
      "camera_id": "court-sample-001429",
      "request_source": "arbitrary",
      "width": 959,
      "height": 539,
      "rgb": "court-sample-001429/rgb.npy",
      "rgb_preview": "court-sample-001429/rgb.png",
      "alpha": "court-sample-001429/alpha.npy",
      "alpha_preview": "court-sample-001429/alpha.png",
      "depth": "court-sample-001429/depth.npy"
    },
    {
      "camera_id": "court-sample-001430",
      "request_source": "arbitrary",
      "width": 959,
      "height": 539,
      "rgb": "court-sample-001430/rgb.npy",
      "rgb_preview": "court-sample-001430/rgb.png",
      "alpha": "court-sample-001430/alpha.npy",
      "alpha_preview": "court-sample-001430/alpha.png",
      "depth": "court-sample-001430/depth.npy"
    },
    {
      "camera_id": "court-sample-001431",
      "request_source": "arbitrary",
      "width": 959,
      "height": 539,
      "rgb": "court-sample-001431/rgb.npy",
      "rgb_preview": "court-sample-001431/rgb.png",
      "alpha": "court-sample-001431/alpha.npy",
      "alpha_preview": "court-sample-001431/alpha.png",
      "depth": "court-sample-001431/depth.npy"
    },
    {
      "camera_id": "court-sample-001432",
      "request_source": "arbitrary",
      "width": 959,
      "height": 539,
      "rgb": "court-sample-001432/rgb.npy",
      "rgb_preview": "court-sample-001432/rgb.png",
      "alpha": "court-sample-001432/alpha.npy",
      "alpha_preview": "court-sample-001432/alpha.png",
      "depth": "court-sample-001432/depth.npy"
    },
    {
      "camera_id": "court-sample-001433",
      "request_source": "arbitrary",
      "width": 959,
      "height": 539,
      "rgb": "court-sample-001433/rgb.npy",
      "rgb_preview": "court-sample-001433/rgb.png",
      "alpha": "court-sample-001433/alpha.npy",
      "alpha_preview": "court-sample-001433/alpha.png",
      "depth": "court-sample-001433/depth.npy"
    },
    {
      "camera_id": "court-sample-001434",
      "request_source": "arbitrary",
      "width": 959,
      "height": 539,
      "rgb": "court-sample-001434/rgb.npy",
      "rgb_preview": "court-sample-001434/rgb.png",
      "alpha": "court-sample-001434/alpha.npy",
      "alpha_preview": "court-sample-001434/alpha.png",
      "depth": "court-sample-001434/depth.npy"
    },
    {
      "camera_id": "court-sample-001435",
      "request_source": "arbitrary",
      "width": 959,
      "height": 539,
      "rgb": "court-sample-001435/rgb.npy",
      "rgb_preview": "court-sample-001435/rgb.png",
      "alpha": "court-sample-001435/alpha.npy",
      "alpha_preview": "court-sample-001435/alpha.png",
      "depth": "court-sample-001435/depth.npy"
    },
    {
      "camera_id": "court-sample-001436",
      "request_source": "arbitrary",
      "width": 959,
      "height": 539,
      "rgb": "court-sample-001436/rgb.npy",
      "rgb_preview": "court-sample-001436/rgb.png",
      "alpha": "court-sample-001436/alpha.npy",
      "alpha_preview": "court-sample-001436/alpha.png",
      "depth": "court-sample-001436/depth.npy"
    },
    {
      "camera_id": "court-sample-001437",
      "request_source": "arbitrary",
      "width": 959,
      "height": 539,
      "rgb": "court-sample-001437/rgb.npy",
      "rgb_preview": "court-sample-001437/rgb.png",
      "alpha": "court-sample-001437/alpha.npy",
      "alpha_preview": "court-sample-001437/alpha.png",
      "depth": "court-sample-001437/depth.npy"
    },
    {
      "camera_id": "court-sample-001438",
      "request_source": "arbitrary",
      "width": 959,
      "height": 539,
      "rgb": "court-sample-001438/rgb.npy",
      "rgb_preview": "court-sample-001438/rgb.png",
      "alpha": "court-sample-001438/alpha.npy",
      "alpha_preview": "court-sample-001438/alpha.png",
      "depth": "court-sample-001438/depth.npy"
    },
    {
      "camera_id": "court-sample-001439",
      "request_source": "arbitrary",
      "width": 959,
      "height": 539,
      "rgb": "court-sample-001439/rgb.npy",
      "rgb_preview": "court-sample-001439/rgb.png",
      "alpha": "court-sample-001439/alpha.npy",
      "alpha_preview": "court-sample-001439/alpha.png",
      "depth": "court-sample-001439/depth.npy"
    },
    {
      "camera_id": "court-sample-001440",
      "request_source": "arbitrary",
      "width": 959,
      "height": 539,
      "rgb": "court-sample-001440/rgb.npy",
      "rgb_preview": "court-sample-001440/rgb.png",
      "alpha": "court-sample-001440/alpha.npy",
      "alpha_preview": "court-sample-001440/alpha.png",
      "depth": "court-sample-001440/depth.npy"
    },
    {
      "camera_id": "court-sample-001441",
      "request_source": "arbitrary",
      "width": 959,
      "height": 539,
      "rgb": "court-sample-001441/rgb.npy",
      "rgb_preview": "court-sample-001441/rgb.png",
      "alpha": "court-sample-001441/alpha.npy",
      "alpha_preview": "court-sample-001441/alpha.png",
      "depth": "court-sample-001441/depth.npy"
    },
    {
      "camera_id": "court-sample-001442",
      "request_source": "arbitrary",
      "width": 959,
      "height": 539,
      "rgb": "court-sample-001442/rgb.npy",
      "rgb_preview": "court-sample-001442/rgb.png",
      "alpha": "court-sample-001442/alpha.npy",
      "alpha_preview": "court-sample-001442/alpha.png",
      "depth": "court-sample-001442/depth.npy"
    },
    {
      "camera_id": "court-sample-001443",
      "request_source": "arbitrary",
      "width": 959,
      "height": 539,
      "rgb": "court-sample-001443/rgb.npy",
      "rgb_preview": "court-sample-001443/rgb.png",
      "alpha": "court-sample-001443/alpha.npy",
      "alpha_preview": "court-sample-001443/alpha.png",
      "depth": "court-sample-001443/depth.npy"
    },
    {
      "camera_id": "court-sample-001444",
      "request_source": "arbitrary",
      "width": 959,
      "height": 539,
      "rgb": "court-sample-001444/rgb.npy",
      "rgb_preview": "court-sample-001444/rgb.png",
      "alpha": "court-sample-001444/alpha.npy",
      "alpha_preview": "court-sample-001444/alpha.png",
      "depth": "court-sample-001444/depth.npy"
    },
    {
      "camera_id": "court-sample-001445",
      "request_source": "arbitrary",
      "width": 959,
      "height": 539,
      "rgb": "court-sample-001445/rgb.npy",
      "rgb_preview": "court-sample-001445/rgb.png",
      "alpha": "court-sample-001445/alpha.npy",
      "alpha_preview": "court-sample-001445/alpha.png",
      "depth": "court-sample-001445/depth.npy"
    },
    {
      "camera_id": "court-sample-001446",
      "request_source": "arbitrary",
      "width": 959,
      "height": 539,
      "rgb": "court-sample-001446/rgb.npy",
      "rgb_preview": "court-sample-001446/rgb.png",
      "alpha": "court-sample-001446/alpha.npy",
      "alpha_preview": "court-sample-001446/alpha.png",
      "depth": "court-sample-001446/depth.npy"
    },
    {
      "camera_id": "court-sample-001447",
      "request_source": "arbitrary",
      "width": 959,
      "height": 539,
      "rgb": "court-sample-001447/rgb.npy",
      "rgb_preview": "court-sample-001447/rgb.png",
      "alpha": "court-sample-001447/alpha.npy",
      "alpha_preview": "court-sample-001447/alpha.png",
      "depth": "court-sample-001447/depth.npy"
    },
    {
      "camera_id": "court-sample-001448",
      "request_source": "arbitrary",
      "width": 959,
      "height": 539,
      "rgb": "court-sample-001448/rgb.npy",
      "rgb_preview": "court-sample-001448/rgb.png",
      "alpha": "court-sample-001448/alpha.npy",
      "alpha_preview": "court-sample-001448/alpha.png",
      "depth": "court-sample-001448/depth.npy"
    },
    {
      "camera_id": "court-sample-001449",
      "request_source": "arbitrary",
      "width": 959,
      "height": 539,
      "rgb": "court-sample-001449/rgb.npy",
      "rgb_preview": "court-sample-001449/rgb.png",
      "alpha": "court-sample-001449/alpha.npy",
      "alpha_preview": "court-sample-001449/alpha.png",
      "depth": "court-sample-001449/depth.npy"
    },
    {
      "camera_id": "court-sample-001450",
      "request_source": "arbitrary",
      "width": 959,
      "height": 539,
      "rgb": "court-sample-001450/rgb.npy",
      "rgb_preview": "court-sample-001450/rgb.png",
      "alpha": "court-sample-001450/alpha.npy",
      "alpha_preview": "court-sample-001450/alpha.png",
      "depth": "court-sample-001450/depth.npy"
    },
    {
      "camera_id": "court-sample-001451",
      "request_source": "arbitrary",
      "width": 959,
      "height": 539,
      "rgb": "court-sample-001451/rgb.npy",
      "rgb_preview": "court-sample-001451/rgb.png",
      "alpha": "court-sample-001451/alpha.npy",
      "alpha_preview": "court-sample-001451/alpha.png",
      "depth": "court-sample-001451/depth.npy"
    },
    {
      "camera_id": "court-sample-001452",
      "request_source": "arbitrary",
      "width": 959,
      "height": 539,
      "rgb": "court-sample-001452/rgb.npy",
      "rgb_preview": "court-sample-001452/rgb.png",
      "alpha": "court-sample-001452/alpha.npy",
      "alpha_preview": "court-sample-001452/alpha.png",
      "depth": "court-sample-001452/depth.npy"
    },
    {
      "camera_id": "court-sample-001453",
      "request_source": "arbitrary",
      "width": 959,
      "height": 539,
      "rgb": "court-sample-001453/rgb.npy",
      "rgb_preview": "court-sample-001453/rgb.png",
      "alpha": "court-sample-001453/alpha.npy",
      "alpha_preview": "court-sample-001453/alpha.png",
      "depth": "court-sample-001453/depth.npy"
    },
    {
      "camera_id": "court-sample-001454",
      "request_source": "arbitrary",
      "width": 959,
      "height": 539,
      "rgb": "court-sample-001454/rgb.npy",
      "rgb_preview": "court-sample-001454/rgb.png",
      "alpha": "court-sample-001454/alpha.npy",
      "alpha_preview": "court-sample-001454/alpha.png",
      "depth": "court-sample-001454/depth.npy"
    },
    {
      "camera_id": "court-sample-001455",
      "request_source": "arbitrary",
      "width": 959,
      "height": 539,
      "rgb": "court-sample-001455/rgb.npy",
      "rgb_preview": "court-sample-001455/rgb.png",
      "alpha": "court-sample-001455/alpha.npy",
      "alpha_preview": "court-sample-001455/alpha.png",
      "depth": "court-sample-001455/depth.npy"
    },
    {
      "camera_id": "court-sample-001457",
      "request_source": "arbitrary",
      "width": 959,
      "height": 539,
      "rgb": "court-sample-001457/rgb.npy",
      "rgb_preview": "court-sample-001457/rgb.png",
      "alpha": "court-sample-001457/alpha.npy",
      "alpha_preview": "court-sample-001457/alpha.png",
      "depth": "court-sample-001457/depth.npy"
    },
    {
      "camera_id": "court-sample-001458",
      "request_source": "arbitrary",
      "width": 959,
      "height": 539,
      "rgb": "court-sample-001458/rgb.npy",
      "rgb_preview": "court-sample-001458/rgb.png",
      "alpha": "court-sample-001458/alpha.npy",
      "alpha_preview": "court-sample-001458/alpha.png",
      "depth": "court-sample-001458/depth.npy"
    },
    {
      "camera_id": "court-sample-001459",
      "request_source": "arbitrary",
      "width": 959,
      "height": 539,
      "rgb": "court-sample-001459/rgb.npy",
      "rgb_preview": "court-sample-001459/rgb.png",
      "alpha": "court-sample-001459/alpha.npy",
      "alpha_preview": "court-sample-001459/alpha.png",
      "depth": "court-sample-001459/depth.npy"
    },
    {
      "camera_id": "court-sample-001460",
      "request_source": "arbitrary",
      "width": 959,
      "height": 539,
      "rgb": "court-sample-001460/rgb.npy",
      "rgb_preview": "court-sample-001460/rgb.png",
      "alpha": "court-sample-001460/alpha.npy",
      "alpha_preview": "court-sample-001460/alpha.png",
      "depth": "court-sample-001460/depth.npy"
    },
    {
      "camera_id": "court-sample-001461",
      "request_source": "arbitrary",
      "width": 959,
      "height": 539,
      "rgb": "court-sample-001461/rgb.npy",
      "rgb_preview": "court-sample-001461/rgb.png",
      "alpha": "court-sample-001461/alpha.npy",
      "alpha_preview": "court-sample-001461/alpha.png",
      "depth": "court-sample-001461/depth.npy"
    },
    {
      "camera_id": "court-sample-001462",
      "request_source": "arbitrary",
      "width": 959,
      "height": 539,
      "rgb": "court-sample-001462/rgb.npy",
      "rgb_preview": "court-sample-001462/rgb.png",
      "alpha": "court-sample-001462/alpha.npy",
      "alpha_preview": "court-sample-001462/alpha.png",
      "depth": "court-sample-001462/depth.npy"
    },
    {
      "camera_id": "court-sample-001463",
      "request_source": "arbitrary",
      "width": 959,
      "height": 539,
      "rgb": "court-sample-001463/rgb.npy",
      "rgb_preview": "court-sample-001463/rgb.png",
      "alpha": "court-sample-001463/alpha.npy",
      "alpha_preview": "court-sample-001463/alpha.png",
      "depth": "court-sample-001463/depth.npy"
    },
    {
      "camera_id": "court-sample-001464",
      "request_source": "arbitrary",
      "width": 959,
      "height": 539,
      "rgb": "court-sample-001464/rgb.npy",
      "rgb_preview": "court-sample-001464/rgb.png",
      "alpha": "court-sample-001464/alpha.npy",
      "alpha_preview": "court-sample-001464/alpha.png",
      "depth": "court-sample-001464/depth.npy"
    },
    {
      "camera_id": "court-sample-001465",
      "request_source": "arbitrary",
      "width": 959,
      "height": 539,
      "rgb": "court-sample-001465/rgb.npy",
      "rgb_preview": "court-sample-001465/rgb.png",
      "alpha": "court-sample-001465/alpha.npy",
      "alpha_preview": "court-sample-001465/alpha.png",
      "depth": "court-sample-001465/depth.npy"
    },
    {
      "camera_id": "court-sample-001466",
      "request_source": "arbitrary",
      "width": 959,
      "height": 539,
      "rgb": "court-sample-001466/rgb.npy",
      "rgb_preview": "court-sample-001466/rgb.png",
      "alpha": "court-sample-001466/alpha.npy",
      "alpha_preview": "court-sample-001466/alpha.png",
      "depth": "court-sample-001466/depth.npy"
    },
    {
      "camera_id": "court-sample-001467",
      "request_source": "arbitrary",
      "width": 959,
      "height": 539,
      "rgb": "court-sample-001467/rgb.npy",
      "rgb_preview": "court-sample-001467/rgb.png",
      "alpha": "court-sample-001467/alpha.npy",
      "alpha_preview": "court-sample-001467/alpha.png",
      "depth": "court-sample-001467/depth.npy"
    },
    {
      "camera_id": "court-sample-001468",
      "request_source": "arbitrary",
      "width": 959,
      "height": 539,
      "rgb": "court-sample-001468/rgb.npy",
      "rgb_preview": "court-sample-001468/rgb.png",
      "alpha": "court-sample-001468/alpha.npy",
      "alpha_preview": "court-sample-001468/alpha.png",
      "depth": "court-sample-001468/depth.npy"
    },
    {
      "camera_id": "court-sample-001469",
      "request_source": "arbitrary",
      "width": 959,
      "height": 539,
      "rgb": "court-sample-001469/rgb.npy",
      "rgb_preview": "court-sample-001469/rgb.png",
      "alpha": "court-sample-001469/alpha.npy",
      "alpha_preview": "court-sample-001469/alpha.png",
      "depth": "court-sample-001469/depth.npy"
    },
    {
      "camera_id": "court-sample-001470",
      "request_source": "arbitrary",
      "width": 959,
      "height": 539,
      "rgb": "court-sample-001470/rgb.npy",
      "rgb_preview": "court-sample-001470/rgb.png",
      "alpha": "court-sample-001470/alpha.npy",
      "alpha_preview": "court-sample-001470/alpha.png",
      "depth": "court-sample-001470/depth.npy"
    },
    {
      "camera_id": "court-sample-001471",
      "request_source": "arbitrary",
      "width": 959,
      "height": 539,
      "rgb": "court-sample-001471/rgb.npy",
      "rgb_preview": "court-sample-001471/rgb.png",
      "alpha": "court-sample-001471/alpha.npy",
      "alpha_preview": "court-sample-001471/alpha.png",
      "depth": "court-sample-001471/depth.npy"
    },
    {
      "camera_id": "court-sample-001472",
      "request_source": "arbitrary",
      "width": 959,
      "height": 539,
      "rgb": "court-sample-001472/rgb.npy",
      "rgb_preview": "court-sample-001472/rgb.png",
      "alpha": "court-sample-001472/alpha.npy",
      "alpha_preview": "court-sample-001472/alpha.png",
      "depth": "court-sample-001472/depth.npy"
    },
    {
      "camera_id": "court-sample-001473",
      "request_source": "arbitrary",
      "width": 959,
      "height": 539,
      "rgb": "court-sample-001473/rgb.npy",
      "rgb_preview": "court-sample-001473/rgb.png",
      "alpha": "court-sample-001473/alpha.npy",
      "alpha_preview": "court-sample-001473/alpha.png",
      "depth": "court-sample-001473/depth.npy"
    },
    {
      "camera_id": "court-sample-001474",
      "request_source": "arbitrary",
      "width": 959,
      "height": 539,
      "rgb": "court-sample-001474/rgb.npy",
      "rgb_preview": "court-sample-001474/rgb.png",
      "alpha": "court-sample-001474/alpha.npy",
      "alpha_preview": "court-sample-001474/alpha.png",
      "depth": "court-sample-001474/depth.npy"
    },
    {
      "camera_id": "court-sample-001475",
      "request_source": "arbitrary",
      "width": 959,
      "height": 539,
      "rgb": "court-sample-001475/rgb.npy",
      "rgb_preview": "court-sample-001475/rgb.png",
      "alpha": "court-sample-001475/alpha.npy",
      "alpha_preview": "court-sample-001475/alpha.png",
      "depth": "court-sample-001475/depth.npy"
    },
    {
      "camera_id": "court-sample-001476",
      "request_source": "arbitrary",
      "width": 959,
      "height": 539,
      "rgb": "court-sample-001476/rgb.npy",
      "rgb_preview": "court-sample-001476/rgb.png",
      "alpha": "court-sample-001476/alpha.npy",
      "alpha_preview": "court-sample-001476/alpha.png",
      "depth": "court-sample-001476/depth.npy"
    },
    {
      "camera_id": "court-sample-001477",
      "request_source": "arbitrary",
      "width": 959,
      "height": 539,
      "rgb": "court-sample-001477/rgb.npy",
      "rgb_preview": "court-sample-001477/rgb.png",
      "alpha": "court-sample-001477/alpha.npy",
      "alpha_preview": "court-sample-001477/alpha.png",
      "depth": "court-sample-001477/depth.npy"
    },
    {
      "camera_id": "court-sample-001478",
      "request_source": "arbitrary",
      "width": 959,
      "height": 539,
      "rgb": "court-sample-001478/rgb.npy",
      "rgb_preview": "court-sample-001478/rgb.png",
      "alpha": "court-sample-001478/alpha.npy",
      "alpha_preview": "court-sample-001478/alpha.png",
      "depth": "court-sample-001478/depth.npy"
    },
    {
      "camera_id": "court-sample-001479",
      "request_source": "arbitrary",
      "width": 959,
      "height": 539,
      "rgb": "court-sample-001479/rgb.npy",
      "rgb_preview": "court-sample-001479/rgb.png",
      "alpha": "court-sample-001479/alpha.npy",
      "alpha_preview": "court-sample-001479/alpha.png",
      "depth": "court-sample-001479/depth.npy"
    },
    {
      "camera_id": "court-sample-001480",
      "request_source": "arbitrary",
      "width": 959,
      "height": 539,
      "rgb": "court-sample-001480/rgb.npy",
      "rgb_preview": "court-sample-001480/rgb.png",
      "alpha": "court-sample-001480/alpha.npy",
      "alpha_preview": "court-sample-001480/alpha.png",
      "depth": "court-sample-001480/depth.npy"
    },
    {
      "camera_id": "court-sample-001481",
      "request_source": "arbitrary",
      "width": 959,
      "height": 539,
      "rgb": "court-sample-001481/rgb.npy",
      "rgb_preview": "court-sample-001481/rgb.png",
      "alpha": "court-sample-001481/alpha.npy",
      "alpha_preview": "court-sample-001481/alpha.png",
      "depth": "court-sample-001481/depth.npy"
    },
    {
      "camera_id": "court-sample-001482",
      "request_source": "arbitrary",
      "width": 959,
      "height": 539,
      "rgb": "court-sample-001482/rgb.npy",
      "rgb_preview": "court-sample-001482/rgb.png",
      "alpha": "court-sample-001482/alpha.npy",
      "alpha_preview": "court-sample-001482/alpha.png",
      "depth": "court-sample-001482/depth.npy"
    },
    {
      "camera_id": "court-sample-001483",
      "request_source": "arbitrary",
      "width": 959,
      "height": 539,
      "rgb": "court-sample-001483/rgb.npy",
      "rgb_preview": "court-sample-001483/rgb.png",
      "alpha": "court-sample-001483/alpha.npy",
      "alpha_preview": "court-sample-001483/alpha.png",
      "depth": "court-sample-001483/depth.npy"
    },
    {
      "camera_id": "court-sample-001484",
      "request_source": "arbitrary",
      "width": 959,
      "height": 539,
      "rgb": "court-sample-001484/rgb.npy",
      "rgb_preview": "court-sample-001484/rgb.png",
      "alpha": "court-sample-001484/alpha.npy",
      "alpha_preview": "court-sample-001484/alpha.png",
      "depth": "court-sample-001484/depth.npy"
    },
    {
      "camera_id": "court-sample-001485",
      "request_source": "arbitrary",
      "width": 959,
      "height": 539,
      "rgb": "court-sample-001485/rgb.npy",
      "rgb_preview": "court-sample-001485/rgb.png",
      "alpha": "court-sample-001485/alpha.npy",
      "alpha_preview": "court-sample-001485/alpha.png",
      "depth": "court-sample-001485/depth.npy"
    },
    {
      "camera_id": "court-sample-001486",
      "request_source": "arbitrary",
      "width": 959,
      "height": 539,
      "rgb": "court-sample-001486/rgb.npy",
      "rgb_preview": "court-sample-001486/rgb.png",
      "alpha": "court-sample-001486/alpha.npy",
      "alpha_preview": "court-sample-001486/alpha.png",
      "depth": "court-sample-001486/depth.npy"
    },
    {
      "camera_id": "court-sample-001487",
      "request_source": "arbitrary",
      "width": 959,
      "height": 539,
      "rgb": "court-sample-001487/rgb.npy",
      "rgb_preview": "court-sample-001487/rgb.png",
      "alpha": "court-sample-001487/alpha.npy",
      "alpha_preview": "court-sample-001487/alpha.png",
      "depth": "court-sample-001487/depth.npy"
    },
    {
      "camera_id": "court-sample-001688",
      "request_source": "arbitrary",
      "width": 959,
      "height": 539,
      "rgb": "court-sample-001688/rgb.npy",
      "rgb_preview": "court-sample-001688/rgb.png",
      "alpha": "court-sample-001688/alpha.npy",
      "alpha_preview": "court-sample-001688/alpha.png",
      "depth": "court-sample-001688/depth.npy"
    },
    {
      "camera_id": "court-sample-001689",
      "request_source": "arbitrary",
      "width": 959,
      "height": 539,
      "rgb": "court-sample-001689/rgb.npy",
      "rgb_preview": "court-sample-001689/rgb.png",
      "alpha": "court-sample-001689/alpha.npy",
      "alpha_preview": "court-sample-001689/alpha.png",
      "depth": "court-sample-001689/depth.npy"
    },
    {
      "camera_id": "court-sample-001690",
      "request_source": "arbitrary",
      "width": 959,
      "height": 539,
      "rgb": "court-sample-001690/rgb.npy",
      "rgb_preview": "court-sample-001690/rgb.png",
      "alpha": "court-sample-001690/alpha.npy",
      "alpha_preview": "court-sample-001690/alpha.png",
      "depth": "court-sample-001690/depth.npy"
    },
    {
      "camera_id": "court-sample-001691",
      "request_source": "arbitrary",
      "width": 959,
      "height": 539,
      "rgb": "court-sample-001691/rgb.npy",
      "rgb_preview": "court-sample-001691/rgb.png",
      "alpha": "court-sample-001691/alpha.npy",
      "alpha_preview": "court-sample-001691/alpha.png",
      "depth": "court-sample-001691/depth.npy"
    },
    {
      "camera_id": "court-sample-001692",
      "request_source": "arbitrary",
      "width": 959,
      "height": 539,
      "rgb": "court-sample-001692/rgb.npy",
      "rgb_preview": "court-sample-001692/rgb.png",
      "alpha": "court-sample-001692/alpha.npy",
      "alpha_preview": "court-sample-001692/alpha.png",
      "depth": "court-sample-001692/depth.npy"
    },
    {
      "camera_id": "court-sample-001704",
      "request_source": "arbitrary",
      "width": 959,
      "height": 539,
      "rgb": "court-sample-001704/rgb.npy",
      "rgb_preview": "court-sample-001704/rgb.png",
      "alpha": "court-sample-001704/alpha.npy",
      "alpha_preview": "court-sample-001704/alpha.png",
      "depth": "court-sample-001704/depth.npy"
    },
    {
      "camera_id": "court-sample-001705",
      "request_source": "arbitrary",
      "width": 959,
      "height": 539,
      "rgb": "court-sample-001705/rgb.npy",
      "rgb_preview": "court-sample-001705/rgb.png",
      "alpha": "court-sample-001705/alpha.npy",
      "alpha_preview": "court-sample-001705/alpha.png",
      "depth": "court-sample-001705/depth.npy"
    },
    {
      "camera_id": "court-sample-001706",
      "request_source": "arbitrary",
      "width": 959,
      "height": 539,
      "rgb": "court-sample-001706/rgb.npy",
      "rgb_preview": "court-sample-001706/rgb.png",
      "alpha": "court-sample-001706/alpha.npy",
      "alpha_preview": "court-sample-001706/alpha.png",
      "depth": "court-sample-001706/depth.npy"
    },
    {
      "camera_id": "court-sample-001707",
      "request_source": "arbitrary",
      "width": 959,
      "height": 539,
      "rgb": "court-sample-001707/rgb.npy",
      "rgb_preview": "court-sample-001707/rgb.png",
      "alpha": "court-sample-001707/alpha.npy",
      "alpha_preview": "court-sample-001707/alpha.png",
      "depth": "court-sample-001707/depth.npy"
    },
    {
      "camera_id": "court-sample-001708",
      "request_source": "arbitrary",
      "width": 959,
      "height": 539,
      "rgb": "court-sample-001708/rgb.npy",
      "rgb_preview": "court-sample-001708/rgb.png",
      "alpha": "court-sample-001708/alpha.npy",
      "alpha_preview": "court-sample-001708/alpha.png",
      "depth": "court-sample-001708/depth.npy"
    },
    {
      "camera_id": "court-sample-001709",
      "request_source": "arbitrary",
      "width": 959,
      "height": 539,
      "rgb": "court-sample-001709/rgb.npy",
      "rgb_preview": "court-sample-001709/rgb.png",
      "alpha": "court-sample-001709/alpha.npy",
      "alpha_preview": "court-sample-001709/alpha.png",
      "depth": "court-sample-001709/depth.npy"
    },
    {
      "camera_id": "court-sample-001710",
      "request_source": "arbitrary",
      "width": 959,
      "height": 539,
      "rgb": "court-sample-001710/rgb.npy",
      "rgb_preview": "court-sample-001710/rgb.png",
      "alpha": "court-sample-001710/alpha.npy",
      "alpha_preview": "court-sample-001710/alpha.png",
      "depth": "court-sample-001710/depth.npy"
    },
    {
      "camera_id": "court-sample-001711",
      "request_source": "arbitrary",
      "width": 959,
      "height": 539,
      "rgb": "court-sample-001711/rgb.npy",
      "rgb_preview": "court-sample-001711/rgb.png",
      "alpha": "court-sample-001711/alpha.npy",
      "alpha_preview": "court-sample-001711/alpha.png",
      "depth": "court-sample-001711/depth.npy"
    },
    {
      "camera_id": "court-sample-001712",
      "request_source": "arbitrary",
      "width": 959,
      "height": 539,
      "rgb": "court-sample-001712/rgb.npy",
      "rgb_preview": "court-sample-001712/rgb.png",
      "alpha": "court-sample-001712/alpha.npy",
      "alpha_preview": "court-sample-001712/alpha.png",
      "depth": "court-sample-001712/depth.npy"
    },
    {
      "camera_id": "court-sample-001713",
      "request_source": "arbitrary",
      "width": 959,
      "height": 539,
      "rgb": "court-sample-001713/rgb.npy",
      "rgb_preview": "court-sample-001713/rgb.png",
      "alpha": "court-sample-001713/alpha.npy",
      "alpha_preview": "court-sample-001713/alpha.png",
      "depth": "court-sample-001713/depth.npy"
    },
    {
      "camera_id": "court-sample-001714",
      "request_source": "arbitrary",
      "width": 959,
      "height": 539,
      "rgb": "court-sample-001714/rgb.npy",
      "rgb_preview": "court-sample-001714/rgb.png",
      "alpha": "court-sample-001714/alpha.npy",
      "alpha_preview": "court-sample-001714/alpha.png",
      "depth": "court-sample-001714/depth.npy"
    },
    {
      "camera_id": "court-sample-001715",
      "request_source": "arbitrary",
      "width": 959,
      "height": 539,
      "rgb": "court-sample-001715/rgb.npy",
      "rgb_preview": "court-sample-001715/rgb.png",
      "alpha": "court-sample-001715/alpha.npy",
      "alpha_preview": "court-sample-001715/alpha.png",
      "depth": "court-sample-001715/depth.npy"
    },
    {
      "camera_id": "court-sample-001716",
      "request_source": "arbitrary",
      "width": 959,
      "height": 539,
      "rgb": "court-sample-001716/rgb.npy",
      "rgb_preview": "court-sample-001716/rgb.png",
      "alpha": "court-sample-001716/alpha.npy",
      "alpha_preview": "court-sample-001716/alpha.png",
      "depth": "court-sample-001716/depth.npy"
    },
    {
      "camera_id": "court-sample-001717",
      "request_source": "arbitrary",
      "width": 959,
      "height": 539,
      "rgb": "court-sample-001717/rgb.npy",
      "rgb_preview": "court-sample-001717/rgb.png",
      "alpha": "court-sample-001717/alpha.npy",
      "alpha_preview": "court-sample-001717/alpha.png",
      "depth": "court-sample-001717/depth.npy"
    },
    {
      "camera_id": "court-sample-001718",
      "request_source": "arbitrary",
      "width": 959,
      "height": 539,
      "rgb": "court-sample-001718/rgb.npy",
      "rgb_preview": "court-sample-001718/rgb.png",
      "alpha": "court-sample-001718/alpha.npy",
      "alpha_preview": "court-sample-001718/alpha.png",
      "depth": "court-sample-001718/depth.npy"
    },
    {
      "camera_id": "court-sample-001719",
      "request_source": "arbitrary",
      "width": 959,
      "height": 539,
      "rgb": "court-sample-001719/rgb.npy",
      "rgb_preview": "court-sample-001719/rgb.png",
      "alpha": "court-sample-001719/alpha.npy",
      "alpha_preview": "court-sample-001719/alpha.png",
      "depth": "court-sample-001719/depth.npy"
    },
    {
      "camera_id": "court-sample-001720",
      "request_source": "arbitrary",
      "width": 959,
      "height": 539,
      "rgb": "court-sample-001720/rgb.npy",
      "rgb_preview": "court-sample-001720/rgb.png",
      "alpha": "court-sample-001720/alpha.npy",
      "alpha_preview": "court-sample-001720/alpha.png",
      "depth": "court-sample-001720/depth.npy"
    },
    {
      "camera_id": "court-sample-001721",
      "request_source": "arbitrary",
      "width": 959,
      "height": 539,
      "rgb": "court-sample-001721/rgb.npy",
      "rgb_preview": "court-sample-001721/rgb.png",
      "alpha": "court-sample-001721/alpha.npy",
      "alpha_preview": "court-sample-001721/alpha.png",
      "depth": "court-sample-001721/depth.npy"
    },
    {
      "camera_id": "court-sample-001722",
      "request_source": "arbitrary",
      "width": 959,
      "height": 539,
      "rgb": "court-sample-001722/rgb.npy",
      "rgb_preview": "court-sample-001722/rgb.png",
      "alpha": "court-sample-001722/alpha.npy",
      "alpha_preview": "court-sample-001722/alpha.png",
      "depth": "court-sample-001722/depth.npy"
    },
    {
      "camera_id": "court-sample-001723",
      "request_source": "arbitrary",
      "width": 959,
      "height": 539,
      "rgb": "court-sample-001723/rgb.npy",
      "rgb_preview": "court-sample-001723/rgb.png",
      "alpha": "court-sample-001723/alpha.npy",
      "alpha_preview": "court-sample-001723/alpha.png",
      "depth": "court-sample-001723/depth.npy"
    },
    {
      "camera_id": "court-sample-001724",
      "request_source": "arbitrary",
      "width": 959,
      "height": 539,
      "rgb": "court-sample-001724/rgb.npy",
      "rgb_preview": "court-sample-001724/rgb.png",
      "alpha": "court-sample-001724/alpha.npy",
      "alpha_preview": "court-sample-001724/alpha.png",
      "depth": "court-sample-001724/depth.npy"
    },
    {
      "camera_id": "court-sample-001725",
      "request_source": "arbitrary",
      "width": 959,
      "height": 539,
      "rgb": "court-sample-001725/rgb.npy",
      "rgb_preview": "court-sample-001725/rgb.png",
      "alpha": "court-sample-001725/alpha.npy",
      "alpha_preview": "court-sample-001725/alpha.png",
      "depth": "court-sample-001725/depth.npy"
    },
    {
      "camera_id": "court-sample-001726",
      "request_source": "arbitrary",
      "width": 959,
      "height": 539,
      "rgb": "court-sample-001726/rgb.npy",
      "rgb_preview": "court-sample-001726/rgb.png",
      "alpha": "court-sample-001726/alpha.npy",
      "alpha_preview": "court-sample-001726/alpha.png",
      "depth": "court-sample-001726/depth.npy"
    },
    {
      "camera_id": "court-sample-001727",
      "request_source": "arbitrary",
      "width": 959,
      "height": 539,
      "rgb": "court-sample-001727/rgb.npy",
      "rgb_preview": "court-sample-001727/rgb.png",
      "alpha": "court-sample-001727/alpha.npy",
      "alpha_preview": "court-sample-001727/alpha.png",
      "depth": "court-sample-001727/depth.npy"
    },
    {
      "camera_id": "court-sample-001816",
      "request_source": "arbitrary",
      "width": 959,
      "height": 539,
      "rgb": "court-sample-001816/rgb.npy",
      "rgb_preview": "court-sample-001816/rgb.png",
      "alpha": "court-sample-001816/alpha.npy",
      "alpha_preview": "court-sample-001816/alpha.png",
      "depth": "court-sample-001816/depth.npy"
    },
    {
      "camera_id": "court-sample-001817",
      "request_source": "arbitrary",
      "width": 959,
      "height": 539,
      "rgb": "court-sample-001817/rgb.npy",
      "rgb_preview": "court-sample-001817/rgb.png",
      "alpha": "court-sample-001817/alpha.npy",
      "alpha_preview": "court-sample-001817/alpha.png",
      "depth": "court-sample-001817/depth.npy"
    },
    {
      "camera_id": "court-sample-001818",
      "request_source": "arbitrary",
      "width": 959,
      "height": 539,
      "rgb": "court-sample-001818/rgb.npy",
      "rgb_preview": "court-sample-001818/rgb.png",
      "alpha": "court-sample-001818/alpha.npy",
      "alpha_preview": "court-sample-001818/alpha.png",
      "depth": "court-sample-001818/depth.npy"
    },
    {
      "camera_id": "court-sample-001819",
      "request_source": "arbitrary",
      "width": 959,
      "height": 539,
      "rgb": "court-sample-001819/rgb.npy",
      "rgb_preview": "court-sample-001819/rgb.png",
      "alpha": "court-sample-001819/alpha.npy",
      "alpha_preview": "court-sample-001819/alpha.png",
      "depth": "court-sample-001819/depth.npy"
    },
    {
      "camera_id": "court-sample-001820",
      "request_source": "arbitrary",
      "width": 959,
      "height": 539,
      "rgb": "court-sample-001820/rgb.npy",
      "rgb_preview": "court-sample-001820/rgb.png",
      "alpha": "court-sample-001820/alpha.npy",
      "alpha_preview": "court-sample-001820/alpha.png",
      "depth": "court-sample-001820/depth.npy"
    },
    {
      "camera_id": "court-sample-001821",
      "request_source": "arbitrary",
      "width": 959,
      "height": 539,
      "rgb": "court-sample-001821/rgb.npy",
      "rgb_preview": "court-sample-001821/rgb.png",
      "alpha": "court-sample-001821/alpha.npy",
      "alpha_preview": "court-sample-001821/alpha.png",
      "depth": "court-sample-001821/depth.npy"
    },
    {
      "camera_id": "court-sample-001822",
      "request_source": "arbitrary",
      "width": 959,
      "height": 539,
      "rgb": "court-sample-001822/rgb.npy",
      "rgb_preview": "court-sample-001822/rgb.png",
      "alpha": "court-sample-001822/alpha.npy",
      "alpha_preview": "court-sample-001822/alpha.png",
      "depth": "court-sample-001822/depth.npy"
    },
    {
      "camera_id": "court-sample-001823",
      "request_source": "arbitrary",
      "width": 959,
      "height": 539,
      "rgb": "court-sample-001823/rgb.npy",
      "rgb_preview": "court-sample-001823/rgb.png",
      "alpha": "court-sample-001823/alpha.npy",
      "alpha_preview": "court-sample-001823/alpha.png",
      "depth": "court-sample-001823/depth.npy"
    },
    {
      "camera_id": "court-sample-001824",
      "request_source": "arbitrary",
      "width": 959,
      "height": 539,
      "rgb": "court-sample-001824/rgb.npy",
      "rgb_preview": "court-sample-001824/rgb.png",
      "alpha": "court-sample-001824/alpha.npy",
      "alpha_preview": "court-sample-001824/alpha.png",
      "depth": "court-sample-001824/depth.npy"
    },
    {
      "camera_id": "court-sample-001825",
      "request_source": "arbitrary",
      "width": 959,
      "height": 539,
      "rgb": "court-sample-001825/rgb.npy",
      "rgb_preview": "court-sample-001825/rgb.png",
      "alpha": "court-sample-001825/alpha.npy",
      "alpha_preview": "court-sample-001825/alpha.png",
      "depth": "court-sample-001825/depth.npy"
    },
    {
      "camera_id": "court-sample-001826",
      "request_source": "arbitrary",
      "width": 959,
      "height": 539,
      "rgb": "court-sample-001826/rgb.npy",
      "rgb_preview": "court-sample-001826/rgb.png",
      "alpha": "court-sample-001826/alpha.npy",
      "alpha_preview": "court-sample-001826/alpha.png",
      "depth": "court-sample-001826/depth.npy"
    },
    {
      "camera_id": "court-sample-001827",
      "request_source": "arbitrary",
      "width": 959,
      "height": 539,
      "rgb": "court-sample-001827/rgb.npy",
      "rgb_preview": "court-sample-001827/rgb.png",
      "alpha": "court-sample-001827/alpha.npy",
      "alpha_preview": "court-sample-001827/alpha.png",
      "depth": "court-sample-001827/depth.npy"
    },
    {
      "camera_id": "court-sample-001828",
      "request_source": "arbitrary",
      "width": 959,
      "height": 539,
      "rgb": "court-sample-001828/rgb.npy",
      "rgb_preview": "court-sample-001828/rgb.png",
      "alpha": "court-sample-001828/alpha.npy",
      "alpha_preview": "court-sample-001828/alpha.png",
      "depth": "court-sample-001828/depth.npy"
    },
    {
      "camera_id": "court-sample-001829",
      "request_source": "arbitrary",
      "width": 959,
      "height": 539,
      "rgb": "court-sample-001829/rgb.npy",
      "rgb_preview": "court-sample-001829/rgb.png",
      "alpha": "court-sample-001829/alpha.npy",
      "alpha_preview": "court-sample-001829/alpha.png",
      "depth": "court-sample-001829/depth.npy"
    },
    {
      "camera_id": "court-sample-001830",
      "request_source": "arbitrary",
      "width": 959,
      "height": 539,
      "rgb": "court-sample-001830/rgb.npy",
      "rgb_preview": "court-sample-001830/rgb.png",
      "alpha": "court-sample-001830/alpha.npy",
      "alpha_preview": "court-sample-001830/alpha.png",
      "depth": "court-sample-001830/depth.npy"
    },
    {
      "camera_id": "court-sample-001831",
      "request_source": "arbitrary",
      "width": 959,
      "height": 539,
      "rgb": "court-sample-001831/rgb.npy",
      "rgb_preview": "court-sample-001831/rgb.png",
      "alpha": "court-sample-001831/alpha.npy",
      "alpha_preview": "court-sample-001831/alpha.png",
      "depth": "court-sample-001831/depth.npy"
    },
    {
      "camera_id": "court-sample-001832",
      "request_source": "arbitrary",
      "width": 959,
      "height": 539,
      "rgb": "court-sample-001832/rgb.npy",
      "rgb_preview": "court-sample-001832/rgb.png",
      "alpha": "court-sample-001832/alpha.npy",
      "alpha_preview": "court-sample-001832/alpha.png",
      "depth": "court-sample-001832/depth.npy"
    },
    {
      "camera_id": "court-sample-001833",
      "request_source": "arbitrary",
      "width": 959,
      "height": 539,
      "rgb": "court-sample-001833/rgb.npy",
      "rgb_preview": "court-sample-001833/rgb.png",
      "alpha": "court-sample-001833/alpha.npy",
      "alpha_preview": "court-sample-001833/alpha.png",
      "depth": "court-sample-001833/depth.npy"
    },
    {
      "camera_id": "court-sample-001834",
      "request_source": "arbitrary",
      "width": 959,
      "height": 539,
      "rgb": "court-sample-001834/rgb.npy",
      "rgb_preview": "court-sample-001834/rgb.png",
      "alpha": "court-sample-001834/alpha.npy",
      "alpha_preview": "court-sample-001834/alpha.png",
      "depth": "court-sample-001834/depth.npy"
    },
    {
      "camera_id": "court-sample-001835",
      "request_source": "arbitrary",
      "width": 959,
      "height": 539,
      "rgb": "court-sample-001835/rgb.npy",
      "rgb_preview": "court-sample-001835/rgb.png",
      "alpha": "court-sample-001835/alpha.npy",
      "alpha_preview": "court-sample-001835/alpha.png",
      "depth": "court-sample-001835/depth.npy"
    },
    {
      "camera_id": "court-sample-001836",
      "request_source": "arbitrary",
      "width": 959,
      "height": 539,
      "rgb": "court-sample-001836/rgb.npy",
      "rgb_preview": "court-sample-001836/rgb.png",
      "alpha": "court-sample-001836/alpha.npy",
      "alpha_preview": "court-sample-001836/alpha.png",
      "depth": "court-sample-001836/depth.npy"
    },
    {
      "camera_id": "court-sample-001837",
      "request_source": "arbitrary",
      "width": 959,
      "height": 539,
      "rgb": "court-sample-001837/rgb.npy",
      "rgb_preview": "court-sample-001837/rgb.png",
      "alpha": "court-sample-001837/alpha.npy",
      "alpha_preview": "court-sample-001837/alpha.png",
      "depth": "court-sample-001837/depth.npy"
    },
    {
      "camera_id": "court-sample-001838",
      "request_source": "arbitrary",
      "width": 959,
      "height": 539,
      "rgb": "court-sample-001838/rgb.npy",
      "rgb_preview": "court-sample-001838/rgb.png",
      "alpha": "court-sample-001838/alpha.npy",
      "alpha_preview": "court-sample-001838/alpha.png",
      "depth": "court-sample-001838/depth.npy"
    },
    {
      "camera_id": "court-sample-001839",
      "request_source": "arbitrary",
      "width": 959,
      "height": 539,
      "rgb": "court-sample-001839/rgb.npy",
      "rgb_preview": "court-sample-001839/rgb.png",
      "alpha": "court-sample-001839/alpha.npy",
      "alpha_preview": "court-sample-001839/alpha.png",
      "depth": "court-sample-001839/depth.npy"
    },
    {
      "camera_id": "court-sample-001840",
      "request_source": "arbitrary",
      "width": 959,
      "height": 539,
      "rgb": "court-sample-001840/rgb.npy",
      "rgb_preview": "court-sample-001840/rgb.png",
      "alpha": "court-sample-001840/alpha.npy",
      "alpha_preview": "court-sample-001840/alpha.png",
      "depth": "court-sample-001840/depth.npy"
    },
    {
      "camera_id": "court-sample-001841",
      "request_source": "arbitrary",
      "width": 959,
      "height": 539,
      "rgb": "court-sample-001841/rgb.npy",
      "rgb_preview": "court-sample-001841/rgb.png",
      "alpha": "court-sample-001841/alpha.npy",
      "alpha_preview": "court-sample-001841/alpha.png",
      "depth": "court-sample-001841/depth.npy"
    },
    {
      "camera_id": "court-sample-001842",
      "request_source": "arbitrary",
      "width": 959,
      "height": 539,
      "rgb": "court-sample-001842/rgb.npy",
      "rgb_preview": "court-sample-001842/rgb.png",
      "alpha": "court-sample-001842/alpha.npy",
      "alpha_preview": "court-sample-001842/alpha.png",
      "depth": "court-sample-001842/depth.npy"
    },
    {
      "camera_id": "court-sample-001843",
      "request_source": "arbitrary",
      "width": 959,
      "height": 539,
      "rgb": "court-sample-001843/rgb.npy",
      "rgb_preview": "court-sample-001843/rgb.png",
      "alpha": "court-sample-001843/alpha.npy",
      "alpha_preview": "court-sample-001843/alpha.png",
      "depth": "court-sample-001843/depth.npy"
    },
    {
      "camera_id": "court-sample-001844",
      "request_source": "arbitrary",
      "width": 959,
      "height": 539,
      "rgb": "court-sample-001844/rgb.npy",
      "rgb_preview": "court-sample-001844/rgb.png",
      "alpha": "court-sample-001844/alpha.npy",
      "alpha_preview": "court-sample-001844/alpha.png",
      "depth": "court-sample-001844/depth.npy"
    },
    {
      "camera_id": "court-sample-001845",
      "request_source": "arbitrary",
      "width": 959,
      "height": 539,
      "rgb": "court-sample-001845/rgb.npy",
      "rgb_preview": "court-sample-001845/rgb.png",
      "alpha": "court-sample-001845/alpha.npy",
      "alpha_preview": "court-sample-001845/alpha.png",
      "depth": "court-sample-001845/depth.npy"
    },
    {
      "camera_id": "court-sample-001846",
      "request_source": "arbitrary",
      "width": 959,
      "height": 539,
      "rgb": "court-sample-001846/rgb.npy",
      "rgb_preview": "court-sample-001846/rgb.png",
      "alpha": "court-sample-001846/alpha.npy",
      "alpha_preview": "court-sample-001846/alpha.png",
      "depth": "court-sample-001846/depth.npy"
    },
    {
      "camera_id": "court-sample-001847",
      "request_source": "arbitrary",
      "width": 959,
      "height": 539,
      "rgb": "court-sample-001847/rgb.npy",
      "rgb_preview": "court-sample-001847/rgb.png",
      "alpha": "court-sample-001847/alpha.npy",
      "alpha_preview": "court-sample-001847/alpha.png",
      "depth": "court-sample-001847/depth.npy"
    },
    {
      "camera_id": "court-sample-001848",
      "request_source": "arbitrary",
      "width": 959,
      "height": 539,
      "rgb": "court-sample-001848/rgb.npy",
      "rgb_preview": "court-sample-001848/rgb.png",
      "alpha": "court-sample-001848/alpha.npy",
      "alpha_preview": "court-sample-001848/alpha.png",
      "depth": "court-sample-001848/depth.npy"
    },
    {
      "camera_id": "court-sample-001849",
      "request_source": "arbitrary",
      "width": 959,
      "height": 539,
      "rgb": "court-sample-001849/rgb.npy",
      "rgb_preview": "court-sample-001849/rgb.png",
      "alpha": "court-sample-001849/alpha.npy",
      "alpha_preview": "court-sample-001849/alpha.png",
      "depth": "court-sample-001849/depth.npy"
    },
    {
      "camera_id": "court-sample-001850",
      "request_source": "arbitrary",
      "width": 959,
      "height": 539,
      "rgb": "court-sample-001850/rgb.npy",
      "rgb_preview": "court-sample-001850/rgb.png",
      "alpha": "court-sample-001850/alpha.npy",
      "alpha_preview": "court-sample-001850/alpha.png",
      "depth": "court-sample-001850/depth.npy"
    },
    {
      "camera_id": "court-sample-001851",
      "request_source": "arbitrary",
      "width": 959,
      "height": 539,
      "rgb": "court-sample-001851/rgb.npy",
      "rgb_preview": "court-sample-001851/rgb.png",
      "alpha": "court-sample-001851/alpha.npy",
      "alpha_preview": "court-sample-001851/alpha.png",
      "depth": "court-sample-001851/depth.npy"
    },
    {
      "camera_id": "court-sample-001852",
      "request_source": "arbitrary",
      "width": 959,
      "height": 539,
      "rgb": "court-sample-001852/rgb.npy",
      "rgb_preview": "court-sample-001852/rgb.png",
      "alpha": "court-sample-001852/alpha.npy",
      "alpha_preview": "court-sample-001852/alpha.png",
      "depth": "court-sample-001852/depth.npy"
    },
    {
      "camera_id": "court-sample-001853",
      "request_source": "arbitrary",
      "width": 959,
      "height": 539,
      "rgb": "court-sample-001853/rgb.npy",
      "rgb_preview": "court-sample-001853/rgb.png",
      "alpha": "court-sample-001853/alpha.npy",
      "alpha_preview": "court-sample-001853/alpha.png",
      "depth": "court-sample-001853/depth.npy"
    },
    {
      "camera_id": "court-sample-001854",
      "request_source": "arbitrary",
      "width": 959,
      "height": 539,
      "rgb": "court-sample-001854/rgb.npy",
      "rgb_preview": "court-sample-001854/rgb.png",
      "alpha": "court-sample-001854/alpha.npy",
      "alpha_preview": "court-sample-001854/alpha.png",
      "depth": "court-sample-001854/depth.npy"
    },
    {
      "camera_id": "court-sample-001855",
      "request_source": "arbitrary",
      "width": 959,
      "height": 539,
      "rgb": "court-sample-001855/rgb.npy",
      "rgb_preview": "court-sample-001855/rgb.png",
      "alpha": "court-sample-001855/alpha.npy",
      "alpha_preview": "court-sample-001855/alpha.png",
      "depth": "court-sample-001855/depth.npy"
    },
    {
      "camera_id": "court-sample-001856",
      "request_source": "arbitrary",
      "width": 959,
      "height": 539,
      "rgb": "court-sample-001856/rgb.npy",
      "rgb_preview": "court-sample-001856/rgb.png",
      "alpha": "court-sample-001856/alpha.npy",
      "alpha_preview": "court-sample-001856/alpha.png",
      "depth": "court-sample-001856/depth.npy"
    },
    {
      "camera_id": "court-sample-001857",
      "request_source": "arbitrary",
      "width": 959,
      "height": 539,
      "rgb": "court-sample-001857/rgb.npy",
      "rgb_preview": "court-sample-001857/rgb.png",
      "alpha": "court-sample-001857/alpha.npy",
      "alpha_preview": "court-sample-001857/alpha.png",
      "depth": "court-sample-001857/depth.npy"
    },
    {
      "camera_id": "court-sample-001858",
      "request_source": "arbitrary",
      "width": 959,
      "height": 539,
      "rgb": "court-sample-001858/rgb.npy",
      "rgb_preview": "court-sample-001858/rgb.png",
      "alpha": "court-sample-001858/alpha.npy",
      "alpha_preview": "court-sample-001858/alpha.png",
      "depth": "court-sample-001858/depth.npy"
    },
    {
      "camera_id": "court-sample-001859",
      "request_source": "arbitrary",
      "width": 959,
      "height": 539,
      "rgb": "court-sample-001859/rgb.npy",
      "rgb_preview": "court-sample-001859/rgb.png",
      "alpha": "court-sample-001859/alpha.npy",
      "alpha_preview": "court-sample-001859/alpha.png",
      "depth": "court-sample-001859/depth.npy"
    },
    {
      "camera_id": "court-sample-001860",
      "request_source": "arbitrary",
      "width": 959,
      "height": 539,
      "rgb": "court-sample-001860/rgb.npy",
      "rgb_preview": "court-sample-001860/rgb.png",
      "alpha": "court-sample-001860/alpha.npy",
      "alpha_preview": "court-sample-001860/alpha.png",
      "depth": "court-sample-001860/depth.npy"
    },
    {
      "camera_id": "court-sample-001861",
      "request_source": "arbitrary",
      "width": 959,
      "height": 539,
      "rgb": "court-sample-001861/rgb.npy",
      "rgb_preview": "court-sample-001861/rgb.png",
      "alpha": "court-sample-001861/alpha.npy",
      "alpha_preview": "court-sample-001861/alpha.png",
      "depth": "court-sample-001861/depth.npy"
    },
    {
      "camera_id": "court-sample-001862",
      "request_source": "arbitrary",
      "width": 959,
      "height": 539,
      "rgb": "court-sample-001862/rgb.npy",
      "rgb_preview": "court-sample-001862/rgb.png",
      "alpha": "court-sample-001862/alpha.npy",
      "alpha_preview": "court-sample-001862/alpha.png",
      "depth": "court-sample-001862/depth.npy"
    },
    {
      "camera_id": "court-sample-001863",
      "request_source": "arbitrary",
      "width": 959,
      "height": 539,
      "rgb": "court-sample-001863/rgb.npy",
      "rgb_preview": "court-sample-001863/rgb.png",
      "alpha": "court-sample-001863/alpha.npy",
      "alpha_preview": "court-sample-001863/alpha.png",
      "depth": "court-sample-001863/depth.npy"
    },
    {
      "camera_id": "court-sample-001864",
      "request_source": "arbitrary",
      "width": 959,
      "height": 539,
      "rgb": "court-sample-001864/rgb.npy",
      "rgb_preview": "court-sample-001864/rgb.png",
      "alpha": "court-sample-001864/alpha.npy",
      "alpha_preview": "court-sample-001864/alpha.png",
      "depth": "court-sample-001864/depth.npy"
    },
    {
      "camera_id": "court-sample-001865",
      "request_source": "arbitrary",
      "width": 959,
      "height": 539,
      "rgb": "court-sample-001865/rgb.npy",
      "rgb_preview": "court-sample-001865/rgb.png",
      "alpha": "court-sample-001865/alpha.npy",
      "alpha_preview": "court-sample-001865/alpha.png",
      "depth": "court-sample-001865/depth.npy"
    },
    {
      "camera_id": "court-sample-001866",
      "request_source": "arbitrary",
      "width": 959,
      "height": 539,
      "rgb": "court-sample-001866/rgb.npy",
      "rgb_preview": "court-sample-001866/rgb.png",
      "alpha": "court-sample-001866/alpha.npy",
      "alpha_preview": "court-sample-001866/alpha.png",
      "depth": "court-sample-001866/depth.npy"
    },
    {
      "camera_id": "court-sample-001867",
      "request_source": "arbitrary",
      "width": 959,
      "height": 539,
      "rgb": "court-sample-001867/rgb.npy",
      "rgb_preview": "court-sample-001867/rgb.png",
      "alpha": "court-sample-001867/alpha.npy",
      "alpha_preview": "court-sample-001867/alpha.png",
      "depth": "court-sample-001867/depth.npy"
    },
    {
      "camera_id": "court-sample-001868",
      "request_source": "arbitrary",
      "width": 959,
      "height": 539,
      "rgb": "court-sample-001868/rgb.npy",
      "rgb_preview": "court-sample-001868/rgb.png",
      "alpha": "court-sample-001868/alpha.npy",
      "alpha_preview": "court-sample-001868/alpha.png",
      "depth": "court-sample-001868/depth.npy"
    },
    {
      "camera_id": "court-sample-001869",
      "request_source": "arbitrary",
      "width": 959,
      "height": 539,
      "rgb": "court-sample-001869/rgb.npy",
      "rgb_preview": "court-sample-001869/rgb.png",
      "alpha": "court-sample-001869/alpha.npy",
      "alpha_preview": "court-sample-001869/alpha.png",
      "depth": "court-sample-001869/depth.npy"
    },
    {
      "camera_id": "court-sample-001870",
      "request_source": "arbitrary",
      "width": 959,
      "height": 539,
      "rgb": "court-sample-001870/rgb.npy",
      "rgb_preview": "court-sample-001870/rgb.png",
      "alpha": "court-sample-001870/alpha.npy",
      "alpha_preview": "court-sample-001870/alpha.png",
      "depth": "court-sample-001870/depth.npy"
    },
    {
      "camera_id": "court-sample-001871",
      "request_source": "arbitrary",
      "width": 959,
      "height": 539,
      "rgb": "court-sample-001871/rgb.npy",
      "rgb_preview": "court-sample-001871/rgb.png",
      "alpha": "court-sample-001871/alpha.npy",
      "alpha_preview": "court-sample-001871/alpha.png",
      "depth": "court-sample-001871/depth.npy"
    },
    {
      "camera_id": "court-sample-001872",
      "request_source": "arbitrary",
      "width": 959,
      "height": 539,
      "rgb": "court-sample-001872/rgb.npy",
      "rgb_preview": "court-sample-001872/rgb.png",
      "alpha": "court-sample-001872/alpha.npy",
      "alpha_preview": "court-sample-001872/alpha.png",
      "depth": "court-sample-001872/depth.npy"
    },
    {
      "camera_id": "court-sample-001873",
      "request_source": "arbitrary",
      "width": 959,
      "height": 539,
      "rgb": "court-sample-001873/rgb.npy",
      "rgb_preview": "court-sample-001873/rgb.png",
      "alpha": "court-sample-001873/alpha.npy",
      "alpha_preview": "court-sample-001873/alpha.png",
      "depth": "court-sample-001873/depth.npy"
    },
    {
      "camera_id": "court-sample-001874",
      "request_source": "arbitrary",
      "width": 959,
      "height": 539,
      "rgb": "court-sample-001874/rgb.npy",
      "rgb_preview": "court-sample-001874/rgb.png",
      "alpha": "court-sample-001874/alpha.npy",
      "alpha_preview": "court-sample-001874/alpha.png",
      "depth": "court-sample-001874/depth.npy"
    },
    {
      "camera_id": "court-sample-001875",
      "request_source": "arbitrary",
      "width": 959,
      "height": 539,
      "rgb": "court-sample-001875/rgb.npy",
      "rgb_preview": "court-sample-001875/rgb.png",
      "alpha": "court-sample-001875/alpha.npy",
      "alpha_preview": "court-sample-001875/alpha.png",
      "depth": "court-sample-001875/depth.npy"
    },
    {
      "camera_id": "court-sample-001876",
      "request_source": "arbitrary",
      "width": 959,
      "height": 539,
      "rgb": "court-sample-001876/rgb.npy",
      "rgb_preview": "court-sample-001876/rgb.png",
      "alpha": "court-sample-001876/alpha.npy",
      "alpha_preview": "court-sample-001876/alpha.png",
      "depth": "court-sample-001876/depth.npy"
    },
    {
      "camera_id": "court-sample-001877",
      "request_source": "arbitrary",
      "width": 959,
      "height": 539,
      "rgb": "court-sample-001877/rgb.npy",
      "rgb_preview": "court-sample-001877/rgb.png",
      "alpha": "court-sample-001877/alpha.npy",
      "alpha_preview": "court-sample-001877/alpha.png",
      "depth": "court-sample-001877/depth.npy"
    },
    {
      "camera_id": "court-sample-001878",
      "request_source": "arbitrary",
      "width": 959,
      "height": 539,
      "rgb": "court-sample-001878/rgb.npy",
      "rgb_preview": "court-sample-001878/rgb.png",
      "alpha": "court-sample-001878/alpha.npy",
      "alpha_preview": "court-sample-001878/alpha.png",
      "depth": "court-sample-001878/depth.npy"
    },
    {
      "camera_id": "court-sample-001879",
      "request_source": "arbitrary",
      "width": 959,
      "height": 539,
      "rgb": "court-sample-001879/rgb.npy",
      "rgb_preview": "court-sample-001879/rgb.png",
      "alpha": "court-sample-001879/alpha.npy",
      "alpha_preview": "court-sample-001879/alpha.png",
      "depth": "court-sample-001879/depth.npy"
    },
    {
      "camera_id": "court-sample-001880",
      "request_source": "arbitrary",
      "width": 959,
      "height": 539,
      "rgb": "court-sample-001880/rgb.npy",
      "rgb_preview": "court-sample-001880/rgb.png",
      "alpha": "court-sample-001880/alpha.npy",
      "alpha_preview": "court-sample-001880/alpha.png",
      "depth": "court-sample-001880/depth.npy"
    },
    {
      "camera_id": "court-sample-001881",
      "request_source": "arbitrary",
      "width": 959,
      "height": 539,
      "rgb": "court-sample-001881/rgb.npy",
      "rgb_preview": "court-sample-001881/rgb.png",
      "alpha": "court-sample-001881/alpha.npy",
      "alpha_preview": "court-sample-001881/alpha.png",
      "depth": "court-sample-001881/depth.npy"
    },
    {
      "camera_id": "court-sample-001882",
      "request_source": "arbitrary",
      "width": 959,
      "height": 539,
      "rgb": "court-sample-001882/rgb.npy",
      "rgb_preview": "court-sample-001882/rgb.png",
      "alpha": "court-sample-001882/alpha.npy",
      "alpha_preview": "court-sample-001882/alpha.png",
      "depth": "court-sample-001882/depth.npy"
    },
    {
      "camera_id": "court-sample-001883",
      "request_source": "arbitrary",
      "width": 959,
      "height": 539,
      "rgb": "court-sample-001883/rgb.npy",
      "rgb_preview": "court-sample-001883/rgb.png",
      "alpha": "court-sample-001883/alpha.npy",
      "alpha_preview": "court-sample-001883/alpha.png",
      "depth": "court-sample-001883/depth.npy"
    },
    {
      "camera_id": "court-sample-001884",
      "request_source": "arbitrary",
      "width": 959,
      "height": 539,
      "rgb": "court-sample-001884/rgb.npy",
      "rgb_preview": "court-sample-001884/rgb.png",
      "alpha": "court-sample-001884/alpha.npy",
      "alpha_preview": "court-sample-001884/alpha.png",
      "depth": "court-sample-001884/depth.npy"
    },
    {
      "camera_id": "court-sample-001885",
      "request_source": "arbitrary",
      "width": 959,
      "height": 539,
      "rgb": "court-sample-001885/rgb.npy",
      "rgb_preview": "court-sample-001885/rgb.png",
      "alpha": "court-sample-001885/alpha.npy",
      "alpha_preview": "court-sample-001885/alpha.png",
      "depth": "court-sample-001885/depth.npy"
    },
    {
      "camera_id": "court-sample-001886",
      "request_source": "arbitrary",
      "width": 959,
      "height": 539,
      "rgb": "court-sample-001886/rgb.npy",
      "rgb_preview": "court-sample-001886/rgb.png",
      "alpha": "court-sample-001886/alpha.npy",
      "alpha_preview": "court-sample-001886/alpha.png",
      "depth": "court-sample-001886/depth.npy"
    },
    {
      "camera_id": "court-sample-001887",
      "request_source": "arbitrary",
      "width": 959,
      "height": 539,
      "rgb": "court-sample-001887/rgb.npy",
      "rgb_preview": "court-sample-001887/rgb.png",
      "alpha": "court-sample-001887/alpha.npy",
      "alpha_preview": "court-sample-001887/alpha.png",
      "depth": "court-sample-001887/depth.npy"
    },
    {
      "camera_id": "court-sample-001888",
      "request_source": "arbitrary",
      "width": 959,
      "height": 539,
      "rgb": "court-sample-001888/rgb.npy",
      "rgb_preview": "court-sample-001888/rgb.png",
      "alpha": "court-sample-001888/alpha.npy",
      "alpha_preview": "court-sample-001888/alpha.png",
      "depth": "court-sample-001888/depth.npy"
    },
    {
      "camera_id": "court-sample-001889",
      "request_source": "arbitrary",
      "width": 959,
      "height": 539,
      "rgb": "court-sample-001889/rgb.npy",
      "rgb_preview": "court-sample-001889/rgb.png",
      "alpha": "court-sample-001889/alpha.npy",
      "alpha_preview": "court-sample-001889/alpha.png",
      "depth": "court-sample-001889/depth.npy"
    },
    {
      "camera_id": "court-sample-001890",
      "request_source": "arbitrary",
      "width": 959,
      "height": 539,
      "rgb": "court-sample-001890/rgb.npy",
      "rgb_preview": "court-sample-001890/rgb.png",
      "alpha": "court-sample-001890/alpha.npy",
      "alpha_preview": "court-sample-001890/alpha.png",
      "depth": "court-sample-001890/depth.npy"
    },
    {
      "camera_id": "court-sample-001891",
      "request_source": "arbitrary",
      "width": 959,
      "height": 539,
      "rgb": "court-sample-001891/rgb.npy",
      "rgb_preview": "court-sample-001891/rgb.png",
      "alpha": "court-sample-001891/alpha.npy",
      "alpha_preview": "court-sample-001891/alpha.png",
      "depth": "court-sample-001891/depth.npy"
    },
    {
      "camera_id": "court-sample-001892",
      "request_source": "arbitrary",
      "width": 959,
      "height": 539,
      "rgb": "court-sample-001892/rgb.npy",
      "rgb_preview": "court-sample-001892/rgb.png",
      "alpha": "court-sample-001892/alpha.npy",
      "alpha_preview": "court-sample-001892/alpha.png",
      "depth": "court-sample-001892/depth.npy"
    },
    {
      "camera_id": "court-sample-001893",
      "request_source": "arbitrary",
      "width": 959,
      "height": 539,
      "rgb": "court-sample-001893/rgb.npy",
      "rgb_preview": "court-sample-001893/rgb.png",
      "alpha": "court-sample-001893/alpha.npy",
      "alpha_preview": "court-sample-001893/alpha.png",
      "depth": "court-sample-001893/depth.npy"
    },
    {
      "camera_id": "court-sample-001894",
      "request_source": "arbitrary",
      "width": 959,
      "height": 539,
      "rgb": "court-sample-001894/rgb.npy",
      "rgb_preview": "court-sample-001894/rgb.png",
      "alpha": "court-sample-001894/alpha.npy",
      "alpha_preview": "court-sample-001894/alpha.png",
      "depth": "court-sample-001894/depth.npy"
    },
    {
      "camera_id": "court-sample-001895",
      "request_source": "arbitrary",
      "width": 959,
      "height": 539,
      "rgb": "court-sample-001895/rgb.npy",
      "rgb_preview": "court-sample-001895/rgb.png",
      "alpha": "court-sample-001895/alpha.npy",
      "alpha_preview": "court-sample-001895/alpha.png",
      "depth": "court-sample-001895/depth.npy"
    }
  ]
}
  View encoding: sh, dim=9
  View encoding: sh, dim=9
  View encoding: sh, dim=9
  View encoding: sh, dim=9
  View encoding: sh, dim=9
  View encoding: sh, dim=9
  View encoding: sh, dim=9
  View encoding: sh, dim=9
  View encoding: sh, dim=9
  View encoding: sh, dim=9
  View encoding: sh, dim=9
  View encoding: sh, dim=9
  View encoding: sh, dim=9
  View encoding: sh, dim=9
  View encoding: sh, dim=9
  View encoding: sh, dim=9
  View encoding: sh, dim=9
  View encoding: sh, dim=9
  View encoding: sh, dim=9
  View encoding: sh, dim=9
  View encoding: sh, dim=9
  View encoding: sh, dim=9
  View encoding: sh, dim=9
  View encoding: sh, dim=9
  View encoding: sh, dim=9
  View encoding: sh, dim=9
  View encoding: sh, dim=9
  View encoding: sh, dim=9
  View encoding: sh, dim=9
  View encoding: sh, dim=9
  View encoding: sh, dim=9
  View encoding: sh, dim=9
  View encoding: sh, dim=9
  View encoding: sh, dim=9
  View encoding: sh, dim=9
  View encoding: sh, dim=9
  View encoding: sh, dim=9
  View encoding: sh, dim=9
  View encoding: sh, dim=9
  View encoding: sh, dim=9
  View encoding: sh, dim=9
  View encoding: sh, dim=9
  View encoding: sh, dim=9
  View encoding: sh, dim=9
  View encoding: sh, dim=9
  View encoding: sh, dim=9
  View encoding: sh, dim=9
  View encoding: sh, dim=9
  View encoding: sh, dim=9
  View encoding: sh, dim=9
  View encoding: sh, dim=9
  View encoding: sh, dim=9
  View encoding: sh, dim=9
  View encoding: sh, dim=9
  View encoding: sh, dim=9
  View encoding: sh, dim=9
  View encoding: sh, dim=9
  View encoding: sh, dim=9
  View encoding: sh, dim=9
  View encoding: sh, dim=9
  View encoding: sh, dim=9
  View encoding: sh, dim=9
  View encoding: sh, dim=9
  View encoding: sh, dim=9
  View encoding: sh, dim=9
  View encoding: sh, dim=9
  View encoding: sh, dim=9
  View encoding: sh, dim=9
  View encoding: sh, dim=9
  View encoding: sh, dim=9
  View encoding: sh, dim=9
  View encoding: sh, dim=9
  View encoding: sh, dim=9
  View encoding: sh, dim=9
  View encoding: sh, dim=9
  View encoding: sh, dim=9
  View encoding: sh, dim=9
  View encoding: sh, dim=9
  View encoding: sh, dim=9
  View encoding: sh, dim=9
  View encoding: sh, dim=9
  View encoding: sh, dim=9
  View encoding: sh, dim=9
  View encoding: sh, dim=9
  View encoding: sh, dim=9
  View encoding: sh, dim=9
  View encoding: sh, dim=9
  View encoding: sh, dim=9
  View encoding: sh, dim=9
  View encoding: sh, dim=9
  View encoding: sh, dim=9
  View encoding: sh, dim=9
  View encoding: sh, dim=9
  View encoding: sh, dim=9
  View encoding: sh, dim=9
  View encoding: sh, dim=9
  View encoding: sh, dim=9
  View encoding: sh, dim=9
  View encoding: sh, dim=9
  View encoding: sh, dim=9
  View encoding: sh, dim=9
  View encoding: sh, dim=9
  View encoding: sh, dim=9
  View encoding: sh, dim=9
  View encoding: sh, dim=9
  View encoding: sh, dim=9
  View encoding: sh, dim=9
  View encoding: sh, dim=9
  View encoding: sh, dim=9
  View encoding: sh, dim=9
  View encoding: sh, dim=9
  View encoding: sh, dim=9
  View encoding: sh, dim=9
  View encoding: sh, dim=9
  View encoding: sh, dim=9
  View encoding: sh, dim=9
  View encoding: sh, dim=9
  View encoding: sh, dim=9
  View encoding: sh, dim=9
  View encoding: sh, dim=9
  View encoding: sh, dim=9
  View encoding: sh, dim=9
  View encoding: sh, dim=9
  View encoding: sh, dim=9
  View encoding: sh, dim=9
  View encoding: sh, dim=9
  View encoding: sh, dim=9
  View encoding: sh, dim=9
  View encoding: sh, dim=9
  View encoding: sh, dim=9
  View encoding: sh, dim=9
  View encoding: sh, dim=9
  View encoding: sh, dim=9
  View encoding: sh, dim=9
  View encoding: sh, dim=9
  View encoding: sh, dim=9
  View encoding: sh, dim=9
  View encoding: sh, dim=9
  View encoding: sh, dim=9
  View encoding: sh, dim=9
  View encoding: sh, dim=9
  View encoding: sh, dim=9
  View encoding: sh, dim=9
  View encoding: sh, dim=9
  View encoding: sh, dim=9
  View encoding: sh, dim=9
  View encoding: sh, dim=9
  View encoding: sh, dim=9
  View encoding: sh, dim=9
  View encoding: sh, dim=9
  View encoding: sh, dim=9
  View encoding: sh, dim=9
  View encoding: sh, dim=9
  View encoding: sh, dim=9
  View encoding: sh, dim=9
  View encoding: sh, dim=9
  View encoding: sh, dim=9
  View encoding: sh, dim=9
  View encoding: sh, dim=9
  View encoding: sh, dim=9
  View encoding: sh, dim=9
  View encoding: sh, dim=9
  View encoding: sh, dim=9
  View encoding: sh, dim=9
  View encoding: sh, dim=9
  View encoding: sh, dim=9
  View encoding: sh, dim=9
  View encoding: sh, dim=9
  View encoding: sh, dim=9
  View encoding: sh, dim=9
  View encoding: sh, dim=9
  View encoding: sh, dim=9
  View encoding: sh, dim=9
  View encoding: sh, dim=9
  View encoding: sh, dim=9
  View encoding: sh, dim=9
  View encoding: sh, dim=9
  View encoding: sh, dim=9
  View encoding: sh, dim=9
  View encoding: sh, dim=9
  View encoding: sh, dim=9
  View encoding: sh, dim=9
  View encoding: sh, dim=9
  View encoding: sh, dim=9
  View encoding: sh, dim=9
  View encoding: sh, dim=9
  View encoding: sh, dim=9
  View encoding: sh, dim=9
  View encoding: sh, dim=9
  View encoding: sh, dim=9
  View encoding: sh, dim=9
  View encoding: sh, dim=9
  View encoding: sh, dim=9
  View encoding: sh, dim=9
  View encoding: sh, dim=9
  View encoding: sh, dim=9
  View encoding: sh, dim=9
  View encoding: sh, dim=9
  View encoding: sh, dim=9
  View encoding: sh, dim=9
  View encoding: sh, dim=9
  View encoding: sh, dim=9
  View encoding: sh, dim=9
  View encoding: sh, dim=9
  View encoding: sh, dim=9
  View encoding: sh, dim=9
  View encoding: sh, dim=9
  View encoding: sh, dim=9
  View encoding: sh, dim=9
  View encoding: sh, dim=9
  View encoding: sh, dim=9
  View encoding: sh, dim=9
  View encoding: sh, dim=9
  View encoding: sh, dim=9
  View encoding: sh, dim=9
  View encoding: sh, dim=9
  View encoding: sh, dim=9
  View encoding: sh, dim=9
  View encoding: sh, dim=9
  View encoding: sh, dim=9
  View encoding: sh, dim=9
  View encoding: sh, dim=9
  View encoding: sh, dim=9
  View encoding: sh, dim=9
  View encoding: sh, dim=9
  View encoding: sh, dim=9
  View encoding: sh, dim=9
  View encoding: sh, dim=9
  View encoding: sh, dim=9
  View encoding: sh, dim=9
  View encoding: sh, dim=9
  View encoding: sh, dim=9
  View encoding: sh, dim=9
  View encoding: sh, dim=9
  View encoding: sh, dim=9
  View encoding: sh, dim=9
  View encoding: sh, dim=9
  View encoding: sh, dim=9
  View encoding: sh, dim=9
  View encoding: sh, dim=9
  View encoding: sh, dim=9
  View encoding: sh, dim=9
  View encoding: sh, dim=9
  View encoding: sh, dim=9
  View encoding: sh, dim=9
  View encoding: sh, dim=9
  View encoding: sh, dim=9
  View encoding: sh, dim=9
  View encoding: sh, dim=9
  View encoding: sh, dim=9
  View encoding: sh, dim=9
  View encoding: sh, dim=9
  View encoding: sh, dim=9
  View encoding: sh, dim=9
  View encoding: sh, dim=9
  View encoding: sh, dim=9
  View encoding: sh, dim=9
  View encoding: sh, dim=9
  View encoding: sh, dim=9
  View encoding: sh, dim=9
  View encoding: sh, dim=9
  View encoding: sh, dim=9
  View encoding: sh, dim=9
  View encoding: sh, dim=9
  View encoding: sh, dim=9
  View encoding: sh, dim=9
  View encoding: sh, dim=9
  View encoding: sh, dim=9
  View encoding: sh, dim=9
  View encoding: sh, dim=9
  View encoding: sh, dim=9
{
  "schema": "nht_render_result_v1",
  "scene_schema": "nht_standard_scene_v1",
  "scene_id": "B02",
  "coordinate_space": "canonical NHT scene space",
  "export_validation": {
    "schema": "nht_standard_scene_v1",
    "camera_count": 157,
    "point_count": 56620,
    "checks": [
      "schema_and_conventions",
      "finite_float32_points",
      "normalized_point_colors",
      "unique_camera_and_image_ids",
      "positive_intrinsics",
      "proper_orthonormal_rotations",
      "camera_image_resolution",
      "nht_checkpoint",
      "canonical_scene_transform_inverse",
      "effective_undistorted_training_cameras",
      "stable_render_boundary",
      "contained_export_references",
      "production_renderer_envelope"
    ],
    "valid": true
  },
  "renders": [
    {
      "camera_id": "court-sample-000144",
      "request_source": "arbitrary",
      "width": 959,
      "height": 539,
      "rgb": "court-sample-000144/rgb.npy",
      "rgb_preview": "court-sample-000144/rgb.png",
      "alpha": "court-sample-000144/alpha.npy",
      "alpha_preview": "court-sample-000144/alpha.png",
      "depth": "court-sample-000144/depth.npy"
    },
    {
      "camera_id": "court-sample-000145",
      "request_source": "arbitrary",
      "width": 959,
      "height": 539,
      "rgb": "court-sample-000145/rgb.npy",
      "rgb_preview": "court-sample-000145/rgb.png",
      "alpha": "court-sample-000145/alpha.npy",
      "alpha_preview": "court-sample-000145/alpha.png",
      "depth": "court-sample-000145/depth.npy"
    },
    {
      "camera_id": "court-sample-000146",
      "request_source": "arbitrary",
      "width": 959,
      "height": 539,
      "rgb": "court-sample-000146/rgb.npy",
      "rgb_preview": "court-sample-000146/rgb.png",
      "alpha": "court-sample-000146/alpha.npy",
      "alpha_preview": "court-sample-000146/alpha.png",
      "depth": "court-sample-000146/depth.npy"
    },
    {
      "camera_id": "court-sample-000147",
      "request_source": "arbitrary",
      "width": 959,
      "height": 539,
      "rgb": "court-sample-000147/rgb.npy",
      "rgb_preview": "court-sample-000147/rgb.png",
      "alpha": "court-sample-000147/alpha.npy",
      "alpha_preview": "court-sample-000147/alpha.png",
      "depth": "court-sample-000147/depth.npy"
    },
    {
      "camera_id": "court-sample-000148",
      "request_source": "arbitrary",
      "width": 959,
      "height": 539,
      "rgb": "court-sample-000148/rgb.npy",
      "rgb_preview": "court-sample-000148/rgb.png",
      "alpha": "court-sample-000148/alpha.npy",
      "alpha_preview": "court-sample-000148/alpha.png",
      "depth": "court-sample-000148/depth.npy"
    },
    {
      "camera_id": "court-sample-000149",
      "request_source": "arbitrary",
      "width": 959,
      "height": 539,
      "rgb": "court-sample-000149/rgb.npy",
      "rgb_preview": "court-sample-000149/rgb.png",
      "alpha": "court-sample-000149/alpha.npy",
      "alpha_preview": "court-sample-000149/alpha.png",
      "depth": "court-sample-000149/depth.npy"
    },
    {
      "camera_id": "court-sample-000150",
      "request_source": "arbitrary",
      "width": 959,
      "height": 539,
      "rgb": "court-sample-000150/rgb.npy",
      "rgb_preview": "court-sample-000150/rgb.png",
      "alpha": "court-sample-000150/alpha.npy",
      "alpha_preview": "court-sample-000150/alpha.png",
      "depth": "court-sample-000150/depth.npy"
    },
    {
      "camera_id": "court-sample-000151",
      "request_source": "arbitrary",
      "width": 959,
      "height": 539,
      "rgb": "court-sample-000151/rgb.npy",
      "rgb_preview": "court-sample-000151/rgb.png",
      "alpha": "court-sample-000151/alpha.npy",
      "alpha_preview": "court-sample-000151/alpha.png",
      "depth": "court-sample-000151/depth.npy"
    },
    {
      "camera_id": "court-sample-000152",
      "request_source": "arbitrary",
      "width": 959,
      "height": 539,
      "rgb": "court-sample-000152/rgb.npy",
      "rgb_preview": "court-sample-000152/rgb.png",
      "alpha": "court-sample-000152/alpha.npy",
      "alpha_preview": "court-sample-000152/alpha.png",
      "depth": "court-sample-000152/depth.npy"
    },
    {
      "camera_id": "court-sample-000153",
      "request_source": "arbitrary",
      "width": 959,
      "height": 539,
      "rgb": "court-sample-000153/rgb.npy",
      "rgb_preview": "court-sample-000153/rgb.png",
      "alpha": "court-sample-000153/alpha.npy",
      "alpha_preview": "court-sample-000153/alpha.png",
      "depth": "court-sample-000153/depth.npy"
    },
    {
      "camera_id": "court-sample-000154",
      "request_source": "arbitrary",
      "width": 959,
      "height": 539,
      "rgb": "court-sample-000154/rgb.npy",
      "rgb_preview": "court-sample-000154/rgb.png",
      "alpha": "court-sample-000154/alpha.npy",
      "alpha_preview": "court-sample-000154/alpha.png",
      "depth": "court-sample-000154/depth.npy"
    },
    {
      "camera_id": "court-sample-000155",
      "request_source": "arbitrary",
      "width": 959,
      "height": 539,
      "rgb": "court-sample-000155/rgb.npy",
      "rgb_preview": "court-sample-000155/rgb.png",
      "alpha": "court-sample-000155/alpha.npy",
      "alpha_preview": "court-sample-000155/alpha.png",
      "depth": "court-sample-000155/depth.npy"
    },
    {
      "camera_id": "court-sample-000156",
      "request_source": "arbitrary",
      "width": 959,
      "height": 539,
      "rgb": "court-sample-000156/rgb.npy",
      "rgb_preview": "court-sample-000156/rgb.png",
      "alpha": "court-sample-000156/alpha.npy",
      "alpha_preview": "court-sample-000156/alpha.png",
      "depth": "court-sample-000156/depth.npy"
    },
    {
      "camera_id": "court-sample-000157",
      "request_source": "arbitrary",
      "width": 959,
      "height": 539,
      "rgb": "court-sample-000157/rgb.npy",
      "rgb_preview": "court-sample-000157/rgb.png",
      "alpha": "court-sample-000157/alpha.npy",
      "alpha_preview": "court-sample-000157/alpha.png",
      "depth": "court-sample-000157/depth.npy"
    },
    {
      "camera_id": "court-sample-000158",
      "request_source": "arbitrary",
      "width": 959,
      "height": 539,
      "rgb": "court-sample-000158/rgb.npy",
      "rgb_preview": "court-sample-000158/rgb.png",
      "alpha": "court-sample-000158/alpha.npy",
      "alpha_preview": "court-sample-000158/alpha.png",
      "depth": "court-sample-000158/depth.npy"
    },
    {
      "camera_id": "court-sample-000160",
      "request_source": "arbitrary",
      "width": 959,
      "height": 539,
      "rgb": "court-sample-000160/rgb.npy",
      "rgb_preview": "court-sample-000160/rgb.png",
      "alpha": "court-sample-000160/alpha.npy",
      "alpha_preview": "court-sample-000160/alpha.png",
      "depth": "court-sample-000160/depth.npy"
    },
    {
      "camera_id": "court-sample-000161",
      "request_source": "arbitrary",
      "width": 959,
      "height": 539,
      "rgb": "court-sample-000161/rgb.npy",
      "rgb_preview": "court-sample-000161/rgb.png",
      "alpha": "court-sample-000161/alpha.npy",
      "alpha_preview": "court-sample-000161/alpha.png",
      "depth": "court-sample-000161/depth.npy"
    },
    {
      "camera_id": "court-sample-000162",
      "request_source": "arbitrary",
      "width": 959,
      "height": 539,
      "rgb": "court-sample-000162/rgb.npy",
      "rgb_preview": "court-sample-000162/rgb.png",
      "alpha": "court-sample-000162/alpha.npy",
      "alpha_preview": "court-sample-000162/alpha.png",
      "depth": "court-sample-000162/depth.npy"
    },
    {
      "camera_id": "court-sample-000163",
      "request_source": "arbitrary",
      "width": 959,
      "height": 539,
      "rgb": "court-sample-000163/rgb.npy",
      "rgb_preview": "court-sample-000163/rgb.png",
      "alpha": "court-sample-000163/alpha.npy",
      "alpha_preview": "court-sample-000163/alpha.png",
      "depth": "court-sample-000163/depth.npy"
    },
    {
      "camera_id": "court-sample-000164",
      "request_source": "arbitrary",
      "width": 959,
      "height": 539,
      "rgb": "court-sample-000164/rgb.npy",
      "rgb_preview": "court-sample-000164/rgb.png",
      "alpha": "court-sample-000164/alpha.npy",
      "alpha_preview": "court-sample-000164/alpha.png",
      "depth": "court-sample-000164/depth.npy"
    },
    {
      "camera_id": "court-sample-000165",
      "request_source": "arbitrary",
      "width": 959,
      "height": 539,
      "rgb": "court-sample-000165/rgb.npy",
      "rgb_preview": "court-sample-000165/rgb.png",
      "alpha": "court-sample-000165/alpha.npy",
      "alpha_preview": "court-sample-000165/alpha.png",
      "depth": "court-sample-000165/depth.npy"
    },
    {
      "camera_id": "court-sample-000166",
      "request_source": "arbitrary",
      "width": 959,
      "height": 539,
      "rgb": "court-sample-000166/rgb.npy",
      "rgb_preview": "court-sample-000166/rgb.png",
      "alpha": "court-sample-000166/alpha.npy",
      "alpha_preview": "court-sample-000166/alpha.png",
      "depth": "court-sample-000166/depth.npy"
    },
    {
      "camera_id": "court-sample-000167",
      "request_source": "arbitrary",
      "width": 959,
      "height": 539,
      "rgb": "court-sample-000167/rgb.npy",
      "rgb_preview": "court-sample-000167/rgb.png",
      "alpha": "court-sample-000167/alpha.npy",
      "alpha_preview": "court-sample-000167/alpha.png",
      "depth": "court-sample-000167/depth.npy"
    },
    {
      "camera_id": "court-sample-000168",
      "request_source": "arbitrary",
      "width": 959,
      "height": 539,
      "rgb": "court-sample-000168/rgb.npy",
      "rgb_preview": "court-sample-000168/rgb.png",
      "alpha": "court-sample-000168/alpha.npy",
      "alpha_preview": "court-sample-000168/alpha.png",
      "depth": "court-sample-000168/depth.npy"
    },
    {
      "camera_id": "court-sample-000169",
      "request_source": "arbitrary",
      "width": 959,
      "height": 539,
      "rgb": "court-sample-000169/rgb.npy",
      "rgb_preview": "court-sample-000169/rgb.png",
      "alpha": "court-sample-000169/alpha.npy",
      "alpha_preview": "court-sample-000169/alpha.png",
      "depth": "court-sample-000169/depth.npy"
    },
    {
      "camera_id": "court-sample-000170",
      "request_source": "arbitrary",
      "width": 959,
      "height": 539,
      "rgb": "court-sample-000170/rgb.npy",
      "rgb_preview": "court-sample-000170/rgb.png",
      "alpha": "court-sample-000170/alpha.npy",
      "alpha_preview": "court-sample-000170/alpha.png",
      "depth": "court-sample-000170/depth.npy"
    },
    {
      "camera_id": "court-sample-000171",
      "request_source": "arbitrary",
      "width": 959,
      "height": 539,
      "rgb": "court-sample-000171/rgb.npy",
      "rgb_preview": "court-sample-000171/rgb.png",
      "alpha": "court-sample-000171/alpha.npy",
      "alpha_preview": "court-sample-000171/alpha.png",
      "depth": "court-sample-000171/depth.npy"
    },
    {
      "camera_id": "court-sample-000172",
      "request_source": "arbitrary",
      "width": 959,
      "height": 539,
      "rgb": "court-sample-000172/rgb.npy",
      "rgb_preview": "court-sample-000172/rgb.png",
      "alpha": "court-sample-000172/alpha.npy",
      "alpha_preview": "court-sample-000172/alpha.png",
      "depth": "court-sample-000172/depth.npy"
    },
    {
      "camera_id": "court-sample-000173",
      "request_source": "arbitrary",
      "width": 959,
      "height": 539,
      "rgb": "court-sample-000173/rgb.npy",
      "rgb_preview": "court-sample-000173/rgb.png",
      "alpha": "court-sample-000173/alpha.npy",
      "alpha_preview": "court-sample-000173/alpha.png",
      "depth": "court-sample-000173/depth.npy"
    },
    {
      "camera_id": "court-sample-000174",
      "request_source": "arbitrary",
      "width": 959,
      "height": 539,
      "rgb": "court-sample-000174/rgb.npy",
      "rgb_preview": "court-sample-000174/rgb.png",
      "alpha": "court-sample-000174/alpha.npy",
      "alpha_preview": "court-sample-000174/alpha.png",
      "depth": "court-sample-000174/depth.npy"
    },
    {
      "camera_id": "court-sample-000175",
      "request_source": "arbitrary",
      "width": 959,
      "height": 539,
      "rgb": "court-sample-000175/rgb.npy",
      "rgb_preview": "court-sample-000175/rgb.png",
      "alpha": "court-sample-000175/alpha.npy",
      "alpha_preview": "court-sample-000175/alpha.png",
      "depth": "court-sample-000175/depth.npy"
    },
    {
      "camera_id": "court-sample-000176",
      "request_source": "arbitrary",
      "width": 959,
      "height": 539,
      "rgb": "court-sample-000176/rgb.npy",
      "rgb_preview": "court-sample-000176/rgb.png",
      "alpha": "court-sample-000176/alpha.npy",
      "alpha_preview": "court-sample-000176/alpha.png",
      "depth": "court-sample-000176/depth.npy"
    },
    {
      "camera_id": "court-sample-000177",
      "request_source": "arbitrary",
      "width": 959,
      "height": 539,
      "rgb": "court-sample-000177/rgb.npy",
      "rgb_preview": "court-sample-000177/rgb.png",
      "alpha": "court-sample-000177/alpha.npy",
      "alpha_preview": "court-sample-000177/alpha.png",
      "depth": "court-sample-000177/depth.npy"
    },
    {
      "camera_id": "court-sample-000178",
      "request_source": "arbitrary",
      "width": 959,
      "height": 539,
      "rgb": "court-sample-000178/rgb.npy",
      "rgb_preview": "court-sample-000178/rgb.png",
      "alpha": "court-sample-000178/alpha.npy",
      "alpha_preview": "court-sample-000178/alpha.png",
      "depth": "court-sample-000178/depth.npy"
    },
    {
      "camera_id": "court-sample-000180",
      "request_source": "arbitrary",
      "width": 959,
      "height": 539,
      "rgb": "court-sample-000180/rgb.npy",
      "rgb_preview": "court-sample-000180/rgb.png",
      "alpha": "court-sample-000180/alpha.npy",
      "alpha_preview": "court-sample-000180/alpha.png",
      "depth": "court-sample-000180/depth.npy"
    },
    {
      "camera_id": "court-sample-000181",
      "request_source": "arbitrary",
      "width": 959,
      "height": 539,
      "rgb": "court-sample-000181/rgb.npy",
      "rgb_preview": "court-sample-000181/rgb.png",
      "alpha": "court-sample-000181/alpha.npy",
      "alpha_preview": "court-sample-000181/alpha.png",
      "depth": "court-sample-000181/depth.npy"
    },
    {
      "camera_id": "court-sample-000182",
      "request_source": "arbitrary",
      "width": 959,
      "height": 539,
      "rgb": "court-sample-000182/rgb.npy",
      "rgb_preview": "court-sample-000182/rgb.png",
      "alpha": "court-sample-000182/alpha.npy",
      "alpha_preview": "court-sample-000182/alpha.png",
      "depth": "court-sample-000182/depth.npy"
    },
    {
      "camera_id": "court-sample-000183",
      "request_source": "arbitrary",
      "width": 959,
      "height": 539,
      "rgb": "court-sample-000183/rgb.npy",
      "rgb_preview": "court-sample-000183/rgb.png",
      "alpha": "court-sample-000183/alpha.npy",
      "alpha_preview": "court-sample-000183/alpha.png",
      "depth": "court-sample-000183/depth.npy"
    },
    {
      "camera_id": "court-sample-000184",
      "request_source": "arbitrary",
      "width": 959,
      "height": 539,
      "rgb": "court-sample-000184/rgb.npy",
      "rgb_preview": "court-sample-000184/rgb.png",
      "alpha": "court-sample-000184/alpha.npy",
      "alpha_preview": "court-sample-000184/alpha.png",
      "depth": "court-sample-000184/depth.npy"
    },
    {
      "camera_id": "court-sample-000185",
      "request_source": "arbitrary",
      "width": 959,
      "height": 539,
      "rgb": "court-sample-000185/rgb.npy",
      "rgb_preview": "court-sample-000185/rgb.png",
      "alpha": "court-sample-000185/alpha.npy",
      "alpha_preview": "court-sample-000185/alpha.png",
      "depth": "court-sample-000185/depth.npy"
    },
    {
      "camera_id": "court-sample-000186",
      "request_source": "arbitrary",
      "width": 959,
      "height": 539,
      "rgb": "court-sample-000186/rgb.npy",
      "rgb_preview": "court-sample-000186/rgb.png",
      "alpha": "court-sample-000186/alpha.npy",
      "alpha_preview": "court-sample-000186/alpha.png",
      "depth": "court-sample-000186/depth.npy"
    },
    {
      "camera_id": "court-sample-000187",
      "request_source": "arbitrary",
      "width": 959,
      "height": 539,
      "rgb": "court-sample-000187/rgb.npy",
      "rgb_preview": "court-sample-000187/rgb.png",
      "alpha": "court-sample-000187/alpha.npy",
      "alpha_preview": "court-sample-000187/alpha.png",
      "depth": "court-sample-000187/depth.npy"
    },
    {
      "camera_id": "court-sample-000188",
      "request_source": "arbitrary",
      "width": 959,
      "height": 539,
      "rgb": "court-sample-000188/rgb.npy",
      "rgb_preview": "court-sample-000188/rgb.png",
      "alpha": "court-sample-000188/alpha.npy",
      "alpha_preview": "court-sample-000188/alpha.png",
      "depth": "court-sample-000188/depth.npy"
    },
    {
      "camera_id": "court-sample-000189",
      "request_source": "arbitrary",
      "width": 959,
      "height": 539,
      "rgb": "court-sample-000189/rgb.npy",
      "rgb_preview": "court-sample-000189/rgb.png",
      "alpha": "court-sample-000189/alpha.npy",
      "alpha_preview": "court-sample-000189/alpha.png",
      "depth": "court-sample-000189/depth.npy"
    },
    {
      "camera_id": "court-sample-000190",
      "request_source": "arbitrary",
      "width": 959,
      "height": 539,
      "rgb": "court-sample-000190/rgb.npy",
      "rgb_preview": "court-sample-000190/rgb.png",
      "alpha": "court-sample-000190/alpha.npy",
      "alpha_preview": "court-sample-000190/alpha.png",
      "depth": "court-sample-000190/depth.npy"
    },
    {
      "camera_id": "court-sample-000191",
      "request_source": "arbitrary",
      "width": 959,
      "height": 539,
      "rgb": "court-sample-000191/rgb.npy",
      "rgb_preview": "court-sample-000191/rgb.png",
      "alpha": "court-sample-000191/alpha.npy",
      "alpha_preview": "court-sample-000191/alpha.png",
      "depth": "court-sample-000191/depth.npy"
    },
    {
      "camera_id": "court-sample-000192",
      "request_source": "arbitrary",
      "width": 959,
      "height": 539,
      "rgb": "court-sample-000192/rgb.npy",
      "rgb_preview": "court-sample-000192/rgb.png",
      "alpha": "court-sample-000192/alpha.npy",
      "alpha_preview": "court-sample-000192/alpha.png",
      "depth": "court-sample-000192/depth.npy"
    },
    {
      "camera_id": "court-sample-000193",
      "request_source": "arbitrary",
      "width": 959,
      "height": 539,
      "rgb": "court-sample-000193/rgb.npy",
      "rgb_preview": "court-sample-000193/rgb.png",
      "alpha": "court-sample-000193/alpha.npy",
      "alpha_preview": "court-sample-000193/alpha.png",
      "depth": "court-sample-000193/depth.npy"
    },
    {
      "camera_id": "court-sample-000194",
      "request_source": "arbitrary",
      "width": 959,
      "height": 539,
      "rgb": "court-sample-000194/rgb.npy",
      "rgb_preview": "court-sample-000194/rgb.png",
      "alpha": "court-sample-000194/alpha.npy",
      "alpha_preview": "court-sample-000194/alpha.png",
      "depth": "court-sample-000194/depth.npy"
    },
    {
      "camera_id": "court-sample-000195",
      "request_source": "arbitrary",
      "width": 959,
      "height": 539,
      "rgb": "court-sample-000195/rgb.npy",
      "rgb_preview": "court-sample-000195/rgb.png",
      "alpha": "court-sample-000195/alpha.npy",
      "alpha_preview": "court-sample-000195/alpha.png",
      "depth": "court-sample-000195/depth.npy"
    },
    {
      "camera_id": "court-sample-000196",
      "request_source": "arbitrary",
      "width": 959,
      "height": 539,
      "rgb": "court-sample-000196/rgb.npy",
      "rgb_preview": "court-sample-000196/rgb.png",
      "alpha": "court-sample-000196/alpha.npy",
      "alpha_preview": "court-sample-000196/alpha.png",
      "depth": "court-sample-000196/depth.npy"
    },
    {
      "camera_id": "court-sample-000197",
      "request_source": "arbitrary",
      "width": 959,
      "height": 539,
      "rgb": "court-sample-000197/rgb.npy",
      "rgb_preview": "court-sample-000197/rgb.png",
      "alpha": "court-sample-000197/alpha.npy",
      "alpha_preview": "court-sample-000197/alpha.png",
      "depth": "court-sample-000197/depth.npy"
    },
    {
      "camera_id": "court-sample-000198",
      "request_source": "arbitrary",
      "width": 959,
      "height": 539,
      "rgb": "court-sample-000198/rgb.npy",
      "rgb_preview": "court-sample-000198/rgb.png",
      "alpha": "court-sample-000198/alpha.npy",
      "alpha_preview": "court-sample-000198/alpha.png",
      "depth": "court-sample-000198/depth.npy"
    },
    {
      "camera_id": "court-sample-000200",
      "request_source": "arbitrary",
      "width": 959,
      "height": 539,
      "rgb": "court-sample-000200/rgb.npy",
      "rgb_preview": "court-sample-000200/rgb.png",
      "alpha": "court-sample-000200/alpha.npy",
      "alpha_preview": "court-sample-000200/alpha.png",
      "depth": "court-sample-000200/depth.npy"
    },
    {
      "camera_id": "court-sample-000201",
      "request_source": "arbitrary",
      "width": 959,
      "height": 539,
      "rgb": "court-sample-000201/rgb.npy",
      "rgb_preview": "court-sample-000201/rgb.png",
      "alpha": "court-sample-000201/alpha.npy",
      "alpha_preview": "court-sample-000201/alpha.png",
      "depth": "court-sample-000201/depth.npy"
    },
    {
      "camera_id": "court-sample-000202",
      "request_source": "arbitrary",
      "width": 959,
      "height": 539,
      "rgb": "court-sample-000202/rgb.npy",
      "rgb_preview": "court-sample-000202/rgb.png",
      "alpha": "court-sample-000202/alpha.npy",
      "alpha_preview": "court-sample-000202/alpha.png",
      "depth": "court-sample-000202/depth.npy"
    },
    {
      "camera_id": "court-sample-000203",
      "request_source": "arbitrary",
      "width": 959,
      "height": 539,
      "rgb": "court-sample-000203/rgb.npy",
      "rgb_preview": "court-sample-000203/rgb.png",
      "alpha": "court-sample-000203/alpha.npy",
      "alpha_preview": "court-sample-000203/alpha.png",
      "depth": "court-sample-000203/depth.npy"
    },
    {
      "camera_id": "court-sample-000204",
      "request_source": "arbitrary",
      "width": 959,
      "height": 539,
      "rgb": "court-sample-000204/rgb.npy",
      "rgb_preview": "court-sample-000204/rgb.png",
      "alpha": "court-sample-000204/alpha.npy",
      "alpha_preview": "court-sample-000204/alpha.png",
      "depth": "court-sample-000204/depth.npy"
    },
    {
      "camera_id": "court-sample-000205",
      "request_source": "arbitrary",
      "width": 959,
      "height": 539,
      "rgb": "court-sample-000205/rgb.npy",
      "rgb_preview": "court-sample-000205/rgb.png",
      "alpha": "court-sample-000205/alpha.npy",
      "alpha_preview": "court-sample-000205/alpha.png",
      "depth": "court-sample-000205/depth.npy"
    },
    {
      "camera_id": "court-sample-000206",
      "request_source": "arbitrary",
      "width": 959,
      "height": 539,
      "rgb": "court-sample-000206/rgb.npy",
      "rgb_preview": "court-sample-000206/rgb.png",
      "alpha": "court-sample-000206/alpha.npy",
      "alpha_preview": "court-sample-000206/alpha.png",
      "depth": "court-sample-000206/depth.npy"
    },
    {
      "camera_id": "court-sample-000207",
      "request_source": "arbitrary",
      "width": 959,
      "height": 539,
      "rgb": "court-sample-000207/rgb.npy",
      "rgb_preview": "court-sample-000207/rgb.png",
      "alpha": "court-sample-000207/alpha.npy",
      "alpha_preview": "court-sample-000207/alpha.png",
      "depth": "court-sample-000207/depth.npy"
    },
    {
      "camera_id": "court-sample-000208",
      "request_source": "arbitrary",
      "width": 959,
      "height": 539,
      "rgb": "court-sample-000208/rgb.npy",
      "rgb_preview": "court-sample-000208/rgb.png",
      "alpha": "court-sample-000208/alpha.npy",
      "alpha_preview": "court-sample-000208/alpha.png",
      "depth": "court-sample-000208/depth.npy"
    },
    {
      "camera_id": "court-sample-000209",
      "request_source": "arbitrary",
      "width": 959,
      "height": 539,
      "rgb": "court-sample-000209/rgb.npy",
      "rgb_preview": "court-sample-000209/rgb.png",
      "alpha": "court-sample-000209/alpha.npy",
      "alpha_preview": "court-sample-000209/alpha.png",
      "depth": "court-sample-000209/depth.npy"
    },
    {
      "camera_id": "court-sample-000210",
      "request_source": "arbitrary",
      "width": 959,
      "height": 539,
      "rgb": "court-sample-000210/rgb.npy",
      "rgb_preview": "court-sample-000210/rgb.png",
      "alpha": "court-sample-000210/alpha.npy",
      "alpha_preview": "court-sample-000210/alpha.png",
      "depth": "court-sample-000210/depth.npy"
    },
    {
      "camera_id": "court-sample-000211",
      "request_source": "arbitrary",
      "width": 959,
      "height": 539,
      "rgb": "court-sample-000211/rgb.npy",
      "rgb_preview": "court-sample-000211/rgb.png",
      "alpha": "court-sample-000211/alpha.npy",
      "alpha_preview": "court-sample-000211/alpha.png",
      "depth": "court-sample-000211/depth.npy"
    },
    {
      "camera_id": "court-sample-000212",
      "request_source": "arbitrary",
      "width": 959,
      "height": 539,
      "rgb": "court-sample-000212/rgb.npy",
      "rgb_preview": "court-sample-000212/rgb.png",
      "alpha": "court-sample-000212/alpha.npy",
      "alpha_preview": "court-sample-000212/alpha.png",
      "depth": "court-sample-000212/depth.npy"
    },
    {
      "camera_id": "court-sample-000213",
      "request_source": "arbitrary",
      "width": 959,
      "height": 539,
      "rgb": "court-sample-000213/rgb.npy",
      "rgb_preview": "court-sample-000213/rgb.png",
      "alpha": "court-sample-000213/alpha.npy",
      "alpha_preview": "court-sample-000213/alpha.png",
      "depth": "court-sample-000213/depth.npy"
    },
    {
      "camera_id": "court-sample-000214",
      "request_source": "arbitrary",
      "width": 959,
      "height": 539,
      "rgb": "court-sample-000214/rgb.npy",
      "rgb_preview": "court-sample-000214/rgb.png",
      "alpha": "court-sample-000214/alpha.npy",
      "alpha_preview": "court-sample-000214/alpha.png",
      "depth": "court-sample-000214/depth.npy"
    },
    {
      "camera_id": "court-sample-000215",
      "request_source": "arbitrary",
      "width": 959,
      "height": 539,
      "rgb": "court-sample-000215/rgb.npy",
      "rgb_preview": "court-sample-000215/rgb.png",
      "alpha": "court-sample-000215/alpha.npy",
      "alpha_preview": "court-sample-000215/alpha.png",
      "depth": "court-sample-000215/depth.npy"
    },
    {
      "camera_id": "court-sample-000216",
      "request_source": "arbitrary",
      "width": 959,
      "height": 539,
      "rgb": "court-sample-000216/rgb.npy",
      "rgb_preview": "court-sample-000216/rgb.png",
      "alpha": "court-sample-000216/alpha.npy",
      "alpha_preview": "court-sample-000216/alpha.png",
      "depth": "court-sample-000216/depth.npy"
    },
    {
      "camera_id": "court-sample-000217",
      "request_source": "arbitrary",
      "width": 959,
      "height": 539,
      "rgb": "court-sample-000217/rgb.npy",
      "rgb_preview": "court-sample-000217/rgb.png",
      "alpha": "court-sample-000217/alpha.npy",
      "alpha_preview": "court-sample-000217/alpha.png",
      "depth": "court-sample-000217/depth.npy"
    },
    {
      "camera_id": "court-sample-000218",
      "request_source": "arbitrary",
      "width": 959,
      "height": 539,
      "rgb": "court-sample-000218/rgb.npy",
      "rgb_preview": "court-sample-000218/rgb.png",
      "alpha": "court-sample-000218/alpha.npy",
      "alpha_preview": "court-sample-000218/alpha.png",
      "depth": "court-sample-000218/depth.npy"
    },
    {
      "camera_id": "court-sample-000220",
      "request_source": "arbitrary",
      "width": 959,
      "height": 539,
      "rgb": "court-sample-000220/rgb.npy",
      "rgb_preview": "court-sample-000220/rgb.png",
      "alpha": "court-sample-000220/alpha.npy",
      "alpha_preview": "court-sample-000220/alpha.png",
      "depth": "court-sample-000220/depth.npy"
    },
    {
      "camera_id": "court-sample-000221",
      "request_source": "arbitrary",
      "width": 959,
      "height": 539,
      "rgb": "court-sample-000221/rgb.npy",
      "rgb_preview": "court-sample-000221/rgb.png",
      "alpha": "court-sample-000221/alpha.npy",
      "alpha_preview": "court-sample-000221/alpha.png",
      "depth": "court-sample-000221/depth.npy"
    },
    {
      "camera_id": "court-sample-000222",
      "request_source": "arbitrary",
      "width": 959,
      "height": 539,
      "rgb": "court-sample-000222/rgb.npy",
      "rgb_preview": "court-sample-000222/rgb.png",
      "alpha": "court-sample-000222/alpha.npy",
      "alpha_preview": "court-sample-000222/alpha.png",
      "depth": "court-sample-000222/depth.npy"
    },
    {
      "camera_id": "court-sample-000223",
      "request_source": "arbitrary",
      "width": 959,
      "height": 539,
      "rgb": "court-sample-000223/rgb.npy",
      "rgb_preview": "court-sample-000223/rgb.png",
      "alpha": "court-sample-000223/alpha.npy",
      "alpha_preview": "court-sample-000223/alpha.png",
      "depth": "court-sample-000223/depth.npy"
    },
    {
      "camera_id": "court-sample-001016",
      "request_source": "arbitrary",
      "width": 959,
      "height": 539,
      "rgb": "court-sample-001016/rgb.npy",
      "rgb_preview": "court-sample-001016/rgb.png",
      "alpha": "court-sample-001016/alpha.npy",
      "alpha_preview": "court-sample-001016/alpha.png",
      "depth": "court-sample-001016/depth.npy"
    },
    {
      "camera_id": "court-sample-001017",
      "request_source": "arbitrary",
      "width": 959,
      "height": 539,
      "rgb": "court-sample-001017/rgb.npy",
      "rgb_preview": "court-sample-001017/rgb.png",
      "alpha": "court-sample-001017/alpha.npy",
      "alpha_preview": "court-sample-001017/alpha.png",
      "depth": "court-sample-001017/depth.npy"
    },
    {
      "camera_id": "court-sample-001018",
      "request_source": "arbitrary",
      "width": 959,
      "height": 539,
      "rgb": "court-sample-001018/rgb.npy",
      "rgb_preview": "court-sample-001018/rgb.png",
      "alpha": "court-sample-001018/alpha.npy",
      "alpha_preview": "court-sample-001018/alpha.png",
      "depth": "court-sample-001018/depth.npy"
    },
    {
      "camera_id": "court-sample-001019",
      "request_source": "arbitrary",
      "width": 959,
      "height": 539,
      "rgb": "court-sample-001019/rgb.npy",
      "rgb_preview": "court-sample-001019/rgb.png",
      "alpha": "court-sample-001019/alpha.npy",
      "alpha_preview": "court-sample-001019/alpha.png",
      "depth": "court-sample-001019/depth.npy"
    },
    {
      "camera_id": "court-sample-001020",
      "request_source": "arbitrary",
      "width": 959,
      "height": 539,
      "rgb": "court-sample-001020/rgb.npy",
      "rgb_preview": "court-sample-001020/rgb.png",
      "alpha": "court-sample-001020/alpha.npy",
      "alpha_preview": "court-sample-001020/alpha.png",
      "depth": "court-sample-001020/depth.npy"
    },
    {
      "camera_id": "court-sample-001021",
      "request_source": "arbitrary",
      "width": 959,
      "height": 539,
      "rgb": "court-sample-001021/rgb.npy",
      "rgb_preview": "court-sample-001021/rgb.png",
      "alpha": "court-sample-001021/alpha.npy",
      "alpha_preview": "court-sample-001021/alpha.png",
      "depth": "court-sample-001021/depth.npy"
    },
    {
      "camera_id": "court-sample-001022",
      "request_source": "arbitrary",
      "width": 959,
      "height": 539,
      "rgb": "court-sample-001022/rgb.npy",
      "rgb_preview": "court-sample-001022/rgb.png",
      "alpha": "court-sample-001022/alpha.npy",
      "alpha_preview": "court-sample-001022/alpha.png",
      "depth": "court-sample-001022/depth.npy"
    },
    {
      "camera_id": "court-sample-001023",
      "request_source": "arbitrary",
      "width": 959,
      "height": 539,
      "rgb": "court-sample-001023/rgb.npy",
      "rgb_preview": "court-sample-001023/rgb.png",
      "alpha": "court-sample-001023/alpha.npy",
      "alpha_preview": "court-sample-001023/alpha.png",
      "depth": "court-sample-001023/depth.npy"
    },
    {
      "camera_id": "court-sample-001024",
      "request_source": "arbitrary",
      "width": 959,
      "height": 539,
      "rgb": "court-sample-001024/rgb.npy",
      "rgb_preview": "court-sample-001024/rgb.png",
      "alpha": "court-sample-001024/alpha.npy",
      "alpha_preview": "court-sample-001024/alpha.png",
      "depth": "court-sample-001024/depth.npy"
    },
    {
      "camera_id": "court-sample-001025",
      "request_source": "arbitrary",
      "width": 959,
      "height": 539,
      "rgb": "court-sample-001025/rgb.npy",
      "rgb_preview": "court-sample-001025/rgb.png",
      "alpha": "court-sample-001025/alpha.npy",
      "alpha_preview": "court-sample-001025/alpha.png",
      "depth": "court-sample-001025/depth.npy"
    },
    {
      "camera_id": "court-sample-001026",
      "request_source": "arbitrary",
      "width": 959,
      "height": 539,
      "rgb": "court-sample-001026/rgb.npy",
      "rgb_preview": "court-sample-001026/rgb.png",
      "alpha": "court-sample-001026/alpha.npy",
      "alpha_preview": "court-sample-001026/alpha.png",
      "depth": "court-sample-001026/depth.npy"
    },
    {
      "camera_id": "court-sample-001027",
      "request_source": "arbitrary",
      "width": 959,
      "height": 539,
      "rgb": "court-sample-001027/rgb.npy",
      "rgb_preview": "court-sample-001027/rgb.png",
      "alpha": "court-sample-001027/alpha.npy",
      "alpha_preview": "court-sample-001027/alpha.png",
      "depth": "court-sample-001027/depth.npy"
    },
    {
      "camera_id": "court-sample-001028",
      "request_source": "arbitrary",
      "width": 959,
      "height": 539,
      "rgb": "court-sample-001028/rgb.npy",
      "rgb_preview": "court-sample-001028/rgb.png",
      "alpha": "court-sample-001028/alpha.npy",
      "alpha_preview": "court-sample-001028/alpha.png",
      "depth": "court-sample-001028/depth.npy"
    },
    {
      "camera_id": "court-sample-001029",
      "request_source": "arbitrary",
      "width": 959,
      "height": 539,
      "rgb": "court-sample-001029/rgb.npy",
      "rgb_preview": "court-sample-001029/rgb.png",
      "alpha": "court-sample-001029/alpha.npy",
      "alpha_preview": "court-sample-001029/alpha.png",
      "depth": "court-sample-001029/depth.npy"
    },
    {
      "camera_id": "court-sample-001030",
      "request_source": "arbitrary",
      "width": 959,
      "height": 539,
      "rgb": "court-sample-001030/rgb.npy",
      "rgb_preview": "court-sample-001030/rgb.png",
      "alpha": "court-sample-001030/alpha.npy",
      "alpha_preview": "court-sample-001030/alpha.png",
      "depth": "court-sample-001030/depth.npy"
    },
    {
      "camera_id": "court-sample-001031",
      "request_source": "arbitrary",
      "width": 959,
      "height": 539,
      "rgb": "court-sample-001031/rgb.npy",
      "rgb_preview": "court-sample-001031/rgb.png",
      "alpha": "court-sample-001031/alpha.npy",
      "alpha_preview": "court-sample-001031/alpha.png",
      "depth": "court-sample-001031/depth.npy"
    },
    {
      "camera_id": "court-sample-001032",
      "request_source": "arbitrary",
      "width": 959,
      "height": 539,
      "rgb": "court-sample-001032/rgb.npy",
      "rgb_preview": "court-sample-001032/rgb.png",
      "alpha": "court-sample-001032/alpha.npy",
      "alpha_preview": "court-sample-001032/alpha.png",
      "depth": "court-sample-001032/depth.npy"
    },
    {
      "camera_id": "court-sample-001033",
      "request_source": "arbitrary",
      "width": 959,
      "height": 539,
      "rgb": "court-sample-001033/rgb.npy",
      "rgb_preview": "court-sample-001033/rgb.png",
      "alpha": "court-sample-001033/alpha.npy",
      "alpha_preview": "court-sample-001033/alpha.png",
      "depth": "court-sample-001033/depth.npy"
    },
    {
      "camera_id": "court-sample-001034",
      "request_source": "arbitrary",
      "width": 959,
      "height": 539,
      "rgb": "court-sample-001034/rgb.npy",
      "rgb_preview": "court-sample-001034/rgb.png",
      "alpha": "court-sample-001034/alpha.npy",
      "alpha_preview": "court-sample-001034/alpha.png",
      "depth": "court-sample-001034/depth.npy"
    },
    {
      "camera_id": "court-sample-001035",
      "request_source": "arbitrary",
      "width": 959,
      "height": 539,
      "rgb": "court-sample-001035/rgb.npy",
      "rgb_preview": "court-sample-001035/rgb.png",
      "alpha": "court-sample-001035/alpha.npy",
      "alpha_preview": "court-sample-001035/alpha.png",
      "depth": "court-sample-001035/depth.npy"
    },
    {
      "camera_id": "court-sample-001036",
      "request_source": "arbitrary",
      "width": 959,
      "height": 539,
      "rgb": "court-sample-001036/rgb.npy",
      "rgb_preview": "court-sample-001036/rgb.png",
      "alpha": "court-sample-001036/alpha.npy",
      "alpha_preview": "court-sample-001036/alpha.png",
      "depth": "court-sample-001036/depth.npy"
    },
    {
      "camera_id": "court-sample-001037",
      "request_source": "arbitrary",
      "width": 959,
      "height": 539,
      "rgb": "court-sample-001037/rgb.npy",
      "rgb_preview": "court-sample-001037/rgb.png",
      "alpha": "court-sample-001037/alpha.npy",
      "alpha_preview": "court-sample-001037/alpha.png",
      "depth": "court-sample-001037/depth.npy"
    },
    {
      "camera_id": "court-sample-001038",
      "request_source": "arbitrary",
      "width": 959,
      "height": 539,
      "rgb": "court-sample-001038/rgb.npy",
      "rgb_preview": "court-sample-001038/rgb.png",
      "alpha": "court-sample-001038/alpha.npy",
      "alpha_preview": "court-sample-001038/alpha.png",
      "depth": "court-sample-001038/depth.npy"
    },
    {
      "camera_id": "court-sample-001039",
      "request_source": "arbitrary",
      "width": 959,
      "height": 539,
      "rgb": "court-sample-001039/rgb.npy",
      "rgb_preview": "court-sample-001039/rgb.png",
      "alpha": "court-sample-001039/alpha.npy",
      "alpha_preview": "court-sample-001039/alpha.png",
      "depth": "court-sample-001039/depth.npy"
    },
    {
      "camera_id": "court-sample-001040",
      "request_source": "arbitrary",
      "width": 959,
      "height": 539,
      "rgb": "court-sample-001040/rgb.npy",
      "rgb_preview": "court-sample-001040/rgb.png",
      "alpha": "court-sample-001040/alpha.npy",
      "alpha_preview": "court-sample-001040/alpha.png",
      "depth": "court-sample-001040/depth.npy"
    },
    {
      "camera_id": "court-sample-001041",
      "request_source": "arbitrary",
      "width": 959,
      "height": 539,
      "rgb": "court-sample-001041/rgb.npy",
      "rgb_preview": "court-sample-001041/rgb.png",
      "alpha": "court-sample-001041/alpha.npy",
      "alpha_preview": "court-sample-001041/alpha.png",
      "depth": "court-sample-001041/depth.npy"
    },
    {
      "camera_id": "court-sample-001042",
      "request_source": "arbitrary",
      "width": 959,
      "height": 539,
      "rgb": "court-sample-001042/rgb.npy",
      "rgb_preview": "court-sample-001042/rgb.png",
      "alpha": "court-sample-001042/alpha.npy",
      "alpha_preview": "court-sample-001042/alpha.png",
      "depth": "court-sample-001042/depth.npy"
    },
    {
      "camera_id": "court-sample-001043",
      "request_source": "arbitrary",
      "width": 959,
      "height": 539,
      "rgb": "court-sample-001043/rgb.npy",
      "rgb_preview": "court-sample-001043/rgb.png",
      "alpha": "court-sample-001043/alpha.npy",
      "alpha_preview": "court-sample-001043/alpha.png",
      "depth": "court-sample-001043/depth.npy"
    },
    {
      "camera_id": "court-sample-001044",
      "request_source": "arbitrary",
      "width": 959,
      "height": 539,
      "rgb": "court-sample-001044/rgb.npy",
      "rgb_preview": "court-sample-001044/rgb.png",
      "alpha": "court-sample-001044/alpha.npy",
      "alpha_preview": "court-sample-001044/alpha.png",
      "depth": "court-sample-001044/depth.npy"
    },
    {
      "camera_id": "court-sample-001045",
      "request_source": "arbitrary",
      "width": 959,
      "height": 539,
      "rgb": "court-sample-001045/rgb.npy",
      "rgb_preview": "court-sample-001045/rgb.png",
      "alpha": "court-sample-001045/alpha.npy",
      "alpha_preview": "court-sample-001045/alpha.png",
      "depth": "court-sample-001045/depth.npy"
    },
    {
      "camera_id": "court-sample-001046",
      "request_source": "arbitrary",
      "width": 959,
      "height": 539,
      "rgb": "court-sample-001046/rgb.npy",
      "rgb_preview": "court-sample-001046/rgb.png",
      "alpha": "court-sample-001046/alpha.npy",
      "alpha_preview": "court-sample-001046/alpha.png",
      "depth": "court-sample-001046/depth.npy"
    },
    {
      "camera_id": "court-sample-001047",
      "request_source": "arbitrary",
      "width": 959,
      "height": 539,
      "rgb": "court-sample-001047/rgb.npy",
      "rgb_preview": "court-sample-001047/rgb.png",
      "alpha": "court-sample-001047/alpha.npy",
      "alpha_preview": "court-sample-001047/alpha.png",
      "depth": "court-sample-001047/depth.npy"
    },
    {
      "camera_id": "court-sample-001048",
      "request_source": "arbitrary",
      "width": 959,
      "height": 539,
      "rgb": "court-sample-001048/rgb.npy",
      "rgb_preview": "court-sample-001048/rgb.png",
      "alpha": "court-sample-001048/alpha.npy",
      "alpha_preview": "court-sample-001048/alpha.png",
      "depth": "court-sample-001048/depth.npy"
    },
    {
      "camera_id": "court-sample-001049",
      "request_source": "arbitrary",
      "width": 959,
      "height": 539,
      "rgb": "court-sample-001049/rgb.npy",
      "rgb_preview": "court-sample-001049/rgb.png",
      "alpha": "court-sample-001049/alpha.npy",
      "alpha_preview": "court-sample-001049/alpha.png",
      "depth": "court-sample-001049/depth.npy"
    },
    {
      "camera_id": "court-sample-001050",
      "request_source": "arbitrary",
      "width": 959,
      "height": 539,
      "rgb": "court-sample-001050/rgb.npy",
      "rgb_preview": "court-sample-001050/rgb.png",
      "alpha": "court-sample-001050/alpha.npy",
      "alpha_preview": "court-sample-001050/alpha.png",
      "depth": "court-sample-001050/depth.npy"
    },
    {
      "camera_id": "court-sample-001051",
      "request_source": "arbitrary",
      "width": 959,
      "height": 539,
      "rgb": "court-sample-001051/rgb.npy",
      "rgb_preview": "court-sample-001051/rgb.png",
      "alpha": "court-sample-001051/alpha.npy",
      "alpha_preview": "court-sample-001051/alpha.png",
      "depth": "court-sample-001051/depth.npy"
    },
    {
      "camera_id": "court-sample-001052",
      "request_source": "arbitrary",
      "width": 959,
      "height": 539,
      "rgb": "court-sample-001052/rgb.npy",
      "rgb_preview": "court-sample-001052/rgb.png",
      "alpha": "court-sample-001052/alpha.npy",
      "alpha_preview": "court-sample-001052/alpha.png",
      "depth": "court-sample-001052/depth.npy"
    },
    {
      "camera_id": "court-sample-001053",
      "request_source": "arbitrary",
      "width": 959,
      "height": 539,
      "rgb": "court-sample-001053/rgb.npy",
      "rgb_preview": "court-sample-001053/rgb.png",
      "alpha": "court-sample-001053/alpha.npy",
      "alpha_preview": "court-sample-001053/alpha.png",
      "depth": "court-sample-001053/depth.npy"
    },
    {
      "camera_id": "court-sample-001054",
      "request_source": "arbitrary",
      "width": 959,
      "height": 539,
      "rgb": "court-sample-001054/rgb.npy",
      "rgb_preview": "court-sample-001054/rgb.png",
      "alpha": "court-sample-001054/alpha.npy",
      "alpha_preview": "court-sample-001054/alpha.png",
      "depth": "court-sample-001054/depth.npy"
    },
    {
      "camera_id": "court-sample-001055",
      "request_source": "arbitrary",
      "width": 959,
      "height": 539,
      "rgb": "court-sample-001055/rgb.npy",
      "rgb_preview": "court-sample-001055/rgb.png",
      "alpha": "court-sample-001055/alpha.npy",
      "alpha_preview": "court-sample-001055/alpha.png",
      "depth": "court-sample-001055/depth.npy"
    },
    {
      "camera_id": "court-sample-001056",
      "request_source": "arbitrary",
      "width": 959,
      "height": 539,
      "rgb": "court-sample-001056/rgb.npy",
      "rgb_preview": "court-sample-001056/rgb.png",
      "alpha": "court-sample-001056/alpha.npy",
      "alpha_preview": "court-sample-001056/alpha.png",
      "depth": "court-sample-001056/depth.npy"
    },
    {
      "camera_id": "court-sample-001057",
      "request_source": "arbitrary",
      "width": 959,
      "height": 539,
      "rgb": "court-sample-001057/rgb.npy",
      "rgb_preview": "court-sample-001057/rgb.png",
      "alpha": "court-sample-001057/alpha.npy",
      "alpha_preview": "court-sample-001057/alpha.png",
      "depth": "court-sample-001057/depth.npy"
    },
    {
      "camera_id": "court-sample-001058",
      "request_source": "arbitrary",
      "width": 959,
      "height": 539,
      "rgb": "court-sample-001058/rgb.npy",
      "rgb_preview": "court-sample-001058/rgb.png",
      "alpha": "court-sample-001058/alpha.npy",
      "alpha_preview": "court-sample-001058/alpha.png",
      "depth": "court-sample-001058/depth.npy"
    },
    {
      "camera_id": "court-sample-001059",
      "request_source": "arbitrary",
      "width": 959,
      "height": 539,
      "rgb": "court-sample-001059/rgb.npy",
      "rgb_preview": "court-sample-001059/rgb.png",
      "alpha": "court-sample-001059/alpha.npy",
      "alpha_preview": "court-sample-001059/alpha.png",
      "depth": "court-sample-001059/depth.npy"
    },
    {
      "camera_id": "court-sample-001060",
      "request_source": "arbitrary",
      "width": 959,
      "height": 539,
      "rgb": "court-sample-001060/rgb.npy",
      "rgb_preview": "court-sample-001060/rgb.png",
      "alpha": "court-sample-001060/alpha.npy",
      "alpha_preview": "court-sample-001060/alpha.png",
      "depth": "court-sample-001060/depth.npy"
    },
    {
      "camera_id": "court-sample-001061",
      "request_source": "arbitrary",
      "width": 959,
      "height": 539,
      "rgb": "court-sample-001061/rgb.npy",
      "rgb_preview": "court-sample-001061/rgb.png",
      "alpha": "court-sample-001061/alpha.npy",
      "alpha_preview": "court-sample-001061/alpha.png",
      "depth": "court-sample-001061/depth.npy"
    },
    {
      "camera_id": "court-sample-001062",
      "request_source": "arbitrary",
      "width": 959,
      "height": 539,
      "rgb": "court-sample-001062/rgb.npy",
      "rgb_preview": "court-sample-001062/rgb.png",
      "alpha": "court-sample-001062/alpha.npy",
      "alpha_preview": "court-sample-001062/alpha.png",
      "depth": "court-sample-001062/depth.npy"
    },
    {
      "camera_id": "court-sample-001063",
      "request_source": "arbitrary",
      "width": 959,
      "height": 539,
      "rgb": "court-sample-001063/rgb.npy",
      "rgb_preview": "court-sample-001063/rgb.png",
      "alpha": "court-sample-001063/alpha.npy",
      "alpha_preview": "court-sample-001063/alpha.png",
      "depth": "court-sample-001063/depth.npy"
    },
    {
      "camera_id": "court-sample-001064",
      "request_source": "arbitrary",
      "width": 959,
      "height": 539,
      "rgb": "court-sample-001064/rgb.npy",
      "rgb_preview": "court-sample-001064/rgb.png",
      "alpha": "court-sample-001064/alpha.npy",
      "alpha_preview": "court-sample-001064/alpha.png",
      "depth": "court-sample-001064/depth.npy"
    },
    {
      "camera_id": "court-sample-001065",
      "request_source": "arbitrary",
      "width": 959,
      "height": 539,
      "rgb": "court-sample-001065/rgb.npy",
      "rgb_preview": "court-sample-001065/rgb.png",
      "alpha": "court-sample-001065/alpha.npy",
      "alpha_preview": "court-sample-001065/alpha.png",
      "depth": "court-sample-001065/depth.npy"
    },
    {
      "camera_id": "court-sample-001066",
      "request_source": "arbitrary",
      "width": 959,
      "height": 539,
      "rgb": "court-sample-001066/rgb.npy",
      "rgb_preview": "court-sample-001066/rgb.png",
      "alpha": "court-sample-001066/alpha.npy",
      "alpha_preview": "court-sample-001066/alpha.png",
      "depth": "court-sample-001066/depth.npy"
    },
    {
      "camera_id": "court-sample-001067",
      "request_source": "arbitrary",
      "width": 959,
      "height": 539,
      "rgb": "court-sample-001067/rgb.npy",
      "rgb_preview": "court-sample-001067/rgb.png",
      "alpha": "court-sample-001067/alpha.npy",
      "alpha_preview": "court-sample-001067/alpha.png",
      "depth": "court-sample-001067/depth.npy"
    },
    {
      "camera_id": "court-sample-001068",
      "request_source": "arbitrary",
      "width": 959,
      "height": 539,
      "rgb": "court-sample-001068/rgb.npy",
      "rgb_preview": "court-sample-001068/rgb.png",
      "alpha": "court-sample-001068/alpha.npy",
      "alpha_preview": "court-sample-001068/alpha.png",
      "depth": "court-sample-001068/depth.npy"
    },
    {
      "camera_id": "court-sample-001069",
      "request_source": "arbitrary",
      "width": 959,
      "height": 539,
      "rgb": "court-sample-001069/rgb.npy",
      "rgb_preview": "court-sample-001069/rgb.png",
      "alpha": "court-sample-001069/alpha.npy",
      "alpha_preview": "court-sample-001069/alpha.png",
      "depth": "court-sample-001069/depth.npy"
    },
    {
      "camera_id": "court-sample-001070",
      "request_source": "arbitrary",
      "width": 959,
      "height": 539,
      "rgb": "court-sample-001070/rgb.npy",
      "rgb_preview": "court-sample-001070/rgb.png",
      "alpha": "court-sample-001070/alpha.npy",
      "alpha_preview": "court-sample-001070/alpha.png",
      "depth": "court-sample-001070/depth.npy"
    },
    {
      "camera_id": "court-sample-001071",
      "request_source": "arbitrary",
      "width": 959,
      "height": 539,
      "rgb": "court-sample-001071/rgb.npy",
      "rgb_preview": "court-sample-001071/rgb.png",
      "alpha": "court-sample-001071/alpha.npy",
      "alpha_preview": "court-sample-001071/alpha.png",
      "depth": "court-sample-001071/depth.npy"
    },
    {
      "camera_id": "court-sample-001072",
      "request_source": "arbitrary",
      "width": 959,
      "height": 539,
      "rgb": "court-sample-001072/rgb.npy",
      "rgb_preview": "court-sample-001072/rgb.png",
      "alpha": "court-sample-001072/alpha.npy",
      "alpha_preview": "court-sample-001072/alpha.png",
      "depth": "court-sample-001072/depth.npy"
    },
    {
      "camera_id": "court-sample-001073",
      "request_source": "arbitrary",
      "width": 959,
      "height": 539,
      "rgb": "court-sample-001073/rgb.npy",
      "rgb_preview": "court-sample-001073/rgb.png",
      "alpha": "court-sample-001073/alpha.npy",
      "alpha_preview": "court-sample-001073/alpha.png",
      "depth": "court-sample-001073/depth.npy"
    },
    {
      "camera_id": "court-sample-001074",
      "request_source": "arbitrary",
      "width": 959,
      "height": 539,
      "rgb": "court-sample-001074/rgb.npy",
      "rgb_preview": "court-sample-001074/rgb.png",
      "alpha": "court-sample-001074/alpha.npy",
      "alpha_preview": "court-sample-001074/alpha.png",
      "depth": "court-sample-001074/depth.npy"
    },
    {
      "camera_id": "court-sample-001075",
      "request_source": "arbitrary",
      "width": 959,
      "height": 539,
      "rgb": "court-sample-001075/rgb.npy",
      "rgb_preview": "court-sample-001075/rgb.png",
      "alpha": "court-sample-001075/alpha.npy",
      "alpha_preview": "court-sample-001075/alpha.png",
      "depth": "court-sample-001075/depth.npy"
    },
    {
      "camera_id": "court-sample-001076",
      "request_source": "arbitrary",
      "width": 959,
      "height": 539,
      "rgb": "court-sample-001076/rgb.npy",
      "rgb_preview": "court-sample-001076/rgb.png",
      "alpha": "court-sample-001076/alpha.npy",
      "alpha_preview": "court-sample-001076/alpha.png",
      "depth": "court-sample-001076/depth.npy"
    },
    {
      "camera_id": "court-sample-001077",
      "request_source": "arbitrary",
      "width": 959,
      "height": 539,
      "rgb": "court-sample-001077/rgb.npy",
      "rgb_preview": "court-sample-001077/rgb.png",
      "alpha": "court-sample-001077/alpha.npy",
      "alpha_preview": "court-sample-001077/alpha.png",
      "depth": "court-sample-001077/depth.npy"
    },
    {
      "camera_id": "court-sample-001078",
      "request_source": "arbitrary",
      "width": 959,
      "height": 539,
      "rgb": "court-sample-001078/rgb.npy",
      "rgb_preview": "court-sample-001078/rgb.png",
      "alpha": "court-sample-001078/alpha.npy",
      "alpha_preview": "court-sample-001078/alpha.png",
      "depth": "court-sample-001078/depth.npy"
    },
    {
      "camera_id": "court-sample-001079",
      "request_source": "arbitrary",
      "width": 959,
      "height": 539,
      "rgb": "court-sample-001079/rgb.npy",
      "rgb_preview": "court-sample-001079/rgb.png",
      "alpha": "court-sample-001079/alpha.npy",
      "alpha_preview": "court-sample-001079/alpha.png",
      "depth": "court-sample-001079/depth.npy"
    },
    {
      "camera_id": "court-sample-001080",
      "request_source": "arbitrary",
      "width": 959,
      "height": 539,
      "rgb": "court-sample-001080/rgb.npy",
      "rgb_preview": "court-sample-001080/rgb.png",
      "alpha": "court-sample-001080/alpha.npy",
      "alpha_preview": "court-sample-001080/alpha.png",
      "depth": "court-sample-001080/depth.npy"
    },
    {
      "camera_id": "court-sample-001081",
      "request_source": "arbitrary",
      "width": 959,
      "height": 539,
      "rgb": "court-sample-001081/rgb.npy",
      "rgb_preview": "court-sample-001081/rgb.png",
      "alpha": "court-sample-001081/alpha.npy",
      "alpha_preview": "court-sample-001081/alpha.png",
      "depth": "court-sample-001081/depth.npy"
    },
    {
      "camera_id": "court-sample-001082",
      "request_source": "arbitrary",
      "width": 959,
      "height": 539,
      "rgb": "court-sample-001082/rgb.npy",
      "rgb_preview": "court-sample-001082/rgb.png",
      "alpha": "court-sample-001082/alpha.npy",
      "alpha_preview": "court-sample-001082/alpha.png",
      "depth": "court-sample-001082/depth.npy"
    },
    {
      "camera_id": "court-sample-001083",
      "request_source": "arbitrary",
      "width": 959,
      "height": 539,
      "rgb": "court-sample-001083/rgb.npy",
      "rgb_preview": "court-sample-001083/rgb.png",
      "alpha": "court-sample-001083/alpha.npy",
      "alpha_preview": "court-sample-001083/alpha.png",
      "depth": "court-sample-001083/depth.npy"
    },
    {
      "camera_id": "court-sample-001084",
      "request_source": "arbitrary",
      "width": 959,
      "height": 539,
      "rgb": "court-sample-001084/rgb.npy",
      "rgb_preview": "court-sample-001084/rgb.png",
      "alpha": "court-sample-001084/alpha.npy",
      "alpha_preview": "court-sample-001084/alpha.png",
      "depth": "court-sample-001084/depth.npy"
    },
    {
      "camera_id": "court-sample-001085",
      "request_source": "arbitrary",
      "width": 959,
      "height": 539,
      "rgb": "court-sample-001085/rgb.npy",
      "rgb_preview": "court-sample-001085/rgb.png",
      "alpha": "court-sample-001085/alpha.npy",
      "alpha_preview": "court-sample-001085/alpha.png",
      "depth": "court-sample-001085/depth.npy"
    },
    {
      "camera_id": "court-sample-001086",
      "request_source": "arbitrary",
      "width": 959,
      "height": 539,
      "rgb": "court-sample-001086/rgb.npy",
      "rgb_preview": "court-sample-001086/rgb.png",
      "alpha": "court-sample-001086/alpha.npy",
      "alpha_preview": "court-sample-001086/alpha.png",
      "depth": "court-sample-001086/depth.npy"
    },
    {
      "camera_id": "court-sample-001087",
      "request_source": "arbitrary",
      "width": 959,
      "height": 539,
      "rgb": "court-sample-001087/rgb.npy",
      "rgb_preview": "court-sample-001087/rgb.png",
      "alpha": "court-sample-001087/alpha.npy",
      "alpha_preview": "court-sample-001087/alpha.png",
      "depth": "court-sample-001087/depth.npy"
    },
    {
      "camera_id": "court-sample-001088",
      "request_source": "arbitrary",
      "width": 959,
      "height": 539,
      "rgb": "court-sample-001088/rgb.npy",
      "rgb_preview": "court-sample-001088/rgb.png",
      "alpha": "court-sample-001088/alpha.npy",
      "alpha_preview": "court-sample-001088/alpha.png",
      "depth": "court-sample-001088/depth.npy"
    },
    {
      "camera_id": "court-sample-001089",
      "request_source": "arbitrary",
      "width": 959,
      "height": 539,
      "rgb": "court-sample-001089/rgb.npy",
      "rgb_preview": "court-sample-001089/rgb.png",
      "alpha": "court-sample-001089/alpha.npy",
      "alpha_preview": "court-sample-001089/alpha.png",
      "depth": "court-sample-001089/depth.npy"
    },
    {
      "camera_id": "court-sample-001090",
      "request_source": "arbitrary",
      "width": 959,
      "height": 539,
      "rgb": "court-sample-001090/rgb.npy",
      "rgb_preview": "court-sample-001090/rgb.png",
      "alpha": "court-sample-001090/alpha.npy",
      "alpha_preview": "court-sample-001090/alpha.png",
      "depth": "court-sample-001090/depth.npy"
    },
    {
      "camera_id": "court-sample-001091",
      "request_source": "arbitrary",
      "width": 959,
      "height": 539,
      "rgb": "court-sample-001091/rgb.npy",
      "rgb_preview": "court-sample-001091/rgb.png",
      "alpha": "court-sample-001091/alpha.npy",
      "alpha_preview": "court-sample-001091/alpha.png",
      "depth": "court-sample-001091/depth.npy"
    },
    {
      "camera_id": "court-sample-001092",
      "request_source": "arbitrary",
      "width": 959,
      "height": 539,
      "rgb": "court-sample-001092/rgb.npy",
      "rgb_preview": "court-sample-001092/rgb.png",
      "alpha": "court-sample-001092/alpha.npy",
      "alpha_preview": "court-sample-001092/alpha.png",
      "depth": "court-sample-001092/depth.npy"
    },
    {
      "camera_id": "court-sample-001093",
      "request_source": "arbitrary",
      "width": 959,
      "height": 539,
      "rgb": "court-sample-001093/rgb.npy",
      "rgb_preview": "court-sample-001093/rgb.png",
      "alpha": "court-sample-001093/alpha.npy",
      "alpha_preview": "court-sample-001093/alpha.png",
      "depth": "court-sample-001093/depth.npy"
    },
    {
      "camera_id": "court-sample-001094",
      "request_source": "arbitrary",
      "width": 959,
      "height": 539,
      "rgb": "court-sample-001094/rgb.npy",
      "rgb_preview": "court-sample-001094/rgb.png",
      "alpha": "court-sample-001094/alpha.npy",
      "alpha_preview": "court-sample-001094/alpha.png",
      "depth": "court-sample-001094/depth.npy"
    },
    {
      "camera_id": "court-sample-001095",
      "request_source": "arbitrary",
      "width": 959,
      "height": 539,
      "rgb": "court-sample-001095/rgb.npy",
      "rgb_preview": "court-sample-001095/rgb.png",
      "alpha": "court-sample-001095/alpha.npy",
      "alpha_preview": "court-sample-001095/alpha.png",
      "depth": "court-sample-001095/depth.npy"
    },
    {
      "camera_id": "court-sample-001096",
      "request_source": "arbitrary",
      "width": 959,
      "height": 539,
      "rgb": "court-sample-001096/rgb.npy",
      "rgb_preview": "court-sample-001096/rgb.png",
      "alpha": "court-sample-001096/alpha.npy",
      "alpha_preview": "court-sample-001096/alpha.png",
      "depth": "court-sample-001096/depth.npy"
    },
    {
      "camera_id": "court-sample-001097",
      "request_source": "arbitrary",
      "width": 959,
      "height": 539,
      "rgb": "court-sample-001097/rgb.npy",
      "rgb_preview": "court-sample-001097/rgb.png",
      "alpha": "court-sample-001097/alpha.npy",
      "alpha_preview": "court-sample-001097/alpha.png",
      "depth": "court-sample-001097/depth.npy"
    },
    {
      "camera_id": "court-sample-001098",
      "request_source": "arbitrary",
      "width": 959,
      "height": 539,
      "rgb": "court-sample-001098/rgb.npy",
      "rgb_preview": "court-sample-001098/rgb.png",
      "alpha": "court-sample-001098/alpha.npy",
      "alpha_preview": "court-sample-001098/alpha.png",
      "depth": "court-sample-001098/depth.npy"
    },
    {
      "camera_id": "court-sample-001099",
      "request_source": "arbitrary",
      "width": 959,
      "height": 539,
      "rgb": "court-sample-001099/rgb.npy",
      "rgb_preview": "court-sample-001099/rgb.png",
      "alpha": "court-sample-001099/alpha.npy",
      "alpha_preview": "court-sample-001099/alpha.png",
      "depth": "court-sample-001099/depth.npy"
    },
    {
      "camera_id": "court-sample-001100",
      "request_source": "arbitrary",
      "width": 959,
      "height": 539,
      "rgb": "court-sample-001100/rgb.npy",
      "rgb_preview": "court-sample-001100/rgb.png",
      "alpha": "court-sample-001100/alpha.npy",
      "alpha_preview": "court-sample-001100/alpha.png",
      "depth": "court-sample-001100/depth.npy"
    },
    {
      "camera_id": "court-sample-001101",
      "request_source": "arbitrary",
      "width": 959,
      "height": 539,
      "rgb": "court-sample-001101/rgb.npy",
      "rgb_preview": "court-sample-001101/rgb.png",
      "alpha": "court-sample-001101/alpha.npy",
      "alpha_preview": "court-sample-001101/alpha.png",
      "depth": "court-sample-001101/depth.npy"
    },
    {
      "camera_id": "court-sample-001102",
      "request_source": "arbitrary",
      "width": 959,
      "height": 539,
      "rgb": "court-sample-001102/rgb.npy",
      "rgb_preview": "court-sample-001102/rgb.png",
      "alpha": "court-sample-001102/alpha.npy",
      "alpha_preview": "court-sample-001102/alpha.png",
      "depth": "court-sample-001102/depth.npy"
    },
    {
      "camera_id": "court-sample-001103",
      "request_source": "arbitrary",
      "width": 959,
      "height": 539,
      "rgb": "court-sample-001103/rgb.npy",
      "rgb_preview": "court-sample-001103/rgb.png",
      "alpha": "court-sample-001103/alpha.npy",
      "alpha_preview": "court-sample-001103/alpha.png",
      "depth": "court-sample-001103/depth.npy"
    },
    {
      "camera_id": "court-sample-001280",
      "request_source": "arbitrary",
      "width": 959,
      "height": 539,
      "rgb": "court-sample-001280/rgb.npy",
      "rgb_preview": "court-sample-001280/rgb.png",
      "alpha": "court-sample-001280/alpha.npy",
      "alpha_preview": "court-sample-001280/alpha.png",
      "depth": "court-sample-001280/depth.npy"
    },
    {
      "camera_id": "court-sample-001281",
      "request_source": "arbitrary",
      "width": 959,
      "height": 539,
      "rgb": "court-sample-001281/rgb.npy",
      "rgb_preview": "court-sample-001281/rgb.png",
      "alpha": "court-sample-001281/alpha.npy",
      "alpha_preview": "court-sample-001281/alpha.png",
      "depth": "court-sample-001281/depth.npy"
    },
    {
      "camera_id": "court-sample-001282",
      "request_source": "arbitrary",
      "width": 959,
      "height": 539,
      "rgb": "court-sample-001282/rgb.npy",
      "rgb_preview": "court-sample-001282/rgb.png",
      "alpha": "court-sample-001282/alpha.npy",
      "alpha_preview": "court-sample-001282/alpha.png",
      "depth": "court-sample-001282/depth.npy"
    },
    {
      "camera_id": "court-sample-001283",
      "request_source": "arbitrary",
      "width": 959,
      "height": 539,
      "rgb": "court-sample-001283/rgb.npy",
      "rgb_preview": "court-sample-001283/rgb.png",
      "alpha": "court-sample-001283/alpha.npy",
      "alpha_preview": "court-sample-001283/alpha.png",
      "depth": "court-sample-001283/depth.npy"
    },
    {
      "camera_id": "court-sample-001284",
      "request_source": "arbitrary",
      "width": 959,
      "height": 539,
      "rgb": "court-sample-001284/rgb.npy",
      "rgb_preview": "court-sample-001284/rgb.png",
      "alpha": "court-sample-001284/alpha.npy",
      "alpha_preview": "court-sample-001284/alpha.png",
      "depth": "court-sample-001284/depth.npy"
    },
    {
      "camera_id": "court-sample-001285",
      "request_source": "arbitrary",
      "width": 959,
      "height": 539,
      "rgb": "court-sample-001285/rgb.npy",
      "rgb_preview": "court-sample-001285/rgb.png",
      "alpha": "court-sample-001285/alpha.npy",
      "alpha_preview": "court-sample-001285/alpha.png",
      "depth": "court-sample-001285/depth.npy"
    },
    {
      "camera_id": "court-sample-001286",
      "request_source": "arbitrary",
      "width": 959,
      "height": 539,
      "rgb": "court-sample-001286/rgb.npy",
      "rgb_preview": "court-sample-001286/rgb.png",
      "alpha": "court-sample-001286/alpha.npy",
      "alpha_preview": "court-sample-001286/alpha.png",
      "depth": "court-sample-001286/depth.npy"
    },
    {
      "camera_id": "court-sample-001287",
      "request_source": "arbitrary",
      "width": 959,
      "height": 539,
      "rgb": "court-sample-001287/rgb.npy",
      "rgb_preview": "court-sample-001287/rgb.png",
      "alpha": "court-sample-001287/alpha.npy",
      "alpha_preview": "court-sample-001287/alpha.png",
      "depth": "court-sample-001287/depth.npy"
    },
    {
      "camera_id": "court-sample-001288",
      "request_source": "arbitrary",
      "width": 959,
      "height": 539,
      "rgb": "court-sample-001288/rgb.npy",
      "rgb_preview": "court-sample-001288/rgb.png",
      "alpha": "court-sample-001288/alpha.npy",
      "alpha_preview": "court-sample-001288/alpha.png",
      "depth": "court-sample-001288/depth.npy"
    },
    {
      "camera_id": "court-sample-001292",
      "request_source": "arbitrary",
      "width": 959,
      "height": 539,
      "rgb": "court-sample-001292/rgb.npy",
      "rgb_preview": "court-sample-001292/rgb.png",
      "alpha": "court-sample-001292/alpha.npy",
      "alpha_preview": "court-sample-001292/alpha.png",
      "depth": "court-sample-001292/depth.npy"
    },
    {
      "camera_id": "court-sample-001293",
      "request_source": "arbitrary",
      "width": 959,
      "height": 539,
      "rgb": "court-sample-001293/rgb.npy",
      "rgb_preview": "court-sample-001293/rgb.png",
      "alpha": "court-sample-001293/alpha.npy",
      "alpha_preview": "court-sample-001293/alpha.png",
      "depth": "court-sample-001293/depth.npy"
    },
    {
      "camera_id": "court-sample-001294",
      "request_source": "arbitrary",
      "width": 959,
      "height": 539,
      "rgb": "court-sample-001294/rgb.npy",
      "rgb_preview": "court-sample-001294/rgb.png",
      "alpha": "court-sample-001294/alpha.npy",
      "alpha_preview": "court-sample-001294/alpha.png",
      "depth": "court-sample-001294/depth.npy"
    },
    {
      "camera_id": "court-sample-001295",
      "request_source": "arbitrary",
      "width": 959,
      "height": 539,
      "rgb": "court-sample-001295/rgb.npy",
      "rgb_preview": "court-sample-001295/rgb.png",
      "alpha": "court-sample-001295/alpha.npy",
      "alpha_preview": "court-sample-001295/alpha.png",
      "depth": "court-sample-001295/depth.npy"
    },
    {
      "camera_id": "court-sample-001296",
      "request_source": "arbitrary",
      "width": 959,
      "height": 539,
      "rgb": "court-sample-001296/rgb.npy",
      "rgb_preview": "court-sample-001296/rgb.png",
      "alpha": "court-sample-001296/alpha.npy",
      "alpha_preview": "court-sample-001296/alpha.png",
      "depth": "court-sample-001296/depth.npy"
    },
    {
      "camera_id": "court-sample-001297",
      "request_source": "arbitrary",
      "width": 959,
      "height": 539,
      "rgb": "court-sample-001297/rgb.npy",
      "rgb_preview": "court-sample-001297/rgb.png",
      "alpha": "court-sample-001297/alpha.npy",
      "alpha_preview": "court-sample-001297/alpha.png",
      "depth": "court-sample-001297/depth.npy"
    },
    {
      "camera_id": "court-sample-001298",
      "request_source": "arbitrary",
      "width": 959,
      "height": 539,
      "rgb": "court-sample-001298/rgb.npy",
      "rgb_preview": "court-sample-001298/rgb.png",
      "alpha": "court-sample-001298/alpha.npy",
      "alpha_preview": "court-sample-001298/alpha.png",
      "depth": "court-sample-001298/depth.npy"
    },
    {
      "camera_id": "court-sample-001299",
      "request_source": "arbitrary",
      "width": 959,
      "height": 539,
      "rgb": "court-sample-001299/rgb.npy",
      "rgb_preview": "court-sample-001299/rgb.png",
      "alpha": "court-sample-001299/alpha.npy",
      "alpha_preview": "court-sample-001299/alpha.png",
      "depth": "court-sample-001299/depth.npy"
    },
    {
      "camera_id": "court-sample-001300",
      "request_source": "arbitrary",
      "width": 959,
      "height": 539,
      "rgb": "court-sample-001300/rgb.npy",
      "rgb_preview": "court-sample-001300/rgb.png",
      "alpha": "court-sample-001300/alpha.npy",
      "alpha_preview": "court-sample-001300/alpha.png",
      "depth": "court-sample-001300/depth.npy"
    },
    {
      "camera_id": "court-sample-001301",
      "request_source": "arbitrary",
      "width": 959,
      "height": 539,
      "rgb": "court-sample-001301/rgb.npy",
      "rgb_preview": "court-sample-001301/rgb.png",
      "alpha": "court-sample-001301/alpha.npy",
      "alpha_preview": "court-sample-001301/alpha.png",
      "depth": "court-sample-001301/depth.npy"
    },
    {
      "camera_id": "court-sample-001302",
      "request_source": "arbitrary",
      "width": 959,
      "height": 539,
      "rgb": "court-sample-001302/rgb.npy",
      "rgb_preview": "court-sample-001302/rgb.png",
      "alpha": "court-sample-001302/alpha.npy",
      "alpha_preview": "court-sample-001302/alpha.png",
      "depth": "court-sample-001302/depth.npy"
    },
    {
      "camera_id": "court-sample-001303",
      "request_source": "arbitrary",
      "width": 959,
      "height": 539,
      "rgb": "court-sample-001303/rgb.npy",
      "rgb_preview": "court-sample-001303/rgb.png",
      "alpha": "court-sample-001303/alpha.npy",
      "alpha_preview": "court-sample-001303/alpha.png",
      "depth": "court-sample-001303/depth.npy"
    },
    {
      "camera_id": "court-sample-001304",
      "request_source": "arbitrary",
      "width": 959,
      "height": 539,
      "rgb": "court-sample-001304/rgb.npy",
      "rgb_preview": "court-sample-001304/rgb.png",
      "alpha": "court-sample-001304/alpha.npy",
      "alpha_preview": "court-sample-001304/alpha.png",
      "depth": "court-sample-001304/depth.npy"
    },
    {
      "camera_id": "court-sample-001305",
      "request_source": "arbitrary",
      "width": 959,
      "height": 539,
      "rgb": "court-sample-001305/rgb.npy",
      "rgb_preview": "court-sample-001305/rgb.png",
      "alpha": "court-sample-001305/alpha.npy",
      "alpha_preview": "court-sample-001305/alpha.png",
      "depth": "court-sample-001305/depth.npy"
    },
    {
      "camera_id": "court-sample-001306",
      "request_source": "arbitrary",
      "width": 959,
      "height": 539,
      "rgb": "court-sample-001306/rgb.npy",
      "rgb_preview": "court-sample-001306/rgb.png",
      "alpha": "court-sample-001306/alpha.npy",
      "alpha_preview": "court-sample-001306/alpha.png",
      "depth": "court-sample-001306/depth.npy"
    },
    {
      "camera_id": "court-sample-001307",
      "request_source": "arbitrary",
      "width": 959,
      "height": 539,
      "rgb": "court-sample-001307/rgb.npy",
      "rgb_preview": "court-sample-001307/rgb.png",
      "alpha": "court-sample-001307/alpha.npy",
      "alpha_preview": "court-sample-001307/alpha.png",
      "depth": "court-sample-001307/depth.npy"
    },
    {
      "camera_id": "court-sample-001308",
      "request_source": "arbitrary",
      "width": 959,
      "height": 539,
      "rgb": "court-sample-001308/rgb.npy",
      "rgb_preview": "court-sample-001308/rgb.png",
      "alpha": "court-sample-001308/alpha.npy",
      "alpha_preview": "court-sample-001308/alpha.png",
      "depth": "court-sample-001308/depth.npy"
    },
    {
      "camera_id": "court-sample-001309",
      "request_source": "arbitrary",
      "width": 959,
      "height": 539,
      "rgb": "court-sample-001309/rgb.npy",
      "rgb_preview": "court-sample-001309/rgb.png",
      "alpha": "court-sample-001309/alpha.npy",
      "alpha_preview": "court-sample-001309/alpha.png",
      "depth": "court-sample-001309/depth.npy"
    },
    {
      "camera_id": "court-sample-001310",
      "request_source": "arbitrary",
      "width": 959,
      "height": 539,
      "rgb": "court-sample-001310/rgb.npy",
      "rgb_preview": "court-sample-001310/rgb.png",
      "alpha": "court-sample-001310/alpha.npy",
      "alpha_preview": "court-sample-001310/alpha.png",
      "depth": "court-sample-001310/depth.npy"
    },
    {
      "camera_id": "court-sample-001311",
      "request_source": "arbitrary",
      "width": 959,
      "height": 539,
      "rgb": "court-sample-001311/rgb.npy",
      "rgb_preview": "court-sample-001311/rgb.png",
      "alpha": "court-sample-001311/alpha.npy",
      "alpha_preview": "court-sample-001311/alpha.png",
      "depth": "court-sample-001311/depth.npy"
    },
    {
      "camera_id": "court-sample-001312",
      "request_source": "arbitrary",
      "width": 959,
      "height": 539,
      "rgb": "court-sample-001312/rgb.npy",
      "rgb_preview": "court-sample-001312/rgb.png",
      "alpha": "court-sample-001312/alpha.npy",
      "alpha_preview": "court-sample-001312/alpha.png",
      "depth": "court-sample-001312/depth.npy"
    },
    {
      "camera_id": "court-sample-001313",
      "request_source": "arbitrary",
      "width": 959,
      "height": 539,
      "rgb": "court-sample-001313/rgb.npy",
      "rgb_preview": "court-sample-001313/rgb.png",
      "alpha": "court-sample-001313/alpha.npy",
      "alpha_preview": "court-sample-001313/alpha.png",
      "depth": "court-sample-001313/depth.npy"
    },
    {
      "camera_id": "court-sample-001314",
      "request_source": "arbitrary",
      "width": 959,
      "height": 539,
      "rgb": "court-sample-001314/rgb.npy",
      "rgb_preview": "court-sample-001314/rgb.png",
      "alpha": "court-sample-001314/alpha.npy",
      "alpha_preview": "court-sample-001314/alpha.png",
      "depth": "court-sample-001314/depth.npy"
    },
    {
      "camera_id": "court-sample-001315",
      "request_source": "arbitrary",
      "width": 959,
      "height": 539,
      "rgb": "court-sample-001315/rgb.npy",
      "rgb_preview": "court-sample-001315/rgb.png",
      "alpha": "court-sample-001315/alpha.npy",
      "alpha_preview": "court-sample-001315/alpha.png",
      "depth": "court-sample-001315/depth.npy"
    },
    {
      "camera_id": "court-sample-001316",
      "request_source": "arbitrary",
      "width": 959,
      "height": 539,
      "rgb": "court-sample-001316/rgb.npy",
      "rgb_preview": "court-sample-001316/rgb.png",
      "alpha": "court-sample-001316/alpha.npy",
      "alpha_preview": "court-sample-001316/alpha.png",
      "depth": "court-sample-001316/depth.npy"
    },
    {
      "camera_id": "court-sample-001317",
      "request_source": "arbitrary",
      "width": 959,
      "height": 539,
      "rgb": "court-sample-001317/rgb.npy",
      "rgb_preview": "court-sample-001317/rgb.png",
      "alpha": "court-sample-001317/alpha.npy",
      "alpha_preview": "court-sample-001317/alpha.png",
      "depth": "court-sample-001317/depth.npy"
    },
    {
      "camera_id": "court-sample-001318",
      "request_source": "arbitrary",
      "width": 959,
      "height": 539,
      "rgb": "court-sample-001318/rgb.npy",
      "rgb_preview": "court-sample-001318/rgb.png",
      "alpha": "court-sample-001318/alpha.npy",
      "alpha_preview": "court-sample-001318/alpha.png",
      "depth": "court-sample-001318/depth.npy"
    },
    {
      "camera_id": "court-sample-001319",
      "request_source": "arbitrary",
      "width": 959,
      "height": 539,
      "rgb": "court-sample-001319/rgb.npy",
      "rgb_preview": "court-sample-001319/rgb.png",
      "alpha": "court-sample-001319/alpha.npy",
      "alpha_preview": "court-sample-001319/alpha.png",
      "depth": "court-sample-001319/depth.npy"
    },
    {
      "camera_id": "court-sample-001320",
      "request_source": "arbitrary",
      "width": 959,
      "height": 539,
      "rgb": "court-sample-001320/rgb.npy",
      "rgb_preview": "court-sample-001320/rgb.png",
      "alpha": "court-sample-001320/alpha.npy",
      "alpha_preview": "court-sample-001320/alpha.png",
      "depth": "court-sample-001320/depth.npy"
    },
    {
      "camera_id": "court-sample-001321",
      "request_source": "arbitrary",
      "width": 959,
      "height": 539,
      "rgb": "court-sample-001321/rgb.npy",
      "rgb_preview": "court-sample-001321/rgb.png",
      "alpha": "court-sample-001321/alpha.npy",
      "alpha_preview": "court-sample-001321/alpha.png",
      "depth": "court-sample-001321/depth.npy"
    },
    {
      "camera_id": "court-sample-001322",
      "request_source": "arbitrary",
      "width": 959,
      "height": 539,
      "rgb": "court-sample-001322/rgb.npy",
      "rgb_preview": "court-sample-001322/rgb.png",
      "alpha": "court-sample-001322/alpha.npy",
      "alpha_preview": "court-sample-001322/alpha.png",
      "depth": "court-sample-001322/depth.npy"
    },
    {
      "camera_id": "court-sample-001323",
      "request_source": "arbitrary",
      "width": 959,
      "height": 539,
      "rgb": "court-sample-001323/rgb.npy",
      "rgb_preview": "court-sample-001323/rgb.png",
      "alpha": "court-sample-001323/alpha.npy",
      "alpha_preview": "court-sample-001323/alpha.png",
      "depth": "court-sample-001323/depth.npy"
    },
    {
      "camera_id": "court-sample-001324",
      "request_source": "arbitrary",
      "width": 959,
      "height": 539,
      "rgb": "court-sample-001324/rgb.npy",
      "rgb_preview": "court-sample-001324/rgb.png",
      "alpha": "court-sample-001324/alpha.npy",
      "alpha_preview": "court-sample-001324/alpha.png",
      "depth": "court-sample-001324/depth.npy"
    },
    {
      "camera_id": "court-sample-001325",
      "request_source": "arbitrary",
      "width": 959,
      "height": 539,
      "rgb": "court-sample-001325/rgb.npy",
      "rgb_preview": "court-sample-001325/rgb.png",
      "alpha": "court-sample-001325/alpha.npy",
      "alpha_preview": "court-sample-001325/alpha.png",
      "depth": "court-sample-001325/depth.npy"
    },
    {
      "camera_id": "court-sample-001326",
      "request_source": "arbitrary",
      "width": 959,
      "height": 539,
      "rgb": "court-sample-001326/rgb.npy",
      "rgb_preview": "court-sample-001326/rgb.png",
      "alpha": "court-sample-001326/alpha.npy",
      "alpha_preview": "court-sample-001326/alpha.png",
      "depth": "court-sample-001326/depth.npy"
    },
    {
      "camera_id": "court-sample-001327",
      "request_source": "arbitrary",
      "width": 959,
      "height": 539,
      "rgb": "court-sample-001327/rgb.npy",
      "rgb_preview": "court-sample-001327/rgb.png",
      "alpha": "court-sample-001327/alpha.npy",
      "alpha_preview": "court-sample-001327/alpha.png",
      "depth": "court-sample-001327/depth.npy"
    },
    {
      "camera_id": "court-sample-001328",
      "request_source": "arbitrary",
      "width": 959,
      "height": 539,
      "rgb": "court-sample-001328/rgb.npy",
      "rgb_preview": "court-sample-001328/rgb.png",
      "alpha": "court-sample-001328/alpha.npy",
      "alpha_preview": "court-sample-001328/alpha.png",
      "depth": "court-sample-001328/depth.npy"
    },
    {
      "camera_id": "court-sample-001329",
      "request_source": "arbitrary",
      "width": 959,
      "height": 539,
      "rgb": "court-sample-001329/rgb.npy",
      "rgb_preview": "court-sample-001329/rgb.png",
      "alpha": "court-sample-001329/alpha.npy",
      "alpha_preview": "court-sample-001329/alpha.png",
      "depth": "court-sample-001329/depth.npy"
    },
    {
      "camera_id": "court-sample-001330",
      "request_source": "arbitrary",
      "width": 959,
      "height": 539,
      "rgb": "court-sample-001330/rgb.npy",
      "rgb_preview": "court-sample-001330/rgb.png",
      "alpha": "court-sample-001330/alpha.npy",
      "alpha_preview": "court-sample-001330/alpha.png",
      "depth": "court-sample-001330/depth.npy"
    },
    {
      "camera_id": "court-sample-001331",
      "request_source": "arbitrary",
      "width": 959,
      "height": 539,
      "rgb": "court-sample-001331/rgb.npy",
      "rgb_preview": "court-sample-001331/rgb.png",
      "alpha": "court-sample-001331/alpha.npy",
      "alpha_preview": "court-sample-001331/alpha.png",
      "depth": "court-sample-001331/depth.npy"
    },
    {
      "camera_id": "court-sample-001332",
      "request_source": "arbitrary",
      "width": 959,
      "height": 539,
      "rgb": "court-sample-001332/rgb.npy",
      "rgb_preview": "court-sample-001332/rgb.png",
      "alpha": "court-sample-001332/alpha.npy",
      "alpha_preview": "court-sample-001332/alpha.png",
      "depth": "court-sample-001332/depth.npy"
    },
    {
      "camera_id": "court-sample-001333",
      "request_source": "arbitrary",
      "width": 959,
      "height": 539,
      "rgb": "court-sample-001333/rgb.npy",
      "rgb_preview": "court-sample-001333/rgb.png",
      "alpha": "court-sample-001333/alpha.npy",
      "alpha_preview": "court-sample-001333/alpha.png",
      "depth": "court-sample-001333/depth.npy"
    },
    {
      "camera_id": "court-sample-001334",
      "request_source": "arbitrary",
      "width": 959,
      "height": 539,
      "rgb": "court-sample-001334/rgb.npy",
      "rgb_preview": "court-sample-001334/rgb.png",
      "alpha": "court-sample-001334/alpha.npy",
      "alpha_preview": "court-sample-001334/alpha.png",
      "depth": "court-sample-001334/depth.npy"
    },
    {
      "camera_id": "court-sample-001335",
      "request_source": "arbitrary",
      "width": 959,
      "height": 539,
      "rgb": "court-sample-001335/rgb.npy",
      "rgb_preview": "court-sample-001335/rgb.png",
      "alpha": "court-sample-001335/alpha.npy",
      "alpha_preview": "court-sample-001335/alpha.png",
      "depth": "court-sample-001335/depth.npy"
    },
    {
      "camera_id": "court-sample-001985",
      "request_source": "arbitrary",
      "width": 959,
      "height": 539,
      "rgb": "court-sample-001985/rgb.npy",
      "rgb_preview": "court-sample-001985/rgb.png",
      "alpha": "court-sample-001985/alpha.npy",
      "alpha_preview": "court-sample-001985/alpha.png",
      "depth": "court-sample-001985/depth.npy"
    },
    {
      "camera_id": "court-sample-001986",
      "request_source": "arbitrary",
      "width": 959,
      "height": 539,
      "rgb": "court-sample-001986/rgb.npy",
      "rgb_preview": "court-sample-001986/rgb.png",
      "alpha": "court-sample-001986/alpha.npy",
      "alpha_preview": "court-sample-001986/alpha.png",
      "depth": "court-sample-001986/depth.npy"
    },
    {
      "camera_id": "court-sample-001987",
      "request_source": "arbitrary",
      "width": 959,
      "height": 539,
      "rgb": "court-sample-001987/rgb.npy",
      "rgb_preview": "court-sample-001987/rgb.png",
      "alpha": "court-sample-001987/alpha.npy",
      "alpha_preview": "court-sample-001987/alpha.png",
      "depth": "court-sample-001987/depth.npy"
    },
    {
      "camera_id": "court-sample-001988",
      "request_source": "arbitrary",
      "width": 959,
      "height": 539,
      "rgb": "court-sample-001988/rgb.npy",
      "rgb_preview": "court-sample-001988/rgb.png",
      "alpha": "court-sample-001988/alpha.npy",
      "alpha_preview": "court-sample-001988/alpha.png",
      "depth": "court-sample-001988/depth.npy"
    },
    {
      "camera_id": "court-sample-001989",
      "request_source": "arbitrary",
      "width": 959,
      "height": 539,
      "rgb": "court-sample-001989/rgb.npy",
      "rgb_preview": "court-sample-001989/rgb.png",
      "alpha": "court-sample-001989/alpha.npy",
      "alpha_preview": "court-sample-001989/alpha.png",
      "depth": "court-sample-001989/depth.npy"
    },
    {
      "camera_id": "court-sample-001990",
      "request_source": "arbitrary",
      "width": 959,
      "height": 539,
      "rgb": "court-sample-001990/rgb.npy",
      "rgb_preview": "court-sample-001990/rgb.png",
      "alpha": "court-sample-001990/alpha.npy",
      "alpha_preview": "court-sample-001990/alpha.png",
      "depth": "court-sample-001990/depth.npy"
    },
    {
      "camera_id": "court-sample-001991",
      "request_source": "arbitrary",
      "width": 959,
      "height": 539,
      "rgb": "court-sample-001991/rgb.npy",
      "rgb_preview": "court-sample-001991/rgb.png",
      "alpha": "court-sample-001991/alpha.npy",
      "alpha_preview": "court-sample-001991/alpha.png",
      "depth": "court-sample-001991/depth.npy"
    },
    {
      "camera_id": "court-sample-001992",
      "request_source": "arbitrary",
      "width": 959,
      "height": 539,
      "rgb": "court-sample-001992/rgb.npy",
      "rgb_preview": "court-sample-001992/rgb.png",
      "alpha": "court-sample-001992/alpha.npy",
      "alpha_preview": "court-sample-001992/alpha.png",
      "depth": "court-sample-001992/depth.npy"
    },
    {
      "camera_id": "court-sample-001993",
      "request_source": "arbitrary",
      "width": 959,
      "height": 539,
      "rgb": "court-sample-001993/rgb.npy",
      "rgb_preview": "court-sample-001993/rgb.png",
      "alpha": "court-sample-001993/alpha.npy",
      "alpha_preview": "court-sample-001993/alpha.png",
      "depth": "court-sample-001993/depth.npy"
    },
    {
      "camera_id": "court-sample-001994",
      "request_source": "arbitrary",
      "width": 959,
      "height": 539,
      "rgb": "court-sample-001994/rgb.npy",
      "rgb_preview": "court-sample-001994/rgb.png",
      "alpha": "court-sample-001994/alpha.npy",
      "alpha_preview": "court-sample-001994/alpha.png",
      "depth": "court-sample-001994/depth.npy"
    },
    {
      "camera_id": "court-sample-001995",
      "request_source": "arbitrary",
      "width": 959,
      "height": 539,
      "rgb": "court-sample-001995/rgb.npy",
      "rgb_preview": "court-sample-001995/rgb.png",
      "alpha": "court-sample-001995/alpha.npy",
      "alpha_preview": "court-sample-001995/alpha.png",
      "depth": "court-sample-001995/depth.npy"
    },
    {
      "camera_id": "court-sample-001996",
      "request_source": "arbitrary",
      "width": 959,
      "height": 539,
      "rgb": "court-sample-001996/rgb.npy",
      "rgb_preview": "court-sample-001996/rgb.png",
      "alpha": "court-sample-001996/alpha.npy",
      "alpha_preview": "court-sample-001996/alpha.png",
      "depth": "court-sample-001996/depth.npy"
    },
    {
      "camera_id": "court-sample-001997",
      "request_source": "arbitrary",
      "width": 959,
      "height": 539,
      "rgb": "court-sample-001997/rgb.npy",
      "rgb_preview": "court-sample-001997/rgb.png",
      "alpha": "court-sample-001997/alpha.npy",
      "alpha_preview": "court-sample-001997/alpha.png",
      "depth": "court-sample-001997/depth.npy"
    },
    {
      "camera_id": "court-sample-001998",
      "request_source": "arbitrary",
      "width": 959,
      "height": 539,
      "rgb": "court-sample-001998/rgb.npy",
      "rgb_preview": "court-sample-001998/rgb.png",
      "alpha": "court-sample-001998/alpha.npy",
      "alpha_preview": "court-sample-001998/alpha.png",
      "depth": "court-sample-001998/depth.npy"
    },
    {
      "camera_id": "court-sample-001999",
      "request_source": "arbitrary",
      "width": 959,
      "height": 539,
      "rgb": "court-sample-001999/rgb.npy",
      "rgb_preview": "court-sample-001999/rgb.png",
      "alpha": "court-sample-001999/alpha.npy",
      "alpha_preview": "court-sample-001999/alpha.png",
      "depth": "court-sample-001999/depth.npy"
    },
    {
      "camera_id": "court-sample-002000",
      "request_source": "arbitrary",
      "width": 959,
      "height": 539,
      "rgb": "court-sample-002000/rgb.npy",
      "rgb_preview": "court-sample-002000/rgb.png",
      "alpha": "court-sample-002000/alpha.npy",
      "alpha_preview": "court-sample-002000/alpha.png",
      "depth": "court-sample-002000/depth.npy"
    },
    {
      "camera_id": "court-sample-002001",
      "request_source": "arbitrary",
      "width": 959,
      "height": 539,
      "rgb": "court-sample-002001/rgb.npy",
      "rgb_preview": "court-sample-002001/rgb.png",
      "alpha": "court-sample-002001/alpha.npy",
      "alpha_preview": "court-sample-002001/alpha.png",
      "depth": "court-sample-002001/depth.npy"
    },
    {
      "camera_id": "court-sample-002002",
      "request_source": "arbitrary",
      "width": 959,
      "height": 539,
      "rgb": "court-sample-002002/rgb.npy",
      "rgb_preview": "court-sample-002002/rgb.png",
      "alpha": "court-sample-002002/alpha.npy",
      "alpha_preview": "court-sample-002002/alpha.png",
      "depth": "court-sample-002002/depth.npy"
    },
    {
      "camera_id": "court-sample-002003",
      "request_source": "arbitrary",
      "width": 959,
      "height": 539,
      "rgb": "court-sample-002003/rgb.npy",
      "rgb_preview": "court-sample-002003/rgb.png",
      "alpha": "court-sample-002003/alpha.npy",
      "alpha_preview": "court-sample-002003/alpha.png",
      "depth": "court-sample-002003/depth.npy"
    },
    {
      "camera_id": "court-sample-002004",
      "request_source": "arbitrary",
      "width": 959,
      "height": 539,
      "rgb": "court-sample-002004/rgb.npy",
      "rgb_preview": "court-sample-002004/rgb.png",
      "alpha": "court-sample-002004/alpha.npy",
      "alpha_preview": "court-sample-002004/alpha.png",
      "depth": "court-sample-002004/depth.npy"
    },
    {
      "camera_id": "court-sample-002005",
      "request_source": "arbitrary",
      "width": 959,
      "height": 539,
      "rgb": "court-sample-002005/rgb.npy",
      "rgb_preview": "court-sample-002005/rgb.png",
      "alpha": "court-sample-002005/alpha.npy",
      "alpha_preview": "court-sample-002005/alpha.png",
      "depth": "court-sample-002005/depth.npy"
    },
    {
      "camera_id": "court-sample-002006",
      "request_source": "arbitrary",
      "width": 959,
      "height": 539,
      "rgb": "court-sample-002006/rgb.npy",
      "rgb_preview": "court-sample-002006/rgb.png",
      "alpha": "court-sample-002006/alpha.npy",
      "alpha_preview": "court-sample-002006/alpha.png",
      "depth": "court-sample-002006/depth.npy"
    },
    {
      "camera_id": "court-sample-002007",
      "request_source": "arbitrary",
      "width": 959,
      "height": 539,
      "rgb": "court-sample-002007/rgb.npy",
      "rgb_preview": "court-sample-002007/rgb.png",
      "alpha": "court-sample-002007/alpha.npy",
      "alpha_preview": "court-sample-002007/alpha.png",
      "depth": "court-sample-002007/depth.npy"
    },
    {
      "camera_id": "court-sample-002008",
      "request_source": "arbitrary",
      "width": 959,
      "height": 539,
      "rgb": "court-sample-002008/rgb.npy",
      "rgb_preview": "court-sample-002008/rgb.png",
      "alpha": "court-sample-002008/alpha.npy",
      "alpha_preview": "court-sample-002008/alpha.png",
      "depth": "court-sample-002008/depth.npy"
    },
    {
      "camera_id": "court-sample-002009",
      "request_source": "arbitrary",
      "width": 959,
      "height": 539,
      "rgb": "court-sample-002009/rgb.npy",
      "rgb_preview": "court-sample-002009/rgb.png",
      "alpha": "court-sample-002009/alpha.npy",
      "alpha_preview": "court-sample-002009/alpha.png",
      "depth": "court-sample-002009/depth.npy"
    },
    {
      "camera_id": "court-sample-002010",
      "request_source": "arbitrary",
      "width": 959,
      "height": 539,
      "rgb": "court-sample-002010/rgb.npy",
      "rgb_preview": "court-sample-002010/rgb.png",
      "alpha": "court-sample-002010/alpha.npy",
      "alpha_preview": "court-sample-002010/alpha.png",
      "depth": "court-sample-002010/depth.npy"
    },
    {
      "camera_id": "court-sample-002011",
      "request_source": "arbitrary",
      "width": 959,
      "height": 539,
      "rgb": "court-sample-002011/rgb.npy",
      "rgb_preview": "court-sample-002011/rgb.png",
      "alpha": "court-sample-002011/alpha.npy",
      "alpha_preview": "court-sample-002011/alpha.png",
      "depth": "court-sample-002011/depth.npy"
    },
    {
      "camera_id": "court-sample-002013",
      "request_source": "arbitrary",
      "width": 959,
      "height": 539,
      "rgb": "court-sample-002013/rgb.npy",
      "rgb_preview": "court-sample-002013/rgb.png",
      "alpha": "court-sample-002013/alpha.npy",
      "alpha_preview": "court-sample-002013/alpha.png",
      "depth": "court-sample-002013/depth.npy"
    },
    {
      "camera_id": "court-sample-002014",
      "request_source": "arbitrary",
      "width": 959,
      "height": 539,
      "rgb": "court-sample-002014/rgb.npy",
      "rgb_preview": "court-sample-002014/rgb.png",
      "alpha": "court-sample-002014/alpha.npy",
      "alpha_preview": "court-sample-002014/alpha.png",
      "depth": "court-sample-002014/depth.npy"
    },
    {
      "camera_id": "court-sample-002015",
      "request_source": "arbitrary",
      "width": 959,
      "height": 539,
      "rgb": "court-sample-002015/rgb.npy",
      "rgb_preview": "court-sample-002015/rgb.png",
      "alpha": "court-sample-002015/alpha.npy",
      "alpha_preview": "court-sample-002015/alpha.png",
      "depth": "court-sample-002015/depth.npy"
    },
    {
      "camera_id": "court-sample-002016",
      "request_source": "arbitrary",
      "width": 959,
      "height": 539,
      "rgb": "court-sample-002016/rgb.npy",
      "rgb_preview": "court-sample-002016/rgb.png",
      "alpha": "court-sample-002016/alpha.npy",
      "alpha_preview": "court-sample-002016/alpha.png",
      "depth": "court-sample-002016/depth.npy"
    },
    {
      "camera_id": "court-sample-002017",
      "request_source": "arbitrary",
      "width": 959,
      "height": 539,
      "rgb": "court-sample-002017/rgb.npy",
      "rgb_preview": "court-sample-002017/rgb.png",
      "alpha": "court-sample-002017/alpha.npy",
      "alpha_preview": "court-sample-002017/alpha.png",
      "depth": "court-sample-002017/depth.npy"
    },
    {
      "camera_id": "court-sample-002018",
      "request_source": "arbitrary",
      "width": 959,
      "height": 539,
      "rgb": "court-sample-002018/rgb.npy",
      "rgb_preview": "court-sample-002018/rgb.png",
      "alpha": "court-sample-002018/alpha.npy",
      "alpha_preview": "court-sample-002018/alpha.png",
      "depth": "court-sample-002018/depth.npy"
    },
    {
      "camera_id": "court-sample-002019",
      "request_source": "arbitrary",
      "width": 959,
      "height": 539,
      "rgb": "court-sample-002019/rgb.npy",
      "rgb_preview": "court-sample-002019/rgb.png",
      "alpha": "court-sample-002019/alpha.npy",
      "alpha_preview": "court-sample-002019/alpha.png",
      "depth": "court-sample-002019/depth.npy"
    },
    {
      "camera_id": "court-sample-002020",
      "request_source": "arbitrary",
      "width": 959,
      "height": 539,
      "rgb": "court-sample-002020/rgb.npy",
      "rgb_preview": "court-sample-002020/rgb.png",
      "alpha": "court-sample-002020/alpha.npy",
      "alpha_preview": "court-sample-002020/alpha.png",
      "depth": "court-sample-002020/depth.npy"
    },
    {
      "camera_id": "court-sample-002021",
      "request_source": "arbitrary",
      "width": 959,
      "height": 539,
      "rgb": "court-sample-002021/rgb.npy",
      "rgb_preview": "court-sample-002021/rgb.png",
      "alpha": "court-sample-002021/alpha.npy",
      "alpha_preview": "court-sample-002021/alpha.png",
      "depth": "court-sample-002021/depth.npy"
    },
    {
      "camera_id": "court-sample-002022",
      "request_source": "arbitrary",
      "width": 959,
      "height": 539,
      "rgb": "court-sample-002022/rgb.npy",
      "rgb_preview": "court-sample-002022/rgb.png",
      "alpha": "court-sample-002022/alpha.npy",
      "alpha_preview": "court-sample-002022/alpha.png",
      "depth": "court-sample-002022/depth.npy"
    },
    {
      "camera_id": "court-sample-002023",
      "request_source": "arbitrary",
      "width": 959,
      "height": 539,
      "rgb": "court-sample-002023/rgb.npy",
      "rgb_preview": "court-sample-002023/rgb.png",
      "alpha": "court-sample-002023/alpha.npy",
      "alpha_preview": "court-sample-002023/alpha.png",
      "depth": "court-sample-002023/depth.npy"
    },
    {
      "camera_id": "court-sample-002024",
      "request_source": "arbitrary",
      "width": 959,
      "height": 539,
      "rgb": "court-sample-002024/rgb.npy",
      "rgb_preview": "court-sample-002024/rgb.png",
      "alpha": "court-sample-002024/alpha.npy",
      "alpha_preview": "court-sample-002024/alpha.png",
      "depth": "court-sample-002024/depth.npy"
    },
    {
      "camera_id": "court-sample-002025",
      "request_source": "arbitrary",
      "width": 959,
      "height": 539,
      "rgb": "court-sample-002025/rgb.npy",
      "rgb_preview": "court-sample-002025/rgb.png",
      "alpha": "court-sample-002025/alpha.npy",
      "alpha_preview": "court-sample-002025/alpha.png",
      "depth": "court-sample-002025/depth.npy"
    },
    {
      "camera_id": "court-sample-002026",
      "request_source": "arbitrary",
      "width": 959,
      "height": 539,
      "rgb": "court-sample-002026/rgb.npy",
      "rgb_preview": "court-sample-002026/rgb.png",
      "alpha": "court-sample-002026/alpha.npy",
      "alpha_preview": "court-sample-002026/alpha.png",
      "depth": "court-sample-002026/depth.npy"
    },
    {
      "camera_id": "court-sample-002027",
      "request_source": "arbitrary",
      "width": 959,
      "height": 539,
      "rgb": "court-sample-002027/rgb.npy",
      "rgb_preview": "court-sample-002027/rgb.png",
      "alpha": "court-sample-002027/alpha.npy",
      "alpha_preview": "court-sample-002027/alpha.png",
      "depth": "court-sample-002027/depth.npy"
    },
    {
      "camera_id": "court-sample-002028",
      "request_source": "arbitrary",
      "width": 959,
      "height": 539,
      "rgb": "court-sample-002028/rgb.npy",
      "rgb_preview": "court-sample-002028/rgb.png",
      "alpha": "court-sample-002028/alpha.npy",
      "alpha_preview": "court-sample-002028/alpha.png",
      "depth": "court-sample-002028/depth.npy"
    },
    {
      "camera_id": "court-sample-002029",
      "request_source": "arbitrary",
      "width": 959,
      "height": 539,
      "rgb": "court-sample-002029/rgb.npy",
      "rgb_preview": "court-sample-002029/rgb.png",
      "alpha": "court-sample-002029/alpha.npy",
      "alpha_preview": "court-sample-002029/alpha.png",
      "depth": "court-sample-002029/depth.npy"
    },
    {
      "camera_id": "court-sample-002030",
      "request_source": "arbitrary",
      "width": 959,
      "height": 539,
      "rgb": "court-sample-002030/rgb.npy",
      "rgb_preview": "court-sample-002030/rgb.png",
      "alpha": "court-sample-002030/alpha.npy",
      "alpha_preview": "court-sample-002030/alpha.png",
      "depth": "court-sample-002030/depth.npy"
    },
    {
      "camera_id": "court-sample-002031",
      "request_source": "arbitrary",
      "width": 959,
      "height": 539,
      "rgb": "court-sample-002031/rgb.npy",
      "rgb_preview": "court-sample-002031/rgb.png",
      "alpha": "court-sample-002031/alpha.npy",
      "alpha_preview": "court-sample-002031/alpha.png",
      "depth": "court-sample-002031/depth.npy"
    },
    {
      "camera_id": "court-sample-002032",
      "request_source": "arbitrary",
      "width": 959,
      "height": 539,
      "rgb": "court-sample-002032/rgb.npy",
      "rgb_preview": "court-sample-002032/rgb.png",
      "alpha": "court-sample-002032/alpha.npy",
      "alpha_preview": "court-sample-002032/alpha.png",
      "depth": "court-sample-002032/depth.npy"
    },
    {
      "camera_id": "court-sample-002033",
      "request_source": "arbitrary",
      "width": 959,
      "height": 539,
      "rgb": "court-sample-002033/rgb.npy",
      "rgb_preview": "court-sample-002033/rgb.png",
      "alpha": "court-sample-002033/alpha.npy",
      "alpha_preview": "court-sample-002033/alpha.png",
      "depth": "court-sample-002033/depth.npy"
    },
    {
      "camera_id": "court-sample-002034",
      "request_source": "arbitrary",
      "width": 959,
      "height": 539,
      "rgb": "court-sample-002034/rgb.npy",
      "rgb_preview": "court-sample-002034/rgb.png",
      "alpha": "court-sample-002034/alpha.npy",
      "alpha_preview": "court-sample-002034/alpha.png",
      "depth": "court-sample-002034/depth.npy"
    },
    {
      "camera_id": "court-sample-002035",
      "request_source": "arbitrary",
      "width": 959,
      "height": 539,
      "rgb": "court-sample-002035/rgb.npy",
      "rgb_preview": "court-sample-002035/rgb.png",
      "alpha": "court-sample-002035/alpha.npy",
      "alpha_preview": "court-sample-002035/alpha.png",
      "depth": "court-sample-002035/depth.npy"
    },
    {
      "camera_id": "court-sample-002036",
      "request_source": "arbitrary",
      "width": 959,
      "height": 539,
      "rgb": "court-sample-002036/rgb.npy",
      "rgb_preview": "court-sample-002036/rgb.png",
      "alpha": "court-sample-002036/alpha.npy",
      "alpha_preview": "court-sample-002036/alpha.png",
      "depth": "court-sample-002036/depth.npy"
    },
    {
      "camera_id": "court-sample-002037",
      "request_source": "arbitrary",
      "width": 959,
      "height": 539,
      "rgb": "court-sample-002037/rgb.npy",
      "rgb_preview": "court-sample-002037/rgb.png",
      "alpha": "court-sample-002037/alpha.npy",
      "alpha_preview": "court-sample-002037/alpha.png",
      "depth": "court-sample-002037/depth.npy"
    },
    {
      "camera_id": "court-sample-002038",
      "request_source": "arbitrary",
      "width": 959,
      "height": 539,
      "rgb": "court-sample-002038/rgb.npy",
      "rgb_preview": "court-sample-002038/rgb.png",
      "alpha": "court-sample-002038/alpha.npy",
      "alpha_preview": "court-sample-002038/alpha.png",
      "depth": "court-sample-002038/depth.npy"
    },
    {
      "camera_id": "court-sample-002039",
      "request_source": "arbitrary",
      "width": 959,
      "height": 539,
      "rgb": "court-sample-002039/rgb.npy",
      "rgb_preview": "court-sample-002039/rgb.png",
      "alpha": "court-sample-002039/alpha.npy",
      "alpha_preview": "court-sample-002039/alpha.png",
      "depth": "court-sample-002039/depth.npy"
    }
  ]
}
  View encoding: sh, dim=9
  View encoding: sh, dim=9
  View encoding: sh, dim=9
  View encoding: sh, dim=9
  View encoding: sh, dim=9
  View encoding: sh, dim=9
  View encoding: sh, dim=9
  View encoding: sh, dim=9
  View encoding: sh, dim=9
  View encoding: sh, dim=9
  View encoding: sh, dim=9
  View encoding: sh, dim=9
  View encoding: sh, dim=9
  View encoding: sh, dim=9
  View encoding: sh, dim=9
  View encoding: sh, dim=9
  View encoding: sh, dim=9
  View encoding: sh, dim=9
  View encoding: sh, dim=9
  View encoding: sh, dim=9
  View encoding: sh, dim=9
  View encoding: sh, dim=9
  View encoding: sh, dim=9
  View encoding: sh, dim=9
  View encoding: sh, dim=9
  View encoding: sh, dim=9
  View encoding: sh, dim=9
  View encoding: sh, dim=9
  View encoding: sh, dim=9
  View encoding: sh, dim=9
  View encoding: sh, dim=9
  View encoding: sh, dim=9
  View encoding: sh, dim=9
  View encoding: sh, dim=9
  View encoding: sh, dim=9
  View encoding: sh, dim=9
  View encoding: sh, dim=9
  View encoding: sh, dim=9
  View encoding: sh, dim=9
  View encoding: sh, dim=9
  View encoding: sh, dim=9
  View encoding: sh, dim=9
  View encoding: sh, dim=9
  View encoding: sh, dim=9
  View encoding: sh, dim=9
  View encoding: sh, dim=9
  View encoding: sh, dim=9
  View encoding: sh, dim=9
  View encoding: sh, dim=9
  View encoding: sh, dim=9
  View encoding: sh, dim=9
  View encoding: sh, dim=9
  View encoding: sh, dim=9
  View encoding: sh, dim=9
  View encoding: sh, dim=9
  View encoding: sh, dim=9
  View encoding: sh, dim=9
  View encoding: sh, dim=9
  View encoding: sh, dim=9
  View encoding: sh, dim=9
  View encoding: sh, dim=9
  View encoding: sh, dim=9
  View encoding: sh, dim=9
  View encoding: sh, dim=9
  View encoding: sh, dim=9
  View encoding: sh, dim=9
  View encoding: sh, dim=9
  View encoding: sh, dim=9
  View encoding: sh, dim=9
  View encoding: sh, dim=9
  View encoding: sh, dim=9
  View encoding: sh, dim=9
  View encoding: sh, dim=9
  View encoding: sh, dim=9
  View encoding: sh, dim=9
  View encoding: sh, dim=9
  View encoding: sh, dim=9
  View encoding: sh, dim=9
  View encoding: sh, dim=9
  View encoding: sh, dim=9
  View encoding: sh, dim=9
  View encoding: sh, dim=9
  View encoding: sh, dim=9
  View encoding: sh, dim=9
  View encoding: sh, dim=9
  View encoding: sh, dim=9
  View encoding: sh, dim=9
  View encoding: sh, dim=9
  View encoding: sh, dim=9
  View encoding: sh, dim=9
  View encoding: sh, dim=9
  View encoding: sh, dim=9
  View encoding: sh, dim=9
  View encoding: sh, dim=9
  View encoding: sh, dim=9
  View encoding: sh, dim=9
  View encoding: sh, dim=9
  View encoding: sh, dim=9
  View encoding: sh, dim=9
  View encoding: sh, dim=9
  View encoding: sh, dim=9
  View encoding: sh, dim=9
  View encoding: sh, dim=9
  View encoding: sh, dim=9
  View encoding: sh, dim=9
  View encoding: sh, dim=9
  View encoding: sh, dim=9
  View encoding: sh, dim=9
  View encoding: sh, dim=9
  View encoding: sh, dim=9
  View encoding: sh, dim=9
  View encoding: sh, dim=9
  View encoding: sh, dim=9
  View encoding: sh, dim=9
  View encoding: sh, dim=9
  View encoding: sh, dim=9
  View encoding: sh, dim=9
  View encoding: sh, dim=9
  View encoding: sh, dim=9
  View encoding: sh, dim=9
  View encoding: sh, dim=9
  View encoding: sh, dim=9
  View encoding: sh, dim=9
  View encoding: sh, dim=9
  View encoding: sh, dim=9
  View encoding: sh, dim=9
  View encoding: sh, dim=9
  View encoding: sh, dim=9
  View encoding: sh, dim=9
  View encoding: sh, dim=9
  View encoding: sh, dim=9
  View encoding: sh, dim=9
  View encoding: sh, dim=9
  View encoding: sh, dim=9
  View encoding: sh, dim=9
  View encoding: sh, dim=9
  View encoding: sh, dim=9
  View encoding: sh, dim=9
  View encoding: sh, dim=9
  View encoding: sh, dim=9
  View encoding: sh, dim=9
  View encoding: sh, dim=9
  View encoding: sh, dim=9
  View encoding: sh, dim=9
  View encoding: sh, dim=9
  View encoding: sh, dim=9
  View encoding: sh, dim=9
  View encoding: sh, dim=9
  View encoding: sh, dim=9
  View encoding: sh, dim=9
  View encoding: sh, dim=9
  View encoding: sh, dim=9
  View encoding: sh, dim=9
  View encoding: sh, dim=9
  View encoding: sh, dim=9
  View encoding: sh, dim=9
  View encoding: sh, dim=9
  View encoding: sh, dim=9
  View encoding: sh, dim=9
  View encoding: sh, dim=9
  View encoding: sh, dim=9
  View encoding: sh, dim=9
  View encoding: sh, dim=9
  View encoding: sh, dim=9
  View encoding: sh, dim=9
  View encoding: sh, dim=9
  View encoding: sh, dim=9
  View encoding: sh, dim=9
  View encoding: sh, dim=9
  View encoding: sh, dim=9
  View encoding: sh, dim=9
  View encoding: sh, dim=9
  View encoding: sh, dim=9
  View encoding: sh, dim=9
  View encoding: sh, dim=9
  View encoding: sh, dim=9
  View encoding: sh, dim=9
  View encoding: sh, dim=9
  View encoding: sh, dim=9
  View encoding: sh, dim=9
  View encoding: sh, dim=9
  View encoding: sh, dim=9
  View encoding: sh, dim=9
  View encoding: sh, dim=9
  View encoding: sh, dim=9
  View encoding: sh, dim=9
  View encoding: sh, dim=9
  View encoding: sh, dim=9
  View encoding: sh, dim=9
  View encoding: sh, dim=9
  View encoding: sh, dim=9
  View encoding: sh, dim=9
  View encoding: sh, dim=9
  View encoding: sh, dim=9
  View encoding: sh, dim=9
  View encoding: sh, dim=9
  View encoding: sh, dim=9
  View encoding: sh, dim=9
  View encoding: sh, dim=9
  View encoding: sh, dim=9
  View encoding: sh, dim=9
  View encoding: sh, dim=9
  View encoding: sh, dim=9
  View encoding: sh, dim=9
  View encoding: sh, dim=9
  View encoding: sh, dim=9
  View encoding: sh, dim=9
  View encoding: sh, dim=9
  View encoding: sh, dim=9
  View encoding: sh, dim=9
  View encoding: sh, dim=9
  View encoding: sh, dim=9
  View encoding: sh, dim=9
  View encoding: sh, dim=9
  View encoding: sh, dim=9
  View encoding: sh, dim=9
  View encoding: sh, dim=9
  View encoding: sh, dim=9
  View encoding: sh, dim=9
  View encoding: sh, dim=9
  View encoding: sh, dim=9
  View encoding: sh, dim=9
  View encoding: sh, dim=9
  View encoding: sh, dim=9
  View encoding: sh, dim=9
  View encoding: sh, dim=9
  View encoding: sh, dim=9
  View encoding: sh, dim=9
  View encoding: sh, dim=9
  View encoding: sh, dim=9
  View encoding: sh, dim=9
  View encoding: sh, dim=9
  View encoding: sh, dim=9
  View encoding: sh, dim=9
  View encoding: sh, dim=9
  View encoding: sh, dim=9
  View encoding: sh, dim=9
  View encoding: sh, dim=9
  View encoding: sh, dim=9
  View encoding: sh, dim=9
  View encoding: sh, dim=9
  View encoding: sh, dim=9
  View encoding: sh, dim=9
{
  "schema": "nht_render_result_v1",
  "scene_schema": "nht_standard_scene_v1",
  "scene_id": "B02",
  "coordinate_space": "canonical NHT scene space",
  "export_validation": {
    "schema": "nht_standard_scene_v1",
    "camera_count": 157,
    "point_count": 56620,
    "checks": [
      "schema_and_conventions",
      "finite_float32_points",
      "normalized_point_colors",
      "unique_camera_and_image_ids",
      "positive_intrinsics",
      "proper_orthonormal_rotations",
      "camera_image_resolution",
      "nht_checkpoint",
      "canonical_scene_transform_inverse",
      "effective_undistorted_training_cameras",
      "stable_render_boundary",
      "contained_export_references",
      "production_renderer_envelope"
    ],
    "valid": true
  },
  "renders": [
    {
      "camera_id": "court-sample-000556",
      "request_source": "arbitrary",
      "width": 959,
      "height": 539,
      "rgb": "court-sample-000556/rgb.npy",
      "rgb_preview": "court-sample-000556/rgb.png",
      "alpha": "court-sample-000556/alpha.npy",
      "alpha_preview": "court-sample-000556/alpha.png",
      "depth": "court-sample-000556/depth.npy"
    },
    {
      "camera_id": "court-sample-000557",
      "request_source": "arbitrary",
      "width": 959,
      "height": 539,
      "rgb": "court-sample-000557/rgb.npy",
      "rgb_preview": "court-sample-000557/rgb.png",
      "alpha": "court-sample-000557/alpha.npy",
      "alpha_preview": "court-sample-000557/alpha.png",
      "depth": "court-sample-000557/depth.npy"
    },
    {
      "camera_id": "court-sample-000558",
      "request_source": "arbitrary",
      "width": 959,
      "height": 539,
      "rgb": "court-sample-000558/rgb.npy",
      "rgb_preview": "court-sample-000558/rgb.png",
      "alpha": "court-sample-000558/alpha.npy",
      "alpha_preview": "court-sample-000558/alpha.png",
      "depth": "court-sample-000558/depth.npy"
    },
    {
      "camera_id": "court-sample-000559",
      "request_source": "arbitrary",
      "width": 959,
      "height": 539,
      "rgb": "court-sample-000559/rgb.npy",
      "rgb_preview": "court-sample-000559/rgb.png",
      "alpha": "court-sample-000559/alpha.npy",
      "alpha_preview": "court-sample-000559/alpha.png",
      "depth": "court-sample-000559/depth.npy"
    },
    {
      "camera_id": "court-sample-000560",
      "request_source": "arbitrary",
      "width": 959,
      "height": 539,
      "rgb": "court-sample-000560/rgb.npy",
      "rgb_preview": "court-sample-000560/rgb.png",
      "alpha": "court-sample-000560/alpha.npy",
      "alpha_preview": "court-sample-000560/alpha.png",
      "depth": "court-sample-000560/depth.npy"
    },
    {
      "camera_id": "court-sample-000561",
      "request_source": "arbitrary",
      "width": 959,
      "height": 539,
      "rgb": "court-sample-000561/rgb.npy",
      "rgb_preview": "court-sample-000561/rgb.png",
      "alpha": "court-sample-000561/alpha.npy",
      "alpha_preview": "court-sample-000561/alpha.png",
      "depth": "court-sample-000561/depth.npy"
    },
    {
      "camera_id": "court-sample-000562",
      "request_source": "arbitrary",
      "width": 959,
      "height": 539,
      "rgb": "court-sample-000562/rgb.npy",
      "rgb_preview": "court-sample-000562/rgb.png",
      "alpha": "court-sample-000562/alpha.npy",
      "alpha_preview": "court-sample-000562/alpha.png",
      "depth": "court-sample-000562/depth.npy"
    },
    {
      "camera_id": "court-sample-000563",
      "request_source": "arbitrary",
      "width": 959,
      "height": 539,
      "rgb": "court-sample-000563/rgb.npy",
      "rgb_preview": "court-sample-000563/rgb.png",
      "alpha": "court-sample-000563/alpha.npy",
      "alpha_preview": "court-sample-000563/alpha.png",
      "depth": "court-sample-000563/depth.npy"
    },
    {
      "camera_id": "court-sample-000564",
      "request_source": "arbitrary",
      "width": 959,
      "height": 539,
      "rgb": "court-sample-000564/rgb.npy",
      "rgb_preview": "court-sample-000564/rgb.png",
      "alpha": "court-sample-000564/alpha.npy",
      "alpha_preview": "court-sample-000564/alpha.png",
      "depth": "court-sample-000564/depth.npy"
    },
    {
      "camera_id": "court-sample-000565",
      "request_source": "arbitrary",
      "width": 959,
      "height": 539,
      "rgb": "court-sample-000565/rgb.npy",
      "rgb_preview": "court-sample-000565/rgb.png",
      "alpha": "court-sample-000565/alpha.npy",
      "alpha_preview": "court-sample-000565/alpha.png",
      "depth": "court-sample-000565/depth.npy"
    },
    {
      "camera_id": "court-sample-000566",
      "request_source": "arbitrary",
      "width": 959,
      "height": 539,
      "rgb": "court-sample-000566/rgb.npy",
      "rgb_preview": "court-sample-000566/rgb.png",
      "alpha": "court-sample-000566/alpha.npy",
      "alpha_preview": "court-sample-000566/alpha.png",
      "depth": "court-sample-000566/depth.npy"
    },
    {
      "camera_id": "court-sample-000567",
      "request_source": "arbitrary",
      "width": 959,
      "height": 539,
      "rgb": "court-sample-000567/rgb.npy",
      "rgb_preview": "court-sample-000567/rgb.png",
      "alpha": "court-sample-000567/alpha.npy",
      "alpha_preview": "court-sample-000567/alpha.png",
      "depth": "court-sample-000567/depth.npy"
    },
    {
      "camera_id": "court-sample-000568",
      "request_source": "arbitrary",
      "width": 959,
      "height": 539,
      "rgb": "court-sample-000568/rgb.npy",
      "rgb_preview": "court-sample-000568/rgb.png",
      "alpha": "court-sample-000568/alpha.npy",
      "alpha_preview": "court-sample-000568/alpha.png",
      "depth": "court-sample-000568/depth.npy"
    },
    {
      "camera_id": "court-sample-000569",
      "request_source": "arbitrary",
      "width": 959,
      "height": 539,
      "rgb": "court-sample-000569/rgb.npy",
      "rgb_preview": "court-sample-000569/rgb.png",
      "alpha": "court-sample-000569/alpha.npy",
      "alpha_preview": "court-sample-000569/alpha.png",
      "depth": "court-sample-000569/depth.npy"
    },
    {
      "camera_id": "court-sample-000570",
      "request_source": "arbitrary",
      "width": 959,
      "height": 539,
      "rgb": "court-sample-000570/rgb.npy",
      "rgb_preview": "court-sample-000570/rgb.png",
      "alpha": "court-sample-000570/alpha.npy",
      "alpha_preview": "court-sample-000570/alpha.png",
      "depth": "court-sample-000570/depth.npy"
    },
    {
      "camera_id": "court-sample-000571",
      "request_source": "arbitrary",
      "width": 959,
      "height": 539,
      "rgb": "court-sample-000571/rgb.npy",
      "rgb_preview": "court-sample-000571/rgb.png",
      "alpha": "court-sample-000571/alpha.npy",
      "alpha_preview": "court-sample-000571/alpha.png",
      "depth": "court-sample-000571/depth.npy"
    },
    {
      "camera_id": "court-sample-000572",
      "request_source": "arbitrary",
      "width": 959,
      "height": 539,
      "rgb": "court-sample-000572/rgb.npy",
      "rgb_preview": "court-sample-000572/rgb.png",
      "alpha": "court-sample-000572/alpha.npy",
      "alpha_preview": "court-sample-000572/alpha.png",
      "depth": "court-sample-000572/depth.npy"
    },
    {
      "camera_id": "court-sample-000573",
      "request_source": "arbitrary",
      "width": 959,
      "height": 539,
      "rgb": "court-sample-000573/rgb.npy",
      "rgb_preview": "court-sample-000573/rgb.png",
      "alpha": "court-sample-000573/alpha.npy",
      "alpha_preview": "court-sample-000573/alpha.png",
      "depth": "court-sample-000573/depth.npy"
    },
    {
      "camera_id": "court-sample-000574",
      "request_source": "arbitrary",
      "width": 959,
      "height": 539,
      "rgb": "court-sample-000574/rgb.npy",
      "rgb_preview": "court-sample-000574/rgb.png",
      "alpha": "court-sample-000574/alpha.npy",
      "alpha_preview": "court-sample-000574/alpha.png",
      "depth": "court-sample-000574/depth.npy"
    },
    {
      "camera_id": "court-sample-000575",
      "request_source": "arbitrary",
      "width": 959,
      "height": 539,
      "rgb": "court-sample-000575/rgb.npy",
      "rgb_preview": "court-sample-000575/rgb.png",
      "alpha": "court-sample-000575/alpha.npy",
      "alpha_preview": "court-sample-000575/alpha.png",
      "depth": "court-sample-000575/depth.npy"
    },
    {
      "camera_id": "court-sample-000576",
      "request_source": "arbitrary",
      "width": 959,
      "height": 539,
      "rgb": "court-sample-000576/rgb.npy",
      "rgb_preview": "court-sample-000576/rgb.png",
      "alpha": "court-sample-000576/alpha.npy",
      "alpha_preview": "court-sample-000576/alpha.png",
      "depth": "court-sample-000576/depth.npy"
    },
    {
      "camera_id": "court-sample-000577",
      "request_source": "arbitrary",
      "width": 959,
      "height": 539,
      "rgb": "court-sample-000577/rgb.npy",
      "rgb_preview": "court-sample-000577/rgb.png",
      "alpha": "court-sample-000577/alpha.npy",
      "alpha_preview": "court-sample-000577/alpha.png",
      "depth": "court-sample-000577/depth.npy"
    },
    {
      "camera_id": "court-sample-000578",
      "request_source": "arbitrary",
      "width": 959,
      "height": 539,
      "rgb": "court-sample-000578/rgb.npy",
      "rgb_preview": "court-sample-000578/rgb.png",
      "alpha": "court-sample-000578/alpha.npy",
      "alpha_preview": "court-sample-000578/alpha.png",
      "depth": "court-sample-000578/depth.npy"
    },
    {
      "camera_id": "court-sample-000579",
      "request_source": "arbitrary",
      "width": 959,
      "height": 539,
      "rgb": "court-sample-000579/rgb.npy",
      "rgb_preview": "court-sample-000579/rgb.png",
      "alpha": "court-sample-000579/alpha.npy",
      "alpha_preview": "court-sample-000579/alpha.png",
      "depth": "court-sample-000579/depth.npy"
    },
    {
      "camera_id": "court-sample-000580",
      "request_source": "arbitrary",
      "width": 959,
      "height": 539,
      "rgb": "court-sample-000580/rgb.npy",
      "rgb_preview": "court-sample-000580/rgb.png",
      "alpha": "court-sample-000580/alpha.npy",
      "alpha_preview": "court-sample-000580/alpha.png",
      "depth": "court-sample-000580/depth.npy"
    },
    {
      "camera_id": "court-sample-000581",
      "request_source": "arbitrary",
      "width": 959,
      "height": 539,
      "rgb": "court-sample-000581/rgb.npy",
      "rgb_preview": "court-sample-000581/rgb.png",
      "alpha": "court-sample-000581/alpha.npy",
      "alpha_preview": "court-sample-000581/alpha.png",
      "depth": "court-sample-000581/depth.npy"
    },
    {
      "camera_id": "court-sample-000582",
      "request_source": "arbitrary",
      "width": 959,
      "height": 539,
      "rgb": "court-sample-000582/rgb.npy",
      "rgb_preview": "court-sample-000582/rgb.png",
      "alpha": "court-sample-000582/alpha.npy",
      "alpha_preview": "court-sample-000582/alpha.png",
      "depth": "court-sample-000582/depth.npy"
    },
    {
      "camera_id": "court-sample-000583",
      "request_source": "arbitrary",
      "width": 959,
      "height": 539,
      "rgb": "court-sample-000583/rgb.npy",
      "rgb_preview": "court-sample-000583/rgb.png",
      "alpha": "court-sample-000583/alpha.npy",
      "alpha_preview": "court-sample-000583/alpha.png",
      "depth": "court-sample-000583/depth.npy"
    },
    {
      "camera_id": "court-sample-001337",
      "request_source": "arbitrary",
      "width": 959,
      "height": 539,
      "rgb": "court-sample-001337/rgb.npy",
      "rgb_preview": "court-sample-001337/rgb.png",
      "alpha": "court-sample-001337/alpha.npy",
      "alpha_preview": "court-sample-001337/alpha.png",
      "depth": "court-sample-001337/depth.npy"
    },
    {
      "camera_id": "court-sample-001338",
      "request_source": "arbitrary",
      "width": 959,
      "height": 539,
      "rgb": "court-sample-001338/rgb.npy",
      "rgb_preview": "court-sample-001338/rgb.png",
      "alpha": "court-sample-001338/alpha.npy",
      "alpha_preview": "court-sample-001338/alpha.png",
      "depth": "court-sample-001338/depth.npy"
    },
    {
      "camera_id": "court-sample-001339",
      "request_source": "arbitrary",
      "width": 959,
      "height": 539,
      "rgb": "court-sample-001339/rgb.npy",
      "rgb_preview": "court-sample-001339/rgb.png",
      "alpha": "court-sample-001339/alpha.npy",
      "alpha_preview": "court-sample-001339/alpha.png",
      "depth": "court-sample-001339/depth.npy"
    },
    {
      "camera_id": "court-sample-001340",
      "request_source": "arbitrary",
      "width": 959,
      "height": 539,
      "rgb": "court-sample-001340/rgb.npy",
      "rgb_preview": "court-sample-001340/rgb.png",
      "alpha": "court-sample-001340/alpha.npy",
      "alpha_preview": "court-sample-001340/alpha.png",
      "depth": "court-sample-001340/depth.npy"
    },
    {
      "camera_id": "court-sample-001341",
      "request_source": "arbitrary",
      "width": 959,
      "height": 539,
      "rgb": "court-sample-001341/rgb.npy",
      "rgb_preview": "court-sample-001341/rgb.png",
      "alpha": "court-sample-001341/alpha.npy",
      "alpha_preview": "court-sample-001341/alpha.png",
      "depth": "court-sample-001341/depth.npy"
    },
    {
      "camera_id": "court-sample-001342",
      "request_source": "arbitrary",
      "width": 959,
      "height": 539,
      "rgb": "court-sample-001342/rgb.npy",
      "rgb_preview": "court-sample-001342/rgb.png",
      "alpha": "court-sample-001342/alpha.npy",
      "alpha_preview": "court-sample-001342/alpha.png",
      "depth": "court-sample-001342/depth.npy"
    },
    {
      "camera_id": "court-sample-001343",
      "request_source": "arbitrary",
      "width": 959,
      "height": 539,
      "rgb": "court-sample-001343/rgb.npy",
      "rgb_preview": "court-sample-001343/rgb.png",
      "alpha": "court-sample-001343/alpha.npy",
      "alpha_preview": "court-sample-001343/alpha.png",
      "depth": "court-sample-001343/depth.npy"
    },
    {
      "camera_id": "court-sample-001344",
      "request_source": "arbitrary",
      "width": 959,
      "height": 539,
      "rgb": "court-sample-001344/rgb.npy",
      "rgb_preview": "court-sample-001344/rgb.png",
      "alpha": "court-sample-001344/alpha.npy",
      "alpha_preview": "court-sample-001344/alpha.png",
      "depth": "court-sample-001344/depth.npy"
    },
    {
      "camera_id": "court-sample-001345",
      "request_source": "arbitrary",
      "width": 959,
      "height": 539,
      "rgb": "court-sample-001345/rgb.npy",
      "rgb_preview": "court-sample-001345/rgb.png",
      "alpha": "court-sample-001345/alpha.npy",
      "alpha_preview": "court-sample-001345/alpha.png",
      "depth": "court-sample-001345/depth.npy"
    },
    {
      "camera_id": "court-sample-001346",
      "request_source": "arbitrary",
      "width": 959,
      "height": 539,
      "rgb": "court-sample-001346/rgb.npy",
      "rgb_preview": "court-sample-001346/rgb.png",
      "alpha": "court-sample-001346/alpha.npy",
      "alpha_preview": "court-sample-001346/alpha.png",
      "depth": "court-sample-001346/depth.npy"
    },
    {
      "camera_id": "court-sample-001347",
      "request_source": "arbitrary",
      "width": 959,
      "height": 539,
      "rgb": "court-sample-001347/rgb.npy",
      "rgb_preview": "court-sample-001347/rgb.png",
      "alpha": "court-sample-001347/alpha.npy",
      "alpha_preview": "court-sample-001347/alpha.png",
      "depth": "court-sample-001347/depth.npy"
    },
    {
      "camera_id": "court-sample-001348",
      "request_source": "arbitrary",
      "width": 959,
      "height": 539,
      "rgb": "court-sample-001348/rgb.npy",
      "rgb_preview": "court-sample-001348/rgb.png",
      "alpha": "court-sample-001348/alpha.npy",
      "alpha_preview": "court-sample-001348/alpha.png",
      "depth": "court-sample-001348/depth.npy"
    },
    {
      "camera_id": "court-sample-001349",
      "request_source": "arbitrary",
      "width": 959,
      "height": 539,
      "rgb": "court-sample-001349/rgb.npy",
      "rgb_preview": "court-sample-001349/rgb.png",
      "alpha": "court-sample-001349/alpha.npy",
      "alpha_preview": "court-sample-001349/alpha.png",
      "depth": "court-sample-001349/depth.npy"
    },
    {
      "camera_id": "court-sample-001350",
      "request_source": "arbitrary",
      "width": 959,
      "height": 539,
      "rgb": "court-sample-001350/rgb.npy",
      "rgb_preview": "court-sample-001350/rgb.png",
      "alpha": "court-sample-001350/alpha.npy",
      "alpha_preview": "court-sample-001350/alpha.png",
      "depth": "court-sample-001350/depth.npy"
    },
    {
      "camera_id": "court-sample-001351",
      "request_source": "arbitrary",
      "width": 959,
      "height": 539,
      "rgb": "court-sample-001351/rgb.npy",
      "rgb_preview": "court-sample-001351/rgb.png",
      "alpha": "court-sample-001351/alpha.npy",
      "alpha_preview": "court-sample-001351/alpha.png",
      "depth": "court-sample-001351/depth.npy"
    },
    {
      "camera_id": "court-sample-001352",
      "request_source": "arbitrary",
      "width": 959,
      "height": 539,
      "rgb": "court-sample-001352/rgb.npy",
      "rgb_preview": "court-sample-001352/rgb.png",
      "alpha": "court-sample-001352/alpha.npy",
      "alpha_preview": "court-sample-001352/alpha.png",
      "depth": "court-sample-001352/depth.npy"
    },
    {
      "camera_id": "court-sample-001353",
      "request_source": "arbitrary",
      "width": 959,
      "height": 539,
      "rgb": "court-sample-001353/rgb.npy",
      "rgb_preview": "court-sample-001353/rgb.png",
      "alpha": "court-sample-001353/alpha.npy",
      "alpha_preview": "court-sample-001353/alpha.png",
      "depth": "court-sample-001353/depth.npy"
    },
    {
      "camera_id": "court-sample-001354",
      "request_source": "arbitrary",
      "width": 959,
      "height": 539,
      "rgb": "court-sample-001354/rgb.npy",
      "rgb_preview": "court-sample-001354/rgb.png",
      "alpha": "court-sample-001354/alpha.npy",
      "alpha_preview": "court-sample-001354/alpha.png",
      "depth": "court-sample-001354/depth.npy"
    },
    {
      "camera_id": "court-sample-001359",
      "request_source": "arbitrary",
      "width": 959,
      "height": 539,
      "rgb": "court-sample-001359/rgb.npy",
      "rgb_preview": "court-sample-001359/rgb.png",
      "alpha": "court-sample-001359/alpha.npy",
      "alpha_preview": "court-sample-001359/alpha.png",
      "depth": "court-sample-001359/depth.npy"
    },
    {
      "camera_id": "court-sample-001360",
      "request_source": "arbitrary",
      "width": 959,
      "height": 539,
      "rgb": "court-sample-001360/rgb.npy",
      "rgb_preview": "court-sample-001360/rgb.png",
      "alpha": "court-sample-001360/alpha.npy",
      "alpha_preview": "court-sample-001360/alpha.png",
      "depth": "court-sample-001360/depth.npy"
    },
    {
      "camera_id": "court-sample-001361",
      "request_source": "arbitrary",
      "width": 959,
      "height": 539,
      "rgb": "court-sample-001361/rgb.npy",
      "rgb_preview": "court-sample-001361/rgb.png",
      "alpha": "court-sample-001361/alpha.npy",
      "alpha_preview": "court-sample-001361/alpha.png",
      "depth": "court-sample-001361/depth.npy"
    },
    {
      "camera_id": "court-sample-001362",
      "request_source": "arbitrary",
      "width": 959,
      "height": 539,
      "rgb": "court-sample-001362/rgb.npy",
      "rgb_preview": "court-sample-001362/rgb.png",
      "alpha": "court-sample-001362/alpha.npy",
      "alpha_preview": "court-sample-001362/alpha.png",
      "depth": "court-sample-001362/depth.npy"
    },
    {
      "camera_id": "court-sample-001363",
      "request_source": "arbitrary",
      "width": 959,
      "height": 539,
      "rgb": "court-sample-001363/rgb.npy",
      "rgb_preview": "court-sample-001363/rgb.png",
      "alpha": "court-sample-001363/alpha.npy",
      "alpha_preview": "court-sample-001363/alpha.png",
      "depth": "court-sample-001363/depth.npy"
    },
    {
      "camera_id": "court-sample-001364",
      "request_source": "arbitrary",
      "width": 959,
      "height": 539,
      "rgb": "court-sample-001364/rgb.npy",
      "rgb_preview": "court-sample-001364/rgb.png",
      "alpha": "court-sample-001364/alpha.npy",
      "alpha_preview": "court-sample-001364/alpha.png",
      "depth": "court-sample-001364/depth.npy"
    },
    {
      "camera_id": "court-sample-001365",
      "request_source": "arbitrary",
      "width": 959,
      "height": 539,
      "rgb": "court-sample-001365/rgb.npy",
      "rgb_preview": "court-sample-001365/rgb.png",
      "alpha": "court-sample-001365/alpha.npy",
      "alpha_preview": "court-sample-001365/alpha.png",
      "depth": "court-sample-001365/depth.npy"
    },
    {
      "camera_id": "court-sample-001366",
      "request_source": "arbitrary",
      "width": 959,
      "height": 539,
      "rgb": "court-sample-001366/rgb.npy",
      "rgb_preview": "court-sample-001366/rgb.png",
      "alpha": "court-sample-001366/alpha.npy",
      "alpha_preview": "court-sample-001366/alpha.png",
      "depth": "court-sample-001366/depth.npy"
    },
    {
      "camera_id": "court-sample-001367",
      "request_source": "arbitrary",
      "width": 959,
      "height": 539,
      "rgb": "court-sample-001367/rgb.npy",
      "rgb_preview": "court-sample-001367/rgb.png",
      "alpha": "court-sample-001367/alpha.npy",
      "alpha_preview": "court-sample-001367/alpha.png",
      "depth": "court-sample-001367/depth.npy"
    },
    {
      "camera_id": "court-sample-001368",
      "request_source": "arbitrary",
      "width": 959,
      "height": 539,
      "rgb": "court-sample-001368/rgb.npy",
      "rgb_preview": "court-sample-001368/rgb.png",
      "alpha": "court-sample-001368/alpha.npy",
      "alpha_preview": "court-sample-001368/alpha.png",
      "depth": "court-sample-001368/depth.npy"
    },
    {
      "camera_id": "court-sample-001369",
      "request_source": "arbitrary",
      "width": 959,
      "height": 539,
      "rgb": "court-sample-001369/rgb.npy",
      "rgb_preview": "court-sample-001369/rgb.png",
      "alpha": "court-sample-001369/alpha.npy",
      "alpha_preview": "court-sample-001369/alpha.png",
      "depth": "court-sample-001369/depth.npy"
    },
    {
      "camera_id": "court-sample-001370",
      "request_source": "arbitrary",
      "width": 959,
      "height": 539,
      "rgb": "court-sample-001370/rgb.npy",
      "rgb_preview": "court-sample-001370/rgb.png",
      "alpha": "court-sample-001370/alpha.npy",
      "alpha_preview": "court-sample-001370/alpha.png",
      "depth": "court-sample-001370/depth.npy"
    },
    {
      "camera_id": "court-sample-001371",
      "request_source": "arbitrary",
      "width": 959,
      "height": 539,
      "rgb": "court-sample-001371/rgb.npy",
      "rgb_preview": "court-sample-001371/rgb.png",
      "alpha": "court-sample-001371/alpha.npy",
      "alpha_preview": "court-sample-001371/alpha.png",
      "depth": "court-sample-001371/depth.npy"
    },
    {
      "camera_id": "court-sample-001372",
      "request_source": "arbitrary",
      "width": 959,
      "height": 539,
      "rgb": "court-sample-001372/rgb.npy",
      "rgb_preview": "court-sample-001372/rgb.png",
      "alpha": "court-sample-001372/alpha.npy",
      "alpha_preview": "court-sample-001372/alpha.png",
      "depth": "court-sample-001372/depth.npy"
    },
    {
      "camera_id": "court-sample-001373",
      "request_source": "arbitrary",
      "width": 959,
      "height": 539,
      "rgb": "court-sample-001373/rgb.npy",
      "rgb_preview": "court-sample-001373/rgb.png",
      "alpha": "court-sample-001373/alpha.npy",
      "alpha_preview": "court-sample-001373/alpha.png",
      "depth": "court-sample-001373/depth.npy"
    },
    {
      "camera_id": "court-sample-001374",
      "request_source": "arbitrary",
      "width": 959,
      "height": 539,
      "rgb": "court-sample-001374/rgb.npy",
      "rgb_preview": "court-sample-001374/rgb.png",
      "alpha": "court-sample-001374/alpha.npy",
      "alpha_preview": "court-sample-001374/alpha.png",
      "depth": "court-sample-001374/depth.npy"
    },
    {
      "camera_id": "court-sample-001377",
      "request_source": "arbitrary",
      "width": 959,
      "height": 539,
      "rgb": "court-sample-001377/rgb.npy",
      "rgb_preview": "court-sample-001377/rgb.png",
      "alpha": "court-sample-001377/alpha.npy",
      "alpha_preview": "court-sample-001377/alpha.png",
      "depth": "court-sample-001377/depth.npy"
    },
    {
      "camera_id": "court-sample-001378",
      "request_source": "arbitrary",
      "width": 959,
      "height": 539,
      "rgb": "court-sample-001378/rgb.npy",
      "rgb_preview": "court-sample-001378/rgb.png",
      "alpha": "court-sample-001378/alpha.npy",
      "alpha_preview": "court-sample-001378/alpha.png",
      "depth": "court-sample-001378/depth.npy"
    },
    {
      "camera_id": "court-sample-001379",
      "request_source": "arbitrary",
      "width": 959,
      "height": 539,
      "rgb": "court-sample-001379/rgb.npy",
      "rgb_preview": "court-sample-001379/rgb.png",
      "alpha": "court-sample-001379/alpha.npy",
      "alpha_preview": "court-sample-001379/alpha.png",
      "depth": "court-sample-001379/depth.npy"
    },
    {
      "camera_id": "court-sample-001380",
      "request_source": "arbitrary",
      "width": 959,
      "height": 539,
      "rgb": "court-sample-001380/rgb.npy",
      "rgb_preview": "court-sample-001380/rgb.png",
      "alpha": "court-sample-001380/alpha.npy",
      "alpha_preview": "court-sample-001380/alpha.png",
      "depth": "court-sample-001380/depth.npy"
    },
    {
      "camera_id": "court-sample-001381",
      "request_source": "arbitrary",
      "width": 959,
      "height": 539,
      "rgb": "court-sample-001381/rgb.npy",
      "rgb_preview": "court-sample-001381/rgb.png",
      "alpha": "court-sample-001381/alpha.npy",
      "alpha_preview": "court-sample-001381/alpha.png",
      "depth": "court-sample-001381/depth.npy"
    },
    {
      "camera_id": "court-sample-001382",
      "request_source": "arbitrary",
      "width": 959,
      "height": 539,
      "rgb": "court-sample-001382/rgb.npy",
      "rgb_preview": "court-sample-001382/rgb.png",
      "alpha": "court-sample-001382/alpha.npy",
      "alpha_preview": "court-sample-001382/alpha.png",
      "depth": "court-sample-001382/depth.npy"
    },
    {
      "camera_id": "court-sample-001383",
      "request_source": "arbitrary",
      "width": 959,
      "height": 539,
      "rgb": "court-sample-001383/rgb.npy",
      "rgb_preview": "court-sample-001383/rgb.png",
      "alpha": "court-sample-001383/alpha.npy",
      "alpha_preview": "court-sample-001383/alpha.png",
      "depth": "court-sample-001383/depth.npy"
    },
    {
      "camera_id": "court-sample-001384",
      "request_source": "arbitrary",
      "width": 959,
      "height": 539,
      "rgb": "court-sample-001384/rgb.npy",
      "rgb_preview": "court-sample-001384/rgb.png",
      "alpha": "court-sample-001384/alpha.npy",
      "alpha_preview": "court-sample-001384/alpha.png",
      "depth": "court-sample-001384/depth.npy"
    },
    {
      "camera_id": "court-sample-001385",
      "request_source": "arbitrary",
      "width": 959,
      "height": 539,
      "rgb": "court-sample-001385/rgb.npy",
      "rgb_preview": "court-sample-001385/rgb.png",
      "alpha": "court-sample-001385/alpha.npy",
      "alpha_preview": "court-sample-001385/alpha.png",
      "depth": "court-sample-001385/depth.npy"
    },
    {
      "camera_id": "court-sample-001386",
      "request_source": "arbitrary",
      "width": 959,
      "height": 539,
      "rgb": "court-sample-001386/rgb.npy",
      "rgb_preview": "court-sample-001386/rgb.png",
      "alpha": "court-sample-001386/alpha.npy",
      "alpha_preview": "court-sample-001386/alpha.png",
      "depth": "court-sample-001386/depth.npy"
    },
    {
      "camera_id": "court-sample-001387",
      "request_source": "arbitrary",
      "width": 959,
      "height": 539,
      "rgb": "court-sample-001387/rgb.npy",
      "rgb_preview": "court-sample-001387/rgb.png",
      "alpha": "court-sample-001387/alpha.npy",
      "alpha_preview": "court-sample-001387/alpha.png",
      "depth": "court-sample-001387/depth.npy"
    },
    {
      "camera_id": "court-sample-001388",
      "request_source": "arbitrary",
      "width": 959,
      "height": 539,
      "rgb": "court-sample-001388/rgb.npy",
      "rgb_preview": "court-sample-001388/rgb.png",
      "alpha": "court-sample-001388/alpha.npy",
      "alpha_preview": "court-sample-001388/alpha.png",
      "depth": "court-sample-001388/depth.npy"
    },
    {
      "camera_id": "court-sample-001389",
      "request_source": "arbitrary",
      "width": 959,
      "height": 539,
      "rgb": "court-sample-001389/rgb.npy",
      "rgb_preview": "court-sample-001389/rgb.png",
      "alpha": "court-sample-001389/alpha.npy",
      "alpha_preview": "court-sample-001389/alpha.png",
      "depth": "court-sample-001389/depth.npy"
    },
    {
      "camera_id": "court-sample-001390",
      "request_source": "arbitrary",
      "width": 959,
      "height": 539,
      "rgb": "court-sample-001390/rgb.npy",
      "rgb_preview": "court-sample-001390/rgb.png",
      "alpha": "court-sample-001390/alpha.npy",
      "alpha_preview": "court-sample-001390/alpha.png",
      "depth": "court-sample-001390/depth.npy"
    },
    {
      "camera_id": "court-sample-001391",
      "request_source": "arbitrary",
      "width": 959,
      "height": 539,
      "rgb": "court-sample-001391/rgb.npy",
      "rgb_preview": "court-sample-001391/rgb.png",
      "alpha": "court-sample-001391/alpha.npy",
      "alpha_preview": "court-sample-001391/alpha.png",
      "depth": "court-sample-001391/depth.npy"
    },
    {
      "camera_id": "court-sample-001392",
      "request_source": "arbitrary",
      "width": 959,
      "height": 539,
      "rgb": "court-sample-001392/rgb.npy",
      "rgb_preview": "court-sample-001392/rgb.png",
      "alpha": "court-sample-001392/alpha.npy",
      "alpha_preview": "court-sample-001392/alpha.png",
      "depth": "court-sample-001392/depth.npy"
    },
    {
      "camera_id": "court-sample-001393",
      "request_source": "arbitrary",
      "width": 959,
      "height": 539,
      "rgb": "court-sample-001393/rgb.npy",
      "rgb_preview": "court-sample-001393/rgb.png",
      "alpha": "court-sample-001393/alpha.npy",
      "alpha_preview": "court-sample-001393/alpha.png",
      "depth": "court-sample-001393/depth.npy"
    },
    {
      "camera_id": "court-sample-001394",
      "request_source": "arbitrary",
      "width": 959,
      "height": 539,
      "rgb": "court-sample-001394/rgb.npy",
      "rgb_preview": "court-sample-001394/rgb.png",
      "alpha": "court-sample-001394/alpha.npy",
      "alpha_preview": "court-sample-001394/alpha.png",
      "depth": "court-sample-001394/depth.npy"
    },
    {
      "camera_id": "court-sample-001395",
      "request_source": "arbitrary",
      "width": 959,
      "height": 539,
      "rgb": "court-sample-001395/rgb.npy",
      "rgb_preview": "court-sample-001395/rgb.png",
      "alpha": "court-sample-001395/alpha.npy",
      "alpha_preview": "court-sample-001395/alpha.png",
      "depth": "court-sample-001395/depth.npy"
    },
    {
      "camera_id": "court-sample-001396",
      "request_source": "arbitrary",
      "width": 959,
      "height": 539,
      "rgb": "court-sample-001396/rgb.npy",
      "rgb_preview": "court-sample-001396/rgb.png",
      "alpha": "court-sample-001396/alpha.npy",
      "alpha_preview": "court-sample-001396/alpha.png",
      "depth": "court-sample-001396/depth.npy"
    },
    {
      "camera_id": "court-sample-001397",
      "request_source": "arbitrary",
      "width": 959,
      "height": 539,
      "rgb": "court-sample-001397/rgb.npy",
      "rgb_preview": "court-sample-001397/rgb.png",
      "alpha": "court-sample-001397/alpha.npy",
      "alpha_preview": "court-sample-001397/alpha.png",
      "depth": "court-sample-001397/depth.npy"
    },
    {
      "camera_id": "court-sample-001398",
      "request_source": "arbitrary",
      "width": 959,
      "height": 539,
      "rgb": "court-sample-001398/rgb.npy",
      "rgb_preview": "court-sample-001398/rgb.png",
      "alpha": "court-sample-001398/alpha.npy",
      "alpha_preview": "court-sample-001398/alpha.png",
      "depth": "court-sample-001398/depth.npy"
    },
    {
      "camera_id": "court-sample-001399",
      "request_source": "arbitrary",
      "width": 959,
      "height": 539,
      "rgb": "court-sample-001399/rgb.npy",
      "rgb_preview": "court-sample-001399/rgb.png",
      "alpha": "court-sample-001399/alpha.npy",
      "alpha_preview": "court-sample-001399/alpha.png",
      "depth": "court-sample-001399/depth.npy"
    },
    {
      "camera_id": "court-sample-001401",
      "request_source": "arbitrary",
      "width": 959,
      "height": 539,
      "rgb": "court-sample-001401/rgb.npy",
      "rgb_preview": "court-sample-001401/rgb.png",
      "alpha": "court-sample-001401/alpha.npy",
      "alpha_preview": "court-sample-001401/alpha.png",
      "depth": "court-sample-001401/depth.npy"
    },
    {
      "camera_id": "court-sample-001402",
      "request_source": "arbitrary",
      "width": 959,
      "height": 539,
      "rgb": "court-sample-001402/rgb.npy",
      "rgb_preview": "court-sample-001402/rgb.png",
      "alpha": "court-sample-001402/alpha.npy",
      "alpha_preview": "court-sample-001402/alpha.png",
      "depth": "court-sample-001402/depth.npy"
    },
    {
      "camera_id": "court-sample-001403",
      "request_source": "arbitrary",
      "width": 959,
      "height": 539,
      "rgb": "court-sample-001403/rgb.npy",
      "rgb_preview": "court-sample-001403/rgb.png",
      "alpha": "court-sample-001403/alpha.npy",
      "alpha_preview": "court-sample-001403/alpha.png",
      "depth": "court-sample-001403/depth.npy"
    },
    {
      "camera_id": "court-sample-001404",
      "request_source": "arbitrary",
      "width": 959,
      "height": 539,
      "rgb": "court-sample-001404/rgb.npy",
      "rgb_preview": "court-sample-001404/rgb.png",
      "alpha": "court-sample-001404/alpha.npy",
      "alpha_preview": "court-sample-001404/alpha.png",
      "depth": "court-sample-001404/depth.npy"
    },
    {
      "camera_id": "court-sample-001405",
      "request_source": "arbitrary",
      "width": 959,
      "height": 539,
      "rgb": "court-sample-001405/rgb.npy",
      "rgb_preview": "court-sample-001405/rgb.png",
      "alpha": "court-sample-001405/alpha.npy",
      "alpha_preview": "court-sample-001405/alpha.png",
      "depth": "court-sample-001405/depth.npy"
    },
    {
      "camera_id": "court-sample-001406",
      "request_source": "arbitrary",
      "width": 959,
      "height": 539,
      "rgb": "court-sample-001406/rgb.npy",
      "rgb_preview": "court-sample-001406/rgb.png",
      "alpha": "court-sample-001406/alpha.npy",
      "alpha_preview": "court-sample-001406/alpha.png",
      "depth": "court-sample-001406/depth.npy"
    },
    {
      "camera_id": "court-sample-001407",
      "request_source": "arbitrary",
      "width": 959,
      "height": 539,
      "rgb": "court-sample-001407/rgb.npy",
      "rgb_preview": "court-sample-001407/rgb.png",
      "alpha": "court-sample-001407/alpha.npy",
      "alpha_preview": "court-sample-001407/alpha.png",
      "depth": "court-sample-001407/depth.npy"
    },
    {
      "camera_id": "court-sample-001408",
      "request_source": "arbitrary",
      "width": 959,
      "height": 539,
      "rgb": "court-sample-001408/rgb.npy",
      "rgb_preview": "court-sample-001408/rgb.png",
      "alpha": "court-sample-001408/alpha.npy",
      "alpha_preview": "court-sample-001408/alpha.png",
      "depth": "court-sample-001408/depth.npy"
    },
    {
      "camera_id": "court-sample-001409",
      "request_source": "arbitrary",
      "width": 959,
      "height": 539,
      "rgb": "court-sample-001409/rgb.npy",
      "rgb_preview": "court-sample-001409/rgb.png",
      "alpha": "court-sample-001409/alpha.npy",
      "alpha_preview": "court-sample-001409/alpha.png",
      "depth": "court-sample-001409/depth.npy"
    },
    {
      "camera_id": "court-sample-001410",
      "request_source": "arbitrary",
      "width": 959,
      "height": 539,
      "rgb": "court-sample-001410/rgb.npy",
      "rgb_preview": "court-sample-001410/rgb.png",
      "alpha": "court-sample-001410/alpha.npy",
      "alpha_preview": "court-sample-001410/alpha.png",
      "depth": "court-sample-001410/depth.npy"
    },
    {
      "camera_id": "court-sample-001411",
      "request_source": "arbitrary",
      "width": 959,
      "height": 539,
      "rgb": "court-sample-001411/rgb.npy",
      "rgb_preview": "court-sample-001411/rgb.png",
      "alpha": "court-sample-001411/alpha.npy",
      "alpha_preview": "court-sample-001411/alpha.png",
      "depth": "court-sample-001411/depth.npy"
    },
    {
      "camera_id": "court-sample-001412",
      "request_source": "arbitrary",
      "width": 959,
      "height": 539,
      "rgb": "court-sample-001412/rgb.npy",
      "rgb_preview": "court-sample-001412/rgb.png",
      "alpha": "court-sample-001412/alpha.npy",
      "alpha_preview": "court-sample-001412/alpha.png",
      "depth": "court-sample-001412/depth.npy"
    },
    {
      "camera_id": "court-sample-001413",
      "request_source": "arbitrary",
      "width": 959,
      "height": 539,
      "rgb": "court-sample-001413/rgb.npy",
      "rgb_preview": "court-sample-001413/rgb.png",
      "alpha": "court-sample-001413/alpha.npy",
      "alpha_preview": "court-sample-001413/alpha.png",
      "depth": "court-sample-001413/depth.npy"
    },
    {
      "camera_id": "court-sample-001414",
      "request_source": "arbitrary",
      "width": 959,
      "height": 539,
      "rgb": "court-sample-001414/rgb.npy",
      "rgb_preview": "court-sample-001414/rgb.png",
      "alpha": "court-sample-001414/alpha.npy",
      "alpha_preview": "court-sample-001414/alpha.png",
      "depth": "court-sample-001414/depth.npy"
    },
    {
      "camera_id": "court-sample-001415",
      "request_source": "arbitrary",
      "width": 959,
      "height": 539,
      "rgb": "court-sample-001415/rgb.npy",
      "rgb_preview": "court-sample-001415/rgb.png",
      "alpha": "court-sample-001415/alpha.npy",
      "alpha_preview": "court-sample-001415/alpha.png",
      "depth": "court-sample-001415/depth.npy"
    },
    {
      "camera_id": "court-sample-001416",
      "request_source": "arbitrary",
      "width": 959,
      "height": 539,
      "rgb": "court-sample-001416/rgb.npy",
      "rgb_preview": "court-sample-001416/rgb.png",
      "alpha": "court-sample-001416/alpha.npy",
      "alpha_preview": "court-sample-001416/alpha.png",
      "depth": "court-sample-001416/depth.npy"
    },
    {
      "camera_id": "court-sample-001417",
      "request_source": "arbitrary",
      "width": 959,
      "height": 539,
      "rgb": "court-sample-001417/rgb.npy",
      "rgb_preview": "court-sample-001417/rgb.png",
      "alpha": "court-sample-001417/alpha.npy",
      "alpha_preview": "court-sample-001417/alpha.png",
      "depth": "court-sample-001417/depth.npy"
    },
    {
      "camera_id": "court-sample-001418",
      "request_source": "arbitrary",
      "width": 959,
      "height": 539,
      "rgb": "court-sample-001418/rgb.npy",
      "rgb_preview": "court-sample-001418/rgb.png",
      "alpha": "court-sample-001418/alpha.npy",
      "alpha_preview": "court-sample-001418/alpha.png",
      "depth": "court-sample-001418/depth.npy"
    },
    {
      "camera_id": "court-sample-001419",
      "request_source": "arbitrary",
      "width": 959,
      "height": 539,
      "rgb": "court-sample-001419/rgb.npy",
      "rgb_preview": "court-sample-001419/rgb.png",
      "alpha": "court-sample-001419/alpha.npy",
      "alpha_preview": "court-sample-001419/alpha.png",
      "depth": "court-sample-001419/depth.npy"
    },
    {
      "camera_id": "court-sample-001420",
      "request_source": "arbitrary",
      "width": 959,
      "height": 539,
      "rgb": "court-sample-001420/rgb.npy",
      "rgb_preview": "court-sample-001420/rgb.png",
      "alpha": "court-sample-001420/alpha.npy",
      "alpha_preview": "court-sample-001420/alpha.png",
      "depth": "court-sample-001420/depth.npy"
    },
    {
      "camera_id": "court-sample-001421",
      "request_source": "arbitrary",
      "width": 959,
      "height": 539,
      "rgb": "court-sample-001421/rgb.npy",
      "rgb_preview": "court-sample-001421/rgb.png",
      "alpha": "court-sample-001421/alpha.npy",
      "alpha_preview": "court-sample-001421/alpha.png",
      "depth": "court-sample-001421/depth.npy"
    },
    {
      "camera_id": "court-sample-001422",
      "request_source": "arbitrary",
      "width": 959,
      "height": 539,
      "rgb": "court-sample-001422/rgb.npy",
      "rgb_preview": "court-sample-001422/rgb.png",
      "alpha": "court-sample-001422/alpha.npy",
      "alpha_preview": "court-sample-001422/alpha.png",
      "depth": "court-sample-001422/depth.npy"
    },
    {
      "camera_id": "court-sample-001423",
      "request_source": "arbitrary",
      "width": 959,
      "height": 539,
      "rgb": "court-sample-001423/rgb.npy",
      "rgb_preview": "court-sample-001423/rgb.png",
      "alpha": "court-sample-001423/alpha.npy",
      "alpha_preview": "court-sample-001423/alpha.png",
      "depth": "court-sample-001423/depth.npy"
    },
    {
      "camera_id": "court-sample-001488",
      "request_source": "arbitrary",
      "width": 959,
      "height": 539,
      "rgb": "court-sample-001488/rgb.npy",
      "rgb_preview": "court-sample-001488/rgb.png",
      "alpha": "court-sample-001488/alpha.npy",
      "alpha_preview": "court-sample-001488/alpha.png",
      "depth": "court-sample-001488/depth.npy"
    },
    {
      "camera_id": "court-sample-001489",
      "request_source": "arbitrary",
      "width": 959,
      "height": 539,
      "rgb": "court-sample-001489/rgb.npy",
      "rgb_preview": "court-sample-001489/rgb.png",
      "alpha": "court-sample-001489/alpha.npy",
      "alpha_preview": "court-sample-001489/alpha.png",
      "depth": "court-sample-001489/depth.npy"
    },
    {
      "camera_id": "court-sample-001490",
      "request_source": "arbitrary",
      "width": 959,
      "height": 539,
      "rgb": "court-sample-001490/rgb.npy",
      "rgb_preview": "court-sample-001490/rgb.png",
      "alpha": "court-sample-001490/alpha.npy",
      "alpha_preview": "court-sample-001490/alpha.png",
      "depth": "court-sample-001490/depth.npy"
    },
    {
      "camera_id": "court-sample-001491",
      "request_source": "arbitrary",
      "width": 959,
      "height": 539,
      "rgb": "court-sample-001491/rgb.npy",
      "rgb_preview": "court-sample-001491/rgb.png",
      "alpha": "court-sample-001491/alpha.npy",
      "alpha_preview": "court-sample-001491/alpha.png",
      "depth": "court-sample-001491/depth.npy"
    },
    {
      "camera_id": "court-sample-001492",
      "request_source": "arbitrary",
      "width": 959,
      "height": 539,
      "rgb": "court-sample-001492/rgb.npy",
      "rgb_preview": "court-sample-001492/rgb.png",
      "alpha": "court-sample-001492/alpha.npy",
      "alpha_preview": "court-sample-001492/alpha.png",
      "depth": "court-sample-001492/depth.npy"
    },
    {
      "camera_id": "court-sample-001493",
      "request_source": "arbitrary",
      "width": 959,
      "height": 539,
      "rgb": "court-sample-001493/rgb.npy",
      "rgb_preview": "court-sample-001493/rgb.png",
      "alpha": "court-sample-001493/alpha.npy",
      "alpha_preview": "court-sample-001493/alpha.png",
      "depth": "court-sample-001493/depth.npy"
    },
    {
      "camera_id": "court-sample-001494",
      "request_source": "arbitrary",
      "width": 959,
      "height": 539,
      "rgb": "court-sample-001494/rgb.npy",
      "rgb_preview": "court-sample-001494/rgb.png",
      "alpha": "court-sample-001494/alpha.npy",
      "alpha_preview": "court-sample-001494/alpha.png",
      "depth": "court-sample-001494/depth.npy"
    },
    {
      "camera_id": "court-sample-001495",
      "request_source": "arbitrary",
      "width": 959,
      "height": 539,
      "rgb": "court-sample-001495/rgb.npy",
      "rgb_preview": "court-sample-001495/rgb.png",
      "alpha": "court-sample-001495/alpha.npy",
      "alpha_preview": "court-sample-001495/alpha.png",
      "depth": "court-sample-001495/depth.npy"
    },
    {
      "camera_id": "court-sample-001496",
      "request_source": "arbitrary",
      "width": 959,
      "height": 539,
      "rgb": "court-sample-001496/rgb.npy",
      "rgb_preview": "court-sample-001496/rgb.png",
      "alpha": "court-sample-001496/alpha.npy",
      "alpha_preview": "court-sample-001496/alpha.png",
      "depth": "court-sample-001496/depth.npy"
    },
    {
      "camera_id": "court-sample-001497",
      "request_source": "arbitrary",
      "width": 959,
      "height": 539,
      "rgb": "court-sample-001497/rgb.npy",
      "rgb_preview": "court-sample-001497/rgb.png",
      "alpha": "court-sample-001497/alpha.npy",
      "alpha_preview": "court-sample-001497/alpha.png",
      "depth": "court-sample-001497/depth.npy"
    },
    {
      "camera_id": "court-sample-001498",
      "request_source": "arbitrary",
      "width": 959,
      "height": 539,
      "rgb": "court-sample-001498/rgb.npy",
      "rgb_preview": "court-sample-001498/rgb.png",
      "alpha": "court-sample-001498/alpha.npy",
      "alpha_preview": "court-sample-001498/alpha.png",
      "depth": "court-sample-001498/depth.npy"
    },
    {
      "camera_id": "court-sample-001499",
      "request_source": "arbitrary",
      "width": 959,
      "height": 539,
      "rgb": "court-sample-001499/rgb.npy",
      "rgb_preview": "court-sample-001499/rgb.png",
      "alpha": "court-sample-001499/alpha.npy",
      "alpha_preview": "court-sample-001499/alpha.png",
      "depth": "court-sample-001499/depth.npy"
    },
    {
      "camera_id": "court-sample-001500",
      "request_source": "arbitrary",
      "width": 959,
      "height": 539,
      "rgb": "court-sample-001500/rgb.npy",
      "rgb_preview": "court-sample-001500/rgb.png",
      "alpha": "court-sample-001500/alpha.npy",
      "alpha_preview": "court-sample-001500/alpha.png",
      "depth": "court-sample-001500/depth.npy"
    },
    {
      "camera_id": "court-sample-001501",
      "request_source": "arbitrary",
      "width": 959,
      "height": 539,
      "rgb": "court-sample-001501/rgb.npy",
      "rgb_preview": "court-sample-001501/rgb.png",
      "alpha": "court-sample-001501/alpha.npy",
      "alpha_preview": "court-sample-001501/alpha.png",
      "depth": "court-sample-001501/depth.npy"
    },
    {
      "camera_id": "court-sample-001502",
      "request_source": "arbitrary",
      "width": 959,
      "height": 539,
      "rgb": "court-sample-001502/rgb.npy",
      "rgb_preview": "court-sample-001502/rgb.png",
      "alpha": "court-sample-001502/alpha.npy",
      "alpha_preview": "court-sample-001502/alpha.png",
      "depth": "court-sample-001502/depth.npy"
    },
    {
      "camera_id": "court-sample-001503",
      "request_source": "arbitrary",
      "width": 959,
      "height": 539,
      "rgb": "court-sample-001503/rgb.npy",
      "rgb_preview": "court-sample-001503/rgb.png",
      "alpha": "court-sample-001503/alpha.npy",
      "alpha_preview": "court-sample-001503/alpha.png",
      "depth": "court-sample-001503/depth.npy"
    },
    {
      "camera_id": "court-sample-001505",
      "request_source": "arbitrary",
      "width": 959,
      "height": 539,
      "rgb": "court-sample-001505/rgb.npy",
      "rgb_preview": "court-sample-001505/rgb.png",
      "alpha": "court-sample-001505/alpha.npy",
      "alpha_preview": "court-sample-001505/alpha.png",
      "depth": "court-sample-001505/depth.npy"
    },
    {
      "camera_id": "court-sample-001507",
      "request_source": "arbitrary",
      "width": 959,
      "height": 539,
      "rgb": "court-sample-001507/rgb.npy",
      "rgb_preview": "court-sample-001507/rgb.png",
      "alpha": "court-sample-001507/alpha.npy",
      "alpha_preview": "court-sample-001507/alpha.png",
      "depth": "court-sample-001507/depth.npy"
    },
    {
      "camera_id": "court-sample-001509",
      "request_source": "arbitrary",
      "width": 959,
      "height": 539,
      "rgb": "court-sample-001509/rgb.npy",
      "rgb_preview": "court-sample-001509/rgb.png",
      "alpha": "court-sample-001509/alpha.npy",
      "alpha_preview": "court-sample-001509/alpha.png",
      "depth": "court-sample-001509/depth.npy"
    },
    {
      "camera_id": "court-sample-001510",
      "request_source": "arbitrary",
      "width": 959,
      "height": 539,
      "rgb": "court-sample-001510/rgb.npy",
      "rgb_preview": "court-sample-001510/rgb.png",
      "alpha": "court-sample-001510/alpha.npy",
      "alpha_preview": "court-sample-001510/alpha.png",
      "depth": "court-sample-001510/depth.npy"
    },
    {
      "camera_id": "court-sample-001511",
      "request_source": "arbitrary",
      "width": 959,
      "height": 539,
      "rgb": "court-sample-001511/rgb.npy",
      "rgb_preview": "court-sample-001511/rgb.png",
      "alpha": "court-sample-001511/alpha.npy",
      "alpha_preview": "court-sample-001511/alpha.png",
      "depth": "court-sample-001511/depth.npy"
    },
    {
      "camera_id": "court-sample-001512",
      "request_source": "arbitrary",
      "width": 959,
      "height": 539,
      "rgb": "court-sample-001512/rgb.npy",
      "rgb_preview": "court-sample-001512/rgb.png",
      "alpha": "court-sample-001512/alpha.npy",
      "alpha_preview": "court-sample-001512/alpha.png",
      "depth": "court-sample-001512/depth.npy"
    },
    {
      "camera_id": "court-sample-001513",
      "request_source": "arbitrary",
      "width": 959,
      "height": 539,
      "rgb": "court-sample-001513/rgb.npy",
      "rgb_preview": "court-sample-001513/rgb.png",
      "alpha": "court-sample-001513/alpha.npy",
      "alpha_preview": "court-sample-001513/alpha.png",
      "depth": "court-sample-001513/depth.npy"
    },
    {
      "camera_id": "court-sample-001514",
      "request_source": "arbitrary",
      "width": 959,
      "height": 539,
      "rgb": "court-sample-001514/rgb.npy",
      "rgb_preview": "court-sample-001514/rgb.png",
      "alpha": "court-sample-001514/alpha.npy",
      "alpha_preview": "court-sample-001514/alpha.png",
      "depth": "court-sample-001514/depth.npy"
    },
    {
      "camera_id": "court-sample-001515",
      "request_source": "arbitrary",
      "width": 959,
      "height": 539,
      "rgb": "court-sample-001515/rgb.npy",
      "rgb_preview": "court-sample-001515/rgb.png",
      "alpha": "court-sample-001515/alpha.npy",
      "alpha_preview": "court-sample-001515/alpha.png",
      "depth": "court-sample-001515/depth.npy"
    },
    {
      "camera_id": "court-sample-001516",
      "request_source": "arbitrary",
      "width": 959,
      "height": 539,
      "rgb": "court-sample-001516/rgb.npy",
      "rgb_preview": "court-sample-001516/rgb.png",
      "alpha": "court-sample-001516/alpha.npy",
      "alpha_preview": "court-sample-001516/alpha.png",
      "depth": "court-sample-001516/depth.npy"
    },
    {
      "camera_id": "court-sample-001517",
      "request_source": "arbitrary",
      "width": 959,
      "height": 539,
      "rgb": "court-sample-001517/rgb.npy",
      "rgb_preview": "court-sample-001517/rgb.png",
      "alpha": "court-sample-001517/alpha.npy",
      "alpha_preview": "court-sample-001517/alpha.png",
      "depth": "court-sample-001517/depth.npy"
    },
    {
      "camera_id": "court-sample-001518",
      "request_source": "arbitrary",
      "width": 959,
      "height": 539,
      "rgb": "court-sample-001518/rgb.npy",
      "rgb_preview": "court-sample-001518/rgb.png",
      "alpha": "court-sample-001518/alpha.npy",
      "alpha_preview": "court-sample-001518/alpha.png",
      "depth": "court-sample-001518/depth.npy"
    },
    {
      "camera_id": "court-sample-001519",
      "request_source": "arbitrary",
      "width": 959,
      "height": 539,
      "rgb": "court-sample-001519/rgb.npy",
      "rgb_preview": "court-sample-001519/rgb.png",
      "alpha": "court-sample-001519/alpha.npy",
      "alpha_preview": "court-sample-001519/alpha.png",
      "depth": "court-sample-001519/depth.npy"
    },
    {
      "camera_id": "court-sample-001520",
      "request_source": "arbitrary",
      "width": 959,
      "height": 539,
      "rgb": "court-sample-001520/rgb.npy",
      "rgb_preview": "court-sample-001520/rgb.png",
      "alpha": "court-sample-001520/alpha.npy",
      "alpha_preview": "court-sample-001520/alpha.png",
      "depth": "court-sample-001520/depth.npy"
    },
    {
      "camera_id": "court-sample-001521",
      "request_source": "arbitrary",
      "width": 959,
      "height": 539,
      "rgb": "court-sample-001521/rgb.npy",
      "rgb_preview": "court-sample-001521/rgb.png",
      "alpha": "court-sample-001521/alpha.npy",
      "alpha_preview": "court-sample-001521/alpha.png",
      "depth": "court-sample-001521/depth.npy"
    },
    {
      "camera_id": "court-sample-001522",
      "request_source": "arbitrary",
      "width": 959,
      "height": 539,
      "rgb": "court-sample-001522/rgb.npy",
      "rgb_preview": "court-sample-001522/rgb.png",
      "alpha": "court-sample-001522/alpha.npy",
      "alpha_preview": "court-sample-001522/alpha.png",
      "depth": "court-sample-001522/depth.npy"
    },
    {
      "camera_id": "court-sample-001523",
      "request_source": "arbitrary",
      "width": 959,
      "height": 539,
      "rgb": "court-sample-001523/rgb.npy",
      "rgb_preview": "court-sample-001523/rgb.png",
      "alpha": "court-sample-001523/alpha.npy",
      "alpha_preview": "court-sample-001523/alpha.png",
      "depth": "court-sample-001523/depth.npy"
    },
    {
      "camera_id": "court-sample-001524",
      "request_source": "arbitrary",
      "width": 959,
      "height": 539,
      "rgb": "court-sample-001524/rgb.npy",
      "rgb_preview": "court-sample-001524/rgb.png",
      "alpha": "court-sample-001524/alpha.npy",
      "alpha_preview": "court-sample-001524/alpha.png",
      "depth": "court-sample-001524/depth.npy"
    },
    {
      "camera_id": "court-sample-001525",
      "request_source": "arbitrary",
      "width": 959,
      "height": 539,
      "rgb": "court-sample-001525/rgb.npy",
      "rgb_preview": "court-sample-001525/rgb.png",
      "alpha": "court-sample-001525/alpha.npy",
      "alpha_preview": "court-sample-001525/alpha.png",
      "depth": "court-sample-001525/depth.npy"
    },
    {
      "camera_id": "court-sample-001526",
      "request_source": "arbitrary",
      "width": 959,
      "height": 539,
      "rgb": "court-sample-001526/rgb.npy",
      "rgb_preview": "court-sample-001526/rgb.png",
      "alpha": "court-sample-001526/alpha.npy",
      "alpha_preview": "court-sample-001526/alpha.png",
      "depth": "court-sample-001526/depth.npy"
    },
    {
      "camera_id": "court-sample-001527",
      "request_source": "arbitrary",
      "width": 959,
      "height": 539,
      "rgb": "court-sample-001527/rgb.npy",
      "rgb_preview": "court-sample-001527/rgb.png",
      "alpha": "court-sample-001527/alpha.npy",
      "alpha_preview": "court-sample-001527/alpha.png",
      "depth": "court-sample-001527/depth.npy"
    },
    {
      "camera_id": "court-sample-001528",
      "request_source": "arbitrary",
      "width": 959,
      "height": 539,
      "rgb": "court-sample-001528/rgb.npy",
      "rgb_preview": "court-sample-001528/rgb.png",
      "alpha": "court-sample-001528/alpha.npy",
      "alpha_preview": "court-sample-001528/alpha.png",
      "depth": "court-sample-001528/depth.npy"
    },
    {
      "camera_id": "court-sample-001529",
      "request_source": "arbitrary",
      "width": 959,
      "height": 539,
      "rgb": "court-sample-001529/rgb.npy",
      "rgb_preview": "court-sample-001529/rgb.png",
      "alpha": "court-sample-001529/alpha.npy",
      "alpha_preview": "court-sample-001529/alpha.png",
      "depth": "court-sample-001529/depth.npy"
    },
    {
      "camera_id": "court-sample-001530",
      "request_source": "arbitrary",
      "width": 959,
      "height": 539,
      "rgb": "court-sample-001530/rgb.npy",
      "rgb_preview": "court-sample-001530/rgb.png",
      "alpha": "court-sample-001530/alpha.npy",
      "alpha_preview": "court-sample-001530/alpha.png",
      "depth": "court-sample-001530/depth.npy"
    },
    {
      "camera_id": "court-sample-001531",
      "request_source": "arbitrary",
      "width": 959,
      "height": 539,
      "rgb": "court-sample-001531/rgb.npy",
      "rgb_preview": "court-sample-001531/rgb.png",
      "alpha": "court-sample-001531/alpha.npy",
      "alpha_preview": "court-sample-001531/alpha.png",
      "depth": "court-sample-001531/depth.npy"
    },
    {
      "camera_id": "court-sample-001532",
      "request_source": "arbitrary",
      "width": 959,
      "height": 539,
      "rgb": "court-sample-001532/rgb.npy",
      "rgb_preview": "court-sample-001532/rgb.png",
      "alpha": "court-sample-001532/alpha.npy",
      "alpha_preview": "court-sample-001532/alpha.png",
      "depth": "court-sample-001532/depth.npy"
    },
    {
      "camera_id": "court-sample-001533",
      "request_source": "arbitrary",
      "width": 959,
      "height": 539,
      "rgb": "court-sample-001533/rgb.npy",
      "rgb_preview": "court-sample-001533/rgb.png",
      "alpha": "court-sample-001533/alpha.npy",
      "alpha_preview": "court-sample-001533/alpha.png",
      "depth": "court-sample-001533/depth.npy"
    },
    {
      "camera_id": "court-sample-001534",
      "request_source": "arbitrary",
      "width": 959,
      "height": 539,
      "rgb": "court-sample-001534/rgb.npy",
      "rgb_preview": "court-sample-001534/rgb.png",
      "alpha": "court-sample-001534/alpha.npy",
      "alpha_preview": "court-sample-001534/alpha.png",
      "depth": "court-sample-001534/depth.npy"
    },
    {
      "camera_id": "court-sample-001535",
      "request_source": "arbitrary",
      "width": 959,
      "height": 539,
      "rgb": "court-sample-001535/rgb.npy",
      "rgb_preview": "court-sample-001535/rgb.png",
      "alpha": "court-sample-001535/alpha.npy",
      "alpha_preview": "court-sample-001535/alpha.png",
      "depth": "court-sample-001535/depth.npy"
    },
    {
      "camera_id": "court-sample-001536",
      "request_source": "arbitrary",
      "width": 959,
      "height": 539,
      "rgb": "court-sample-001536/rgb.npy",
      "rgb_preview": "court-sample-001536/rgb.png",
      "alpha": "court-sample-001536/alpha.npy",
      "alpha_preview": "court-sample-001536/alpha.png",
      "depth": "court-sample-001536/depth.npy"
    },
    {
      "camera_id": "court-sample-001537",
      "request_source": "arbitrary",
      "width": 959,
      "height": 539,
      "rgb": "court-sample-001537/rgb.npy",
      "rgb_preview": "court-sample-001537/rgb.png",
      "alpha": "court-sample-001537/alpha.npy",
      "alpha_preview": "court-sample-001537/alpha.png",
      "depth": "court-sample-001537/depth.npy"
    },
    {
      "camera_id": "court-sample-001538",
      "request_source": "arbitrary",
      "width": 959,
      "height": 539,
      "rgb": "court-sample-001538/rgb.npy",
      "rgb_preview": "court-sample-001538/rgb.png",
      "alpha": "court-sample-001538/alpha.npy",
      "alpha_preview": "court-sample-001538/alpha.png",
      "depth": "court-sample-001538/depth.npy"
    },
    {
      "camera_id": "court-sample-001539",
      "request_source": "arbitrary",
      "width": 959,
      "height": 539,
      "rgb": "court-sample-001539/rgb.npy",
      "rgb_preview": "court-sample-001539/rgb.png",
      "alpha": "court-sample-001539/alpha.npy",
      "alpha_preview": "court-sample-001539/alpha.png",
      "depth": "court-sample-001539/depth.npy"
    },
    {
      "camera_id": "court-sample-001540",
      "request_source": "arbitrary",
      "width": 959,
      "height": 539,
      "rgb": "court-sample-001540/rgb.npy",
      "rgb_preview": "court-sample-001540/rgb.png",
      "alpha": "court-sample-001540/alpha.npy",
      "alpha_preview": "court-sample-001540/alpha.png",
      "depth": "court-sample-001540/depth.npy"
    },
    {
      "camera_id": "court-sample-001544",
      "request_source": "arbitrary",
      "width": 959,
      "height": 539,
      "rgb": "court-sample-001544/rgb.npy",
      "rgb_preview": "court-sample-001544/rgb.png",
      "alpha": "court-sample-001544/alpha.npy",
      "alpha_preview": "court-sample-001544/alpha.png",
      "depth": "court-sample-001544/depth.npy"
    },
    {
      "camera_id": "court-sample-001545",
      "request_source": "arbitrary",
      "width": 959,
      "height": 539,
      "rgb": "court-sample-001545/rgb.npy",
      "rgb_preview": "court-sample-001545/rgb.png",
      "alpha": "court-sample-001545/alpha.npy",
      "alpha_preview": "court-sample-001545/alpha.png",
      "depth": "court-sample-001545/depth.npy"
    },
    {
      "camera_id": "court-sample-001546",
      "request_source": "arbitrary",
      "width": 959,
      "height": 539,
      "rgb": "court-sample-001546/rgb.npy",
      "rgb_preview": "court-sample-001546/rgb.png",
      "alpha": "court-sample-001546/alpha.npy",
      "alpha_preview": "court-sample-001546/alpha.png",
      "depth": "court-sample-001546/depth.npy"
    },
    {
      "camera_id": "court-sample-001547",
      "request_source": "arbitrary",
      "width": 959,
      "height": 539,
      "rgb": "court-sample-001547/rgb.npy",
      "rgb_preview": "court-sample-001547/rgb.png",
      "alpha": "court-sample-001547/alpha.npy",
      "alpha_preview": "court-sample-001547/alpha.png",
      "depth": "court-sample-001547/depth.npy"
    },
    {
      "camera_id": "court-sample-001548",
      "request_source": "arbitrary",
      "width": 959,
      "height": 539,
      "rgb": "court-sample-001548/rgb.npy",
      "rgb_preview": "court-sample-001548/rgb.png",
      "alpha": "court-sample-001548/alpha.npy",
      "alpha_preview": "court-sample-001548/alpha.png",
      "depth": "court-sample-001548/depth.npy"
    },
    {
      "camera_id": "court-sample-001549",
      "request_source": "arbitrary",
      "width": 959,
      "height": 539,
      "rgb": "court-sample-001549/rgb.npy",
      "rgb_preview": "court-sample-001549/rgb.png",
      "alpha": "court-sample-001549/alpha.npy",
      "alpha_preview": "court-sample-001549/alpha.png",
      "depth": "court-sample-001549/depth.npy"
    },
    {
      "camera_id": "court-sample-001550",
      "request_source": "arbitrary",
      "width": 959,
      "height": 539,
      "rgb": "court-sample-001550/rgb.npy",
      "rgb_preview": "court-sample-001550/rgb.png",
      "alpha": "court-sample-001550/alpha.npy",
      "alpha_preview": "court-sample-001550/alpha.png",
      "depth": "court-sample-001550/depth.npy"
    },
    {
      "camera_id": "court-sample-001551",
      "request_source": "arbitrary",
      "width": 959,
      "height": 539,
      "rgb": "court-sample-001551/rgb.npy",
      "rgb_preview": "court-sample-001551/rgb.png",
      "alpha": "court-sample-001551/alpha.npy",
      "alpha_preview": "court-sample-001551/alpha.png",
      "depth": "court-sample-001551/depth.npy"
    },
    {
      "camera_id": "court-sample-001552",
      "request_source": "arbitrary",
      "width": 959,
      "height": 539,
      "rgb": "court-sample-001552/rgb.npy",
      "rgb_preview": "court-sample-001552/rgb.png",
      "alpha": "court-sample-001552/alpha.npy",
      "alpha_preview": "court-sample-001552/alpha.png",
      "depth": "court-sample-001552/depth.npy"
    },
    {
      "camera_id": "court-sample-001553",
      "request_source": "arbitrary",
      "width": 959,
      "height": 539,
      "rgb": "court-sample-001553/rgb.npy",
      "rgb_preview": "court-sample-001553/rgb.png",
      "alpha": "court-sample-001553/alpha.npy",
      "alpha_preview": "court-sample-001553/alpha.png",
      "depth": "court-sample-001553/depth.npy"
    },
    {
      "camera_id": "court-sample-001554",
      "request_source": "arbitrary",
      "width": 959,
      "height": 539,
      "rgb": "court-sample-001554/rgb.npy",
      "rgb_preview": "court-sample-001554/rgb.png",
      "alpha": "court-sample-001554/alpha.npy",
      "alpha_preview": "court-sample-001554/alpha.png",
      "depth": "court-sample-001554/depth.npy"
    },
    {
      "camera_id": "court-sample-001555",
      "request_source": "arbitrary",
      "width": 959,
      "height": 539,
      "rgb": "court-sample-001555/rgb.npy",
      "rgb_preview": "court-sample-001555/rgb.png",
      "alpha": "court-sample-001555/alpha.npy",
      "alpha_preview": "court-sample-001555/alpha.png",
      "depth": "court-sample-001555/depth.npy"
    },
    {
      "camera_id": "court-sample-001556",
      "request_source": "arbitrary",
      "width": 959,
      "height": 539,
      "rgb": "court-sample-001556/rgb.npy",
      "rgb_preview": "court-sample-001556/rgb.png",
      "alpha": "court-sample-001556/alpha.npy",
      "alpha_preview": "court-sample-001556/alpha.png",
      "depth": "court-sample-001556/depth.npy"
    },
    {
      "camera_id": "court-sample-001557",
      "request_source": "arbitrary",
      "width": 959,
      "height": 539,
      "rgb": "court-sample-001557/rgb.npy",
      "rgb_preview": "court-sample-001557/rgb.png",
      "alpha": "court-sample-001557/alpha.npy",
      "alpha_preview": "court-sample-001557/alpha.png",
      "depth": "court-sample-001557/depth.npy"
    },
    {
      "camera_id": "court-sample-001558",
      "request_source": "arbitrary",
      "width": 959,
      "height": 539,
      "rgb": "court-sample-001558/rgb.npy",
      "rgb_preview": "court-sample-001558/rgb.png",
      "alpha": "court-sample-001558/alpha.npy",
      "alpha_preview": "court-sample-001558/alpha.png",
      "depth": "court-sample-001558/depth.npy"
    },
    {
      "camera_id": "court-sample-001559",
      "request_source": "arbitrary",
      "width": 959,
      "height": 539,
      "rgb": "court-sample-001559/rgb.npy",
      "rgb_preview": "court-sample-001559/rgb.png",
      "alpha": "court-sample-001559/alpha.npy",
      "alpha_preview": "court-sample-001559/alpha.png",
      "depth": "court-sample-001559/depth.npy"
    },
    {
      "camera_id": "court-sample-001561",
      "request_source": "arbitrary",
      "width": 959,
      "height": 539,
      "rgb": "court-sample-001561/rgb.npy",
      "rgb_preview": "court-sample-001561/rgb.png",
      "alpha": "court-sample-001561/alpha.npy",
      "alpha_preview": "court-sample-001561/alpha.png",
      "depth": "court-sample-001561/depth.npy"
    },
    {
      "camera_id": "court-sample-001562",
      "request_source": "arbitrary",
      "width": 959,
      "height": 539,
      "rgb": "court-sample-001562/rgb.npy",
      "rgb_preview": "court-sample-001562/rgb.png",
      "alpha": "court-sample-001562/alpha.npy",
      "alpha_preview": "court-sample-001562/alpha.png",
      "depth": "court-sample-001562/depth.npy"
    },
    {
      "camera_id": "court-sample-001563",
      "request_source": "arbitrary",
      "width": 959,
      "height": 539,
      "rgb": "court-sample-001563/rgb.npy",
      "rgb_preview": "court-sample-001563/rgb.png",
      "alpha": "court-sample-001563/alpha.npy",
      "alpha_preview": "court-sample-001563/alpha.png",
      "depth": "court-sample-001563/depth.npy"
    },
    {
      "camera_id": "court-sample-001564",
      "request_source": "arbitrary",
      "width": 959,
      "height": 539,
      "rgb": "court-sample-001564/rgb.npy",
      "rgb_preview": "court-sample-001564/rgb.png",
      "alpha": "court-sample-001564/alpha.npy",
      "alpha_preview": "court-sample-001564/alpha.png",
      "depth": "court-sample-001564/depth.npy"
    },
    {
      "camera_id": "court-sample-001565",
      "request_source": "arbitrary",
      "width": 959,
      "height": 539,
      "rgb": "court-sample-001565/rgb.npy",
      "rgb_preview": "court-sample-001565/rgb.png",
      "alpha": "court-sample-001565/alpha.npy",
      "alpha_preview": "court-sample-001565/alpha.png",
      "depth": "court-sample-001565/depth.npy"
    },
    {
      "camera_id": "court-sample-001566",
      "request_source": "arbitrary",
      "width": 959,
      "height": 539,
      "rgb": "court-sample-001566/rgb.npy",
      "rgb_preview": "court-sample-001566/rgb.png",
      "alpha": "court-sample-001566/alpha.npy",
      "alpha_preview": "court-sample-001566/alpha.png",
      "depth": "court-sample-001566/depth.npy"
    },
    {
      "camera_id": "court-sample-001567",
      "request_source": "arbitrary",
      "width": 959,
      "height": 539,
      "rgb": "court-sample-001567/rgb.npy",
      "rgb_preview": "court-sample-001567/rgb.png",
      "alpha": "court-sample-001567/alpha.npy",
      "alpha_preview": "court-sample-001567/alpha.png",
      "depth": "court-sample-001567/depth.npy"
    },
    {
      "camera_id": "court-sample-001568",
      "request_source": "arbitrary",
      "width": 959,
      "height": 539,
      "rgb": "court-sample-001568/rgb.npy",
      "rgb_preview": "court-sample-001568/rgb.png",
      "alpha": "court-sample-001568/alpha.npy",
      "alpha_preview": "court-sample-001568/alpha.png",
      "depth": "court-sample-001568/depth.npy"
    },
    {
      "camera_id": "court-sample-001569",
      "request_source": "arbitrary",
      "width": 959,
      "height": 539,
      "rgb": "court-sample-001569/rgb.npy",
      "rgb_preview": "court-sample-001569/rgb.png",
      "alpha": "court-sample-001569/alpha.npy",
      "alpha_preview": "court-sample-001569/alpha.png",
      "depth": "court-sample-001569/depth.npy"
    },
    {
      "camera_id": "court-sample-001570",
      "request_source": "arbitrary",
      "width": 959,
      "height": 539,
      "rgb": "court-sample-001570/rgb.npy",
      "rgb_preview": "court-sample-001570/rgb.png",
      "alpha": "court-sample-001570/alpha.npy",
      "alpha_preview": "court-sample-001570/alpha.png",
      "depth": "court-sample-001570/depth.npy"
    },
    {
      "camera_id": "court-sample-001571",
      "request_source": "arbitrary",
      "width": 959,
      "height": 539,
      "rgb": "court-sample-001571/rgb.npy",
      "rgb_preview": "court-sample-001571/rgb.png",
      "alpha": "court-sample-001571/alpha.npy",
      "alpha_preview": "court-sample-001571/alpha.png",
      "depth": "court-sample-001571/depth.npy"
    },
    {
      "camera_id": "court-sample-001572",
      "request_source": "arbitrary",
      "width": 959,
      "height": 539,
      "rgb": "court-sample-001572/rgb.npy",
      "rgb_preview": "court-sample-001572/rgb.png",
      "alpha": "court-sample-001572/alpha.npy",
      "alpha_preview": "court-sample-001572/alpha.png",
      "depth": "court-sample-001572/depth.npy"
    },
    {
      "camera_id": "court-sample-001573",
      "request_source": "arbitrary",
      "width": 959,
      "height": 539,
      "rgb": "court-sample-001573/rgb.npy",
      "rgb_preview": "court-sample-001573/rgb.png",
      "alpha": "court-sample-001573/alpha.npy",
      "alpha_preview": "court-sample-001573/alpha.png",
      "depth": "court-sample-001573/depth.npy"
    },
    {
      "camera_id": "court-sample-001574",
      "request_source": "arbitrary",
      "width": 959,
      "height": 539,
      "rgb": "court-sample-001574/rgb.npy",
      "rgb_preview": "court-sample-001574/rgb.png",
      "alpha": "court-sample-001574/alpha.npy",
      "alpha_preview": "court-sample-001574/alpha.png",
      "depth": "court-sample-001574/depth.npy"
    },
    {
      "camera_id": "court-sample-001575",
      "request_source": "arbitrary",
      "width": 959,
      "height": 539,
      "rgb": "court-sample-001575/rgb.npy",
      "rgb_preview": "court-sample-001575/rgb.png",
      "alpha": "court-sample-001575/alpha.npy",
      "alpha_preview": "court-sample-001575/alpha.png",
      "depth": "court-sample-001575/depth.npy"
    },
    {
      "camera_id": "court-sample-001576",
      "request_source": "arbitrary",
      "width": 959,
      "height": 539,
      "rgb": "court-sample-001576/rgb.npy",
      "rgb_preview": "court-sample-001576/rgb.png",
      "alpha": "court-sample-001576/alpha.npy",
      "alpha_preview": "court-sample-001576/alpha.png",
      "depth": "court-sample-001576/depth.npy"
    },
    {
      "camera_id": "court-sample-001577",
      "request_source": "arbitrary",
      "width": 959,
      "height": 539,
      "rgb": "court-sample-001577/rgb.npy",
      "rgb_preview": "court-sample-001577/rgb.png",
      "alpha": "court-sample-001577/alpha.npy",
      "alpha_preview": "court-sample-001577/alpha.png",
      "depth": "court-sample-001577/depth.npy"
    },
    {
      "camera_id": "court-sample-001578",
      "request_source": "arbitrary",
      "width": 959,
      "height": 539,
      "rgb": "court-sample-001578/rgb.npy",
      "rgb_preview": "court-sample-001578/rgb.png",
      "alpha": "court-sample-001578/alpha.npy",
      "alpha_preview": "court-sample-001578/alpha.png",
      "depth": "court-sample-001578/depth.npy"
    },
    {
      "camera_id": "court-sample-001579",
      "request_source": "arbitrary",
      "width": 959,
      "height": 539,
      "rgb": "court-sample-001579/rgb.npy",
      "rgb_preview": "court-sample-001579/rgb.png",
      "alpha": "court-sample-001579/alpha.npy",
      "alpha_preview": "court-sample-001579/alpha.png",
      "depth": "court-sample-001579/depth.npy"
    },
    {
      "camera_id": "court-sample-001580",
      "request_source": "arbitrary",
      "width": 959,
      "height": 539,
      "rgb": "court-sample-001580/rgb.npy",
      "rgb_preview": "court-sample-001580/rgb.png",
      "alpha": "court-sample-001580/alpha.npy",
      "alpha_preview": "court-sample-001580/alpha.png",
      "depth": "court-sample-001580/depth.npy"
    },
    {
      "camera_id": "court-sample-001581",
      "request_source": "arbitrary",
      "width": 959,
      "height": 539,
      "rgb": "court-sample-001581/rgb.npy",
      "rgb_preview": "court-sample-001581/rgb.png",
      "alpha": "court-sample-001581/alpha.npy",
      "alpha_preview": "court-sample-001581/alpha.png",
      "depth": "court-sample-001581/depth.npy"
    },
    {
      "camera_id": "court-sample-001582",
      "request_source": "arbitrary",
      "width": 959,
      "height": 539,
      "rgb": "court-sample-001582/rgb.npy",
      "rgb_preview": "court-sample-001582/rgb.png",
      "alpha": "court-sample-001582/alpha.npy",
      "alpha_preview": "court-sample-001582/alpha.png",
      "depth": "court-sample-001582/depth.npy"
    },
    {
      "camera_id": "court-sample-001583",
      "request_source": "arbitrary",
      "width": 959,
      "height": 539,
      "rgb": "court-sample-001583/rgb.npy",
      "rgb_preview": "court-sample-001583/rgb.png",
      "alpha": "court-sample-001583/alpha.npy",
      "alpha_preview": "court-sample-001583/alpha.png",
      "depth": "court-sample-001583/depth.npy"
    },
    {
      "camera_id": "court-sample-001584",
      "request_source": "arbitrary",
      "width": 959,
      "height": 539,
      "rgb": "court-sample-001584/rgb.npy",
      "rgb_preview": "court-sample-001584/rgb.png",
      "alpha": "court-sample-001584/alpha.npy",
      "alpha_preview": "court-sample-001584/alpha.png",
      "depth": "court-sample-001584/depth.npy"
    },
    {
      "camera_id": "court-sample-001585",
      "request_source": "arbitrary",
      "width": 959,
      "height": 539,
      "rgb": "court-sample-001585/rgb.npy",
      "rgb_preview": "court-sample-001585/rgb.png",
      "alpha": "court-sample-001585/alpha.npy",
      "alpha_preview": "court-sample-001585/alpha.png",
      "depth": "court-sample-001585/depth.npy"
    },
    {
      "camera_id": "court-sample-001586",
      "request_source": "arbitrary",
      "width": 959,
      "height": 539,
      "rgb": "court-sample-001586/rgb.npy",
      "rgb_preview": "court-sample-001586/rgb.png",
      "alpha": "court-sample-001586/alpha.npy",
      "alpha_preview": "court-sample-001586/alpha.png",
      "depth": "court-sample-001586/depth.npy"
    },
    {
      "camera_id": "court-sample-001587",
      "request_source": "arbitrary",
      "width": 959,
      "height": 539,
      "rgb": "court-sample-001587/rgb.npy",
      "rgb_preview": "court-sample-001587/rgb.png",
      "alpha": "court-sample-001587/alpha.npy",
      "alpha_preview": "court-sample-001587/alpha.png",
      "depth": "court-sample-001587/depth.npy"
    },
    {
      "camera_id": "court-sample-001588",
      "request_source": "arbitrary",
      "width": 959,
      "height": 539,
      "rgb": "court-sample-001588/rgb.npy",
      "rgb_preview": "court-sample-001588/rgb.png",
      "alpha": "court-sample-001588/alpha.npy",
      "alpha_preview": "court-sample-001588/alpha.png",
      "depth": "court-sample-001588/depth.npy"
    },
    {
      "camera_id": "court-sample-001589",
      "request_source": "arbitrary",
      "width": 959,
      "height": 539,
      "rgb": "court-sample-001589/rgb.npy",
      "rgb_preview": "court-sample-001589/rgb.png",
      "alpha": "court-sample-001589/alpha.npy",
      "alpha_preview": "court-sample-001589/alpha.png",
      "depth": "court-sample-001589/depth.npy"
    },
    {
      "camera_id": "court-sample-001590",
      "request_source": "arbitrary",
      "width": 959,
      "height": 539,
      "rgb": "court-sample-001590/rgb.npy",
      "rgb_preview": "court-sample-001590/rgb.png",
      "alpha": "court-sample-001590/alpha.npy",
      "alpha_preview": "court-sample-001590/alpha.png",
      "depth": "court-sample-001590/depth.npy"
    },
    {
      "camera_id": "court-sample-001591",
      "request_source": "arbitrary",
      "width": 959,
      "height": 539,
      "rgb": "court-sample-001591/rgb.npy",
      "rgb_preview": "court-sample-001591/rgb.png",
      "alpha": "court-sample-001591/alpha.npy",
      "alpha_preview": "court-sample-001591/alpha.png",
      "depth": "court-sample-001591/depth.npy"
    },
    {
      "camera_id": "court-sample-001592",
      "request_source": "arbitrary",
      "width": 959,
      "height": 539,
      "rgb": "court-sample-001592/rgb.npy",
      "rgb_preview": "court-sample-001592/rgb.png",
      "alpha": "court-sample-001592/alpha.npy",
      "alpha_preview": "court-sample-001592/alpha.png",
      "depth": "court-sample-001592/depth.npy"
    },
    {
      "camera_id": "court-sample-001593",
      "request_source": "arbitrary",
      "width": 959,
      "height": 539,
      "rgb": "court-sample-001593/rgb.npy",
      "rgb_preview": "court-sample-001593/rgb.png",
      "alpha": "court-sample-001593/alpha.npy",
      "alpha_preview": "court-sample-001593/alpha.png",
      "depth": "court-sample-001593/depth.npy"
    },
    {
      "camera_id": "court-sample-001594",
      "request_source": "arbitrary",
      "width": 959,
      "height": 539,
      "rgb": "court-sample-001594/rgb.npy",
      "rgb_preview": "court-sample-001594/rgb.png",
      "alpha": "court-sample-001594/alpha.npy",
      "alpha_preview": "court-sample-001594/alpha.png",
      "depth": "court-sample-001594/depth.npy"
    },
    {
      "camera_id": "court-sample-001595",
      "request_source": "arbitrary",
      "width": 959,
      "height": 539,
      "rgb": "court-sample-001595/rgb.npy",
      "rgb_preview": "court-sample-001595/rgb.png",
      "alpha": "court-sample-001595/alpha.npy",
      "alpha_preview": "court-sample-001595/alpha.png",
      "depth": "court-sample-001595/depth.npy"
    },
    {
      "camera_id": "court-sample-001597",
      "request_source": "arbitrary",
      "width": 959,
      "height": 539,
      "rgb": "court-sample-001597/rgb.npy",
      "rgb_preview": "court-sample-001597/rgb.png",
      "alpha": "court-sample-001597/alpha.npy",
      "alpha_preview": "court-sample-001597/alpha.png",
      "depth": "court-sample-001597/depth.npy"
    },
    {
      "camera_id": "court-sample-001598",
      "request_source": "arbitrary",
      "width": 959,
      "height": 539,
      "rgb": "court-sample-001598/rgb.npy",
      "rgb_preview": "court-sample-001598/rgb.png",
      "alpha": "court-sample-001598/alpha.npy",
      "alpha_preview": "court-sample-001598/alpha.png",
      "depth": "court-sample-001598/depth.npy"
    },
    {
      "camera_id": "court-sample-001599",
      "request_source": "arbitrary",
      "width": 959,
      "height": 539,
      "rgb": "court-sample-001599/rgb.npy",
      "rgb_preview": "court-sample-001599/rgb.png",
      "alpha": "court-sample-001599/alpha.npy",
      "alpha_preview": "court-sample-001599/alpha.png",
      "depth": "court-sample-001599/depth.npy"
    },
    {
      "camera_id": "court-sample-001600",
      "request_source": "arbitrary",
      "width": 959,
      "height": 539,
      "rgb": "court-sample-001600/rgb.npy",
      "rgb_preview": "court-sample-001600/rgb.png",
      "alpha": "court-sample-001600/alpha.npy",
      "alpha_preview": "court-sample-001600/alpha.png",
      "depth": "court-sample-001600/depth.npy"
    },
    {
      "camera_id": "court-sample-001601",
      "request_source": "arbitrary",
      "width": 959,
      "height": 539,
      "rgb": "court-sample-001601/rgb.npy",
      "rgb_preview": "court-sample-001601/rgb.png",
      "alpha": "court-sample-001601/alpha.npy",
      "alpha_preview": "court-sample-001601/alpha.png",
      "depth": "court-sample-001601/depth.npy"
    },
    {
      "camera_id": "court-sample-001602",
      "request_source": "arbitrary",
      "width": 959,
      "height": 539,
      "rgb": "court-sample-001602/rgb.npy",
      "rgb_preview": "court-sample-001602/rgb.png",
      "alpha": "court-sample-001602/alpha.npy",
      "alpha_preview": "court-sample-001602/alpha.png",
      "depth": "court-sample-001602/depth.npy"
    },
    {
      "camera_id": "court-sample-001603",
      "request_source": "arbitrary",
      "width": 959,
      "height": 539,
      "rgb": "court-sample-001603/rgb.npy",
      "rgb_preview": "court-sample-001603/rgb.png",
      "alpha": "court-sample-001603/alpha.npy",
      "alpha_preview": "court-sample-001603/alpha.png",
      "depth": "court-sample-001603/depth.npy"
    },
    {
      "camera_id": "court-sample-001604",
      "request_source": "arbitrary",
      "width": 959,
      "height": 539,
      "rgb": "court-sample-001604/rgb.npy",
      "rgb_preview": "court-sample-001604/rgb.png",
      "alpha": "court-sample-001604/alpha.npy",
      "alpha_preview": "court-sample-001604/alpha.png",
      "depth": "court-sample-001604/depth.npy"
    },
    {
      "camera_id": "court-sample-001605",
      "request_source": "arbitrary",
      "width": 959,
      "height": 539,
      "rgb": "court-sample-001605/rgb.npy",
      "rgb_preview": "court-sample-001605/rgb.png",
      "alpha": "court-sample-001605/alpha.npy",
      "alpha_preview": "court-sample-001605/alpha.png",
      "depth": "court-sample-001605/depth.npy"
    },
    {
      "camera_id": "court-sample-001606",
      "request_source": "arbitrary",
      "width": 959,
      "height": 539,
      "rgb": "court-sample-001606/rgb.npy",
      "rgb_preview": "court-sample-001606/rgb.png",
      "alpha": "court-sample-001606/alpha.npy",
      "alpha_preview": "court-sample-001606/alpha.png",
      "depth": "court-sample-001606/depth.npy"
    },
    {
      "camera_id": "court-sample-001607",
      "request_source": "arbitrary",
      "width": 959,
      "height": 539,
      "rgb": "court-sample-001607/rgb.npy",
      "rgb_preview": "court-sample-001607/rgb.png",
      "alpha": "court-sample-001607/alpha.npy",
      "alpha_preview": "court-sample-001607/alpha.png",
      "depth": "court-sample-001607/depth.npy"
    },
    {
      "camera_id": "court-sample-001608",
      "request_source": "arbitrary",
      "width": 959,
      "height": 539,
      "rgb": "court-sample-001608/rgb.npy",
      "rgb_preview": "court-sample-001608/rgb.png",
      "alpha": "court-sample-001608/alpha.npy",
      "alpha_preview": "court-sample-001608/alpha.png",
      "depth": "court-sample-001608/depth.npy"
    },
    {
      "camera_id": "court-sample-001609",
      "request_source": "arbitrary",
      "width": 959,
      "height": 539,
      "rgb": "court-sample-001609/rgb.npy",
      "rgb_preview": "court-sample-001609/rgb.png",
      "alpha": "court-sample-001609/alpha.npy",
      "alpha_preview": "court-sample-001609/alpha.png",
      "depth": "court-sample-001609/depth.npy"
    },
    {
      "camera_id": "court-sample-001610",
      "request_source": "arbitrary",
      "width": 959,
      "height": 539,
      "rgb": "court-sample-001610/rgb.npy",
      "rgb_preview": "court-sample-001610/rgb.png",
      "alpha": "court-sample-001610/alpha.npy",
      "alpha_preview": "court-sample-001610/alpha.png",
      "depth": "court-sample-001610/depth.npy"
    },
    {
      "camera_id": "court-sample-001611",
      "request_source": "arbitrary",
      "width": 959,
      "height": 539,
      "rgb": "court-sample-001611/rgb.npy",
      "rgb_preview": "court-sample-001611/rgb.png",
      "alpha": "court-sample-001611/alpha.npy",
      "alpha_preview": "court-sample-001611/alpha.png",
      "depth": "court-sample-001611/depth.npy"
    },
    {
      "camera_id": "court-sample-001612",
      "request_source": "arbitrary",
      "width": 959,
      "height": 539,
      "rgb": "court-sample-001612/rgb.npy",
      "rgb_preview": "court-sample-001612/rgb.png",
      "alpha": "court-sample-001612/alpha.npy",
      "alpha_preview": "court-sample-001612/alpha.png",
      "depth": "court-sample-001612/depth.npy"
    },
    {
      "camera_id": "court-sample-001613",
      "request_source": "arbitrary",
      "width": 959,
      "height": 539,
      "rgb": "court-sample-001613/rgb.npy",
      "rgb_preview": "court-sample-001613/rgb.png",
      "alpha": "court-sample-001613/alpha.npy",
      "alpha_preview": "court-sample-001613/alpha.png",
      "depth": "court-sample-001613/depth.npy"
    },
    {
      "camera_id": "court-sample-001614",
      "request_source": "arbitrary",
      "width": 959,
      "height": 539,
      "rgb": "court-sample-001614/rgb.npy",
      "rgb_preview": "court-sample-001614/rgb.png",
      "alpha": "court-sample-001614/alpha.npy",
      "alpha_preview": "court-sample-001614/alpha.png",
      "depth": "court-sample-001614/depth.npy"
    },
    {
      "camera_id": "court-sample-001615",
      "request_source": "arbitrary",
      "width": 959,
      "height": 539,
      "rgb": "court-sample-001615/rgb.npy",
      "rgb_preview": "court-sample-001615/rgb.png",
      "alpha": "court-sample-001615/alpha.npy",
      "alpha_preview": "court-sample-001615/alpha.png",
      "depth": "court-sample-001615/depth.npy"
    },
    {
      "camera_id": "court-sample-001616",
      "request_source": "arbitrary",
      "width": 959,
      "height": 539,
      "rgb": "court-sample-001616/rgb.npy",
      "rgb_preview": "court-sample-001616/rgb.png",
      "alpha": "court-sample-001616/alpha.npy",
      "alpha_preview": "court-sample-001616/alpha.png",
      "depth": "court-sample-001616/depth.npy"
    },
    {
      "camera_id": "court-sample-001617",
      "request_source": "arbitrary",
      "width": 959,
      "height": 539,
      "rgb": "court-sample-001617/rgb.npy",
      "rgb_preview": "court-sample-001617/rgb.png",
      "alpha": "court-sample-001617/alpha.npy",
      "alpha_preview": "court-sample-001617/alpha.png",
      "depth": "court-sample-001617/depth.npy"
    },
    {
      "camera_id": "court-sample-001618",
      "request_source": "arbitrary",
      "width": 959,
      "height": 539,
      "rgb": "court-sample-001618/rgb.npy",
      "rgb_preview": "court-sample-001618/rgb.png",
      "alpha": "court-sample-001618/alpha.npy",
      "alpha_preview": "court-sample-001618/alpha.png",
      "depth": "court-sample-001618/depth.npy"
    },
    {
      "camera_id": "court-sample-001619",
      "request_source": "arbitrary",
      "width": 959,
      "height": 539,
      "rgb": "court-sample-001619/rgb.npy",
      "rgb_preview": "court-sample-001619/rgb.png",
      "alpha": "court-sample-001619/alpha.npy",
      "alpha_preview": "court-sample-001619/alpha.png",
      "depth": "court-sample-001619/depth.npy"
    },
    {
      "camera_id": "court-sample-001620",
      "request_source": "arbitrary",
      "width": 959,
      "height": 539,
      "rgb": "court-sample-001620/rgb.npy",
      "rgb_preview": "court-sample-001620/rgb.png",
      "alpha": "court-sample-001620/alpha.npy",
      "alpha_preview": "court-sample-001620/alpha.png",
      "depth": "court-sample-001620/depth.npy"
    },
    {
      "camera_id": "court-sample-001621",
      "request_source": "arbitrary",
      "width": 959,
      "height": 539,
      "rgb": "court-sample-001621/rgb.npy",
      "rgb_preview": "court-sample-001621/rgb.png",
      "alpha": "court-sample-001621/alpha.npy",
      "alpha_preview": "court-sample-001621/alpha.png",
      "depth": "court-sample-001621/depth.npy"
    },
    {
      "camera_id": "court-sample-001622",
      "request_source": "arbitrary",
      "width": 959,
      "height": 539,
      "rgb": "court-sample-001622/rgb.npy",
      "rgb_preview": "court-sample-001622/rgb.png",
      "alpha": "court-sample-001622/alpha.npy",
      "alpha_preview": "court-sample-001622/alpha.png",
      "depth": "court-sample-001622/depth.npy"
    },
    {
      "camera_id": "court-sample-001623",
      "request_source": "arbitrary",
      "width": 959,
      "height": 539,
      "rgb": "court-sample-001623/rgb.npy",
      "rgb_preview": "court-sample-001623/rgb.png",
      "alpha": "court-sample-001623/alpha.npy",
      "alpha_preview": "court-sample-001623/alpha.png",
      "depth": "court-sample-001623/depth.npy"
    },
    {
      "camera_id": "court-sample-001624",
      "request_source": "arbitrary",
      "width": 959,
      "height": 539,
      "rgb": "court-sample-001624/rgb.npy",
      "rgb_preview": "court-sample-001624/rgb.png",
      "alpha": "court-sample-001624/alpha.npy",
      "alpha_preview": "court-sample-001624/alpha.png",
      "depth": "court-sample-001624/depth.npy"
    },
    {
      "camera_id": "court-sample-001625",
      "request_source": "arbitrary",
      "width": 959,
      "height": 539,
      "rgb": "court-sample-001625/rgb.npy",
      "rgb_preview": "court-sample-001625/rgb.png",
      "alpha": "court-sample-001625/alpha.npy",
      "alpha_preview": "court-sample-001625/alpha.png",
      "depth": "court-sample-001625/depth.npy"
    },
    {
      "camera_id": "court-sample-001626",
      "request_source": "arbitrary",
      "width": 959,
      "height": 539,
      "rgb": "court-sample-001626/rgb.npy",
      "rgb_preview": "court-sample-001626/rgb.png",
      "alpha": "court-sample-001626/alpha.npy",
      "alpha_preview": "court-sample-001626/alpha.png",
      "depth": "court-sample-001626/depth.npy"
    },
    {
      "camera_id": "court-sample-001627",
      "request_source": "arbitrary",
      "width": 959,
      "height": 539,
      "rgb": "court-sample-001627/rgb.npy",
      "rgb_preview": "court-sample-001627/rgb.png",
      "alpha": "court-sample-001627/alpha.npy",
      "alpha_preview": "court-sample-001627/alpha.png",
      "depth": "court-sample-001627/depth.npy"
    },
    {
      "camera_id": "court-sample-001628",
      "request_source": "arbitrary",
      "width": 959,
      "height": 539,
      "rgb": "court-sample-001628/rgb.npy",
      "rgb_preview": "court-sample-001628/rgb.png",
      "alpha": "court-sample-001628/alpha.npy",
      "alpha_preview": "court-sample-001628/alpha.png",
      "depth": "court-sample-001628/depth.npy"
    },
    {
      "camera_id": "court-sample-001629",
      "request_source": "arbitrary",
      "width": 959,
      "height": 539,
      "rgb": "court-sample-001629/rgb.npy",
      "rgb_preview": "court-sample-001629/rgb.png",
      "alpha": "court-sample-001629/alpha.npy",
      "alpha_preview": "court-sample-001629/alpha.png",
      "depth": "court-sample-001629/depth.npy"
    },
    {
      "camera_id": "court-sample-001630",
      "request_source": "arbitrary",
      "width": 959,
      "height": 539,
      "rgb": "court-sample-001630/rgb.npy",
      "rgb_preview": "court-sample-001630/rgb.png",
      "alpha": "court-sample-001630/alpha.npy",
      "alpha_preview": "court-sample-001630/alpha.png",
      "depth": "court-sample-001630/depth.npy"
    }
  ]
}
  View encoding: sh, dim=9
  View encoding: sh, dim=9
  View encoding: sh, dim=9
  View encoding: sh, dim=9
  View encoding: sh, dim=9
  View encoding: sh, dim=9
  View encoding: sh, dim=9
  View encoding: sh, dim=9
  View encoding: sh, dim=9
  View encoding: sh, dim=9
  View encoding: sh, dim=9
  View encoding: sh, dim=9
  View encoding: sh, dim=9
  View encoding: sh, dim=9
  View encoding: sh, dim=9
  View encoding: sh, dim=9
  View encoding: sh, dim=9
  View encoding: sh, dim=9
  View encoding: sh, dim=9
  View encoding: sh, dim=9
  View encoding: sh, dim=9
  View encoding: sh, dim=9
  View encoding: sh, dim=9
  View encoding: sh, dim=9
  View encoding: sh, dim=9
  View encoding: sh, dim=9
  View encoding: sh, dim=9
  View encoding: sh, dim=9
  View encoding: sh, dim=9
  View encoding: sh, dim=9
  View encoding: sh, dim=9
  View encoding: sh, dim=9
  View encoding: sh, dim=9
  View encoding: sh, dim=9
  View encoding: sh, dim=9
  View encoding: sh, dim=9
  View encoding: sh, dim=9
  View encoding: sh, dim=9
  View encoding: sh, dim=9
  View encoding: sh, dim=9
  View encoding: sh, dim=9
  View encoding: sh, dim=9
  View encoding: sh, dim=9
  View encoding: sh, dim=9
  View encoding: sh, dim=9
  View encoding: sh, dim=9
  View encoding: sh, dim=9
  View encoding: sh, dim=9
  View encoding: sh, dim=9
  View encoding: sh, dim=9
  View encoding: sh, dim=9
  View encoding: sh, dim=9
  View encoding: sh, dim=9
  View encoding: sh, dim=9
  View encoding: sh, dim=9
  View encoding: sh, dim=9
  View encoding: sh, dim=9
  View encoding: sh, dim=9
  View encoding: sh, dim=9
  View encoding: sh, dim=9
  View encoding: sh, dim=9
  View encoding: sh, dim=9
  View encoding: sh, dim=9
  View encoding: sh, dim=9
  View encoding: sh, dim=9
  View encoding: sh, dim=9
  View encoding: sh, dim=9
  View encoding: sh, dim=9
  View encoding: sh, dim=9
  View encoding: sh, dim=9
  View encoding: sh, dim=9
  View encoding: sh, dim=9
  View encoding: sh, dim=9
  View encoding: sh, dim=9
  View encoding: sh, dim=9
  View encoding: sh, dim=9
  View encoding: sh, dim=9
  View encoding: sh, dim=9
  View encoding: sh, dim=9
  View encoding: sh, dim=9
  View encoding: sh, dim=9
  View encoding: sh, dim=9
  View encoding: sh, dim=9
  View encoding: sh, dim=9
  View encoding: sh, dim=9
  View encoding: sh, dim=9
  View encoding: sh, dim=9
  View encoding: sh, dim=9
  View encoding: sh, dim=9
  View encoding: sh, dim=9
  View encoding: sh, dim=9
  View encoding: sh, dim=9
  View encoding: sh, dim=9
  View encoding: sh, dim=9
  View encoding: sh, dim=9
  View encoding: sh, dim=9
  View encoding: sh, dim=9
  View encoding: sh, dim=9
  View encoding: sh, dim=9
  View encoding: sh, dim=9
  View encoding: sh, dim=9
  View encoding: sh, dim=9
  View encoding: sh, dim=9
  View encoding: sh, dim=9
  View encoding: sh, dim=9
  View encoding: sh, dim=9
  View encoding: sh, dim=9
  View encoding: sh, dim=9
  View encoding: sh, dim=9
  View encoding: sh, dim=9
  View encoding: sh, dim=9
  View encoding: sh, dim=9
  View encoding: sh, dim=9
  View encoding: sh, dim=9
  View encoding: sh, dim=9
  View encoding: sh, dim=9
  View encoding: sh, dim=9
  View encoding: sh, dim=9
  View encoding: sh, dim=9
  View encoding: sh, dim=9
  View encoding: sh, dim=9
  View encoding: sh, dim=9
  View encoding: sh, dim=9
  View encoding: sh, dim=9
  View encoding: sh, dim=9
  View encoding: sh, dim=9
  View encoding: sh, dim=9
  View encoding: sh, dim=9
  View encoding: sh, dim=9
  View encoding: sh, dim=9
  View encoding: sh, dim=9
  View encoding: sh, dim=9
  View encoding: sh, dim=9
  View encoding: sh, dim=9
  View encoding: sh, dim=9
  View encoding: sh, dim=9
  View encoding: sh, dim=9
  View encoding: sh, dim=9
  View encoding: sh, dim=9
  View encoding: sh, dim=9
  View encoding: sh, dim=9
  View encoding: sh, dim=9
  View encoding: sh, dim=9
  View encoding: sh, dim=9
  View encoding: sh, dim=9
  View encoding: sh, dim=9
  View encoding: sh, dim=9
  View encoding: sh, dim=9
  View encoding: sh, dim=9
  View encoding: sh, dim=9
  View encoding: sh, dim=9
  View encoding: sh, dim=9
  View encoding: sh, dim=9
  View encoding: sh, dim=9
  View encoding: sh, dim=9
  View encoding: sh, dim=9
  View encoding: sh, dim=9
  View encoding: sh, dim=9
  View encoding: sh, dim=9
  View encoding: sh, dim=9
  View encoding: sh, dim=9
  View encoding: sh, dim=9
  View encoding: sh, dim=9
  View encoding: sh, dim=9
  View encoding: sh, dim=9
  View encoding: sh, dim=9
  View encoding: sh, dim=9
  View encoding: sh, dim=9
  View encoding: sh, dim=9
  View encoding: sh, dim=9
  View encoding: sh, dim=9
  View encoding: sh, dim=9
  View encoding: sh, dim=9
  View encoding: sh, dim=9
  View encoding: sh, dim=9
  View encoding: sh, dim=9
  View encoding: sh, dim=9
  View encoding: sh, dim=9
  View encoding: sh, dim=9
  View encoding: sh, dim=9
  View encoding: sh, dim=9
  View encoding: sh, dim=9
  View encoding: sh, dim=9
  View encoding: sh, dim=9
  View encoding: sh, dim=9
  View encoding: sh, dim=9
  View encoding: sh, dim=9
  View encoding: sh, dim=9
  View encoding: sh, dim=9
  View encoding: sh, dim=9
  View encoding: sh, dim=9
  View encoding: sh, dim=9
  View encoding: sh, dim=9
  View encoding: sh, dim=9
  View encoding: sh, dim=9
  View encoding: sh, dim=9
  View encoding: sh, dim=9
  View encoding: sh, dim=9
  View encoding: sh, dim=9
  View encoding: sh, dim=9
  View encoding: sh, dim=9
  View encoding: sh, dim=9
  View encoding: sh, dim=9
  View encoding: sh, dim=9
  View encoding: sh, dim=9
  View encoding: sh, dim=9
  View encoding: sh, dim=9
  View encoding: sh, dim=9
  View encoding: sh, dim=9
  View encoding: sh, dim=9
  View encoding: sh, dim=9
  View encoding: sh, dim=9
  View encoding: sh, dim=9
  View encoding: sh, dim=9
  View encoding: sh, dim=9
  View encoding: sh, dim=9
  View encoding: sh, dim=9
  View encoding: sh, dim=9
  View encoding: sh, dim=9
  View encoding: sh, dim=9
  View encoding: sh, dim=9
  View encoding: sh, dim=9
  View encoding: sh, dim=9
  View encoding: sh, dim=9
  View encoding: sh, dim=9
  View encoding: sh, dim=9
  View encoding: sh, dim=9
  View encoding: sh, dim=9
  View encoding: sh, dim=9
  View encoding: sh, dim=9
  View encoding: sh, dim=9
  View encoding: sh, dim=9
  View encoding: sh, dim=9
  View encoding: sh, dim=9
  View encoding: sh, dim=9
  View encoding: sh, dim=9
  View encoding: sh, dim=9
  View encoding: sh, dim=9
  View encoding: sh, dim=9
  View encoding: sh, dim=9
  View encoding: sh, dim=9
  View encoding: sh, dim=9
  View encoding: sh, dim=9
  View encoding: sh, dim=9
  View encoding: sh, dim=9
  View encoding: sh, dim=9
  View encoding: sh, dim=9
  View encoding: sh, dim=9
  View encoding: sh, dim=9
  View encoding: sh, dim=9
  View encoding: sh, dim=9
  View encoding: sh, dim=9
  View encoding: sh, dim=9
  View encoding: sh, dim=9
  View encoding: sh, dim=9
  View encoding: sh, dim=9
  View encoding: sh, dim=9
  View encoding: sh, dim=9
  View encoding: sh, dim=9
  View encoding: sh, dim=9
  View encoding: sh, dim=9
  View encoding: sh, dim=9
  View encoding: sh, dim=9
{
  "schema": "nht_render_result_v1",
  "scene_schema": "nht_standard_scene_v1",
  "scene_id": "B02",
  "coordinate_space": "canonical NHT scene space",
  "export_validation": {
    "schema": "nht_standard_scene_v1",
    "camera_count": 157,
    "point_count": 56620,
    "checks": [
      "schema_and_conventions",
      "finite_float32_points",
      "normalized_point_colors",
      "unique_camera_and_image_ids",
      "positive_intrinsics",
      "proper_orthonormal_rotations",
      "camera_image_resolution",
      "nht_checkpoint",
      "canonical_scene_transform_inverse",
      "effective_undistorted_training_cameras",
      "stable_render_boundary",
      "contained_export_references",
      "production_renderer_envelope"
    ],
    "valid": true
  },
  "renders": [
    {
      "camera_id": "court-sample-000408",
      "request_source": "arbitrary",
      "width": 959,
      "height": 539,
      "rgb": "court-sample-000408/rgb.npy",
      "rgb_preview": "court-sample-000408/rgb.png",
      "alpha": "court-sample-000408/alpha.npy",
      "alpha_preview": "court-sample-000408/alpha.png",
      "depth": "court-sample-000408/depth.npy"
    },
    {
      "camera_id": "court-sample-000409",
      "request_source": "arbitrary",
      "width": 959,
      "height": 539,
      "rgb": "court-sample-000409/rgb.npy",
      "rgb_preview": "court-sample-000409/rgb.png",
      "alpha": "court-sample-000409/alpha.npy",
      "alpha_preview": "court-sample-000409/alpha.png",
      "depth": "court-sample-000409/depth.npy"
    },
    {
      "camera_id": "court-sample-000410",
      "request_source": "arbitrary",
      "width": 959,
      "height": 539,
      "rgb": "court-sample-000410/rgb.npy",
      "rgb_preview": "court-sample-000410/rgb.png",
      "alpha": "court-sample-000410/alpha.npy",
      "alpha_preview": "court-sample-000410/alpha.png",
      "depth": "court-sample-000410/depth.npy"
    },
    {
      "camera_id": "court-sample-000411",
      "request_source": "arbitrary",
      "width": 959,
      "height": 539,
      "rgb": "court-sample-000411/rgb.npy",
      "rgb_preview": "court-sample-000411/rgb.png",
      "alpha": "court-sample-000411/alpha.npy",
      "alpha_preview": "court-sample-000411/alpha.png",
      "depth": "court-sample-000411/depth.npy"
    },
    {
      "camera_id": "court-sample-000412",
      "request_source": "arbitrary",
      "width": 959,
      "height": 539,
      "rgb": "court-sample-000412/rgb.npy",
      "rgb_preview": "court-sample-000412/rgb.png",
      "alpha": "court-sample-000412/alpha.npy",
      "alpha_preview": "court-sample-000412/alpha.png",
      "depth": "court-sample-000412/depth.npy"
    },
    {
      "camera_id": "court-sample-000413",
      "request_source": "arbitrary",
      "width": 959,
      "height": 539,
      "rgb": "court-sample-000413/rgb.npy",
      "rgb_preview": "court-sample-000413/rgb.png",
      "alpha": "court-sample-000413/alpha.npy",
      "alpha_preview": "court-sample-000413/alpha.png",
      "depth": "court-sample-000413/depth.npy"
    },
    {
      "camera_id": "court-sample-000414",
      "request_source": "arbitrary",
      "width": 959,
      "height": 539,
      "rgb": "court-sample-000414/rgb.npy",
      "rgb_preview": "court-sample-000414/rgb.png",
      "alpha": "court-sample-000414/alpha.npy",
      "alpha_preview": "court-sample-000414/alpha.png",
      "depth": "court-sample-000414/depth.npy"
    },
    {
      "camera_id": "court-sample-000415",
      "request_source": "arbitrary",
      "width": 959,
      "height": 539,
      "rgb": "court-sample-000415/rgb.npy",
      "rgb_preview": "court-sample-000415/rgb.png",
      "alpha": "court-sample-000415/alpha.npy",
      "alpha_preview": "court-sample-000415/alpha.png",
      "depth": "court-sample-000415/depth.npy"
    },
    {
      "camera_id": "court-sample-000416",
      "request_source": "arbitrary",
      "width": 959,
      "height": 539,
      "rgb": "court-sample-000416/rgb.npy",
      "rgb_preview": "court-sample-000416/rgb.png",
      "alpha": "court-sample-000416/alpha.npy",
      "alpha_preview": "court-sample-000416/alpha.png",
      "depth": "court-sample-000416/depth.npy"
    },
    {
      "camera_id": "court-sample-000417",
      "request_source": "arbitrary",
      "width": 959,
      "height": 539,
      "rgb": "court-sample-000417/rgb.npy",
      "rgb_preview": "court-sample-000417/rgb.png",
      "alpha": "court-sample-000417/alpha.npy",
      "alpha_preview": "court-sample-000417/alpha.png",
      "depth": "court-sample-000417/depth.npy"
    },
    {
      "camera_id": "court-sample-000418",
      "request_source": "arbitrary",
      "width": 959,
      "height": 539,
      "rgb": "court-sample-000418/rgb.npy",
      "rgb_preview": "court-sample-000418/rgb.png",
      "alpha": "court-sample-000418/alpha.npy",
      "alpha_preview": "court-sample-000418/alpha.png",
      "depth": "court-sample-000418/depth.npy"
    },
    {
      "camera_id": "court-sample-000419",
      "request_source": "arbitrary",
      "width": 959,
      "height": 539,
      "rgb": "court-sample-000419/rgb.npy",
      "rgb_preview": "court-sample-000419/rgb.png",
      "alpha": "court-sample-000419/alpha.npy",
      "alpha_preview": "court-sample-000419/alpha.png",
      "depth": "court-sample-000419/depth.npy"
    },
    {
      "camera_id": "court-sample-000420",
      "request_source": "arbitrary",
      "width": 959,
      "height": 539,
      "rgb": "court-sample-000420/rgb.npy",
      "rgb_preview": "court-sample-000420/rgb.png",
      "alpha": "court-sample-000420/alpha.npy",
      "alpha_preview": "court-sample-000420/alpha.png",
      "depth": "court-sample-000420/depth.npy"
    },
    {
      "camera_id": "court-sample-000421",
      "request_source": "arbitrary",
      "width": 959,
      "height": 539,
      "rgb": "court-sample-000421/rgb.npy",
      "rgb_preview": "court-sample-000421/rgb.png",
      "alpha": "court-sample-000421/alpha.npy",
      "alpha_preview": "court-sample-000421/alpha.png",
      "depth": "court-sample-000421/depth.npy"
    },
    {
      "camera_id": "court-sample-000422",
      "request_source": "arbitrary",
      "width": 959,
      "height": 539,
      "rgb": "court-sample-000422/rgb.npy",
      "rgb_preview": "court-sample-000422/rgb.png",
      "alpha": "court-sample-000422/alpha.npy",
      "alpha_preview": "court-sample-000422/alpha.png",
      "depth": "court-sample-000422/depth.npy"
    },
    {
      "camera_id": "court-sample-000423",
      "request_source": "arbitrary",
      "width": 959,
      "height": 539,
      "rgb": "court-sample-000423/rgb.npy",
      "rgb_preview": "court-sample-000423/rgb.png",
      "alpha": "court-sample-000423/alpha.npy",
      "alpha_preview": "court-sample-000423/alpha.png",
      "depth": "court-sample-000423/depth.npy"
    },
    {
      "camera_id": "court-sample-000424",
      "request_source": "arbitrary",
      "width": 959,
      "height": 539,
      "rgb": "court-sample-000424/rgb.npy",
      "rgb_preview": "court-sample-000424/rgb.png",
      "alpha": "court-sample-000424/alpha.npy",
      "alpha_preview": "court-sample-000424/alpha.png",
      "depth": "court-sample-000424/depth.npy"
    },
    {
      "camera_id": "court-sample-000425",
      "request_source": "arbitrary",
      "width": 959,
      "height": 539,
      "rgb": "court-sample-000425/rgb.npy",
      "rgb_preview": "court-sample-000425/rgb.png",
      "alpha": "court-sample-000425/alpha.npy",
      "alpha_preview": "court-sample-000425/alpha.png",
      "depth": "court-sample-000425/depth.npy"
    },
    {
      "camera_id": "court-sample-000426",
      "request_source": "arbitrary",
      "width": 959,
      "height": 539,
      "rgb": "court-sample-000426/rgb.npy",
      "rgb_preview": "court-sample-000426/rgb.png",
      "alpha": "court-sample-000426/alpha.npy",
      "alpha_preview": "court-sample-000426/alpha.png",
      "depth": "court-sample-000426/depth.npy"
    },
    {
      "camera_id": "court-sample-000427",
      "request_source": "arbitrary",
      "width": 959,
      "height": 539,
      "rgb": "court-sample-000427/rgb.npy",
      "rgb_preview": "court-sample-000427/rgb.png",
      "alpha": "court-sample-000427/alpha.npy",
      "alpha_preview": "court-sample-000427/alpha.png",
      "depth": "court-sample-000427/depth.npy"
    },
    {
      "camera_id": "court-sample-000428",
      "request_source": "arbitrary",
      "width": 959,
      "height": 539,
      "rgb": "court-sample-000428/rgb.npy",
      "rgb_preview": "court-sample-000428/rgb.png",
      "alpha": "court-sample-000428/alpha.npy",
      "alpha_preview": "court-sample-000428/alpha.png",
      "depth": "court-sample-000428/depth.npy"
    },
    {
      "camera_id": "court-sample-000429",
      "request_source": "arbitrary",
      "width": 959,
      "height": 539,
      "rgb": "court-sample-000429/rgb.npy",
      "rgb_preview": "court-sample-000429/rgb.png",
      "alpha": "court-sample-000429/alpha.npy",
      "alpha_preview": "court-sample-000429/alpha.png",
      "depth": "court-sample-000429/depth.npy"
    },
    {
      "camera_id": "court-sample-000430",
      "request_source": "arbitrary",
      "width": 959,
      "height": 539,
      "rgb": "court-sample-000430/rgb.npy",
      "rgb_preview": "court-sample-000430/rgb.png",
      "alpha": "court-sample-000430/alpha.npy",
      "alpha_preview": "court-sample-000430/alpha.png",
      "depth": "court-sample-000430/depth.npy"
    },
    {
      "camera_id": "court-sample-000431",
      "request_source": "arbitrary",
      "width": 959,
      "height": 539,
      "rgb": "court-sample-000431/rgb.npy",
      "rgb_preview": "court-sample-000431/rgb.png",
      "alpha": "court-sample-000431/alpha.npy",
      "alpha_preview": "court-sample-000431/alpha.png",
      "depth": "court-sample-000431/depth.npy"
    },
    {
      "camera_id": "court-sample-000432",
      "request_source": "arbitrary",
      "width": 959,
      "height": 539,
      "rgb": "court-sample-000432/rgb.npy",
      "rgb_preview": "court-sample-000432/rgb.png",
      "alpha": "court-sample-000432/alpha.npy",
      "alpha_preview": "court-sample-000432/alpha.png",
      "depth": "court-sample-000432/depth.npy"
    },
    {
      "camera_id": "court-sample-000433",
      "request_source": "arbitrary",
      "width": 959,
      "height": 539,
      "rgb": "court-sample-000433/rgb.npy",
      "rgb_preview": "court-sample-000433/rgb.png",
      "alpha": "court-sample-000433/alpha.npy",
      "alpha_preview": "court-sample-000433/alpha.png",
      "depth": "court-sample-000433/depth.npy"
    },
    {
      "camera_id": "court-sample-000434",
      "request_source": "arbitrary",
      "width": 959,
      "height": 539,
      "rgb": "court-sample-000434/rgb.npy",
      "rgb_preview": "court-sample-000434/rgb.png",
      "alpha": "court-sample-000434/alpha.npy",
      "alpha_preview": "court-sample-000434/alpha.png",
      "depth": "court-sample-000434/depth.npy"
    },
    {
      "camera_id": "court-sample-000435",
      "request_source": "arbitrary",
      "width": 959,
      "height": 539,
      "rgb": "court-sample-000435/rgb.npy",
      "rgb_preview": "court-sample-000435/rgb.png",
      "alpha": "court-sample-000435/alpha.npy",
      "alpha_preview": "court-sample-000435/alpha.png",
      "depth": "court-sample-000435/depth.npy"
    },
    {
      "camera_id": "court-sample-000436",
      "request_source": "arbitrary",
      "width": 959,
      "height": 539,
      "rgb": "court-sample-000436/rgb.npy",
      "rgb_preview": "court-sample-000436/rgb.png",
      "alpha": "court-sample-000436/alpha.npy",
      "alpha_preview": "court-sample-000436/alpha.png",
      "depth": "court-sample-000436/depth.npy"
    },
    {
      "camera_id": "court-sample-000437",
      "request_source": "arbitrary",
      "width": 959,
      "height": 539,
      "rgb": "court-sample-000437/rgb.npy",
      "rgb_preview": "court-sample-000437/rgb.png",
      "alpha": "court-sample-000437/alpha.npy",
      "alpha_preview": "court-sample-000437/alpha.png",
      "depth": "court-sample-000437/depth.npy"
    },
    {
      "camera_id": "court-sample-000438",
      "request_source": "arbitrary",
      "width": 959,
      "height": 539,
      "rgb": "court-sample-000438/rgb.npy",
      "rgb_preview": "court-sample-000438/rgb.png",
      "alpha": "court-sample-000438/alpha.npy",
      "alpha_preview": "court-sample-000438/alpha.png",
      "depth": "court-sample-000438/depth.npy"
    },
    {
      "camera_id": "court-sample-000439",
      "request_source": "arbitrary",
      "width": 959,
      "height": 539,
      "rgb": "court-sample-000439/rgb.npy",
      "rgb_preview": "court-sample-000439/rgb.png",
      "alpha": "court-sample-000439/alpha.npy",
      "alpha_preview": "court-sample-000439/alpha.png",
      "depth": "court-sample-000439/depth.npy"
    },
    {
      "camera_id": "court-sample-000440",
      "request_source": "arbitrary",
      "width": 959,
      "height": 539,
      "rgb": "court-sample-000440/rgb.npy",
      "rgb_preview": "court-sample-000440/rgb.png",
      "alpha": "court-sample-000440/alpha.npy",
      "alpha_preview": "court-sample-000440/alpha.png",
      "depth": "court-sample-000440/depth.npy"
    },
    {
      "camera_id": "court-sample-000441",
      "request_source": "arbitrary",
      "width": 959,
      "height": 539,
      "rgb": "court-sample-000441/rgb.npy",
      "rgb_preview": "court-sample-000441/rgb.png",
      "alpha": "court-sample-000441/alpha.npy",
      "alpha_preview": "court-sample-000441/alpha.png",
      "depth": "court-sample-000441/depth.npy"
    },
    {
      "camera_id": "court-sample-000442",
      "request_source": "arbitrary",
      "width": 959,
      "height": 539,
      "rgb": "court-sample-000442/rgb.npy",
      "rgb_preview": "court-sample-000442/rgb.png",
      "alpha": "court-sample-000442/alpha.npy",
      "alpha_preview": "court-sample-000442/alpha.png",
      "depth": "court-sample-000442/depth.npy"
    },
    {
      "camera_id": "court-sample-000443",
      "request_source": "arbitrary",
      "width": 959,
      "height": 539,
      "rgb": "court-sample-000443/rgb.npy",
      "rgb_preview": "court-sample-000443/rgb.png",
      "alpha": "court-sample-000443/alpha.npy",
      "alpha_preview": "court-sample-000443/alpha.png",
      "depth": "court-sample-000443/depth.npy"
    },
    {
      "camera_id": "court-sample-000444",
      "request_source": "arbitrary",
      "width": 959,
      "height": 539,
      "rgb": "court-sample-000444/rgb.npy",
      "rgb_preview": "court-sample-000444/rgb.png",
      "alpha": "court-sample-000444/alpha.npy",
      "alpha_preview": "court-sample-000444/alpha.png",
      "depth": "court-sample-000444/depth.npy"
    },
    {
      "camera_id": "court-sample-000445",
      "request_source": "arbitrary",
      "width": 959,
      "height": 539,
      "rgb": "court-sample-000445/rgb.npy",
      "rgb_preview": "court-sample-000445/rgb.png",
      "alpha": "court-sample-000445/alpha.npy",
      "alpha_preview": "court-sample-000445/alpha.png",
      "depth": "court-sample-000445/depth.npy"
    },
    {
      "camera_id": "court-sample-000446",
      "request_source": "arbitrary",
      "width": 959,
      "height": 539,
      "rgb": "court-sample-000446/rgb.npy",
      "rgb_preview": "court-sample-000446/rgb.png",
      "alpha": "court-sample-000446/alpha.npy",
      "alpha_preview": "court-sample-000446/alpha.png",
      "depth": "court-sample-000446/depth.npy"
    },
    {
      "camera_id": "court-sample-000447",
      "request_source": "arbitrary",
      "width": 959,
      "height": 539,
      "rgb": "court-sample-000447/rgb.npy",
      "rgb_preview": "court-sample-000447/rgb.png",
      "alpha": "court-sample-000447/alpha.npy",
      "alpha_preview": "court-sample-000447/alpha.png",
      "depth": "court-sample-000447/depth.npy"
    },
    {
      "camera_id": "court-sample-000448",
      "request_source": "arbitrary",
      "width": 959,
      "height": 539,
      "rgb": "court-sample-000448/rgb.npy",
      "rgb_preview": "court-sample-000448/rgb.png",
      "alpha": "court-sample-000448/alpha.npy",
      "alpha_preview": "court-sample-000448/alpha.png",
      "depth": "court-sample-000448/depth.npy"
    },
    {
      "camera_id": "court-sample-000449",
      "request_source": "arbitrary",
      "width": 959,
      "height": 539,
      "rgb": "court-sample-000449/rgb.npy",
      "rgb_preview": "court-sample-000449/rgb.png",
      "alpha": "court-sample-000449/alpha.npy",
      "alpha_preview": "court-sample-000449/alpha.png",
      "depth": "court-sample-000449/depth.npy"
    },
    {
      "camera_id": "court-sample-000450",
      "request_source": "arbitrary",
      "width": 959,
      "height": 539,
      "rgb": "court-sample-000450/rgb.npy",
      "rgb_preview": "court-sample-000450/rgb.png",
      "alpha": "court-sample-000450/alpha.npy",
      "alpha_preview": "court-sample-000450/alpha.png",
      "depth": "court-sample-000450/depth.npy"
    },
    {
      "camera_id": "court-sample-000451",
      "request_source": "arbitrary",
      "width": 959,
      "height": 539,
      "rgb": "court-sample-000451/rgb.npy",
      "rgb_preview": "court-sample-000451/rgb.png",
      "alpha": "court-sample-000451/alpha.npy",
      "alpha_preview": "court-sample-000451/alpha.png",
      "depth": "court-sample-000451/depth.npy"
    },
    {
      "camera_id": "court-sample-000452",
      "request_source": "arbitrary",
      "width": 959,
      "height": 539,
      "rgb": "court-sample-000452/rgb.npy",
      "rgb_preview": "court-sample-000452/rgb.png",
      "alpha": "court-sample-000452/alpha.npy",
      "alpha_preview": "court-sample-000452/alpha.png",
      "depth": "court-sample-000452/depth.npy"
    },
    {
      "camera_id": "court-sample-000453",
      "request_source": "arbitrary",
      "width": 959,
      "height": 539,
      "rgb": "court-sample-000453/rgb.npy",
      "rgb_preview": "court-sample-000453/rgb.png",
      "alpha": "court-sample-000453/alpha.npy",
      "alpha_preview": "court-sample-000453/alpha.png",
      "depth": "court-sample-000453/depth.npy"
    },
    {
      "camera_id": "court-sample-000454",
      "request_source": "arbitrary",
      "width": 959,
      "height": 539,
      "rgb": "court-sample-000454/rgb.npy",
      "rgb_preview": "court-sample-000454/rgb.png",
      "alpha": "court-sample-000454/alpha.npy",
      "alpha_preview": "court-sample-000454/alpha.png",
      "depth": "court-sample-000454/depth.npy"
    },
    {
      "camera_id": "court-sample-000455",
      "request_source": "arbitrary",
      "width": 959,
      "height": 539,
      "rgb": "court-sample-000455/rgb.npy",
      "rgb_preview": "court-sample-000455/rgb.png",
      "alpha": "court-sample-000455/alpha.npy",
      "alpha_preview": "court-sample-000455/alpha.png",
      "depth": "court-sample-000455/depth.npy"
    },
    {
      "camera_id": "court-sample-000504",
      "request_source": "arbitrary",
      "width": 959,
      "height": 539,
      "rgb": "court-sample-000504/rgb.npy",
      "rgb_preview": "court-sample-000504/rgb.png",
      "alpha": "court-sample-000504/alpha.npy",
      "alpha_preview": "court-sample-000504/alpha.png",
      "depth": "court-sample-000504/depth.npy"
    },
    {
      "camera_id": "court-sample-000505",
      "request_source": "arbitrary",
      "width": 959,
      "height": 539,
      "rgb": "court-sample-000505/rgb.npy",
      "rgb_preview": "court-sample-000505/rgb.png",
      "alpha": "court-sample-000505/alpha.npy",
      "alpha_preview": "court-sample-000505/alpha.png",
      "depth": "court-sample-000505/depth.npy"
    },
    {
      "camera_id": "court-sample-000506",
      "request_source": "arbitrary",
      "width": 959,
      "height": 539,
      "rgb": "court-sample-000506/rgb.npy",
      "rgb_preview": "court-sample-000506/rgb.png",
      "alpha": "court-sample-000506/alpha.npy",
      "alpha_preview": "court-sample-000506/alpha.png",
      "depth": "court-sample-000506/depth.npy"
    },
    {
      "camera_id": "court-sample-000507",
      "request_source": "arbitrary",
      "width": 959,
      "height": 539,
      "rgb": "court-sample-000507/rgb.npy",
      "rgb_preview": "court-sample-000507/rgb.png",
      "alpha": "court-sample-000507/alpha.npy",
      "alpha_preview": "court-sample-000507/alpha.png",
      "depth": "court-sample-000507/depth.npy"
    },
    {
      "camera_id": "court-sample-000508",
      "request_source": "arbitrary",
      "width": 959,
      "height": 539,
      "rgb": "court-sample-000508/rgb.npy",
      "rgb_preview": "court-sample-000508/rgb.png",
      "alpha": "court-sample-000508/alpha.npy",
      "alpha_preview": "court-sample-000508/alpha.png",
      "depth": "court-sample-000508/depth.npy"
    },
    {
      "camera_id": "court-sample-000509",
      "request_source": "arbitrary",
      "width": 959,
      "height": 539,
      "rgb": "court-sample-000509/rgb.npy",
      "rgb_preview": "court-sample-000509/rgb.png",
      "alpha": "court-sample-000509/alpha.npy",
      "alpha_preview": "court-sample-000509/alpha.png",
      "depth": "court-sample-000509/depth.npy"
    },
    {
      "camera_id": "court-sample-000510",
      "request_source": "arbitrary",
      "width": 959,
      "height": 539,
      "rgb": "court-sample-000510/rgb.npy",
      "rgb_preview": "court-sample-000510/rgb.png",
      "alpha": "court-sample-000510/alpha.npy",
      "alpha_preview": "court-sample-000510/alpha.png",
      "depth": "court-sample-000510/depth.npy"
    },
    {
      "camera_id": "court-sample-000511",
      "request_source": "arbitrary",
      "width": 959,
      "height": 539,
      "rgb": "court-sample-000511/rgb.npy",
      "rgb_preview": "court-sample-000511/rgb.png",
      "alpha": "court-sample-000511/alpha.npy",
      "alpha_preview": "court-sample-000511/alpha.png",
      "depth": "court-sample-000511/depth.npy"
    },
    {
      "camera_id": "court-sample-000512",
      "request_source": "arbitrary",
      "width": 959,
      "height": 539,
      "rgb": "court-sample-000512/rgb.npy",
      "rgb_preview": "court-sample-000512/rgb.png",
      "alpha": "court-sample-000512/alpha.npy",
      "alpha_preview": "court-sample-000512/alpha.png",
      "depth": "court-sample-000512/depth.npy"
    },
    {
      "camera_id": "court-sample-000513",
      "request_source": "arbitrary",
      "width": 959,
      "height": 539,
      "rgb": "court-sample-000513/rgb.npy",
      "rgb_preview": "court-sample-000513/rgb.png",
      "alpha": "court-sample-000513/alpha.npy",
      "alpha_preview": "court-sample-000513/alpha.png",
      "depth": "court-sample-000513/depth.npy"
    },
    {
      "camera_id": "court-sample-000514",
      "request_source": "arbitrary",
      "width": 959,
      "height": 539,
      "rgb": "court-sample-000514/rgb.npy",
      "rgb_preview": "court-sample-000514/rgb.png",
      "alpha": "court-sample-000514/alpha.npy",
      "alpha_preview": "court-sample-000514/alpha.png",
      "depth": "court-sample-000514/depth.npy"
    },
    {
      "camera_id": "court-sample-000515",
      "request_source": "arbitrary",
      "width": 959,
      "height": 539,
      "rgb": "court-sample-000515/rgb.npy",
      "rgb_preview": "court-sample-000515/rgb.png",
      "alpha": "court-sample-000515/alpha.npy",
      "alpha_preview": "court-sample-000515/alpha.png",
      "depth": "court-sample-000515/depth.npy"
    },
    {
      "camera_id": "court-sample-000516",
      "request_source": "arbitrary",
      "width": 959,
      "height": 539,
      "rgb": "court-sample-000516/rgb.npy",
      "rgb_preview": "court-sample-000516/rgb.png",
      "alpha": "court-sample-000516/alpha.npy",
      "alpha_preview": "court-sample-000516/alpha.png",
      "depth": "court-sample-000516/depth.npy"
    },
    {
      "camera_id": "court-sample-000517",
      "request_source": "arbitrary",
      "width": 959,
      "height": 539,
      "rgb": "court-sample-000517/rgb.npy",
      "rgb_preview": "court-sample-000517/rgb.png",
      "alpha": "court-sample-000517/alpha.npy",
      "alpha_preview": "court-sample-000517/alpha.png",
      "depth": "court-sample-000517/depth.npy"
    },
    {
      "camera_id": "court-sample-000518",
      "request_source": "arbitrary",
      "width": 959,
      "height": 539,
      "rgb": "court-sample-000518/rgb.npy",
      "rgb_preview": "court-sample-000518/rgb.png",
      "alpha": "court-sample-000518/alpha.npy",
      "alpha_preview": "court-sample-000518/alpha.png",
      "depth": "court-sample-000518/depth.npy"
    },
    {
      "camera_id": "court-sample-000519",
      "request_source": "arbitrary",
      "width": 959,
      "height": 539,
      "rgb": "court-sample-000519/rgb.npy",
      "rgb_preview": "court-sample-000519/rgb.png",
      "alpha": "court-sample-000519/alpha.npy",
      "alpha_preview": "court-sample-000519/alpha.png",
      "depth": "court-sample-000519/depth.npy"
    },
    {
      "camera_id": "court-sample-000520",
      "request_source": "arbitrary",
      "width": 959,
      "height": 539,
      "rgb": "court-sample-000520/rgb.npy",
      "rgb_preview": "court-sample-000520/rgb.png",
      "alpha": "court-sample-000520/alpha.npy",
      "alpha_preview": "court-sample-000520/alpha.png",
      "depth": "court-sample-000520/depth.npy"
    },
    {
      "camera_id": "court-sample-000521",
      "request_source": "arbitrary",
      "width": 959,
      "height": 539,
      "rgb": "court-sample-000521/rgb.npy",
      "rgb_preview": "court-sample-000521/rgb.png",
      "alpha": "court-sample-000521/alpha.npy",
      "alpha_preview": "court-sample-000521/alpha.png",
      "depth": "court-sample-000521/depth.npy"
    },
    {
      "camera_id": "court-sample-000522",
      "request_source": "arbitrary",
      "width": 959,
      "height": 539,
      "rgb": "court-sample-000522/rgb.npy",
      "rgb_preview": "court-sample-000522/rgb.png",
      "alpha": "court-sample-000522/alpha.npy",
      "alpha_preview": "court-sample-000522/alpha.png",
      "depth": "court-sample-000522/depth.npy"
    },
    {
      "camera_id": "court-sample-000523",
      "request_source": "arbitrary",
      "width": 959,
      "height": 539,
      "rgb": "court-sample-000523/rgb.npy",
      "rgb_preview": "court-sample-000523/rgb.png",
      "alpha": "court-sample-000523/alpha.npy",
      "alpha_preview": "court-sample-000523/alpha.png",
      "depth": "court-sample-000523/depth.npy"
    },
    {
      "camera_id": "court-sample-000524",
      "request_source": "arbitrary",
      "width": 959,
      "height": 539,
      "rgb": "court-sample-000524/rgb.npy",
      "rgb_preview": "court-sample-000524/rgb.png",
      "alpha": "court-sample-000524/alpha.npy",
      "alpha_preview": "court-sample-000524/alpha.png",
      "depth": "court-sample-000524/depth.npy"
    },
    {
      "camera_id": "court-sample-000525",
      "request_source": "arbitrary",
      "width": 959,
      "height": 539,
      "rgb": "court-sample-000525/rgb.npy",
      "rgb_preview": "court-sample-000525/rgb.png",
      "alpha": "court-sample-000525/alpha.npy",
      "alpha_preview": "court-sample-000525/alpha.png",
      "depth": "court-sample-000525/depth.npy"
    },
    {
      "camera_id": "court-sample-000526",
      "request_source": "arbitrary",
      "width": 959,
      "height": 539,
      "rgb": "court-sample-000526/rgb.npy",
      "rgb_preview": "court-sample-000526/rgb.png",
      "alpha": "court-sample-000526/alpha.npy",
      "alpha_preview": "court-sample-000526/alpha.png",
      "depth": "court-sample-000526/depth.npy"
    },
    {
      "camera_id": "court-sample-000527",
      "request_source": "arbitrary",
      "width": 959,
      "height": 539,
      "rgb": "court-sample-000527/rgb.npy",
      "rgb_preview": "court-sample-000527/rgb.png",
      "alpha": "court-sample-000527/alpha.npy",
      "alpha_preview": "court-sample-000527/alpha.png",
      "depth": "court-sample-000527/depth.npy"
    },
    {
      "camera_id": "court-sample-000528",
      "request_source": "arbitrary",
      "width": 959,
      "height": 539,
      "rgb": "court-sample-000528/rgb.npy",
      "rgb_preview": "court-sample-000528/rgb.png",
      "alpha": "court-sample-000528/alpha.npy",
      "alpha_preview": "court-sample-000528/alpha.png",
      "depth": "court-sample-000528/depth.npy"
    },
    {
      "camera_id": "court-sample-000529",
      "request_source": "arbitrary",
      "width": 959,
      "height": 539,
      "rgb": "court-sample-000529/rgb.npy",
      "rgb_preview": "court-sample-000529/rgb.png",
      "alpha": "court-sample-000529/alpha.npy",
      "alpha_preview": "court-sample-000529/alpha.png",
      "depth": "court-sample-000529/depth.npy"
    },
    {
      "camera_id": "court-sample-000530",
      "request_source": "arbitrary",
      "width": 959,
      "height": 539,
      "rgb": "court-sample-000530/rgb.npy",
      "rgb_preview": "court-sample-000530/rgb.png",
      "alpha": "court-sample-000530/alpha.npy",
      "alpha_preview": "court-sample-000530/alpha.png",
      "depth": "court-sample-000530/depth.npy"
    },
    {
      "camera_id": "court-sample-000531",
      "request_source": "arbitrary",
      "width": 959,
      "height": 539,
      "rgb": "court-sample-000531/rgb.npy",
      "rgb_preview": "court-sample-000531/rgb.png",
      "alpha": "court-sample-000531/alpha.npy",
      "alpha_preview": "court-sample-000531/alpha.png",
      "depth": "court-sample-000531/depth.npy"
    },
    {
      "camera_id": "court-sample-000532",
      "request_source": "arbitrary",
      "width": 959,
      "height": 539,
      "rgb": "court-sample-000532/rgb.npy",
      "rgb_preview": "court-sample-000532/rgb.png",
      "alpha": "court-sample-000532/alpha.npy",
      "alpha_preview": "court-sample-000532/alpha.png",
      "depth": "court-sample-000532/depth.npy"
    },
    {
      "camera_id": "court-sample-000533",
      "request_source": "arbitrary",
      "width": 959,
      "height": 539,
      "rgb": "court-sample-000533/rgb.npy",
      "rgb_preview": "court-sample-000533/rgb.png",
      "alpha": "court-sample-000533/alpha.npy",
      "alpha_preview": "court-sample-000533/alpha.png",
      "depth": "court-sample-000533/depth.npy"
    },
    {
      "camera_id": "court-sample-000534",
      "request_source": "arbitrary",
      "width": 959,
      "height": 539,
      "rgb": "court-sample-000534/rgb.npy",
      "rgb_preview": "court-sample-000534/rgb.png",
      "alpha": "court-sample-000534/alpha.npy",
      "alpha_preview": "court-sample-000534/alpha.png",
      "depth": "court-sample-000534/depth.npy"
    },
    {
      "camera_id": "court-sample-000535",
      "request_source": "arbitrary",
      "width": 959,
      "height": 539,
      "rgb": "court-sample-000535/rgb.npy",
      "rgb_preview": "court-sample-000535/rgb.png",
      "alpha": "court-sample-000535/alpha.npy",
      "alpha_preview": "court-sample-000535/alpha.png",
      "depth": "court-sample-000535/depth.npy"
    },
    {
      "camera_id": "court-sample-000536",
      "request_source": "arbitrary",
      "width": 959,
      "height": 539,
      "rgb": "court-sample-000536/rgb.npy",
      "rgb_preview": "court-sample-000536/rgb.png",
      "alpha": "court-sample-000536/alpha.npy",
      "alpha_preview": "court-sample-000536/alpha.png",
      "depth": "court-sample-000536/depth.npy"
    },
    {
      "camera_id": "court-sample-000537",
      "request_source": "arbitrary",
      "width": 959,
      "height": 539,
      "rgb": "court-sample-000537/rgb.npy",
      "rgb_preview": "court-sample-000537/rgb.png",
      "alpha": "court-sample-000537/alpha.npy",
      "alpha_preview": "court-sample-000537/alpha.png",
      "depth": "court-sample-000537/depth.npy"
    },
    {
      "camera_id": "court-sample-000538",
      "request_source": "arbitrary",
      "width": 959,
      "height": 539,
      "rgb": "court-sample-000538/rgb.npy",
      "rgb_preview": "court-sample-000538/rgb.png",
      "alpha": "court-sample-000538/alpha.npy",
      "alpha_preview": "court-sample-000538/alpha.png",
      "depth": "court-sample-000538/depth.npy"
    },
    {
      "camera_id": "court-sample-000539",
      "request_source": "arbitrary",
      "width": 959,
      "height": 539,
      "rgb": "court-sample-000539/rgb.npy",
      "rgb_preview": "court-sample-000539/rgb.png",
      "alpha": "court-sample-000539/alpha.npy",
      "alpha_preview": "court-sample-000539/alpha.png",
      "depth": "court-sample-000539/depth.npy"
    },
    {
      "camera_id": "court-sample-000540",
      "request_source": "arbitrary",
      "width": 959,
      "height": 539,
      "rgb": "court-sample-000540/rgb.npy",
      "rgb_preview": "court-sample-000540/rgb.png",
      "alpha": "court-sample-000540/alpha.npy",
      "alpha_preview": "court-sample-000540/alpha.png",
      "depth": "court-sample-000540/depth.npy"
    },
    {
      "camera_id": "court-sample-000541",
      "request_source": "arbitrary",
      "width": 959,
      "height": 539,
      "rgb": "court-sample-000541/rgb.npy",
      "rgb_preview": "court-sample-000541/rgb.png",
      "alpha": "court-sample-000541/alpha.npy",
      "alpha_preview": "court-sample-000541/alpha.png",
      "depth": "court-sample-000541/depth.npy"
    },
    {
      "camera_id": "court-sample-000542",
      "request_source": "arbitrary",
      "width": 959,
      "height": 539,
      "rgb": "court-sample-000542/rgb.npy",
      "rgb_preview": "court-sample-000542/rgb.png",
      "alpha": "court-sample-000542/alpha.npy",
      "alpha_preview": "court-sample-000542/alpha.png",
      "depth": "court-sample-000542/depth.npy"
    },
    {
      "camera_id": "court-sample-000543",
      "request_source": "arbitrary",
      "width": 959,
      "height": 539,
      "rgb": "court-sample-000543/rgb.npy",
      "rgb_preview": "court-sample-000543/rgb.png",
      "alpha": "court-sample-000543/alpha.npy",
      "alpha_preview": "court-sample-000543/alpha.png",
      "depth": "court-sample-000543/depth.npy"
    },
    {
      "camera_id": "court-sample-001104",
      "request_source": "arbitrary",
      "width": 959,
      "height": 539,
      "rgb": "court-sample-001104/rgb.npy",
      "rgb_preview": "court-sample-001104/rgb.png",
      "alpha": "court-sample-001104/alpha.npy",
      "alpha_preview": "court-sample-001104/alpha.png",
      "depth": "court-sample-001104/depth.npy"
    },
    {
      "camera_id": "court-sample-001105",
      "request_source": "arbitrary",
      "width": 959,
      "height": 539,
      "rgb": "court-sample-001105/rgb.npy",
      "rgb_preview": "court-sample-001105/rgb.png",
      "alpha": "court-sample-001105/alpha.npy",
      "alpha_preview": "court-sample-001105/alpha.png",
      "depth": "court-sample-001105/depth.npy"
    },
    {
      "camera_id": "court-sample-001106",
      "request_source": "arbitrary",
      "width": 959,
      "height": 539,
      "rgb": "court-sample-001106/rgb.npy",
      "rgb_preview": "court-sample-001106/rgb.png",
      "alpha": "court-sample-001106/alpha.npy",
      "alpha_preview": "court-sample-001106/alpha.png",
      "depth": "court-sample-001106/depth.npy"
    },
    {
      "camera_id": "court-sample-001107",
      "request_source": "arbitrary",
      "width": 959,
      "height": 539,
      "rgb": "court-sample-001107/rgb.npy",
      "rgb_preview": "court-sample-001107/rgb.png",
      "alpha": "court-sample-001107/alpha.npy",
      "alpha_preview": "court-sample-001107/alpha.png",
      "depth": "court-sample-001107/depth.npy"
    },
    {
      "camera_id": "court-sample-001108",
      "request_source": "arbitrary",
      "width": 959,
      "height": 539,
      "rgb": "court-sample-001108/rgb.npy",
      "rgb_preview": "court-sample-001108/rgb.png",
      "alpha": "court-sample-001108/alpha.npy",
      "alpha_preview": "court-sample-001108/alpha.png",
      "depth": "court-sample-001108/depth.npy"
    },
    {
      "camera_id": "court-sample-001109",
      "request_source": "arbitrary",
      "width": 959,
      "height": 539,
      "rgb": "court-sample-001109/rgb.npy",
      "rgb_preview": "court-sample-001109/rgb.png",
      "alpha": "court-sample-001109/alpha.npy",
      "alpha_preview": "court-sample-001109/alpha.png",
      "depth": "court-sample-001109/depth.npy"
    },
    {
      "camera_id": "court-sample-001110",
      "request_source": "arbitrary",
      "width": 959,
      "height": 539,
      "rgb": "court-sample-001110/rgb.npy",
      "rgb_preview": "court-sample-001110/rgb.png",
      "alpha": "court-sample-001110/alpha.npy",
      "alpha_preview": "court-sample-001110/alpha.png",
      "depth": "court-sample-001110/depth.npy"
    },
    {
      "camera_id": "court-sample-001111",
      "request_source": "arbitrary",
      "width": 959,
      "height": 539,
      "rgb": "court-sample-001111/rgb.npy",
      "rgb_preview": "court-sample-001111/rgb.png",
      "alpha": "court-sample-001111/alpha.npy",
      "alpha_preview": "court-sample-001111/alpha.png",
      "depth": "court-sample-001111/depth.npy"
    },
    {
      "camera_id": "court-sample-001112",
      "request_source": "arbitrary",
      "width": 959,
      "height": 539,
      "rgb": "court-sample-001112/rgb.npy",
      "rgb_preview": "court-sample-001112/rgb.png",
      "alpha": "court-sample-001112/alpha.npy",
      "alpha_preview": "court-sample-001112/alpha.png",
      "depth": "court-sample-001112/depth.npy"
    },
    {
      "camera_id": "court-sample-001113",
      "request_source": "arbitrary",
      "width": 959,
      "height": 539,
      "rgb": "court-sample-001113/rgb.npy",
      "rgb_preview": "court-sample-001113/rgb.png",
      "alpha": "court-sample-001113/alpha.npy",
      "alpha_preview": "court-sample-001113/alpha.png",
      "depth": "court-sample-001113/depth.npy"
    },
    {
      "camera_id": "court-sample-001114",
      "request_source": "arbitrary",
      "width": 959,
      "height": 539,
      "rgb": "court-sample-001114/rgb.npy",
      "rgb_preview": "court-sample-001114/rgb.png",
      "alpha": "court-sample-001114/alpha.npy",
      "alpha_preview": "court-sample-001114/alpha.png",
      "depth": "court-sample-001114/depth.npy"
    },
    {
      "camera_id": "court-sample-001115",
      "request_source": "arbitrary",
      "width": 959,
      "height": 539,
      "rgb": "court-sample-001115/rgb.npy",
      "rgb_preview": "court-sample-001115/rgb.png",
      "alpha": "court-sample-001115/alpha.npy",
      "alpha_preview": "court-sample-001115/alpha.png",
      "depth": "court-sample-001115/depth.npy"
    },
    {
      "camera_id": "court-sample-001116",
      "request_source": "arbitrary",
      "width": 959,
      "height": 539,
      "rgb": "court-sample-001116/rgb.npy",
      "rgb_preview": "court-sample-001116/rgb.png",
      "alpha": "court-sample-001116/alpha.npy",
      "alpha_preview": "court-sample-001116/alpha.png",
      "depth": "court-sample-001116/depth.npy"
    },
    {
      "camera_id": "court-sample-001117",
      "request_source": "arbitrary",
      "width": 959,
      "height": 539,
      "rgb": "court-sample-001117/rgb.npy",
      "rgb_preview": "court-sample-001117/rgb.png",
      "alpha": "court-sample-001117/alpha.npy",
      "alpha_preview": "court-sample-001117/alpha.png",
      "depth": "court-sample-001117/depth.npy"
    },
    {
      "camera_id": "court-sample-001118",
      "request_source": "arbitrary",
      "width": 959,
      "height": 539,
      "rgb": "court-sample-001118/rgb.npy",
      "rgb_preview": "court-sample-001118/rgb.png",
      "alpha": "court-sample-001118/alpha.npy",
      "alpha_preview": "court-sample-001118/alpha.png",
      "depth": "court-sample-001118/depth.npy"
    },
    {
      "camera_id": "court-sample-001119",
      "request_source": "arbitrary",
      "width": 959,
      "height": 539,
      "rgb": "court-sample-001119/rgb.npy",
      "rgb_preview": "court-sample-001119/rgb.png",
      "alpha": "court-sample-001119/alpha.npy",
      "alpha_preview": "court-sample-001119/alpha.png",
      "depth": "court-sample-001119/depth.npy"
    },
    {
      "camera_id": "court-sample-001120",
      "request_source": "arbitrary",
      "width": 959,
      "height": 539,
      "rgb": "court-sample-001120/rgb.npy",
      "rgb_preview": "court-sample-001120/rgb.png",
      "alpha": "court-sample-001120/alpha.npy",
      "alpha_preview": "court-sample-001120/alpha.png",
      "depth": "court-sample-001120/depth.npy"
    },
    {
      "camera_id": "court-sample-001121",
      "request_source": "arbitrary",
      "width": 959,
      "height": 539,
      "rgb": "court-sample-001121/rgb.npy",
      "rgb_preview": "court-sample-001121/rgb.png",
      "alpha": "court-sample-001121/alpha.npy",
      "alpha_preview": "court-sample-001121/alpha.png",
      "depth": "court-sample-001121/depth.npy"
    },
    {
      "camera_id": "court-sample-001122",
      "request_source": "arbitrary",
      "width": 959,
      "height": 539,
      "rgb": "court-sample-001122/rgb.npy",
      "rgb_preview": "court-sample-001122/rgb.png",
      "alpha": "court-sample-001122/alpha.npy",
      "alpha_preview": "court-sample-001122/alpha.png",
      "depth": "court-sample-001122/depth.npy"
    },
    {
      "camera_id": "court-sample-001123",
      "request_source": "arbitrary",
      "width": 959,
      "height": 539,
      "rgb": "court-sample-001123/rgb.npy",
      "rgb_preview": "court-sample-001123/rgb.png",
      "alpha": "court-sample-001123/alpha.npy",
      "alpha_preview": "court-sample-001123/alpha.png",
      "depth": "court-sample-001123/depth.npy"
    },
    {
      "camera_id": "court-sample-001124",
      "request_source": "arbitrary",
      "width": 959,
      "height": 539,
      "rgb": "court-sample-001124/rgb.npy",
      "rgb_preview": "court-sample-001124/rgb.png",
      "alpha": "court-sample-001124/alpha.npy",
      "alpha_preview": "court-sample-001124/alpha.png",
      "depth": "court-sample-001124/depth.npy"
    },
    {
      "camera_id": "court-sample-001125",
      "request_source": "arbitrary",
      "width": 959,
      "height": 539,
      "rgb": "court-sample-001125/rgb.npy",
      "rgb_preview": "court-sample-001125/rgb.png",
      "alpha": "court-sample-001125/alpha.npy",
      "alpha_preview": "court-sample-001125/alpha.png",
      "depth": "court-sample-001125/depth.npy"
    },
    {
      "camera_id": "court-sample-001126",
      "request_source": "arbitrary",
      "width": 959,
      "height": 539,
      "rgb": "court-sample-001126/rgb.npy",
      "rgb_preview": "court-sample-001126/rgb.png",
      "alpha": "court-sample-001126/alpha.npy",
      "alpha_preview": "court-sample-001126/alpha.png",
      "depth": "court-sample-001126/depth.npy"
    },
    {
      "camera_id": "court-sample-001127",
      "request_source": "arbitrary",
      "width": 959,
      "height": 539,
      "rgb": "court-sample-001127/rgb.npy",
      "rgb_preview": "court-sample-001127/rgb.png",
      "alpha": "court-sample-001127/alpha.npy",
      "alpha_preview": "court-sample-001127/alpha.png",
      "depth": "court-sample-001127/depth.npy"
    },
    {
      "camera_id": "court-sample-001128",
      "request_source": "arbitrary",
      "width": 959,
      "height": 539,
      "rgb": "court-sample-001128/rgb.npy",
      "rgb_preview": "court-sample-001128/rgb.png",
      "alpha": "court-sample-001128/alpha.npy",
      "alpha_preview": "court-sample-001128/alpha.png",
      "depth": "court-sample-001128/depth.npy"
    },
    {
      "camera_id": "court-sample-001129",
      "request_source": "arbitrary",
      "width": 959,
      "height": 539,
      "rgb": "court-sample-001129/rgb.npy",
      "rgb_preview": "court-sample-001129/rgb.png",
      "alpha": "court-sample-001129/alpha.npy",
      "alpha_preview": "court-sample-001129/alpha.png",
      "depth": "court-sample-001129/depth.npy"
    },
    {
      "camera_id": "court-sample-001130",
      "request_source": "arbitrary",
      "width": 959,
      "height": 539,
      "rgb": "court-sample-001130/rgb.npy",
      "rgb_preview": "court-sample-001130/rgb.png",
      "alpha": "court-sample-001130/alpha.npy",
      "alpha_preview": "court-sample-001130/alpha.png",
      "depth": "court-sample-001130/depth.npy"
    },
    {
      "camera_id": "court-sample-001131",
      "request_source": "arbitrary",
      "width": 959,
      "height": 539,
      "rgb": "court-sample-001131/rgb.npy",
      "rgb_preview": "court-sample-001131/rgb.png",
      "alpha": "court-sample-001131/alpha.npy",
      "alpha_preview": "court-sample-001131/alpha.png",
      "depth": "court-sample-001131/depth.npy"
    },
    {
      "camera_id": "court-sample-001132",
      "request_source": "arbitrary",
      "width": 959,
      "height": 539,
      "rgb": "court-sample-001132/rgb.npy",
      "rgb_preview": "court-sample-001132/rgb.png",
      "alpha": "court-sample-001132/alpha.npy",
      "alpha_preview": "court-sample-001132/alpha.png",
      "depth": "court-sample-001132/depth.npy"
    },
    {
      "camera_id": "court-sample-001133",
      "request_source": "arbitrary",
      "width": 959,
      "height": 539,
      "rgb": "court-sample-001133/rgb.npy",
      "rgb_preview": "court-sample-001133/rgb.png",
      "alpha": "court-sample-001133/alpha.npy",
      "alpha_preview": "court-sample-001133/alpha.png",
      "depth": "court-sample-001133/depth.npy"
    },
    {
      "camera_id": "court-sample-001134",
      "request_source": "arbitrary",
      "width": 959,
      "height": 539,
      "rgb": "court-sample-001134/rgb.npy",
      "rgb_preview": "court-sample-001134/rgb.png",
      "alpha": "court-sample-001134/alpha.npy",
      "alpha_preview": "court-sample-001134/alpha.png",
      "depth": "court-sample-001134/depth.npy"
    },
    {
      "camera_id": "court-sample-001135",
      "request_source": "arbitrary",
      "width": 959,
      "height": 539,
      "rgb": "court-sample-001135/rgb.npy",
      "rgb_preview": "court-sample-001135/rgb.png",
      "alpha": "court-sample-001135/alpha.npy",
      "alpha_preview": "court-sample-001135/alpha.png",
      "depth": "court-sample-001135/depth.npy"
    },
    {
      "camera_id": "court-sample-001136",
      "request_source": "arbitrary",
      "width": 959,
      "height": 539,
      "rgb": "court-sample-001136/rgb.npy",
      "rgb_preview": "court-sample-001136/rgb.png",
      "alpha": "court-sample-001136/alpha.npy",
      "alpha_preview": "court-sample-001136/alpha.png",
      "depth": "court-sample-001136/depth.npy"
    },
    {
      "camera_id": "court-sample-001137",
      "request_source": "arbitrary",
      "width": 959,
      "height": 539,
      "rgb": "court-sample-001137/rgb.npy",
      "rgb_preview": "court-sample-001137/rgb.png",
      "alpha": "court-sample-001137/alpha.npy",
      "alpha_preview": "court-sample-001137/alpha.png",
      "depth": "court-sample-001137/depth.npy"
    },
    {
      "camera_id": "court-sample-001138",
      "request_source": "arbitrary",
      "width": 959,
      "height": 539,
      "rgb": "court-sample-001138/rgb.npy",
      "rgb_preview": "court-sample-001138/rgb.png",
      "alpha": "court-sample-001138/alpha.npy",
      "alpha_preview": "court-sample-001138/alpha.png",
      "depth": "court-sample-001138/depth.npy"
    },
    {
      "camera_id": "court-sample-001139",
      "request_source": "arbitrary",
      "width": 959,
      "height": 539,
      "rgb": "court-sample-001139/rgb.npy",
      "rgb_preview": "court-sample-001139/rgb.png",
      "alpha": "court-sample-001139/alpha.npy",
      "alpha_preview": "court-sample-001139/alpha.png",
      "depth": "court-sample-001139/depth.npy"
    },
    {
      "camera_id": "court-sample-001140",
      "request_source": "arbitrary",
      "width": 959,
      "height": 539,
      "rgb": "court-sample-001140/rgb.npy",
      "rgb_preview": "court-sample-001140/rgb.png",
      "alpha": "court-sample-001140/alpha.npy",
      "alpha_preview": "court-sample-001140/alpha.png",
      "depth": "court-sample-001140/depth.npy"
    },
    {
      "camera_id": "court-sample-001141",
      "request_source": "arbitrary",
      "width": 959,
      "height": 539,
      "rgb": "court-sample-001141/rgb.npy",
      "rgb_preview": "court-sample-001141/rgb.png",
      "alpha": "court-sample-001141/alpha.npy",
      "alpha_preview": "court-sample-001141/alpha.png",
      "depth": "court-sample-001141/depth.npy"
    },
    {
      "camera_id": "court-sample-001142",
      "request_source": "arbitrary",
      "width": 959,
      "height": 539,
      "rgb": "court-sample-001142/rgb.npy",
      "rgb_preview": "court-sample-001142/rgb.png",
      "alpha": "court-sample-001142/alpha.npy",
      "alpha_preview": "court-sample-001142/alpha.png",
      "depth": "court-sample-001142/depth.npy"
    },
    {
      "camera_id": "court-sample-001143",
      "request_source": "arbitrary",
      "width": 959,
      "height": 539,
      "rgb": "court-sample-001143/rgb.npy",
      "rgb_preview": "court-sample-001143/rgb.png",
      "alpha": "court-sample-001143/alpha.npy",
      "alpha_preview": "court-sample-001143/alpha.png",
      "depth": "court-sample-001143/depth.npy"
    },
    {
      "camera_id": "court-sample-001144",
      "request_source": "arbitrary",
      "width": 959,
      "height": 539,
      "rgb": "court-sample-001144/rgb.npy",
      "rgb_preview": "court-sample-001144/rgb.png",
      "alpha": "court-sample-001144/alpha.npy",
      "alpha_preview": "court-sample-001144/alpha.png",
      "depth": "court-sample-001144/depth.npy"
    },
    {
      "camera_id": "court-sample-001145",
      "request_source": "arbitrary",
      "width": 959,
      "height": 539,
      "rgb": "court-sample-001145/rgb.npy",
      "rgb_preview": "court-sample-001145/rgb.png",
      "alpha": "court-sample-001145/alpha.npy",
      "alpha_preview": "court-sample-001145/alpha.png",
      "depth": "court-sample-001145/depth.npy"
    },
    {
      "camera_id": "court-sample-001146",
      "request_source": "arbitrary",
      "width": 959,
      "height": 539,
      "rgb": "court-sample-001146/rgb.npy",
      "rgb_preview": "court-sample-001146/rgb.png",
      "alpha": "court-sample-001146/alpha.npy",
      "alpha_preview": "court-sample-001146/alpha.png",
      "depth": "court-sample-001146/depth.npy"
    },
    {
      "camera_id": "court-sample-001147",
      "request_source": "arbitrary",
      "width": 959,
      "height": 539,
      "rgb": "court-sample-001147/rgb.npy",
      "rgb_preview": "court-sample-001147/rgb.png",
      "alpha": "court-sample-001147/alpha.npy",
      "alpha_preview": "court-sample-001147/alpha.png",
      "depth": "court-sample-001147/depth.npy"
    },
    {
      "camera_id": "court-sample-001148",
      "request_source": "arbitrary",
      "width": 959,
      "height": 539,
      "rgb": "court-sample-001148/rgb.npy",
      "rgb_preview": "court-sample-001148/rgb.png",
      "alpha": "court-sample-001148/alpha.npy",
      "alpha_preview": "court-sample-001148/alpha.png",
      "depth": "court-sample-001148/depth.npy"
    },
    {
      "camera_id": "court-sample-001149",
      "request_source": "arbitrary",
      "width": 959,
      "height": 539,
      "rgb": "court-sample-001149/rgb.npy",
      "rgb_preview": "court-sample-001149/rgb.png",
      "alpha": "court-sample-001149/alpha.npy",
      "alpha_preview": "court-sample-001149/alpha.png",
      "depth": "court-sample-001149/depth.npy"
    },
    {
      "camera_id": "court-sample-001150",
      "request_source": "arbitrary",
      "width": 959,
      "height": 539,
      "rgb": "court-sample-001150/rgb.npy",
      "rgb_preview": "court-sample-001150/rgb.png",
      "alpha": "court-sample-001150/alpha.npy",
      "alpha_preview": "court-sample-001150/alpha.png",
      "depth": "court-sample-001150/depth.npy"
    },
    {
      "camera_id": "court-sample-001151",
      "request_source": "arbitrary",
      "width": 959,
      "height": 539,
      "rgb": "court-sample-001151/rgb.npy",
      "rgb_preview": "court-sample-001151/rgb.png",
      "alpha": "court-sample-001151/alpha.npy",
      "alpha_preview": "court-sample-001151/alpha.png",
      "depth": "court-sample-001151/depth.npy"
    },
    {
      "camera_id": "court-sample-001152",
      "request_source": "arbitrary",
      "width": 959,
      "height": 539,
      "rgb": "court-sample-001152/rgb.npy",
      "rgb_preview": "court-sample-001152/rgb.png",
      "alpha": "court-sample-001152/alpha.npy",
      "alpha_preview": "court-sample-001152/alpha.png",
      "depth": "court-sample-001152/depth.npy"
    },
    {
      "camera_id": "court-sample-001153",
      "request_source": "arbitrary",
      "width": 959,
      "height": 539,
      "rgb": "court-sample-001153/rgb.npy",
      "rgb_preview": "court-sample-001153/rgb.png",
      "alpha": "court-sample-001153/alpha.npy",
      "alpha_preview": "court-sample-001153/alpha.png",
      "depth": "court-sample-001153/depth.npy"
    },
    {
      "camera_id": "court-sample-001154",
      "request_source": "arbitrary",
      "width": 959,
      "height": 539,
      "rgb": "court-sample-001154/rgb.npy",
      "rgb_preview": "court-sample-001154/rgb.png",
      "alpha": "court-sample-001154/alpha.npy",
      "alpha_preview": "court-sample-001154/alpha.png",
      "depth": "court-sample-001154/depth.npy"
    },
    {
      "camera_id": "court-sample-001155",
      "request_source": "arbitrary",
      "width": 959,
      "height": 539,
      "rgb": "court-sample-001155/rgb.npy",
      "rgb_preview": "court-sample-001155/rgb.png",
      "alpha": "court-sample-001155/alpha.npy",
      "alpha_preview": "court-sample-001155/alpha.png",
      "depth": "court-sample-001155/depth.npy"
    },
    {
      "camera_id": "court-sample-001156",
      "request_source": "arbitrary",
      "width": 959,
      "height": 539,
      "rgb": "court-sample-001156/rgb.npy",
      "rgb_preview": "court-sample-001156/rgb.png",
      "alpha": "court-sample-001156/alpha.npy",
      "alpha_preview": "court-sample-001156/alpha.png",
      "depth": "court-sample-001156/depth.npy"
    },
    {
      "camera_id": "court-sample-001157",
      "request_source": "arbitrary",
      "width": 959,
      "height": 539,
      "rgb": "court-sample-001157/rgb.npy",
      "rgb_preview": "court-sample-001157/rgb.png",
      "alpha": "court-sample-001157/alpha.npy",
      "alpha_preview": "court-sample-001157/alpha.png",
      "depth": "court-sample-001157/depth.npy"
    },
    {
      "camera_id": "court-sample-001158",
      "request_source": "arbitrary",
      "width": 959,
      "height": 539,
      "rgb": "court-sample-001158/rgb.npy",
      "rgb_preview": "court-sample-001158/rgb.png",
      "alpha": "court-sample-001158/alpha.npy",
      "alpha_preview": "court-sample-001158/alpha.png",
      "depth": "court-sample-001158/depth.npy"
    },
    {
      "camera_id": "court-sample-001159",
      "request_source": "arbitrary",
      "width": 959,
      "height": 539,
      "rgb": "court-sample-001159/rgb.npy",
      "rgb_preview": "court-sample-001159/rgb.png",
      "alpha": "court-sample-001159/alpha.npy",
      "alpha_preview": "court-sample-001159/alpha.png",
      "depth": "court-sample-001159/depth.npy"
    },
    {
      "camera_id": "court-sample-001160",
      "request_source": "arbitrary",
      "width": 959,
      "height": 539,
      "rgb": "court-sample-001160/rgb.npy",
      "rgb_preview": "court-sample-001160/rgb.png",
      "alpha": "court-sample-001160/alpha.npy",
      "alpha_preview": "court-sample-001160/alpha.png",
      "depth": "court-sample-001160/depth.npy"
    },
    {
      "camera_id": "court-sample-001161",
      "request_source": "arbitrary",
      "width": 959,
      "height": 539,
      "rgb": "court-sample-001161/rgb.npy",
      "rgb_preview": "court-sample-001161/rgb.png",
      "alpha": "court-sample-001161/alpha.npy",
      "alpha_preview": "court-sample-001161/alpha.png",
      "depth": "court-sample-001161/depth.npy"
    },
    {
      "camera_id": "court-sample-001162",
      "request_source": "arbitrary",
      "width": 959,
      "height": 539,
      "rgb": "court-sample-001162/rgb.npy",
      "rgb_preview": "court-sample-001162/rgb.png",
      "alpha": "court-sample-001162/alpha.npy",
      "alpha_preview": "court-sample-001162/alpha.png",
      "depth": "court-sample-001162/depth.npy"
    },
    {
      "camera_id": "court-sample-001163",
      "request_source": "arbitrary",
      "width": 959,
      "height": 539,
      "rgb": "court-sample-001163/rgb.npy",
      "rgb_preview": "court-sample-001163/rgb.png",
      "alpha": "court-sample-001163/alpha.npy",
      "alpha_preview": "court-sample-001163/alpha.png",
      "depth": "court-sample-001163/depth.npy"
    },
    {
      "camera_id": "court-sample-001164",
      "request_source": "arbitrary",
      "width": 959,
      "height": 539,
      "rgb": "court-sample-001164/rgb.npy",
      "rgb_preview": "court-sample-001164/rgb.png",
      "alpha": "court-sample-001164/alpha.npy",
      "alpha_preview": "court-sample-001164/alpha.png",
      "depth": "court-sample-001164/depth.npy"
    },
    {
      "camera_id": "court-sample-001165",
      "request_source": "arbitrary",
      "width": 959,
      "height": 539,
      "rgb": "court-sample-001165/rgb.npy",
      "rgb_preview": "court-sample-001165/rgb.png",
      "alpha": "court-sample-001165/alpha.npy",
      "alpha_preview": "court-sample-001165/alpha.png",
      "depth": "court-sample-001165/depth.npy"
    },
    {
      "camera_id": "court-sample-001166",
      "request_source": "arbitrary",
      "width": 959,
      "height": 539,
      "rgb": "court-sample-001166/rgb.npy",
      "rgb_preview": "court-sample-001166/rgb.png",
      "alpha": "court-sample-001166/alpha.npy",
      "alpha_preview": "court-sample-001166/alpha.png",
      "depth": "court-sample-001166/depth.npy"
    },
    {
      "camera_id": "court-sample-001167",
      "request_source": "arbitrary",
      "width": 959,
      "height": 539,
      "rgb": "court-sample-001167/rgb.npy",
      "rgb_preview": "court-sample-001167/rgb.png",
      "alpha": "court-sample-001167/alpha.npy",
      "alpha_preview": "court-sample-001167/alpha.png",
      "depth": "court-sample-001167/depth.npy"
    },
    {
      "camera_id": "court-sample-001168",
      "request_source": "arbitrary",
      "width": 959,
      "height": 539,
      "rgb": "court-sample-001168/rgb.npy",
      "rgb_preview": "court-sample-001168/rgb.png",
      "alpha": "court-sample-001168/alpha.npy",
      "alpha_preview": "court-sample-001168/alpha.png",
      "depth": "court-sample-001168/depth.npy"
    },
    {
      "camera_id": "court-sample-001169",
      "request_source": "arbitrary",
      "width": 959,
      "height": 539,
      "rgb": "court-sample-001169/rgb.npy",
      "rgb_preview": "court-sample-001169/rgb.png",
      "alpha": "court-sample-001169/alpha.npy",
      "alpha_preview": "court-sample-001169/alpha.png",
      "depth": "court-sample-001169/depth.npy"
    },
    {
      "camera_id": "court-sample-001170",
      "request_source": "arbitrary",
      "width": 959,
      "height": 539,
      "rgb": "court-sample-001170/rgb.npy",
      "rgb_preview": "court-sample-001170/rgb.png",
      "alpha": "court-sample-001170/alpha.npy",
      "alpha_preview": "court-sample-001170/alpha.png",
      "depth": "court-sample-001170/depth.npy"
    },
    {
      "camera_id": "court-sample-001171",
      "request_source": "arbitrary",
      "width": 959,
      "height": 539,
      "rgb": "court-sample-001171/rgb.npy",
      "rgb_preview": "court-sample-001171/rgb.png",
      "alpha": "court-sample-001171/alpha.npy",
      "alpha_preview": "court-sample-001171/alpha.png",
      "depth": "court-sample-001171/depth.npy"
    },
    {
      "camera_id": "court-sample-001172",
      "request_source": "arbitrary",
      "width": 959,
      "height": 539,
      "rgb": "court-sample-001172/rgb.npy",
      "rgb_preview": "court-sample-001172/rgb.png",
      "alpha": "court-sample-001172/alpha.npy",
      "alpha_preview": "court-sample-001172/alpha.png",
      "depth": "court-sample-001172/depth.npy"
    },
    {
      "camera_id": "court-sample-001173",
      "request_source": "arbitrary",
      "width": 959,
      "height": 539,
      "rgb": "court-sample-001173/rgb.npy",
      "rgb_preview": "court-sample-001173/rgb.png",
      "alpha": "court-sample-001173/alpha.npy",
      "alpha_preview": "court-sample-001173/alpha.png",
      "depth": "court-sample-001173/depth.npy"
    },
    {
      "camera_id": "court-sample-001174",
      "request_source": "arbitrary",
      "width": 959,
      "height": 539,
      "rgb": "court-sample-001174/rgb.npy",
      "rgb_preview": "court-sample-001174/rgb.png",
      "alpha": "court-sample-001174/alpha.npy",
      "alpha_preview": "court-sample-001174/alpha.png",
      "depth": "court-sample-001174/depth.npy"
    },
    {
      "camera_id": "court-sample-001175",
      "request_source": "arbitrary",
      "width": 959,
      "height": 539,
      "rgb": "court-sample-001175/rgb.npy",
      "rgb_preview": "court-sample-001175/rgb.png",
      "alpha": "court-sample-001175/alpha.npy",
      "alpha_preview": "court-sample-001175/alpha.png",
      "depth": "court-sample-001175/depth.npy"
    },
    {
      "camera_id": "court-sample-001176",
      "request_source": "arbitrary",
      "width": 959,
      "height": 539,
      "rgb": "court-sample-001176/rgb.npy",
      "rgb_preview": "court-sample-001176/rgb.png",
      "alpha": "court-sample-001176/alpha.npy",
      "alpha_preview": "court-sample-001176/alpha.png",
      "depth": "court-sample-001176/depth.npy"
    },
    {
      "camera_id": "court-sample-001177",
      "request_source": "arbitrary",
      "width": 959,
      "height": 539,
      "rgb": "court-sample-001177/rgb.npy",
      "rgb_preview": "court-sample-001177/rgb.png",
      "alpha": "court-sample-001177/alpha.npy",
      "alpha_preview": "court-sample-001177/alpha.png",
      "depth": "court-sample-001177/depth.npy"
    },
    {
      "camera_id": "court-sample-001178",
      "request_source": "arbitrary",
      "width": 959,
      "height": 539,
      "rgb": "court-sample-001178/rgb.npy",
      "rgb_preview": "court-sample-001178/rgb.png",
      "alpha": "court-sample-001178/alpha.npy",
      "alpha_preview": "court-sample-001178/alpha.png",
      "depth": "court-sample-001178/depth.npy"
    },
    {
      "camera_id": "court-sample-001179",
      "request_source": "arbitrary",
      "width": 959,
      "height": 539,
      "rgb": "court-sample-001179/rgb.npy",
      "rgb_preview": "court-sample-001179/rgb.png",
      "alpha": "court-sample-001179/alpha.npy",
      "alpha_preview": "court-sample-001179/alpha.png",
      "depth": "court-sample-001179/depth.npy"
    },
    {
      "camera_id": "court-sample-001180",
      "request_source": "arbitrary",
      "width": 959,
      "height": 539,
      "rgb": "court-sample-001180/rgb.npy",
      "rgb_preview": "court-sample-001180/rgb.png",
      "alpha": "court-sample-001180/alpha.npy",
      "alpha_preview": "court-sample-001180/alpha.png",
      "depth": "court-sample-001180/depth.npy"
    },
    {
      "camera_id": "court-sample-001181",
      "request_source": "arbitrary",
      "width": 959,
      "height": 539,
      "rgb": "court-sample-001181/rgb.npy",
      "rgb_preview": "court-sample-001181/rgb.png",
      "alpha": "court-sample-001181/alpha.npy",
      "alpha_preview": "court-sample-001181/alpha.png",
      "depth": "court-sample-001181/depth.npy"
    },
    {
      "camera_id": "court-sample-001182",
      "request_source": "arbitrary",
      "width": 959,
      "height": 539,
      "rgb": "court-sample-001182/rgb.npy",
      "rgb_preview": "court-sample-001182/rgb.png",
      "alpha": "court-sample-001182/alpha.npy",
      "alpha_preview": "court-sample-001182/alpha.png",
      "depth": "court-sample-001182/depth.npy"
    },
    {
      "camera_id": "court-sample-001183",
      "request_source": "arbitrary",
      "width": 959,
      "height": 539,
      "rgb": "court-sample-001183/rgb.npy",
      "rgb_preview": "court-sample-001183/rgb.png",
      "alpha": "court-sample-001183/alpha.npy",
      "alpha_preview": "court-sample-001183/alpha.png",
      "depth": "court-sample-001183/depth.npy"
    },
    {
      "camera_id": "court-sample-001184",
      "request_source": "arbitrary",
      "width": 959,
      "height": 539,
      "rgb": "court-sample-001184/rgb.npy",
      "rgb_preview": "court-sample-001184/rgb.png",
      "alpha": "court-sample-001184/alpha.npy",
      "alpha_preview": "court-sample-001184/alpha.png",
      "depth": "court-sample-001184/depth.npy"
    },
    {
      "camera_id": "court-sample-001185",
      "request_source": "arbitrary",
      "width": 959,
      "height": 539,
      "rgb": "court-sample-001185/rgb.npy",
      "rgb_preview": "court-sample-001185/rgb.png",
      "alpha": "court-sample-001185/alpha.npy",
      "alpha_preview": "court-sample-001185/alpha.png",
      "depth": "court-sample-001185/depth.npy"
    },
    {
      "camera_id": "court-sample-001186",
      "request_source": "arbitrary",
      "width": 959,
      "height": 539,
      "rgb": "court-sample-001186/rgb.npy",
      "rgb_preview": "court-sample-001186/rgb.png",
      "alpha": "court-sample-001186/alpha.npy",
      "alpha_preview": "court-sample-001186/alpha.png",
      "depth": "court-sample-001186/depth.npy"
    },
    {
      "camera_id": "court-sample-001187",
      "request_source": "arbitrary",
      "width": 959,
      "height": 539,
      "rgb": "court-sample-001187/rgb.npy",
      "rgb_preview": "court-sample-001187/rgb.png",
      "alpha": "court-sample-001187/alpha.npy",
      "alpha_preview": "court-sample-001187/alpha.png",
      "depth": "court-sample-001187/depth.npy"
    },
    {
      "camera_id": "court-sample-001188",
      "request_source": "arbitrary",
      "width": 959,
      "height": 539,
      "rgb": "court-sample-001188/rgb.npy",
      "rgb_preview": "court-sample-001188/rgb.png",
      "alpha": "court-sample-001188/alpha.npy",
      "alpha_preview": "court-sample-001188/alpha.png",
      "depth": "court-sample-001188/depth.npy"
    },
    {
      "camera_id": "court-sample-001189",
      "request_source": "arbitrary",
      "width": 959,
      "height": 539,
      "rgb": "court-sample-001189/rgb.npy",
      "rgb_preview": "court-sample-001189/rgb.png",
      "alpha": "court-sample-001189/alpha.npy",
      "alpha_preview": "court-sample-001189/alpha.png",
      "depth": "court-sample-001189/depth.npy"
    },
    {
      "camera_id": "court-sample-001190",
      "request_source": "arbitrary",
      "width": 959,
      "height": 539,
      "rgb": "court-sample-001190/rgb.npy",
      "rgb_preview": "court-sample-001190/rgb.png",
      "alpha": "court-sample-001190/alpha.npy",
      "alpha_preview": "court-sample-001190/alpha.png",
      "depth": "court-sample-001190/depth.npy"
    },
    {
      "camera_id": "court-sample-001191",
      "request_source": "arbitrary",
      "width": 959,
      "height": 539,
      "rgb": "court-sample-001191/rgb.npy",
      "rgb_preview": "court-sample-001191/rgb.png",
      "alpha": "court-sample-001191/alpha.npy",
      "alpha_preview": "court-sample-001191/alpha.png",
      "depth": "court-sample-001191/depth.npy"
    },
    {
      "camera_id": "court-sample-001896",
      "request_source": "arbitrary",
      "width": 959,
      "height": 539,
      "rgb": "court-sample-001896/rgb.npy",
      "rgb_preview": "court-sample-001896/rgb.png",
      "alpha": "court-sample-001896/alpha.npy",
      "alpha_preview": "court-sample-001896/alpha.png",
      "depth": "court-sample-001896/depth.npy"
    },
    {
      "camera_id": "court-sample-001897",
      "request_source": "arbitrary",
      "width": 959,
      "height": 539,
      "rgb": "court-sample-001897/rgb.npy",
      "rgb_preview": "court-sample-001897/rgb.png",
      "alpha": "court-sample-001897/alpha.npy",
      "alpha_preview": "court-sample-001897/alpha.png",
      "depth": "court-sample-001897/depth.npy"
    },
    {
      "camera_id": "court-sample-001898",
      "request_source": "arbitrary",
      "width": 959,
      "height": 539,
      "rgb": "court-sample-001898/rgb.npy",
      "rgb_preview": "court-sample-001898/rgb.png",
      "alpha": "court-sample-001898/alpha.npy",
      "alpha_preview": "court-sample-001898/alpha.png",
      "depth": "court-sample-001898/depth.npy"
    },
    {
      "camera_id": "court-sample-001899",
      "request_source": "arbitrary",
      "width": 959,
      "height": 539,
      "rgb": "court-sample-001899/rgb.npy",
      "rgb_preview": "court-sample-001899/rgb.png",
      "alpha": "court-sample-001899/alpha.npy",
      "alpha_preview": "court-sample-001899/alpha.png",
      "depth": "court-sample-001899/depth.npy"
    },
    {
      "camera_id": "court-sample-001900",
      "request_source": "arbitrary",
      "width": 959,
      "height": 539,
      "rgb": "court-sample-001900/rgb.npy",
      "rgb_preview": "court-sample-001900/rgb.png",
      "alpha": "court-sample-001900/alpha.npy",
      "alpha_preview": "court-sample-001900/alpha.png",
      "depth": "court-sample-001900/depth.npy"
    },
    {
      "camera_id": "court-sample-001901",
      "request_source": "arbitrary",
      "width": 959,
      "height": 539,
      "rgb": "court-sample-001901/rgb.npy",
      "rgb_preview": "court-sample-001901/rgb.png",
      "alpha": "court-sample-001901/alpha.npy",
      "alpha_preview": "court-sample-001901/alpha.png",
      "depth": "court-sample-001901/depth.npy"
    },
    {
      "camera_id": "court-sample-001902",
      "request_source": "arbitrary",
      "width": 959,
      "height": 539,
      "rgb": "court-sample-001902/rgb.npy",
      "rgb_preview": "court-sample-001902/rgb.png",
      "alpha": "court-sample-001902/alpha.npy",
      "alpha_preview": "court-sample-001902/alpha.png",
      "depth": "court-sample-001902/depth.npy"
    },
    {
      "camera_id": "court-sample-001903",
      "request_source": "arbitrary",
      "width": 959,
      "height": 539,
      "rgb": "court-sample-001903/rgb.npy",
      "rgb_preview": "court-sample-001903/rgb.png",
      "alpha": "court-sample-001903/alpha.npy",
      "alpha_preview": "court-sample-001903/alpha.png",
      "depth": "court-sample-001903/depth.npy"
    },
    {
      "camera_id": "court-sample-001904",
      "request_source": "arbitrary",
      "width": 959,
      "height": 539,
      "rgb": "court-sample-001904/rgb.npy",
      "rgb_preview": "court-sample-001904/rgb.png",
      "alpha": "court-sample-001904/alpha.npy",
      "alpha_preview": "court-sample-001904/alpha.png",
      "depth": "court-sample-001904/depth.npy"
    },
    {
      "camera_id": "court-sample-001913",
      "request_source": "arbitrary",
      "width": 959,
      "height": 539,
      "rgb": "court-sample-001913/rgb.npy",
      "rgb_preview": "court-sample-001913/rgb.png",
      "alpha": "court-sample-001913/alpha.npy",
      "alpha_preview": "court-sample-001913/alpha.png",
      "depth": "court-sample-001913/depth.npy"
    },
    {
      "camera_id": "court-sample-001914",
      "request_source": "arbitrary",
      "width": 959,
      "height": 539,
      "rgb": "court-sample-001914/rgb.npy",
      "rgb_preview": "court-sample-001914/rgb.png",
      "alpha": "court-sample-001914/alpha.npy",
      "alpha_preview": "court-sample-001914/alpha.png",
      "depth": "court-sample-001914/depth.npy"
    },
    {
      "camera_id": "court-sample-001915",
      "request_source": "arbitrary",
      "width": 959,
      "height": 539,
      "rgb": "court-sample-001915/rgb.npy",
      "rgb_preview": "court-sample-001915/rgb.png",
      "alpha": "court-sample-001915/alpha.npy",
      "alpha_preview": "court-sample-001915/alpha.png",
      "depth": "court-sample-001915/depth.npy"
    },
    {
      "camera_id": "court-sample-001916",
      "request_source": "arbitrary",
      "width": 959,
      "height": 539,
      "rgb": "court-sample-001916/rgb.npy",
      "rgb_preview": "court-sample-001916/rgb.png",
      "alpha": "court-sample-001916/alpha.npy",
      "alpha_preview": "court-sample-001916/alpha.png",
      "depth": "court-sample-001916/depth.npy"
    },
    {
      "camera_id": "court-sample-001917",
      "request_source": "arbitrary",
      "width": 959,
      "height": 539,
      "rgb": "court-sample-001917/rgb.npy",
      "rgb_preview": "court-sample-001917/rgb.png",
      "alpha": "court-sample-001917/alpha.npy",
      "alpha_preview": "court-sample-001917/alpha.png",
      "depth": "court-sample-001917/depth.npy"
    },
    {
      "camera_id": "court-sample-001918",
      "request_source": "arbitrary",
      "width": 959,
      "height": 539,
      "rgb": "court-sample-001918/rgb.npy",
      "rgb_preview": "court-sample-001918/rgb.png",
      "alpha": "court-sample-001918/alpha.npy",
      "alpha_preview": "court-sample-001918/alpha.png",
      "depth": "court-sample-001918/depth.npy"
    },
    {
      "camera_id": "court-sample-001919",
      "request_source": "arbitrary",
      "width": 959,
      "height": 539,
      "rgb": "court-sample-001919/rgb.npy",
      "rgb_preview": "court-sample-001919/rgb.png",
      "alpha": "court-sample-001919/alpha.npy",
      "alpha_preview": "court-sample-001919/alpha.png",
      "depth": "court-sample-001919/depth.npy"
    },
    {
      "camera_id": "court-sample-001920",
      "request_source": "arbitrary",
      "width": 959,
      "height": 539,
      "rgb": "court-sample-001920/rgb.npy",
      "rgb_preview": "court-sample-001920/rgb.png",
      "alpha": "court-sample-001920/alpha.npy",
      "alpha_preview": "court-sample-001920/alpha.png",
      "depth": "court-sample-001920/depth.npy"
    },
    {
      "camera_id": "court-sample-001921",
      "request_source": "arbitrary",
      "width": 959,
      "height": 539,
      "rgb": "court-sample-001921/rgb.npy",
      "rgb_preview": "court-sample-001921/rgb.png",
      "alpha": "court-sample-001921/alpha.npy",
      "alpha_preview": "court-sample-001921/alpha.png",
      "depth": "court-sample-001921/depth.npy"
    },
    {
      "camera_id": "court-sample-001922",
      "request_source": "arbitrary",
      "width": 959,
      "height": 539,
      "rgb": "court-sample-001922/rgb.npy",
      "rgb_preview": "court-sample-001922/rgb.png",
      "alpha": "court-sample-001922/alpha.npy",
      "alpha_preview": "court-sample-001922/alpha.png",
      "depth": "court-sample-001922/depth.npy"
    },
    {
      "camera_id": "court-sample-001923",
      "request_source": "arbitrary",
      "width": 959,
      "height": 539,
      "rgb": "court-sample-001923/rgb.npy",
      "rgb_preview": "court-sample-001923/rgb.png",
      "alpha": "court-sample-001923/alpha.npy",
      "alpha_preview": "court-sample-001923/alpha.png",
      "depth": "court-sample-001923/depth.npy"
    },
    {
      "camera_id": "court-sample-001924",
      "request_source": "arbitrary",
      "width": 959,
      "height": 539,
      "rgb": "court-sample-001924/rgb.npy",
      "rgb_preview": "court-sample-001924/rgb.png",
      "alpha": "court-sample-001924/alpha.npy",
      "alpha_preview": "court-sample-001924/alpha.png",
      "depth": "court-sample-001924/depth.npy"
    },
    {
      "camera_id": "court-sample-001927",
      "request_source": "arbitrary",
      "width": 959,
      "height": 539,
      "rgb": "court-sample-001927/rgb.npy",
      "rgb_preview": "court-sample-001927/rgb.png",
      "alpha": "court-sample-001927/alpha.npy",
      "alpha_preview": "court-sample-001927/alpha.png",
      "depth": "court-sample-001927/depth.npy"
    },
    {
      "camera_id": "court-sample-001933",
      "request_source": "arbitrary",
      "width": 959,
      "height": 539,
      "rgb": "court-sample-001933/rgb.npy",
      "rgb_preview": "court-sample-001933/rgb.png",
      "alpha": "court-sample-001933/alpha.npy",
      "alpha_preview": "court-sample-001933/alpha.png",
      "depth": "court-sample-001933/depth.npy"
    },
    {
      "camera_id": "court-sample-001934",
      "request_source": "arbitrary",
      "width": 959,
      "height": 539,
      "rgb": "court-sample-001934/rgb.npy",
      "rgb_preview": "court-sample-001934/rgb.png",
      "alpha": "court-sample-001934/alpha.npy",
      "alpha_preview": "court-sample-001934/alpha.png",
      "depth": "court-sample-001934/depth.npy"
    },
    {
      "camera_id": "court-sample-001935",
      "request_source": "arbitrary",
      "width": 959,
      "height": 539,
      "rgb": "court-sample-001935/rgb.npy",
      "rgb_preview": "court-sample-001935/rgb.png",
      "alpha": "court-sample-001935/alpha.npy",
      "alpha_preview": "court-sample-001935/alpha.png",
      "depth": "court-sample-001935/depth.npy"
    },
    {
      "camera_id": "court-sample-002169",
      "request_source": "arbitrary",
      "width": 959,
      "height": 539,
      "rgb": "court-sample-002169/rgb.npy",
      "rgb_preview": "court-sample-002169/rgb.png",
      "alpha": "court-sample-002169/alpha.npy",
      "alpha_preview": "court-sample-002169/alpha.png",
      "depth": "court-sample-002169/depth.npy"
    },
    {
      "camera_id": "court-sample-002170",
      "request_source": "arbitrary",
      "width": 959,
      "height": 539,
      "rgb": "court-sample-002170/rgb.npy",
      "rgb_preview": "court-sample-002170/rgb.png",
      "alpha": "court-sample-002170/alpha.npy",
      "alpha_preview": "court-sample-002170/alpha.png",
      "depth": "court-sample-002170/depth.npy"
    },
    {
      "camera_id": "court-sample-002171",
      "request_source": "arbitrary",
      "width": 959,
      "height": 539,
      "rgb": "court-sample-002171/rgb.npy",
      "rgb_preview": "court-sample-002171/rgb.png",
      "alpha": "court-sample-002171/alpha.npy",
      "alpha_preview": "court-sample-002171/alpha.png",
      "depth": "court-sample-002171/depth.npy"
    },
    {
      "camera_id": "court-sample-002172",
      "request_source": "arbitrary",
      "width": 959,
      "height": 539,
      "rgb": "court-sample-002172/rgb.npy",
      "rgb_preview": "court-sample-002172/rgb.png",
      "alpha": "court-sample-002172/alpha.npy",
      "alpha_preview": "court-sample-002172/alpha.png",
      "depth": "court-sample-002172/depth.npy"
    },
    {
      "camera_id": "court-sample-002173",
      "request_source": "arbitrary",
      "width": 959,
      "height": 539,
      "rgb": "court-sample-002173/rgb.npy",
      "rgb_preview": "court-sample-002173/rgb.png",
      "alpha": "court-sample-002173/alpha.npy",
      "alpha_preview": "court-sample-002173/alpha.png",
      "depth": "court-sample-002173/depth.npy"
    },
    {
      "camera_id": "court-sample-002174",
      "request_source": "arbitrary",
      "width": 959,
      "height": 539,
      "rgb": "court-sample-002174/rgb.npy",
      "rgb_preview": "court-sample-002174/rgb.png",
      "alpha": "court-sample-002174/alpha.npy",
      "alpha_preview": "court-sample-002174/alpha.png",
      "depth": "court-sample-002174/depth.npy"
    },
    {
      "camera_id": "court-sample-002175",
      "request_source": "arbitrary",
      "width": 959,
      "height": 539,
      "rgb": "court-sample-002175/rgb.npy",
      "rgb_preview": "court-sample-002175/rgb.png",
      "alpha": "court-sample-002175/alpha.npy",
      "alpha_preview": "court-sample-002175/alpha.png",
      "depth": "court-sample-002175/depth.npy"
    },
    {
      "camera_id": "court-sample-002176",
      "request_source": "arbitrary",
      "width": 959,
      "height": 539,
      "rgb": "court-sample-002176/rgb.npy",
      "rgb_preview": "court-sample-002176/rgb.png",
      "alpha": "court-sample-002176/alpha.npy",
      "alpha_preview": "court-sample-002176/alpha.png",
      "depth": "court-sample-002176/depth.npy"
    },
    {
      "camera_id": "court-sample-002177",
      "request_source": "arbitrary",
      "width": 959,
      "height": 539,
      "rgb": "court-sample-002177/rgb.npy",
      "rgb_preview": "court-sample-002177/rgb.png",
      "alpha": "court-sample-002177/alpha.npy",
      "alpha_preview": "court-sample-002177/alpha.png",
      "depth": "court-sample-002177/depth.npy"
    },
    {
      "camera_id": "court-sample-002178",
      "request_source": "arbitrary",
      "width": 959,
      "height": 539,
      "rgb": "court-sample-002178/rgb.npy",
      "rgb_preview": "court-sample-002178/rgb.png",
      "alpha": "court-sample-002178/alpha.npy",
      "alpha_preview": "court-sample-002178/alpha.png",
      "depth": "court-sample-002178/depth.npy"
    },
    {
      "camera_id": "court-sample-002179",
      "request_source": "arbitrary",
      "width": 959,
      "height": 539,
      "rgb": "court-sample-002179/rgb.npy",
      "rgb_preview": "court-sample-002179/rgb.png",
      "alpha": "court-sample-002179/alpha.npy",
      "alpha_preview": "court-sample-002179/alpha.png",
      "depth": "court-sample-002179/depth.npy"
    },
    {
      "camera_id": "court-sample-002180",
      "request_source": "arbitrary",
      "width": 959,
      "height": 539,
      "rgb": "court-sample-002180/rgb.npy",
      "rgb_preview": "court-sample-002180/rgb.png",
      "alpha": "court-sample-002180/alpha.npy",
      "alpha_preview": "court-sample-002180/alpha.png",
      "depth": "court-sample-002180/depth.npy"
    },
    {
      "camera_id": "court-sample-002181",
      "request_source": "arbitrary",
      "width": 959,
      "height": 539,
      "rgb": "court-sample-002181/rgb.npy",
      "rgb_preview": "court-sample-002181/rgb.png",
      "alpha": "court-sample-002181/alpha.npy",
      "alpha_preview": "court-sample-002181/alpha.png",
      "depth": "court-sample-002181/depth.npy"
    },
    {
      "camera_id": "court-sample-002182",
      "request_source": "arbitrary",
      "width": 959,
      "height": 539,
      "rgb": "court-sample-002182/rgb.npy",
      "rgb_preview": "court-sample-002182/rgb.png",
      "alpha": "court-sample-002182/alpha.npy",
      "alpha_preview": "court-sample-002182/alpha.png",
      "depth": "court-sample-002182/depth.npy"
    },
    {
      "camera_id": "court-sample-002183",
      "request_source": "arbitrary",
      "width": 959,
      "height": 539,
      "rgb": "court-sample-002183/rgb.npy",
      "rgb_preview": "court-sample-002183/rgb.png",
      "alpha": "court-sample-002183/alpha.npy",
      "alpha_preview": "court-sample-002183/alpha.png",
      "depth": "court-sample-002183/depth.npy"
    },
    {
      "camera_id": "court-sample-002184",
      "request_source": "arbitrary",
      "width": 959,
      "height": 539,
      "rgb": "court-sample-002184/rgb.npy",
      "rgb_preview": "court-sample-002184/rgb.png",
      "alpha": "court-sample-002184/alpha.npy",
      "alpha_preview": "court-sample-002184/alpha.png",
      "depth": "court-sample-002184/depth.npy"
    },
    {
      "camera_id": "court-sample-002185",
      "request_source": "arbitrary",
      "width": 959,
      "height": 539,
      "rgb": "court-sample-002185/rgb.npy",
      "rgb_preview": "court-sample-002185/rgb.png",
      "alpha": "court-sample-002185/alpha.npy",
      "alpha_preview": "court-sample-002185/alpha.png",
      "depth": "court-sample-002185/depth.npy"
    },
    {
      "camera_id": "court-sample-002186",
      "request_source": "arbitrary",
      "width": 959,
      "height": 539,
      "rgb": "court-sample-002186/rgb.npy",
      "rgb_preview": "court-sample-002186/rgb.png",
      "alpha": "court-sample-002186/alpha.npy",
      "alpha_preview": "court-sample-002186/alpha.png",
      "depth": "court-sample-002186/depth.npy"
    },
    {
      "camera_id": "court-sample-002187",
      "request_source": "arbitrary",
      "width": 959,
      "height": 539,
      "rgb": "court-sample-002187/rgb.npy",
      "rgb_preview": "court-sample-002187/rgb.png",
      "alpha": "court-sample-002187/alpha.npy",
      "alpha_preview": "court-sample-002187/alpha.png",
      "depth": "court-sample-002187/depth.npy"
    },
    {
      "camera_id": "court-sample-002188",
      "request_source": "arbitrary",
      "width": 959,
      "height": 539,
      "rgb": "court-sample-002188/rgb.npy",
      "rgb_preview": "court-sample-002188/rgb.png",
      "alpha": "court-sample-002188/alpha.npy",
      "alpha_preview": "court-sample-002188/alpha.png",
      "depth": "court-sample-002188/depth.npy"
    },
    {
      "camera_id": "court-sample-002189",
      "request_source": "arbitrary",
      "width": 959,
      "height": 539,
      "rgb": "court-sample-002189/rgb.npy",
      "rgb_preview": "court-sample-002189/rgb.png",
      "alpha": "court-sample-002189/alpha.npy",
      "alpha_preview": "court-sample-002189/alpha.png",
      "depth": "court-sample-002189/depth.npy"
    },
    {
      "camera_id": "court-sample-002190",
      "request_source": "arbitrary",
      "width": 959,
      "height": 539,
      "rgb": "court-sample-002190/rgb.npy",
      "rgb_preview": "court-sample-002190/rgb.png",
      "alpha": "court-sample-002190/alpha.npy",
      "alpha_preview": "court-sample-002190/alpha.png",
      "depth": "court-sample-002190/depth.npy"
    },
    {
      "camera_id": "court-sample-002191",
      "request_source": "arbitrary",
      "width": 959,
      "height": 539,
      "rgb": "court-sample-002191/rgb.npy",
      "rgb_preview": "court-sample-002191/rgb.png",
      "alpha": "court-sample-002191/alpha.npy",
      "alpha_preview": "court-sample-002191/alpha.png",
      "depth": "court-sample-002191/depth.npy"
    },
    {
      "camera_id": "court-sample-002192",
      "request_source": "arbitrary",
      "width": 959,
      "height": 539,
      "rgb": "court-sample-002192/rgb.npy",
      "rgb_preview": "court-sample-002192/rgb.png",
      "alpha": "court-sample-002192/alpha.npy",
      "alpha_preview": "court-sample-002192/alpha.png",
      "depth": "court-sample-002192/depth.npy"
    },
    {
      "camera_id": "court-sample-002193",
      "request_source": "arbitrary",
      "width": 959,
      "height": 539,
      "rgb": "court-sample-002193/rgb.npy",
      "rgb_preview": "court-sample-002193/rgb.png",
      "alpha": "court-sample-002193/alpha.npy",
      "alpha_preview": "court-sample-002193/alpha.png",
      "depth": "court-sample-002193/depth.npy"
    },
    {
      "camera_id": "court-sample-002194",
      "request_source": "arbitrary",
      "width": 959,
      "height": 539,
      "rgb": "court-sample-002194/rgb.npy",
      "rgb_preview": "court-sample-002194/rgb.png",
      "alpha": "court-sample-002194/alpha.npy",
      "alpha_preview": "court-sample-002194/alpha.png",
      "depth": "court-sample-002194/depth.npy"
    },
    {
      "camera_id": "court-sample-002195",
      "request_source": "arbitrary",
      "width": 959,
      "height": 539,
      "rgb": "court-sample-002195/rgb.npy",
      "rgb_preview": "court-sample-002195/rgb.png",
      "alpha": "court-sample-002195/alpha.npy",
      "alpha_preview": "court-sample-002195/alpha.png",
      "depth": "court-sample-002195/depth.npy"
    },
    {
      "camera_id": "court-sample-002196",
      "request_source": "arbitrary",
      "width": 959,
      "height": 539,
      "rgb": "court-sample-002196/rgb.npy",
      "rgb_preview": "court-sample-002196/rgb.png",
      "alpha": "court-sample-002196/alpha.npy",
      "alpha_preview": "court-sample-002196/alpha.png",
      "depth": "court-sample-002196/depth.npy"
    },
    {
      "camera_id": "court-sample-002197",
      "request_source": "arbitrary",
      "width": 959,
      "height": 539,
      "rgb": "court-sample-002197/rgb.npy",
      "rgb_preview": "court-sample-002197/rgb.png",
      "alpha": "court-sample-002197/alpha.npy",
      "alpha_preview": "court-sample-002197/alpha.png",
      "depth": "court-sample-002197/depth.npy"
    },
    {
      "camera_id": "court-sample-002198",
      "request_source": "arbitrary",
      "width": 959,
      "height": 539,
      "rgb": "court-sample-002198/rgb.npy",
      "rgb_preview": "court-sample-002198/rgb.png",
      "alpha": "court-sample-002198/alpha.npy",
      "alpha_preview": "court-sample-002198/alpha.png",
      "depth": "court-sample-002198/depth.npy"
    },
    {
      "camera_id": "court-sample-002199",
      "request_source": "arbitrary",
      "width": 959,
      "height": 539,
      "rgb": "court-sample-002199/rgb.npy",
      "rgb_preview": "court-sample-002199/rgb.png",
      "alpha": "court-sample-002199/alpha.npy",
      "alpha_preview": "court-sample-002199/alpha.png",
      "depth": "court-sample-002199/depth.npy"
    },
    {
      "camera_id": "court-sample-002201",
      "request_source": "arbitrary",
      "width": 959,
      "height": 539,
      "rgb": "court-sample-002201/rgb.npy",
      "rgb_preview": "court-sample-002201/rgb.png",
      "alpha": "court-sample-002201/alpha.npy",
      "alpha_preview": "court-sample-002201/alpha.png",
      "depth": "court-sample-002201/depth.npy"
    },
    {
      "camera_id": "court-sample-002202",
      "request_source": "arbitrary",
      "width": 959,
      "height": 539,
      "rgb": "court-sample-002202/rgb.npy",
      "rgb_preview": "court-sample-002202/rgb.png",
      "alpha": "court-sample-002202/alpha.npy",
      "alpha_preview": "court-sample-002202/alpha.png",
      "depth": "court-sample-002202/depth.npy"
    },
    {
      "camera_id": "court-sample-002203",
      "request_source": "arbitrary",
      "width": 959,
      "height": 539,
      "rgb": "court-sample-002203/rgb.npy",
      "rgb_preview": "court-sample-002203/rgb.png",
      "alpha": "court-sample-002203/alpha.npy",
      "alpha_preview": "court-sample-002203/alpha.png",
      "depth": "court-sample-002203/depth.npy"
    },
    {
      "camera_id": "court-sample-002204",
      "request_source": "arbitrary",
      "width": 959,
      "height": 539,
      "rgb": "court-sample-002204/rgb.npy",
      "rgb_preview": "court-sample-002204/rgb.png",
      "alpha": "court-sample-002204/alpha.npy",
      "alpha_preview": "court-sample-002204/alpha.png",
      "depth": "court-sample-002204/depth.npy"
    },
    {
      "camera_id": "court-sample-002205",
      "request_source": "arbitrary",
      "width": 959,
      "height": 539,
      "rgb": "court-sample-002205/rgb.npy",
      "rgb_preview": "court-sample-002205/rgb.png",
      "alpha": "court-sample-002205/alpha.npy",
      "alpha_preview": "court-sample-002205/alpha.png",
      "depth": "court-sample-002205/depth.npy"
    },
    {
      "camera_id": "court-sample-002206",
      "request_source": "arbitrary",
      "width": 959,
      "height": 539,
      "rgb": "court-sample-002206/rgb.npy",
      "rgb_preview": "court-sample-002206/rgb.png",
      "alpha": "court-sample-002206/alpha.npy",
      "alpha_preview": "court-sample-002206/alpha.png",
      "depth": "court-sample-002206/depth.npy"
    },
    {
      "camera_id": "court-sample-002207",
      "request_source": "arbitrary",
      "width": 959,
      "height": 539,
      "rgb": "court-sample-002207/rgb.npy",
      "rgb_preview": "court-sample-002207/rgb.png",
      "alpha": "court-sample-002207/alpha.npy",
      "alpha_preview": "court-sample-002207/alpha.png",
      "depth": "court-sample-002207/depth.npy"
    },
    {
      "camera_id": "court-sample-002208",
      "request_source": "arbitrary",
      "width": 959,
      "height": 539,
      "rgb": "court-sample-002208/rgb.npy",
      "rgb_preview": "court-sample-002208/rgb.png",
      "alpha": "court-sample-002208/alpha.npy",
      "alpha_preview": "court-sample-002208/alpha.png",
      "depth": "court-sample-002208/depth.npy"
    },
    {
      "camera_id": "court-sample-002209",
      "request_source": "arbitrary",
      "width": 959,
      "height": 539,
      "rgb": "court-sample-002209/rgb.npy",
      "rgb_preview": "court-sample-002209/rgb.png",
      "alpha": "court-sample-002209/alpha.npy",
      "alpha_preview": "court-sample-002209/alpha.png",
      "depth": "court-sample-002209/depth.npy"
    },
    {
      "camera_id": "court-sample-002210",
      "request_source": "arbitrary",
      "width": 959,
      "height": 539,
      "rgb": "court-sample-002210/rgb.npy",
      "rgb_preview": "court-sample-002210/rgb.png",
      "alpha": "court-sample-002210/alpha.npy",
      "alpha_preview": "court-sample-002210/alpha.png",
      "depth": "court-sample-002210/depth.npy"
    },
    {
      "camera_id": "court-sample-002211",
      "request_source": "arbitrary",
      "width": 959,
      "height": 539,
      "rgb": "court-sample-002211/rgb.npy",
      "rgb_preview": "court-sample-002211/rgb.png",
      "alpha": "court-sample-002211/alpha.npy",
      "alpha_preview": "court-sample-002211/alpha.png",
      "depth": "court-sample-002211/depth.npy"
    },
    {
      "camera_id": "court-sample-002212",
      "request_source": "arbitrary",
      "width": 959,
      "height": 539,
      "rgb": "court-sample-002212/rgb.npy",
      "rgb_preview": "court-sample-002212/rgb.png",
      "alpha": "court-sample-002212/alpha.npy",
      "alpha_preview": "court-sample-002212/alpha.png",
      "depth": "court-sample-002212/depth.npy"
    },
    {
      "camera_id": "court-sample-002213",
      "request_source": "arbitrary",
      "width": 959,
      "height": 539,
      "rgb": "court-sample-002213/rgb.npy",
      "rgb_preview": "court-sample-002213/rgb.png",
      "alpha": "court-sample-002213/alpha.npy",
      "alpha_preview": "court-sample-002213/alpha.png",
      "depth": "court-sample-002213/depth.npy"
    },
    {
      "camera_id": "court-sample-002214",
      "request_source": "arbitrary",
      "width": 959,
      "height": 539,
      "rgb": "court-sample-002214/rgb.npy",
      "rgb_preview": "court-sample-002214/rgb.png",
      "alpha": "court-sample-002214/alpha.npy",
      "alpha_preview": "court-sample-002214/alpha.png",
      "depth": "court-sample-002214/depth.npy"
    },
    {
      "camera_id": "court-sample-002215",
      "request_source": "arbitrary",
      "width": 959,
      "height": 539,
      "rgb": "court-sample-002215/rgb.npy",
      "rgb_preview": "court-sample-002215/rgb.png",
      "alpha": "court-sample-002215/alpha.npy",
      "alpha_preview": "court-sample-002215/alpha.png",
      "depth": "court-sample-002215/depth.npy"
    },
    {
      "camera_id": "court-sample-002216",
      "request_source": "arbitrary",
      "width": 959,
      "height": 539,
      "rgb": "court-sample-002216/rgb.npy",
      "rgb_preview": "court-sample-002216/rgb.png",
      "alpha": "court-sample-002216/alpha.npy",
      "alpha_preview": "court-sample-002216/alpha.png",
      "depth": "court-sample-002216/depth.npy"
    },
    {
      "camera_id": "court-sample-002217",
      "request_source": "arbitrary",
      "width": 959,
      "height": 539,
      "rgb": "court-sample-002217/rgb.npy",
      "rgb_preview": "court-sample-002217/rgb.png",
      "alpha": "court-sample-002217/alpha.npy",
      "alpha_preview": "court-sample-002217/alpha.png",
      "depth": "court-sample-002217/depth.npy"
    },
    {
      "camera_id": "court-sample-002218",
      "request_source": "arbitrary",
      "width": 959,
      "height": 539,
      "rgb": "court-sample-002218/rgb.npy",
      "rgb_preview": "court-sample-002218/rgb.png",
      "alpha": "court-sample-002218/alpha.npy",
      "alpha_preview": "court-sample-002218/alpha.png",
      "depth": "court-sample-002218/depth.npy"
    },
    {
      "camera_id": "court-sample-002219",
      "request_source": "arbitrary",
      "width": 959,
      "height": 539,
      "rgb": "court-sample-002219/rgb.npy",
      "rgb_preview": "court-sample-002219/rgb.png",
      "alpha": "court-sample-002219/alpha.npy",
      "alpha_preview": "court-sample-002219/alpha.png",
      "depth": "court-sample-002219/depth.npy"
    },
    {
      "camera_id": "court-sample-002220",
      "request_source": "arbitrary",
      "width": 959,
      "height": 539,
      "rgb": "court-sample-002220/rgb.npy",
      "rgb_preview": "court-sample-002220/rgb.png",
      "alpha": "court-sample-002220/alpha.npy",
      "alpha_preview": "court-sample-002220/alpha.png",
      "depth": "court-sample-002220/depth.npy"
    },
    {
      "camera_id": "court-sample-002221",
      "request_source": "arbitrary",
      "width": 959,
      "height": 539,
      "rgb": "court-sample-002221/rgb.npy",
      "rgb_preview": "court-sample-002221/rgb.png",
      "alpha": "court-sample-002221/alpha.npy",
      "alpha_preview": "court-sample-002221/alpha.png",
      "depth": "court-sample-002221/depth.npy"
    },
    {
      "camera_id": "court-sample-002222",
      "request_source": "arbitrary",
      "width": 959,
      "height": 539,
      "rgb": "court-sample-002222/rgb.npy",
      "rgb_preview": "court-sample-002222/rgb.png",
      "alpha": "court-sample-002222/alpha.npy",
      "alpha_preview": "court-sample-002222/alpha.png",
      "depth": "court-sample-002222/depth.npy"
    },
    {
      "camera_id": "court-sample-002223",
      "request_source": "arbitrary",
      "width": 959,
      "height": 539,
      "rgb": "court-sample-002223/rgb.npy",
      "rgb_preview": "court-sample-002223/rgb.png",
      "alpha": "court-sample-002223/alpha.npy",
      "alpha_preview": "court-sample-002223/alpha.png",
      "depth": "court-sample-002223/depth.npy"
    },
    {
      "camera_id": "court-sample-002224",
      "request_source": "arbitrary",
      "width": 959,
      "height": 539,
      "rgb": "court-sample-002224/rgb.npy",
      "rgb_preview": "court-sample-002224/rgb.png",
      "alpha": "court-sample-002224/alpha.npy",
      "alpha_preview": "court-sample-002224/alpha.png",
      "depth": "court-sample-002224/depth.npy"
    },
    {
      "camera_id": "court-sample-002225",
      "request_source": "arbitrary",
      "width": 959,
      "height": 539,
      "rgb": "court-sample-002225/rgb.npy",
      "rgb_preview": "court-sample-002225/rgb.png",
      "alpha": "court-sample-002225/alpha.npy",
      "alpha_preview": "court-sample-002225/alpha.png",
      "depth": "court-sample-002225/depth.npy"
    },
    {
      "camera_id": "court-sample-002226",
      "request_source": "arbitrary",
      "width": 959,
      "height": 539,
      "rgb": "court-sample-002226/rgb.npy",
      "rgb_preview": "court-sample-002226/rgb.png",
      "alpha": "court-sample-002226/alpha.npy",
      "alpha_preview": "court-sample-002226/alpha.png",
      "depth": "court-sample-002226/depth.npy"
    },
    {
      "camera_id": "court-sample-002227",
      "request_source": "arbitrary",
      "width": 959,
      "height": 539,
      "rgb": "court-sample-002227/rgb.npy",
      "rgb_preview": "court-sample-002227/rgb.png",
      "alpha": "court-sample-002227/alpha.npy",
      "alpha_preview": "court-sample-002227/alpha.png",
      "depth": "court-sample-002227/depth.npy"
    },
    {
      "camera_id": "court-sample-002228",
      "request_source": "arbitrary",
      "width": 959,
      "height": 539,
      "rgb": "court-sample-002228/rgb.npy",
      "rgb_preview": "court-sample-002228/rgb.png",
      "alpha": "court-sample-002228/alpha.npy",
      "alpha_preview": "court-sample-002228/alpha.png",
      "depth": "court-sample-002228/depth.npy"
    },
    {
      "camera_id": "court-sample-002229",
      "request_source": "arbitrary",
      "width": 959,
      "height": 539,
      "rgb": "court-sample-002229/rgb.npy",
      "rgb_preview": "court-sample-002229/rgb.png",
      "alpha": "court-sample-002229/alpha.npy",
      "alpha_preview": "court-sample-002229/alpha.png",
      "depth": "court-sample-002229/depth.npy"
    },
    {
      "camera_id": "court-sample-002230",
      "request_source": "arbitrary",
      "width": 959,
      "height": 539,
      "rgb": "court-sample-002230/rgb.npy",
      "rgb_preview": "court-sample-002230/rgb.png",
      "alpha": "court-sample-002230/alpha.npy",
      "alpha_preview": "court-sample-002230/alpha.png",
      "depth": "court-sample-002230/depth.npy"
    },
    {
      "camera_id": "court-sample-002231",
      "request_source": "arbitrary",
      "width": 959,
      "height": 539,
      "rgb": "court-sample-002231/rgb.npy",
      "rgb_preview": "court-sample-002231/rgb.png",
      "alpha": "court-sample-002231/alpha.npy",
      "alpha_preview": "court-sample-002231/alpha.png",
      "depth": "court-sample-002231/depth.npy"
    }
  ]
}
  View encoding: sh, dim=9
  View encoding: sh, dim=9
  View encoding: sh, dim=9
  View encoding: sh, dim=9
  View encoding: sh, dim=9
  View encoding: sh, dim=9
  View encoding: sh, dim=9
  View encoding: sh, dim=9
  View encoding: sh, dim=9
  View encoding: sh, dim=9
  View encoding: sh, dim=9
  View encoding: sh, dim=9
  View encoding: sh, dim=9
  View encoding: sh, dim=9
  View encoding: sh, dim=9
  View encoding: sh, dim=9
  View encoding: sh, dim=9
  View encoding: sh, dim=9
  View encoding: sh, dim=9
  View encoding: sh, dim=9
  View encoding: sh, dim=9
  View encoding: sh, dim=9
  View encoding: sh, dim=9
  View encoding: sh, dim=9
  View encoding: sh, dim=9
  View encoding: sh, dim=9
  View encoding: sh, dim=9
  View encoding: sh, dim=9
  View encoding: sh, dim=9
  View encoding: sh, dim=9
  View encoding: sh, dim=9
  View encoding: sh, dim=9
  View encoding: sh, dim=9
  View encoding: sh, dim=9
  View encoding: sh, dim=9
  View encoding: sh, dim=9
  View encoding: sh, dim=9
  View encoding: sh, dim=9
  View encoding: sh, dim=9
  View encoding: sh, dim=9
  View encoding: sh, dim=9
  View encoding: sh, dim=9
  View encoding: sh, dim=9
  View encoding: sh, dim=9
  View encoding: sh, dim=9
  View encoding: sh, dim=9
  View encoding: sh, dim=9
  View encoding: sh, dim=9
  View encoding: sh, dim=9
  View encoding: sh, dim=9
  View encoding: sh, dim=9
  View encoding: sh, dim=9
  View encoding: sh, dim=9
  View encoding: sh, dim=9
  View encoding: sh, dim=9
  View encoding: sh, dim=9
  View encoding: sh, dim=9
  View encoding: sh, dim=9
  View encoding: sh, dim=9
  View encoding: sh, dim=9
  View encoding: sh, dim=9
  View encoding: sh, dim=9
  View encoding: sh, dim=9
  View encoding: sh, dim=9
  View encoding: sh, dim=9
  View encoding: sh, dim=9
  View encoding: sh, dim=9
  View encoding: sh, dim=9
  View encoding: sh, dim=9
  View encoding: sh, dim=9
  View encoding: sh, dim=9
  View encoding: sh, dim=9
  View encoding: sh, dim=9
  View encoding: sh, dim=9
  View encoding: sh, dim=9
  View encoding: sh, dim=9
  View encoding: sh, dim=9
  View encoding: sh, dim=9
  View encoding: sh, dim=9
  View encoding: sh, dim=9
  View encoding: sh, dim=9
  View encoding: sh, dim=9
  View encoding: sh, dim=9
  View encoding: sh, dim=9
  View encoding: sh, dim=9
  View encoding: sh, dim=9
  View encoding: sh, dim=9
  View encoding: sh, dim=9
  View encoding: sh, dim=9
  View encoding: sh, dim=9
  View encoding: sh, dim=9
  View encoding: sh, dim=9
  View encoding: sh, dim=9
  View encoding: sh, dim=9
  View encoding: sh, dim=9
  View encoding: sh, dim=9
  View encoding: sh, dim=9
  View encoding: sh, dim=9
  View encoding: sh, dim=9
  View encoding: sh, dim=9
  View encoding: sh, dim=9
  View encoding: sh, dim=9
  View encoding: sh, dim=9
  View encoding: sh, dim=9
  View encoding: sh, dim=9
  View encoding: sh, dim=9
  View encoding: sh, dim=9
  View encoding: sh, dim=9
  View encoding: sh, dim=9
  View encoding: sh, dim=9
  View encoding: sh, dim=9
  View encoding: sh, dim=9
  View encoding: sh, dim=9
  View encoding: sh, dim=9
  View encoding: sh, dim=9
  View encoding: sh, dim=9
  View encoding: sh, dim=9
  View encoding: sh, dim=9
  View encoding: sh, dim=9
  View encoding: sh, dim=9
  View encoding: sh, dim=9
  View encoding: sh, dim=9
  View encoding: sh, dim=9
  View encoding: sh, dim=9
  View encoding: sh, dim=9
  View encoding: sh, dim=9
  View encoding: sh, dim=9
  View encoding: sh, dim=9
  View encoding: sh, dim=9
  View encoding: sh, dim=9
  View encoding: sh, dim=9
  View encoding: sh, dim=9
  View encoding: sh, dim=9
  View encoding: sh, dim=9
  View encoding: sh, dim=9
  View encoding: sh, dim=9
  View encoding: sh, dim=9
  View encoding: sh, dim=9
  View encoding: sh, dim=9
  View encoding: sh, dim=9
  View encoding: sh, dim=9
  View encoding: sh, dim=9
  View encoding: sh, dim=9
  View encoding: sh, dim=9
  View encoding: sh, dim=9
  View encoding: sh, dim=9
  View encoding: sh, dim=9
  View encoding: sh, dim=9
  View encoding: sh, dim=9
  View encoding: sh, dim=9
  View encoding: sh, dim=9
  View encoding: sh, dim=9
  View encoding: sh, dim=9
  View encoding: sh, dim=9
  View encoding: sh, dim=9
  View encoding: sh, dim=9
  View encoding: sh, dim=9
  View encoding: sh, dim=9
  View encoding: sh, dim=9
  View encoding: sh, dim=9
  View encoding: sh, dim=9
  View encoding: sh, dim=9
  View encoding: sh, dim=9
  View encoding: sh, dim=9
  View encoding: sh, dim=9
  View encoding: sh, dim=9
  View encoding: sh, dim=9
  View encoding: sh, dim=9
  View encoding: sh, dim=9
  View encoding: sh, dim=9
  View encoding: sh, dim=9
  View encoding: sh, dim=9
  View encoding: sh, dim=9
  View encoding: sh, dim=9
  View encoding: sh, dim=9
  View encoding: sh, dim=9
  View encoding: sh, dim=9
  View encoding: sh, dim=9
  View encoding: sh, dim=9
  View encoding: sh, dim=9
  View encoding: sh, dim=9
  View encoding: sh, dim=9
  View encoding: sh, dim=9
  View encoding: sh, dim=9
  View encoding: sh, dim=9
  View encoding: sh, dim=9
  View encoding: sh, dim=9
  View encoding: sh, dim=9
  View encoding: sh, dim=9
  View encoding: sh, dim=9
  View encoding: sh, dim=9
  View encoding: sh, dim=9
  View encoding: sh, dim=9
  View encoding: sh, dim=9
  View encoding: sh, dim=9
  View encoding: sh, dim=9
  View encoding: sh, dim=9
  View encoding: sh, dim=9
  View encoding: sh, dim=9
  View encoding: sh, dim=9
  View encoding: sh, dim=9
  View encoding: sh, dim=9
  View encoding: sh, dim=9
  View encoding: sh, dim=9
  View encoding: sh, dim=9
  View encoding: sh, dim=9
  View encoding: sh, dim=9
  View encoding: sh, dim=9
  View encoding: sh, dim=9
  View encoding: sh, dim=9
  View encoding: sh, dim=9
  View encoding: sh, dim=9
  View encoding: sh, dim=9
  View encoding: sh, dim=9
  View encoding: sh, dim=9
  View encoding: sh, dim=9
  View encoding: sh, dim=9
  View encoding: sh, dim=9
  View encoding: sh, dim=9
  View encoding: sh, dim=9
  View encoding: sh, dim=9
  View encoding: sh, dim=9
  View encoding: sh, dim=9
  View encoding: sh, dim=9
  View encoding: sh, dim=9
  View encoding: sh, dim=9
  View encoding: sh, dim=9
  View encoding: sh, dim=9
  View encoding: sh, dim=9
  View encoding: sh, dim=9
  View encoding: sh, dim=9
  View encoding: sh, dim=9
  View encoding: sh, dim=9
  View encoding: sh, dim=9
  View encoding: sh, dim=9
  View encoding: sh, dim=9
  View encoding: sh, dim=9
  View encoding: sh, dim=9
  View encoding: sh, dim=9
  View encoding: sh, dim=9
  View encoding: sh, dim=9
  View encoding: sh, dim=9
  View encoding: sh, dim=9
  View encoding: sh, dim=9
  View encoding: sh, dim=9
  View encoding: sh, dim=9
  View encoding: sh, dim=9
  View encoding: sh, dim=9
  View encoding: sh, dim=9
  View encoding: sh, dim=9
  View encoding: sh, dim=9
  View encoding: sh, dim=9
  View encoding: sh, dim=9
  View encoding: sh, dim=9
  View encoding: sh, dim=9
  View encoding: sh, dim=9
  View encoding: sh, dim=9
  View encoding: sh, dim=9
  View encoding: sh, dim=9
  View encoding: sh, dim=9
  View encoding: sh, dim=9
  View encoding: sh, dim=9
  View encoding: sh, dim=9
  View encoding: sh, dim=9
  View encoding: sh, dim=9
  View encoding: sh, dim=9
  View encoding: sh, dim=9
  View encoding: sh, dim=9
  View encoding: sh, dim=9
  View encoding: sh, dim=9
  View encoding: sh, dim=9
  View encoding: sh, dim=9
{
  "schema": "nht_render_result_v1",
  "scene_schema": "nht_standard_scene_v1",
  "scene_id": "B02",
  "coordinate_space": "canonical NHT scene space",
  "export_validation": {
    "schema": "nht_standard_scene_v1",
    "camera_count": 157,
    "point_count": 56620,
    "checks": [
      "schema_and_conventions",
      "finite_float32_points",
      "normalized_point_colors",
      "unique_camera_and_image_ids",
      "positive_intrinsics",
      "proper_orthonormal_rotations",
      "camera_image_resolution",
      "nht_checkpoint",
      "canonical_scene_transform_inverse",
      "effective_undistorted_training_cameras",
      "stable_render_boundary",
      "contained_export_references",
      "production_renderer_envelope"
    ],
    "valid": true
  },
  "renders": [
    {
      "camera_id": "court-sample-000456",
      "request_source": "arbitrary",
      "width": 959,
      "height": 539,
      "rgb": "court-sample-000456/rgb.npy",
      "rgb_preview": "court-sample-000456/rgb.png",
      "alpha": "court-sample-000456/alpha.npy",
      "alpha_preview": "court-sample-000456/alpha.png",
      "depth": "court-sample-000456/depth.npy"
    },
    {
      "camera_id": "court-sample-000457",
      "request_source": "arbitrary",
      "width": 959,
      "height": 539,
      "rgb": "court-sample-000457/rgb.npy",
      "rgb_preview": "court-sample-000457/rgb.png",
      "alpha": "court-sample-000457/alpha.npy",
      "alpha_preview": "court-sample-000457/alpha.png",
      "depth": "court-sample-000457/depth.npy"
    },
    {
      "camera_id": "court-sample-000458",
      "request_source": "arbitrary",
      "width": 959,
      "height": 539,
      "rgb": "court-sample-000458/rgb.npy",
      "rgb_preview": "court-sample-000458/rgb.png",
      "alpha": "court-sample-000458/alpha.npy",
      "alpha_preview": "court-sample-000458/alpha.png",
      "depth": "court-sample-000458/depth.npy"
    },
    {
      "camera_id": "court-sample-000459",
      "request_source": "arbitrary",
      "width": 959,
      "height": 539,
      "rgb": "court-sample-000459/rgb.npy",
      "rgb_preview": "court-sample-000459/rgb.png",
      "alpha": "court-sample-000459/alpha.npy",
      "alpha_preview": "court-sample-000459/alpha.png",
      "depth": "court-sample-000459/depth.npy"
    },
    {
      "camera_id": "court-sample-000460",
      "request_source": "arbitrary",
      "width": 959,
      "height": 539,
      "rgb": "court-sample-000460/rgb.npy",
      "rgb_preview": "court-sample-000460/rgb.png",
      "alpha": "court-sample-000460/alpha.npy",
      "alpha_preview": "court-sample-000460/alpha.png",
      "depth": "court-sample-000460/depth.npy"
    },
    {
      "camera_id": "court-sample-000461",
      "request_source": "arbitrary",
      "width": 959,
      "height": 539,
      "rgb": "court-sample-000461/rgb.npy",
      "rgb_preview": "court-sample-000461/rgb.png",
      "alpha": "court-sample-000461/alpha.npy",
      "alpha_preview": "court-sample-000461/alpha.png",
      "depth": "court-sample-000461/depth.npy"
    },
    {
      "camera_id": "court-sample-000462",
      "request_source": "arbitrary",
      "width": 959,
      "height": 539,
      "rgb": "court-sample-000462/rgb.npy",
      "rgb_preview": "court-sample-000462/rgb.png",
      "alpha": "court-sample-000462/alpha.npy",
      "alpha_preview": "court-sample-000462/alpha.png",
      "depth": "court-sample-000462/depth.npy"
    },
    {
      "camera_id": "court-sample-000463",
      "request_source": "arbitrary",
      "width": 959,
      "height": 539,
      "rgb": "court-sample-000463/rgb.npy",
      "rgb_preview": "court-sample-000463/rgb.png",
      "alpha": "court-sample-000463/alpha.npy",
      "alpha_preview": "court-sample-000463/alpha.png",
      "depth": "court-sample-000463/depth.npy"
    },
    {
      "camera_id": "court-sample-000464",
      "request_source": "arbitrary",
      "width": 959,
      "height": 539,
      "rgb": "court-sample-000464/rgb.npy",
      "rgb_preview": "court-sample-000464/rgb.png",
      "alpha": "court-sample-000464/alpha.npy",
      "alpha_preview": "court-sample-000464/alpha.png",
      "depth": "court-sample-000464/depth.npy"
    },
    {
      "camera_id": "court-sample-000465",
      "request_source": "arbitrary",
      "width": 959,
      "height": 539,
      "rgb": "court-sample-000465/rgb.npy",
      "rgb_preview": "court-sample-000465/rgb.png",
      "alpha": "court-sample-000465/alpha.npy",
      "alpha_preview": "court-sample-000465/alpha.png",
      "depth": "court-sample-000465/depth.npy"
    },
    {
      "camera_id": "court-sample-000466",
      "request_source": "arbitrary",
      "width": 959,
      "height": 539,
      "rgb": "court-sample-000466/rgb.npy",
      "rgb_preview": "court-sample-000466/rgb.png",
      "alpha": "court-sample-000466/alpha.npy",
      "alpha_preview": "court-sample-000466/alpha.png",
      "depth": "court-sample-000466/depth.npy"
    },
    {
      "camera_id": "court-sample-000467",
      "request_source": "arbitrary",
      "width": 959,
      "height": 539,
      "rgb": "court-sample-000467/rgb.npy",
      "rgb_preview": "court-sample-000467/rgb.png",
      "alpha": "court-sample-000467/alpha.npy",
      "alpha_preview": "court-sample-000467/alpha.png",
      "depth": "court-sample-000467/depth.npy"
    },
    {
      "camera_id": "court-sample-000468",
      "request_source": "arbitrary",
      "width": 959,
      "height": 539,
      "rgb": "court-sample-000468/rgb.npy",
      "rgb_preview": "court-sample-000468/rgb.png",
      "alpha": "court-sample-000468/alpha.npy",
      "alpha_preview": "court-sample-000468/alpha.png",
      "depth": "court-sample-000468/depth.npy"
    },
    {
      "camera_id": "court-sample-000469",
      "request_source": "arbitrary",
      "width": 959,
      "height": 539,
      "rgb": "court-sample-000469/rgb.npy",
      "rgb_preview": "court-sample-000469/rgb.png",
      "alpha": "court-sample-000469/alpha.npy",
      "alpha_preview": "court-sample-000469/alpha.png",
      "depth": "court-sample-000469/depth.npy"
    },
    {
      "camera_id": "court-sample-000470",
      "request_source": "arbitrary",
      "width": 959,
      "height": 539,
      "rgb": "court-sample-000470/rgb.npy",
      "rgb_preview": "court-sample-000470/rgb.png",
      "alpha": "court-sample-000470/alpha.npy",
      "alpha_preview": "court-sample-000470/alpha.png",
      "depth": "court-sample-000470/depth.npy"
    },
    {
      "camera_id": "court-sample-000471",
      "request_source": "arbitrary",
      "width": 959,
      "height": 539,
      "rgb": "court-sample-000471/rgb.npy",
      "rgb_preview": "court-sample-000471/rgb.png",
      "alpha": "court-sample-000471/alpha.npy",
      "alpha_preview": "court-sample-000471/alpha.png",
      "depth": "court-sample-000471/depth.npy"
    },
    {
      "camera_id": "court-sample-000472",
      "request_source": "arbitrary",
      "width": 959,
      "height": 539,
      "rgb": "court-sample-000472/rgb.npy",
      "rgb_preview": "court-sample-000472/rgb.png",
      "alpha": "court-sample-000472/alpha.npy",
      "alpha_preview": "court-sample-000472/alpha.png",
      "depth": "court-sample-000472/depth.npy"
    },
    {
      "camera_id": "court-sample-000473",
      "request_source": "arbitrary",
      "width": 959,
      "height": 539,
      "rgb": "court-sample-000473/rgb.npy",
      "rgb_preview": "court-sample-000473/rgb.png",
      "alpha": "court-sample-000473/alpha.npy",
      "alpha_preview": "court-sample-000473/alpha.png",
      "depth": "court-sample-000473/depth.npy"
    },
    {
      "camera_id": "court-sample-000474",
      "request_source": "arbitrary",
      "width": 959,
      "height": 539,
      "rgb": "court-sample-000474/rgb.npy",
      "rgb_preview": "court-sample-000474/rgb.png",
      "alpha": "court-sample-000474/alpha.npy",
      "alpha_preview": "court-sample-000474/alpha.png",
      "depth": "court-sample-000474/depth.npy"
    },
    {
      "camera_id": "court-sample-000475",
      "request_source": "arbitrary",
      "width": 959,
      "height": 539,
      "rgb": "court-sample-000475/rgb.npy",
      "rgb_preview": "court-sample-000475/rgb.png",
      "alpha": "court-sample-000475/alpha.npy",
      "alpha_preview": "court-sample-000475/alpha.png",
      "depth": "court-sample-000475/depth.npy"
    },
    {
      "camera_id": "court-sample-000476",
      "request_source": "arbitrary",
      "width": 959,
      "height": 539,
      "rgb": "court-sample-000476/rgb.npy",
      "rgb_preview": "court-sample-000476/rgb.png",
      "alpha": "court-sample-000476/alpha.npy",
      "alpha_preview": "court-sample-000476/alpha.png",
      "depth": "court-sample-000476/depth.npy"
    },
    {
      "camera_id": "court-sample-000477",
      "request_source": "arbitrary",
      "width": 959,
      "height": 539,
      "rgb": "court-sample-000477/rgb.npy",
      "rgb_preview": "court-sample-000477/rgb.png",
      "alpha": "court-sample-000477/alpha.npy",
      "alpha_preview": "court-sample-000477/alpha.png",
      "depth": "court-sample-000477/depth.npy"
    },
    {
      "camera_id": "court-sample-000478",
      "request_source": "arbitrary",
      "width": 959,
      "height": 539,
      "rgb": "court-sample-000478/rgb.npy",
      "rgb_preview": "court-sample-000478/rgb.png",
      "alpha": "court-sample-000478/alpha.npy",
      "alpha_preview": "court-sample-000478/alpha.png",
      "depth": "court-sample-000478/depth.npy"
    },
    {
      "camera_id": "court-sample-000479",
      "request_source": "arbitrary",
      "width": 959,
      "height": 539,
      "rgb": "court-sample-000479/rgb.npy",
      "rgb_preview": "court-sample-000479/rgb.png",
      "alpha": "court-sample-000479/alpha.npy",
      "alpha_preview": "court-sample-000479/alpha.png",
      "depth": "court-sample-000479/depth.npy"
    },
    {
      "camera_id": "court-sample-000480",
      "request_source": "arbitrary",
      "width": 959,
      "height": 539,
      "rgb": "court-sample-000480/rgb.npy",
      "rgb_preview": "court-sample-000480/rgb.png",
      "alpha": "court-sample-000480/alpha.npy",
      "alpha_preview": "court-sample-000480/alpha.png",
      "depth": "court-sample-000480/depth.npy"
    },
    {
      "camera_id": "court-sample-000481",
      "request_source": "arbitrary",
      "width": 959,
      "height": 539,
      "rgb": "court-sample-000481/rgb.npy",
      "rgb_preview": "court-sample-000481/rgb.png",
      "alpha": "court-sample-000481/alpha.npy",
      "alpha_preview": "court-sample-000481/alpha.png",
      "depth": "court-sample-000481/depth.npy"
    },
    {
      "camera_id": "court-sample-000482",
      "request_source": "arbitrary",
      "width": 959,
      "height": 539,
      "rgb": "court-sample-000482/rgb.npy",
      "rgb_preview": "court-sample-000482/rgb.png",
      "alpha": "court-sample-000482/alpha.npy",
      "alpha_preview": "court-sample-000482/alpha.png",
      "depth": "court-sample-000482/depth.npy"
    },
    {
      "camera_id": "court-sample-000483",
      "request_source": "arbitrary",
      "width": 959,
      "height": 539,
      "rgb": "court-sample-000483/rgb.npy",
      "rgb_preview": "court-sample-000483/rgb.png",
      "alpha": "court-sample-000483/alpha.npy",
      "alpha_preview": "court-sample-000483/alpha.png",
      "depth": "court-sample-000483/depth.npy"
    },
    {
      "camera_id": "court-sample-000484",
      "request_source": "arbitrary",
      "width": 959,
      "height": 539,
      "rgb": "court-sample-000484/rgb.npy",
      "rgb_preview": "court-sample-000484/rgb.png",
      "alpha": "court-sample-000484/alpha.npy",
      "alpha_preview": "court-sample-000484/alpha.png",
      "depth": "court-sample-000484/depth.npy"
    },
    {
      "camera_id": "court-sample-000485",
      "request_source": "arbitrary",
      "width": 959,
      "height": 539,
      "rgb": "court-sample-000485/rgb.npy",
      "rgb_preview": "court-sample-000485/rgb.png",
      "alpha": "court-sample-000485/alpha.npy",
      "alpha_preview": "court-sample-000485/alpha.png",
      "depth": "court-sample-000485/depth.npy"
    },
    {
      "camera_id": "court-sample-000486",
      "request_source": "arbitrary",
      "width": 959,
      "height": 539,
      "rgb": "court-sample-000486/rgb.npy",
      "rgb_preview": "court-sample-000486/rgb.png",
      "alpha": "court-sample-000486/alpha.npy",
      "alpha_preview": "court-sample-000486/alpha.png",
      "depth": "court-sample-000486/depth.npy"
    },
    {
      "camera_id": "court-sample-000487",
      "request_source": "arbitrary",
      "width": 959,
      "height": 539,
      "rgb": "court-sample-000487/rgb.npy",
      "rgb_preview": "court-sample-000487/rgb.png",
      "alpha": "court-sample-000487/alpha.npy",
      "alpha_preview": "court-sample-000487/alpha.png",
      "depth": "court-sample-000487/depth.npy"
    },
    {
      "camera_id": "court-sample-000488",
      "request_source": "arbitrary",
      "width": 959,
      "height": 539,
      "rgb": "court-sample-000488/rgb.npy",
      "rgb_preview": "court-sample-000488/rgb.png",
      "alpha": "court-sample-000488/alpha.npy",
      "alpha_preview": "court-sample-000488/alpha.png",
      "depth": "court-sample-000488/depth.npy"
    },
    {
      "camera_id": "court-sample-000489",
      "request_source": "arbitrary",
      "width": 959,
      "height": 539,
      "rgb": "court-sample-000489/rgb.npy",
      "rgb_preview": "court-sample-000489/rgb.png",
      "alpha": "court-sample-000489/alpha.npy",
      "alpha_preview": "court-sample-000489/alpha.png",
      "depth": "court-sample-000489/depth.npy"
    },
    {
      "camera_id": "court-sample-000490",
      "request_source": "arbitrary",
      "width": 959,
      "height": 539,
      "rgb": "court-sample-000490/rgb.npy",
      "rgb_preview": "court-sample-000490/rgb.png",
      "alpha": "court-sample-000490/alpha.npy",
      "alpha_preview": "court-sample-000490/alpha.png",
      "depth": "court-sample-000490/depth.npy"
    },
    {
      "camera_id": "court-sample-000491",
      "request_source": "arbitrary",
      "width": 959,
      "height": 539,
      "rgb": "court-sample-000491/rgb.npy",
      "rgb_preview": "court-sample-000491/rgb.png",
      "alpha": "court-sample-000491/alpha.npy",
      "alpha_preview": "court-sample-000491/alpha.png",
      "depth": "court-sample-000491/depth.npy"
    },
    {
      "camera_id": "court-sample-000492",
      "request_source": "arbitrary",
      "width": 959,
      "height": 539,
      "rgb": "court-sample-000492/rgb.npy",
      "rgb_preview": "court-sample-000492/rgb.png",
      "alpha": "court-sample-000492/alpha.npy",
      "alpha_preview": "court-sample-000492/alpha.png",
      "depth": "court-sample-000492/depth.npy"
    },
    {
      "camera_id": "court-sample-000493",
      "request_source": "arbitrary",
      "width": 959,
      "height": 539,
      "rgb": "court-sample-000493/rgb.npy",
      "rgb_preview": "court-sample-000493/rgb.png",
      "alpha": "court-sample-000493/alpha.npy",
      "alpha_preview": "court-sample-000493/alpha.png",
      "depth": "court-sample-000493/depth.npy"
    },
    {
      "camera_id": "court-sample-000494",
      "request_source": "arbitrary",
      "width": 959,
      "height": 539,
      "rgb": "court-sample-000494/rgb.npy",
      "rgb_preview": "court-sample-000494/rgb.png",
      "alpha": "court-sample-000494/alpha.npy",
      "alpha_preview": "court-sample-000494/alpha.png",
      "depth": "court-sample-000494/depth.npy"
    },
    {
      "camera_id": "court-sample-000495",
      "request_source": "arbitrary",
      "width": 959,
      "height": 539,
      "rgb": "court-sample-000495/rgb.npy",
      "rgb_preview": "court-sample-000495/rgb.png",
      "alpha": "court-sample-000495/alpha.npy",
      "alpha_preview": "court-sample-000495/alpha.png",
      "depth": "court-sample-000495/depth.npy"
    },
    {
      "camera_id": "court-sample-000496",
      "request_source": "arbitrary",
      "width": 959,
      "height": 539,
      "rgb": "court-sample-000496/rgb.npy",
      "rgb_preview": "court-sample-000496/rgb.png",
      "alpha": "court-sample-000496/alpha.npy",
      "alpha_preview": "court-sample-000496/alpha.png",
      "depth": "court-sample-000496/depth.npy"
    },
    {
      "camera_id": "court-sample-000497",
      "request_source": "arbitrary",
      "width": 959,
      "height": 539,
      "rgb": "court-sample-000497/rgb.npy",
      "rgb_preview": "court-sample-000497/rgb.png",
      "alpha": "court-sample-000497/alpha.npy",
      "alpha_preview": "court-sample-000497/alpha.png",
      "depth": "court-sample-000497/depth.npy"
    },
    {
      "camera_id": "court-sample-000498",
      "request_source": "arbitrary",
      "width": 959,
      "height": 539,
      "rgb": "court-sample-000498/rgb.npy",
      "rgb_preview": "court-sample-000498/rgb.png",
      "alpha": "court-sample-000498/alpha.npy",
      "alpha_preview": "court-sample-000498/alpha.png",
      "depth": "court-sample-000498/depth.npy"
    },
    {
      "camera_id": "court-sample-000499",
      "request_source": "arbitrary",
      "width": 959,
      "height": 539,
      "rgb": "court-sample-000499/rgb.npy",
      "rgb_preview": "court-sample-000499/rgb.png",
      "alpha": "court-sample-000499/alpha.npy",
      "alpha_preview": "court-sample-000499/alpha.png",
      "depth": "court-sample-000499/depth.npy"
    },
    {
      "camera_id": "court-sample-000500",
      "request_source": "arbitrary",
      "width": 959,
      "height": 539,
      "rgb": "court-sample-000500/rgb.npy",
      "rgb_preview": "court-sample-000500/rgb.png",
      "alpha": "court-sample-000500/alpha.npy",
      "alpha_preview": "court-sample-000500/alpha.png",
      "depth": "court-sample-000500/depth.npy"
    },
    {
      "camera_id": "court-sample-000501",
      "request_source": "arbitrary",
      "width": 959,
      "height": 539,
      "rgb": "court-sample-000501/rgb.npy",
      "rgb_preview": "court-sample-000501/rgb.png",
      "alpha": "court-sample-000501/alpha.npy",
      "alpha_preview": "court-sample-000501/alpha.png",
      "depth": "court-sample-000501/depth.npy"
    },
    {
      "camera_id": "court-sample-000502",
      "request_source": "arbitrary",
      "width": 959,
      "height": 539,
      "rgb": "court-sample-000502/rgb.npy",
      "rgb_preview": "court-sample-000502/rgb.png",
      "alpha": "court-sample-000502/alpha.npy",
      "alpha_preview": "court-sample-000502/alpha.png",
      "depth": "court-sample-000502/depth.npy"
    },
    {
      "camera_id": "court-sample-000503",
      "request_source": "arbitrary",
      "width": 959,
      "height": 539,
      "rgb": "court-sample-000503/rgb.npy",
      "rgb_preview": "court-sample-000503/rgb.png",
      "alpha": "court-sample-000503/alpha.npy",
      "alpha_preview": "court-sample-000503/alpha.png",
      "depth": "court-sample-000503/depth.npy"
    },
    {
      "camera_id": "court-sample-000688",
      "request_source": "arbitrary",
      "width": 959,
      "height": 539,
      "rgb": "court-sample-000688/rgb.npy",
      "rgb_preview": "court-sample-000688/rgb.png",
      "alpha": "court-sample-000688/alpha.npy",
      "alpha_preview": "court-sample-000688/alpha.png",
      "depth": "court-sample-000688/depth.npy"
    },
    {
      "camera_id": "court-sample-000689",
      "request_source": "arbitrary",
      "width": 959,
      "height": 539,
      "rgb": "court-sample-000689/rgb.npy",
      "rgb_preview": "court-sample-000689/rgb.png",
      "alpha": "court-sample-000689/alpha.npy",
      "alpha_preview": "court-sample-000689/alpha.png",
      "depth": "court-sample-000689/depth.npy"
    },
    {
      "camera_id": "court-sample-000690",
      "request_source": "arbitrary",
      "width": 959,
      "height": 539,
      "rgb": "court-sample-000690/rgb.npy",
      "rgb_preview": "court-sample-000690/rgb.png",
      "alpha": "court-sample-000690/alpha.npy",
      "alpha_preview": "court-sample-000690/alpha.png",
      "depth": "court-sample-000690/depth.npy"
    },
    {
      "camera_id": "court-sample-000691",
      "request_source": "arbitrary",
      "width": 959,
      "height": 539,
      "rgb": "court-sample-000691/rgb.npy",
      "rgb_preview": "court-sample-000691/rgb.png",
      "alpha": "court-sample-000691/alpha.npy",
      "alpha_preview": "court-sample-000691/alpha.png",
      "depth": "court-sample-000691/depth.npy"
    },
    {
      "camera_id": "court-sample-000692",
      "request_source": "arbitrary",
      "width": 959,
      "height": 539,
      "rgb": "court-sample-000692/rgb.npy",
      "rgb_preview": "court-sample-000692/rgb.png",
      "alpha": "court-sample-000692/alpha.npy",
      "alpha_preview": "court-sample-000692/alpha.png",
      "depth": "court-sample-000692/depth.npy"
    },
    {
      "camera_id": "court-sample-000693",
      "request_source": "arbitrary",
      "width": 959,
      "height": 539,
      "rgb": "court-sample-000693/rgb.npy",
      "rgb_preview": "court-sample-000693/rgb.png",
      "alpha": "court-sample-000693/alpha.npy",
      "alpha_preview": "court-sample-000693/alpha.png",
      "depth": "court-sample-000693/depth.npy"
    },
    {
      "camera_id": "court-sample-000694",
      "request_source": "arbitrary",
      "width": 959,
      "height": 539,
      "rgb": "court-sample-000694/rgb.npy",
      "rgb_preview": "court-sample-000694/rgb.png",
      "alpha": "court-sample-000694/alpha.npy",
      "alpha_preview": "court-sample-000694/alpha.png",
      "depth": "court-sample-000694/depth.npy"
    },
    {
      "camera_id": "court-sample-000695",
      "request_source": "arbitrary",
      "width": 959,
      "height": 539,
      "rgb": "court-sample-000695/rgb.npy",
      "rgb_preview": "court-sample-000695/rgb.png",
      "alpha": "court-sample-000695/alpha.npy",
      "alpha_preview": "court-sample-000695/alpha.png",
      "depth": "court-sample-000695/depth.npy"
    },
    {
      "camera_id": "court-sample-000696",
      "request_source": "arbitrary",
      "width": 959,
      "height": 539,
      "rgb": "court-sample-000696/rgb.npy",
      "rgb_preview": "court-sample-000696/rgb.png",
      "alpha": "court-sample-000696/alpha.npy",
      "alpha_preview": "court-sample-000696/alpha.png",
      "depth": "court-sample-000696/depth.npy"
    },
    {
      "camera_id": "court-sample-000697",
      "request_source": "arbitrary",
      "width": 959,
      "height": 539,
      "rgb": "court-sample-000697/rgb.npy",
      "rgb_preview": "court-sample-000697/rgb.png",
      "alpha": "court-sample-000697/alpha.npy",
      "alpha_preview": "court-sample-000697/alpha.png",
      "depth": "court-sample-000697/depth.npy"
    },
    {
      "camera_id": "court-sample-000698",
      "request_source": "arbitrary",
      "width": 959,
      "height": 539,
      "rgb": "court-sample-000698/rgb.npy",
      "rgb_preview": "court-sample-000698/rgb.png",
      "alpha": "court-sample-000698/alpha.npy",
      "alpha_preview": "court-sample-000698/alpha.png",
      "depth": "court-sample-000698/depth.npy"
    },
    {
      "camera_id": "court-sample-000699",
      "request_source": "arbitrary",
      "width": 959,
      "height": 539,
      "rgb": "court-sample-000699/rgb.npy",
      "rgb_preview": "court-sample-000699/rgb.png",
      "alpha": "court-sample-000699/alpha.npy",
      "alpha_preview": "court-sample-000699/alpha.png",
      "depth": "court-sample-000699/depth.npy"
    },
    {
      "camera_id": "court-sample-000700",
      "request_source": "arbitrary",
      "width": 959,
      "height": 539,
      "rgb": "court-sample-000700/rgb.npy",
      "rgb_preview": "court-sample-000700/rgb.png",
      "alpha": "court-sample-000700/alpha.npy",
      "alpha_preview": "court-sample-000700/alpha.png",
      "depth": "court-sample-000700/depth.npy"
    },
    {
      "camera_id": "court-sample-000701",
      "request_source": "arbitrary",
      "width": 959,
      "height": 539,
      "rgb": "court-sample-000701/rgb.npy",
      "rgb_preview": "court-sample-000701/rgb.png",
      "alpha": "court-sample-000701/alpha.npy",
      "alpha_preview": "court-sample-000701/alpha.png",
      "depth": "court-sample-000701/depth.npy"
    },
    {
      "camera_id": "court-sample-000702",
      "request_source": "arbitrary",
      "width": 959,
      "height": 539,
      "rgb": "court-sample-000702/rgb.npy",
      "rgb_preview": "court-sample-000702/rgb.png",
      "alpha": "court-sample-000702/alpha.npy",
      "alpha_preview": "court-sample-000702/alpha.png",
      "depth": "court-sample-000702/depth.npy"
    },
    {
      "camera_id": "court-sample-000703",
      "request_source": "arbitrary",
      "width": 959,
      "height": 539,
      "rgb": "court-sample-000703/rgb.npy",
      "rgb_preview": "court-sample-000703/rgb.png",
      "alpha": "court-sample-000703/alpha.npy",
      "alpha_preview": "court-sample-000703/alpha.png",
      "depth": "court-sample-000703/depth.npy"
    },
    {
      "camera_id": "court-sample-000704",
      "request_source": "arbitrary",
      "width": 959,
      "height": 539,
      "rgb": "court-sample-000704/rgb.npy",
      "rgb_preview": "court-sample-000704/rgb.png",
      "alpha": "court-sample-000704/alpha.npy",
      "alpha_preview": "court-sample-000704/alpha.png",
      "depth": "court-sample-000704/depth.npy"
    },
    {
      "camera_id": "court-sample-000705",
      "request_source": "arbitrary",
      "width": 959,
      "height": 539,
      "rgb": "court-sample-000705/rgb.npy",
      "rgb_preview": "court-sample-000705/rgb.png",
      "alpha": "court-sample-000705/alpha.npy",
      "alpha_preview": "court-sample-000705/alpha.png",
      "depth": "court-sample-000705/depth.npy"
    },
    {
      "camera_id": "court-sample-000706",
      "request_source": "arbitrary",
      "width": 959,
      "height": 539,
      "rgb": "court-sample-000706/rgb.npy",
      "rgb_preview": "court-sample-000706/rgb.png",
      "alpha": "court-sample-000706/alpha.npy",
      "alpha_preview": "court-sample-000706/alpha.png",
      "depth": "court-sample-000706/depth.npy"
    },
    {
      "camera_id": "court-sample-000707",
      "request_source": "arbitrary",
      "width": 959,
      "height": 539,
      "rgb": "court-sample-000707/rgb.npy",
      "rgb_preview": "court-sample-000707/rgb.png",
      "alpha": "court-sample-000707/alpha.npy",
      "alpha_preview": "court-sample-000707/alpha.png",
      "depth": "court-sample-000707/depth.npy"
    },
    {
      "camera_id": "court-sample-000708",
      "request_source": "arbitrary",
      "width": 959,
      "height": 539,
      "rgb": "court-sample-000708/rgb.npy",
      "rgb_preview": "court-sample-000708/rgb.png",
      "alpha": "court-sample-000708/alpha.npy",
      "alpha_preview": "court-sample-000708/alpha.png",
      "depth": "court-sample-000708/depth.npy"
    },
    {
      "camera_id": "court-sample-000709",
      "request_source": "arbitrary",
      "width": 959,
      "height": 539,
      "rgb": "court-sample-000709/rgb.npy",
      "rgb_preview": "court-sample-000709/rgb.png",
      "alpha": "court-sample-000709/alpha.npy",
      "alpha_preview": "court-sample-000709/alpha.png",
      "depth": "court-sample-000709/depth.npy"
    },
    {
      "camera_id": "court-sample-000710",
      "request_source": "arbitrary",
      "width": 959,
      "height": 539,
      "rgb": "court-sample-000710/rgb.npy",
      "rgb_preview": "court-sample-000710/rgb.png",
      "alpha": "court-sample-000710/alpha.npy",
      "alpha_preview": "court-sample-000710/alpha.png",
      "depth": "court-sample-000710/depth.npy"
    },
    {
      "camera_id": "court-sample-000711",
      "request_source": "arbitrary",
      "width": 959,
      "height": 539,
      "rgb": "court-sample-000711/rgb.npy",
      "rgb_preview": "court-sample-000711/rgb.png",
      "alpha": "court-sample-000711/alpha.npy",
      "alpha_preview": "court-sample-000711/alpha.png",
      "depth": "court-sample-000711/depth.npy"
    },
    {
      "camera_id": "court-sample-000712",
      "request_source": "arbitrary",
      "width": 959,
      "height": 539,
      "rgb": "court-sample-000712/rgb.npy",
      "rgb_preview": "court-sample-000712/rgb.png",
      "alpha": "court-sample-000712/alpha.npy",
      "alpha_preview": "court-sample-000712/alpha.png",
      "depth": "court-sample-000712/depth.npy"
    },
    {
      "camera_id": "court-sample-000713",
      "request_source": "arbitrary",
      "width": 959,
      "height": 539,
      "rgb": "court-sample-000713/rgb.npy",
      "rgb_preview": "court-sample-000713/rgb.png",
      "alpha": "court-sample-000713/alpha.npy",
      "alpha_preview": "court-sample-000713/alpha.png",
      "depth": "court-sample-000713/depth.npy"
    },
    {
      "camera_id": "court-sample-000714",
      "request_source": "arbitrary",
      "width": 959,
      "height": 539,
      "rgb": "court-sample-000714/rgb.npy",
      "rgb_preview": "court-sample-000714/rgb.png",
      "alpha": "court-sample-000714/alpha.npy",
      "alpha_preview": "court-sample-000714/alpha.png",
      "depth": "court-sample-000714/depth.npy"
    },
    {
      "camera_id": "court-sample-000715",
      "request_source": "arbitrary",
      "width": 959,
      "height": 539,
      "rgb": "court-sample-000715/rgb.npy",
      "rgb_preview": "court-sample-000715/rgb.png",
      "alpha": "court-sample-000715/alpha.npy",
      "alpha_preview": "court-sample-000715/alpha.png",
      "depth": "court-sample-000715/depth.npy"
    },
    {
      "camera_id": "court-sample-000716",
      "request_source": "arbitrary",
      "width": 959,
      "height": 539,
      "rgb": "court-sample-000716/rgb.npy",
      "rgb_preview": "court-sample-000716/rgb.png",
      "alpha": "court-sample-000716/alpha.npy",
      "alpha_preview": "court-sample-000716/alpha.png",
      "depth": "court-sample-000716/depth.npy"
    },
    {
      "camera_id": "court-sample-000717",
      "request_source": "arbitrary",
      "width": 959,
      "height": 539,
      "rgb": "court-sample-000717/rgb.npy",
      "rgb_preview": "court-sample-000717/rgb.png",
      "alpha": "court-sample-000717/alpha.npy",
      "alpha_preview": "court-sample-000717/alpha.png",
      "depth": "court-sample-000717/depth.npy"
    },
    {
      "camera_id": "court-sample-000718",
      "request_source": "arbitrary",
      "width": 959,
      "height": 539,
      "rgb": "court-sample-000718/rgb.npy",
      "rgb_preview": "court-sample-000718/rgb.png",
      "alpha": "court-sample-000718/alpha.npy",
      "alpha_preview": "court-sample-000718/alpha.png",
      "depth": "court-sample-000718/depth.npy"
    },
    {
      "camera_id": "court-sample-000719",
      "request_source": "arbitrary",
      "width": 959,
      "height": 539,
      "rgb": "court-sample-000719/rgb.npy",
      "rgb_preview": "court-sample-000719/rgb.png",
      "alpha": "court-sample-000719/alpha.npy",
      "alpha_preview": "court-sample-000719/alpha.png",
      "depth": "court-sample-000719/depth.npy"
    },
    {
      "camera_id": "court-sample-000720",
      "request_source": "arbitrary",
      "width": 959,
      "height": 539,
      "rgb": "court-sample-000720/rgb.npy",
      "rgb_preview": "court-sample-000720/rgb.png",
      "alpha": "court-sample-000720/alpha.npy",
      "alpha_preview": "court-sample-000720/alpha.png",
      "depth": "court-sample-000720/depth.npy"
    },
    {
      "camera_id": "court-sample-000721",
      "request_source": "arbitrary",
      "width": 959,
      "height": 539,
      "rgb": "court-sample-000721/rgb.npy",
      "rgb_preview": "court-sample-000721/rgb.png",
      "alpha": "court-sample-000721/alpha.npy",
      "alpha_preview": "court-sample-000721/alpha.png",
      "depth": "court-sample-000721/depth.npy"
    },
    {
      "camera_id": "court-sample-000722",
      "request_source": "arbitrary",
      "width": 959,
      "height": 539,
      "rgb": "court-sample-000722/rgb.npy",
      "rgb_preview": "court-sample-000722/rgb.png",
      "alpha": "court-sample-000722/alpha.npy",
      "alpha_preview": "court-sample-000722/alpha.png",
      "depth": "court-sample-000722/depth.npy"
    },
    {
      "camera_id": "court-sample-000723",
      "request_source": "arbitrary",
      "width": 959,
      "height": 539,
      "rgb": "court-sample-000723/rgb.npy",
      "rgb_preview": "court-sample-000723/rgb.png",
      "alpha": "court-sample-000723/alpha.npy",
      "alpha_preview": "court-sample-000723/alpha.png",
      "depth": "court-sample-000723/depth.npy"
    },
    {
      "camera_id": "court-sample-000724",
      "request_source": "arbitrary",
      "width": 959,
      "height": 539,
      "rgb": "court-sample-000724/rgb.npy",
      "rgb_preview": "court-sample-000724/rgb.png",
      "alpha": "court-sample-000724/alpha.npy",
      "alpha_preview": "court-sample-000724/alpha.png",
      "depth": "court-sample-000724/depth.npy"
    },
    {
      "camera_id": "court-sample-000725",
      "request_source": "arbitrary",
      "width": 959,
      "height": 539,
      "rgb": "court-sample-000725/rgb.npy",
      "rgb_preview": "court-sample-000725/rgb.png",
      "alpha": "court-sample-000725/alpha.npy",
      "alpha_preview": "court-sample-000725/alpha.png",
      "depth": "court-sample-000725/depth.npy"
    },
    {
      "camera_id": "court-sample-000726",
      "request_source": "arbitrary",
      "width": 959,
      "height": 539,
      "rgb": "court-sample-000726/rgb.npy",
      "rgb_preview": "court-sample-000726/rgb.png",
      "alpha": "court-sample-000726/alpha.npy",
      "alpha_preview": "court-sample-000726/alpha.png",
      "depth": "court-sample-000726/depth.npy"
    },
    {
      "camera_id": "court-sample-000727",
      "request_source": "arbitrary",
      "width": 959,
      "height": 539,
      "rgb": "court-sample-000727/rgb.npy",
      "rgb_preview": "court-sample-000727/rgb.png",
      "alpha": "court-sample-000727/alpha.npy",
      "alpha_preview": "court-sample-000727/alpha.png",
      "depth": "court-sample-000727/depth.npy"
    },
    {
      "camera_id": "court-sample-000784",
      "request_source": "arbitrary",
      "width": 959,
      "height": 539,
      "rgb": "court-sample-000784/rgb.npy",
      "rgb_preview": "court-sample-000784/rgb.png",
      "alpha": "court-sample-000784/alpha.npy",
      "alpha_preview": "court-sample-000784/alpha.png",
      "depth": "court-sample-000784/depth.npy"
    },
    {
      "camera_id": "court-sample-000785",
      "request_source": "arbitrary",
      "width": 959,
      "height": 539,
      "rgb": "court-sample-000785/rgb.npy",
      "rgb_preview": "court-sample-000785/rgb.png",
      "alpha": "court-sample-000785/alpha.npy",
      "alpha_preview": "court-sample-000785/alpha.png",
      "depth": "court-sample-000785/depth.npy"
    },
    {
      "camera_id": "court-sample-000786",
      "request_source": "arbitrary",
      "width": 959,
      "height": 539,
      "rgb": "court-sample-000786/rgb.npy",
      "rgb_preview": "court-sample-000786/rgb.png",
      "alpha": "court-sample-000786/alpha.npy",
      "alpha_preview": "court-sample-000786/alpha.png",
      "depth": "court-sample-000786/depth.npy"
    },
    {
      "camera_id": "court-sample-000787",
      "request_source": "arbitrary",
      "width": 959,
      "height": 539,
      "rgb": "court-sample-000787/rgb.npy",
      "rgb_preview": "court-sample-000787/rgb.png",
      "alpha": "court-sample-000787/alpha.npy",
      "alpha_preview": "court-sample-000787/alpha.png",
      "depth": "court-sample-000787/depth.npy"
    },
    {
      "camera_id": "court-sample-000788",
      "request_source": "arbitrary",
      "width": 959,
      "height": 539,
      "rgb": "court-sample-000788/rgb.npy",
      "rgb_preview": "court-sample-000788/rgb.png",
      "alpha": "court-sample-000788/alpha.npy",
      "alpha_preview": "court-sample-000788/alpha.png",
      "depth": "court-sample-000788/depth.npy"
    },
    {
      "camera_id": "court-sample-000789",
      "request_source": "arbitrary",
      "width": 959,
      "height": 539,
      "rgb": "court-sample-000789/rgb.npy",
      "rgb_preview": "court-sample-000789/rgb.png",
      "alpha": "court-sample-000789/alpha.npy",
      "alpha_preview": "court-sample-000789/alpha.png",
      "depth": "court-sample-000789/depth.npy"
    },
    {
      "camera_id": "court-sample-000790",
      "request_source": "arbitrary",
      "width": 959,
      "height": 539,
      "rgb": "court-sample-000790/rgb.npy",
      "rgb_preview": "court-sample-000790/rgb.png",
      "alpha": "court-sample-000790/alpha.npy",
      "alpha_preview": "court-sample-000790/alpha.png",
      "depth": "court-sample-000790/depth.npy"
    },
    {
      "camera_id": "court-sample-000791",
      "request_source": "arbitrary",
      "width": 959,
      "height": 539,
      "rgb": "court-sample-000791/rgb.npy",
      "rgb_preview": "court-sample-000791/rgb.png",
      "alpha": "court-sample-000791/alpha.npy",
      "alpha_preview": "court-sample-000791/alpha.png",
      "depth": "court-sample-000791/depth.npy"
    },
    {
      "camera_id": "court-sample-000792",
      "request_source": "arbitrary",
      "width": 959,
      "height": 539,
      "rgb": "court-sample-000792/rgb.npy",
      "rgb_preview": "court-sample-000792/rgb.png",
      "alpha": "court-sample-000792/alpha.npy",
      "alpha_preview": "court-sample-000792/alpha.png",
      "depth": "court-sample-000792/depth.npy"
    },
    {
      "camera_id": "court-sample-000793",
      "request_source": "arbitrary",
      "width": 959,
      "height": 539,
      "rgb": "court-sample-000793/rgb.npy",
      "rgb_preview": "court-sample-000793/rgb.png",
      "alpha": "court-sample-000793/alpha.npy",
      "alpha_preview": "court-sample-000793/alpha.png",
      "depth": "court-sample-000793/depth.npy"
    },
    {
      "camera_id": "court-sample-000794",
      "request_source": "arbitrary",
      "width": 959,
      "height": 539,
      "rgb": "court-sample-000794/rgb.npy",
      "rgb_preview": "court-sample-000794/rgb.png",
      "alpha": "court-sample-000794/alpha.npy",
      "alpha_preview": "court-sample-000794/alpha.png",
      "depth": "court-sample-000794/depth.npy"
    },
    {
      "camera_id": "court-sample-000795",
      "request_source": "arbitrary",
      "width": 959,
      "height": 539,
      "rgb": "court-sample-000795/rgb.npy",
      "rgb_preview": "court-sample-000795/rgb.png",
      "alpha": "court-sample-000795/alpha.npy",
      "alpha_preview": "court-sample-000795/alpha.png",
      "depth": "court-sample-000795/depth.npy"
    },
    {
      "camera_id": "court-sample-000796",
      "request_source": "arbitrary",
      "width": 959,
      "height": 539,
      "rgb": "court-sample-000796/rgb.npy",
      "rgb_preview": "court-sample-000796/rgb.png",
      "alpha": "court-sample-000796/alpha.npy",
      "alpha_preview": "court-sample-000796/alpha.png",
      "depth": "court-sample-000796/depth.npy"
    },
    {
      "camera_id": "court-sample-000797",
      "request_source": "arbitrary",
      "width": 959,
      "height": 539,
      "rgb": "court-sample-000797/rgb.npy",
      "rgb_preview": "court-sample-000797/rgb.png",
      "alpha": "court-sample-000797/alpha.npy",
      "alpha_preview": "court-sample-000797/alpha.png",
      "depth": "court-sample-000797/depth.npy"
    },
    {
      "camera_id": "court-sample-000798",
      "request_source": "arbitrary",
      "width": 959,
      "height": 539,
      "rgb": "court-sample-000798/rgb.npy",
      "rgb_preview": "court-sample-000798/rgb.png",
      "alpha": "court-sample-000798/alpha.npy",
      "alpha_preview": "court-sample-000798/alpha.png",
      "depth": "court-sample-000798/depth.npy"
    },
    {
      "camera_id": "court-sample-000799",
      "request_source": "arbitrary",
      "width": 959,
      "height": 539,
      "rgb": "court-sample-000799/rgb.npy",
      "rgb_preview": "court-sample-000799/rgb.png",
      "alpha": "court-sample-000799/alpha.npy",
      "alpha_preview": "court-sample-000799/alpha.png",
      "depth": "court-sample-000799/depth.npy"
    },
    {
      "camera_id": "court-sample-000800",
      "request_source": "arbitrary",
      "width": 959,
      "height": 539,
      "rgb": "court-sample-000800/rgb.npy",
      "rgb_preview": "court-sample-000800/rgb.png",
      "alpha": "court-sample-000800/alpha.npy",
      "alpha_preview": "court-sample-000800/alpha.png",
      "depth": "court-sample-000800/depth.npy"
    },
    {
      "camera_id": "court-sample-000801",
      "request_source": "arbitrary",
      "width": 959,
      "height": 539,
      "rgb": "court-sample-000801/rgb.npy",
      "rgb_preview": "court-sample-000801/rgb.png",
      "alpha": "court-sample-000801/alpha.npy",
      "alpha_preview": "court-sample-000801/alpha.png",
      "depth": "court-sample-000801/depth.npy"
    },
    {
      "camera_id": "court-sample-000802",
      "request_source": "arbitrary",
      "width": 959,
      "height": 539,
      "rgb": "court-sample-000802/rgb.npy",
      "rgb_preview": "court-sample-000802/rgb.png",
      "alpha": "court-sample-000802/alpha.npy",
      "alpha_preview": "court-sample-000802/alpha.png",
      "depth": "court-sample-000802/depth.npy"
    },
    {
      "camera_id": "court-sample-000803",
      "request_source": "arbitrary",
      "width": 959,
      "height": 539,
      "rgb": "court-sample-000803/rgb.npy",
      "rgb_preview": "court-sample-000803/rgb.png",
      "alpha": "court-sample-000803/alpha.npy",
      "alpha_preview": "court-sample-000803/alpha.png",
      "depth": "court-sample-000803/depth.npy"
    },
    {
      "camera_id": "court-sample-000804",
      "request_source": "arbitrary",
      "width": 959,
      "height": 539,
      "rgb": "court-sample-000804/rgb.npy",
      "rgb_preview": "court-sample-000804/rgb.png",
      "alpha": "court-sample-000804/alpha.npy",
      "alpha_preview": "court-sample-000804/alpha.png",
      "depth": "court-sample-000804/depth.npy"
    },
    {
      "camera_id": "court-sample-000805",
      "request_source": "arbitrary",
      "width": 959,
      "height": 539,
      "rgb": "court-sample-000805/rgb.npy",
      "rgb_preview": "court-sample-000805/rgb.png",
      "alpha": "court-sample-000805/alpha.npy",
      "alpha_preview": "court-sample-000805/alpha.png",
      "depth": "court-sample-000805/depth.npy"
    },
    {
      "camera_id": "court-sample-000806",
      "request_source": "arbitrary",
      "width": 959,
      "height": 539,
      "rgb": "court-sample-000806/rgb.npy",
      "rgb_preview": "court-sample-000806/rgb.png",
      "alpha": "court-sample-000806/alpha.npy",
      "alpha_preview": "court-sample-000806/alpha.png",
      "depth": "court-sample-000806/depth.npy"
    },
    {
      "camera_id": "court-sample-000807",
      "request_source": "arbitrary",
      "width": 959,
      "height": 539,
      "rgb": "court-sample-000807/rgb.npy",
      "rgb_preview": "court-sample-000807/rgb.png",
      "alpha": "court-sample-000807/alpha.npy",
      "alpha_preview": "court-sample-000807/alpha.png",
      "depth": "court-sample-000807/depth.npy"
    },
    {
      "camera_id": "court-sample-000808",
      "request_source": "arbitrary",
      "width": 959,
      "height": 539,
      "rgb": "court-sample-000808/rgb.npy",
      "rgb_preview": "court-sample-000808/rgb.png",
      "alpha": "court-sample-000808/alpha.npy",
      "alpha_preview": "court-sample-000808/alpha.png",
      "depth": "court-sample-000808/depth.npy"
    },
    {
      "camera_id": "court-sample-000809",
      "request_source": "arbitrary",
      "width": 959,
      "height": 539,
      "rgb": "court-sample-000809/rgb.npy",
      "rgb_preview": "court-sample-000809/rgb.png",
      "alpha": "court-sample-000809/alpha.npy",
      "alpha_preview": "court-sample-000809/alpha.png",
      "depth": "court-sample-000809/depth.npy"
    },
    {
      "camera_id": "court-sample-000810",
      "request_source": "arbitrary",
      "width": 959,
      "height": 539,
      "rgb": "court-sample-000810/rgb.npy",
      "rgb_preview": "court-sample-000810/rgb.png",
      "alpha": "court-sample-000810/alpha.npy",
      "alpha_preview": "court-sample-000810/alpha.png",
      "depth": "court-sample-000810/depth.npy"
    },
    {
      "camera_id": "court-sample-000811",
      "request_source": "arbitrary",
      "width": 959,
      "height": 539,
      "rgb": "court-sample-000811/rgb.npy",
      "rgb_preview": "court-sample-000811/rgb.png",
      "alpha": "court-sample-000811/alpha.npy",
      "alpha_preview": "court-sample-000811/alpha.png",
      "depth": "court-sample-000811/depth.npy"
    },
    {
      "camera_id": "court-sample-000812",
      "request_source": "arbitrary",
      "width": 959,
      "height": 539,
      "rgb": "court-sample-000812/rgb.npy",
      "rgb_preview": "court-sample-000812/rgb.png",
      "alpha": "court-sample-000812/alpha.npy",
      "alpha_preview": "court-sample-000812/alpha.png",
      "depth": "court-sample-000812/depth.npy"
    },
    {
      "camera_id": "court-sample-000813",
      "request_source": "arbitrary",
      "width": 959,
      "height": 539,
      "rgb": "court-sample-000813/rgb.npy",
      "rgb_preview": "court-sample-000813/rgb.png",
      "alpha": "court-sample-000813/alpha.npy",
      "alpha_preview": "court-sample-000813/alpha.png",
      "depth": "court-sample-000813/depth.npy"
    },
    {
      "camera_id": "court-sample-000814",
      "request_source": "arbitrary",
      "width": 959,
      "height": 539,
      "rgb": "court-sample-000814/rgb.npy",
      "rgb_preview": "court-sample-000814/rgb.png",
      "alpha": "court-sample-000814/alpha.npy",
      "alpha_preview": "court-sample-000814/alpha.png",
      "depth": "court-sample-000814/depth.npy"
    },
    {
      "camera_id": "court-sample-000815",
      "request_source": "arbitrary",
      "width": 959,
      "height": 539,
      "rgb": "court-sample-000815/rgb.npy",
      "rgb_preview": "court-sample-000815/rgb.png",
      "alpha": "court-sample-000815/alpha.npy",
      "alpha_preview": "court-sample-000815/alpha.png",
      "depth": "court-sample-000815/depth.npy"
    },
    {
      "camera_id": "court-sample-000816",
      "request_source": "arbitrary",
      "width": 959,
      "height": 539,
      "rgb": "court-sample-000816/rgb.npy",
      "rgb_preview": "court-sample-000816/rgb.png",
      "alpha": "court-sample-000816/alpha.npy",
      "alpha_preview": "court-sample-000816/alpha.png",
      "depth": "court-sample-000816/depth.npy"
    },
    {
      "camera_id": "court-sample-000817",
      "request_source": "arbitrary",
      "width": 959,
      "height": 539,
      "rgb": "court-sample-000817/rgb.npy",
      "rgb_preview": "court-sample-000817/rgb.png",
      "alpha": "court-sample-000817/alpha.npy",
      "alpha_preview": "court-sample-000817/alpha.png",
      "depth": "court-sample-000817/depth.npy"
    },
    {
      "camera_id": "court-sample-000818",
      "request_source": "arbitrary",
      "width": 959,
      "height": 539,
      "rgb": "court-sample-000818/rgb.npy",
      "rgb_preview": "court-sample-000818/rgb.png",
      "alpha": "court-sample-000818/alpha.npy",
      "alpha_preview": "court-sample-000818/alpha.png",
      "depth": "court-sample-000818/depth.npy"
    },
    {
      "camera_id": "court-sample-000819",
      "request_source": "arbitrary",
      "width": 959,
      "height": 539,
      "rgb": "court-sample-000819/rgb.npy",
      "rgb_preview": "court-sample-000819/rgb.png",
      "alpha": "court-sample-000819/alpha.npy",
      "alpha_preview": "court-sample-000819/alpha.png",
      "depth": "court-sample-000819/depth.npy"
    },
    {
      "camera_id": "court-sample-000820",
      "request_source": "arbitrary",
      "width": 959,
      "height": 539,
      "rgb": "court-sample-000820/rgb.npy",
      "rgb_preview": "court-sample-000820/rgb.png",
      "alpha": "court-sample-000820/alpha.npy",
      "alpha_preview": "court-sample-000820/alpha.png",
      "depth": "court-sample-000820/depth.npy"
    },
    {
      "camera_id": "court-sample-000821",
      "request_source": "arbitrary",
      "width": 959,
      "height": 539,
      "rgb": "court-sample-000821/rgb.npy",
      "rgb_preview": "court-sample-000821/rgb.png",
      "alpha": "court-sample-000821/alpha.npy",
      "alpha_preview": "court-sample-000821/alpha.png",
      "depth": "court-sample-000821/depth.npy"
    },
    {
      "camera_id": "court-sample-000822",
      "request_source": "arbitrary",
      "width": 959,
      "height": 539,
      "rgb": "court-sample-000822/rgb.npy",
      "rgb_preview": "court-sample-000822/rgb.png",
      "alpha": "court-sample-000822/alpha.npy",
      "alpha_preview": "court-sample-000822/alpha.png",
      "depth": "court-sample-000822/depth.npy"
    },
    {
      "camera_id": "court-sample-000823",
      "request_source": "arbitrary",
      "width": 959,
      "height": 539,
      "rgb": "court-sample-000823/rgb.npy",
      "rgb_preview": "court-sample-000823/rgb.png",
      "alpha": "court-sample-000823/alpha.npy",
      "alpha_preview": "court-sample-000823/alpha.png",
      "depth": "court-sample-000823/depth.npy"
    },
    {
      "camera_id": "court-sample-000824",
      "request_source": "arbitrary",
      "width": 959,
      "height": 539,
      "rgb": "court-sample-000824/rgb.npy",
      "rgb_preview": "court-sample-000824/rgb.png",
      "alpha": "court-sample-000824/alpha.npy",
      "alpha_preview": "court-sample-000824/alpha.png",
      "depth": "court-sample-000824/depth.npy"
    },
    {
      "camera_id": "court-sample-000825",
      "request_source": "arbitrary",
      "width": 959,
      "height": 539,
      "rgb": "court-sample-000825/rgb.npy",
      "rgb_preview": "court-sample-000825/rgb.png",
      "alpha": "court-sample-000825/alpha.npy",
      "alpha_preview": "court-sample-000825/alpha.png",
      "depth": "court-sample-000825/depth.npy"
    },
    {
      "camera_id": "court-sample-000826",
      "request_source": "arbitrary",
      "width": 959,
      "height": 539,
      "rgb": "court-sample-000826/rgb.npy",
      "rgb_preview": "court-sample-000826/rgb.png",
      "alpha": "court-sample-000826/alpha.npy",
      "alpha_preview": "court-sample-000826/alpha.png",
      "depth": "court-sample-000826/depth.npy"
    },
    {
      "camera_id": "court-sample-000827",
      "request_source": "arbitrary",
      "width": 959,
      "height": 539,
      "rgb": "court-sample-000827/rgb.npy",
      "rgb_preview": "court-sample-000827/rgb.png",
      "alpha": "court-sample-000827/alpha.npy",
      "alpha_preview": "court-sample-000827/alpha.png",
      "depth": "court-sample-000827/depth.npy"
    },
    {
      "camera_id": "court-sample-000828",
      "request_source": "arbitrary",
      "width": 959,
      "height": 539,
      "rgb": "court-sample-000828/rgb.npy",
      "rgb_preview": "court-sample-000828/rgb.png",
      "alpha": "court-sample-000828/alpha.npy",
      "alpha_preview": "court-sample-000828/alpha.png",
      "depth": "court-sample-000828/depth.npy"
    },
    {
      "camera_id": "court-sample-000829",
      "request_source": "arbitrary",
      "width": 959,
      "height": 539,
      "rgb": "court-sample-000829/rgb.npy",
      "rgb_preview": "court-sample-000829/rgb.png",
      "alpha": "court-sample-000829/alpha.npy",
      "alpha_preview": "court-sample-000829/alpha.png",
      "depth": "court-sample-000829/depth.npy"
    },
    {
      "camera_id": "court-sample-000830",
      "request_source": "arbitrary",
      "width": 959,
      "height": 539,
      "rgb": "court-sample-000830/rgb.npy",
      "rgb_preview": "court-sample-000830/rgb.png",
      "alpha": "court-sample-000830/alpha.npy",
      "alpha_preview": "court-sample-000830/alpha.png",
      "depth": "court-sample-000830/depth.npy"
    },
    {
      "camera_id": "court-sample-000831",
      "request_source": "arbitrary",
      "width": 959,
      "height": 539,
      "rgb": "court-sample-000831/rgb.npy",
      "rgb_preview": "court-sample-000831/rgb.png",
      "alpha": "court-sample-000831/alpha.npy",
      "alpha_preview": "court-sample-000831/alpha.png",
      "depth": "court-sample-000831/depth.npy"
    },
    {
      "camera_id": "court-sample-000832",
      "request_source": "arbitrary",
      "width": 959,
      "height": 539,
      "rgb": "court-sample-000832/rgb.npy",
      "rgb_preview": "court-sample-000832/rgb.png",
      "alpha": "court-sample-000832/alpha.npy",
      "alpha_preview": "court-sample-000832/alpha.png",
      "depth": "court-sample-000832/depth.npy"
    },
    {
      "camera_id": "court-sample-000833",
      "request_source": "arbitrary",
      "width": 959,
      "height": 539,
      "rgb": "court-sample-000833/rgb.npy",
      "rgb_preview": "court-sample-000833/rgb.png",
      "alpha": "court-sample-000833/alpha.npy",
      "alpha_preview": "court-sample-000833/alpha.png",
      "depth": "court-sample-000833/depth.npy"
    },
    {
      "camera_id": "court-sample-000834",
      "request_source": "arbitrary",
      "width": 959,
      "height": 539,
      "rgb": "court-sample-000834/rgb.npy",
      "rgb_preview": "court-sample-000834/rgb.png",
      "alpha": "court-sample-000834/alpha.npy",
      "alpha_preview": "court-sample-000834/alpha.png",
      "depth": "court-sample-000834/depth.npy"
    },
    {
      "camera_id": "court-sample-000835",
      "request_source": "arbitrary",
      "width": 959,
      "height": 539,
      "rgb": "court-sample-000835/rgb.npy",
      "rgb_preview": "court-sample-000835/rgb.png",
      "alpha": "court-sample-000835/alpha.npy",
      "alpha_preview": "court-sample-000835/alpha.png",
      "depth": "court-sample-000835/depth.npy"
    },
    {
      "camera_id": "court-sample-000836",
      "request_source": "arbitrary",
      "width": 959,
      "height": 539,
      "rgb": "court-sample-000836/rgb.npy",
      "rgb_preview": "court-sample-000836/rgb.png",
      "alpha": "court-sample-000836/alpha.npy",
      "alpha_preview": "court-sample-000836/alpha.png",
      "depth": "court-sample-000836/depth.npy"
    },
    {
      "camera_id": "court-sample-000837",
      "request_source": "arbitrary",
      "width": 959,
      "height": 539,
      "rgb": "court-sample-000837/rgb.npy",
      "rgb_preview": "court-sample-000837/rgb.png",
      "alpha": "court-sample-000837/alpha.npy",
      "alpha_preview": "court-sample-000837/alpha.png",
      "depth": "court-sample-000837/depth.npy"
    },
    {
      "camera_id": "court-sample-000838",
      "request_source": "arbitrary",
      "width": 959,
      "height": 539,
      "rgb": "court-sample-000838/rgb.npy",
      "rgb_preview": "court-sample-000838/rgb.png",
      "alpha": "court-sample-000838/alpha.npy",
      "alpha_preview": "court-sample-000838/alpha.png",
      "depth": "court-sample-000838/depth.npy"
    },
    {
      "camera_id": "court-sample-000839",
      "request_source": "arbitrary",
      "width": 959,
      "height": 539,
      "rgb": "court-sample-000839/rgb.npy",
      "rgb_preview": "court-sample-000839/rgb.png",
      "alpha": "court-sample-000839/alpha.npy",
      "alpha_preview": "court-sample-000839/alpha.png",
      "depth": "court-sample-000839/depth.npy"
    },
    {
      "camera_id": "court-sample-000840",
      "request_source": "arbitrary",
      "width": 959,
      "height": 539,
      "rgb": "court-sample-000840/rgb.npy",
      "rgb_preview": "court-sample-000840/rgb.png",
      "alpha": "court-sample-000840/alpha.npy",
      "alpha_preview": "court-sample-000840/alpha.png",
      "depth": "court-sample-000840/depth.npy"
    },
    {
      "camera_id": "court-sample-000841",
      "request_source": "arbitrary",
      "width": 959,
      "height": 539,
      "rgb": "court-sample-000841/rgb.npy",
      "rgb_preview": "court-sample-000841/rgb.png",
      "alpha": "court-sample-000841/alpha.npy",
      "alpha_preview": "court-sample-000841/alpha.png",
      "depth": "court-sample-000841/depth.npy"
    },
    {
      "camera_id": "court-sample-000842",
      "request_source": "arbitrary",
      "width": 959,
      "height": 539,
      "rgb": "court-sample-000842/rgb.npy",
      "rgb_preview": "court-sample-000842/rgb.png",
      "alpha": "court-sample-000842/alpha.npy",
      "alpha_preview": "court-sample-000842/alpha.png",
      "depth": "court-sample-000842/depth.npy"
    },
    {
      "camera_id": "court-sample-000843",
      "request_source": "arbitrary",
      "width": 959,
      "height": 539,
      "rgb": "court-sample-000843/rgb.npy",
      "rgb_preview": "court-sample-000843/rgb.png",
      "alpha": "court-sample-000843/alpha.npy",
      "alpha_preview": "court-sample-000843/alpha.png",
      "depth": "court-sample-000843/depth.npy"
    },
    {
      "camera_id": "court-sample-000844",
      "request_source": "arbitrary",
      "width": 959,
      "height": 539,
      "rgb": "court-sample-000844/rgb.npy",
      "rgb_preview": "court-sample-000844/rgb.png",
      "alpha": "court-sample-000844/alpha.npy",
      "alpha_preview": "court-sample-000844/alpha.png",
      "depth": "court-sample-000844/depth.npy"
    },
    {
      "camera_id": "court-sample-000845",
      "request_source": "arbitrary",
      "width": 959,
      "height": 539,
      "rgb": "court-sample-000845/rgb.npy",
      "rgb_preview": "court-sample-000845/rgb.png",
      "alpha": "court-sample-000845/alpha.npy",
      "alpha_preview": "court-sample-000845/alpha.png",
      "depth": "court-sample-000845/depth.npy"
    },
    {
      "camera_id": "court-sample-000846",
      "request_source": "arbitrary",
      "width": 959,
      "height": 539,
      "rgb": "court-sample-000846/rgb.npy",
      "rgb_preview": "court-sample-000846/rgb.png",
      "alpha": "court-sample-000846/alpha.npy",
      "alpha_preview": "court-sample-000846/alpha.png",
      "depth": "court-sample-000846/depth.npy"
    },
    {
      "camera_id": "court-sample-000847",
      "request_source": "arbitrary",
      "width": 959,
      "height": 539,
      "rgb": "court-sample-000847/rgb.npy",
      "rgb_preview": "court-sample-000847/rgb.png",
      "alpha": "court-sample-000847/alpha.npy",
      "alpha_preview": "court-sample-000847/alpha.png",
      "depth": "court-sample-000847/depth.npy"
    },
    {
      "camera_id": "court-sample-000848",
      "request_source": "arbitrary",
      "width": 959,
      "height": 539,
      "rgb": "court-sample-000848/rgb.npy",
      "rgb_preview": "court-sample-000848/rgb.png",
      "alpha": "court-sample-000848/alpha.npy",
      "alpha_preview": "court-sample-000848/alpha.png",
      "depth": "court-sample-000848/depth.npy"
    },
    {
      "camera_id": "court-sample-000849",
      "request_source": "arbitrary",
      "width": 959,
      "height": 539,
      "rgb": "court-sample-000849/rgb.npy",
      "rgb_preview": "court-sample-000849/rgb.png",
      "alpha": "court-sample-000849/alpha.npy",
      "alpha_preview": "court-sample-000849/alpha.png",
      "depth": "court-sample-000849/depth.npy"
    },
    {
      "camera_id": "court-sample-000850",
      "request_source": "arbitrary",
      "width": 959,
      "height": 539,
      "rgb": "court-sample-000850/rgb.npy",
      "rgb_preview": "court-sample-000850/rgb.png",
      "alpha": "court-sample-000850/alpha.npy",
      "alpha_preview": "court-sample-000850/alpha.png",
      "depth": "court-sample-000850/depth.npy"
    },
    {
      "camera_id": "court-sample-000851",
      "request_source": "arbitrary",
      "width": 959,
      "height": 539,
      "rgb": "court-sample-000851/rgb.npy",
      "rgb_preview": "court-sample-000851/rgb.png",
      "alpha": "court-sample-000851/alpha.npy",
      "alpha_preview": "court-sample-000851/alpha.png",
      "depth": "court-sample-000851/depth.npy"
    },
    {
      "camera_id": "court-sample-000852",
      "request_source": "arbitrary",
      "width": 959,
      "height": 539,
      "rgb": "court-sample-000852/rgb.npy",
      "rgb_preview": "court-sample-000852/rgb.png",
      "alpha": "court-sample-000852/alpha.npy",
      "alpha_preview": "court-sample-000852/alpha.png",
      "depth": "court-sample-000852/depth.npy"
    },
    {
      "camera_id": "court-sample-000853",
      "request_source": "arbitrary",
      "width": 959,
      "height": 539,
      "rgb": "court-sample-000853/rgb.npy",
      "rgb_preview": "court-sample-000853/rgb.png",
      "alpha": "court-sample-000853/alpha.npy",
      "alpha_preview": "court-sample-000853/alpha.png",
      "depth": "court-sample-000853/depth.npy"
    },
    {
      "camera_id": "court-sample-000854",
      "request_source": "arbitrary",
      "width": 959,
      "height": 539,
      "rgb": "court-sample-000854/rgb.npy",
      "rgb_preview": "court-sample-000854/rgb.png",
      "alpha": "court-sample-000854/alpha.npy",
      "alpha_preview": "court-sample-000854/alpha.png",
      "depth": "court-sample-000854/depth.npy"
    },
    {
      "camera_id": "court-sample-000855",
      "request_source": "arbitrary",
      "width": 959,
      "height": 539,
      "rgb": "court-sample-000855/rgb.npy",
      "rgb_preview": "court-sample-000855/rgb.png",
      "alpha": "court-sample-000855/alpha.npy",
      "alpha_preview": "court-sample-000855/alpha.png",
      "depth": "court-sample-000855/depth.npy"
    },
    {
      "camera_id": "court-sample-001936",
      "request_source": "arbitrary",
      "width": 959,
      "height": 539,
      "rgb": "court-sample-001936/rgb.npy",
      "rgb_preview": "court-sample-001936/rgb.png",
      "alpha": "court-sample-001936/alpha.npy",
      "alpha_preview": "court-sample-001936/alpha.png",
      "depth": "court-sample-001936/depth.npy"
    },
    {
      "camera_id": "court-sample-001937",
      "request_source": "arbitrary",
      "width": 959,
      "height": 539,
      "rgb": "court-sample-001937/rgb.npy",
      "rgb_preview": "court-sample-001937/rgb.png",
      "alpha": "court-sample-001937/alpha.npy",
      "alpha_preview": "court-sample-001937/alpha.png",
      "depth": "court-sample-001937/depth.npy"
    },
    {
      "camera_id": "court-sample-001938",
      "request_source": "arbitrary",
      "width": 959,
      "height": 539,
      "rgb": "court-sample-001938/rgb.npy",
      "rgb_preview": "court-sample-001938/rgb.png",
      "alpha": "court-sample-001938/alpha.npy",
      "alpha_preview": "court-sample-001938/alpha.png",
      "depth": "court-sample-001938/depth.npy"
    },
    {
      "camera_id": "court-sample-001939",
      "request_source": "arbitrary",
      "width": 959,
      "height": 539,
      "rgb": "court-sample-001939/rgb.npy",
      "rgb_preview": "court-sample-001939/rgb.png",
      "alpha": "court-sample-001939/alpha.npy",
      "alpha_preview": "court-sample-001939/alpha.png",
      "depth": "court-sample-001939/depth.npy"
    },
    {
      "camera_id": "court-sample-001940",
      "request_source": "arbitrary",
      "width": 959,
      "height": 539,
      "rgb": "court-sample-001940/rgb.npy",
      "rgb_preview": "court-sample-001940/rgb.png",
      "alpha": "court-sample-001940/alpha.npy",
      "alpha_preview": "court-sample-001940/alpha.png",
      "depth": "court-sample-001940/depth.npy"
    },
    {
      "camera_id": "court-sample-001941",
      "request_source": "arbitrary",
      "width": 959,
      "height": 539,
      "rgb": "court-sample-001941/rgb.npy",
      "rgb_preview": "court-sample-001941/rgb.png",
      "alpha": "court-sample-001941/alpha.npy",
      "alpha_preview": "court-sample-001941/alpha.png",
      "depth": "court-sample-001941/depth.npy"
    },
    {
      "camera_id": "court-sample-001942",
      "request_source": "arbitrary",
      "width": 959,
      "height": 539,
      "rgb": "court-sample-001942/rgb.npy",
      "rgb_preview": "court-sample-001942/rgb.png",
      "alpha": "court-sample-001942/alpha.npy",
      "alpha_preview": "court-sample-001942/alpha.png",
      "depth": "court-sample-001942/depth.npy"
    },
    {
      "camera_id": "court-sample-001943",
      "request_source": "arbitrary",
      "width": 959,
      "height": 539,
      "rgb": "court-sample-001943/rgb.npy",
      "rgb_preview": "court-sample-001943/rgb.png",
      "alpha": "court-sample-001943/alpha.npy",
      "alpha_preview": "court-sample-001943/alpha.png",
      "depth": "court-sample-001943/depth.npy"
    },
    {
      "camera_id": "court-sample-001944",
      "request_source": "arbitrary",
      "width": 959,
      "height": 539,
      "rgb": "court-sample-001944/rgb.npy",
      "rgb_preview": "court-sample-001944/rgb.png",
      "alpha": "court-sample-001944/alpha.npy",
      "alpha_preview": "court-sample-001944/alpha.png",
      "depth": "court-sample-001944/depth.npy"
    },
    {
      "camera_id": "court-sample-001945",
      "request_source": "arbitrary",
      "width": 959,
      "height": 539,
      "rgb": "court-sample-001945/rgb.npy",
      "rgb_preview": "court-sample-001945/rgb.png",
      "alpha": "court-sample-001945/alpha.npy",
      "alpha_preview": "court-sample-001945/alpha.png",
      "depth": "court-sample-001945/depth.npy"
    },
    {
      "camera_id": "court-sample-001946",
      "request_source": "arbitrary",
      "width": 959,
      "height": 539,
      "rgb": "court-sample-001946/rgb.npy",
      "rgb_preview": "court-sample-001946/rgb.png",
      "alpha": "court-sample-001946/alpha.npy",
      "alpha_preview": "court-sample-001946/alpha.png",
      "depth": "court-sample-001946/depth.npy"
    },
    {
      "camera_id": "court-sample-001947",
      "request_source": "arbitrary",
      "width": 959,
      "height": 539,
      "rgb": "court-sample-001947/rgb.npy",
      "rgb_preview": "court-sample-001947/rgb.png",
      "alpha": "court-sample-001947/alpha.npy",
      "alpha_preview": "court-sample-001947/alpha.png",
      "depth": "court-sample-001947/depth.npy"
    },
    {
      "camera_id": "court-sample-001948",
      "request_source": "arbitrary",
      "width": 959,
      "height": 539,
      "rgb": "court-sample-001948/rgb.npy",
      "rgb_preview": "court-sample-001948/rgb.png",
      "alpha": "court-sample-001948/alpha.npy",
      "alpha_preview": "court-sample-001948/alpha.png",
      "depth": "court-sample-001948/depth.npy"
    },
    {
      "camera_id": "court-sample-001949",
      "request_source": "arbitrary",
      "width": 959,
      "height": 539,
      "rgb": "court-sample-001949/rgb.npy",
      "rgb_preview": "court-sample-001949/rgb.png",
      "alpha": "court-sample-001949/alpha.npy",
      "alpha_preview": "court-sample-001949/alpha.png",
      "depth": "court-sample-001949/depth.npy"
    },
    {
      "camera_id": "court-sample-001950",
      "request_source": "arbitrary",
      "width": 959,
      "height": 539,
      "rgb": "court-sample-001950/rgb.npy",
      "rgb_preview": "court-sample-001950/rgb.png",
      "alpha": "court-sample-001950/alpha.npy",
      "alpha_preview": "court-sample-001950/alpha.png",
      "depth": "court-sample-001950/depth.npy"
    },
    {
      "camera_id": "court-sample-001954",
      "request_source": "arbitrary",
      "width": 959,
      "height": 539,
      "rgb": "court-sample-001954/rgb.npy",
      "rgb_preview": "court-sample-001954/rgb.png",
      "alpha": "court-sample-001954/alpha.npy",
      "alpha_preview": "court-sample-001954/alpha.png",
      "depth": "court-sample-001954/depth.npy"
    },
    {
      "camera_id": "court-sample-001955",
      "request_source": "arbitrary",
      "width": 959,
      "height": 539,
      "rgb": "court-sample-001955/rgb.npy",
      "rgb_preview": "court-sample-001955/rgb.png",
      "alpha": "court-sample-001955/alpha.npy",
      "alpha_preview": "court-sample-001955/alpha.png",
      "depth": "court-sample-001955/depth.npy"
    },
    {
      "camera_id": "court-sample-001956",
      "request_source": "arbitrary",
      "width": 959,
      "height": 539,
      "rgb": "court-sample-001956/rgb.npy",
      "rgb_preview": "court-sample-001956/rgb.png",
      "alpha": "court-sample-001956/alpha.npy",
      "alpha_preview": "court-sample-001956/alpha.png",
      "depth": "court-sample-001956/depth.npy"
    },
    {
      "camera_id": "court-sample-001957",
      "request_source": "arbitrary",
      "width": 959,
      "height": 539,
      "rgb": "court-sample-001957/rgb.npy",
      "rgb_preview": "court-sample-001957/rgb.png",
      "alpha": "court-sample-001957/alpha.npy",
      "alpha_preview": "court-sample-001957/alpha.png",
      "depth": "court-sample-001957/depth.npy"
    },
    {
      "camera_id": "court-sample-001958",
      "request_source": "arbitrary",
      "width": 959,
      "height": 539,
      "rgb": "court-sample-001958/rgb.npy",
      "rgb_preview": "court-sample-001958/rgb.png",
      "alpha": "court-sample-001958/alpha.npy",
      "alpha_preview": "court-sample-001958/alpha.png",
      "depth": "court-sample-001958/depth.npy"
    },
    {
      "camera_id": "court-sample-001959",
      "request_source": "arbitrary",
      "width": 959,
      "height": 539,
      "rgb": "court-sample-001959/rgb.npy",
      "rgb_preview": "court-sample-001959/rgb.png",
      "alpha": "court-sample-001959/alpha.npy",
      "alpha_preview": "court-sample-001959/alpha.png",
      "depth": "court-sample-001959/depth.npy"
    },
    {
      "camera_id": "court-sample-001960",
      "request_source": "arbitrary",
      "width": 959,
      "height": 539,
      "rgb": "court-sample-001960/rgb.npy",
      "rgb_preview": "court-sample-001960/rgb.png",
      "alpha": "court-sample-001960/alpha.npy",
      "alpha_preview": "court-sample-001960/alpha.png",
      "depth": "court-sample-001960/depth.npy"
    },
    {
      "camera_id": "court-sample-001961",
      "request_source": "arbitrary",
      "width": 959,
      "height": 539,
      "rgb": "court-sample-001961/rgb.npy",
      "rgb_preview": "court-sample-001961/rgb.png",
      "alpha": "court-sample-001961/alpha.npy",
      "alpha_preview": "court-sample-001961/alpha.png",
      "depth": "court-sample-001961/depth.npy"
    },
    {
      "camera_id": "court-sample-001962",
      "request_source": "arbitrary",
      "width": 959,
      "height": 539,
      "rgb": "court-sample-001962/rgb.npy",
      "rgb_preview": "court-sample-001962/rgb.png",
      "alpha": "court-sample-001962/alpha.npy",
      "alpha_preview": "court-sample-001962/alpha.png",
      "depth": "court-sample-001962/depth.npy"
    },
    {
      "camera_id": "court-sample-001963",
      "request_source": "arbitrary",
      "width": 959,
      "height": 539,
      "rgb": "court-sample-001963/rgb.npy",
      "rgb_preview": "court-sample-001963/rgb.png",
      "alpha": "court-sample-001963/alpha.npy",
      "alpha_preview": "court-sample-001963/alpha.png",
      "depth": "court-sample-001963/depth.npy"
    },
    {
      "camera_id": "court-sample-001964",
      "request_source": "arbitrary",
      "width": 959,
      "height": 539,
      "rgb": "court-sample-001964/rgb.npy",
      "rgb_preview": "court-sample-001964/rgb.png",
      "alpha": "court-sample-001964/alpha.npy",
      "alpha_preview": "court-sample-001964/alpha.png",
      "depth": "court-sample-001964/depth.npy"
    },
    {
      "camera_id": "court-sample-001965",
      "request_source": "arbitrary",
      "width": 959,
      "height": 539,
      "rgb": "court-sample-001965/rgb.npy",
      "rgb_preview": "court-sample-001965/rgb.png",
      "alpha": "court-sample-001965/alpha.npy",
      "alpha_preview": "court-sample-001965/alpha.png",
      "depth": "court-sample-001965/depth.npy"
    },
    {
      "camera_id": "court-sample-001966",
      "request_source": "arbitrary",
      "width": 959,
      "height": 539,
      "rgb": "court-sample-001966/rgb.npy",
      "rgb_preview": "court-sample-001966/rgb.png",
      "alpha": "court-sample-001966/alpha.npy",
      "alpha_preview": "court-sample-001966/alpha.png",
      "depth": "court-sample-001966/depth.npy"
    },
    {
      "camera_id": "court-sample-001967",
      "request_source": "arbitrary",
      "width": 959,
      "height": 539,
      "rgb": "court-sample-001967/rgb.npy",
      "rgb_preview": "court-sample-001967/rgb.png",
      "alpha": "court-sample-001967/alpha.npy",
      "alpha_preview": "court-sample-001967/alpha.png",
      "depth": "court-sample-001967/depth.npy"
    },
    {
      "camera_id": "court-sample-001968",
      "request_source": "arbitrary",
      "width": 959,
      "height": 539,
      "rgb": "court-sample-001968/rgb.npy",
      "rgb_preview": "court-sample-001968/rgb.png",
      "alpha": "court-sample-001968/alpha.npy",
      "alpha_preview": "court-sample-001968/alpha.png",
      "depth": "court-sample-001968/depth.npy"
    },
    {
      "camera_id": "court-sample-001969",
      "request_source": "arbitrary",
      "width": 959,
      "height": 539,
      "rgb": "court-sample-001969/rgb.npy",
      "rgb_preview": "court-sample-001969/rgb.png",
      "alpha": "court-sample-001969/alpha.npy",
      "alpha_preview": "court-sample-001969/alpha.png",
      "depth": "court-sample-001969/depth.npy"
    },
    {
      "camera_id": "court-sample-001970",
      "request_source": "arbitrary",
      "width": 959,
      "height": 539,
      "rgb": "court-sample-001970/rgb.npy",
      "rgb_preview": "court-sample-001970/rgb.png",
      "alpha": "court-sample-001970/alpha.npy",
      "alpha_preview": "court-sample-001970/alpha.png",
      "depth": "court-sample-001970/depth.npy"
    },
    {
      "camera_id": "court-sample-001971",
      "request_source": "arbitrary",
      "width": 959,
      "height": 539,
      "rgb": "court-sample-001971/rgb.npy",
      "rgb_preview": "court-sample-001971/rgb.png",
      "alpha": "court-sample-001971/alpha.npy",
      "alpha_preview": "court-sample-001971/alpha.png",
      "depth": "court-sample-001971/depth.npy"
    },
    {
      "camera_id": "court-sample-001972",
      "request_source": "arbitrary",
      "width": 959,
      "height": 539,
      "rgb": "court-sample-001972/rgb.npy",
      "rgb_preview": "court-sample-001972/rgb.png",
      "alpha": "court-sample-001972/alpha.npy",
      "alpha_preview": "court-sample-001972/alpha.png",
      "depth": "court-sample-001972/depth.npy"
    },
    {
      "camera_id": "court-sample-001973",
      "request_source": "arbitrary",
      "width": 959,
      "height": 539,
      "rgb": "court-sample-001973/rgb.npy",
      "rgb_preview": "court-sample-001973/rgb.png",
      "alpha": "court-sample-001973/alpha.npy",
      "alpha_preview": "court-sample-001973/alpha.png",
      "depth": "court-sample-001973/depth.npy"
    },
    {
      "camera_id": "court-sample-001977",
      "request_source": "arbitrary",
      "width": 959,
      "height": 539,
      "rgb": "court-sample-001977/rgb.npy",
      "rgb_preview": "court-sample-001977/rgb.png",
      "alpha": "court-sample-001977/alpha.npy",
      "alpha_preview": "court-sample-001977/alpha.png",
      "depth": "court-sample-001977/depth.npy"
    },
    {
      "camera_id": "court-sample-001978",
      "request_source": "arbitrary",
      "width": 959,
      "height": 539,
      "rgb": "court-sample-001978/rgb.npy",
      "rgb_preview": "court-sample-001978/rgb.png",
      "alpha": "court-sample-001978/alpha.npy",
      "alpha_preview": "court-sample-001978/alpha.png",
      "depth": "court-sample-001978/depth.npy"
    },
    {
      "camera_id": "court-sample-001979",
      "request_source": "arbitrary",
      "width": 959,
      "height": 539,
      "rgb": "court-sample-001979/rgb.npy",
      "rgb_preview": "court-sample-001979/rgb.png",
      "alpha": "court-sample-001979/alpha.npy",
      "alpha_preview": "court-sample-001979/alpha.png",
      "depth": "court-sample-001979/depth.npy"
    },
    {
      "camera_id": "court-sample-001980",
      "request_source": "arbitrary",
      "width": 959,
      "height": 539,
      "rgb": "court-sample-001980/rgb.npy",
      "rgb_preview": "court-sample-001980/rgb.png",
      "alpha": "court-sample-001980/alpha.npy",
      "alpha_preview": "court-sample-001980/alpha.png",
      "depth": "court-sample-001980/depth.npy"
    },
    {
      "camera_id": "court-sample-001981",
      "request_source": "arbitrary",
      "width": 959,
      "height": 539,
      "rgb": "court-sample-001981/rgb.npy",
      "rgb_preview": "court-sample-001981/rgb.png",
      "alpha": "court-sample-001981/alpha.npy",
      "alpha_preview": "court-sample-001981/alpha.png",
      "depth": "court-sample-001981/depth.npy"
    },
    {
      "camera_id": "court-sample-001982",
      "request_source": "arbitrary",
      "width": 959,
      "height": 539,
      "rgb": "court-sample-001982/rgb.npy",
      "rgb_preview": "court-sample-001982/rgb.png",
      "alpha": "court-sample-001982/alpha.npy",
      "alpha_preview": "court-sample-001982/alpha.png",
      "depth": "court-sample-001982/depth.npy"
    },
    {
      "camera_id": "court-sample-001983",
      "request_source": "arbitrary",
      "width": 959,
      "height": 539,
      "rgb": "court-sample-001983/rgb.npy",
      "rgb_preview": "court-sample-001983/rgb.png",
      "alpha": "court-sample-001983/alpha.npy",
      "alpha_preview": "court-sample-001983/alpha.png",
      "depth": "court-sample-001983/depth.npy"
    },
    {
      "camera_id": "court-sample-002096",
      "request_source": "arbitrary",
      "width": 959,
      "height": 539,
      "rgb": "court-sample-002096/rgb.npy",
      "rgb_preview": "court-sample-002096/rgb.png",
      "alpha": "court-sample-002096/alpha.npy",
      "alpha_preview": "court-sample-002096/alpha.png",
      "depth": "court-sample-002096/depth.npy"
    },
    {
      "camera_id": "court-sample-002097",
      "request_source": "arbitrary",
      "width": 959,
      "height": 539,
      "rgb": "court-sample-002097/rgb.npy",
      "rgb_preview": "court-sample-002097/rgb.png",
      "alpha": "court-sample-002097/alpha.npy",
      "alpha_preview": "court-sample-002097/alpha.png",
      "depth": "court-sample-002097/depth.npy"
    },
    {
      "camera_id": "court-sample-002098",
      "request_source": "arbitrary",
      "width": 959,
      "height": 539,
      "rgb": "court-sample-002098/rgb.npy",
      "rgb_preview": "court-sample-002098/rgb.png",
      "alpha": "court-sample-002098/alpha.npy",
      "alpha_preview": "court-sample-002098/alpha.png",
      "depth": "court-sample-002098/depth.npy"
    },
    {
      "camera_id": "court-sample-002099",
      "request_source": "arbitrary",
      "width": 959,
      "height": 539,
      "rgb": "court-sample-002099/rgb.npy",
      "rgb_preview": "court-sample-002099/rgb.png",
      "alpha": "court-sample-002099/alpha.npy",
      "alpha_preview": "court-sample-002099/alpha.png",
      "depth": "court-sample-002099/depth.npy"
    },
    {
      "camera_id": "court-sample-002100",
      "request_source": "arbitrary",
      "width": 959,
      "height": 539,
      "rgb": "court-sample-002100/rgb.npy",
      "rgb_preview": "court-sample-002100/rgb.png",
      "alpha": "court-sample-002100/alpha.npy",
      "alpha_preview": "court-sample-002100/alpha.png",
      "depth": "court-sample-002100/depth.npy"
    },
    {
      "camera_id": "court-sample-002101",
      "request_source": "arbitrary",
      "width": 959,
      "height": 539,
      "rgb": "court-sample-002101/rgb.npy",
      "rgb_preview": "court-sample-002101/rgb.png",
      "alpha": "court-sample-002101/alpha.npy",
      "alpha_preview": "court-sample-002101/alpha.png",
      "depth": "court-sample-002101/depth.npy"
    },
    {
      "camera_id": "court-sample-002102",
      "request_source": "arbitrary",
      "width": 959,
      "height": 539,
      "rgb": "court-sample-002102/rgb.npy",
      "rgb_preview": "court-sample-002102/rgb.png",
      "alpha": "court-sample-002102/alpha.npy",
      "alpha_preview": "court-sample-002102/alpha.png",
      "depth": "court-sample-002102/depth.npy"
    },
    {
      "camera_id": "court-sample-002103",
      "request_source": "arbitrary",
      "width": 959,
      "height": 539,
      "rgb": "court-sample-002103/rgb.npy",
      "rgb_preview": "court-sample-002103/rgb.png",
      "alpha": "court-sample-002103/alpha.npy",
      "alpha_preview": "court-sample-002103/alpha.png",
      "depth": "court-sample-002103/depth.npy"
    },
    {
      "camera_id": "court-sample-002104",
      "request_source": "arbitrary",
      "width": 959,
      "height": 539,
      "rgb": "court-sample-002104/rgb.npy",
      "rgb_preview": "court-sample-002104/rgb.png",
      "alpha": "court-sample-002104/alpha.npy",
      "alpha_preview": "court-sample-002104/alpha.png",
      "depth": "court-sample-002104/depth.npy"
    },
    {
      "camera_id": "court-sample-002105",
      "request_source": "arbitrary",
      "width": 959,
      "height": 539,
      "rgb": "court-sample-002105/rgb.npy",
      "rgb_preview": "court-sample-002105/rgb.png",
      "alpha": "court-sample-002105/alpha.npy",
      "alpha_preview": "court-sample-002105/alpha.png",
      "depth": "court-sample-002105/depth.npy"
    },
    {
      "camera_id": "court-sample-002106",
      "request_source": "arbitrary",
      "width": 959,
      "height": 539,
      "rgb": "court-sample-002106/rgb.npy",
      "rgb_preview": "court-sample-002106/rgb.png",
      "alpha": "court-sample-002106/alpha.npy",
      "alpha_preview": "court-sample-002106/alpha.png",
      "depth": "court-sample-002106/depth.npy"
    },
    {
      "camera_id": "court-sample-002107",
      "request_source": "arbitrary",
      "width": 959,
      "height": 539,
      "rgb": "court-sample-002107/rgb.npy",
      "rgb_preview": "court-sample-002107/rgb.png",
      "alpha": "court-sample-002107/alpha.npy",
      "alpha_preview": "court-sample-002107/alpha.png",
      "depth": "court-sample-002107/depth.npy"
    },
    {
      "camera_id": "court-sample-002108",
      "request_source": "arbitrary",
      "width": 959,
      "height": 539,
      "rgb": "court-sample-002108/rgb.npy",
      "rgb_preview": "court-sample-002108/rgb.png",
      "alpha": "court-sample-002108/alpha.npy",
      "alpha_preview": "court-sample-002108/alpha.png",
      "depth": "court-sample-002108/depth.npy"
    },
    {
      "camera_id": "court-sample-002109",
      "request_source": "arbitrary",
      "width": 959,
      "height": 539,
      "rgb": "court-sample-002109/rgb.npy",
      "rgb_preview": "court-sample-002109/rgb.png",
      "alpha": "court-sample-002109/alpha.npy",
      "alpha_preview": "court-sample-002109/alpha.png",
      "depth": "court-sample-002109/depth.npy"
    },
    {
      "camera_id": "court-sample-002110",
      "request_source": "arbitrary",
      "width": 959,
      "height": 539,
      "rgb": "court-sample-002110/rgb.npy",
      "rgb_preview": "court-sample-002110/rgb.png",
      "alpha": "court-sample-002110/alpha.npy",
      "alpha_preview": "court-sample-002110/alpha.png",
      "depth": "court-sample-002110/depth.npy"
    },
    {
      "camera_id": "court-sample-002111",
      "request_source": "arbitrary",
      "width": 959,
      "height": 539,
      "rgb": "court-sample-002111/rgb.npy",
      "rgb_preview": "court-sample-002111/rgb.png",
      "alpha": "court-sample-002111/alpha.npy",
      "alpha_preview": "court-sample-002111/alpha.png",
      "depth": "court-sample-002111/depth.npy"
    },
    {
      "camera_id": "court-sample-002112",
      "request_source": "arbitrary",
      "width": 959,
      "height": 539,
      "rgb": "court-sample-002112/rgb.npy",
      "rgb_preview": "court-sample-002112/rgb.png",
      "alpha": "court-sample-002112/alpha.npy",
      "alpha_preview": "court-sample-002112/alpha.png",
      "depth": "court-sample-002112/depth.npy"
    },
    {
      "camera_id": "court-sample-002113",
      "request_source": "arbitrary",
      "width": 959,
      "height": 539,
      "rgb": "court-sample-002113/rgb.npy",
      "rgb_preview": "court-sample-002113/rgb.png",
      "alpha": "court-sample-002113/alpha.npy",
      "alpha_preview": "court-sample-002113/alpha.png",
      "depth": "court-sample-002113/depth.npy"
    },
    {
      "camera_id": "court-sample-002115",
      "request_source": "arbitrary",
      "width": 959,
      "height": 539,
      "rgb": "court-sample-002115/rgb.npy",
      "rgb_preview": "court-sample-002115/rgb.png",
      "alpha": "court-sample-002115/alpha.npy",
      "alpha_preview": "court-sample-002115/alpha.png",
      "depth": "court-sample-002115/depth.npy"
    },
    {
      "camera_id": "court-sample-002116",
      "request_source": "arbitrary",
      "width": 959,
      "height": 539,
      "rgb": "court-sample-002116/rgb.npy",
      "rgb_preview": "court-sample-002116/rgb.png",
      "alpha": "court-sample-002116/alpha.npy",
      "alpha_preview": "court-sample-002116/alpha.png",
      "depth": "court-sample-002116/depth.npy"
    },
    {
      "camera_id": "court-sample-002117",
      "request_source": "arbitrary",
      "width": 959,
      "height": 539,
      "rgb": "court-sample-002117/rgb.npy",
      "rgb_preview": "court-sample-002117/rgb.png",
      "alpha": "court-sample-002117/alpha.npy",
      "alpha_preview": "court-sample-002117/alpha.png",
      "depth": "court-sample-002117/depth.npy"
    },
    {
      "camera_id": "court-sample-002118",
      "request_source": "arbitrary",
      "width": 959,
      "height": 539,
      "rgb": "court-sample-002118/rgb.npy",
      "rgb_preview": "court-sample-002118/rgb.png",
      "alpha": "court-sample-002118/alpha.npy",
      "alpha_preview": "court-sample-002118/alpha.png",
      "depth": "court-sample-002118/depth.npy"
    },
    {
      "camera_id": "court-sample-002119",
      "request_source": "arbitrary",
      "width": 959,
      "height": 539,
      "rgb": "court-sample-002119/rgb.npy",
      "rgb_preview": "court-sample-002119/rgb.png",
      "alpha": "court-sample-002119/alpha.npy",
      "alpha_preview": "court-sample-002119/alpha.png",
      "depth": "court-sample-002119/depth.npy"
    },
    {
      "camera_id": "court-sample-002120",
      "request_source": "arbitrary",
      "width": 959,
      "height": 539,
      "rgb": "court-sample-002120/rgb.npy",
      "rgb_preview": "court-sample-002120/rgb.png",
      "alpha": "court-sample-002120/alpha.npy",
      "alpha_preview": "court-sample-002120/alpha.png",
      "depth": "court-sample-002120/depth.npy"
    },
    {
      "camera_id": "court-sample-002121",
      "request_source": "arbitrary",
      "width": 959,
      "height": 539,
      "rgb": "court-sample-002121/rgb.npy",
      "rgb_preview": "court-sample-002121/rgb.png",
      "alpha": "court-sample-002121/alpha.npy",
      "alpha_preview": "court-sample-002121/alpha.png",
      "depth": "court-sample-002121/depth.npy"
    },
    {
      "camera_id": "court-sample-002122",
      "request_source": "arbitrary",
      "width": 959,
      "height": 539,
      "rgb": "court-sample-002122/rgb.npy",
      "rgb_preview": "court-sample-002122/rgb.png",
      "alpha": "court-sample-002122/alpha.npy",
      "alpha_preview": "court-sample-002122/alpha.png",
      "depth": "court-sample-002122/depth.npy"
    },
    {
      "camera_id": "court-sample-002123",
      "request_source": "arbitrary",
      "width": 959,
      "height": 539,
      "rgb": "court-sample-002123/rgb.npy",
      "rgb_preview": "court-sample-002123/rgb.png",
      "alpha": "court-sample-002123/alpha.npy",
      "alpha_preview": "court-sample-002123/alpha.png",
      "depth": "court-sample-002123/depth.npy"
    },
    {
      "camera_id": "court-sample-002124",
      "request_source": "arbitrary",
      "width": 959,
      "height": 539,
      "rgb": "court-sample-002124/rgb.npy",
      "rgb_preview": "court-sample-002124/rgb.png",
      "alpha": "court-sample-002124/alpha.npy",
      "alpha_preview": "court-sample-002124/alpha.png",
      "depth": "court-sample-002124/depth.npy"
    },
    {
      "camera_id": "court-sample-002125",
      "request_source": "arbitrary",
      "width": 959,
      "height": 539,
      "rgb": "court-sample-002125/rgb.npy",
      "rgb_preview": "court-sample-002125/rgb.png",
      "alpha": "court-sample-002125/alpha.npy",
      "alpha_preview": "court-sample-002125/alpha.png",
      "depth": "court-sample-002125/depth.npy"
    },
    {
      "camera_id": "court-sample-002126",
      "request_source": "arbitrary",
      "width": 959,
      "height": 539,
      "rgb": "court-sample-002126/rgb.npy",
      "rgb_preview": "court-sample-002126/rgb.png",
      "alpha": "court-sample-002126/alpha.npy",
      "alpha_preview": "court-sample-002126/alpha.png",
      "depth": "court-sample-002126/depth.npy"
    },
    {
      "camera_id": "court-sample-002127",
      "request_source": "arbitrary",
      "width": 959,
      "height": 539,
      "rgb": "court-sample-002127/rgb.npy",
      "rgb_preview": "court-sample-002127/rgb.png",
      "alpha": "court-sample-002127/alpha.npy",
      "alpha_preview": "court-sample-002127/alpha.png",
      "depth": "court-sample-002127/depth.npy"
    },
    {
      "camera_id": "court-sample-002128",
      "request_source": "arbitrary",
      "width": 959,
      "height": 539,
      "rgb": "court-sample-002128/rgb.npy",
      "rgb_preview": "court-sample-002128/rgb.png",
      "alpha": "court-sample-002128/alpha.npy",
      "alpha_preview": "court-sample-002128/alpha.png",
      "depth": "court-sample-002128/depth.npy"
    },
    {
      "camera_id": "court-sample-002129",
      "request_source": "arbitrary",
      "width": 959,
      "height": 539,
      "rgb": "court-sample-002129/rgb.npy",
      "rgb_preview": "court-sample-002129/rgb.png",
      "alpha": "court-sample-002129/alpha.npy",
      "alpha_preview": "court-sample-002129/alpha.png",
      "depth": "court-sample-002129/depth.npy"
    },
    {
      "camera_id": "court-sample-002130",
      "request_source": "arbitrary",
      "width": 959,
      "height": 539,
      "rgb": "court-sample-002130/rgb.npy",
      "rgb_preview": "court-sample-002130/rgb.png",
      "alpha": "court-sample-002130/alpha.npy",
      "alpha_preview": "court-sample-002130/alpha.png",
      "depth": "court-sample-002130/depth.npy"
    },
    {
      "camera_id": "court-sample-002131",
      "request_source": "arbitrary",
      "width": 959,
      "height": 539,
      "rgb": "court-sample-002131/rgb.npy",
      "rgb_preview": "court-sample-002131/rgb.png",
      "alpha": "court-sample-002131/alpha.npy",
      "alpha_preview": "court-sample-002131/alpha.png",
      "depth": "court-sample-002131/depth.npy"
    },
    {
      "camera_id": "court-sample-002132",
      "request_source": "arbitrary",
      "width": 959,
      "height": 539,
      "rgb": "court-sample-002132/rgb.npy",
      "rgb_preview": "court-sample-002132/rgb.png",
      "alpha": "court-sample-002132/alpha.npy",
      "alpha_preview": "court-sample-002132/alpha.png",
      "depth": "court-sample-002132/depth.npy"
    },
    {
      "camera_id": "court-sample-002133",
      "request_source": "arbitrary",
      "width": 959,
      "height": 539,
      "rgb": "court-sample-002133/rgb.npy",
      "rgb_preview": "court-sample-002133/rgb.png",
      "alpha": "court-sample-002133/alpha.npy",
      "alpha_preview": "court-sample-002133/alpha.png",
      "depth": "court-sample-002133/depth.npy"
    },
    {
      "camera_id": "court-sample-002134",
      "request_source": "arbitrary",
      "width": 959,
      "height": 539,
      "rgb": "court-sample-002134/rgb.npy",
      "rgb_preview": "court-sample-002134/rgb.png",
      "alpha": "court-sample-002134/alpha.npy",
      "alpha_preview": "court-sample-002134/alpha.png",
      "depth": "court-sample-002134/depth.npy"
    },
    {
      "camera_id": "court-sample-002135",
      "request_source": "arbitrary",
      "width": 959,
      "height": 539,
      "rgb": "court-sample-002135/rgb.npy",
      "rgb_preview": "court-sample-002135/rgb.png",
      "alpha": "court-sample-002135/alpha.npy",
      "alpha_preview": "court-sample-002135/alpha.png",
      "depth": "court-sample-002135/depth.npy"
    },
    {
      "camera_id": "court-sample-002136",
      "request_source": "arbitrary",
      "width": 959,
      "height": 539,
      "rgb": "court-sample-002136/rgb.npy",
      "rgb_preview": "court-sample-002136/rgb.png",
      "alpha": "court-sample-002136/alpha.npy",
      "alpha_preview": "court-sample-002136/alpha.png",
      "depth": "court-sample-002136/depth.npy"
    },
    {
      "camera_id": "court-sample-002137",
      "request_source": "arbitrary",
      "width": 959,
      "height": 539,
      "rgb": "court-sample-002137/rgb.npy",
      "rgb_preview": "court-sample-002137/rgb.png",
      "alpha": "court-sample-002137/alpha.npy",
      "alpha_preview": "court-sample-002137/alpha.png",
      "depth": "court-sample-002137/depth.npy"
    },
    {
      "camera_id": "court-sample-002138",
      "request_source": "arbitrary",
      "width": 959,
      "height": 539,
      "rgb": "court-sample-002138/rgb.npy",
      "rgb_preview": "court-sample-002138/rgb.png",
      "alpha": "court-sample-002138/alpha.npy",
      "alpha_preview": "court-sample-002138/alpha.png",
      "depth": "court-sample-002138/depth.npy"
    },
    {
      "camera_id": "court-sample-002139",
      "request_source": "arbitrary",
      "width": 959,
      "height": 539,
      "rgb": "court-sample-002139/rgb.npy",
      "rgb_preview": "court-sample-002139/rgb.png",
      "alpha": "court-sample-002139/alpha.npy",
      "alpha_preview": "court-sample-002139/alpha.png",
      "depth": "court-sample-002139/depth.npy"
    },
    {
      "camera_id": "court-sample-002140",
      "request_source": "arbitrary",
      "width": 959,
      "height": 539,
      "rgb": "court-sample-002140/rgb.npy",
      "rgb_preview": "court-sample-002140/rgb.png",
      "alpha": "court-sample-002140/alpha.npy",
      "alpha_preview": "court-sample-002140/alpha.png",
      "depth": "court-sample-002140/depth.npy"
    },
    {
      "camera_id": "court-sample-002141",
      "request_source": "arbitrary",
      "width": 959,
      "height": 539,
      "rgb": "court-sample-002141/rgb.npy",
      "rgb_preview": "court-sample-002141/rgb.png",
      "alpha": "court-sample-002141/alpha.npy",
      "alpha_preview": "court-sample-002141/alpha.png",
      "depth": "court-sample-002141/depth.npy"
    },
    {
      "camera_id": "court-sample-002142",
      "request_source": "arbitrary",
      "width": 959,
      "height": 539,
      "rgb": "court-sample-002142/rgb.npy",
      "rgb_preview": "court-sample-002142/rgb.png",
      "alpha": "court-sample-002142/alpha.npy",
      "alpha_preview": "court-sample-002142/alpha.png",
      "depth": "court-sample-002142/depth.npy"
    },
    {
      "camera_id": "court-sample-002143",
      "request_source": "arbitrary",
      "width": 959,
      "height": 539,
      "rgb": "court-sample-002143/rgb.npy",
      "rgb_preview": "court-sample-002143/rgb.png",
      "alpha": "court-sample-002143/alpha.npy",
      "alpha_preview": "court-sample-002143/alpha.png",
      "depth": "court-sample-002143/depth.npy"
    },
    {
      "camera_id": "court-sample-002144",
      "request_source": "arbitrary",
      "width": 959,
      "height": 539,
      "rgb": "court-sample-002144/rgb.npy",
      "rgb_preview": "court-sample-002144/rgb.png",
      "alpha": "court-sample-002144/alpha.npy",
      "alpha_preview": "court-sample-002144/alpha.png",
      "depth": "court-sample-002144/depth.npy"
    },
    {
      "camera_id": "court-sample-002145",
      "request_source": "arbitrary",
      "width": 959,
      "height": 539,
      "rgb": "court-sample-002145/rgb.npy",
      "rgb_preview": "court-sample-002145/rgb.png",
      "alpha": "court-sample-002145/alpha.npy",
      "alpha_preview": "court-sample-002145/alpha.png",
      "depth": "court-sample-002145/depth.npy"
    },
    {
      "camera_id": "court-sample-002146",
      "request_source": "arbitrary",
      "width": 959,
      "height": 539,
      "rgb": "court-sample-002146/rgb.npy",
      "rgb_preview": "court-sample-002146/rgb.png",
      "alpha": "court-sample-002146/alpha.npy",
      "alpha_preview": "court-sample-002146/alpha.png",
      "depth": "court-sample-002146/depth.npy"
    },
    {
      "camera_id": "court-sample-002147",
      "request_source": "arbitrary",
      "width": 959,
      "height": 539,
      "rgb": "court-sample-002147/rgb.npy",
      "rgb_preview": "court-sample-002147/rgb.png",
      "alpha": "court-sample-002147/alpha.npy",
      "alpha_preview": "court-sample-002147/alpha.png",
      "depth": "court-sample-002147/depth.npy"
    },
    {
      "camera_id": "court-sample-002148",
      "request_source": "arbitrary",
      "width": 959,
      "height": 539,
      "rgb": "court-sample-002148/rgb.npy",
      "rgb_preview": "court-sample-002148/rgb.png",
      "alpha": "court-sample-002148/alpha.npy",
      "alpha_preview": "court-sample-002148/alpha.png",
      "depth": "court-sample-002148/depth.npy"
    },
    {
      "camera_id": "court-sample-002149",
      "request_source": "arbitrary",
      "width": 959,
      "height": 539,
      "rgb": "court-sample-002149/rgb.npy",
      "rgb_preview": "court-sample-002149/rgb.png",
      "alpha": "court-sample-002149/alpha.npy",
      "alpha_preview": "court-sample-002149/alpha.png",
      "depth": "court-sample-002149/depth.npy"
    },
    {
      "camera_id": "court-sample-002151",
      "request_source": "arbitrary",
      "width": 959,
      "height": 539,
      "rgb": "court-sample-002151/rgb.npy",
      "rgb_preview": "court-sample-002151/rgb.png",
      "alpha": "court-sample-002151/alpha.npy",
      "alpha_preview": "court-sample-002151/alpha.png",
      "depth": "court-sample-002151/depth.npy"
    },
    {
      "camera_id": "court-sample-002152",
      "request_source": "arbitrary",
      "width": 959,
      "height": 539,
      "rgb": "court-sample-002152/rgb.npy",
      "rgb_preview": "court-sample-002152/rgb.png",
      "alpha": "court-sample-002152/alpha.npy",
      "alpha_preview": "court-sample-002152/alpha.png",
      "depth": "court-sample-002152/depth.npy"
    },
    {
      "camera_id": "court-sample-002153",
      "request_source": "arbitrary",
      "width": 959,
      "height": 539,
      "rgb": "court-sample-002153/rgb.npy",
      "rgb_preview": "court-sample-002153/rgb.png",
      "alpha": "court-sample-002153/alpha.npy",
      "alpha_preview": "court-sample-002153/alpha.png",
      "depth": "court-sample-002153/depth.npy"
    },
    {
      "camera_id": "court-sample-002154",
      "request_source": "arbitrary",
      "width": 959,
      "height": 539,
      "rgb": "court-sample-002154/rgb.npy",
      "rgb_preview": "court-sample-002154/rgb.png",
      "alpha": "court-sample-002154/alpha.npy",
      "alpha_preview": "court-sample-002154/alpha.png",
      "depth": "court-sample-002154/depth.npy"
    },
    {
      "camera_id": "court-sample-002155",
      "request_source": "arbitrary",
      "width": 959,
      "height": 539,
      "rgb": "court-sample-002155/rgb.npy",
      "rgb_preview": "court-sample-002155/rgb.png",
      "alpha": "court-sample-002155/alpha.npy",
      "alpha_preview": "court-sample-002155/alpha.png",
      "depth": "court-sample-002155/depth.npy"
    },
    {
      "camera_id": "court-sample-002156",
      "request_source": "arbitrary",
      "width": 959,
      "height": 539,
      "rgb": "court-sample-002156/rgb.npy",
      "rgb_preview": "court-sample-002156/rgb.png",
      "alpha": "court-sample-002156/alpha.npy",
      "alpha_preview": "court-sample-002156/alpha.png",
      "depth": "court-sample-002156/depth.npy"
    },
    {
      "camera_id": "court-sample-002157",
      "request_source": "arbitrary",
      "width": 959,
      "height": 539,
      "rgb": "court-sample-002157/rgb.npy",
      "rgb_preview": "court-sample-002157/rgb.png",
      "alpha": "court-sample-002157/alpha.npy",
      "alpha_preview": "court-sample-002157/alpha.png",
      "depth": "court-sample-002157/depth.npy"
    },
    {
      "camera_id": "court-sample-002158",
      "request_source": "arbitrary",
      "width": 959,
      "height": 539,
      "rgb": "court-sample-002158/rgb.npy",
      "rgb_preview": "court-sample-002158/rgb.png",
      "alpha": "court-sample-002158/alpha.npy",
      "alpha_preview": "court-sample-002158/alpha.png",
      "depth": "court-sample-002158/depth.npy"
    },
    {
      "camera_id": "court-sample-002159",
      "request_source": "arbitrary",
      "width": 959,
      "height": 539,
      "rgb": "court-sample-002159/rgb.npy",
      "rgb_preview": "court-sample-002159/rgb.png",
      "alpha": "court-sample-002159/alpha.npy",
      "alpha_preview": "court-sample-002159/alpha.png",
      "depth": "court-sample-002159/depth.npy"
    },
    {
      "camera_id": "court-sample-002160",
      "request_source": "arbitrary",
      "width": 959,
      "height": 539,
      "rgb": "court-sample-002160/rgb.npy",
      "rgb_preview": "court-sample-002160/rgb.png",
      "alpha": "court-sample-002160/alpha.npy",
      "alpha_preview": "court-sample-002160/alpha.png",
      "depth": "court-sample-002160/depth.npy"
    },
    {
      "camera_id": "court-sample-002161",
      "request_source": "arbitrary",
      "width": 959,
      "height": 539,
      "rgb": "court-sample-002161/rgb.npy",
      "rgb_preview": "court-sample-002161/rgb.png",
      "alpha": "court-sample-002161/alpha.npy",
      "alpha_preview": "court-sample-002161/alpha.png",
      "depth": "court-sample-002161/depth.npy"
    },
    {
      "camera_id": "court-sample-002162",
      "request_source": "arbitrary",
      "width": 959,
      "height": 539,
      "rgb": "court-sample-002162/rgb.npy",
      "rgb_preview": "court-sample-002162/rgb.png",
      "alpha": "court-sample-002162/alpha.npy",
      "alpha_preview": "court-sample-002162/alpha.png",
      "depth": "court-sample-002162/depth.npy"
    },
    {
      "camera_id": "court-sample-002163",
      "request_source": "arbitrary",
      "width": 959,
      "height": 539,
      "rgb": "court-sample-002163/rgb.npy",
      "rgb_preview": "court-sample-002163/rgb.png",
      "alpha": "court-sample-002163/alpha.npy",
      "alpha_preview": "court-sample-002163/alpha.png",
      "depth": "court-sample-002163/depth.npy"
    },
    {
      "camera_id": "court-sample-002164",
      "request_source": "arbitrary",
      "width": 959,
      "height": 539,
      "rgb": "court-sample-002164/rgb.npy",
      "rgb_preview": "court-sample-002164/rgb.png",
      "alpha": "court-sample-002164/alpha.npy",
      "alpha_preview": "court-sample-002164/alpha.png",
      "depth": "court-sample-002164/depth.npy"
    },
    {
      "camera_id": "court-sample-002165",
      "request_source": "arbitrary",
      "width": 959,
      "height": 539,
      "rgb": "court-sample-002165/rgb.npy",
      "rgb_preview": "court-sample-002165/rgb.png",
      "alpha": "court-sample-002165/alpha.npy",
      "alpha_preview": "court-sample-002165/alpha.png",
      "depth": "court-sample-002165/depth.npy"
    },
    {
      "camera_id": "court-sample-002166",
      "request_source": "arbitrary",
      "width": 959,
      "height": 539,
      "rgb": "court-sample-002166/rgb.npy",
      "rgb_preview": "court-sample-002166/rgb.png",
      "alpha": "court-sample-002166/alpha.npy",
      "alpha_preview": "court-sample-002166/alpha.png",
      "depth": "court-sample-002166/depth.npy"
    },
    {
      "camera_id": "court-sample-002167",
      "request_source": "arbitrary",
      "width": 959,
      "height": 539,
      "rgb": "court-sample-002167/rgb.npy",
      "rgb_preview": "court-sample-002167/rgb.png",
      "alpha": "court-sample-002167/alpha.npy",
      "alpha_preview": "court-sample-002167/alpha.png",
      "depth": "court-sample-002167/depth.npy"
    }
  ]
}
  View encoding: sh, dim=9
  View encoding: sh, dim=9
  View encoding: sh, dim=9
  View encoding: sh, dim=9
  View encoding: sh, dim=9
  View encoding: sh, dim=9
  View encoding: sh, dim=9
  View encoding: sh, dim=9
  View encoding: sh, dim=9
  View encoding: sh, dim=9
  View encoding: sh, dim=9
  View encoding: sh, dim=9
  View encoding: sh, dim=9
  View encoding: sh, dim=9
  View encoding: sh, dim=9
  View encoding: sh, dim=9
  View encoding: sh, dim=9
  View encoding: sh, dim=9
  View encoding: sh, dim=9
  View encoding: sh, dim=9
  View encoding: sh, dim=9
  View encoding: sh, dim=9
  View encoding: sh, dim=9
  View encoding: sh, dim=9
  View encoding: sh, dim=9
  View encoding: sh, dim=9
  View encoding: sh, dim=9
  View encoding: sh, dim=9
  View encoding: sh, dim=9
  View encoding: sh, dim=9
  View encoding: sh, dim=9
  View encoding: sh, dim=9
  View encoding: sh, dim=9
  View encoding: sh, dim=9
  View encoding: sh, dim=9
  View encoding: sh, dim=9
  View encoding: sh, dim=9
  View encoding: sh, dim=9
  View encoding: sh, dim=9
  View encoding: sh, dim=9
  View encoding: sh, dim=9
  View encoding: sh, dim=9
  View encoding: sh, dim=9
  View encoding: sh, dim=9
  View encoding: sh, dim=9
  View encoding: sh, dim=9
  View encoding: sh, dim=9
  View encoding: sh, dim=9
  View encoding: sh, dim=9
  View encoding: sh, dim=9
  View encoding: sh, dim=9
  View encoding: sh, dim=9
  View encoding: sh, dim=9
  View encoding: sh, dim=9
  View encoding: sh, dim=9
  View encoding: sh, dim=9
  View encoding: sh, dim=9
  View encoding: sh, dim=9
  View encoding: sh, dim=9
  View encoding: sh, dim=9
  View encoding: sh, dim=9
  View encoding: sh, dim=9
  View encoding: sh, dim=9
  View encoding: sh, dim=9
  View encoding: sh, dim=9
  View encoding: sh, dim=9
  View encoding: sh, dim=9
  View encoding: sh, dim=9
  View encoding: sh, dim=9
  View encoding: sh, dim=9
  View encoding: sh, dim=9
  View encoding: sh, dim=9
  View encoding: sh, dim=9
  View encoding: sh, dim=9
  View encoding: sh, dim=9
  View encoding: sh, dim=9
  View encoding: sh, dim=9
  View encoding: sh, dim=9
  View encoding: sh, dim=9
  View encoding: sh, dim=9
  View encoding: sh, dim=9
  View encoding: sh, dim=9
  View encoding: sh, dim=9
  View encoding: sh, dim=9
  View encoding: sh, dim=9
  View encoding: sh, dim=9
  View encoding: sh, dim=9
  View encoding: sh, dim=9
  View encoding: sh, dim=9
  View encoding: sh, dim=9
  View encoding: sh, dim=9
  View encoding: sh, dim=9
  View encoding: sh, dim=9
  View encoding: sh, dim=9
  View encoding: sh, dim=9
  View encoding: sh, dim=9
  View encoding: sh, dim=9
  View encoding: sh, dim=9
  View encoding: sh, dim=9
  View encoding: sh, dim=9
  View encoding: sh, dim=9
  View encoding: sh, dim=9
  View encoding: sh, dim=9
  View encoding: sh, dim=9
  View encoding: sh, dim=9
  View encoding: sh, dim=9
  View encoding: sh, dim=9
  View encoding: sh, dim=9
  View encoding: sh, dim=9
  View encoding: sh, dim=9
  View encoding: sh, dim=9
  View encoding: sh, dim=9
  View encoding: sh, dim=9
  View encoding: sh, dim=9
  View encoding: sh, dim=9
  View encoding: sh, dim=9
  View encoding: sh, dim=9
  View encoding: sh, dim=9
  View encoding: sh, dim=9
  View encoding: sh, dim=9
  View encoding: sh, dim=9
  View encoding: sh, dim=9
  View encoding: sh, dim=9
  View encoding: sh, dim=9
  View encoding: sh, dim=9
  View encoding: sh, dim=9
  View encoding: sh, dim=9
  View encoding: sh, dim=9
  View encoding: sh, dim=9
  View encoding: sh, dim=9
  View encoding: sh, dim=9
  View encoding: sh, dim=9
  View encoding: sh, dim=9
  View encoding: sh, dim=9
  View encoding: sh, dim=9
  View encoding: sh, dim=9
  View encoding: sh, dim=9
  View encoding: sh, dim=9
  View encoding: sh, dim=9
  View encoding: sh, dim=9
  View encoding: sh, dim=9
  View encoding: sh, dim=9
  View encoding: sh, dim=9
  View encoding: sh, dim=9
  View encoding: sh, dim=9
  View encoding: sh, dim=9
  View encoding: sh, dim=9
  View encoding: sh, dim=9
  View encoding: sh, dim=9
  View encoding: sh, dim=9
  View encoding: sh, dim=9
  View encoding: sh, dim=9
  View encoding: sh, dim=9
  View encoding: sh, dim=9
  View encoding: sh, dim=9
  View encoding: sh, dim=9
  View encoding: sh, dim=9
  View encoding: sh, dim=9
  View encoding: sh, dim=9
  View encoding: sh, dim=9
  View encoding: sh, dim=9
  View encoding: sh, dim=9
  View encoding: sh, dim=9
  View encoding: sh, dim=9
  View encoding: sh, dim=9
  View encoding: sh, dim=9
  View encoding: sh, dim=9
  View encoding: sh, dim=9
  View encoding: sh, dim=9
  View encoding: sh, dim=9
  View encoding: sh, dim=9
  View encoding: sh, dim=9
  View encoding: sh, dim=9
  View encoding: sh, dim=9
  View encoding: sh, dim=9
  View encoding: sh, dim=9
  View encoding: sh, dim=9
  View encoding: sh, dim=9
  View encoding: sh, dim=9
  View encoding: sh, dim=9
  View encoding: sh, dim=9
  View encoding: sh, dim=9
  View encoding: sh, dim=9
  View encoding: sh, dim=9
  View encoding: sh, dim=9
  View encoding: sh, dim=9
  View encoding: sh, dim=9
  View encoding: sh, dim=9
  View encoding: sh, dim=9
  View encoding: sh, dim=9
  View encoding: sh, dim=9
  View encoding: sh, dim=9
  View encoding: sh, dim=9
  View encoding: sh, dim=9
  View encoding: sh, dim=9
  View encoding: sh, dim=9
  View encoding: sh, dim=9
  View encoding: sh, dim=9
  View encoding: sh, dim=9
  View encoding: sh, dim=9
  View encoding: sh, dim=9
  View encoding: sh, dim=9
  View encoding: sh, dim=9
  View encoding: sh, dim=9
  View encoding: sh, dim=9
  View encoding: sh, dim=9
  View encoding: sh, dim=9
  View encoding: sh, dim=9
  View encoding: sh, dim=9
  View encoding: sh, dim=9
  View encoding: sh, dim=9
  View encoding: sh, dim=9
  View encoding: sh, dim=9
  View encoding: sh, dim=9
  View encoding: sh, dim=9
  View encoding: sh, dim=9
  View encoding: sh, dim=9
  View encoding: sh, dim=9
  View encoding: sh, dim=9
  View encoding: sh, dim=9
  View encoding: sh, dim=9
  View encoding: sh, dim=9
  View encoding: sh, dim=9
  View encoding: sh, dim=9
  View encoding: sh, dim=9
  View encoding: sh, dim=9
  View encoding: sh, dim=9
  View encoding: sh, dim=9
  View encoding: sh, dim=9
  View encoding: sh, dim=9
  View encoding: sh, dim=9
  View encoding: sh, dim=9
  View encoding: sh, dim=9
  View encoding: sh, dim=9
  View encoding: sh, dim=9
  View encoding: sh, dim=9
  View encoding: sh, dim=9
  View encoding: sh, dim=9
  View encoding: sh, dim=9
  View encoding: sh, dim=9
  View encoding: sh, dim=9
  View encoding: sh, dim=9
  View encoding: sh, dim=9
  View encoding: sh, dim=9
  View encoding: sh, dim=9
  View encoding: sh, dim=9
  View encoding: sh, dim=9
  View encoding: sh, dim=9
  View encoding: sh, dim=9
  View encoding: sh, dim=9
  View encoding: sh, dim=9
  View encoding: sh, dim=9
  View encoding: sh, dim=9
  View encoding: sh, dim=9
  View encoding: sh, dim=9
  View encoding: sh, dim=9
{
  "schema": "nht_render_result_v1",
  "scene_schema": "nht_standard_scene_v1",
  "scene_id": "B02",
  "coordinate_space": "canonical NHT scene space",
  "export_validation": {
    "schema": "nht_standard_scene_v1",
    "camera_count": 157,
    "point_count": 56620,
    "checks": [
      "schema_and_conventions",
      "finite_float32_points",
      "normalized_point_colors",
      "unique_camera_and_image_ids",
      "positive_intrinsics",
      "proper_orthonormal_rotations",
      "camera_image_resolution",
      "nht_checkpoint",
      "canonical_scene_transform_inverse",
      "effective_undistorted_training_cameras",
      "stable_render_boundary",
      "contained_export_references",
      "production_renderer_envelope"
    ],
    "valid": true
  },
  "renders": [
    {
      "camera_id": "court-sample-000010",
      "request_source": "arbitrary",
      "width": 959,
      "height": 539,
      "rgb": "court-sample-000010/rgb.npy",
      "rgb_preview": "court-sample-000010/rgb.png",
      "alpha": "court-sample-000010/alpha.npy",
      "alpha_preview": "court-sample-000010/alpha.png",
      "depth": "court-sample-000010/depth.npy"
    },
    {
      "camera_id": "court-sample-000011",
      "request_source": "arbitrary",
      "width": 959,
      "height": 539,
      "rgb": "court-sample-000011/rgb.npy",
      "rgb_preview": "court-sample-000011/rgb.png",
      "alpha": "court-sample-000011/alpha.npy",
      "alpha_preview": "court-sample-000011/alpha.png",
      "depth": "court-sample-000011/depth.npy"
    },
    {
      "camera_id": "court-sample-000012",
      "request_source": "arbitrary",
      "width": 959,
      "height": 539,
      "rgb": "court-sample-000012/rgb.npy",
      "rgb_preview": "court-sample-000012/rgb.png",
      "alpha": "court-sample-000012/alpha.npy",
      "alpha_preview": "court-sample-000012/alpha.png",
      "depth": "court-sample-000012/depth.npy"
    },
    {
      "camera_id": "court-sample-000013",
      "request_source": "arbitrary",
      "width": 959,
      "height": 539,
      "rgb": "court-sample-000013/rgb.npy",
      "rgb_preview": "court-sample-000013/rgb.png",
      "alpha": "court-sample-000013/alpha.npy",
      "alpha_preview": "court-sample-000013/alpha.png",
      "depth": "court-sample-000013/depth.npy"
    },
    {
      "camera_id": "court-sample-000014",
      "request_source": "arbitrary",
      "width": 959,
      "height": 539,
      "rgb": "court-sample-000014/rgb.npy",
      "rgb_preview": "court-sample-000014/rgb.png",
      "alpha": "court-sample-000014/alpha.npy",
      "alpha_preview": "court-sample-000014/alpha.png",
      "depth": "court-sample-000014/depth.npy"
    },
    {
      "camera_id": "court-sample-000015",
      "request_source": "arbitrary",
      "width": 959,
      "height": 539,
      "rgb": "court-sample-000015/rgb.npy",
      "rgb_preview": "court-sample-000015/rgb.png",
      "alpha": "court-sample-000015/alpha.npy",
      "alpha_preview": "court-sample-000015/alpha.png",
      "depth": "court-sample-000015/depth.npy"
    },
    {
      "camera_id": "court-sample-000016",
      "request_source": "arbitrary",
      "width": 959,
      "height": 539,
      "rgb": "court-sample-000016/rgb.npy",
      "rgb_preview": "court-sample-000016/rgb.png",
      "alpha": "court-sample-000016/alpha.npy",
      "alpha_preview": "court-sample-000016/alpha.png",
      "depth": "court-sample-000016/depth.npy"
    },
    {
      "camera_id": "court-sample-000017",
      "request_source": "arbitrary",
      "width": 959,
      "height": 539,
      "rgb": "court-sample-000017/rgb.npy",
      "rgb_preview": "court-sample-000017/rgb.png",
      "alpha": "court-sample-000017/alpha.npy",
      "alpha_preview": "court-sample-000017/alpha.png",
      "depth": "court-sample-000017/depth.npy"
    },
    {
      "camera_id": "court-sample-000018",
      "request_source": "arbitrary",
      "width": 959,
      "height": 539,
      "rgb": "court-sample-000018/rgb.npy",
      "rgb_preview": "court-sample-000018/rgb.png",
      "alpha": "court-sample-000018/alpha.npy",
      "alpha_preview": "court-sample-000018/alpha.png",
      "depth": "court-sample-000018/depth.npy"
    },
    {
      "camera_id": "court-sample-000019",
      "request_source": "arbitrary",
      "width": 959,
      "height": 539,
      "rgb": "court-sample-000019/rgb.npy",
      "rgb_preview": "court-sample-000019/rgb.png",
      "alpha": "court-sample-000019/alpha.npy",
      "alpha_preview": "court-sample-000019/alpha.png",
      "depth": "court-sample-000019/depth.npy"
    },
    {
      "camera_id": "court-sample-000020",
      "request_source": "arbitrary",
      "width": 959,
      "height": 539,
      "rgb": "court-sample-000020/rgb.npy",
      "rgb_preview": "court-sample-000020/rgb.png",
      "alpha": "court-sample-000020/alpha.npy",
      "alpha_preview": "court-sample-000020/alpha.png",
      "depth": "court-sample-000020/depth.npy"
    },
    {
      "camera_id": "court-sample-000021",
      "request_source": "arbitrary",
      "width": 959,
      "height": 539,
      "rgb": "court-sample-000021/rgb.npy",
      "rgb_preview": "court-sample-000021/rgb.png",
      "alpha": "court-sample-000021/alpha.npy",
      "alpha_preview": "court-sample-000021/alpha.png",
      "depth": "court-sample-000021/depth.npy"
    },
    {
      "camera_id": "court-sample-000022",
      "request_source": "arbitrary",
      "width": 959,
      "height": 539,
      "rgb": "court-sample-000022/rgb.npy",
      "rgb_preview": "court-sample-000022/rgb.png",
      "alpha": "court-sample-000022/alpha.npy",
      "alpha_preview": "court-sample-000022/alpha.png",
      "depth": "court-sample-000022/depth.npy"
    },
    {
      "camera_id": "court-sample-000023",
      "request_source": "arbitrary",
      "width": 959,
      "height": 539,
      "rgb": "court-sample-000023/rgb.npy",
      "rgb_preview": "court-sample-000023/rgb.png",
      "alpha": "court-sample-000023/alpha.npy",
      "alpha_preview": "court-sample-000023/alpha.png",
      "depth": "court-sample-000023/depth.npy"
    },
    {
      "camera_id": "court-sample-000024",
      "request_source": "arbitrary",
      "width": 959,
      "height": 539,
      "rgb": "court-sample-000024/rgb.npy",
      "rgb_preview": "court-sample-000024/rgb.png",
      "alpha": "court-sample-000024/alpha.npy",
      "alpha_preview": "court-sample-000024/alpha.png",
      "depth": "court-sample-000024/depth.npy"
    },
    {
      "camera_id": "court-sample-000025",
      "request_source": "arbitrary",
      "width": 959,
      "height": 539,
      "rgb": "court-sample-000025/rgb.npy",
      "rgb_preview": "court-sample-000025/rgb.png",
      "alpha": "court-sample-000025/alpha.npy",
      "alpha_preview": "court-sample-000025/alpha.png",
      "depth": "court-sample-000025/depth.npy"
    },
    {
      "camera_id": "court-sample-000026",
      "request_source": "arbitrary",
      "width": 959,
      "height": 539,
      "rgb": "court-sample-000026/rgb.npy",
      "rgb_preview": "court-sample-000026/rgb.png",
      "alpha": "court-sample-000026/alpha.npy",
      "alpha_preview": "court-sample-000026/alpha.png",
      "depth": "court-sample-000026/depth.npy"
    },
    {
      "camera_id": "court-sample-000027",
      "request_source": "arbitrary",
      "width": 959,
      "height": 539,
      "rgb": "court-sample-000027/rgb.npy",
      "rgb_preview": "court-sample-000027/rgb.png",
      "alpha": "court-sample-000027/alpha.npy",
      "alpha_preview": "court-sample-000027/alpha.png",
      "depth": "court-sample-000027/depth.npy"
    },
    {
      "camera_id": "court-sample-000028",
      "request_source": "arbitrary",
      "width": 959,
      "height": 539,
      "rgb": "court-sample-000028/rgb.npy",
      "rgb_preview": "court-sample-000028/rgb.png",
      "alpha": "court-sample-000028/alpha.npy",
      "alpha_preview": "court-sample-000028/alpha.png",
      "depth": "court-sample-000028/depth.npy"
    },
    {
      "camera_id": "court-sample-000029",
      "request_source": "arbitrary",
      "width": 959,
      "height": 539,
      "rgb": "court-sample-000029/rgb.npy",
      "rgb_preview": "court-sample-000029/rgb.png",
      "alpha": "court-sample-000029/alpha.npy",
      "alpha_preview": "court-sample-000029/alpha.png",
      "depth": "court-sample-000029/depth.npy"
    },
    {
      "camera_id": "court-sample-000030",
      "request_source": "arbitrary",
      "width": 959,
      "height": 539,
      "rgb": "court-sample-000030/rgb.npy",
      "rgb_preview": "court-sample-000030/rgb.png",
      "alpha": "court-sample-000030/alpha.npy",
      "alpha_preview": "court-sample-000030/alpha.png",
      "depth": "court-sample-000030/depth.npy"
    },
    {
      "camera_id": "court-sample-000031",
      "request_source": "arbitrary",
      "width": 959,
      "height": 539,
      "rgb": "court-sample-000031/rgb.npy",
      "rgb_preview": "court-sample-000031/rgb.png",
      "alpha": "court-sample-000031/alpha.npy",
      "alpha_preview": "court-sample-000031/alpha.png",
      "depth": "court-sample-000031/depth.npy"
    },
    {
      "camera_id": "court-sample-000032",
      "request_source": "arbitrary",
      "width": 959,
      "height": 539,
      "rgb": "court-sample-000032/rgb.npy",
      "rgb_preview": "court-sample-000032/rgb.png",
      "alpha": "court-sample-000032/alpha.npy",
      "alpha_preview": "court-sample-000032/alpha.png",
      "depth": "court-sample-000032/depth.npy"
    },
    {
      "camera_id": "court-sample-000033",
      "request_source": "arbitrary",
      "width": 959,
      "height": 539,
      "rgb": "court-sample-000033/rgb.npy",
      "rgb_preview": "court-sample-000033/rgb.png",
      "alpha": "court-sample-000033/alpha.npy",
      "alpha_preview": "court-sample-000033/alpha.png",
      "depth": "court-sample-000033/depth.npy"
    },
    {
      "camera_id": "court-sample-000034",
      "request_source": "arbitrary",
      "width": 959,
      "height": 539,
      "rgb": "court-sample-000034/rgb.npy",
      "rgb_preview": "court-sample-000034/rgb.png",
      "alpha": "court-sample-000034/alpha.npy",
      "alpha_preview": "court-sample-000034/alpha.png",
      "depth": "court-sample-000034/depth.npy"
    },
    {
      "camera_id": "court-sample-000035",
      "request_source": "arbitrary",
      "width": 959,
      "height": 539,
      "rgb": "court-sample-000035/rgb.npy",
      "rgb_preview": "court-sample-000035/rgb.png",
      "alpha": "court-sample-000035/alpha.npy",
      "alpha_preview": "court-sample-000035/alpha.png",
      "depth": "court-sample-000035/depth.npy"
    },
    {
      "camera_id": "court-sample-000036",
      "request_source": "arbitrary",
      "width": 959,
      "height": 539,
      "rgb": "court-sample-000036/rgb.npy",
      "rgb_preview": "court-sample-000036/rgb.png",
      "alpha": "court-sample-000036/alpha.npy",
      "alpha_preview": "court-sample-000036/alpha.png",
      "depth": "court-sample-000036/depth.npy"
    },
    {
      "camera_id": "court-sample-000037",
      "request_source": "arbitrary",
      "width": 959,
      "height": 539,
      "rgb": "court-sample-000037/rgb.npy",
      "rgb_preview": "court-sample-000037/rgb.png",
      "alpha": "court-sample-000037/alpha.npy",
      "alpha_preview": "court-sample-000037/alpha.png",
      "depth": "court-sample-000037/depth.npy"
    },
    {
      "camera_id": "court-sample-000038",
      "request_source": "arbitrary",
      "width": 959,
      "height": 539,
      "rgb": "court-sample-000038/rgb.npy",
      "rgb_preview": "court-sample-000038/rgb.png",
      "alpha": "court-sample-000038/alpha.npy",
      "alpha_preview": "court-sample-000038/alpha.png",
      "depth": "court-sample-000038/depth.npy"
    },
    {
      "camera_id": "court-sample-000039",
      "request_source": "arbitrary",
      "width": 959,
      "height": 539,
      "rgb": "court-sample-000039/rgb.npy",
      "rgb_preview": "court-sample-000039/rgb.png",
      "alpha": "court-sample-000039/alpha.npy",
      "alpha_preview": "court-sample-000039/alpha.png",
      "depth": "court-sample-000039/depth.npy"
    },
    {
      "camera_id": "court-sample-000088",
      "request_source": "arbitrary",
      "width": 959,
      "height": 539,
      "rgb": "court-sample-000088/rgb.npy",
      "rgb_preview": "court-sample-000088/rgb.png",
      "alpha": "court-sample-000088/alpha.npy",
      "alpha_preview": "court-sample-000088/alpha.png",
      "depth": "court-sample-000088/depth.npy"
    },
    {
      "camera_id": "court-sample-000089",
      "request_source": "arbitrary",
      "width": 959,
      "height": 539,
      "rgb": "court-sample-000089/rgb.npy",
      "rgb_preview": "court-sample-000089/rgb.png",
      "alpha": "court-sample-000089/alpha.npy",
      "alpha_preview": "court-sample-000089/alpha.png",
      "depth": "court-sample-000089/depth.npy"
    },
    {
      "camera_id": "court-sample-000090",
      "request_source": "arbitrary",
      "width": 959,
      "height": 539,
      "rgb": "court-sample-000090/rgb.npy",
      "rgb_preview": "court-sample-000090/rgb.png",
      "alpha": "court-sample-000090/alpha.npy",
      "alpha_preview": "court-sample-000090/alpha.png",
      "depth": "court-sample-000090/depth.npy"
    },
    {
      "camera_id": "court-sample-000091",
      "request_source": "arbitrary",
      "width": 959,
      "height": 539,
      "rgb": "court-sample-000091/rgb.npy",
      "rgb_preview": "court-sample-000091/rgb.png",
      "alpha": "court-sample-000091/alpha.npy",
      "alpha_preview": "court-sample-000091/alpha.png",
      "depth": "court-sample-000091/depth.npy"
    },
    {
      "camera_id": "court-sample-000092",
      "request_source": "arbitrary",
      "width": 959,
      "height": 539,
      "rgb": "court-sample-000092/rgb.npy",
      "rgb_preview": "court-sample-000092/rgb.png",
      "alpha": "court-sample-000092/alpha.npy",
      "alpha_preview": "court-sample-000092/alpha.png",
      "depth": "court-sample-000092/depth.npy"
    },
    {
      "camera_id": "court-sample-000093",
      "request_source": "arbitrary",
      "width": 959,
      "height": 539,
      "rgb": "court-sample-000093/rgb.npy",
      "rgb_preview": "court-sample-000093/rgb.png",
      "alpha": "court-sample-000093/alpha.npy",
      "alpha_preview": "court-sample-000093/alpha.png",
      "depth": "court-sample-000093/depth.npy"
    },
    {
      "camera_id": "court-sample-000094",
      "request_source": "arbitrary",
      "width": 959,
      "height": 539,
      "rgb": "court-sample-000094/rgb.npy",
      "rgb_preview": "court-sample-000094/rgb.png",
      "alpha": "court-sample-000094/alpha.npy",
      "alpha_preview": "court-sample-000094/alpha.png",
      "depth": "court-sample-000094/depth.npy"
    },
    {
      "camera_id": "court-sample-000095",
      "request_source": "arbitrary",
      "width": 959,
      "height": 539,
      "rgb": "court-sample-000095/rgb.npy",
      "rgb_preview": "court-sample-000095/rgb.png",
      "alpha": "court-sample-000095/alpha.npy",
      "alpha_preview": "court-sample-000095/alpha.png",
      "depth": "court-sample-000095/depth.npy"
    },
    {
      "camera_id": "court-sample-000096",
      "request_source": "arbitrary",
      "width": 959,
      "height": 539,
      "rgb": "court-sample-000096/rgb.npy",
      "rgb_preview": "court-sample-000096/rgb.png",
      "alpha": "court-sample-000096/alpha.npy",
      "alpha_preview": "court-sample-000096/alpha.png",
      "depth": "court-sample-000096/depth.npy"
    },
    {
      "camera_id": "court-sample-000097",
      "request_source": "arbitrary",
      "width": 959,
      "height": 539,
      "rgb": "court-sample-000097/rgb.npy",
      "rgb_preview": "court-sample-000097/rgb.png",
      "alpha": "court-sample-000097/alpha.npy",
      "alpha_preview": "court-sample-000097/alpha.png",
      "depth": "court-sample-000097/depth.npy"
    },
    {
      "camera_id": "court-sample-000098",
      "request_source": "arbitrary",
      "width": 959,
      "height": 539,
      "rgb": "court-sample-000098/rgb.npy",
      "rgb_preview": "court-sample-000098/rgb.png",
      "alpha": "court-sample-000098/alpha.npy",
      "alpha_preview": "court-sample-000098/alpha.png",
      "depth": "court-sample-000098/depth.npy"
    },
    {
      "camera_id": "court-sample-000099",
      "request_source": "arbitrary",
      "width": 959,
      "height": 539,
      "rgb": "court-sample-000099/rgb.npy",
      "rgb_preview": "court-sample-000099/rgb.png",
      "alpha": "court-sample-000099/alpha.npy",
      "alpha_preview": "court-sample-000099/alpha.png",
      "depth": "court-sample-000099/depth.npy"
    },
    {
      "camera_id": "court-sample-000100",
      "request_source": "arbitrary",
      "width": 959,
      "height": 539,
      "rgb": "court-sample-000100/rgb.npy",
      "rgb_preview": "court-sample-000100/rgb.png",
      "alpha": "court-sample-000100/alpha.npy",
      "alpha_preview": "court-sample-000100/alpha.png",
      "depth": "court-sample-000100/depth.npy"
    },
    {
      "camera_id": "court-sample-000101",
      "request_source": "arbitrary",
      "width": 959,
      "height": 539,
      "rgb": "court-sample-000101/rgb.npy",
      "rgb_preview": "court-sample-000101/rgb.png",
      "alpha": "court-sample-000101/alpha.npy",
      "alpha_preview": "court-sample-000101/alpha.png",
      "depth": "court-sample-000101/depth.npy"
    },
    {
      "camera_id": "court-sample-000102",
      "request_source": "arbitrary",
      "width": 959,
      "height": 539,
      "rgb": "court-sample-000102/rgb.npy",
      "rgb_preview": "court-sample-000102/rgb.png",
      "alpha": "court-sample-000102/alpha.npy",
      "alpha_preview": "court-sample-000102/alpha.png",
      "depth": "court-sample-000102/depth.npy"
    },
    {
      "camera_id": "court-sample-000103",
      "request_source": "arbitrary",
      "width": 959,
      "height": 539,
      "rgb": "court-sample-000103/rgb.npy",
      "rgb_preview": "court-sample-000103/rgb.png",
      "alpha": "court-sample-000103/alpha.npy",
      "alpha_preview": "court-sample-000103/alpha.png",
      "depth": "court-sample-000103/depth.npy"
    },
    {
      "camera_id": "court-sample-000104",
      "request_source": "arbitrary",
      "width": 959,
      "height": 539,
      "rgb": "court-sample-000104/rgb.npy",
      "rgb_preview": "court-sample-000104/rgb.png",
      "alpha": "court-sample-000104/alpha.npy",
      "alpha_preview": "court-sample-000104/alpha.png",
      "depth": "court-sample-000104/depth.npy"
    },
    {
      "camera_id": "court-sample-000105",
      "request_source": "arbitrary",
      "width": 959,
      "height": 539,
      "rgb": "court-sample-000105/rgb.npy",
      "rgb_preview": "court-sample-000105/rgb.png",
      "alpha": "court-sample-000105/alpha.npy",
      "alpha_preview": "court-sample-000105/alpha.png",
      "depth": "court-sample-000105/depth.npy"
    },
    {
      "camera_id": "court-sample-000106",
      "request_source": "arbitrary",
      "width": 959,
      "height": 539,
      "rgb": "court-sample-000106/rgb.npy",
      "rgb_preview": "court-sample-000106/rgb.png",
      "alpha": "court-sample-000106/alpha.npy",
      "alpha_preview": "court-sample-000106/alpha.png",
      "depth": "court-sample-000106/depth.npy"
    },
    {
      "camera_id": "court-sample-000107",
      "request_source": "arbitrary",
      "width": 959,
      "height": 539,
      "rgb": "court-sample-000107/rgb.npy",
      "rgb_preview": "court-sample-000107/rgb.png",
      "alpha": "court-sample-000107/alpha.npy",
      "alpha_preview": "court-sample-000107/alpha.png",
      "depth": "court-sample-000107/depth.npy"
    },
    {
      "camera_id": "court-sample-000108",
      "request_source": "arbitrary",
      "width": 959,
      "height": 539,
      "rgb": "court-sample-000108/rgb.npy",
      "rgb_preview": "court-sample-000108/rgb.png",
      "alpha": "court-sample-000108/alpha.npy",
      "alpha_preview": "court-sample-000108/alpha.png",
      "depth": "court-sample-000108/depth.npy"
    },
    {
      "camera_id": "court-sample-000109",
      "request_source": "arbitrary",
      "width": 959,
      "height": 539,
      "rgb": "court-sample-000109/rgb.npy",
      "rgb_preview": "court-sample-000109/rgb.png",
      "alpha": "court-sample-000109/alpha.npy",
      "alpha_preview": "court-sample-000109/alpha.png",
      "depth": "court-sample-000109/depth.npy"
    },
    {
      "camera_id": "court-sample-000110",
      "request_source": "arbitrary",
      "width": 959,
      "height": 539,
      "rgb": "court-sample-000110/rgb.npy",
      "rgb_preview": "court-sample-000110/rgb.png",
      "alpha": "court-sample-000110/alpha.npy",
      "alpha_preview": "court-sample-000110/alpha.png",
      "depth": "court-sample-000110/depth.npy"
    },
    {
      "camera_id": "court-sample-000111",
      "request_source": "arbitrary",
      "width": 959,
      "height": 539,
      "rgb": "court-sample-000111/rgb.npy",
      "rgb_preview": "court-sample-000111/rgb.png",
      "alpha": "court-sample-000111/alpha.npy",
      "alpha_preview": "court-sample-000111/alpha.png",
      "depth": "court-sample-000111/depth.npy"
    },
    {
      "camera_id": "court-sample-000112",
      "request_source": "arbitrary",
      "width": 959,
      "height": 539,
      "rgb": "court-sample-000112/rgb.npy",
      "rgb_preview": "court-sample-000112/rgb.png",
      "alpha": "court-sample-000112/alpha.npy",
      "alpha_preview": "court-sample-000112/alpha.png",
      "depth": "court-sample-000112/depth.npy"
    },
    {
      "camera_id": "court-sample-000113",
      "request_source": "arbitrary",
      "width": 959,
      "height": 539,
      "rgb": "court-sample-000113/rgb.npy",
      "rgb_preview": "court-sample-000113/rgb.png",
      "alpha": "court-sample-000113/alpha.npy",
      "alpha_preview": "court-sample-000113/alpha.png",
      "depth": "court-sample-000113/depth.npy"
    },
    {
      "camera_id": "court-sample-000114",
      "request_source": "arbitrary",
      "width": 959,
      "height": 539,
      "rgb": "court-sample-000114/rgb.npy",
      "rgb_preview": "court-sample-000114/rgb.png",
      "alpha": "court-sample-000114/alpha.npy",
      "alpha_preview": "court-sample-000114/alpha.png",
      "depth": "court-sample-000114/depth.npy"
    },
    {
      "camera_id": "court-sample-000115",
      "request_source": "arbitrary",
      "width": 959,
      "height": 539,
      "rgb": "court-sample-000115/rgb.npy",
      "rgb_preview": "court-sample-000115/rgb.png",
      "alpha": "court-sample-000115/alpha.npy",
      "alpha_preview": "court-sample-000115/alpha.png",
      "depth": "court-sample-000115/depth.npy"
    },
    {
      "camera_id": "court-sample-000116",
      "request_source": "arbitrary",
      "width": 959,
      "height": 539,
      "rgb": "court-sample-000116/rgb.npy",
      "rgb_preview": "court-sample-000116/rgb.png",
      "alpha": "court-sample-000116/alpha.npy",
      "alpha_preview": "court-sample-000116/alpha.png",
      "depth": "court-sample-000116/depth.npy"
    },
    {
      "camera_id": "court-sample-000117",
      "request_source": "arbitrary",
      "width": 959,
      "height": 539,
      "rgb": "court-sample-000117/rgb.npy",
      "rgb_preview": "court-sample-000117/rgb.png",
      "alpha": "court-sample-000117/alpha.npy",
      "alpha_preview": "court-sample-000117/alpha.png",
      "depth": "court-sample-000117/depth.npy"
    },
    {
      "camera_id": "court-sample-000118",
      "request_source": "arbitrary",
      "width": 959,
      "height": 539,
      "rgb": "court-sample-000118/rgb.npy",
      "rgb_preview": "court-sample-000118/rgb.png",
      "alpha": "court-sample-000118/alpha.npy",
      "alpha_preview": "court-sample-000118/alpha.png",
      "depth": "court-sample-000118/depth.npy"
    },
    {
      "camera_id": "court-sample-000119",
      "request_source": "arbitrary",
      "width": 959,
      "height": 539,
      "rgb": "court-sample-000119/rgb.npy",
      "rgb_preview": "court-sample-000119/rgb.png",
      "alpha": "court-sample-000119/alpha.npy",
      "alpha_preview": "court-sample-000119/alpha.png",
      "depth": "court-sample-000119/depth.npy"
    },
    {
      "camera_id": "court-sample-000120",
      "request_source": "arbitrary",
      "width": 959,
      "height": 539,
      "rgb": "court-sample-000120/rgb.npy",
      "rgb_preview": "court-sample-000120/rgb.png",
      "alpha": "court-sample-000120/alpha.npy",
      "alpha_preview": "court-sample-000120/alpha.png",
      "depth": "court-sample-000120/depth.npy"
    },
    {
      "camera_id": "court-sample-000121",
      "request_source": "arbitrary",
      "width": 959,
      "height": 539,
      "rgb": "court-sample-000121/rgb.npy",
      "rgb_preview": "court-sample-000121/rgb.png",
      "alpha": "court-sample-000121/alpha.npy",
      "alpha_preview": "court-sample-000121/alpha.png",
      "depth": "court-sample-000121/depth.npy"
    },
    {
      "camera_id": "court-sample-000122",
      "request_source": "arbitrary",
      "width": 959,
      "height": 539,
      "rgb": "court-sample-000122/rgb.npy",
      "rgb_preview": "court-sample-000122/rgb.png",
      "alpha": "court-sample-000122/alpha.npy",
      "alpha_preview": "court-sample-000122/alpha.png",
      "depth": "court-sample-000122/depth.npy"
    },
    {
      "camera_id": "court-sample-000123",
      "request_source": "arbitrary",
      "width": 959,
      "height": 539,
      "rgb": "court-sample-000123/rgb.npy",
      "rgb_preview": "court-sample-000123/rgb.png",
      "alpha": "court-sample-000123/alpha.npy",
      "alpha_preview": "court-sample-000123/alpha.png",
      "depth": "court-sample-000123/depth.npy"
    },
    {
      "camera_id": "court-sample-000124",
      "request_source": "arbitrary",
      "width": 959,
      "height": 539,
      "rgb": "court-sample-000124/rgb.npy",
      "rgb_preview": "court-sample-000124/rgb.png",
      "alpha": "court-sample-000124/alpha.npy",
      "alpha_preview": "court-sample-000124/alpha.png",
      "depth": "court-sample-000124/depth.npy"
    },
    {
      "camera_id": "court-sample-000125",
      "request_source": "arbitrary",
      "width": 959,
      "height": 539,
      "rgb": "court-sample-000125/rgb.npy",
      "rgb_preview": "court-sample-000125/rgb.png",
      "alpha": "court-sample-000125/alpha.npy",
      "alpha_preview": "court-sample-000125/alpha.png",
      "depth": "court-sample-000125/depth.npy"
    },
    {
      "camera_id": "court-sample-000126",
      "request_source": "arbitrary",
      "width": 959,
      "height": 539,
      "rgb": "court-sample-000126/rgb.npy",
      "rgb_preview": "court-sample-000126/rgb.png",
      "alpha": "court-sample-000126/alpha.npy",
      "alpha_preview": "court-sample-000126/alpha.png",
      "depth": "court-sample-000126/depth.npy"
    },
    {
      "camera_id": "court-sample-000127",
      "request_source": "arbitrary",
      "width": 959,
      "height": 539,
      "rgb": "court-sample-000127/rgb.npy",
      "rgb_preview": "court-sample-000127/rgb.png",
      "alpha": "court-sample-000127/alpha.npy",
      "alpha_preview": "court-sample-000127/alpha.png",
      "depth": "court-sample-000127/depth.npy"
    },
    {
      "camera_id": "court-sample-000128",
      "request_source": "arbitrary",
      "width": 959,
      "height": 539,
      "rgb": "court-sample-000128/rgb.npy",
      "rgb_preview": "court-sample-000128/rgb.png",
      "alpha": "court-sample-000128/alpha.npy",
      "alpha_preview": "court-sample-000128/alpha.png",
      "depth": "court-sample-000128/depth.npy"
    },
    {
      "camera_id": "court-sample-000129",
      "request_source": "arbitrary",
      "width": 959,
      "height": 539,
      "rgb": "court-sample-000129/rgb.npy",
      "rgb_preview": "court-sample-000129/rgb.png",
      "alpha": "court-sample-000129/alpha.npy",
      "alpha_preview": "court-sample-000129/alpha.png",
      "depth": "court-sample-000129/depth.npy"
    },
    {
      "camera_id": "court-sample-000130",
      "request_source": "arbitrary",
      "width": 959,
      "height": 539,
      "rgb": "court-sample-000130/rgb.npy",
      "rgb_preview": "court-sample-000130/rgb.png",
      "alpha": "court-sample-000130/alpha.npy",
      "alpha_preview": "court-sample-000130/alpha.png",
      "depth": "court-sample-000130/depth.npy"
    },
    {
      "camera_id": "court-sample-000131",
      "request_source": "arbitrary",
      "width": 959,
      "height": 539,
      "rgb": "court-sample-000131/rgb.npy",
      "rgb_preview": "court-sample-000131/rgb.png",
      "alpha": "court-sample-000131/alpha.npy",
      "alpha_preview": "court-sample-000131/alpha.png",
      "depth": "court-sample-000131/depth.npy"
    },
    {
      "camera_id": "court-sample-000132",
      "request_source": "arbitrary",
      "width": 959,
      "height": 539,
      "rgb": "court-sample-000132/rgb.npy",
      "rgb_preview": "court-sample-000132/rgb.png",
      "alpha": "court-sample-000132/alpha.npy",
      "alpha_preview": "court-sample-000132/alpha.png",
      "depth": "court-sample-000132/depth.npy"
    },
    {
      "camera_id": "court-sample-000133",
      "request_source": "arbitrary",
      "width": 959,
      "height": 539,
      "rgb": "court-sample-000133/rgb.npy",
      "rgb_preview": "court-sample-000133/rgb.png",
      "alpha": "court-sample-000133/alpha.npy",
      "alpha_preview": "court-sample-000133/alpha.png",
      "depth": "court-sample-000133/depth.npy"
    },
    {
      "camera_id": "court-sample-000134",
      "request_source": "arbitrary",
      "width": 959,
      "height": 539,
      "rgb": "court-sample-000134/rgb.npy",
      "rgb_preview": "court-sample-000134/rgb.png",
      "alpha": "court-sample-000134/alpha.npy",
      "alpha_preview": "court-sample-000134/alpha.png",
      "depth": "court-sample-000134/depth.npy"
    },
    {
      "camera_id": "court-sample-000135",
      "request_source": "arbitrary",
      "width": 959,
      "height": 539,
      "rgb": "court-sample-000135/rgb.npy",
      "rgb_preview": "court-sample-000135/rgb.png",
      "alpha": "court-sample-000135/alpha.npy",
      "alpha_preview": "court-sample-000135/alpha.png",
      "depth": "court-sample-000135/depth.npy"
    },
    {
      "camera_id": "court-sample-000136",
      "request_source": "arbitrary",
      "width": 959,
      "height": 539,
      "rgb": "court-sample-000136/rgb.npy",
      "rgb_preview": "court-sample-000136/rgb.png",
      "alpha": "court-sample-000136/alpha.npy",
      "alpha_preview": "court-sample-000136/alpha.png",
      "depth": "court-sample-000136/depth.npy"
    },
    {
      "camera_id": "court-sample-000137",
      "request_source": "arbitrary",
      "width": 959,
      "height": 539,
      "rgb": "court-sample-000137/rgb.npy",
      "rgb_preview": "court-sample-000137/rgb.png",
      "alpha": "court-sample-000137/alpha.npy",
      "alpha_preview": "court-sample-000137/alpha.png",
      "depth": "court-sample-000137/depth.npy"
    },
    {
      "camera_id": "court-sample-000138",
      "request_source": "arbitrary",
      "width": 959,
      "height": 539,
      "rgb": "court-sample-000138/rgb.npy",
      "rgb_preview": "court-sample-000138/rgb.png",
      "alpha": "court-sample-000138/alpha.npy",
      "alpha_preview": "court-sample-000138/alpha.png",
      "depth": "court-sample-000138/depth.npy"
    },
    {
      "camera_id": "court-sample-000139",
      "request_source": "arbitrary",
      "width": 959,
      "height": 539,
      "rgb": "court-sample-000139/rgb.npy",
      "rgb_preview": "court-sample-000139/rgb.png",
      "alpha": "court-sample-000139/alpha.npy",
      "alpha_preview": "court-sample-000139/alpha.png",
      "depth": "court-sample-000139/depth.npy"
    },
    {
      "camera_id": "court-sample-000140",
      "request_source": "arbitrary",
      "width": 959,
      "height": 539,
      "rgb": "court-sample-000140/rgb.npy",
      "rgb_preview": "court-sample-000140/rgb.png",
      "alpha": "court-sample-000140/alpha.npy",
      "alpha_preview": "court-sample-000140/alpha.png",
      "depth": "court-sample-000140/depth.npy"
    },
    {
      "camera_id": "court-sample-000141",
      "request_source": "arbitrary",
      "width": 959,
      "height": 539,
      "rgb": "court-sample-000141/rgb.npy",
      "rgb_preview": "court-sample-000141/rgb.png",
      "alpha": "court-sample-000141/alpha.npy",
      "alpha_preview": "court-sample-000141/alpha.png",
      "depth": "court-sample-000141/depth.npy"
    },
    {
      "camera_id": "court-sample-000142",
      "request_source": "arbitrary",
      "width": 959,
      "height": 539,
      "rgb": "court-sample-000142/rgb.npy",
      "rgb_preview": "court-sample-000142/rgb.png",
      "alpha": "court-sample-000142/alpha.npy",
      "alpha_preview": "court-sample-000142/alpha.png",
      "depth": "court-sample-000142/depth.npy"
    },
    {
      "camera_id": "court-sample-000143",
      "request_source": "arbitrary",
      "width": 959,
      "height": 539,
      "rgb": "court-sample-000143/rgb.npy",
      "rgb_preview": "court-sample-000143/rgb.png",
      "alpha": "court-sample-000143/alpha.npy",
      "alpha_preview": "court-sample-000143/alpha.png",
      "depth": "court-sample-000143/depth.npy"
    },
    {
      "camera_id": "court-sample-000898",
      "request_source": "arbitrary",
      "width": 959,
      "height": 539,
      "rgb": "court-sample-000898/rgb.npy",
      "rgb_preview": "court-sample-000898/rgb.png",
      "alpha": "court-sample-000898/alpha.npy",
      "alpha_preview": "court-sample-000898/alpha.png",
      "depth": "court-sample-000898/depth.npy"
    },
    {
      "camera_id": "court-sample-000900",
      "request_source": "arbitrary",
      "width": 959,
      "height": 539,
      "rgb": "court-sample-000900/rgb.npy",
      "rgb_preview": "court-sample-000900/rgb.png",
      "alpha": "court-sample-000900/alpha.npy",
      "alpha_preview": "court-sample-000900/alpha.png",
      "depth": "court-sample-000900/depth.npy"
    },
    {
      "camera_id": "court-sample-000901",
      "request_source": "arbitrary",
      "width": 959,
      "height": 539,
      "rgb": "court-sample-000901/rgb.npy",
      "rgb_preview": "court-sample-000901/rgb.png",
      "alpha": "court-sample-000901/alpha.npy",
      "alpha_preview": "court-sample-000901/alpha.png",
      "depth": "court-sample-000901/depth.npy"
    },
    {
      "camera_id": "court-sample-000902",
      "request_source": "arbitrary",
      "width": 959,
      "height": 539,
      "rgb": "court-sample-000902/rgb.npy",
      "rgb_preview": "court-sample-000902/rgb.png",
      "alpha": "court-sample-000902/alpha.npy",
      "alpha_preview": "court-sample-000902/alpha.png",
      "depth": "court-sample-000902/depth.npy"
    },
    {
      "camera_id": "court-sample-000903",
      "request_source": "arbitrary",
      "width": 959,
      "height": 539,
      "rgb": "court-sample-000903/rgb.npy",
      "rgb_preview": "court-sample-000903/rgb.png",
      "alpha": "court-sample-000903/alpha.npy",
      "alpha_preview": "court-sample-000903/alpha.png",
      "depth": "court-sample-000903/depth.npy"
    },
    {
      "camera_id": "court-sample-000904",
      "request_source": "arbitrary",
      "width": 959,
      "height": 539,
      "rgb": "court-sample-000904/rgb.npy",
      "rgb_preview": "court-sample-000904/rgb.png",
      "alpha": "court-sample-000904/alpha.npy",
      "alpha_preview": "court-sample-000904/alpha.png",
      "depth": "court-sample-000904/depth.npy"
    },
    {
      "camera_id": "court-sample-000906",
      "request_source": "arbitrary",
      "width": 959,
      "height": 539,
      "rgb": "court-sample-000906/rgb.npy",
      "rgb_preview": "court-sample-000906/rgb.png",
      "alpha": "court-sample-000906/alpha.npy",
      "alpha_preview": "court-sample-000906/alpha.png",
      "depth": "court-sample-000906/depth.npy"
    },
    {
      "camera_id": "court-sample-000907",
      "request_source": "arbitrary",
      "width": 959,
      "height": 539,
      "rgb": "court-sample-000907/rgb.npy",
      "rgb_preview": "court-sample-000907/rgb.png",
      "alpha": "court-sample-000907/alpha.npy",
      "alpha_preview": "court-sample-000907/alpha.png",
      "depth": "court-sample-000907/depth.npy"
    },
    {
      "camera_id": "court-sample-000908",
      "request_source": "arbitrary",
      "width": 959,
      "height": 539,
      "rgb": "court-sample-000908/rgb.npy",
      "rgb_preview": "court-sample-000908/rgb.png",
      "alpha": "court-sample-000908/alpha.npy",
      "alpha_preview": "court-sample-000908/alpha.png",
      "depth": "court-sample-000908/depth.npy"
    },
    {
      "camera_id": "court-sample-000909",
      "request_source": "arbitrary",
      "width": 959,
      "height": 539,
      "rgb": "court-sample-000909/rgb.npy",
      "rgb_preview": "court-sample-000909/rgb.png",
      "alpha": "court-sample-000909/alpha.npy",
      "alpha_preview": "court-sample-000909/alpha.png",
      "depth": "court-sample-000909/depth.npy"
    },
    {
      "camera_id": "court-sample-000910",
      "request_source": "arbitrary",
      "width": 959,
      "height": 539,
      "rgb": "court-sample-000910/rgb.npy",
      "rgb_preview": "court-sample-000910/rgb.png",
      "alpha": "court-sample-000910/alpha.npy",
      "alpha_preview": "court-sample-000910/alpha.png",
      "depth": "court-sample-000910/depth.npy"
    },
    {
      "camera_id": "court-sample-000911",
      "request_source": "arbitrary",
      "width": 959,
      "height": 539,
      "rgb": "court-sample-000911/rgb.npy",
      "rgb_preview": "court-sample-000911/rgb.png",
      "alpha": "court-sample-000911/alpha.npy",
      "alpha_preview": "court-sample-000911/alpha.png",
      "depth": "court-sample-000911/depth.npy"
    },
    {
      "camera_id": "court-sample-000912",
      "request_source": "arbitrary",
      "width": 959,
      "height": 539,
      "rgb": "court-sample-000912/rgb.npy",
      "rgb_preview": "court-sample-000912/rgb.png",
      "alpha": "court-sample-000912/alpha.npy",
      "alpha_preview": "court-sample-000912/alpha.png",
      "depth": "court-sample-000912/depth.npy"
    },
    {
      "camera_id": "court-sample-000913",
      "request_source": "arbitrary",
      "width": 959,
      "height": 539,
      "rgb": "court-sample-000913/rgb.npy",
      "rgb_preview": "court-sample-000913/rgb.png",
      "alpha": "court-sample-000913/alpha.npy",
      "alpha_preview": "court-sample-000913/alpha.png",
      "depth": "court-sample-000913/depth.npy"
    },
    {
      "camera_id": "court-sample-000918",
      "request_source": "arbitrary",
      "width": 959,
      "height": 539,
      "rgb": "court-sample-000918/rgb.npy",
      "rgb_preview": "court-sample-000918/rgb.png",
      "alpha": "court-sample-000918/alpha.npy",
      "alpha_preview": "court-sample-000918/alpha.png",
      "depth": "court-sample-000918/depth.npy"
    },
    {
      "camera_id": "court-sample-000919",
      "request_source": "arbitrary",
      "width": 959,
      "height": 539,
      "rgb": "court-sample-000919/rgb.npy",
      "rgb_preview": "court-sample-000919/rgb.png",
      "alpha": "court-sample-000919/alpha.npy",
      "alpha_preview": "court-sample-000919/alpha.png",
      "depth": "court-sample-000919/depth.npy"
    },
    {
      "camera_id": "court-sample-000920",
      "request_source": "arbitrary",
      "width": 959,
      "height": 539,
      "rgb": "court-sample-000920/rgb.npy",
      "rgb_preview": "court-sample-000920/rgb.png",
      "alpha": "court-sample-000920/alpha.npy",
      "alpha_preview": "court-sample-000920/alpha.png",
      "depth": "court-sample-000920/depth.npy"
    },
    {
      "camera_id": "court-sample-000922",
      "request_source": "arbitrary",
      "width": 959,
      "height": 539,
      "rgb": "court-sample-000922/rgb.npy",
      "rgb_preview": "court-sample-000922/rgb.png",
      "alpha": "court-sample-000922/alpha.npy",
      "alpha_preview": "court-sample-000922/alpha.png",
      "depth": "court-sample-000922/depth.npy"
    },
    {
      "camera_id": "court-sample-000923",
      "request_source": "arbitrary",
      "width": 959,
      "height": 539,
      "rgb": "court-sample-000923/rgb.npy",
      "rgb_preview": "court-sample-000923/rgb.png",
      "alpha": "court-sample-000923/alpha.npy",
      "alpha_preview": "court-sample-000923/alpha.png",
      "depth": "court-sample-000923/depth.npy"
    },
    {
      "camera_id": "court-sample-000924",
      "request_source": "arbitrary",
      "width": 959,
      "height": 539,
      "rgb": "court-sample-000924/rgb.npy",
      "rgb_preview": "court-sample-000924/rgb.png",
      "alpha": "court-sample-000924/alpha.npy",
      "alpha_preview": "court-sample-000924/alpha.png",
      "depth": "court-sample-000924/depth.npy"
    },
    {
      "camera_id": "court-sample-000925",
      "request_source": "arbitrary",
      "width": 959,
      "height": 539,
      "rgb": "court-sample-000925/rgb.npy",
      "rgb_preview": "court-sample-000925/rgb.png",
      "alpha": "court-sample-000925/alpha.npy",
      "alpha_preview": "court-sample-000925/alpha.png",
      "depth": "court-sample-000925/depth.npy"
    },
    {
      "camera_id": "court-sample-000926",
      "request_source": "arbitrary",
      "width": 959,
      "height": 539,
      "rgb": "court-sample-000926/rgb.npy",
      "rgb_preview": "court-sample-000926/rgb.png",
      "alpha": "court-sample-000926/alpha.npy",
      "alpha_preview": "court-sample-000926/alpha.png",
      "depth": "court-sample-000926/depth.npy"
    },
    {
      "camera_id": "court-sample-000927",
      "request_source": "arbitrary",
      "width": 959,
      "height": 539,
      "rgb": "court-sample-000927/rgb.npy",
      "rgb_preview": "court-sample-000927/rgb.png",
      "alpha": "court-sample-000927/alpha.npy",
      "alpha_preview": "court-sample-000927/alpha.png",
      "depth": "court-sample-000927/depth.npy"
    },
    {
      "camera_id": "court-sample-000928",
      "request_source": "arbitrary",
      "width": 959,
      "height": 539,
      "rgb": "court-sample-000928/rgb.npy",
      "rgb_preview": "court-sample-000928/rgb.png",
      "alpha": "court-sample-000928/alpha.npy",
      "alpha_preview": "court-sample-000928/alpha.png",
      "depth": "court-sample-000928/depth.npy"
    },
    {
      "camera_id": "court-sample-000929",
      "request_source": "arbitrary",
      "width": 959,
      "height": 539,
      "rgb": "court-sample-000929/rgb.npy",
      "rgb_preview": "court-sample-000929/rgb.png",
      "alpha": "court-sample-000929/alpha.npy",
      "alpha_preview": "court-sample-000929/alpha.png",
      "depth": "court-sample-000929/depth.npy"
    },
    {
      "camera_id": "court-sample-000930",
      "request_source": "arbitrary",
      "width": 959,
      "height": 539,
      "rgb": "court-sample-000930/rgb.npy",
      "rgb_preview": "court-sample-000930/rgb.png",
      "alpha": "court-sample-000930/alpha.npy",
      "alpha_preview": "court-sample-000930/alpha.png",
      "depth": "court-sample-000930/depth.npy"
    },
    {
      "camera_id": "court-sample-000931",
      "request_source": "arbitrary",
      "width": 959,
      "height": 539,
      "rgb": "court-sample-000931/rgb.npy",
      "rgb_preview": "court-sample-000931/rgb.png",
      "alpha": "court-sample-000931/alpha.npy",
      "alpha_preview": "court-sample-000931/alpha.png",
      "depth": "court-sample-000931/depth.npy"
    },
    {
      "camera_id": "court-sample-000932",
      "request_source": "arbitrary",
      "width": 959,
      "height": 539,
      "rgb": "court-sample-000932/rgb.npy",
      "rgb_preview": "court-sample-000932/rgb.png",
      "alpha": "court-sample-000932/alpha.npy",
      "alpha_preview": "court-sample-000932/alpha.png",
      "depth": "court-sample-000932/depth.npy"
    },
    {
      "camera_id": "court-sample-000933",
      "request_source": "arbitrary",
      "width": 959,
      "height": 539,
      "rgb": "court-sample-000933/rgb.npy",
      "rgb_preview": "court-sample-000933/rgb.png",
      "alpha": "court-sample-000933/alpha.npy",
      "alpha_preview": "court-sample-000933/alpha.png",
      "depth": "court-sample-000933/depth.npy"
    },
    {
      "camera_id": "court-sample-000934",
      "request_source": "arbitrary",
      "width": 959,
      "height": 539,
      "rgb": "court-sample-000934/rgb.npy",
      "rgb_preview": "court-sample-000934/rgb.png",
      "alpha": "court-sample-000934/alpha.npy",
      "alpha_preview": "court-sample-000934/alpha.png",
      "depth": "court-sample-000934/depth.npy"
    },
    {
      "camera_id": "court-sample-001728",
      "request_source": "arbitrary",
      "width": 959,
      "height": 539,
      "rgb": "court-sample-001728/rgb.npy",
      "rgb_preview": "court-sample-001728/rgb.png",
      "alpha": "court-sample-001728/alpha.npy",
      "alpha_preview": "court-sample-001728/alpha.png",
      "depth": "court-sample-001728/depth.npy"
    },
    {
      "camera_id": "court-sample-001729",
      "request_source": "arbitrary",
      "width": 959,
      "height": 539,
      "rgb": "court-sample-001729/rgb.npy",
      "rgb_preview": "court-sample-001729/rgb.png",
      "alpha": "court-sample-001729/alpha.npy",
      "alpha_preview": "court-sample-001729/alpha.png",
      "depth": "court-sample-001729/depth.npy"
    },
    {
      "camera_id": "court-sample-001730",
      "request_source": "arbitrary",
      "width": 959,
      "height": 539,
      "rgb": "court-sample-001730/rgb.npy",
      "rgb_preview": "court-sample-001730/rgb.png",
      "alpha": "court-sample-001730/alpha.npy",
      "alpha_preview": "court-sample-001730/alpha.png",
      "depth": "court-sample-001730/depth.npy"
    },
    {
      "camera_id": "court-sample-001731",
      "request_source": "arbitrary",
      "width": 959,
      "height": 539,
      "rgb": "court-sample-001731/rgb.npy",
      "rgb_preview": "court-sample-001731/rgb.png",
      "alpha": "court-sample-001731/alpha.npy",
      "alpha_preview": "court-sample-001731/alpha.png",
      "depth": "court-sample-001731/depth.npy"
    },
    {
      "camera_id": "court-sample-001732",
      "request_source": "arbitrary",
      "width": 959,
      "height": 539,
      "rgb": "court-sample-001732/rgb.npy",
      "rgb_preview": "court-sample-001732/rgb.png",
      "alpha": "court-sample-001732/alpha.npy",
      "alpha_preview": "court-sample-001732/alpha.png",
      "depth": "court-sample-001732/depth.npy"
    },
    {
      "camera_id": "court-sample-001733",
      "request_source": "arbitrary",
      "width": 959,
      "height": 539,
      "rgb": "court-sample-001733/rgb.npy",
      "rgb_preview": "court-sample-001733/rgb.png",
      "alpha": "court-sample-001733/alpha.npy",
      "alpha_preview": "court-sample-001733/alpha.png",
      "depth": "court-sample-001733/depth.npy"
    },
    {
      "camera_id": "court-sample-001734",
      "request_source": "arbitrary",
      "width": 959,
      "height": 539,
      "rgb": "court-sample-001734/rgb.npy",
      "rgb_preview": "court-sample-001734/rgb.png",
      "alpha": "court-sample-001734/alpha.npy",
      "alpha_preview": "court-sample-001734/alpha.png",
      "depth": "court-sample-001734/depth.npy"
    },
    {
      "camera_id": "court-sample-001735",
      "request_source": "arbitrary",
      "width": 959,
      "height": 539,
      "rgb": "court-sample-001735/rgb.npy",
      "rgb_preview": "court-sample-001735/rgb.png",
      "alpha": "court-sample-001735/alpha.npy",
      "alpha_preview": "court-sample-001735/alpha.png",
      "depth": "court-sample-001735/depth.npy"
    },
    {
      "camera_id": "court-sample-001736",
      "request_source": "arbitrary",
      "width": 959,
      "height": 539,
      "rgb": "court-sample-001736/rgb.npy",
      "rgb_preview": "court-sample-001736/rgb.png",
      "alpha": "court-sample-001736/alpha.npy",
      "alpha_preview": "court-sample-001736/alpha.png",
      "depth": "court-sample-001736/depth.npy"
    },
    {
      "camera_id": "court-sample-001737",
      "request_source": "arbitrary",
      "width": 959,
      "height": 539,
      "rgb": "court-sample-001737/rgb.npy",
      "rgb_preview": "court-sample-001737/rgb.png",
      "alpha": "court-sample-001737/alpha.npy",
      "alpha_preview": "court-sample-001737/alpha.png",
      "depth": "court-sample-001737/depth.npy"
    },
    {
      "camera_id": "court-sample-001738",
      "request_source": "arbitrary",
      "width": 959,
      "height": 539,
      "rgb": "court-sample-001738/rgb.npy",
      "rgb_preview": "court-sample-001738/rgb.png",
      "alpha": "court-sample-001738/alpha.npy",
      "alpha_preview": "court-sample-001738/alpha.png",
      "depth": "court-sample-001738/depth.npy"
    },
    {
      "camera_id": "court-sample-001739",
      "request_source": "arbitrary",
      "width": 959,
      "height": 539,
      "rgb": "court-sample-001739/rgb.npy",
      "rgb_preview": "court-sample-001739/rgb.png",
      "alpha": "court-sample-001739/alpha.npy",
      "alpha_preview": "court-sample-001739/alpha.png",
      "depth": "court-sample-001739/depth.npy"
    },
    {
      "camera_id": "court-sample-001740",
      "request_source": "arbitrary",
      "width": 959,
      "height": 539,
      "rgb": "court-sample-001740/rgb.npy",
      "rgb_preview": "court-sample-001740/rgb.png",
      "alpha": "court-sample-001740/alpha.npy",
      "alpha_preview": "court-sample-001740/alpha.png",
      "depth": "court-sample-001740/depth.npy"
    },
    {
      "camera_id": "court-sample-001741",
      "request_source": "arbitrary",
      "width": 959,
      "height": 539,
      "rgb": "court-sample-001741/rgb.npy",
      "rgb_preview": "court-sample-001741/rgb.png",
      "alpha": "court-sample-001741/alpha.npy",
      "alpha_preview": "court-sample-001741/alpha.png",
      "depth": "court-sample-001741/depth.npy"
    },
    {
      "camera_id": "court-sample-001742",
      "request_source": "arbitrary",
      "width": 959,
      "height": 539,
      "rgb": "court-sample-001742/rgb.npy",
      "rgb_preview": "court-sample-001742/rgb.png",
      "alpha": "court-sample-001742/alpha.npy",
      "alpha_preview": "court-sample-001742/alpha.png",
      "depth": "court-sample-001742/depth.npy"
    },
    {
      "camera_id": "court-sample-001743",
      "request_source": "arbitrary",
      "width": 959,
      "height": 539,
      "rgb": "court-sample-001743/rgb.npy",
      "rgb_preview": "court-sample-001743/rgb.png",
      "alpha": "court-sample-001743/alpha.npy",
      "alpha_preview": "court-sample-001743/alpha.png",
      "depth": "court-sample-001743/depth.npy"
    },
    {
      "camera_id": "court-sample-001745",
      "request_source": "arbitrary",
      "width": 959,
      "height": 539,
      "rgb": "court-sample-001745/rgb.npy",
      "rgb_preview": "court-sample-001745/rgb.png",
      "alpha": "court-sample-001745/alpha.npy",
      "alpha_preview": "court-sample-001745/alpha.png",
      "depth": "court-sample-001745/depth.npy"
    },
    {
      "camera_id": "court-sample-001746",
      "request_source": "arbitrary",
      "width": 959,
      "height": 539,
      "rgb": "court-sample-001746/rgb.npy",
      "rgb_preview": "court-sample-001746/rgb.png",
      "alpha": "court-sample-001746/alpha.npy",
      "alpha_preview": "court-sample-001746/alpha.png",
      "depth": "court-sample-001746/depth.npy"
    },
    {
      "camera_id": "court-sample-001747",
      "request_source": "arbitrary",
      "width": 959,
      "height": 539,
      "rgb": "court-sample-001747/rgb.npy",
      "rgb_preview": "court-sample-001747/rgb.png",
      "alpha": "court-sample-001747/alpha.npy",
      "alpha_preview": "court-sample-001747/alpha.png",
      "depth": "court-sample-001747/depth.npy"
    },
    {
      "camera_id": "court-sample-001748",
      "request_source": "arbitrary",
      "width": 959,
      "height": 539,
      "rgb": "court-sample-001748/rgb.npy",
      "rgb_preview": "court-sample-001748/rgb.png",
      "alpha": "court-sample-001748/alpha.npy",
      "alpha_preview": "court-sample-001748/alpha.png",
      "depth": "court-sample-001748/depth.npy"
    },
    {
      "camera_id": "court-sample-001749",
      "request_source": "arbitrary",
      "width": 959,
      "height": 539,
      "rgb": "court-sample-001749/rgb.npy",
      "rgb_preview": "court-sample-001749/rgb.png",
      "alpha": "court-sample-001749/alpha.npy",
      "alpha_preview": "court-sample-001749/alpha.png",
      "depth": "court-sample-001749/depth.npy"
    },
    {
      "camera_id": "court-sample-001750",
      "request_source": "arbitrary",
      "width": 959,
      "height": 539,
      "rgb": "court-sample-001750/rgb.npy",
      "rgb_preview": "court-sample-001750/rgb.png",
      "alpha": "court-sample-001750/alpha.npy",
      "alpha_preview": "court-sample-001750/alpha.png",
      "depth": "court-sample-001750/depth.npy"
    },
    {
      "camera_id": "court-sample-001751",
      "request_source": "arbitrary",
      "width": 959,
      "height": 539,
      "rgb": "court-sample-001751/rgb.npy",
      "rgb_preview": "court-sample-001751/rgb.png",
      "alpha": "court-sample-001751/alpha.npy",
      "alpha_preview": "court-sample-001751/alpha.png",
      "depth": "court-sample-001751/depth.npy"
    },
    {
      "camera_id": "court-sample-001752",
      "request_source": "arbitrary",
      "width": 959,
      "height": 539,
      "rgb": "court-sample-001752/rgb.npy",
      "rgb_preview": "court-sample-001752/rgb.png",
      "alpha": "court-sample-001752/alpha.npy",
      "alpha_preview": "court-sample-001752/alpha.png",
      "depth": "court-sample-001752/depth.npy"
    },
    {
      "camera_id": "court-sample-001753",
      "request_source": "arbitrary",
      "width": 959,
      "height": 539,
      "rgb": "court-sample-001753/rgb.npy",
      "rgb_preview": "court-sample-001753/rgb.png",
      "alpha": "court-sample-001753/alpha.npy",
      "alpha_preview": "court-sample-001753/alpha.png",
      "depth": "court-sample-001753/depth.npy"
    },
    {
      "camera_id": "court-sample-001754",
      "request_source": "arbitrary",
      "width": 959,
      "height": 539,
      "rgb": "court-sample-001754/rgb.npy",
      "rgb_preview": "court-sample-001754/rgb.png",
      "alpha": "court-sample-001754/alpha.npy",
      "alpha_preview": "court-sample-001754/alpha.png",
      "depth": "court-sample-001754/depth.npy"
    },
    {
      "camera_id": "court-sample-001755",
      "request_source": "arbitrary",
      "width": 959,
      "height": 539,
      "rgb": "court-sample-001755/rgb.npy",
      "rgb_preview": "court-sample-001755/rgb.png",
      "alpha": "court-sample-001755/alpha.npy",
      "alpha_preview": "court-sample-001755/alpha.png",
      "depth": "court-sample-001755/depth.npy"
    },
    {
      "camera_id": "court-sample-001756",
      "request_source": "arbitrary",
      "width": 959,
      "height": 539,
      "rgb": "court-sample-001756/rgb.npy",
      "rgb_preview": "court-sample-001756/rgb.png",
      "alpha": "court-sample-001756/alpha.npy",
      "alpha_preview": "court-sample-001756/alpha.png",
      "depth": "court-sample-001756/depth.npy"
    },
    {
      "camera_id": "court-sample-001757",
      "request_source": "arbitrary",
      "width": 959,
      "height": 539,
      "rgb": "court-sample-001757/rgb.npy",
      "rgb_preview": "court-sample-001757/rgb.png",
      "alpha": "court-sample-001757/alpha.npy",
      "alpha_preview": "court-sample-001757/alpha.png",
      "depth": "court-sample-001757/depth.npy"
    },
    {
      "camera_id": "court-sample-001758",
      "request_source": "arbitrary",
      "width": 959,
      "height": 539,
      "rgb": "court-sample-001758/rgb.npy",
      "rgb_preview": "court-sample-001758/rgb.png",
      "alpha": "court-sample-001758/alpha.npy",
      "alpha_preview": "court-sample-001758/alpha.png",
      "depth": "court-sample-001758/depth.npy"
    },
    {
      "camera_id": "court-sample-001759",
      "request_source": "arbitrary",
      "width": 959,
      "height": 539,
      "rgb": "court-sample-001759/rgb.npy",
      "rgb_preview": "court-sample-001759/rgb.png",
      "alpha": "court-sample-001759/alpha.npy",
      "alpha_preview": "court-sample-001759/alpha.png",
      "depth": "court-sample-001759/depth.npy"
    },
    {
      "camera_id": "court-sample-001760",
      "request_source": "arbitrary",
      "width": 959,
      "height": 539,
      "rgb": "court-sample-001760/rgb.npy",
      "rgb_preview": "court-sample-001760/rgb.png",
      "alpha": "court-sample-001760/alpha.npy",
      "alpha_preview": "court-sample-001760/alpha.png",
      "depth": "court-sample-001760/depth.npy"
    },
    {
      "camera_id": "court-sample-001761",
      "request_source": "arbitrary",
      "width": 959,
      "height": 539,
      "rgb": "court-sample-001761/rgb.npy",
      "rgb_preview": "court-sample-001761/rgb.png",
      "alpha": "court-sample-001761/alpha.npy",
      "alpha_preview": "court-sample-001761/alpha.png",
      "depth": "court-sample-001761/depth.npy"
    },
    {
      "camera_id": "court-sample-001762",
      "request_source": "arbitrary",
      "width": 959,
      "height": 539,
      "rgb": "court-sample-001762/rgb.npy",
      "rgb_preview": "court-sample-001762/rgb.png",
      "alpha": "court-sample-001762/alpha.npy",
      "alpha_preview": "court-sample-001762/alpha.png",
      "depth": "court-sample-001762/depth.npy"
    },
    {
      "camera_id": "court-sample-001763",
      "request_source": "arbitrary",
      "width": 959,
      "height": 539,
      "rgb": "court-sample-001763/rgb.npy",
      "rgb_preview": "court-sample-001763/rgb.png",
      "alpha": "court-sample-001763/alpha.npy",
      "alpha_preview": "court-sample-001763/alpha.png",
      "depth": "court-sample-001763/depth.npy"
    },
    {
      "camera_id": "court-sample-001764",
      "request_source": "arbitrary",
      "width": 959,
      "height": 539,
      "rgb": "court-sample-001764/rgb.npy",
      "rgb_preview": "court-sample-001764/rgb.png",
      "alpha": "court-sample-001764/alpha.npy",
      "alpha_preview": "court-sample-001764/alpha.png",
      "depth": "court-sample-001764/depth.npy"
    },
    {
      "camera_id": "court-sample-001765",
      "request_source": "arbitrary",
      "width": 959,
      "height": 539,
      "rgb": "court-sample-001765/rgb.npy",
      "rgb_preview": "court-sample-001765/rgb.png",
      "alpha": "court-sample-001765/alpha.npy",
      "alpha_preview": "court-sample-001765/alpha.png",
      "depth": "court-sample-001765/depth.npy"
    },
    {
      "camera_id": "court-sample-001766",
      "request_source": "arbitrary",
      "width": 959,
      "height": 539,
      "rgb": "court-sample-001766/rgb.npy",
      "rgb_preview": "court-sample-001766/rgb.png",
      "alpha": "court-sample-001766/alpha.npy",
      "alpha_preview": "court-sample-001766/alpha.png",
      "depth": "court-sample-001766/depth.npy"
    },
    {
      "camera_id": "court-sample-001767",
      "request_source": "arbitrary",
      "width": 959,
      "height": 539,
      "rgb": "court-sample-001767/rgb.npy",
      "rgb_preview": "court-sample-001767/rgb.png",
      "alpha": "court-sample-001767/alpha.npy",
      "alpha_preview": "court-sample-001767/alpha.png",
      "depth": "court-sample-001767/depth.npy"
    },
    {
      "camera_id": "court-sample-001768",
      "request_source": "arbitrary",
      "width": 959,
      "height": 539,
      "rgb": "court-sample-001768/rgb.npy",
      "rgb_preview": "court-sample-001768/rgb.png",
      "alpha": "court-sample-001768/alpha.npy",
      "alpha_preview": "court-sample-001768/alpha.png",
      "depth": "court-sample-001768/depth.npy"
    },
    {
      "camera_id": "court-sample-001769",
      "request_source": "arbitrary",
      "width": 959,
      "height": 539,
      "rgb": "court-sample-001769/rgb.npy",
      "rgb_preview": "court-sample-001769/rgb.png",
      "alpha": "court-sample-001769/alpha.npy",
      "alpha_preview": "court-sample-001769/alpha.png",
      "depth": "court-sample-001769/depth.npy"
    },
    {
      "camera_id": "court-sample-001770",
      "request_source": "arbitrary",
      "width": 959,
      "height": 539,
      "rgb": "court-sample-001770/rgb.npy",
      "rgb_preview": "court-sample-001770/rgb.png",
      "alpha": "court-sample-001770/alpha.npy",
      "alpha_preview": "court-sample-001770/alpha.png",
      "depth": "court-sample-001770/depth.npy"
    },
    {
      "camera_id": "court-sample-001771",
      "request_source": "arbitrary",
      "width": 959,
      "height": 539,
      "rgb": "court-sample-001771/rgb.npy",
      "rgb_preview": "court-sample-001771/rgb.png",
      "alpha": "court-sample-001771/alpha.npy",
      "alpha_preview": "court-sample-001771/alpha.png",
      "depth": "court-sample-001771/depth.npy"
    },
    {
      "camera_id": "court-sample-001772",
      "request_source": "arbitrary",
      "width": 959,
      "height": 539,
      "rgb": "court-sample-001772/rgb.npy",
      "rgb_preview": "court-sample-001772/rgb.png",
      "alpha": "court-sample-001772/alpha.npy",
      "alpha_preview": "court-sample-001772/alpha.png",
      "depth": "court-sample-001772/depth.npy"
    },
    {
      "camera_id": "court-sample-001773",
      "request_source": "arbitrary",
      "width": 959,
      "height": 539,
      "rgb": "court-sample-001773/rgb.npy",
      "rgb_preview": "court-sample-001773/rgb.png",
      "alpha": "court-sample-001773/alpha.npy",
      "alpha_preview": "court-sample-001773/alpha.png",
      "depth": "court-sample-001773/depth.npy"
    },
    {
      "camera_id": "court-sample-001774",
      "request_source": "arbitrary",
      "width": 959,
      "height": 539,
      "rgb": "court-sample-001774/rgb.npy",
      "rgb_preview": "court-sample-001774/rgb.png",
      "alpha": "court-sample-001774/alpha.npy",
      "alpha_preview": "court-sample-001774/alpha.png",
      "depth": "court-sample-001774/depth.npy"
    },
    {
      "camera_id": "court-sample-001775",
      "request_source": "arbitrary",
      "width": 959,
      "height": 539,
      "rgb": "court-sample-001775/rgb.npy",
      "rgb_preview": "court-sample-001775/rgb.png",
      "alpha": "court-sample-001775/alpha.npy",
      "alpha_preview": "court-sample-001775/alpha.png",
      "depth": "court-sample-001775/depth.npy"
    },
    {
      "camera_id": "court-sample-001776",
      "request_source": "arbitrary",
      "width": 959,
      "height": 539,
      "rgb": "court-sample-001776/rgb.npy",
      "rgb_preview": "court-sample-001776/rgb.png",
      "alpha": "court-sample-001776/alpha.npy",
      "alpha_preview": "court-sample-001776/alpha.png",
      "depth": "court-sample-001776/depth.npy"
    },
    {
      "camera_id": "court-sample-001777",
      "request_source": "arbitrary",
      "width": 959,
      "height": 539,
      "rgb": "court-sample-001777/rgb.npy",
      "rgb_preview": "court-sample-001777/rgb.png",
      "alpha": "court-sample-001777/alpha.npy",
      "alpha_preview": "court-sample-001777/alpha.png",
      "depth": "court-sample-001777/depth.npy"
    },
    {
      "camera_id": "court-sample-001778",
      "request_source": "arbitrary",
      "width": 959,
      "height": 539,
      "rgb": "court-sample-001778/rgb.npy",
      "rgb_preview": "court-sample-001778/rgb.png",
      "alpha": "court-sample-001778/alpha.npy",
      "alpha_preview": "court-sample-001778/alpha.png",
      "depth": "court-sample-001778/depth.npy"
    },
    {
      "camera_id": "court-sample-001779",
      "request_source": "arbitrary",
      "width": 959,
      "height": 539,
      "rgb": "court-sample-001779/rgb.npy",
      "rgb_preview": "court-sample-001779/rgb.png",
      "alpha": "court-sample-001779/alpha.npy",
      "alpha_preview": "court-sample-001779/alpha.png",
      "depth": "court-sample-001779/depth.npy"
    },
    {
      "camera_id": "court-sample-001780",
      "request_source": "arbitrary",
      "width": 959,
      "height": 539,
      "rgb": "court-sample-001780/rgb.npy",
      "rgb_preview": "court-sample-001780/rgb.png",
      "alpha": "court-sample-001780/alpha.npy",
      "alpha_preview": "court-sample-001780/alpha.png",
      "depth": "court-sample-001780/depth.npy"
    },
    {
      "camera_id": "court-sample-001781",
      "request_source": "arbitrary",
      "width": 959,
      "height": 539,
      "rgb": "court-sample-001781/rgb.npy",
      "rgb_preview": "court-sample-001781/rgb.png",
      "alpha": "court-sample-001781/alpha.npy",
      "alpha_preview": "court-sample-001781/alpha.png",
      "depth": "court-sample-001781/depth.npy"
    },
    {
      "camera_id": "court-sample-001782",
      "request_source": "arbitrary",
      "width": 959,
      "height": 539,
      "rgb": "court-sample-001782/rgb.npy",
      "rgb_preview": "court-sample-001782/rgb.png",
      "alpha": "court-sample-001782/alpha.npy",
      "alpha_preview": "court-sample-001782/alpha.png",
      "depth": "court-sample-001782/depth.npy"
    },
    {
      "camera_id": "court-sample-001783",
      "request_source": "arbitrary",
      "width": 959,
      "height": 539,
      "rgb": "court-sample-001783/rgb.npy",
      "rgb_preview": "court-sample-001783/rgb.png",
      "alpha": "court-sample-001783/alpha.npy",
      "alpha_preview": "court-sample-001783/alpha.png",
      "depth": "court-sample-001783/depth.npy"
    },
    {
      "camera_id": "court-sample-001784",
      "request_source": "arbitrary",
      "width": 959,
      "height": 539,
      "rgb": "court-sample-001784/rgb.npy",
      "rgb_preview": "court-sample-001784/rgb.png",
      "alpha": "court-sample-001784/alpha.npy",
      "alpha_preview": "court-sample-001784/alpha.png",
      "depth": "court-sample-001784/depth.npy"
    },
    {
      "camera_id": "court-sample-001785",
      "request_source": "arbitrary",
      "width": 959,
      "height": 539,
      "rgb": "court-sample-001785/rgb.npy",
      "rgb_preview": "court-sample-001785/rgb.png",
      "alpha": "court-sample-001785/alpha.npy",
      "alpha_preview": "court-sample-001785/alpha.png",
      "depth": "court-sample-001785/depth.npy"
    },
    {
      "camera_id": "court-sample-001786",
      "request_source": "arbitrary",
      "width": 959,
      "height": 539,
      "rgb": "court-sample-001786/rgb.npy",
      "rgb_preview": "court-sample-001786/rgb.png",
      "alpha": "court-sample-001786/alpha.npy",
      "alpha_preview": "court-sample-001786/alpha.png",
      "depth": "court-sample-001786/depth.npy"
    },
    {
      "camera_id": "court-sample-001787",
      "request_source": "arbitrary",
      "width": 959,
      "height": 539,
      "rgb": "court-sample-001787/rgb.npy",
      "rgb_preview": "court-sample-001787/rgb.png",
      "alpha": "court-sample-001787/alpha.npy",
      "alpha_preview": "court-sample-001787/alpha.png",
      "depth": "court-sample-001787/depth.npy"
    },
    {
      "camera_id": "court-sample-001788",
      "request_source": "arbitrary",
      "width": 959,
      "height": 539,
      "rgb": "court-sample-001788/rgb.npy",
      "rgb_preview": "court-sample-001788/rgb.png",
      "alpha": "court-sample-001788/alpha.npy",
      "alpha_preview": "court-sample-001788/alpha.png",
      "depth": "court-sample-001788/depth.npy"
    },
    {
      "camera_id": "court-sample-001789",
      "request_source": "arbitrary",
      "width": 959,
      "height": 539,
      "rgb": "court-sample-001789/rgb.npy",
      "rgb_preview": "court-sample-001789/rgb.png",
      "alpha": "court-sample-001789/alpha.npy",
      "alpha_preview": "court-sample-001789/alpha.png",
      "depth": "court-sample-001789/depth.npy"
    },
    {
      "camera_id": "court-sample-001790",
      "request_source": "arbitrary",
      "width": 959,
      "height": 539,
      "rgb": "court-sample-001790/rgb.npy",
      "rgb_preview": "court-sample-001790/rgb.png",
      "alpha": "court-sample-001790/alpha.npy",
      "alpha_preview": "court-sample-001790/alpha.png",
      "depth": "court-sample-001790/depth.npy"
    },
    {
      "camera_id": "court-sample-001791",
      "request_source": "arbitrary",
      "width": 959,
      "height": 539,
      "rgb": "court-sample-001791/rgb.npy",
      "rgb_preview": "court-sample-001791/rgb.png",
      "alpha": "court-sample-001791/alpha.npy",
      "alpha_preview": "court-sample-001791/alpha.png",
      "depth": "court-sample-001791/depth.npy"
    },
    {
      "camera_id": "court-sample-001792",
      "request_source": "arbitrary",
      "width": 959,
      "height": 539,
      "rgb": "court-sample-001792/rgb.npy",
      "rgb_preview": "court-sample-001792/rgb.png",
      "alpha": "court-sample-001792/alpha.npy",
      "alpha_preview": "court-sample-001792/alpha.png",
      "depth": "court-sample-001792/depth.npy"
    },
    {
      "camera_id": "court-sample-001793",
      "request_source": "arbitrary",
      "width": 959,
      "height": 539,
      "rgb": "court-sample-001793/rgb.npy",
      "rgb_preview": "court-sample-001793/rgb.png",
      "alpha": "court-sample-001793/alpha.npy",
      "alpha_preview": "court-sample-001793/alpha.png",
      "depth": "court-sample-001793/depth.npy"
    },
    {
      "camera_id": "court-sample-001794",
      "request_source": "arbitrary",
      "width": 959,
      "height": 539,
      "rgb": "court-sample-001794/rgb.npy",
      "rgb_preview": "court-sample-001794/rgb.png",
      "alpha": "court-sample-001794/alpha.npy",
      "alpha_preview": "court-sample-001794/alpha.png",
      "depth": "court-sample-001794/depth.npy"
    },
    {
      "camera_id": "court-sample-001795",
      "request_source": "arbitrary",
      "width": 959,
      "height": 539,
      "rgb": "court-sample-001795/rgb.npy",
      "rgb_preview": "court-sample-001795/rgb.png",
      "alpha": "court-sample-001795/alpha.npy",
      "alpha_preview": "court-sample-001795/alpha.png",
      "depth": "court-sample-001795/depth.npy"
    },
    {
      "camera_id": "court-sample-001796",
      "request_source": "arbitrary",
      "width": 959,
      "height": 539,
      "rgb": "court-sample-001796/rgb.npy",
      "rgb_preview": "court-sample-001796/rgb.png",
      "alpha": "court-sample-001796/alpha.npy",
      "alpha_preview": "court-sample-001796/alpha.png",
      "depth": "court-sample-001796/depth.npy"
    },
    {
      "camera_id": "court-sample-001797",
      "request_source": "arbitrary",
      "width": 959,
      "height": 539,
      "rgb": "court-sample-001797/rgb.npy",
      "rgb_preview": "court-sample-001797/rgb.png",
      "alpha": "court-sample-001797/alpha.npy",
      "alpha_preview": "court-sample-001797/alpha.png",
      "depth": "court-sample-001797/depth.npy"
    },
    {
      "camera_id": "court-sample-001798",
      "request_source": "arbitrary",
      "width": 959,
      "height": 539,
      "rgb": "court-sample-001798/rgb.npy",
      "rgb_preview": "court-sample-001798/rgb.png",
      "alpha": "court-sample-001798/alpha.npy",
      "alpha_preview": "court-sample-001798/alpha.png",
      "depth": "court-sample-001798/depth.npy"
    },
    {
      "camera_id": "court-sample-001799",
      "request_source": "arbitrary",
      "width": 959,
      "height": 539,
      "rgb": "court-sample-001799/rgb.npy",
      "rgb_preview": "court-sample-001799/rgb.png",
      "alpha": "court-sample-001799/alpha.npy",
      "alpha_preview": "court-sample-001799/alpha.png",
      "depth": "court-sample-001799/depth.npy"
    },
    {
      "camera_id": "court-sample-001800",
      "request_source": "arbitrary",
      "width": 959,
      "height": 539,
      "rgb": "court-sample-001800/rgb.npy",
      "rgb_preview": "court-sample-001800/rgb.png",
      "alpha": "court-sample-001800/alpha.npy",
      "alpha_preview": "court-sample-001800/alpha.png",
      "depth": "court-sample-001800/depth.npy"
    },
    {
      "camera_id": "court-sample-001802",
      "request_source": "arbitrary",
      "width": 959,
      "height": 539,
      "rgb": "court-sample-001802/rgb.npy",
      "rgb_preview": "court-sample-001802/rgb.png",
      "alpha": "court-sample-001802/alpha.npy",
      "alpha_preview": "court-sample-001802/alpha.png",
      "depth": "court-sample-001802/depth.npy"
    },
    {
      "camera_id": "court-sample-001803",
      "request_source": "arbitrary",
      "width": 959,
      "height": 539,
      "rgb": "court-sample-001803/rgb.npy",
      "rgb_preview": "court-sample-001803/rgb.png",
      "alpha": "court-sample-001803/alpha.npy",
      "alpha_preview": "court-sample-001803/alpha.png",
      "depth": "court-sample-001803/depth.npy"
    },
    {
      "camera_id": "court-sample-001804",
      "request_source": "arbitrary",
      "width": 959,
      "height": 539,
      "rgb": "court-sample-001804/rgb.npy",
      "rgb_preview": "court-sample-001804/rgb.png",
      "alpha": "court-sample-001804/alpha.npy",
      "alpha_preview": "court-sample-001804/alpha.png",
      "depth": "court-sample-001804/depth.npy"
    },
    {
      "camera_id": "court-sample-001805",
      "request_source": "arbitrary",
      "width": 959,
      "height": 539,
      "rgb": "court-sample-001805/rgb.npy",
      "rgb_preview": "court-sample-001805/rgb.png",
      "alpha": "court-sample-001805/alpha.npy",
      "alpha_preview": "court-sample-001805/alpha.png",
      "depth": "court-sample-001805/depth.npy"
    },
    {
      "camera_id": "court-sample-001806",
      "request_source": "arbitrary",
      "width": 959,
      "height": 539,
      "rgb": "court-sample-001806/rgb.npy",
      "rgb_preview": "court-sample-001806/rgb.png",
      "alpha": "court-sample-001806/alpha.npy",
      "alpha_preview": "court-sample-001806/alpha.png",
      "depth": "court-sample-001806/depth.npy"
    },
    {
      "camera_id": "court-sample-001807",
      "request_source": "arbitrary",
      "width": 959,
      "height": 539,
      "rgb": "court-sample-001807/rgb.npy",
      "rgb_preview": "court-sample-001807/rgb.png",
      "alpha": "court-sample-001807/alpha.npy",
      "alpha_preview": "court-sample-001807/alpha.png",
      "depth": "court-sample-001807/depth.npy"
    },
    {
      "camera_id": "court-sample-001808",
      "request_source": "arbitrary",
      "width": 959,
      "height": 539,
      "rgb": "court-sample-001808/rgb.npy",
      "rgb_preview": "court-sample-001808/rgb.png",
      "alpha": "court-sample-001808/alpha.npy",
      "alpha_preview": "court-sample-001808/alpha.png",
      "depth": "court-sample-001808/depth.npy"
    },
    {
      "camera_id": "court-sample-001809",
      "request_source": "arbitrary",
      "width": 959,
      "height": 539,
      "rgb": "court-sample-001809/rgb.npy",
      "rgb_preview": "court-sample-001809/rgb.png",
      "alpha": "court-sample-001809/alpha.npy",
      "alpha_preview": "court-sample-001809/alpha.png",
      "depth": "court-sample-001809/depth.npy"
    },
    {
      "camera_id": "court-sample-001810",
      "request_source": "arbitrary",
      "width": 959,
      "height": 539,
      "rgb": "court-sample-001810/rgb.npy",
      "rgb_preview": "court-sample-001810/rgb.png",
      "alpha": "court-sample-001810/alpha.npy",
      "alpha_preview": "court-sample-001810/alpha.png",
      "depth": "court-sample-001810/depth.npy"
    },
    {
      "camera_id": "court-sample-001811",
      "request_source": "arbitrary",
      "width": 959,
      "height": 539,
      "rgb": "court-sample-001811/rgb.npy",
      "rgb_preview": "court-sample-001811/rgb.png",
      "alpha": "court-sample-001811/alpha.npy",
      "alpha_preview": "court-sample-001811/alpha.png",
      "depth": "court-sample-001811/depth.npy"
    },
    {
      "camera_id": "court-sample-001812",
      "request_source": "arbitrary",
      "width": 959,
      "height": 539,
      "rgb": "court-sample-001812/rgb.npy",
      "rgb_preview": "court-sample-001812/rgb.png",
      "alpha": "court-sample-001812/alpha.npy",
      "alpha_preview": "court-sample-001812/alpha.png",
      "depth": "court-sample-001812/depth.npy"
    },
    {
      "camera_id": "court-sample-001813",
      "request_source": "arbitrary",
      "width": 959,
      "height": 539,
      "rgb": "court-sample-001813/rgb.npy",
      "rgb_preview": "court-sample-001813/rgb.png",
      "alpha": "court-sample-001813/alpha.npy",
      "alpha_preview": "court-sample-001813/alpha.png",
      "depth": "court-sample-001813/depth.npy"
    },
    {
      "camera_id": "court-sample-001814",
      "request_source": "arbitrary",
      "width": 959,
      "height": 539,
      "rgb": "court-sample-001814/rgb.npy",
      "rgb_preview": "court-sample-001814/rgb.png",
      "alpha": "court-sample-001814/alpha.npy",
      "alpha_preview": "court-sample-001814/alpha.png",
      "depth": "court-sample-001814/depth.npy"
    },
    {
      "camera_id": "court-sample-001815",
      "request_source": "arbitrary",
      "width": 959,
      "height": 539,
      "rgb": "court-sample-001815/rgb.npy",
      "rgb_preview": "court-sample-001815/rgb.png",
      "alpha": "court-sample-001815/alpha.npy",
      "alpha_preview": "court-sample-001815/alpha.png",
      "depth": "court-sample-001815/depth.npy"
    },
    {
      "camera_id": "court-sample-002041",
      "request_source": "arbitrary",
      "width": 959,
      "height": 539,
      "rgb": "court-sample-002041/rgb.npy",
      "rgb_preview": "court-sample-002041/rgb.png",
      "alpha": "court-sample-002041/alpha.npy",
      "alpha_preview": "court-sample-002041/alpha.png",
      "depth": "court-sample-002041/depth.npy"
    },
    {
      "camera_id": "court-sample-002042",
      "request_source": "arbitrary",
      "width": 959,
      "height": 539,
      "rgb": "court-sample-002042/rgb.npy",
      "rgb_preview": "court-sample-002042/rgb.png",
      "alpha": "court-sample-002042/alpha.npy",
      "alpha_preview": "court-sample-002042/alpha.png",
      "depth": "court-sample-002042/depth.npy"
    },
    {
      "camera_id": "court-sample-002043",
      "request_source": "arbitrary",
      "width": 959,
      "height": 539,
      "rgb": "court-sample-002043/rgb.npy",
      "rgb_preview": "court-sample-002043/rgb.png",
      "alpha": "court-sample-002043/alpha.npy",
      "alpha_preview": "court-sample-002043/alpha.png",
      "depth": "court-sample-002043/depth.npy"
    },
    {
      "camera_id": "court-sample-002044",
      "request_source": "arbitrary",
      "width": 959,
      "height": 539,
      "rgb": "court-sample-002044/rgb.npy",
      "rgb_preview": "court-sample-002044/rgb.png",
      "alpha": "court-sample-002044/alpha.npy",
      "alpha_preview": "court-sample-002044/alpha.png",
      "depth": "court-sample-002044/depth.npy"
    },
    {
      "camera_id": "court-sample-002045",
      "request_source": "arbitrary",
      "width": 959,
      "height": 539,
      "rgb": "court-sample-002045/rgb.npy",
      "rgb_preview": "court-sample-002045/rgb.png",
      "alpha": "court-sample-002045/alpha.npy",
      "alpha_preview": "court-sample-002045/alpha.png",
      "depth": "court-sample-002045/depth.npy"
    },
    {
      "camera_id": "court-sample-002046",
      "request_source": "arbitrary",
      "width": 959,
      "height": 539,
      "rgb": "court-sample-002046/rgb.npy",
      "rgb_preview": "court-sample-002046/rgb.png",
      "alpha": "court-sample-002046/alpha.npy",
      "alpha_preview": "court-sample-002046/alpha.png",
      "depth": "court-sample-002046/depth.npy"
    },
    {
      "camera_id": "court-sample-002047",
      "request_source": "arbitrary",
      "width": 959,
      "height": 539,
      "rgb": "court-sample-002047/rgb.npy",
      "rgb_preview": "court-sample-002047/rgb.png",
      "alpha": "court-sample-002047/alpha.npy",
      "alpha_preview": "court-sample-002047/alpha.png",
      "depth": "court-sample-002047/depth.npy"
    },
    {
      "camera_id": "court-sample-002048",
      "request_source": "arbitrary",
      "width": 959,
      "height": 539,
      "rgb": "court-sample-002048/rgb.npy",
      "rgb_preview": "court-sample-002048/rgb.png",
      "alpha": "court-sample-002048/alpha.npy",
      "alpha_preview": "court-sample-002048/alpha.png",
      "depth": "court-sample-002048/depth.npy"
    },
    {
      "camera_id": "court-sample-002049",
      "request_source": "arbitrary",
      "width": 959,
      "height": 539,
      "rgb": "court-sample-002049/rgb.npy",
      "rgb_preview": "court-sample-002049/rgb.png",
      "alpha": "court-sample-002049/alpha.npy",
      "alpha_preview": "court-sample-002049/alpha.png",
      "depth": "court-sample-002049/depth.npy"
    },
    {
      "camera_id": "court-sample-002050",
      "request_source": "arbitrary",
      "width": 959,
      "height": 539,
      "rgb": "court-sample-002050/rgb.npy",
      "rgb_preview": "court-sample-002050/rgb.png",
      "alpha": "court-sample-002050/alpha.npy",
      "alpha_preview": "court-sample-002050/alpha.png",
      "depth": "court-sample-002050/depth.npy"
    },
    {
      "camera_id": "court-sample-002051",
      "request_source": "arbitrary",
      "width": 959,
      "height": 539,
      "rgb": "court-sample-002051/rgb.npy",
      "rgb_preview": "court-sample-002051/rgb.png",
      "alpha": "court-sample-002051/alpha.npy",
      "alpha_preview": "court-sample-002051/alpha.png",
      "depth": "court-sample-002051/depth.npy"
    },
    {
      "camera_id": "court-sample-002052",
      "request_source": "arbitrary",
      "width": 959,
      "height": 539,
      "rgb": "court-sample-002052/rgb.npy",
      "rgb_preview": "court-sample-002052/rgb.png",
      "alpha": "court-sample-002052/alpha.npy",
      "alpha_preview": "court-sample-002052/alpha.png",
      "depth": "court-sample-002052/depth.npy"
    },
    {
      "camera_id": "court-sample-002053",
      "request_source": "arbitrary",
      "width": 959,
      "height": 539,
      "rgb": "court-sample-002053/rgb.npy",
      "rgb_preview": "court-sample-002053/rgb.png",
      "alpha": "court-sample-002053/alpha.npy",
      "alpha_preview": "court-sample-002053/alpha.png",
      "depth": "court-sample-002053/depth.npy"
    },
    {
      "camera_id": "court-sample-002054",
      "request_source": "arbitrary",
      "width": 959,
      "height": 539,
      "rgb": "court-sample-002054/rgb.npy",
      "rgb_preview": "court-sample-002054/rgb.png",
      "alpha": "court-sample-002054/alpha.npy",
      "alpha_preview": "court-sample-002054/alpha.png",
      "depth": "court-sample-002054/depth.npy"
    },
    {
      "camera_id": "court-sample-002055",
      "request_source": "arbitrary",
      "width": 959,
      "height": 539,
      "rgb": "court-sample-002055/rgb.npy",
      "rgb_preview": "court-sample-002055/rgb.png",
      "alpha": "court-sample-002055/alpha.npy",
      "alpha_preview": "court-sample-002055/alpha.png",
      "depth": "court-sample-002055/depth.npy"
    },
    {
      "camera_id": "court-sample-002056",
      "request_source": "arbitrary",
      "width": 959,
      "height": 539,
      "rgb": "court-sample-002056/rgb.npy",
      "rgb_preview": "court-sample-002056/rgb.png",
      "alpha": "court-sample-002056/alpha.npy",
      "alpha_preview": "court-sample-002056/alpha.png",
      "depth": "court-sample-002056/depth.npy"
    },
    {
      "camera_id": "court-sample-002057",
      "request_source": "arbitrary",
      "width": 959,
      "height": 539,
      "rgb": "court-sample-002057/rgb.npy",
      "rgb_preview": "court-sample-002057/rgb.png",
      "alpha": "court-sample-002057/alpha.npy",
      "alpha_preview": "court-sample-002057/alpha.png",
      "depth": "court-sample-002057/depth.npy"
    },
    {
      "camera_id": "court-sample-002058",
      "request_source": "arbitrary",
      "width": 959,
      "height": 539,
      "rgb": "court-sample-002058/rgb.npy",
      "rgb_preview": "court-sample-002058/rgb.png",
      "alpha": "court-sample-002058/alpha.npy",
      "alpha_preview": "court-sample-002058/alpha.png",
      "depth": "court-sample-002058/depth.npy"
    },
    {
      "camera_id": "court-sample-002059",
      "request_source": "arbitrary",
      "width": 959,
      "height": 539,
      "rgb": "court-sample-002059/rgb.npy",
      "rgb_preview": "court-sample-002059/rgb.png",
      "alpha": "court-sample-002059/alpha.npy",
      "alpha_preview": "court-sample-002059/alpha.png",
      "depth": "court-sample-002059/depth.npy"
    },
    {
      "camera_id": "court-sample-002060",
      "request_source": "arbitrary",
      "width": 959,
      "height": 539,
      "rgb": "court-sample-002060/rgb.npy",
      "rgb_preview": "court-sample-002060/rgb.png",
      "alpha": "court-sample-002060/alpha.npy",
      "alpha_preview": "court-sample-002060/alpha.png",
      "depth": "court-sample-002060/depth.npy"
    },
    {
      "camera_id": "court-sample-002061",
      "request_source": "arbitrary",
      "width": 959,
      "height": 539,
      "rgb": "court-sample-002061/rgb.npy",
      "rgb_preview": "court-sample-002061/rgb.png",
      "alpha": "court-sample-002061/alpha.npy",
      "alpha_preview": "court-sample-002061/alpha.png",
      "depth": "court-sample-002061/depth.npy"
    },
    {
      "camera_id": "court-sample-002062",
      "request_source": "arbitrary",
      "width": 959,
      "height": 539,
      "rgb": "court-sample-002062/rgb.npy",
      "rgb_preview": "court-sample-002062/rgb.png",
      "alpha": "court-sample-002062/alpha.npy",
      "alpha_preview": "court-sample-002062/alpha.png",
      "depth": "court-sample-002062/depth.npy"
    },
    {
      "camera_id": "court-sample-002063",
      "request_source": "arbitrary",
      "width": 959,
      "height": 539,
      "rgb": "court-sample-002063/rgb.npy",
      "rgb_preview": "court-sample-002063/rgb.png",
      "alpha": "court-sample-002063/alpha.npy",
      "alpha_preview": "court-sample-002063/alpha.png",
      "depth": "court-sample-002063/depth.npy"
    },
    {
      "camera_id": "court-sample-002064",
      "request_source": "arbitrary",
      "width": 959,
      "height": 539,
      "rgb": "court-sample-002064/rgb.npy",
      "rgb_preview": "court-sample-002064/rgb.png",
      "alpha": "court-sample-002064/alpha.npy",
      "alpha_preview": "court-sample-002064/alpha.png",
      "depth": "court-sample-002064/depth.npy"
    },
    {
      "camera_id": "court-sample-002065",
      "request_source": "arbitrary",
      "width": 959,
      "height": 539,
      "rgb": "court-sample-002065/rgb.npy",
      "rgb_preview": "court-sample-002065/rgb.png",
      "alpha": "court-sample-002065/alpha.npy",
      "alpha_preview": "court-sample-002065/alpha.png",
      "depth": "court-sample-002065/depth.npy"
    },
    {
      "camera_id": "court-sample-002066",
      "request_source": "arbitrary",
      "width": 959,
      "height": 539,
      "rgb": "court-sample-002066/rgb.npy",
      "rgb_preview": "court-sample-002066/rgb.png",
      "alpha": "court-sample-002066/alpha.npy",
      "alpha_preview": "court-sample-002066/alpha.png",
      "depth": "court-sample-002066/depth.npy"
    },
    {
      "camera_id": "court-sample-002067",
      "request_source": "arbitrary",
      "width": 959,
      "height": 539,
      "rgb": "court-sample-002067/rgb.npy",
      "rgb_preview": "court-sample-002067/rgb.png",
      "alpha": "court-sample-002067/alpha.npy",
      "alpha_preview": "court-sample-002067/alpha.png",
      "depth": "court-sample-002067/depth.npy"
    },
    {
      "camera_id": "court-sample-002069",
      "request_source": "arbitrary",
      "width": 959,
      "height": 539,
      "rgb": "court-sample-002069/rgb.npy",
      "rgb_preview": "court-sample-002069/rgb.png",
      "alpha": "court-sample-002069/alpha.npy",
      "alpha_preview": "court-sample-002069/alpha.png",
      "depth": "court-sample-002069/depth.npy"
    },
    {
      "camera_id": "court-sample-002070",
      "request_source": "arbitrary",
      "width": 959,
      "height": 539,
      "rgb": "court-sample-002070/rgb.npy",
      "rgb_preview": "court-sample-002070/rgb.png",
      "alpha": "court-sample-002070/alpha.npy",
      "alpha_preview": "court-sample-002070/alpha.png",
      "depth": "court-sample-002070/depth.npy"
    },
    {
      "camera_id": "court-sample-002071",
      "request_source": "arbitrary",
      "width": 959,
      "height": 539,
      "rgb": "court-sample-002071/rgb.npy",
      "rgb_preview": "court-sample-002071/rgb.png",
      "alpha": "court-sample-002071/alpha.npy",
      "alpha_preview": "court-sample-002071/alpha.png",
      "depth": "court-sample-002071/depth.npy"
    },
    {
      "camera_id": "court-sample-002072",
      "request_source": "arbitrary",
      "width": 959,
      "height": 539,
      "rgb": "court-sample-002072/rgb.npy",
      "rgb_preview": "court-sample-002072/rgb.png",
      "alpha": "court-sample-002072/alpha.npy",
      "alpha_preview": "court-sample-002072/alpha.png",
      "depth": "court-sample-002072/depth.npy"
    },
    {
      "camera_id": "court-sample-002073",
      "request_source": "arbitrary",
      "width": 959,
      "height": 539,
      "rgb": "court-sample-002073/rgb.npy",
      "rgb_preview": "court-sample-002073/rgb.png",
      "alpha": "court-sample-002073/alpha.npy",
      "alpha_preview": "court-sample-002073/alpha.png",
      "depth": "court-sample-002073/depth.npy"
    },
    {
      "camera_id": "court-sample-002074",
      "request_source": "arbitrary",
      "width": 959,
      "height": 539,
      "rgb": "court-sample-002074/rgb.npy",
      "rgb_preview": "court-sample-002074/rgb.png",
      "alpha": "court-sample-002074/alpha.npy",
      "alpha_preview": "court-sample-002074/alpha.png",
      "depth": "court-sample-002074/depth.npy"
    },
    {
      "camera_id": "court-sample-002075",
      "request_source": "arbitrary",
      "width": 959,
      "height": 539,
      "rgb": "court-sample-002075/rgb.npy",
      "rgb_preview": "court-sample-002075/rgb.png",
      "alpha": "court-sample-002075/alpha.npy",
      "alpha_preview": "court-sample-002075/alpha.png",
      "depth": "court-sample-002075/depth.npy"
    },
    {
      "camera_id": "court-sample-002076",
      "request_source": "arbitrary",
      "width": 959,
      "height": 539,
      "rgb": "court-sample-002076/rgb.npy",
      "rgb_preview": "court-sample-002076/rgb.png",
      "alpha": "court-sample-002076/alpha.npy",
      "alpha_preview": "court-sample-002076/alpha.png",
      "depth": "court-sample-002076/depth.npy"
    },
    {
      "camera_id": "court-sample-002077",
      "request_source": "arbitrary",
      "width": 959,
      "height": 539,
      "rgb": "court-sample-002077/rgb.npy",
      "rgb_preview": "court-sample-002077/rgb.png",
      "alpha": "court-sample-002077/alpha.npy",
      "alpha_preview": "court-sample-002077/alpha.png",
      "depth": "court-sample-002077/depth.npy"
    },
    {
      "camera_id": "court-sample-002078",
      "request_source": "arbitrary",
      "width": 959,
      "height": 539,
      "rgb": "court-sample-002078/rgb.npy",
      "rgb_preview": "court-sample-002078/rgb.png",
      "alpha": "court-sample-002078/alpha.npy",
      "alpha_preview": "court-sample-002078/alpha.png",
      "depth": "court-sample-002078/depth.npy"
    },
    {
      "camera_id": "court-sample-002079",
      "request_source": "arbitrary",
      "width": 959,
      "height": 539,
      "rgb": "court-sample-002079/rgb.npy",
      "rgb_preview": "court-sample-002079/rgb.png",
      "alpha": "court-sample-002079/alpha.npy",
      "alpha_preview": "court-sample-002079/alpha.png",
      "depth": "court-sample-002079/depth.npy"
    },
    {
      "camera_id": "court-sample-002080",
      "request_source": "arbitrary",
      "width": 959,
      "height": 539,
      "rgb": "court-sample-002080/rgb.npy",
      "rgb_preview": "court-sample-002080/rgb.png",
      "alpha": "court-sample-002080/alpha.npy",
      "alpha_preview": "court-sample-002080/alpha.png",
      "depth": "court-sample-002080/depth.npy"
    },
    {
      "camera_id": "court-sample-002081",
      "request_source": "arbitrary",
      "width": 959,
      "height": 539,
      "rgb": "court-sample-002081/rgb.npy",
      "rgb_preview": "court-sample-002081/rgb.png",
      "alpha": "court-sample-002081/alpha.npy",
      "alpha_preview": "court-sample-002081/alpha.png",
      "depth": "court-sample-002081/depth.npy"
    },
    {
      "camera_id": "court-sample-002082",
      "request_source": "arbitrary",
      "width": 959,
      "height": 539,
      "rgb": "court-sample-002082/rgb.npy",
      "rgb_preview": "court-sample-002082/rgb.png",
      "alpha": "court-sample-002082/alpha.npy",
      "alpha_preview": "court-sample-002082/alpha.png",
      "depth": "court-sample-002082/depth.npy"
    },
    {
      "camera_id": "court-sample-002083",
      "request_source": "arbitrary",
      "width": 959,
      "height": 539,
      "rgb": "court-sample-002083/rgb.npy",
      "rgb_preview": "court-sample-002083/rgb.png",
      "alpha": "court-sample-002083/alpha.npy",
      "alpha_preview": "court-sample-002083/alpha.png",
      "depth": "court-sample-002083/depth.npy"
    },
    {
      "camera_id": "court-sample-002084",
      "request_source": "arbitrary",
      "width": 959,
      "height": 539,
      "rgb": "court-sample-002084/rgb.npy",
      "rgb_preview": "court-sample-002084/rgb.png",
      "alpha": "court-sample-002084/alpha.npy",
      "alpha_preview": "court-sample-002084/alpha.png",
      "depth": "court-sample-002084/depth.npy"
    },
    {
      "camera_id": "court-sample-002085",
      "request_source": "arbitrary",
      "width": 959,
      "height": 539,
      "rgb": "court-sample-002085/rgb.npy",
      "rgb_preview": "court-sample-002085/rgb.png",
      "alpha": "court-sample-002085/alpha.npy",
      "alpha_preview": "court-sample-002085/alpha.png",
      "depth": "court-sample-002085/depth.npy"
    },
    {
      "camera_id": "court-sample-002086",
      "request_source": "arbitrary",
      "width": 959,
      "height": 539,
      "rgb": "court-sample-002086/rgb.npy",
      "rgb_preview": "court-sample-002086/rgb.png",
      "alpha": "court-sample-002086/alpha.npy",
      "alpha_preview": "court-sample-002086/alpha.png",
      "depth": "court-sample-002086/depth.npy"
    },
    {
      "camera_id": "court-sample-002087",
      "request_source": "arbitrary",
      "width": 959,
      "height": 539,
      "rgb": "court-sample-002087/rgb.npy",
      "rgb_preview": "court-sample-002087/rgb.png",
      "alpha": "court-sample-002087/alpha.npy",
      "alpha_preview": "court-sample-002087/alpha.png",
      "depth": "court-sample-002087/depth.npy"
    },
    {
      "camera_id": "court-sample-002088",
      "request_source": "arbitrary",
      "width": 959,
      "height": 539,
      "rgb": "court-sample-002088/rgb.npy",
      "rgb_preview": "court-sample-002088/rgb.png",
      "alpha": "court-sample-002088/alpha.npy",
      "alpha_preview": "court-sample-002088/alpha.png",
      "depth": "court-sample-002088/depth.npy"
    },
    {
      "camera_id": "court-sample-002089",
      "request_source": "arbitrary",
      "width": 959,
      "height": 539,
      "rgb": "court-sample-002089/rgb.npy",
      "rgb_preview": "court-sample-002089/rgb.png",
      "alpha": "court-sample-002089/alpha.npy",
      "alpha_preview": "court-sample-002089/alpha.png",
      "depth": "court-sample-002089/depth.npy"
    },
    {
      "camera_id": "court-sample-002090",
      "request_source": "arbitrary",
      "width": 959,
      "height": 539,
      "rgb": "court-sample-002090/rgb.npy",
      "rgb_preview": "court-sample-002090/rgb.png",
      "alpha": "court-sample-002090/alpha.npy",
      "alpha_preview": "court-sample-002090/alpha.png",
      "depth": "court-sample-002090/depth.npy"
    },
    {
      "camera_id": "court-sample-002091",
      "request_source": "arbitrary",
      "width": 959,
      "height": 539,
      "rgb": "court-sample-002091/rgb.npy",
      "rgb_preview": "court-sample-002091/rgb.png",
      "alpha": "court-sample-002091/alpha.npy",
      "alpha_preview": "court-sample-002091/alpha.png",
      "depth": "court-sample-002091/depth.npy"
    },
    {
      "camera_id": "court-sample-002092",
      "request_source": "arbitrary",
      "width": 959,
      "height": 539,
      "rgb": "court-sample-002092/rgb.npy",
      "rgb_preview": "court-sample-002092/rgb.png",
      "alpha": "court-sample-002092/alpha.npy",
      "alpha_preview": "court-sample-002092/alpha.png",
      "depth": "court-sample-002092/depth.npy"
    },
    {
      "camera_id": "court-sample-002093",
      "request_source": "arbitrary",
      "width": 959,
      "height": 539,
      "rgb": "court-sample-002093/rgb.npy",
      "rgb_preview": "court-sample-002093/rgb.png",
      "alpha": "court-sample-002093/alpha.npy",
      "alpha_preview": "court-sample-002093/alpha.png",
      "depth": "court-sample-002093/depth.npy"
    },
    {
      "camera_id": "court-sample-002094",
      "request_source": "arbitrary",
      "width": 959,
      "height": 539,
      "rgb": "court-sample-002094/rgb.npy",
      "rgb_preview": "court-sample-002094/rgb.png",
      "alpha": "court-sample-002094/alpha.npy",
      "alpha_preview": "court-sample-002094/alpha.png",
      "depth": "court-sample-002094/depth.npy"
    },
    {
      "camera_id": "court-sample-002095",
      "request_source": "arbitrary",
      "width": 959,
      "height": 539,
      "rgb": "court-sample-002095/rgb.npy",
      "rgb_preview": "court-sample-002095/rgb.png",
      "alpha": "court-sample-002095/alpha.npy",
      "alpha_preview": "court-sample-002095/alpha.png",
      "depth": "court-sample-002095/depth.npy"
    }
  ]
}
  View encoding: sh, dim=9
  View encoding: sh, dim=9
  View encoding: sh, dim=9
  View encoding: sh, dim=9
  View encoding: sh, dim=9
  View encoding: sh, dim=9
  View encoding: sh, dim=9
  View encoding: sh, dim=9
  View encoding: sh, dim=9
  View encoding: sh, dim=9
  View encoding: sh, dim=9
  View encoding: sh, dim=9
  View encoding: sh, dim=9
  View encoding: sh, dim=9
  View encoding: sh, dim=9
  View encoding: sh, dim=9
  View encoding: sh, dim=9
  View encoding: sh, dim=9
  View encoding: sh, dim=9
  View encoding: sh, dim=9
  View encoding: sh, dim=9
  View encoding: sh, dim=9
  View encoding: sh, dim=9
  View encoding: sh, dim=9
  View encoding: sh, dim=9
  View encoding: sh, dim=9
  View encoding: sh, dim=9
  View encoding: sh, dim=9
  View encoding: sh, dim=9
  View encoding: sh, dim=9
  View encoding: sh, dim=9
  View encoding: sh, dim=9
  View encoding: sh, dim=9
  View encoding: sh, dim=9
  View encoding: sh, dim=9
  View encoding: sh, dim=9
  View encoding: sh, dim=9
  View encoding: sh, dim=9
  View encoding: sh, dim=9
  View encoding: sh, dim=9
  View encoding: sh, dim=9
  View encoding: sh, dim=9
  View encoding: sh, dim=9
  View encoding: sh, dim=9
  View encoding: sh, dim=9
  View encoding: sh, dim=9
  View encoding: sh, dim=9
  View encoding: sh, dim=9
  View encoding: sh, dim=9
  View encoding: sh, dim=9
  View encoding: sh, dim=9
  View encoding: sh, dim=9
  View encoding: sh, dim=9
  View encoding: sh, dim=9
  View encoding: sh, dim=9
  View encoding: sh, dim=9
  View encoding: sh, dim=9
  View encoding: sh, dim=9
  View encoding: sh, dim=9
  View encoding: sh, dim=9
  View encoding: sh, dim=9
  View encoding: sh, dim=9
  View encoding: sh, dim=9
  View encoding: sh, dim=9
  View encoding: sh, dim=9
  View encoding: sh, dim=9
  View encoding: sh, dim=9
  View encoding: sh, dim=9
  View encoding: sh, dim=9
  View encoding: sh, dim=9
  View encoding: sh, dim=9
  View encoding: sh, dim=9
  View encoding: sh, dim=9
  View encoding: sh, dim=9
  View encoding: sh, dim=9
  View encoding: sh, dim=9
  View encoding: sh, dim=9
  View encoding: sh, dim=9
  View encoding: sh, dim=9
  View encoding: sh, dim=9
  View encoding: sh, dim=9
  View encoding: sh, dim=9
  View encoding: sh, dim=9
  View encoding: sh, dim=9
  View encoding: sh, dim=9
  View encoding: sh, dim=9
  View encoding: sh, dim=9
  View encoding: sh, dim=9
  View encoding: sh, dim=9
  View encoding: sh, dim=9
  View encoding: sh, dim=9
  View encoding: sh, dim=9
  View encoding: sh, dim=9
  View encoding: sh, dim=9
  View encoding: sh, dim=9
  View encoding: sh, dim=9
  View encoding: sh, dim=9
  View encoding: sh, dim=9
  View encoding: sh, dim=9
  View encoding: sh, dim=9
  View encoding: sh, dim=9
  View encoding: sh, dim=9
  View encoding: sh, dim=9
  View encoding: sh, dim=9
  View encoding: sh, dim=9
  View encoding: sh, dim=9
  View encoding: sh, dim=9
  View encoding: sh, dim=9
  View encoding: sh, dim=9
  View encoding: sh, dim=9
  View encoding: sh, dim=9
  View encoding: sh, dim=9
  View encoding: sh, dim=9
  View encoding: sh, dim=9
  View encoding: sh, dim=9
  View encoding: sh, dim=9
  View encoding: sh, dim=9
  View encoding: sh, dim=9
  View encoding: sh, dim=9
  View encoding: sh, dim=9
  View encoding: sh, dim=9
  View encoding: sh, dim=9
  View encoding: sh, dim=9
  View encoding: sh, dim=9
  View encoding: sh, dim=9
  View encoding: sh, dim=9
  View encoding: sh, dim=9
  View encoding: sh, dim=9
  View encoding: sh, dim=9
  View encoding: sh, dim=9
  View encoding: sh, dim=9
  View encoding: sh, dim=9
  View encoding: sh, dim=9
  View encoding: sh, dim=9
  View encoding: sh, dim=9
  View encoding: sh, dim=9
  View encoding: sh, dim=9
  View encoding: sh, dim=9
  View encoding: sh, dim=9
  View encoding: sh, dim=9
  View encoding: sh, dim=9
  View encoding: sh, dim=9
  View encoding: sh, dim=9
  View encoding: sh, dim=9
  View encoding: sh, dim=9
  View encoding: sh, dim=9
  View encoding: sh, dim=9
  View encoding: sh, dim=9
  View encoding: sh, dim=9
  View encoding: sh, dim=9
  View encoding: sh, dim=9
  View encoding: sh, dim=9
  View encoding: sh, dim=9
  View encoding: sh, dim=9
  View encoding: sh, dim=9
  View encoding: sh, dim=9
  View encoding: sh, dim=9
  View encoding: sh, dim=9
  View encoding: sh, dim=9
  View encoding: sh, dim=9
  View encoding: sh, dim=9
  View encoding: sh, dim=9
  View encoding: sh, dim=9
  View encoding: sh, dim=9
  View encoding: sh, dim=9
  View encoding: sh, dim=9
  View encoding: sh, dim=9
  View encoding: sh, dim=9
  View encoding: sh, dim=9
  View encoding: sh, dim=9
  View encoding: sh, dim=9
  View encoding: sh, dim=9
  View encoding: sh, dim=9
  View encoding: sh, dim=9
  View encoding: sh, dim=9
  View encoding: sh, dim=9
  View encoding: sh, dim=9
  View encoding: sh, dim=9
  View encoding: sh, dim=9
  View encoding: sh, dim=9
  View encoding: sh, dim=9
  View encoding: sh, dim=9
  View encoding: sh, dim=9
  View encoding: sh, dim=9
  View encoding: sh, dim=9
  View encoding: sh, dim=9
  View encoding: sh, dim=9
  View encoding: sh, dim=9
  View encoding: sh, dim=9
  View encoding: sh, dim=9
  View encoding: sh, dim=9
  View encoding: sh, dim=9
  View encoding: sh, dim=9
  View encoding: sh, dim=9
  View encoding: sh, dim=9
  View encoding: sh, dim=9
  View encoding: sh, dim=9
  View encoding: sh, dim=9
  View encoding: sh, dim=9
  View encoding: sh, dim=9
  View encoding: sh, dim=9
  View encoding: sh, dim=9
  View encoding: sh, dim=9
  View encoding: sh, dim=9
  View encoding: sh, dim=9
  View encoding: sh, dim=9
  View encoding: sh, dim=9
  View encoding: sh, dim=9
  View encoding: sh, dim=9
  View encoding: sh, dim=9
  View encoding: sh, dim=9
  View encoding: sh, dim=9
  View encoding: sh, dim=9
  View encoding: sh, dim=9
  View encoding: sh, dim=9
  View encoding: sh, dim=9
  View encoding: sh, dim=9
  View encoding: sh, dim=9
  View encoding: sh, dim=9
  View encoding: sh, dim=9
  View encoding: sh, dim=9
  View encoding: sh, dim=9
  View encoding: sh, dim=9
  View encoding: sh, dim=9
  View encoding: sh, dim=9
  View encoding: sh, dim=9
  View encoding: sh, dim=9
  View encoding: sh, dim=9
  View encoding: sh, dim=9
  View encoding: sh, dim=9
  View encoding: sh, dim=9
  View encoding: sh, dim=9
  View encoding: sh, dim=9
  View encoding: sh, dim=9
  View encoding: sh, dim=9
  View encoding: sh, dim=9
  View encoding: sh, dim=9
  View encoding: sh, dim=9
  View encoding: sh, dim=9
  View encoding: sh, dim=9
  View encoding: sh, dim=9
  View encoding: sh, dim=9
  View encoding: sh, dim=9
  View encoding: sh, dim=9
  View encoding: sh, dim=9
  View encoding: sh, dim=9
  View encoding: sh, dim=9
  View encoding: sh, dim=9
  View encoding: sh, dim=9
  View encoding: sh, dim=9
  View encoding: sh, dim=9
  View encoding: sh, dim=9
  View encoding: sh, dim=9
  View encoding: sh, dim=9
  View encoding: sh, dim=9
  View encoding: sh, dim=9
  View encoding: sh, dim=9
  View encoding: sh, dim=9
  View encoding: sh, dim=9
  View encoding: sh, dim=9
  View encoding: sh, dim=9
  View encoding: sh, dim=9
  View encoding: sh, dim=9
  View encoding: sh, dim=9
  View encoding: sh, dim=9
  View encoding: sh, dim=9
  View encoding: sh, dim=9
  View encoding: sh, dim=9
  View encoding: sh, dim=9
  View encoding: sh, dim=9
  View encoding: sh, dim=9
  View encoding: sh, dim=9
{
  "schema": "nht_render_result_v1",
  "scene_schema": "nht_standard_scene_v1",
  "scene_id": "B02",
  "coordinate_space": "canonical NHT scene space",
  "export_validation": {
    "schema": "nht_standard_scene_v1",
    "camera_count": 157,
    "point_count": 56620,
    "checks": [
      "schema_and_conventions",
      "finite_float32_points",
      "normalized_point_colors",
      "unique_camera_and_image_ids",
      "positive_intrinsics",
      "proper_orthonormal_rotations",
      "camera_image_resolution",
      "nht_checkpoint",
      "canonical_scene_transform_inverse",
      "effective_undistorted_training_cameras",
      "stable_render_boundary",
      "contained_export_references",
      "production_renderer_envelope"
    ],
    "valid": true
  },
  "renders": [
    {
      "camera_id": "court-sample-000224",
      "request_source": "arbitrary",
      "width": 959,
      "height": 539,
      "rgb": "court-sample-000224/rgb.npy",
      "rgb_preview": "court-sample-000224/rgb.png",
      "alpha": "court-sample-000224/alpha.npy",
      "alpha_preview": "court-sample-000224/alpha.png",
      "depth": "court-sample-000224/depth.npy"
    },
    {
      "camera_id": "court-sample-000225",
      "request_source": "arbitrary",
      "width": 959,
      "height": 539,
      "rgb": "court-sample-000225/rgb.npy",
      "rgb_preview": "court-sample-000225/rgb.png",
      "alpha": "court-sample-000225/alpha.npy",
      "alpha_preview": "court-sample-000225/alpha.png",
      "depth": "court-sample-000225/depth.npy"
    },
    {
      "camera_id": "court-sample-000226",
      "request_source": "arbitrary",
      "width": 959,
      "height": 539,
      "rgb": "court-sample-000226/rgb.npy",
      "rgb_preview": "court-sample-000226/rgb.png",
      "alpha": "court-sample-000226/alpha.npy",
      "alpha_preview": "court-sample-000226/alpha.png",
      "depth": "court-sample-000226/depth.npy"
    },
    {
      "camera_id": "court-sample-000227",
      "request_source": "arbitrary",
      "width": 959,
      "height": 539,
      "rgb": "court-sample-000227/rgb.npy",
      "rgb_preview": "court-sample-000227/rgb.png",
      "alpha": "court-sample-000227/alpha.npy",
      "alpha_preview": "court-sample-000227/alpha.png",
      "depth": "court-sample-000227/depth.npy"
    },
    {
      "camera_id": "court-sample-000228",
      "request_source": "arbitrary",
      "width": 959,
      "height": 539,
      "rgb": "court-sample-000228/rgb.npy",
      "rgb_preview": "court-sample-000228/rgb.png",
      "alpha": "court-sample-000228/alpha.npy",
      "alpha_preview": "court-sample-000228/alpha.png",
      "depth": "court-sample-000228/depth.npy"
    },
    {
      "camera_id": "court-sample-000229",
      "request_source": "arbitrary",
      "width": 959,
      "height": 539,
      "rgb": "court-sample-000229/rgb.npy",
      "rgb_preview": "court-sample-000229/rgb.png",
      "alpha": "court-sample-000229/alpha.npy",
      "alpha_preview": "court-sample-000229/alpha.png",
      "depth": "court-sample-000229/depth.npy"
    },
    {
      "camera_id": "court-sample-000230",
      "request_source": "arbitrary",
      "width": 959,
      "height": 539,
      "rgb": "court-sample-000230/rgb.npy",
      "rgb_preview": "court-sample-000230/rgb.png",
      "alpha": "court-sample-000230/alpha.npy",
      "alpha_preview": "court-sample-000230/alpha.png",
      "depth": "court-sample-000230/depth.npy"
    },
    {
      "camera_id": "court-sample-000231",
      "request_source": "arbitrary",
      "width": 959,
      "height": 539,
      "rgb": "court-sample-000231/rgb.npy",
      "rgb_preview": "court-sample-000231/rgb.png",
      "alpha": "court-sample-000231/alpha.npy",
      "alpha_preview": "court-sample-000231/alpha.png",
      "depth": "court-sample-000231/depth.npy"
    },
    {
      "camera_id": "court-sample-000232",
      "request_source": "arbitrary",
      "width": 959,
      "height": 539,
      "rgb": "court-sample-000232/rgb.npy",
      "rgb_preview": "court-sample-000232/rgb.png",
      "alpha": "court-sample-000232/alpha.npy",
      "alpha_preview": "court-sample-000232/alpha.png",
      "depth": "court-sample-000232/depth.npy"
    },
    {
      "camera_id": "court-sample-000233",
      "request_source": "arbitrary",
      "width": 959,
      "height": 539,
      "rgb": "court-sample-000233/rgb.npy",
      "rgb_preview": "court-sample-000233/rgb.png",
      "alpha": "court-sample-000233/alpha.npy",
      "alpha_preview": "court-sample-000233/alpha.png",
      "depth": "court-sample-000233/depth.npy"
    },
    {
      "camera_id": "court-sample-000234",
      "request_source": "arbitrary",
      "width": 959,
      "height": 539,
      "rgb": "court-sample-000234/rgb.npy",
      "rgb_preview": "court-sample-000234/rgb.png",
      "alpha": "court-sample-000234/alpha.npy",
      "alpha_preview": "court-sample-000234/alpha.png",
      "depth": "court-sample-000234/depth.npy"
    },
    {
      "camera_id": "court-sample-000235",
      "request_source": "arbitrary",
      "width": 959,
      "height": 539,
      "rgb": "court-sample-000235/rgb.npy",
      "rgb_preview": "court-sample-000235/rgb.png",
      "alpha": "court-sample-000235/alpha.npy",
      "alpha_preview": "court-sample-000235/alpha.png",
      "depth": "court-sample-000235/depth.npy"
    },
    {
      "camera_id": "court-sample-000241",
      "request_source": "arbitrary",
      "width": 959,
      "height": 539,
      "rgb": "court-sample-000241/rgb.npy",
      "rgb_preview": "court-sample-000241/rgb.png",
      "alpha": "court-sample-000241/alpha.npy",
      "alpha_preview": "court-sample-000241/alpha.png",
      "depth": "court-sample-000241/depth.npy"
    },
    {
      "camera_id": "court-sample-000242",
      "request_source": "arbitrary",
      "width": 959,
      "height": 539,
      "rgb": "court-sample-000242/rgb.npy",
      "rgb_preview": "court-sample-000242/rgb.png",
      "alpha": "court-sample-000242/alpha.npy",
      "alpha_preview": "court-sample-000242/alpha.png",
      "depth": "court-sample-000242/depth.npy"
    },
    {
      "camera_id": "court-sample-000243",
      "request_source": "arbitrary",
      "width": 959,
      "height": 539,
      "rgb": "court-sample-000243/rgb.npy",
      "rgb_preview": "court-sample-000243/rgb.png",
      "alpha": "court-sample-000243/alpha.npy",
      "alpha_preview": "court-sample-000243/alpha.png",
      "depth": "court-sample-000243/depth.npy"
    },
    {
      "camera_id": "court-sample-000244",
      "request_source": "arbitrary",
      "width": 959,
      "height": 539,
      "rgb": "court-sample-000244/rgb.npy",
      "rgb_preview": "court-sample-000244/rgb.png",
      "alpha": "court-sample-000244/alpha.npy",
      "alpha_preview": "court-sample-000244/alpha.png",
      "depth": "court-sample-000244/depth.npy"
    },
    {
      "camera_id": "court-sample-000245",
      "request_source": "arbitrary",
      "width": 959,
      "height": 539,
      "rgb": "court-sample-000245/rgb.npy",
      "rgb_preview": "court-sample-000245/rgb.png",
      "alpha": "court-sample-000245/alpha.npy",
      "alpha_preview": "court-sample-000245/alpha.png",
      "depth": "court-sample-000245/depth.npy"
    },
    {
      "camera_id": "court-sample-000246",
      "request_source": "arbitrary",
      "width": 959,
      "height": 539,
      "rgb": "court-sample-000246/rgb.npy",
      "rgb_preview": "court-sample-000246/rgb.png",
      "alpha": "court-sample-000246/alpha.npy",
      "alpha_preview": "court-sample-000246/alpha.png",
      "depth": "court-sample-000246/depth.npy"
    },
    {
      "camera_id": "court-sample-000247",
      "request_source": "arbitrary",
      "width": 959,
      "height": 539,
      "rgb": "court-sample-000247/rgb.npy",
      "rgb_preview": "court-sample-000247/rgb.png",
      "alpha": "court-sample-000247/alpha.npy",
      "alpha_preview": "court-sample-000247/alpha.png",
      "depth": "court-sample-000247/depth.npy"
    },
    {
      "camera_id": "court-sample-000248",
      "request_source": "arbitrary",
      "width": 959,
      "height": 539,
      "rgb": "court-sample-000248/rgb.npy",
      "rgb_preview": "court-sample-000248/rgb.png",
      "alpha": "court-sample-000248/alpha.npy",
      "alpha_preview": "court-sample-000248/alpha.png",
      "depth": "court-sample-000248/depth.npy"
    },
    {
      "camera_id": "court-sample-000249",
      "request_source": "arbitrary",
      "width": 959,
      "height": 539,
      "rgb": "court-sample-000249/rgb.npy",
      "rgb_preview": "court-sample-000249/rgb.png",
      "alpha": "court-sample-000249/alpha.npy",
      "alpha_preview": "court-sample-000249/alpha.png",
      "depth": "court-sample-000249/depth.npy"
    },
    {
      "camera_id": "court-sample-000250",
      "request_source": "arbitrary",
      "width": 959,
      "height": 539,
      "rgb": "court-sample-000250/rgb.npy",
      "rgb_preview": "court-sample-000250/rgb.png",
      "alpha": "court-sample-000250/alpha.npy",
      "alpha_preview": "court-sample-000250/alpha.png",
      "depth": "court-sample-000250/depth.npy"
    },
    {
      "camera_id": "court-sample-000251",
      "request_source": "arbitrary",
      "width": 959,
      "height": 539,
      "rgb": "court-sample-000251/rgb.npy",
      "rgb_preview": "court-sample-000251/rgb.png",
      "alpha": "court-sample-000251/alpha.npy",
      "alpha_preview": "court-sample-000251/alpha.png",
      "depth": "court-sample-000251/depth.npy"
    },
    {
      "camera_id": "court-sample-000252",
      "request_source": "arbitrary",
      "width": 959,
      "height": 539,
      "rgb": "court-sample-000252/rgb.npy",
      "rgb_preview": "court-sample-000252/rgb.png",
      "alpha": "court-sample-000252/alpha.npy",
      "alpha_preview": "court-sample-000252/alpha.png",
      "depth": "court-sample-000252/depth.npy"
    },
    {
      "camera_id": "court-sample-000253",
      "request_source": "arbitrary",
      "width": 959,
      "height": 539,
      "rgb": "court-sample-000253/rgb.npy",
      "rgb_preview": "court-sample-000253/rgb.png",
      "alpha": "court-sample-000253/alpha.npy",
      "alpha_preview": "court-sample-000253/alpha.png",
      "depth": "court-sample-000253/depth.npy"
    },
    {
      "camera_id": "court-sample-000254",
      "request_source": "arbitrary",
      "width": 959,
      "height": 539,
      "rgb": "court-sample-000254/rgb.npy",
      "rgb_preview": "court-sample-000254/rgb.png",
      "alpha": "court-sample-000254/alpha.npy",
      "alpha_preview": "court-sample-000254/alpha.png",
      "depth": "court-sample-000254/depth.npy"
    },
    {
      "camera_id": "court-sample-000255",
      "request_source": "arbitrary",
      "width": 959,
      "height": 539,
      "rgb": "court-sample-000255/rgb.npy",
      "rgb_preview": "court-sample-000255/rgb.png",
      "alpha": "court-sample-000255/alpha.npy",
      "alpha_preview": "court-sample-000255/alpha.png",
      "depth": "court-sample-000255/depth.npy"
    },
    {
      "camera_id": "court-sample-000256",
      "request_source": "arbitrary",
      "width": 959,
      "height": 539,
      "rgb": "court-sample-000256/rgb.npy",
      "rgb_preview": "court-sample-000256/rgb.png",
      "alpha": "court-sample-000256/alpha.npy",
      "alpha_preview": "court-sample-000256/alpha.png",
      "depth": "court-sample-000256/depth.npy"
    },
    {
      "camera_id": "court-sample-000257",
      "request_source": "arbitrary",
      "width": 959,
      "height": 539,
      "rgb": "court-sample-000257/rgb.npy",
      "rgb_preview": "court-sample-000257/rgb.png",
      "alpha": "court-sample-000257/alpha.npy",
      "alpha_preview": "court-sample-000257/alpha.png",
      "depth": "court-sample-000257/depth.npy"
    },
    {
      "camera_id": "court-sample-000261",
      "request_source": "arbitrary",
      "width": 959,
      "height": 539,
      "rgb": "court-sample-000261/rgb.npy",
      "rgb_preview": "court-sample-000261/rgb.png",
      "alpha": "court-sample-000261/alpha.npy",
      "alpha_preview": "court-sample-000261/alpha.png",
      "depth": "court-sample-000261/depth.npy"
    },
    {
      "camera_id": "court-sample-000262",
      "request_source": "arbitrary",
      "width": 959,
      "height": 539,
      "rgb": "court-sample-000262/rgb.npy",
      "rgb_preview": "court-sample-000262/rgb.png",
      "alpha": "court-sample-000262/alpha.npy",
      "alpha_preview": "court-sample-000262/alpha.png",
      "depth": "court-sample-000262/depth.npy"
    },
    {
      "camera_id": "court-sample-000263",
      "request_source": "arbitrary",
      "width": 959,
      "height": 539,
      "rgb": "court-sample-000263/rgb.npy",
      "rgb_preview": "court-sample-000263/rgb.png",
      "alpha": "court-sample-000263/alpha.npy",
      "alpha_preview": "court-sample-000263/alpha.png",
      "depth": "court-sample-000263/depth.npy"
    },
    {
      "camera_id": "court-sample-000584",
      "request_source": "arbitrary",
      "width": 959,
      "height": 539,
      "rgb": "court-sample-000584/rgb.npy",
      "rgb_preview": "court-sample-000584/rgb.png",
      "alpha": "court-sample-000584/alpha.npy",
      "alpha_preview": "court-sample-000584/alpha.png",
      "depth": "court-sample-000584/depth.npy"
    },
    {
      "camera_id": "court-sample-000585",
      "request_source": "arbitrary",
      "width": 959,
      "height": 539,
      "rgb": "court-sample-000585/rgb.npy",
      "rgb_preview": "court-sample-000585/rgb.png",
      "alpha": "court-sample-000585/alpha.npy",
      "alpha_preview": "court-sample-000585/alpha.png",
      "depth": "court-sample-000585/depth.npy"
    },
    {
      "camera_id": "court-sample-000586",
      "request_source": "arbitrary",
      "width": 959,
      "height": 539,
      "rgb": "court-sample-000586/rgb.npy",
      "rgb_preview": "court-sample-000586/rgb.png",
      "alpha": "court-sample-000586/alpha.npy",
      "alpha_preview": "court-sample-000586/alpha.png",
      "depth": "court-sample-000586/depth.npy"
    },
    {
      "camera_id": "court-sample-000587",
      "request_source": "arbitrary",
      "width": 959,
      "height": 539,
      "rgb": "court-sample-000587/rgb.npy",
      "rgb_preview": "court-sample-000587/rgb.png",
      "alpha": "court-sample-000587/alpha.npy",
      "alpha_preview": "court-sample-000587/alpha.png",
      "depth": "court-sample-000587/depth.npy"
    },
    {
      "camera_id": "court-sample-000588",
      "request_source": "arbitrary",
      "width": 959,
      "height": 539,
      "rgb": "court-sample-000588/rgb.npy",
      "rgb_preview": "court-sample-000588/rgb.png",
      "alpha": "court-sample-000588/alpha.npy",
      "alpha_preview": "court-sample-000588/alpha.png",
      "depth": "court-sample-000588/depth.npy"
    },
    {
      "camera_id": "court-sample-000589",
      "request_source": "arbitrary",
      "width": 959,
      "height": 539,
      "rgb": "court-sample-000589/rgb.npy",
      "rgb_preview": "court-sample-000589/rgb.png",
      "alpha": "court-sample-000589/alpha.npy",
      "alpha_preview": "court-sample-000589/alpha.png",
      "depth": "court-sample-000589/depth.npy"
    },
    {
      "camera_id": "court-sample-000590",
      "request_source": "arbitrary",
      "width": 959,
      "height": 539,
      "rgb": "court-sample-000590/rgb.npy",
      "rgb_preview": "court-sample-000590/rgb.png",
      "alpha": "court-sample-000590/alpha.npy",
      "alpha_preview": "court-sample-000590/alpha.png",
      "depth": "court-sample-000590/depth.npy"
    },
    {
      "camera_id": "court-sample-000591",
      "request_source": "arbitrary",
      "width": 959,
      "height": 539,
      "rgb": "court-sample-000591/rgb.npy",
      "rgb_preview": "court-sample-000591/rgb.png",
      "alpha": "court-sample-000591/alpha.npy",
      "alpha_preview": "court-sample-000591/alpha.png",
      "depth": "court-sample-000591/depth.npy"
    },
    {
      "camera_id": "court-sample-000592",
      "request_source": "arbitrary",
      "width": 959,
      "height": 539,
      "rgb": "court-sample-000592/rgb.npy",
      "rgb_preview": "court-sample-000592/rgb.png",
      "alpha": "court-sample-000592/alpha.npy",
      "alpha_preview": "court-sample-000592/alpha.png",
      "depth": "court-sample-000592/depth.npy"
    },
    {
      "camera_id": "court-sample-000593",
      "request_source": "arbitrary",
      "width": 959,
      "height": 539,
      "rgb": "court-sample-000593/rgb.npy",
      "rgb_preview": "court-sample-000593/rgb.png",
      "alpha": "court-sample-000593/alpha.npy",
      "alpha_preview": "court-sample-000593/alpha.png",
      "depth": "court-sample-000593/depth.npy"
    },
    {
      "camera_id": "court-sample-000594",
      "request_source": "arbitrary",
      "width": 959,
      "height": 539,
      "rgb": "court-sample-000594/rgb.npy",
      "rgb_preview": "court-sample-000594/rgb.png",
      "alpha": "court-sample-000594/alpha.npy",
      "alpha_preview": "court-sample-000594/alpha.png",
      "depth": "court-sample-000594/depth.npy"
    },
    {
      "camera_id": "court-sample-000595",
      "request_source": "arbitrary",
      "width": 959,
      "height": 539,
      "rgb": "court-sample-000595/rgb.npy",
      "rgb_preview": "court-sample-000595/rgb.png",
      "alpha": "court-sample-000595/alpha.npy",
      "alpha_preview": "court-sample-000595/alpha.png",
      "depth": "court-sample-000595/depth.npy"
    },
    {
      "camera_id": "court-sample-000596",
      "request_source": "arbitrary",
      "width": 959,
      "height": 539,
      "rgb": "court-sample-000596/rgb.npy",
      "rgb_preview": "court-sample-000596/rgb.png",
      "alpha": "court-sample-000596/alpha.npy",
      "alpha_preview": "court-sample-000596/alpha.png",
      "depth": "court-sample-000596/depth.npy"
    },
    {
      "camera_id": "court-sample-000597",
      "request_source": "arbitrary",
      "width": 959,
      "height": 539,
      "rgb": "court-sample-000597/rgb.npy",
      "rgb_preview": "court-sample-000597/rgb.png",
      "alpha": "court-sample-000597/alpha.npy",
      "alpha_preview": "court-sample-000597/alpha.png",
      "depth": "court-sample-000597/depth.npy"
    },
    {
      "camera_id": "court-sample-000598",
      "request_source": "arbitrary",
      "width": 959,
      "height": 539,
      "rgb": "court-sample-000598/rgb.npy",
      "rgb_preview": "court-sample-000598/rgb.png",
      "alpha": "court-sample-000598/alpha.npy",
      "alpha_preview": "court-sample-000598/alpha.png",
      "depth": "court-sample-000598/depth.npy"
    },
    {
      "camera_id": "court-sample-000599",
      "request_source": "arbitrary",
      "width": 959,
      "height": 539,
      "rgb": "court-sample-000599/rgb.npy",
      "rgb_preview": "court-sample-000599/rgb.png",
      "alpha": "court-sample-000599/alpha.npy",
      "alpha_preview": "court-sample-000599/alpha.png",
      "depth": "court-sample-000599/depth.npy"
    },
    {
      "camera_id": "court-sample-000600",
      "request_source": "arbitrary",
      "width": 959,
      "height": 539,
      "rgb": "court-sample-000600/rgb.npy",
      "rgb_preview": "court-sample-000600/rgb.png",
      "alpha": "court-sample-000600/alpha.npy",
      "alpha_preview": "court-sample-000600/alpha.png",
      "depth": "court-sample-000600/depth.npy"
    },
    {
      "camera_id": "court-sample-000601",
      "request_source": "arbitrary",
      "width": 959,
      "height": 539,
      "rgb": "court-sample-000601/rgb.npy",
      "rgb_preview": "court-sample-000601/rgb.png",
      "alpha": "court-sample-000601/alpha.npy",
      "alpha_preview": "court-sample-000601/alpha.png",
      "depth": "court-sample-000601/depth.npy"
    },
    {
      "camera_id": "court-sample-000602",
      "request_source": "arbitrary",
      "width": 959,
      "height": 539,
      "rgb": "court-sample-000602/rgb.npy",
      "rgb_preview": "court-sample-000602/rgb.png",
      "alpha": "court-sample-000602/alpha.npy",
      "alpha_preview": "court-sample-000602/alpha.png",
      "depth": "court-sample-000602/depth.npy"
    },
    {
      "camera_id": "court-sample-000603",
      "request_source": "arbitrary",
      "width": 959,
      "height": 539,
      "rgb": "court-sample-000603/rgb.npy",
      "rgb_preview": "court-sample-000603/rgb.png",
      "alpha": "court-sample-000603/alpha.npy",
      "alpha_preview": "court-sample-000603/alpha.png",
      "depth": "court-sample-000603/depth.npy"
    },
    {
      "camera_id": "court-sample-000604",
      "request_source": "arbitrary",
      "width": 959,
      "height": 539,
      "rgb": "court-sample-000604/rgb.npy",
      "rgb_preview": "court-sample-000604/rgb.png",
      "alpha": "court-sample-000604/alpha.npy",
      "alpha_preview": "court-sample-000604/alpha.png",
      "depth": "court-sample-000604/depth.npy"
    },
    {
      "camera_id": "court-sample-000605",
      "request_source": "arbitrary",
      "width": 959,
      "height": 539,
      "rgb": "court-sample-000605/rgb.npy",
      "rgb_preview": "court-sample-000605/rgb.png",
      "alpha": "court-sample-000605/alpha.npy",
      "alpha_preview": "court-sample-000605/alpha.png",
      "depth": "court-sample-000605/depth.npy"
    },
    {
      "camera_id": "court-sample-000606",
      "request_source": "arbitrary",
      "width": 959,
      "height": 539,
      "rgb": "court-sample-000606/rgb.npy",
      "rgb_preview": "court-sample-000606/rgb.png",
      "alpha": "court-sample-000606/alpha.npy",
      "alpha_preview": "court-sample-000606/alpha.png",
      "depth": "court-sample-000606/depth.npy"
    },
    {
      "camera_id": "court-sample-000607",
      "request_source": "arbitrary",
      "width": 959,
      "height": 539,
      "rgb": "court-sample-000607/rgb.npy",
      "rgb_preview": "court-sample-000607/rgb.png",
      "alpha": "court-sample-000607/alpha.npy",
      "alpha_preview": "court-sample-000607/alpha.png",
      "depth": "court-sample-000607/depth.npy"
    },
    {
      "camera_id": "court-sample-000608",
      "request_source": "arbitrary",
      "width": 959,
      "height": 539,
      "rgb": "court-sample-000608/rgb.npy",
      "rgb_preview": "court-sample-000608/rgb.png",
      "alpha": "court-sample-000608/alpha.npy",
      "alpha_preview": "court-sample-000608/alpha.png",
      "depth": "court-sample-000608/depth.npy"
    },
    {
      "camera_id": "court-sample-000609",
      "request_source": "arbitrary",
      "width": 959,
      "height": 539,
      "rgb": "court-sample-000609/rgb.npy",
      "rgb_preview": "court-sample-000609/rgb.png",
      "alpha": "court-sample-000609/alpha.npy",
      "alpha_preview": "court-sample-000609/alpha.png",
      "depth": "court-sample-000609/depth.npy"
    },
    {
      "camera_id": "court-sample-000610",
      "request_source": "arbitrary",
      "width": 959,
      "height": 539,
      "rgb": "court-sample-000610/rgb.npy",
      "rgb_preview": "court-sample-000610/rgb.png",
      "alpha": "court-sample-000610/alpha.npy",
      "alpha_preview": "court-sample-000610/alpha.png",
      "depth": "court-sample-000610/depth.npy"
    },
    {
      "camera_id": "court-sample-000611",
      "request_source": "arbitrary",
      "width": 959,
      "height": 539,
      "rgb": "court-sample-000611/rgb.npy",
      "rgb_preview": "court-sample-000611/rgb.png",
      "alpha": "court-sample-000611/alpha.npy",
      "alpha_preview": "court-sample-000611/alpha.png",
      "depth": "court-sample-000611/depth.npy"
    },
    {
      "camera_id": "court-sample-000612",
      "request_source": "arbitrary",
      "width": 959,
      "height": 539,
      "rgb": "court-sample-000612/rgb.npy",
      "rgb_preview": "court-sample-000612/rgb.png",
      "alpha": "court-sample-000612/alpha.npy",
      "alpha_preview": "court-sample-000612/alpha.png",
      "depth": "court-sample-000612/depth.npy"
    },
    {
      "camera_id": "court-sample-000613",
      "request_source": "arbitrary",
      "width": 959,
      "height": 539,
      "rgb": "court-sample-000613/rgb.npy",
      "rgb_preview": "court-sample-000613/rgb.png",
      "alpha": "court-sample-000613/alpha.npy",
      "alpha_preview": "court-sample-000613/alpha.png",
      "depth": "court-sample-000613/depth.npy"
    },
    {
      "camera_id": "court-sample-000614",
      "request_source": "arbitrary",
      "width": 959,
      "height": 539,
      "rgb": "court-sample-000614/rgb.npy",
      "rgb_preview": "court-sample-000614/rgb.png",
      "alpha": "court-sample-000614/alpha.npy",
      "alpha_preview": "court-sample-000614/alpha.png",
      "depth": "court-sample-000614/depth.npy"
    },
    {
      "camera_id": "court-sample-000615",
      "request_source": "arbitrary",
      "width": 959,
      "height": 539,
      "rgb": "court-sample-000615/rgb.npy",
      "rgb_preview": "court-sample-000615/rgb.png",
      "alpha": "court-sample-000615/alpha.npy",
      "alpha_preview": "court-sample-000615/alpha.png",
      "depth": "court-sample-000615/depth.npy"
    },
    {
      "camera_id": "court-sample-000616",
      "request_source": "arbitrary",
      "width": 959,
      "height": 539,
      "rgb": "court-sample-000616/rgb.npy",
      "rgb_preview": "court-sample-000616/rgb.png",
      "alpha": "court-sample-000616/alpha.npy",
      "alpha_preview": "court-sample-000616/alpha.png",
      "depth": "court-sample-000616/depth.npy"
    },
    {
      "camera_id": "court-sample-000617",
      "request_source": "arbitrary",
      "width": 959,
      "height": 539,
      "rgb": "court-sample-000617/rgb.npy",
      "rgb_preview": "court-sample-000617/rgb.png",
      "alpha": "court-sample-000617/alpha.npy",
      "alpha_preview": "court-sample-000617/alpha.png",
      "depth": "court-sample-000617/depth.npy"
    },
    {
      "camera_id": "court-sample-000618",
      "request_source": "arbitrary",
      "width": 959,
      "height": 539,
      "rgb": "court-sample-000618/rgb.npy",
      "rgb_preview": "court-sample-000618/rgb.png",
      "alpha": "court-sample-000618/alpha.npy",
      "alpha_preview": "court-sample-000618/alpha.png",
      "depth": "court-sample-000618/depth.npy"
    },
    {
      "camera_id": "court-sample-000619",
      "request_source": "arbitrary",
      "width": 959,
      "height": 539,
      "rgb": "court-sample-000619/rgb.npy",
      "rgb_preview": "court-sample-000619/rgb.png",
      "alpha": "court-sample-000619/alpha.npy",
      "alpha_preview": "court-sample-000619/alpha.png",
      "depth": "court-sample-000619/depth.npy"
    },
    {
      "camera_id": "court-sample-000620",
      "request_source": "arbitrary",
      "width": 959,
      "height": 539,
      "rgb": "court-sample-000620/rgb.npy",
      "rgb_preview": "court-sample-000620/rgb.png",
      "alpha": "court-sample-000620/alpha.npy",
      "alpha_preview": "court-sample-000620/alpha.png",
      "depth": "court-sample-000620/depth.npy"
    },
    {
      "camera_id": "court-sample-000621",
      "request_source": "arbitrary",
      "width": 959,
      "height": 539,
      "rgb": "court-sample-000621/rgb.npy",
      "rgb_preview": "court-sample-000621/rgb.png",
      "alpha": "court-sample-000621/alpha.npy",
      "alpha_preview": "court-sample-000621/alpha.png",
      "depth": "court-sample-000621/depth.npy"
    },
    {
      "camera_id": "court-sample-000622",
      "request_source": "arbitrary",
      "width": 959,
      "height": 539,
      "rgb": "court-sample-000622/rgb.npy",
      "rgb_preview": "court-sample-000622/rgb.png",
      "alpha": "court-sample-000622/alpha.npy",
      "alpha_preview": "court-sample-000622/alpha.png",
      "depth": "court-sample-000622/depth.npy"
    },
    {
      "camera_id": "court-sample-000623",
      "request_source": "arbitrary",
      "width": 959,
      "height": 539,
      "rgb": "court-sample-000623/rgb.npy",
      "rgb_preview": "court-sample-000623/rgb.png",
      "alpha": "court-sample-000623/alpha.npy",
      "alpha_preview": "court-sample-000623/alpha.png",
      "depth": "court-sample-000623/depth.npy"
    },
    {
      "camera_id": "court-sample-000728",
      "request_source": "arbitrary",
      "width": 959,
      "height": 539,
      "rgb": "court-sample-000728/rgb.npy",
      "rgb_preview": "court-sample-000728/rgb.png",
      "alpha": "court-sample-000728/alpha.npy",
      "alpha_preview": "court-sample-000728/alpha.png",
      "depth": "court-sample-000728/depth.npy"
    },
    {
      "camera_id": "court-sample-000729",
      "request_source": "arbitrary",
      "width": 959,
      "height": 539,
      "rgb": "court-sample-000729/rgb.npy",
      "rgb_preview": "court-sample-000729/rgb.png",
      "alpha": "court-sample-000729/alpha.npy",
      "alpha_preview": "court-sample-000729/alpha.png",
      "depth": "court-sample-000729/depth.npy"
    },
    {
      "camera_id": "court-sample-000730",
      "request_source": "arbitrary",
      "width": 959,
      "height": 539,
      "rgb": "court-sample-000730/rgb.npy",
      "rgb_preview": "court-sample-000730/rgb.png",
      "alpha": "court-sample-000730/alpha.npy",
      "alpha_preview": "court-sample-000730/alpha.png",
      "depth": "court-sample-000730/depth.npy"
    },
    {
      "camera_id": "court-sample-000731",
      "request_source": "arbitrary",
      "width": 959,
      "height": 539,
      "rgb": "court-sample-000731/rgb.npy",
      "rgb_preview": "court-sample-000731/rgb.png",
      "alpha": "court-sample-000731/alpha.npy",
      "alpha_preview": "court-sample-000731/alpha.png",
      "depth": "court-sample-000731/depth.npy"
    },
    {
      "camera_id": "court-sample-000732",
      "request_source": "arbitrary",
      "width": 959,
      "height": 539,
      "rgb": "court-sample-000732/rgb.npy",
      "rgb_preview": "court-sample-000732/rgb.png",
      "alpha": "court-sample-000732/alpha.npy",
      "alpha_preview": "court-sample-000732/alpha.png",
      "depth": "court-sample-000732/depth.npy"
    },
    {
      "camera_id": "court-sample-000733",
      "request_source": "arbitrary",
      "width": 959,
      "height": 539,
      "rgb": "court-sample-000733/rgb.npy",
      "rgb_preview": "court-sample-000733/rgb.png",
      "alpha": "court-sample-000733/alpha.npy",
      "alpha_preview": "court-sample-000733/alpha.png",
      "depth": "court-sample-000733/depth.npy"
    },
    {
      "camera_id": "court-sample-000734",
      "request_source": "arbitrary",
      "width": 959,
      "height": 539,
      "rgb": "court-sample-000734/rgb.npy",
      "rgb_preview": "court-sample-000734/rgb.png",
      "alpha": "court-sample-000734/alpha.npy",
      "alpha_preview": "court-sample-000734/alpha.png",
      "depth": "court-sample-000734/depth.npy"
    },
    {
      "camera_id": "court-sample-000735",
      "request_source": "arbitrary",
      "width": 959,
      "height": 539,
      "rgb": "court-sample-000735/rgb.npy",
      "rgb_preview": "court-sample-000735/rgb.png",
      "alpha": "court-sample-000735/alpha.npy",
      "alpha_preview": "court-sample-000735/alpha.png",
      "depth": "court-sample-000735/depth.npy"
    },
    {
      "camera_id": "court-sample-000736",
      "request_source": "arbitrary",
      "width": 959,
      "height": 539,
      "rgb": "court-sample-000736/rgb.npy",
      "rgb_preview": "court-sample-000736/rgb.png",
      "alpha": "court-sample-000736/alpha.npy",
      "alpha_preview": "court-sample-000736/alpha.png",
      "depth": "court-sample-000736/depth.npy"
    },
    {
      "camera_id": "court-sample-000737",
      "request_source": "arbitrary",
      "width": 959,
      "height": 539,
      "rgb": "court-sample-000737/rgb.npy",
      "rgb_preview": "court-sample-000737/rgb.png",
      "alpha": "court-sample-000737/alpha.npy",
      "alpha_preview": "court-sample-000737/alpha.png",
      "depth": "court-sample-000737/depth.npy"
    },
    {
      "camera_id": "court-sample-000738",
      "request_source": "arbitrary",
      "width": 959,
      "height": 539,
      "rgb": "court-sample-000738/rgb.npy",
      "rgb_preview": "court-sample-000738/rgb.png",
      "alpha": "court-sample-000738/alpha.npy",
      "alpha_preview": "court-sample-000738/alpha.png",
      "depth": "court-sample-000738/depth.npy"
    },
    {
      "camera_id": "court-sample-000739",
      "request_source": "arbitrary",
      "width": 959,
      "height": 539,
      "rgb": "court-sample-000739/rgb.npy",
      "rgb_preview": "court-sample-000739/rgb.png",
      "alpha": "court-sample-000739/alpha.npy",
      "alpha_preview": "court-sample-000739/alpha.png",
      "depth": "court-sample-000739/depth.npy"
    },
    {
      "camera_id": "court-sample-000740",
      "request_source": "arbitrary",
      "width": 959,
      "height": 539,
      "rgb": "court-sample-000740/rgb.npy",
      "rgb_preview": "court-sample-000740/rgb.png",
      "alpha": "court-sample-000740/alpha.npy",
      "alpha_preview": "court-sample-000740/alpha.png",
      "depth": "court-sample-000740/depth.npy"
    },
    {
      "camera_id": "court-sample-000741",
      "request_source": "arbitrary",
      "width": 959,
      "height": 539,
      "rgb": "court-sample-000741/rgb.npy",
      "rgb_preview": "court-sample-000741/rgb.png",
      "alpha": "court-sample-000741/alpha.npy",
      "alpha_preview": "court-sample-000741/alpha.png",
      "depth": "court-sample-000741/depth.npy"
    },
    {
      "camera_id": "court-sample-000742",
      "request_source": "arbitrary",
      "width": 959,
      "height": 539,
      "rgb": "court-sample-000742/rgb.npy",
      "rgb_preview": "court-sample-000742/rgb.png",
      "alpha": "court-sample-000742/alpha.npy",
      "alpha_preview": "court-sample-000742/alpha.png",
      "depth": "court-sample-000742/depth.npy"
    },
    {
      "camera_id": "court-sample-000743",
      "request_source": "arbitrary",
      "width": 959,
      "height": 539,
      "rgb": "court-sample-000743/rgb.npy",
      "rgb_preview": "court-sample-000743/rgb.png",
      "alpha": "court-sample-000743/alpha.npy",
      "alpha_preview": "court-sample-000743/alpha.png",
      "depth": "court-sample-000743/depth.npy"
    },
    {
      "camera_id": "court-sample-000744",
      "request_source": "arbitrary",
      "width": 959,
      "height": 539,
      "rgb": "court-sample-000744/rgb.npy",
      "rgb_preview": "court-sample-000744/rgb.png",
      "alpha": "court-sample-000744/alpha.npy",
      "alpha_preview": "court-sample-000744/alpha.png",
      "depth": "court-sample-000744/depth.npy"
    },
    {
      "camera_id": "court-sample-000745",
      "request_source": "arbitrary",
      "width": 959,
      "height": 539,
      "rgb": "court-sample-000745/rgb.npy",
      "rgb_preview": "court-sample-000745/rgb.png",
      "alpha": "court-sample-000745/alpha.npy",
      "alpha_preview": "court-sample-000745/alpha.png",
      "depth": "court-sample-000745/depth.npy"
    },
    {
      "camera_id": "court-sample-000746",
      "request_source": "arbitrary",
      "width": 959,
      "height": 539,
      "rgb": "court-sample-000746/rgb.npy",
      "rgb_preview": "court-sample-000746/rgb.png",
      "alpha": "court-sample-000746/alpha.npy",
      "alpha_preview": "court-sample-000746/alpha.png",
      "depth": "court-sample-000746/depth.npy"
    },
    {
      "camera_id": "court-sample-000747",
      "request_source": "arbitrary",
      "width": 959,
      "height": 539,
      "rgb": "court-sample-000747/rgb.npy",
      "rgb_preview": "court-sample-000747/rgb.png",
      "alpha": "court-sample-000747/alpha.npy",
      "alpha_preview": "court-sample-000747/alpha.png",
      "depth": "court-sample-000747/depth.npy"
    },
    {
      "camera_id": "court-sample-000748",
      "request_source": "arbitrary",
      "width": 959,
      "height": 539,
      "rgb": "court-sample-000748/rgb.npy",
      "rgb_preview": "court-sample-000748/rgb.png",
      "alpha": "court-sample-000748/alpha.npy",
      "alpha_preview": "court-sample-000748/alpha.png",
      "depth": "court-sample-000748/depth.npy"
    },
    {
      "camera_id": "court-sample-000749",
      "request_source": "arbitrary",
      "width": 959,
      "height": 539,
      "rgb": "court-sample-000749/rgb.npy",
      "rgb_preview": "court-sample-000749/rgb.png",
      "alpha": "court-sample-000749/alpha.npy",
      "alpha_preview": "court-sample-000749/alpha.png",
      "depth": "court-sample-000749/depth.npy"
    },
    {
      "camera_id": "court-sample-000750",
      "request_source": "arbitrary",
      "width": 959,
      "height": 539,
      "rgb": "court-sample-000750/rgb.npy",
      "rgb_preview": "court-sample-000750/rgb.png",
      "alpha": "court-sample-000750/alpha.npy",
      "alpha_preview": "court-sample-000750/alpha.png",
      "depth": "court-sample-000750/depth.npy"
    },
    {
      "camera_id": "court-sample-000751",
      "request_source": "arbitrary",
      "width": 959,
      "height": 539,
      "rgb": "court-sample-000751/rgb.npy",
      "rgb_preview": "court-sample-000751/rgb.png",
      "alpha": "court-sample-000751/alpha.npy",
      "alpha_preview": "court-sample-000751/alpha.png",
      "depth": "court-sample-000751/depth.npy"
    },
    {
      "camera_id": "court-sample-000752",
      "request_source": "arbitrary",
      "width": 959,
      "height": 539,
      "rgb": "court-sample-000752/rgb.npy",
      "rgb_preview": "court-sample-000752/rgb.png",
      "alpha": "court-sample-000752/alpha.npy",
      "alpha_preview": "court-sample-000752/alpha.png",
      "depth": "court-sample-000752/depth.npy"
    },
    {
      "camera_id": "court-sample-000753",
      "request_source": "arbitrary",
      "width": 959,
      "height": 539,
      "rgb": "court-sample-000753/rgb.npy",
      "rgb_preview": "court-sample-000753/rgb.png",
      "alpha": "court-sample-000753/alpha.npy",
      "alpha_preview": "court-sample-000753/alpha.png",
      "depth": "court-sample-000753/depth.npy"
    },
    {
      "camera_id": "court-sample-000754",
      "request_source": "arbitrary",
      "width": 959,
      "height": 539,
      "rgb": "court-sample-000754/rgb.npy",
      "rgb_preview": "court-sample-000754/rgb.png",
      "alpha": "court-sample-000754/alpha.npy",
      "alpha_preview": "court-sample-000754/alpha.png",
      "depth": "court-sample-000754/depth.npy"
    },
    {
      "camera_id": "court-sample-000755",
      "request_source": "arbitrary",
      "width": 959,
      "height": 539,
      "rgb": "court-sample-000755/rgb.npy",
      "rgb_preview": "court-sample-000755/rgb.png",
      "alpha": "court-sample-000755/alpha.npy",
      "alpha_preview": "court-sample-000755/alpha.png",
      "depth": "court-sample-000755/depth.npy"
    },
    {
      "camera_id": "court-sample-000756",
      "request_source": "arbitrary",
      "width": 959,
      "height": 539,
      "rgb": "court-sample-000756/rgb.npy",
      "rgb_preview": "court-sample-000756/rgb.png",
      "alpha": "court-sample-000756/alpha.npy",
      "alpha_preview": "court-sample-000756/alpha.png",
      "depth": "court-sample-000756/depth.npy"
    },
    {
      "camera_id": "court-sample-000757",
      "request_source": "arbitrary",
      "width": 959,
      "height": 539,
      "rgb": "court-sample-000757/rgb.npy",
      "rgb_preview": "court-sample-000757/rgb.png",
      "alpha": "court-sample-000757/alpha.npy",
      "alpha_preview": "court-sample-000757/alpha.png",
      "depth": "court-sample-000757/depth.npy"
    },
    {
      "camera_id": "court-sample-000758",
      "request_source": "arbitrary",
      "width": 959,
      "height": 539,
      "rgb": "court-sample-000758/rgb.npy",
      "rgb_preview": "court-sample-000758/rgb.png",
      "alpha": "court-sample-000758/alpha.npy",
      "alpha_preview": "court-sample-000758/alpha.png",
      "depth": "court-sample-000758/depth.npy"
    },
    {
      "camera_id": "court-sample-000759",
      "request_source": "arbitrary",
      "width": 959,
      "height": 539,
      "rgb": "court-sample-000759/rgb.npy",
      "rgb_preview": "court-sample-000759/rgb.png",
      "alpha": "court-sample-000759/alpha.npy",
      "alpha_preview": "court-sample-000759/alpha.png",
      "depth": "court-sample-000759/depth.npy"
    },
    {
      "camera_id": "court-sample-000760",
      "request_source": "arbitrary",
      "width": 959,
      "height": 539,
      "rgb": "court-sample-000760/rgb.npy",
      "rgb_preview": "court-sample-000760/rgb.png",
      "alpha": "court-sample-000760/alpha.npy",
      "alpha_preview": "court-sample-000760/alpha.png",
      "depth": "court-sample-000760/depth.npy"
    },
    {
      "camera_id": "court-sample-000761",
      "request_source": "arbitrary",
      "width": 959,
      "height": 539,
      "rgb": "court-sample-000761/rgb.npy",
      "rgb_preview": "court-sample-000761/rgb.png",
      "alpha": "court-sample-000761/alpha.npy",
      "alpha_preview": "court-sample-000761/alpha.png",
      "depth": "court-sample-000761/depth.npy"
    },
    {
      "camera_id": "court-sample-000762",
      "request_source": "arbitrary",
      "width": 959,
      "height": 539,
      "rgb": "court-sample-000762/rgb.npy",
      "rgb_preview": "court-sample-000762/rgb.png",
      "alpha": "court-sample-000762/alpha.npy",
      "alpha_preview": "court-sample-000762/alpha.png",
      "depth": "court-sample-000762/depth.npy"
    },
    {
      "camera_id": "court-sample-000763",
      "request_source": "arbitrary",
      "width": 959,
      "height": 539,
      "rgb": "court-sample-000763/rgb.npy",
      "rgb_preview": "court-sample-000763/rgb.png",
      "alpha": "court-sample-000763/alpha.npy",
      "alpha_preview": "court-sample-000763/alpha.png",
      "depth": "court-sample-000763/depth.npy"
    },
    {
      "camera_id": "court-sample-000764",
      "request_source": "arbitrary",
      "width": 959,
      "height": 539,
      "rgb": "court-sample-000764/rgb.npy",
      "rgb_preview": "court-sample-000764/rgb.png",
      "alpha": "court-sample-000764/alpha.npy",
      "alpha_preview": "court-sample-000764/alpha.png",
      "depth": "court-sample-000764/depth.npy"
    },
    {
      "camera_id": "court-sample-000765",
      "request_source": "arbitrary",
      "width": 959,
      "height": 539,
      "rgb": "court-sample-000765/rgb.npy",
      "rgb_preview": "court-sample-000765/rgb.png",
      "alpha": "court-sample-000765/alpha.npy",
      "alpha_preview": "court-sample-000765/alpha.png",
      "depth": "court-sample-000765/depth.npy"
    },
    {
      "camera_id": "court-sample-000766",
      "request_source": "arbitrary",
      "width": 959,
      "height": 539,
      "rgb": "court-sample-000766/rgb.npy",
      "rgb_preview": "court-sample-000766/rgb.png",
      "alpha": "court-sample-000766/alpha.npy",
      "alpha_preview": "court-sample-000766/alpha.png",
      "depth": "court-sample-000766/depth.npy"
    },
    {
      "camera_id": "court-sample-000767",
      "request_source": "arbitrary",
      "width": 959,
      "height": 539,
      "rgb": "court-sample-000767/rgb.npy",
      "rgb_preview": "court-sample-000767/rgb.png",
      "alpha": "court-sample-000767/alpha.npy",
      "alpha_preview": "court-sample-000767/alpha.png",
      "depth": "court-sample-000767/depth.npy"
    },
    {
      "camera_id": "court-sample-000768",
      "request_source": "arbitrary",
      "width": 959,
      "height": 539,
      "rgb": "court-sample-000768/rgb.npy",
      "rgb_preview": "court-sample-000768/rgb.png",
      "alpha": "court-sample-000768/alpha.npy",
      "alpha_preview": "court-sample-000768/alpha.png",
      "depth": "court-sample-000768/depth.npy"
    },
    {
      "camera_id": "court-sample-000769",
      "request_source": "arbitrary",
      "width": 959,
      "height": 539,
      "rgb": "court-sample-000769/rgb.npy",
      "rgb_preview": "court-sample-000769/rgb.png",
      "alpha": "court-sample-000769/alpha.npy",
      "alpha_preview": "court-sample-000769/alpha.png",
      "depth": "court-sample-000769/depth.npy"
    },
    {
      "camera_id": "court-sample-000770",
      "request_source": "arbitrary",
      "width": 959,
      "height": 539,
      "rgb": "court-sample-000770/rgb.npy",
      "rgb_preview": "court-sample-000770/rgb.png",
      "alpha": "court-sample-000770/alpha.npy",
      "alpha_preview": "court-sample-000770/alpha.png",
      "depth": "court-sample-000770/depth.npy"
    },
    {
      "camera_id": "court-sample-000771",
      "request_source": "arbitrary",
      "width": 959,
      "height": 539,
      "rgb": "court-sample-000771/rgb.npy",
      "rgb_preview": "court-sample-000771/rgb.png",
      "alpha": "court-sample-000771/alpha.npy",
      "alpha_preview": "court-sample-000771/alpha.png",
      "depth": "court-sample-000771/depth.npy"
    },
    {
      "camera_id": "court-sample-000772",
      "request_source": "arbitrary",
      "width": 959,
      "height": 539,
      "rgb": "court-sample-000772/rgb.npy",
      "rgb_preview": "court-sample-000772/rgb.png",
      "alpha": "court-sample-000772/alpha.npy",
      "alpha_preview": "court-sample-000772/alpha.png",
      "depth": "court-sample-000772/depth.npy"
    },
    {
      "camera_id": "court-sample-000773",
      "request_source": "arbitrary",
      "width": 959,
      "height": 539,
      "rgb": "court-sample-000773/rgb.npy",
      "rgb_preview": "court-sample-000773/rgb.png",
      "alpha": "court-sample-000773/alpha.npy",
      "alpha_preview": "court-sample-000773/alpha.png",
      "depth": "court-sample-000773/depth.npy"
    },
    {
      "camera_id": "court-sample-000774",
      "request_source": "arbitrary",
      "width": 959,
      "height": 539,
      "rgb": "court-sample-000774/rgb.npy",
      "rgb_preview": "court-sample-000774/rgb.png",
      "alpha": "court-sample-000774/alpha.npy",
      "alpha_preview": "court-sample-000774/alpha.png",
      "depth": "court-sample-000774/depth.npy"
    },
    {
      "camera_id": "court-sample-000775",
      "request_source": "arbitrary",
      "width": 959,
      "height": 539,
      "rgb": "court-sample-000775/rgb.npy",
      "rgb_preview": "court-sample-000775/rgb.png",
      "alpha": "court-sample-000775/alpha.npy",
      "alpha_preview": "court-sample-000775/alpha.png",
      "depth": "court-sample-000775/depth.npy"
    },
    {
      "camera_id": "court-sample-000776",
      "request_source": "arbitrary",
      "width": 959,
      "height": 539,
      "rgb": "court-sample-000776/rgb.npy",
      "rgb_preview": "court-sample-000776/rgb.png",
      "alpha": "court-sample-000776/alpha.npy",
      "alpha_preview": "court-sample-000776/alpha.png",
      "depth": "court-sample-000776/depth.npy"
    },
    {
      "camera_id": "court-sample-000777",
      "request_source": "arbitrary",
      "width": 959,
      "height": 539,
      "rgb": "court-sample-000777/rgb.npy",
      "rgb_preview": "court-sample-000777/rgb.png",
      "alpha": "court-sample-000777/alpha.npy",
      "alpha_preview": "court-sample-000777/alpha.png",
      "depth": "court-sample-000777/depth.npy"
    },
    {
      "camera_id": "court-sample-000778",
      "request_source": "arbitrary",
      "width": 959,
      "height": 539,
      "rgb": "court-sample-000778/rgb.npy",
      "rgb_preview": "court-sample-000778/rgb.png",
      "alpha": "court-sample-000778/alpha.npy",
      "alpha_preview": "court-sample-000778/alpha.png",
      "depth": "court-sample-000778/depth.npy"
    },
    {
      "camera_id": "court-sample-000779",
      "request_source": "arbitrary",
      "width": 959,
      "height": 539,
      "rgb": "court-sample-000779/rgb.npy",
      "rgb_preview": "court-sample-000779/rgb.png",
      "alpha": "court-sample-000779/alpha.npy",
      "alpha_preview": "court-sample-000779/alpha.png",
      "depth": "court-sample-000779/depth.npy"
    },
    {
      "camera_id": "court-sample-000780",
      "request_source": "arbitrary",
      "width": 959,
      "height": 539,
      "rgb": "court-sample-000780/rgb.npy",
      "rgb_preview": "court-sample-000780/rgb.png",
      "alpha": "court-sample-000780/alpha.npy",
      "alpha_preview": "court-sample-000780/alpha.png",
      "depth": "court-sample-000780/depth.npy"
    },
    {
      "camera_id": "court-sample-000781",
      "request_source": "arbitrary",
      "width": 959,
      "height": 539,
      "rgb": "court-sample-000781/rgb.npy",
      "rgb_preview": "court-sample-000781/rgb.png",
      "alpha": "court-sample-000781/alpha.npy",
      "alpha_preview": "court-sample-000781/alpha.png",
      "depth": "court-sample-000781/depth.npy"
    },
    {
      "camera_id": "court-sample-000782",
      "request_source": "arbitrary",
      "width": 959,
      "height": 539,
      "rgb": "court-sample-000782/rgb.npy",
      "rgb_preview": "court-sample-000782/rgb.png",
      "alpha": "court-sample-000782/alpha.npy",
      "alpha_preview": "court-sample-000782/alpha.png",
      "depth": "court-sample-000782/depth.npy"
    },
    {
      "camera_id": "court-sample-000783",
      "request_source": "arbitrary",
      "width": 959,
      "height": 539,
      "rgb": "court-sample-000783/rgb.npy",
      "rgb_preview": "court-sample-000783/rgb.png",
      "alpha": "court-sample-000783/alpha.npy",
      "alpha_preview": "court-sample-000783/alpha.png",
      "depth": "court-sample-000783/depth.npy"
    },
    {
      "camera_id": "court-sample-001192",
      "request_source": "arbitrary",
      "width": 959,
      "height": 539,
      "rgb": "court-sample-001192/rgb.npy",
      "rgb_preview": "court-sample-001192/rgb.png",
      "alpha": "court-sample-001192/alpha.npy",
      "alpha_preview": "court-sample-001192/alpha.png",
      "depth": "court-sample-001192/depth.npy"
    },
    {
      "camera_id": "court-sample-001193",
      "request_source": "arbitrary",
      "width": 959,
      "height": 539,
      "rgb": "court-sample-001193/rgb.npy",
      "rgb_preview": "court-sample-001193/rgb.png",
      "alpha": "court-sample-001193/alpha.npy",
      "alpha_preview": "court-sample-001193/alpha.png",
      "depth": "court-sample-001193/depth.npy"
    },
    {
      "camera_id": "court-sample-001194",
      "request_source": "arbitrary",
      "width": 959,
      "height": 539,
      "rgb": "court-sample-001194/rgb.npy",
      "rgb_preview": "court-sample-001194/rgb.png",
      "alpha": "court-sample-001194/alpha.npy",
      "alpha_preview": "court-sample-001194/alpha.png",
      "depth": "court-sample-001194/depth.npy"
    },
    {
      "camera_id": "court-sample-001195",
      "request_source": "arbitrary",
      "width": 959,
      "height": 539,
      "rgb": "court-sample-001195/rgb.npy",
      "rgb_preview": "court-sample-001195/rgb.png",
      "alpha": "court-sample-001195/alpha.npy",
      "alpha_preview": "court-sample-001195/alpha.png",
      "depth": "court-sample-001195/depth.npy"
    },
    {
      "camera_id": "court-sample-001196",
      "request_source": "arbitrary",
      "width": 959,
      "height": 539,
      "rgb": "court-sample-001196/rgb.npy",
      "rgb_preview": "court-sample-001196/rgb.png",
      "alpha": "court-sample-001196/alpha.npy",
      "alpha_preview": "court-sample-001196/alpha.png",
      "depth": "court-sample-001196/depth.npy"
    },
    {
      "camera_id": "court-sample-001197",
      "request_source": "arbitrary",
      "width": 959,
      "height": 539,
      "rgb": "court-sample-001197/rgb.npy",
      "rgb_preview": "court-sample-001197/rgb.png",
      "alpha": "court-sample-001197/alpha.npy",
      "alpha_preview": "court-sample-001197/alpha.png",
      "depth": "court-sample-001197/depth.npy"
    },
    {
      "camera_id": "court-sample-001198",
      "request_source": "arbitrary",
      "width": 959,
      "height": 539,
      "rgb": "court-sample-001198/rgb.npy",
      "rgb_preview": "court-sample-001198/rgb.png",
      "alpha": "court-sample-001198/alpha.npy",
      "alpha_preview": "court-sample-001198/alpha.png",
      "depth": "court-sample-001198/depth.npy"
    },
    {
      "camera_id": "court-sample-001199",
      "request_source": "arbitrary",
      "width": 959,
      "height": 539,
      "rgb": "court-sample-001199/rgb.npy",
      "rgb_preview": "court-sample-001199/rgb.png",
      "alpha": "court-sample-001199/alpha.npy",
      "alpha_preview": "court-sample-001199/alpha.png",
      "depth": "court-sample-001199/depth.npy"
    },
    {
      "camera_id": "court-sample-001200",
      "request_source": "arbitrary",
      "width": 959,
      "height": 539,
      "rgb": "court-sample-001200/rgb.npy",
      "rgb_preview": "court-sample-001200/rgb.png",
      "alpha": "court-sample-001200/alpha.npy",
      "alpha_preview": "court-sample-001200/alpha.png",
      "depth": "court-sample-001200/depth.npy"
    },
    {
      "camera_id": "court-sample-001201",
      "request_source": "arbitrary",
      "width": 959,
      "height": 539,
      "rgb": "court-sample-001201/rgb.npy",
      "rgb_preview": "court-sample-001201/rgb.png",
      "alpha": "court-sample-001201/alpha.npy",
      "alpha_preview": "court-sample-001201/alpha.png",
      "depth": "court-sample-001201/depth.npy"
    },
    {
      "camera_id": "court-sample-001202",
      "request_source": "arbitrary",
      "width": 959,
      "height": 539,
      "rgb": "court-sample-001202/rgb.npy",
      "rgb_preview": "court-sample-001202/rgb.png",
      "alpha": "court-sample-001202/alpha.npy",
      "alpha_preview": "court-sample-001202/alpha.png",
      "depth": "court-sample-001202/depth.npy"
    },
    {
      "camera_id": "court-sample-001203",
      "request_source": "arbitrary",
      "width": 959,
      "height": 539,
      "rgb": "court-sample-001203/rgb.npy",
      "rgb_preview": "court-sample-001203/rgb.png",
      "alpha": "court-sample-001203/alpha.npy",
      "alpha_preview": "court-sample-001203/alpha.png",
      "depth": "court-sample-001203/depth.npy"
    },
    {
      "camera_id": "court-sample-001204",
      "request_source": "arbitrary",
      "width": 959,
      "height": 539,
      "rgb": "court-sample-001204/rgb.npy",
      "rgb_preview": "court-sample-001204/rgb.png",
      "alpha": "court-sample-001204/alpha.npy",
      "alpha_preview": "court-sample-001204/alpha.png",
      "depth": "court-sample-001204/depth.npy"
    },
    {
      "camera_id": "court-sample-001205",
      "request_source": "arbitrary",
      "width": 959,
      "height": 539,
      "rgb": "court-sample-001205/rgb.npy",
      "rgb_preview": "court-sample-001205/rgb.png",
      "alpha": "court-sample-001205/alpha.npy",
      "alpha_preview": "court-sample-001205/alpha.png",
      "depth": "court-sample-001205/depth.npy"
    },
    {
      "camera_id": "court-sample-001206",
      "request_source": "arbitrary",
      "width": 959,
      "height": 539,
      "rgb": "court-sample-001206/rgb.npy",
      "rgb_preview": "court-sample-001206/rgb.png",
      "alpha": "court-sample-001206/alpha.npy",
      "alpha_preview": "court-sample-001206/alpha.png",
      "depth": "court-sample-001206/depth.npy"
    },
    {
      "camera_id": "court-sample-001207",
      "request_source": "arbitrary",
      "width": 959,
      "height": 539,
      "rgb": "court-sample-001207/rgb.npy",
      "rgb_preview": "court-sample-001207/rgb.png",
      "alpha": "court-sample-001207/alpha.npy",
      "alpha_preview": "court-sample-001207/alpha.png",
      "depth": "court-sample-001207/depth.npy"
    },
    {
      "camera_id": "court-sample-001208",
      "request_source": "arbitrary",
      "width": 959,
      "height": 539,
      "rgb": "court-sample-001208/rgb.npy",
      "rgb_preview": "court-sample-001208/rgb.png",
      "alpha": "court-sample-001208/alpha.npy",
      "alpha_preview": "court-sample-001208/alpha.png",
      "depth": "court-sample-001208/depth.npy"
    },
    {
      "camera_id": "court-sample-001209",
      "request_source": "arbitrary",
      "width": 959,
      "height": 539,
      "rgb": "court-sample-001209/rgb.npy",
      "rgb_preview": "court-sample-001209/rgb.png",
      "alpha": "court-sample-001209/alpha.npy",
      "alpha_preview": "court-sample-001209/alpha.png",
      "depth": "court-sample-001209/depth.npy"
    },
    {
      "camera_id": "court-sample-001210",
      "request_source": "arbitrary",
      "width": 959,
      "height": 539,
      "rgb": "court-sample-001210/rgb.npy",
      "rgb_preview": "court-sample-001210/rgb.png",
      "alpha": "court-sample-001210/alpha.npy",
      "alpha_preview": "court-sample-001210/alpha.png",
      "depth": "court-sample-001210/depth.npy"
    },
    {
      "camera_id": "court-sample-001211",
      "request_source": "arbitrary",
      "width": 959,
      "height": 539,
      "rgb": "court-sample-001211/rgb.npy",
      "rgb_preview": "court-sample-001211/rgb.png",
      "alpha": "court-sample-001211/alpha.npy",
      "alpha_preview": "court-sample-001211/alpha.png",
      "depth": "court-sample-001211/depth.npy"
    },
    {
      "camera_id": "court-sample-001212",
      "request_source": "arbitrary",
      "width": 959,
      "height": 539,
      "rgb": "court-sample-001212/rgb.npy",
      "rgb_preview": "court-sample-001212/rgb.png",
      "alpha": "court-sample-001212/alpha.npy",
      "alpha_preview": "court-sample-001212/alpha.png",
      "depth": "court-sample-001212/depth.npy"
    },
    {
      "camera_id": "court-sample-001213",
      "request_source": "arbitrary",
      "width": 959,
      "height": 539,
      "rgb": "court-sample-001213/rgb.npy",
      "rgb_preview": "court-sample-001213/rgb.png",
      "alpha": "court-sample-001213/alpha.npy",
      "alpha_preview": "court-sample-001213/alpha.png",
      "depth": "court-sample-001213/depth.npy"
    },
    {
      "camera_id": "court-sample-001214",
      "request_source": "arbitrary",
      "width": 959,
      "height": 539,
      "rgb": "court-sample-001214/rgb.npy",
      "rgb_preview": "court-sample-001214/rgb.png",
      "alpha": "court-sample-001214/alpha.npy",
      "alpha_preview": "court-sample-001214/alpha.png",
      "depth": "court-sample-001214/depth.npy"
    },
    {
      "camera_id": "court-sample-001215",
      "request_source": "arbitrary",
      "width": 959,
      "height": 539,
      "rgb": "court-sample-001215/rgb.npy",
      "rgb_preview": "court-sample-001215/rgb.png",
      "alpha": "court-sample-001215/alpha.npy",
      "alpha_preview": "court-sample-001215/alpha.png",
      "depth": "court-sample-001215/depth.npy"
    },
    {
      "camera_id": "court-sample-001216",
      "request_source": "arbitrary",
      "width": 959,
      "height": 539,
      "rgb": "court-sample-001216/rgb.npy",
      "rgb_preview": "court-sample-001216/rgb.png",
      "alpha": "court-sample-001216/alpha.npy",
      "alpha_preview": "court-sample-001216/alpha.png",
      "depth": "court-sample-001216/depth.npy"
    },
    {
      "camera_id": "court-sample-001217",
      "request_source": "arbitrary",
      "width": 959,
      "height": 539,
      "rgb": "court-sample-001217/rgb.npy",
      "rgb_preview": "court-sample-001217/rgb.png",
      "alpha": "court-sample-001217/alpha.npy",
      "alpha_preview": "court-sample-001217/alpha.png",
      "depth": "court-sample-001217/depth.npy"
    },
    {
      "camera_id": "court-sample-001218",
      "request_source": "arbitrary",
      "width": 959,
      "height": 539,
      "rgb": "court-sample-001218/rgb.npy",
      "rgb_preview": "court-sample-001218/rgb.png",
      "alpha": "court-sample-001218/alpha.npy",
      "alpha_preview": "court-sample-001218/alpha.png",
      "depth": "court-sample-001218/depth.npy"
    },
    {
      "camera_id": "court-sample-001219",
      "request_source": "arbitrary",
      "width": 959,
      "height": 539,
      "rgb": "court-sample-001219/rgb.npy",
      "rgb_preview": "court-sample-001219/rgb.png",
      "alpha": "court-sample-001219/alpha.npy",
      "alpha_preview": "court-sample-001219/alpha.png",
      "depth": "court-sample-001219/depth.npy"
    },
    {
      "camera_id": "court-sample-001220",
      "request_source": "arbitrary",
      "width": 959,
      "height": 539,
      "rgb": "court-sample-001220/rgb.npy",
      "rgb_preview": "court-sample-001220/rgb.png",
      "alpha": "court-sample-001220/alpha.npy",
      "alpha_preview": "court-sample-001220/alpha.png",
      "depth": "court-sample-001220/depth.npy"
    },
    {
      "camera_id": "court-sample-001221",
      "request_source": "arbitrary",
      "width": 959,
      "height": 539,
      "rgb": "court-sample-001221/rgb.npy",
      "rgb_preview": "court-sample-001221/rgb.png",
      "alpha": "court-sample-001221/alpha.npy",
      "alpha_preview": "court-sample-001221/alpha.png",
      "depth": "court-sample-001221/depth.npy"
    },
    {
      "camera_id": "court-sample-001222",
      "request_source": "arbitrary",
      "width": 959,
      "height": 539,
      "rgb": "court-sample-001222/rgb.npy",
      "rgb_preview": "court-sample-001222/rgb.png",
      "alpha": "court-sample-001222/alpha.npy",
      "alpha_preview": "court-sample-001222/alpha.png",
      "depth": "court-sample-001222/depth.npy"
    },
    {
      "camera_id": "court-sample-001223",
      "request_source": "arbitrary",
      "width": 959,
      "height": 539,
      "rgb": "court-sample-001223/rgb.npy",
      "rgb_preview": "court-sample-001223/rgb.png",
      "alpha": "court-sample-001223/alpha.npy",
      "alpha_preview": "court-sample-001223/alpha.png",
      "depth": "court-sample-001223/depth.npy"
    },
    {
      "camera_id": "court-sample-001224",
      "request_source": "arbitrary",
      "width": 959,
      "height": 539,
      "rgb": "court-sample-001224/rgb.npy",
      "rgb_preview": "court-sample-001224/rgb.png",
      "alpha": "court-sample-001224/alpha.npy",
      "alpha_preview": "court-sample-001224/alpha.png",
      "depth": "court-sample-001224/depth.npy"
    },
    {
      "camera_id": "court-sample-001225",
      "request_source": "arbitrary",
      "width": 959,
      "height": 539,
      "rgb": "court-sample-001225/rgb.npy",
      "rgb_preview": "court-sample-001225/rgb.png",
      "alpha": "court-sample-001225/alpha.npy",
      "alpha_preview": "court-sample-001225/alpha.png",
      "depth": "court-sample-001225/depth.npy"
    },
    {
      "camera_id": "court-sample-001226",
      "request_source": "arbitrary",
      "width": 959,
      "height": 539,
      "rgb": "court-sample-001226/rgb.npy",
      "rgb_preview": "court-sample-001226/rgb.png",
      "alpha": "court-sample-001226/alpha.npy",
      "alpha_preview": "court-sample-001226/alpha.png",
      "depth": "court-sample-001226/depth.npy"
    },
    {
      "camera_id": "court-sample-001227",
      "request_source": "arbitrary",
      "width": 959,
      "height": 539,
      "rgb": "court-sample-001227/rgb.npy",
      "rgb_preview": "court-sample-001227/rgb.png",
      "alpha": "court-sample-001227/alpha.npy",
      "alpha_preview": "court-sample-001227/alpha.png",
      "depth": "court-sample-001227/depth.npy"
    },
    {
      "camera_id": "court-sample-001228",
      "request_source": "arbitrary",
      "width": 959,
      "height": 539,
      "rgb": "court-sample-001228/rgb.npy",
      "rgb_preview": "court-sample-001228/rgb.png",
      "alpha": "court-sample-001228/alpha.npy",
      "alpha_preview": "court-sample-001228/alpha.png",
      "depth": "court-sample-001228/depth.npy"
    },
    {
      "camera_id": "court-sample-001229",
      "request_source": "arbitrary",
      "width": 959,
      "height": 539,
      "rgb": "court-sample-001229/rgb.npy",
      "rgb_preview": "court-sample-001229/rgb.png",
      "alpha": "court-sample-001229/alpha.npy",
      "alpha_preview": "court-sample-001229/alpha.png",
      "depth": "court-sample-001229/depth.npy"
    },
    {
      "camera_id": "court-sample-001230",
      "request_source": "arbitrary",
      "width": 959,
      "height": 539,
      "rgb": "court-sample-001230/rgb.npy",
      "rgb_preview": "court-sample-001230/rgb.png",
      "alpha": "court-sample-001230/alpha.npy",
      "alpha_preview": "court-sample-001230/alpha.png",
      "depth": "court-sample-001230/depth.npy"
    },
    {
      "camera_id": "court-sample-001231",
      "request_source": "arbitrary",
      "width": 959,
      "height": 539,
      "rgb": "court-sample-001231/rgb.npy",
      "rgb_preview": "court-sample-001231/rgb.png",
      "alpha": "court-sample-001231/alpha.npy",
      "alpha_preview": "court-sample-001231/alpha.png",
      "depth": "court-sample-001231/depth.npy"
    },
    {
      "camera_id": "court-sample-001232",
      "request_source": "arbitrary",
      "width": 959,
      "height": 539,
      "rgb": "court-sample-001232/rgb.npy",
      "rgb_preview": "court-sample-001232/rgb.png",
      "alpha": "court-sample-001232/alpha.npy",
      "alpha_preview": "court-sample-001232/alpha.png",
      "depth": "court-sample-001232/depth.npy"
    },
    {
      "camera_id": "court-sample-001233",
      "request_source": "arbitrary",
      "width": 959,
      "height": 539,
      "rgb": "court-sample-001233/rgb.npy",
      "rgb_preview": "court-sample-001233/rgb.png",
      "alpha": "court-sample-001233/alpha.npy",
      "alpha_preview": "court-sample-001233/alpha.png",
      "depth": "court-sample-001233/depth.npy"
    },
    {
      "camera_id": "court-sample-001234",
      "request_source": "arbitrary",
      "width": 959,
      "height": 539,
      "rgb": "court-sample-001234/rgb.npy",
      "rgb_preview": "court-sample-001234/rgb.png",
      "alpha": "court-sample-001234/alpha.npy",
      "alpha_preview": "court-sample-001234/alpha.png",
      "depth": "court-sample-001234/depth.npy"
    },
    {
      "camera_id": "court-sample-001235",
      "request_source": "arbitrary",
      "width": 959,
      "height": 539,
      "rgb": "court-sample-001235/rgb.npy",
      "rgb_preview": "court-sample-001235/rgb.png",
      "alpha": "court-sample-001235/alpha.npy",
      "alpha_preview": "court-sample-001235/alpha.png",
      "depth": "court-sample-001235/depth.npy"
    },
    {
      "camera_id": "court-sample-001236",
      "request_source": "arbitrary",
      "width": 959,
      "height": 539,
      "rgb": "court-sample-001236/rgb.npy",
      "rgb_preview": "court-sample-001236/rgb.png",
      "alpha": "court-sample-001236/alpha.npy",
      "alpha_preview": "court-sample-001236/alpha.png",
      "depth": "court-sample-001236/depth.npy"
    },
    {
      "camera_id": "court-sample-001237",
      "request_source": "arbitrary",
      "width": 959,
      "height": 539,
      "rgb": "court-sample-001237/rgb.npy",
      "rgb_preview": "court-sample-001237/rgb.png",
      "alpha": "court-sample-001237/alpha.npy",
      "alpha_preview": "court-sample-001237/alpha.png",
      "depth": "court-sample-001237/depth.npy"
    },
    {
      "camera_id": "court-sample-001238",
      "request_source": "arbitrary",
      "width": 959,
      "height": 539,
      "rgb": "court-sample-001238/rgb.npy",
      "rgb_preview": "court-sample-001238/rgb.png",
      "alpha": "court-sample-001238/alpha.npy",
      "alpha_preview": "court-sample-001238/alpha.png",
      "depth": "court-sample-001238/depth.npy"
    },
    {
      "camera_id": "court-sample-001239",
      "request_source": "arbitrary",
      "width": 959,
      "height": 539,
      "rgb": "court-sample-001239/rgb.npy",
      "rgb_preview": "court-sample-001239/rgb.png",
      "alpha": "court-sample-001239/alpha.npy",
      "alpha_preview": "court-sample-001239/alpha.png",
      "depth": "court-sample-001239/depth.npy"
    },
    {
      "camera_id": "court-sample-001240",
      "request_source": "arbitrary",
      "width": 959,
      "height": 539,
      "rgb": "court-sample-001240/rgb.npy",
      "rgb_preview": "court-sample-001240/rgb.png",
      "alpha": "court-sample-001240/alpha.npy",
      "alpha_preview": "court-sample-001240/alpha.png",
      "depth": "court-sample-001240/depth.npy"
    },
    {
      "camera_id": "court-sample-001241",
      "request_source": "arbitrary",
      "width": 959,
      "height": 539,
      "rgb": "court-sample-001241/rgb.npy",
      "rgb_preview": "court-sample-001241/rgb.png",
      "alpha": "court-sample-001241/alpha.npy",
      "alpha_preview": "court-sample-001241/alpha.png",
      "depth": "court-sample-001241/depth.npy"
    },
    {
      "camera_id": "court-sample-001242",
      "request_source": "arbitrary",
      "width": 959,
      "height": 539,
      "rgb": "court-sample-001242/rgb.npy",
      "rgb_preview": "court-sample-001242/rgb.png",
      "alpha": "court-sample-001242/alpha.npy",
      "alpha_preview": "court-sample-001242/alpha.png",
      "depth": "court-sample-001242/depth.npy"
    },
    {
      "camera_id": "court-sample-001243",
      "request_source": "arbitrary",
      "width": 959,
      "height": 539,
      "rgb": "court-sample-001243/rgb.npy",
      "rgb_preview": "court-sample-001243/rgb.png",
      "alpha": "court-sample-001243/alpha.npy",
      "alpha_preview": "court-sample-001243/alpha.png",
      "depth": "court-sample-001243/depth.npy"
    },
    {
      "camera_id": "court-sample-001244",
      "request_source": "arbitrary",
      "width": 959,
      "height": 539,
      "rgb": "court-sample-001244/rgb.npy",
      "rgb_preview": "court-sample-001244/rgb.png",
      "alpha": "court-sample-001244/alpha.npy",
      "alpha_preview": "court-sample-001244/alpha.png",
      "depth": "court-sample-001244/depth.npy"
    },
    {
      "camera_id": "court-sample-001245",
      "request_source": "arbitrary",
      "width": 959,
      "height": 539,
      "rgb": "court-sample-001245/rgb.npy",
      "rgb_preview": "court-sample-001245/rgb.png",
      "alpha": "court-sample-001245/alpha.npy",
      "alpha_preview": "court-sample-001245/alpha.png",
      "depth": "court-sample-001245/depth.npy"
    },
    {
      "camera_id": "court-sample-001246",
      "request_source": "arbitrary",
      "width": 959,
      "height": 539,
      "rgb": "court-sample-001246/rgb.npy",
      "rgb_preview": "court-sample-001246/rgb.png",
      "alpha": "court-sample-001246/alpha.npy",
      "alpha_preview": "court-sample-001246/alpha.png",
      "depth": "court-sample-001246/depth.npy"
    },
    {
      "camera_id": "court-sample-001247",
      "request_source": "arbitrary",
      "width": 959,
      "height": 539,
      "rgb": "court-sample-001247/rgb.npy",
      "rgb_preview": "court-sample-001247/rgb.png",
      "alpha": "court-sample-001247/alpha.npy",
      "alpha_preview": "court-sample-001247/alpha.png",
      "depth": "court-sample-001247/depth.npy"
    },
    {
      "camera_id": "court-sample-001248",
      "request_source": "arbitrary",
      "width": 959,
      "height": 539,
      "rgb": "court-sample-001248/rgb.npy",
      "rgb_preview": "court-sample-001248/rgb.png",
      "alpha": "court-sample-001248/alpha.npy",
      "alpha_preview": "court-sample-001248/alpha.png",
      "depth": "court-sample-001248/depth.npy"
    },
    {
      "camera_id": "court-sample-001249",
      "request_source": "arbitrary",
      "width": 959,
      "height": 539,
      "rgb": "court-sample-001249/rgb.npy",
      "rgb_preview": "court-sample-001249/rgb.png",
      "alpha": "court-sample-001249/alpha.npy",
      "alpha_preview": "court-sample-001249/alpha.png",
      "depth": "court-sample-001249/depth.npy"
    },
    {
      "camera_id": "court-sample-001250",
      "request_source": "arbitrary",
      "width": 959,
      "height": 539,
      "rgb": "court-sample-001250/rgb.npy",
      "rgb_preview": "court-sample-001250/rgb.png",
      "alpha": "court-sample-001250/alpha.npy",
      "alpha_preview": "court-sample-001250/alpha.png",
      "depth": "court-sample-001250/depth.npy"
    },
    {
      "camera_id": "court-sample-001251",
      "request_source": "arbitrary",
      "width": 959,
      "height": 539,
      "rgb": "court-sample-001251/rgb.npy",
      "rgb_preview": "court-sample-001251/rgb.png",
      "alpha": "court-sample-001251/alpha.npy",
      "alpha_preview": "court-sample-001251/alpha.png",
      "depth": "court-sample-001251/depth.npy"
    },
    {
      "camera_id": "court-sample-001252",
      "request_source": "arbitrary",
      "width": 959,
      "height": 539,
      "rgb": "court-sample-001252/rgb.npy",
      "rgb_preview": "court-sample-001252/rgb.png",
      "alpha": "court-sample-001252/alpha.npy",
      "alpha_preview": "court-sample-001252/alpha.png",
      "depth": "court-sample-001252/depth.npy"
    },
    {
      "camera_id": "court-sample-001253",
      "request_source": "arbitrary",
      "width": 959,
      "height": 539,
      "rgb": "court-sample-001253/rgb.npy",
      "rgb_preview": "court-sample-001253/rgb.png",
      "alpha": "court-sample-001253/alpha.npy",
      "alpha_preview": "court-sample-001253/alpha.png",
      "depth": "court-sample-001253/depth.npy"
    },
    {
      "camera_id": "court-sample-001254",
      "request_source": "arbitrary",
      "width": 959,
      "height": 539,
      "rgb": "court-sample-001254/rgb.npy",
      "rgb_preview": "court-sample-001254/rgb.png",
      "alpha": "court-sample-001254/alpha.npy",
      "alpha_preview": "court-sample-001254/alpha.png",
      "depth": "court-sample-001254/depth.npy"
    },
    {
      "camera_id": "court-sample-001255",
      "request_source": "arbitrary",
      "width": 959,
      "height": 539,
      "rgb": "court-sample-001255/rgb.npy",
      "rgb_preview": "court-sample-001255/rgb.png",
      "alpha": "court-sample-001255/alpha.npy",
      "alpha_preview": "court-sample-001255/alpha.png",
      "depth": "court-sample-001255/depth.npy"
    },
    {
      "camera_id": "court-sample-001256",
      "request_source": "arbitrary",
      "width": 959,
      "height": 539,
      "rgb": "court-sample-001256/rgb.npy",
      "rgb_preview": "court-sample-001256/rgb.png",
      "alpha": "court-sample-001256/alpha.npy",
      "alpha_preview": "court-sample-001256/alpha.png",
      "depth": "court-sample-001256/depth.npy"
    },
    {
      "camera_id": "court-sample-001257",
      "request_source": "arbitrary",
      "width": 959,
      "height": 539,
      "rgb": "court-sample-001257/rgb.npy",
      "rgb_preview": "court-sample-001257/rgb.png",
      "alpha": "court-sample-001257/alpha.npy",
      "alpha_preview": "court-sample-001257/alpha.png",
      "depth": "court-sample-001257/depth.npy"
    },
    {
      "camera_id": "court-sample-001258",
      "request_source": "arbitrary",
      "width": 959,
      "height": 539,
      "rgb": "court-sample-001258/rgb.npy",
      "rgb_preview": "court-sample-001258/rgb.png",
      "alpha": "court-sample-001258/alpha.npy",
      "alpha_preview": "court-sample-001258/alpha.png",
      "depth": "court-sample-001258/depth.npy"
    },
    {
      "camera_id": "court-sample-001259",
      "request_source": "arbitrary",
      "width": 959,
      "height": 539,
      "rgb": "court-sample-001259/rgb.npy",
      "rgb_preview": "court-sample-001259/rgb.png",
      "alpha": "court-sample-001259/alpha.npy",
      "alpha_preview": "court-sample-001259/alpha.png",
      "depth": "court-sample-001259/depth.npy"
    },
    {
      "camera_id": "court-sample-001260",
      "request_source": "arbitrary",
      "width": 959,
      "height": 539,
      "rgb": "court-sample-001260/rgb.npy",
      "rgb_preview": "court-sample-001260/rgb.png",
      "alpha": "court-sample-001260/alpha.npy",
      "alpha_preview": "court-sample-001260/alpha.png",
      "depth": "court-sample-001260/depth.npy"
    },
    {
      "camera_id": "court-sample-001261",
      "request_source": "arbitrary",
      "width": 959,
      "height": 539,
      "rgb": "court-sample-001261/rgb.npy",
      "rgb_preview": "court-sample-001261/rgb.png",
      "alpha": "court-sample-001261/alpha.npy",
      "alpha_preview": "court-sample-001261/alpha.png",
      "depth": "court-sample-001261/depth.npy"
    },
    {
      "camera_id": "court-sample-001262",
      "request_source": "arbitrary",
      "width": 959,
      "height": 539,
      "rgb": "court-sample-001262/rgb.npy",
      "rgb_preview": "court-sample-001262/rgb.png",
      "alpha": "court-sample-001262/alpha.npy",
      "alpha_preview": "court-sample-001262/alpha.png",
      "depth": "court-sample-001262/depth.npy"
    },
    {
      "camera_id": "court-sample-001263",
      "request_source": "arbitrary",
      "width": 959,
      "height": 539,
      "rgb": "court-sample-001263/rgb.npy",
      "rgb_preview": "court-sample-001263/rgb.png",
      "alpha": "court-sample-001263/alpha.npy",
      "alpha_preview": "court-sample-001263/alpha.png",
      "depth": "court-sample-001263/depth.npy"
    },
    {
      "camera_id": "court-sample-001264",
      "request_source": "arbitrary",
      "width": 959,
      "height": 539,
      "rgb": "court-sample-001264/rgb.npy",
      "rgb_preview": "court-sample-001264/rgb.png",
      "alpha": "court-sample-001264/alpha.npy",
      "alpha_preview": "court-sample-001264/alpha.png",
      "depth": "court-sample-001264/depth.npy"
    },
    {
      "camera_id": "court-sample-001265",
      "request_source": "arbitrary",
      "width": 959,
      "height": 539,
      "rgb": "court-sample-001265/rgb.npy",
      "rgb_preview": "court-sample-001265/rgb.png",
      "alpha": "court-sample-001265/alpha.npy",
      "alpha_preview": "court-sample-001265/alpha.png",
      "depth": "court-sample-001265/depth.npy"
    },
    {
      "camera_id": "court-sample-001266",
      "request_source": "arbitrary",
      "width": 959,
      "height": 539,
      "rgb": "court-sample-001266/rgb.npy",
      "rgb_preview": "court-sample-001266/rgb.png",
      "alpha": "court-sample-001266/alpha.npy",
      "alpha_preview": "court-sample-001266/alpha.png",
      "depth": "court-sample-001266/depth.npy"
    },
    {
      "camera_id": "court-sample-001267",
      "request_source": "arbitrary",
      "width": 959,
      "height": 539,
      "rgb": "court-sample-001267/rgb.npy",
      "rgb_preview": "court-sample-001267/rgb.png",
      "alpha": "court-sample-001267/alpha.npy",
      "alpha_preview": "court-sample-001267/alpha.png",
      "depth": "court-sample-001267/depth.npy"
    },
    {
      "camera_id": "court-sample-001268",
      "request_source": "arbitrary",
      "width": 959,
      "height": 539,
      "rgb": "court-sample-001268/rgb.npy",
      "rgb_preview": "court-sample-001268/rgb.png",
      "alpha": "court-sample-001268/alpha.npy",
      "alpha_preview": "court-sample-001268/alpha.png",
      "depth": "court-sample-001268/depth.npy"
    },
    {
      "camera_id": "court-sample-001269",
      "request_source": "arbitrary",
      "width": 959,
      "height": 539,
      "rgb": "court-sample-001269/rgb.npy",
      "rgb_preview": "court-sample-001269/rgb.png",
      "alpha": "court-sample-001269/alpha.npy",
      "alpha_preview": "court-sample-001269/alpha.png",
      "depth": "court-sample-001269/depth.npy"
    },
    {
      "camera_id": "court-sample-001270",
      "request_source": "arbitrary",
      "width": 959,
      "height": 539,
      "rgb": "court-sample-001270/rgb.npy",
      "rgb_preview": "court-sample-001270/rgb.png",
      "alpha": "court-sample-001270/alpha.npy",
      "alpha_preview": "court-sample-001270/alpha.png",
      "depth": "court-sample-001270/depth.npy"
    },
    {
      "camera_id": "court-sample-001271",
      "request_source": "arbitrary",
      "width": 959,
      "height": 539,
      "rgb": "court-sample-001271/rgb.npy",
      "rgb_preview": "court-sample-001271/rgb.png",
      "alpha": "court-sample-001271/alpha.npy",
      "alpha_preview": "court-sample-001271/alpha.png",
      "depth": "court-sample-001271/depth.npy"
    },
    {
      "camera_id": "court-sample-001272",
      "request_source": "arbitrary",
      "width": 959,
      "height": 539,
      "rgb": "court-sample-001272/rgb.npy",
      "rgb_preview": "court-sample-001272/rgb.png",
      "alpha": "court-sample-001272/alpha.npy",
      "alpha_preview": "court-sample-001272/alpha.png",
      "depth": "court-sample-001272/depth.npy"
    },
    {
      "camera_id": "court-sample-001273",
      "request_source": "arbitrary",
      "width": 959,
      "height": 539,
      "rgb": "court-sample-001273/rgb.npy",
      "rgb_preview": "court-sample-001273/rgb.png",
      "alpha": "court-sample-001273/alpha.npy",
      "alpha_preview": "court-sample-001273/alpha.png",
      "depth": "court-sample-001273/depth.npy"
    },
    {
      "camera_id": "court-sample-001274",
      "request_source": "arbitrary",
      "width": 959,
      "height": 539,
      "rgb": "court-sample-001274/rgb.npy",
      "rgb_preview": "court-sample-001274/rgb.png",
      "alpha": "court-sample-001274/alpha.npy",
      "alpha_preview": "court-sample-001274/alpha.png",
      "depth": "court-sample-001274/depth.npy"
    },
    {
      "camera_id": "court-sample-001275",
      "request_source": "arbitrary",
      "width": 959,
      "height": 539,
      "rgb": "court-sample-001275/rgb.npy",
      "rgb_preview": "court-sample-001275/rgb.png",
      "alpha": "court-sample-001275/alpha.npy",
      "alpha_preview": "court-sample-001275/alpha.png",
      "depth": "court-sample-001275/depth.npy"
    },
    {
      "camera_id": "court-sample-001276",
      "request_source": "arbitrary",
      "width": 959,
      "height": 539,
      "rgb": "court-sample-001276/rgb.npy",
      "rgb_preview": "court-sample-001276/rgb.png",
      "alpha": "court-sample-001276/alpha.npy",
      "alpha_preview": "court-sample-001276/alpha.png",
      "depth": "court-sample-001276/depth.npy"
    },
    {
      "camera_id": "court-sample-001277",
      "request_source": "arbitrary",
      "width": 959,
      "height": 539,
      "rgb": "court-sample-001277/rgb.npy",
      "rgb_preview": "court-sample-001277/rgb.png",
      "alpha": "court-sample-001277/alpha.npy",
      "alpha_preview": "court-sample-001277/alpha.png",
      "depth": "court-sample-001277/depth.npy"
    },
    {
      "camera_id": "court-sample-001278",
      "request_source": "arbitrary",
      "width": 959,
      "height": 539,
      "rgb": "court-sample-001278/rgb.npy",
      "rgb_preview": "court-sample-001278/rgb.png",
      "alpha": "court-sample-001278/alpha.npy",
      "alpha_preview": "court-sample-001278/alpha.png",
      "depth": "court-sample-001278/depth.npy"
    },
    {
      "camera_id": "court-sample-001279",
      "request_source": "arbitrary",
      "width": 959,
      "height": 539,
      "rgb": "court-sample-001279/rgb.npy",
      "rgb_preview": "court-sample-001279/rgb.png",
      "alpha": "court-sample-001279/alpha.npy",
      "alpha_preview": "court-sample-001279/alpha.png",
      "depth": "court-sample-001279/depth.npy"
    },
    {
      "camera_id": "court-sample-001632",
      "request_source": "arbitrary",
      "width": 959,
      "height": 539,
      "rgb": "court-sample-001632/rgb.npy",
      "rgb_preview": "court-sample-001632/rgb.png",
      "alpha": "court-sample-001632/alpha.npy",
      "alpha_preview": "court-sample-001632/alpha.png",
      "depth": "court-sample-001632/depth.npy"
    },
    {
      "camera_id": "court-sample-001633",
      "request_source": "arbitrary",
      "width": 959,
      "height": 539,
      "rgb": "court-sample-001633/rgb.npy",
      "rgb_preview": "court-sample-001633/rgb.png",
      "alpha": "court-sample-001633/alpha.npy",
      "alpha_preview": "court-sample-001633/alpha.png",
      "depth": "court-sample-001633/depth.npy"
    },
    {
      "camera_id": "court-sample-001634",
      "request_source": "arbitrary",
      "width": 959,
      "height": 539,
      "rgb": "court-sample-001634/rgb.npy",
      "rgb_preview": "court-sample-001634/rgb.png",
      "alpha": "court-sample-001634/alpha.npy",
      "alpha_preview": "court-sample-001634/alpha.png",
      "depth": "court-sample-001634/depth.npy"
    },
    {
      "camera_id": "court-sample-001635",
      "request_source": "arbitrary",
      "width": 959,
      "height": 539,
      "rgb": "court-sample-001635/rgb.npy",
      "rgb_preview": "court-sample-001635/rgb.png",
      "alpha": "court-sample-001635/alpha.npy",
      "alpha_preview": "court-sample-001635/alpha.png",
      "depth": "court-sample-001635/depth.npy"
    },
    {
      "camera_id": "court-sample-001636",
      "request_source": "arbitrary",
      "width": 959,
      "height": 539,
      "rgb": "court-sample-001636/rgb.npy",
      "rgb_preview": "court-sample-001636/rgb.png",
      "alpha": "court-sample-001636/alpha.npy",
      "alpha_preview": "court-sample-001636/alpha.png",
      "depth": "court-sample-001636/depth.npy"
    },
    {
      "camera_id": "court-sample-001637",
      "request_source": "arbitrary",
      "width": 959,
      "height": 539,
      "rgb": "court-sample-001637/rgb.npy",
      "rgb_preview": "court-sample-001637/rgb.png",
      "alpha": "court-sample-001637/alpha.npy",
      "alpha_preview": "court-sample-001637/alpha.png",
      "depth": "court-sample-001637/depth.npy"
    },
    {
      "camera_id": "court-sample-001638",
      "request_source": "arbitrary",
      "width": 959,
      "height": 539,
      "rgb": "court-sample-001638/rgb.npy",
      "rgb_preview": "court-sample-001638/rgb.png",
      "alpha": "court-sample-001638/alpha.npy",
      "alpha_preview": "court-sample-001638/alpha.png",
      "depth": "court-sample-001638/depth.npy"
    },
    {
      "camera_id": "court-sample-001639",
      "request_source": "arbitrary",
      "width": 959,
      "height": 539,
      "rgb": "court-sample-001639/rgb.npy",
      "rgb_preview": "court-sample-001639/rgb.png",
      "alpha": "court-sample-001639/alpha.npy",
      "alpha_preview": "court-sample-001639/alpha.png",
      "depth": "court-sample-001639/depth.npy"
    },
    {
      "camera_id": "court-sample-001640",
      "request_source": "arbitrary",
      "width": 959,
      "height": 539,
      "rgb": "court-sample-001640/rgb.npy",
      "rgb_preview": "court-sample-001640/rgb.png",
      "alpha": "court-sample-001640/alpha.npy",
      "alpha_preview": "court-sample-001640/alpha.png",
      "depth": "court-sample-001640/depth.npy"
    },
    {
      "camera_id": "court-sample-001641",
      "request_source": "arbitrary",
      "width": 959,
      "height": 539,
      "rgb": "court-sample-001641/rgb.npy",
      "rgb_preview": "court-sample-001641/rgb.png",
      "alpha": "court-sample-001641/alpha.npy",
      "alpha_preview": "court-sample-001641/alpha.png",
      "depth": "court-sample-001641/depth.npy"
    },
    {
      "camera_id": "court-sample-001642",
      "request_source": "arbitrary",
      "width": 959,
      "height": 539,
      "rgb": "court-sample-001642/rgb.npy",
      "rgb_preview": "court-sample-001642/rgb.png",
      "alpha": "court-sample-001642/alpha.npy",
      "alpha_preview": "court-sample-001642/alpha.png",
      "depth": "court-sample-001642/depth.npy"
    },
    {
      "camera_id": "court-sample-001643",
      "request_source": "arbitrary",
      "width": 959,
      "height": 539,
      "rgb": "court-sample-001643/rgb.npy",
      "rgb_preview": "court-sample-001643/rgb.png",
      "alpha": "court-sample-001643/alpha.npy",
      "alpha_preview": "court-sample-001643/alpha.png",
      "depth": "court-sample-001643/depth.npy"
    },
    {
      "camera_id": "court-sample-001644",
      "request_source": "arbitrary",
      "width": 959,
      "height": 539,
      "rgb": "court-sample-001644/rgb.npy",
      "rgb_preview": "court-sample-001644/rgb.png",
      "alpha": "court-sample-001644/alpha.npy",
      "alpha_preview": "court-sample-001644/alpha.png",
      "depth": "court-sample-001644/depth.npy"
    },
    {
      "camera_id": "court-sample-001645",
      "request_source": "arbitrary",
      "width": 959,
      "height": 539,
      "rgb": "court-sample-001645/rgb.npy",
      "rgb_preview": "court-sample-001645/rgb.png",
      "alpha": "court-sample-001645/alpha.npy",
      "alpha_preview": "court-sample-001645/alpha.png",
      "depth": "court-sample-001645/depth.npy"
    },
    {
      "camera_id": "court-sample-001646",
      "request_source": "arbitrary",
      "width": 959,
      "height": 539,
      "rgb": "court-sample-001646/rgb.npy",
      "rgb_preview": "court-sample-001646/rgb.png",
      "alpha": "court-sample-001646/alpha.npy",
      "alpha_preview": "court-sample-001646/alpha.png",
      "depth": "court-sample-001646/depth.npy"
    },
    {
      "camera_id": "court-sample-001647",
      "request_source": "arbitrary",
      "width": 959,
      "height": 539,
      "rgb": "court-sample-001647/rgb.npy",
      "rgb_preview": "court-sample-001647/rgb.png",
      "alpha": "court-sample-001647/alpha.npy",
      "alpha_preview": "court-sample-001647/alpha.png",
      "depth": "court-sample-001647/depth.npy"
    },
    {
      "camera_id": "court-sample-001648",
      "request_source": "arbitrary",
      "width": 959,
      "height": 539,
      "rgb": "court-sample-001648/rgb.npy",
      "rgb_preview": "court-sample-001648/rgb.png",
      "alpha": "court-sample-001648/alpha.npy",
      "alpha_preview": "court-sample-001648/alpha.png",
      "depth": "court-sample-001648/depth.npy"
    },
    {
      "camera_id": "court-sample-001649",
      "request_source": "arbitrary",
      "width": 959,
      "height": 539,
      "rgb": "court-sample-001649/rgb.npy",
      "rgb_preview": "court-sample-001649/rgb.png",
      "alpha": "court-sample-001649/alpha.npy",
      "alpha_preview": "court-sample-001649/alpha.png",
      "depth": "court-sample-001649/depth.npy"
    },
    {
      "camera_id": "court-sample-001650",
      "request_source": "arbitrary",
      "width": 959,
      "height": 539,
      "rgb": "court-sample-001650/rgb.npy",
      "rgb_preview": "court-sample-001650/rgb.png",
      "alpha": "court-sample-001650/alpha.npy",
      "alpha_preview": "court-sample-001650/alpha.png",
      "depth": "court-sample-001650/depth.npy"
    },
    {
      "camera_id": "court-sample-001651",
      "request_source": "arbitrary",
      "width": 959,
      "height": 539,
      "rgb": "court-sample-001651/rgb.npy",
      "rgb_preview": "court-sample-001651/rgb.png",
      "alpha": "court-sample-001651/alpha.npy",
      "alpha_preview": "court-sample-001651/alpha.png",
      "depth": "court-sample-001651/depth.npy"
    },
    {
      "camera_id": "court-sample-001652",
      "request_source": "arbitrary",
      "width": 959,
      "height": 539,
      "rgb": "court-sample-001652/rgb.npy",
      "rgb_preview": "court-sample-001652/rgb.png",
      "alpha": "court-sample-001652/alpha.npy",
      "alpha_preview": "court-sample-001652/alpha.png",
      "depth": "court-sample-001652/depth.npy"
    },
    {
      "camera_id": "court-sample-001653",
      "request_source": "arbitrary",
      "width": 959,
      "height": 539,
      "rgb": "court-sample-001653/rgb.npy",
      "rgb_preview": "court-sample-001653/rgb.png",
      "alpha": "court-sample-001653/alpha.npy",
      "alpha_preview": "court-sample-001653/alpha.png",
      "depth": "court-sample-001653/depth.npy"
    },
    {
      "camera_id": "court-sample-001654",
      "request_source": "arbitrary",
      "width": 959,
      "height": 539,
      "rgb": "court-sample-001654/rgb.npy",
      "rgb_preview": "court-sample-001654/rgb.png",
      "alpha": "court-sample-001654/alpha.npy",
      "alpha_preview": "court-sample-001654/alpha.png",
      "depth": "court-sample-001654/depth.npy"
    },
    {
      "camera_id": "court-sample-001655",
      "request_source": "arbitrary",
      "width": 959,
      "height": 539,
      "rgb": "court-sample-001655/rgb.npy",
      "rgb_preview": "court-sample-001655/rgb.png",
      "alpha": "court-sample-001655/alpha.npy",
      "alpha_preview": "court-sample-001655/alpha.png",
      "depth": "court-sample-001655/depth.npy"
    },
    {
      "camera_id": "court-sample-001656",
      "request_source": "arbitrary",
      "width": 959,
      "height": 539,
      "rgb": "court-sample-001656/rgb.npy",
      "rgb_preview": "court-sample-001656/rgb.png",
      "alpha": "court-sample-001656/alpha.npy",
      "alpha_preview": "court-sample-001656/alpha.png",
      "depth": "court-sample-001656/depth.npy"
    },
    {
      "camera_id": "court-sample-001657",
      "request_source": "arbitrary",
      "width": 959,
      "height": 539,
      "rgb": "court-sample-001657/rgb.npy",
      "rgb_preview": "court-sample-001657/rgb.png",
      "alpha": "court-sample-001657/alpha.npy",
      "alpha_preview": "court-sample-001657/alpha.png",
      "depth": "court-sample-001657/depth.npy"
    },
    {
      "camera_id": "court-sample-001658",
      "request_source": "arbitrary",
      "width": 959,
      "height": 539,
      "rgb": "court-sample-001658/rgb.npy",
      "rgb_preview": "court-sample-001658/rgb.png",
      "alpha": "court-sample-001658/alpha.npy",
      "alpha_preview": "court-sample-001658/alpha.png",
      "depth": "court-sample-001658/depth.npy"
    },
    {
      "camera_id": "court-sample-001659",
      "request_source": "arbitrary",
      "width": 959,
      "height": 539,
      "rgb": "court-sample-001659/rgb.npy",
      "rgb_preview": "court-sample-001659/rgb.png",
      "alpha": "court-sample-001659/alpha.npy",
      "alpha_preview": "court-sample-001659/alpha.png",
      "depth": "court-sample-001659/depth.npy"
    },
    {
      "camera_id": "court-sample-001660",
      "request_source": "arbitrary",
      "width": 959,
      "height": 539,
      "rgb": "court-sample-001660/rgb.npy",
      "rgb_preview": "court-sample-001660/rgb.png",
      "alpha": "court-sample-001660/alpha.npy",
      "alpha_preview": "court-sample-001660/alpha.png",
      "depth": "court-sample-001660/depth.npy"
    },
    {
      "camera_id": "court-sample-001661",
      "request_source": "arbitrary",
      "width": 959,
      "height": 539,
      "rgb": "court-sample-001661/rgb.npy",
      "rgb_preview": "court-sample-001661/rgb.png",
      "alpha": "court-sample-001661/alpha.npy",
      "alpha_preview": "court-sample-001661/alpha.png",
      "depth": "court-sample-001661/depth.npy"
    },
    {
      "camera_id": "court-sample-001662",
      "request_source": "arbitrary",
      "width": 959,
      "height": 539,
      "rgb": "court-sample-001662/rgb.npy",
      "rgb_preview": "court-sample-001662/rgb.png",
      "alpha": "court-sample-001662/alpha.npy",
      "alpha_preview": "court-sample-001662/alpha.png",
      "depth": "court-sample-001662/depth.npy"
    },
    {
      "camera_id": "court-sample-001663",
      "request_source": "arbitrary",
      "width": 959,
      "height": 539,
      "rgb": "court-sample-001663/rgb.npy",
      "rgb_preview": "court-sample-001663/rgb.png",
      "alpha": "court-sample-001663/alpha.npy",
      "alpha_preview": "court-sample-001663/alpha.png",
      "depth": "court-sample-001663/depth.npy"
    },
    {
      "camera_id": "court-sample-001664",
      "request_source": "arbitrary",
      "width": 959,
      "height": 539,
      "rgb": "court-sample-001664/rgb.npy",
      "rgb_preview": "court-sample-001664/rgb.png",
      "alpha": "court-sample-001664/alpha.npy",
      "alpha_preview": "court-sample-001664/alpha.png",
      "depth": "court-sample-001664/depth.npy"
    },
    {
      "camera_id": "court-sample-001665",
      "request_source": "arbitrary",
      "width": 959,
      "height": 539,
      "rgb": "court-sample-001665/rgb.npy",
      "rgb_preview": "court-sample-001665/rgb.png",
      "alpha": "court-sample-001665/alpha.npy",
      "alpha_preview": "court-sample-001665/alpha.png",
      "depth": "court-sample-001665/depth.npy"
    },
    {
      "camera_id": "court-sample-001666",
      "request_source": "arbitrary",
      "width": 959,
      "height": 539,
      "rgb": "court-sample-001666/rgb.npy",
      "rgb_preview": "court-sample-001666/rgb.png",
      "alpha": "court-sample-001666/alpha.npy",
      "alpha_preview": "court-sample-001666/alpha.png",
      "depth": "court-sample-001666/depth.npy"
    },
    {
      "camera_id": "court-sample-001667",
      "request_source": "arbitrary",
      "width": 959,
      "height": 539,
      "rgb": "court-sample-001667/rgb.npy",
      "rgb_preview": "court-sample-001667/rgb.png",
      "alpha": "court-sample-001667/alpha.npy",
      "alpha_preview": "court-sample-001667/alpha.png",
      "depth": "court-sample-001667/depth.npy"
    },
    {
      "camera_id": "court-sample-001668",
      "request_source": "arbitrary",
      "width": 959,
      "height": 539,
      "rgb": "court-sample-001668/rgb.npy",
      "rgb_preview": "court-sample-001668/rgb.png",
      "alpha": "court-sample-001668/alpha.npy",
      "alpha_preview": "court-sample-001668/alpha.png",
      "depth": "court-sample-001668/depth.npy"
    },
    {
      "camera_id": "court-sample-001669",
      "request_source": "arbitrary",
      "width": 959,
      "height": 539,
      "rgb": "court-sample-001669/rgb.npy",
      "rgb_preview": "court-sample-001669/rgb.png",
      "alpha": "court-sample-001669/alpha.npy",
      "alpha_preview": "court-sample-001669/alpha.png",
      "depth": "court-sample-001669/depth.npy"
    },
    {
      "camera_id": "court-sample-001670",
      "request_source": "arbitrary",
      "width": 959,
      "height": 539,
      "rgb": "court-sample-001670/rgb.npy",
      "rgb_preview": "court-sample-001670/rgb.png",
      "alpha": "court-sample-001670/alpha.npy",
      "alpha_preview": "court-sample-001670/alpha.png",
      "depth": "court-sample-001670/depth.npy"
    },
    {
      "camera_id": "court-sample-001671",
      "request_source": "arbitrary",
      "width": 959,
      "height": 539,
      "rgb": "court-sample-001671/rgb.npy",
      "rgb_preview": "court-sample-001671/rgb.png",
      "alpha": "court-sample-001671/alpha.npy",
      "alpha_preview": "court-sample-001671/alpha.png",
      "depth": "court-sample-001671/depth.npy"
    },
    {
      "camera_id": "court-sample-001672",
      "request_source": "arbitrary",
      "width": 959,
      "height": 539,
      "rgb": "court-sample-001672/rgb.npy",
      "rgb_preview": "court-sample-001672/rgb.png",
      "alpha": "court-sample-001672/alpha.npy",
      "alpha_preview": "court-sample-001672/alpha.png",
      "depth": "court-sample-001672/depth.npy"
    },
    {
      "camera_id": "court-sample-001673",
      "request_source": "arbitrary",
      "width": 959,
      "height": 539,
      "rgb": "court-sample-001673/rgb.npy",
      "rgb_preview": "court-sample-001673/rgb.png",
      "alpha": "court-sample-001673/alpha.npy",
      "alpha_preview": "court-sample-001673/alpha.png",
      "depth": "court-sample-001673/depth.npy"
    },
    {
      "camera_id": "court-sample-001674",
      "request_source": "arbitrary",
      "width": 959,
      "height": 539,
      "rgb": "court-sample-001674/rgb.npy",
      "rgb_preview": "court-sample-001674/rgb.png",
      "alpha": "court-sample-001674/alpha.npy",
      "alpha_preview": "court-sample-001674/alpha.png",
      "depth": "court-sample-001674/depth.npy"
    },
    {
      "camera_id": "court-sample-001675",
      "request_source": "arbitrary",
      "width": 959,
      "height": 539,
      "rgb": "court-sample-001675/rgb.npy",
      "rgb_preview": "court-sample-001675/rgb.png",
      "alpha": "court-sample-001675/alpha.npy",
      "alpha_preview": "court-sample-001675/alpha.png",
      "depth": "court-sample-001675/depth.npy"
    },
    {
      "camera_id": "court-sample-001676",
      "request_source": "arbitrary",
      "width": 959,
      "height": 539,
      "rgb": "court-sample-001676/rgb.npy",
      "rgb_preview": "court-sample-001676/rgb.png",
      "alpha": "court-sample-001676/alpha.npy",
      "alpha_preview": "court-sample-001676/alpha.png",
      "depth": "court-sample-001676/depth.npy"
    },
    {
      "camera_id": "court-sample-001677",
      "request_source": "arbitrary",
      "width": 959,
      "height": 539,
      "rgb": "court-sample-001677/rgb.npy",
      "rgb_preview": "court-sample-001677/rgb.png",
      "alpha": "court-sample-001677/alpha.npy",
      "alpha_preview": "court-sample-001677/alpha.png",
      "depth": "court-sample-001677/depth.npy"
    },
    {
      "camera_id": "court-sample-001678",
      "request_source": "arbitrary",
      "width": 959,
      "height": 539,
      "rgb": "court-sample-001678/rgb.npy",
      "rgb_preview": "court-sample-001678/rgb.png",
      "alpha": "court-sample-001678/alpha.npy",
      "alpha_preview": "court-sample-001678/alpha.png",
      "depth": "court-sample-001678/depth.npy"
    },
    {
      "camera_id": "court-sample-001679",
      "request_source": "arbitrary",
      "width": 959,
      "height": 539,
      "rgb": "court-sample-001679/rgb.npy",
      "rgb_preview": "court-sample-001679/rgb.png",
      "alpha": "court-sample-001679/alpha.npy",
      "alpha_preview": "court-sample-001679/alpha.png",
      "depth": "court-sample-001679/depth.npy"
    },
    {
      "camera_id": "court-sample-001680",
      "request_source": "arbitrary",
      "width": 959,
      "height": 539,
      "rgb": "court-sample-001680/rgb.npy",
      "rgb_preview": "court-sample-001680/rgb.png",
      "alpha": "court-sample-001680/alpha.npy",
      "alpha_preview": "court-sample-001680/alpha.png",
      "depth": "court-sample-001680/depth.npy"
    },
    {
      "camera_id": "court-sample-001681",
      "request_source": "arbitrary",
      "width": 959,
      "height": 539,
      "rgb": "court-sample-001681/rgb.npy",
      "rgb_preview": "court-sample-001681/rgb.png",
      "alpha": "court-sample-001681/alpha.npy",
      "alpha_preview": "court-sample-001681/alpha.png",
      "depth": "court-sample-001681/depth.npy"
    },
    {
      "camera_id": "court-sample-001682",
      "request_source": "arbitrary",
      "width": 959,
      "height": 539,
      "rgb": "court-sample-001682/rgb.npy",
      "rgb_preview": "court-sample-001682/rgb.png",
      "alpha": "court-sample-001682/alpha.npy",
      "alpha_preview": "court-sample-001682/alpha.png",
      "depth": "court-sample-001682/depth.npy"
    },
    {
      "camera_id": "court-sample-001683",
      "request_source": "arbitrary",
      "width": 959,
      "height": 539,
      "rgb": "court-sample-001683/rgb.npy",
      "rgb_preview": "court-sample-001683/rgb.png",
      "alpha": "court-sample-001683/alpha.npy",
      "alpha_preview": "court-sample-001683/alpha.png",
      "depth": "court-sample-001683/depth.npy"
    },
    {
      "camera_id": "court-sample-001684",
      "request_source": "arbitrary",
      "width": 959,
      "height": 539,
      "rgb": "court-sample-001684/rgb.npy",
      "rgb_preview": "court-sample-001684/rgb.png",
      "alpha": "court-sample-001684/alpha.npy",
      "alpha_preview": "court-sample-001684/alpha.png",
      "depth": "court-sample-001684/depth.npy"
    },
    {
      "camera_id": "court-sample-001685",
      "request_source": "arbitrary",
      "width": 959,
      "height": 539,
      "rgb": "court-sample-001685/rgb.npy",
      "rgb_preview": "court-sample-001685/rgb.png",
      "alpha": "court-sample-001685/alpha.npy",
      "alpha_preview": "court-sample-001685/alpha.png",
      "depth": "court-sample-001685/depth.npy"
    },
    {
      "camera_id": "court-sample-001686",
      "request_source": "arbitrary",
      "width": 959,
      "height": 539,
      "rgb": "court-sample-001686/rgb.npy",
      "rgb_preview": "court-sample-001686/rgb.png",
      "alpha": "court-sample-001686/alpha.npy",
      "alpha_preview": "court-sample-001686/alpha.png",
      "depth": "court-sample-001686/depth.npy"
    },
    {
      "camera_id": "court-sample-001687",
      "request_source": "arbitrary",
      "width": 959,
      "height": 539,
      "rgb": "court-sample-001687/rgb.npy",
      "rgb_preview": "court-sample-001687/rgb.png",
      "alpha": "court-sample-001687/alpha.npy",
      "alpha_preview": "court-sample-001687/alpha.png",
      "depth": "court-sample-001687/depth.npy"
    }
  ]
}
  View encoding: sh, dim=9
  View encoding: sh, dim=9
  View encoding: sh, dim=9
  View encoding: sh, dim=9
  View encoding: sh, dim=9
  View encoding: sh, dim=9
  View encoding: sh, dim=9
  View encoding: sh, dim=9
  View encoding: sh, dim=9
  View encoding: sh, dim=9
  View encoding: sh, dim=9
  View encoding: sh, dim=9
  View encoding: sh, dim=9
  View encoding: sh, dim=9
  View encoding: sh, dim=9
  View encoding: sh, dim=9
  View encoding: sh, dim=9
  View encoding: sh, dim=9
  View encoding: sh, dim=9
  View encoding: sh, dim=9
  View encoding: sh, dim=9
  View encoding: sh, dim=9
  View encoding: sh, dim=9
  View encoding: sh, dim=9
  View encoding: sh, dim=9
  View encoding: sh, dim=9
  View encoding: sh, dim=9
  View encoding: sh, dim=9
  View encoding: sh, dim=9
  View encoding: sh, dim=9
  View encoding: sh, dim=9
  View encoding: sh, dim=9
  View encoding: sh, dim=9
  View encoding: sh, dim=9
  View encoding: sh, dim=9
  View encoding: sh, dim=9
  View encoding: sh, dim=9
  View encoding: sh, dim=9
  View encoding: sh, dim=9
  View encoding: sh, dim=9
  View encoding: sh, dim=9
  View encoding: sh, dim=9
  View encoding: sh, dim=9
  View encoding: sh, dim=9
  View encoding: sh, dim=9
  View encoding: sh, dim=9
  View encoding: sh, dim=9
  View encoding: sh, dim=9
  View encoding: sh, dim=9
  View encoding: sh, dim=9
  View encoding: sh, dim=9
  View encoding: sh, dim=9
  View encoding: sh, dim=9
  View encoding: sh, dim=9
  View encoding: sh, dim=9
  View encoding: sh, dim=9
  View encoding: sh, dim=9
  View encoding: sh, dim=9
  View encoding: sh, dim=9
  View encoding: sh, dim=9
  View encoding: sh, dim=9
  View encoding: sh, dim=9
  View encoding: sh, dim=9
  View encoding: sh, dim=9
  View encoding: sh, dim=9
  View encoding: sh, dim=9
  View encoding: sh, dim=9
  View encoding: sh, dim=9
  View encoding: sh, dim=9
  View encoding: sh, dim=9
  View encoding: sh, dim=9
  View encoding: sh, dim=9
  View encoding: sh, dim=9
  View encoding: sh, dim=9
  View encoding: sh, dim=9
  View encoding: sh, dim=9
  View encoding: sh, dim=9
  View encoding: sh, dim=9
  View encoding: sh, dim=9
  View encoding: sh, dim=9
  View encoding: sh, dim=9
  View encoding: sh, dim=9
  View encoding: sh, dim=9
  View encoding: sh, dim=9
  View encoding: sh, dim=9
  View encoding: sh, dim=9
  View encoding: sh, dim=9
  View encoding: sh, dim=9
  View encoding: sh, dim=9
  View encoding: sh, dim=9
  View encoding: sh, dim=9
  View encoding: sh, dim=9
  View encoding: sh, dim=9
  View encoding: sh, dim=9
  View encoding: sh, dim=9
  View encoding: sh, dim=9
  View encoding: sh, dim=9
  View encoding: sh, dim=9
  View encoding: sh, dim=9
  View encoding: sh, dim=9
  View encoding: sh, dim=9
  View encoding: sh, dim=9
  View encoding: sh, dim=9
  View encoding: sh, dim=9
  View encoding: sh, dim=9
  View encoding: sh, dim=9
  View encoding: sh, dim=9
  View encoding: sh, dim=9
  View encoding: sh, dim=9
  View encoding: sh, dim=9
  View encoding: sh, dim=9
  View encoding: sh, dim=9
  View encoding: sh, dim=9
  View encoding: sh, dim=9
  View encoding: sh, dim=9
  View encoding: sh, dim=9
  View encoding: sh, dim=9
  View encoding: sh, dim=9
  View encoding: sh, dim=9
  View encoding: sh, dim=9
  View encoding: sh, dim=9
  View encoding: sh, dim=9
  View encoding: sh, dim=9
  View encoding: sh, dim=9
  View encoding: sh, dim=9
  View encoding: sh, dim=9
  View encoding: sh, dim=9
  View encoding: sh, dim=9
  View encoding: sh, dim=9
  View encoding: sh, dim=9
  View encoding: sh, dim=9
  View encoding: sh, dim=9
  View encoding: sh, dim=9
  View encoding: sh, dim=9
  View encoding: sh, dim=9
  View encoding: sh, dim=9
  View encoding: sh, dim=9
  View encoding: sh, dim=9
  View encoding: sh, dim=9
  View encoding: sh, dim=9
  View encoding: sh, dim=9
  View encoding: sh, dim=9
  View encoding: sh, dim=9
  View encoding: sh, dim=9
  View encoding: sh, dim=9
  View encoding: sh, dim=9
  View encoding: sh, dim=9
  View encoding: sh, dim=9
  View encoding: sh, dim=9
  View encoding: sh, dim=9
  View encoding: sh, dim=9
  View encoding: sh, dim=9
  View encoding: sh, dim=9
  View encoding: sh, dim=9
  View encoding: sh, dim=9
  View encoding: sh, dim=9
  View encoding: sh, dim=9
  View encoding: sh, dim=9
  View encoding: sh, dim=9
  View encoding: sh, dim=9
  View encoding: sh, dim=9
  View encoding: sh, dim=9
  View encoding: sh, dim=9
  View encoding: sh, dim=9
  View encoding: sh, dim=9
  View encoding: sh, dim=9
  View encoding: sh, dim=9
  View encoding: sh, dim=9
  View encoding: sh, dim=9
  View encoding: sh, dim=9
  View encoding: sh, dim=9
  View encoding: sh, dim=9
  View encoding: sh, dim=9
  View encoding: sh, dim=9
  View encoding: sh, dim=9
  View encoding: sh, dim=9
  View encoding: sh, dim=9
  View encoding: sh, dim=9
  View encoding: sh, dim=9
  View encoding: sh, dim=9
  View encoding: sh, dim=9
  View encoding: sh, dim=9
  View encoding: sh, dim=9
  View encoding: sh, dim=9
  View encoding: sh, dim=9
  View encoding: sh, dim=9
  View encoding: sh, dim=9
  View encoding: sh, dim=9
  View encoding: sh, dim=9
  View encoding: sh, dim=9
  View encoding: sh, dim=9
  View encoding: sh, dim=9
  View encoding: sh, dim=9
  View encoding: sh, dim=9
  View encoding: sh, dim=9
  View encoding: sh, dim=9
  View encoding: sh, dim=9
  View encoding: sh, dim=9
  View encoding: sh, dim=9
  View encoding: sh, dim=9
  View encoding: sh, dim=9
  View encoding: sh, dim=9
  View encoding: sh, dim=9
  View encoding: sh, dim=9
  View encoding: sh, dim=9
  View encoding: sh, dim=9
  View encoding: sh, dim=9
  View encoding: sh, dim=9
  View encoding: sh, dim=9
  View encoding: sh, dim=9
  View encoding: sh, dim=9
  View encoding: sh, dim=9
  View encoding: sh, dim=9
  View encoding: sh, dim=9
  View encoding: sh, dim=9
  View encoding: sh, dim=9
  View encoding: sh, dim=9
  View encoding: sh, dim=9
  View encoding: sh, dim=9
  View encoding: sh, dim=9
  View encoding: sh, dim=9
  View encoding: sh, dim=9
  View encoding: sh, dim=9
  View encoding: sh, dim=9
  View encoding: sh, dim=9
  View encoding: sh, dim=9
  View encoding: sh, dim=9
  View encoding: sh, dim=9
  View encoding: sh, dim=9
  View encoding: sh, dim=9
  View encoding: sh, dim=9
  View encoding: sh, dim=9
  View encoding: sh, dim=9
  View encoding: sh, dim=9
  View encoding: sh, dim=9
  View encoding: sh, dim=9
  View encoding: sh, dim=9
  View encoding: sh, dim=9
  View encoding: sh, dim=9
  View encoding: sh, dim=9
  View encoding: sh, dim=9
  View encoding: sh, dim=9
  View encoding: sh, dim=9
  View encoding: sh, dim=9
  View encoding: sh, dim=9
  View encoding: sh, dim=9
  View encoding: sh, dim=9
  View encoding: sh, dim=9
  View encoding: sh, dim=9
  View encoding: sh, dim=9
  View encoding: sh, dim=9
  View encoding: sh, dim=9
  View encoding: sh, dim=9
  View encoding: sh, dim=9
  View encoding: sh, dim=9
  View encoding: sh, dim=9
  View encoding: sh, dim=9
  View encoding: sh, dim=9
  View encoding: sh, dim=9
  View encoding: sh, dim=9
  View encoding: sh, dim=9
  View encoding: sh, dim=9
  View encoding: sh, dim=9
  View encoding: sh, dim=9
  View encoding: sh, dim=9
  View encoding: sh, dim=9
  View encoding: sh, dim=9
  View encoding: sh, dim=9
  View encoding: sh, dim=9
  View encoding: sh, dim=9
  View encoding: sh, dim=9
  View encoding: sh, dim=9
{
  "schema": "nht_render_result_v1",
  "scene_schema": "nht_standard_scene_v1",
  "scene_id": "B02",
  "coordinate_space": "canonical NHT scene space",
  "export_validation": {
    "schema": "nht_standard_scene_v1",
    "camera_count": 157,
    "point_count": 56620,
    "checks": [
      "schema_and_conventions",
      "finite_float32_points",
      "normalized_point_colors",
      "unique_camera_and_image_ids",
      "positive_intrinsics",
      "proper_orthonormal_rotations",
      "camera_image_resolution",
      "nht_checkpoint",
      "canonical_scene_transform_inverse",
      "effective_undistorted_training_cameras",
      "stable_render_boundary",
      "contained_export_references",
      "production_renderer_envelope"
    ],
    "valid": true
  },
  "renders": [
    {
      "camera_id": "court-sample-000042",
      "request_source": "arbitrary",
      "width": 959,
      "height": 539,
      "rgb": "court-sample-000042/rgb.npy",
      "rgb_preview": "court-sample-000042/rgb.png",
      "alpha": "court-sample-000042/alpha.npy",
      "alpha_preview": "court-sample-000042/alpha.png",
      "depth": "court-sample-000042/depth.npy"
    },
    {
      "camera_id": "court-sample-000043",
      "request_source": "arbitrary",
      "width": 959,
      "height": 539,
      "rgb": "court-sample-000043/rgb.npy",
      "rgb_preview": "court-sample-000043/rgb.png",
      "alpha": "court-sample-000043/alpha.npy",
      "alpha_preview": "court-sample-000043/alpha.png",
      "depth": "court-sample-000043/depth.npy"
    },
    {
      "camera_id": "court-sample-000045",
      "request_source": "arbitrary",
      "width": 959,
      "height": 539,
      "rgb": "court-sample-000045/rgb.npy",
      "rgb_preview": "court-sample-000045/rgb.png",
      "alpha": "court-sample-000045/alpha.npy",
      "alpha_preview": "court-sample-000045/alpha.png",
      "depth": "court-sample-000045/depth.npy"
    },
    {
      "camera_id": "court-sample-000046",
      "request_source": "arbitrary",
      "width": 959,
      "height": 539,
      "rgb": "court-sample-000046/rgb.npy",
      "rgb_preview": "court-sample-000046/rgb.png",
      "alpha": "court-sample-000046/alpha.npy",
      "alpha_preview": "court-sample-000046/alpha.png",
      "depth": "court-sample-000046/depth.npy"
    },
    {
      "camera_id": "court-sample-000047",
      "request_source": "arbitrary",
      "width": 959,
      "height": 539,
      "rgb": "court-sample-000047/rgb.npy",
      "rgb_preview": "court-sample-000047/rgb.png",
      "alpha": "court-sample-000047/alpha.npy",
      "alpha_preview": "court-sample-000047/alpha.png",
      "depth": "court-sample-000047/depth.npy"
    },
    {
      "camera_id": "court-sample-000048",
      "request_source": "arbitrary",
      "width": 959,
      "height": 539,
      "rgb": "court-sample-000048/rgb.npy",
      "rgb_preview": "court-sample-000048/rgb.png",
      "alpha": "court-sample-000048/alpha.npy",
      "alpha_preview": "court-sample-000048/alpha.png",
      "depth": "court-sample-000048/depth.npy"
    },
    {
      "camera_id": "court-sample-000049",
      "request_source": "arbitrary",
      "width": 959,
      "height": 539,
      "rgb": "court-sample-000049/rgb.npy",
      "rgb_preview": "court-sample-000049/rgb.png",
      "alpha": "court-sample-000049/alpha.npy",
      "alpha_preview": "court-sample-000049/alpha.png",
      "depth": "court-sample-000049/depth.npy"
    },
    {
      "camera_id": "court-sample-000051",
      "request_source": "arbitrary",
      "width": 959,
      "height": 539,
      "rgb": "court-sample-000051/rgb.npy",
      "rgb_preview": "court-sample-000051/rgb.png",
      "alpha": "court-sample-000051/alpha.npy",
      "alpha_preview": "court-sample-000051/alpha.png",
      "depth": "court-sample-000051/depth.npy"
    },
    {
      "camera_id": "court-sample-000052",
      "request_source": "arbitrary",
      "width": 959,
      "height": 539,
      "rgb": "court-sample-000052/rgb.npy",
      "rgb_preview": "court-sample-000052/rgb.png",
      "alpha": "court-sample-000052/alpha.npy",
      "alpha_preview": "court-sample-000052/alpha.png",
      "depth": "court-sample-000052/depth.npy"
    },
    {
      "camera_id": "court-sample-000053",
      "request_source": "arbitrary",
      "width": 959,
      "height": 539,
      "rgb": "court-sample-000053/rgb.npy",
      "rgb_preview": "court-sample-000053/rgb.png",
      "alpha": "court-sample-000053/alpha.npy",
      "alpha_preview": "court-sample-000053/alpha.png",
      "depth": "court-sample-000053/depth.npy"
    },
    {
      "camera_id": "court-sample-000054",
      "request_source": "arbitrary",
      "width": 959,
      "height": 539,
      "rgb": "court-sample-000054/rgb.npy",
      "rgb_preview": "court-sample-000054/rgb.png",
      "alpha": "court-sample-000054/alpha.npy",
      "alpha_preview": "court-sample-000054/alpha.png",
      "depth": "court-sample-000054/depth.npy"
    },
    {
      "camera_id": "court-sample-000055",
      "request_source": "arbitrary",
      "width": 959,
      "height": 539,
      "rgb": "court-sample-000055/rgb.npy",
      "rgb_preview": "court-sample-000055/rgb.png",
      "alpha": "court-sample-000055/alpha.npy",
      "alpha_preview": "court-sample-000055/alpha.png",
      "depth": "court-sample-000055/depth.npy"
    },
    {
      "camera_id": "court-sample-000056",
      "request_source": "arbitrary",
      "width": 959,
      "height": 539,
      "rgb": "court-sample-000056/rgb.npy",
      "rgb_preview": "court-sample-000056/rgb.png",
      "alpha": "court-sample-000056/alpha.npy",
      "alpha_preview": "court-sample-000056/alpha.png",
      "depth": "court-sample-000056/depth.npy"
    },
    {
      "camera_id": "court-sample-000057",
      "request_source": "arbitrary",
      "width": 959,
      "height": 539,
      "rgb": "court-sample-000057/rgb.npy",
      "rgb_preview": "court-sample-000057/rgb.png",
      "alpha": "court-sample-000057/alpha.npy",
      "alpha_preview": "court-sample-000057/alpha.png",
      "depth": "court-sample-000057/depth.npy"
    },
    {
      "camera_id": "court-sample-000058",
      "request_source": "arbitrary",
      "width": 959,
      "height": 539,
      "rgb": "court-sample-000058/rgb.npy",
      "rgb_preview": "court-sample-000058/rgb.png",
      "alpha": "court-sample-000058/alpha.npy",
      "alpha_preview": "court-sample-000058/alpha.png",
      "depth": "court-sample-000058/depth.npy"
    },
    {
      "camera_id": "court-sample-000059",
      "request_source": "arbitrary",
      "width": 959,
      "height": 539,
      "rgb": "court-sample-000059/rgb.npy",
      "rgb_preview": "court-sample-000059/rgb.png",
      "alpha": "court-sample-000059/alpha.npy",
      "alpha_preview": "court-sample-000059/alpha.png",
      "depth": "court-sample-000059/depth.npy"
    },
    {
      "camera_id": "court-sample-000060",
      "request_source": "arbitrary",
      "width": 959,
      "height": 539,
      "rgb": "court-sample-000060/rgb.npy",
      "rgb_preview": "court-sample-000060/rgb.png",
      "alpha": "court-sample-000060/alpha.npy",
      "alpha_preview": "court-sample-000060/alpha.png",
      "depth": "court-sample-000060/depth.npy"
    },
    {
      "camera_id": "court-sample-000061",
      "request_source": "arbitrary",
      "width": 959,
      "height": 539,
      "rgb": "court-sample-000061/rgb.npy",
      "rgb_preview": "court-sample-000061/rgb.png",
      "alpha": "court-sample-000061/alpha.npy",
      "alpha_preview": "court-sample-000061/alpha.png",
      "depth": "court-sample-000061/depth.npy"
    },
    {
      "camera_id": "court-sample-000062",
      "request_source": "arbitrary",
      "width": 959,
      "height": 539,
      "rgb": "court-sample-000062/rgb.npy",
      "rgb_preview": "court-sample-000062/rgb.png",
      "alpha": "court-sample-000062/alpha.npy",
      "alpha_preview": "court-sample-000062/alpha.png",
      "depth": "court-sample-000062/depth.npy"
    },
    {
      "camera_id": "court-sample-000063",
      "request_source": "arbitrary",
      "width": 959,
      "height": 539,
      "rgb": "court-sample-000063/rgb.npy",
      "rgb_preview": "court-sample-000063/rgb.png",
      "alpha": "court-sample-000063/alpha.npy",
      "alpha_preview": "court-sample-000063/alpha.png",
      "depth": "court-sample-000063/depth.npy"
    },
    {
      "camera_id": "court-sample-000064",
      "request_source": "arbitrary",
      "width": 959,
      "height": 539,
      "rgb": "court-sample-000064/rgb.npy",
      "rgb_preview": "court-sample-000064/rgb.png",
      "alpha": "court-sample-000064/alpha.npy",
      "alpha_preview": "court-sample-000064/alpha.png",
      "depth": "court-sample-000064/depth.npy"
    },
    {
      "camera_id": "court-sample-000065",
      "request_source": "arbitrary",
      "width": 959,
      "height": 539,
      "rgb": "court-sample-000065/rgb.npy",
      "rgb_preview": "court-sample-000065/rgb.png",
      "alpha": "court-sample-000065/alpha.npy",
      "alpha_preview": "court-sample-000065/alpha.png",
      "depth": "court-sample-000065/depth.npy"
    },
    {
      "camera_id": "court-sample-000066",
      "request_source": "arbitrary",
      "width": 959,
      "height": 539,
      "rgb": "court-sample-000066/rgb.npy",
      "rgb_preview": "court-sample-000066/rgb.png",
      "alpha": "court-sample-000066/alpha.npy",
      "alpha_preview": "court-sample-000066/alpha.png",
      "depth": "court-sample-000066/depth.npy"
    },
    {
      "camera_id": "court-sample-000067",
      "request_source": "arbitrary",
      "width": 959,
      "height": 539,
      "rgb": "court-sample-000067/rgb.npy",
      "rgb_preview": "court-sample-000067/rgb.png",
      "alpha": "court-sample-000067/alpha.npy",
      "alpha_preview": "court-sample-000067/alpha.png",
      "depth": "court-sample-000067/depth.npy"
    },
    {
      "camera_id": "court-sample-000068",
      "request_source": "arbitrary",
      "width": 959,
      "height": 539,
      "rgb": "court-sample-000068/rgb.npy",
      "rgb_preview": "court-sample-000068/rgb.png",
      "alpha": "court-sample-000068/alpha.npy",
      "alpha_preview": "court-sample-000068/alpha.png",
      "depth": "court-sample-000068/depth.npy"
    },
    {
      "camera_id": "court-sample-000069",
      "request_source": "arbitrary",
      "width": 959,
      "height": 539,
      "rgb": "court-sample-000069/rgb.npy",
      "rgb_preview": "court-sample-000069/rgb.png",
      "alpha": "court-sample-000069/alpha.npy",
      "alpha_preview": "court-sample-000069/alpha.png",
      "depth": "court-sample-000069/depth.npy"
    },
    {
      "camera_id": "court-sample-000070",
      "request_source": "arbitrary",
      "width": 959,
      "height": 539,
      "rgb": "court-sample-000070/rgb.npy",
      "rgb_preview": "court-sample-000070/rgb.png",
      "alpha": "court-sample-000070/alpha.npy",
      "alpha_preview": "court-sample-000070/alpha.png",
      "depth": "court-sample-000070/depth.npy"
    },
    {
      "camera_id": "court-sample-000071",
      "request_source": "arbitrary",
      "width": 959,
      "height": 539,
      "rgb": "court-sample-000071/rgb.npy",
      "rgb_preview": "court-sample-000071/rgb.png",
      "alpha": "court-sample-000071/alpha.npy",
      "alpha_preview": "court-sample-000071/alpha.png",
      "depth": "court-sample-000071/depth.npy"
    },
    {
      "camera_id": "court-sample-000072",
      "request_source": "arbitrary",
      "width": 959,
      "height": 539,
      "rgb": "court-sample-000072/rgb.npy",
      "rgb_preview": "court-sample-000072/rgb.png",
      "alpha": "court-sample-000072/alpha.npy",
      "alpha_preview": "court-sample-000072/alpha.png",
      "depth": "court-sample-000072/depth.npy"
    },
    {
      "camera_id": "court-sample-000073",
      "request_source": "arbitrary",
      "width": 959,
      "height": 539,
      "rgb": "court-sample-000073/rgb.npy",
      "rgb_preview": "court-sample-000073/rgb.png",
      "alpha": "court-sample-000073/alpha.npy",
      "alpha_preview": "court-sample-000073/alpha.png",
      "depth": "court-sample-000073/depth.npy"
    },
    {
      "camera_id": "court-sample-000074",
      "request_source": "arbitrary",
      "width": 959,
      "height": 539,
      "rgb": "court-sample-000074/rgb.npy",
      "rgb_preview": "court-sample-000074/rgb.png",
      "alpha": "court-sample-000074/alpha.npy",
      "alpha_preview": "court-sample-000074/alpha.png",
      "depth": "court-sample-000074/depth.npy"
    },
    {
      "camera_id": "court-sample-000075",
      "request_source": "arbitrary",
      "width": 959,
      "height": 539,
      "rgb": "court-sample-000075/rgb.npy",
      "rgb_preview": "court-sample-000075/rgb.png",
      "alpha": "court-sample-000075/alpha.npy",
      "alpha_preview": "court-sample-000075/alpha.png",
      "depth": "court-sample-000075/depth.npy"
    },
    {
      "camera_id": "court-sample-000076",
      "request_source": "arbitrary",
      "width": 959,
      "height": 539,
      "rgb": "court-sample-000076/rgb.npy",
      "rgb_preview": "court-sample-000076/rgb.png",
      "alpha": "court-sample-000076/alpha.npy",
      "alpha_preview": "court-sample-000076/alpha.png",
      "depth": "court-sample-000076/depth.npy"
    },
    {
      "camera_id": "court-sample-000077",
      "request_source": "arbitrary",
      "width": 959,
      "height": 539,
      "rgb": "court-sample-000077/rgb.npy",
      "rgb_preview": "court-sample-000077/rgb.png",
      "alpha": "court-sample-000077/alpha.npy",
      "alpha_preview": "court-sample-000077/alpha.png",
      "depth": "court-sample-000077/depth.npy"
    },
    {
      "camera_id": "court-sample-000078",
      "request_source": "arbitrary",
      "width": 959,
      "height": 539,
      "rgb": "court-sample-000078/rgb.npy",
      "rgb_preview": "court-sample-000078/rgb.png",
      "alpha": "court-sample-000078/alpha.npy",
      "alpha_preview": "court-sample-000078/alpha.png",
      "depth": "court-sample-000078/depth.npy"
    },
    {
      "camera_id": "court-sample-000079",
      "request_source": "arbitrary",
      "width": 959,
      "height": 539,
      "rgb": "court-sample-000079/rgb.npy",
      "rgb_preview": "court-sample-000079/rgb.png",
      "alpha": "court-sample-000079/alpha.npy",
      "alpha_preview": "court-sample-000079/alpha.png",
      "depth": "court-sample-000079/depth.npy"
    },
    {
      "camera_id": "court-sample-000080",
      "request_source": "arbitrary",
      "width": 959,
      "height": 539,
      "rgb": "court-sample-000080/rgb.npy",
      "rgb_preview": "court-sample-000080/rgb.png",
      "alpha": "court-sample-000080/alpha.npy",
      "alpha_preview": "court-sample-000080/alpha.png",
      "depth": "court-sample-000080/depth.npy"
    },
    {
      "camera_id": "court-sample-000081",
      "request_source": "arbitrary",
      "width": 959,
      "height": 539,
      "rgb": "court-sample-000081/rgb.npy",
      "rgb_preview": "court-sample-000081/rgb.png",
      "alpha": "court-sample-000081/alpha.npy",
      "alpha_preview": "court-sample-000081/alpha.png",
      "depth": "court-sample-000081/depth.npy"
    },
    {
      "camera_id": "court-sample-000082",
      "request_source": "arbitrary",
      "width": 959,
      "height": 539,
      "rgb": "court-sample-000082/rgb.npy",
      "rgb_preview": "court-sample-000082/rgb.png",
      "alpha": "court-sample-000082/alpha.npy",
      "alpha_preview": "court-sample-000082/alpha.png",
      "depth": "court-sample-000082/depth.npy"
    },
    {
      "camera_id": "court-sample-000083",
      "request_source": "arbitrary",
      "width": 959,
      "height": 539,
      "rgb": "court-sample-000083/rgb.npy",
      "rgb_preview": "court-sample-000083/rgb.png",
      "alpha": "court-sample-000083/alpha.npy",
      "alpha_preview": "court-sample-000083/alpha.png",
      "depth": "court-sample-000083/depth.npy"
    },
    {
      "camera_id": "court-sample-000084",
      "request_source": "arbitrary",
      "width": 959,
      "height": 539,
      "rgb": "court-sample-000084/rgb.npy",
      "rgb_preview": "court-sample-000084/rgb.png",
      "alpha": "court-sample-000084/alpha.npy",
      "alpha_preview": "court-sample-000084/alpha.png",
      "depth": "court-sample-000084/depth.npy"
    },
    {
      "camera_id": "court-sample-000085",
      "request_source": "arbitrary",
      "width": 959,
      "height": 539,
      "rgb": "court-sample-000085/rgb.npy",
      "rgb_preview": "court-sample-000085/rgb.png",
      "alpha": "court-sample-000085/alpha.npy",
      "alpha_preview": "court-sample-000085/alpha.png",
      "depth": "court-sample-000085/depth.npy"
    },
    {
      "camera_id": "court-sample-000086",
      "request_source": "arbitrary",
      "width": 959,
      "height": 539,
      "rgb": "court-sample-000086/rgb.npy",
      "rgb_preview": "court-sample-000086/rgb.png",
      "alpha": "court-sample-000086/alpha.npy",
      "alpha_preview": "court-sample-000086/alpha.png",
      "depth": "court-sample-000086/depth.npy"
    },
    {
      "camera_id": "court-sample-000087",
      "request_source": "arbitrary",
      "width": 959,
      "height": 539,
      "rgb": "court-sample-000087/rgb.npy",
      "rgb_preview": "court-sample-000087/rgb.png",
      "alpha": "court-sample-000087/alpha.npy",
      "alpha_preview": "court-sample-000087/alpha.png",
      "depth": "court-sample-000087/depth.npy"
    },
    {
      "camera_id": "court-sample-000313",
      "request_source": "arbitrary",
      "width": 959,
      "height": 539,
      "rgb": "court-sample-000313/rgb.npy",
      "rgb_preview": "court-sample-000313/rgb.png",
      "alpha": "court-sample-000313/alpha.npy",
      "alpha_preview": "court-sample-000313/alpha.png",
      "depth": "court-sample-000313/depth.npy"
    },
    {
      "camera_id": "court-sample-000314",
      "request_source": "arbitrary",
      "width": 959,
      "height": 539,
      "rgb": "court-sample-000314/rgb.npy",
      "rgb_preview": "court-sample-000314/rgb.png",
      "alpha": "court-sample-000314/alpha.npy",
      "alpha_preview": "court-sample-000314/alpha.png",
      "depth": "court-sample-000314/depth.npy"
    },
    {
      "camera_id": "court-sample-000315",
      "request_source": "arbitrary",
      "width": 959,
      "height": 539,
      "rgb": "court-sample-000315/rgb.npy",
      "rgb_preview": "court-sample-000315/rgb.png",
      "alpha": "court-sample-000315/alpha.npy",
      "alpha_preview": "court-sample-000315/alpha.png",
      "depth": "court-sample-000315/depth.npy"
    },
    {
      "camera_id": "court-sample-000316",
      "request_source": "arbitrary",
      "width": 959,
      "height": 539,
      "rgb": "court-sample-000316/rgb.npy",
      "rgb_preview": "court-sample-000316/rgb.png",
      "alpha": "court-sample-000316/alpha.npy",
      "alpha_preview": "court-sample-000316/alpha.png",
      "depth": "court-sample-000316/depth.npy"
    },
    {
      "camera_id": "court-sample-000317",
      "request_source": "arbitrary",
      "width": 959,
      "height": 539,
      "rgb": "court-sample-000317/rgb.npy",
      "rgb_preview": "court-sample-000317/rgb.png",
      "alpha": "court-sample-000317/alpha.npy",
      "alpha_preview": "court-sample-000317/alpha.png",
      "depth": "court-sample-000317/depth.npy"
    },
    {
      "camera_id": "court-sample-000318",
      "request_source": "arbitrary",
      "width": 959,
      "height": 539,
      "rgb": "court-sample-000318/rgb.npy",
      "rgb_preview": "court-sample-000318/rgb.png",
      "alpha": "court-sample-000318/alpha.npy",
      "alpha_preview": "court-sample-000318/alpha.png",
      "depth": "court-sample-000318/depth.npy"
    },
    {
      "camera_id": "court-sample-000319",
      "request_source": "arbitrary",
      "width": 959,
      "height": 539,
      "rgb": "court-sample-000319/rgb.npy",
      "rgb_preview": "court-sample-000319/rgb.png",
      "alpha": "court-sample-000319/alpha.npy",
      "alpha_preview": "court-sample-000319/alpha.png",
      "depth": "court-sample-000319/depth.npy"
    },
    {
      "camera_id": "court-sample-000320",
      "request_source": "arbitrary",
      "width": 959,
      "height": 539,
      "rgb": "court-sample-000320/rgb.npy",
      "rgb_preview": "court-sample-000320/rgb.png",
      "alpha": "court-sample-000320/alpha.npy",
      "alpha_preview": "court-sample-000320/alpha.png",
      "depth": "court-sample-000320/depth.npy"
    },
    {
      "camera_id": "court-sample-000321",
      "request_source": "arbitrary",
      "width": 959,
      "height": 539,
      "rgb": "court-sample-000321/rgb.npy",
      "rgb_preview": "court-sample-000321/rgb.png",
      "alpha": "court-sample-000321/alpha.npy",
      "alpha_preview": "court-sample-000321/alpha.png",
      "depth": "court-sample-000321/depth.npy"
    },
    {
      "camera_id": "court-sample-000322",
      "request_source": "arbitrary",
      "width": 959,
      "height": 539,
      "rgb": "court-sample-000322/rgb.npy",
      "rgb_preview": "court-sample-000322/rgb.png",
      "alpha": "court-sample-000322/alpha.npy",
      "alpha_preview": "court-sample-000322/alpha.png",
      "depth": "court-sample-000322/depth.npy"
    },
    {
      "camera_id": "court-sample-000323",
      "request_source": "arbitrary",
      "width": 959,
      "height": 539,
      "rgb": "court-sample-000323/rgb.npy",
      "rgb_preview": "court-sample-000323/rgb.png",
      "alpha": "court-sample-000323/alpha.npy",
      "alpha_preview": "court-sample-000323/alpha.png",
      "depth": "court-sample-000323/depth.npy"
    },
    {
      "camera_id": "court-sample-000324",
      "request_source": "arbitrary",
      "width": 959,
      "height": 539,
      "rgb": "court-sample-000324/rgb.npy",
      "rgb_preview": "court-sample-000324/rgb.png",
      "alpha": "court-sample-000324/alpha.npy",
      "alpha_preview": "court-sample-000324/alpha.png",
      "depth": "court-sample-000324/depth.npy"
    },
    {
      "camera_id": "court-sample-000325",
      "request_source": "arbitrary",
      "width": 959,
      "height": 539,
      "rgb": "court-sample-000325/rgb.npy",
      "rgb_preview": "court-sample-000325/rgb.png",
      "alpha": "court-sample-000325/alpha.npy",
      "alpha_preview": "court-sample-000325/alpha.png",
      "depth": "court-sample-000325/depth.npy"
    },
    {
      "camera_id": "court-sample-000326",
      "request_source": "arbitrary",
      "width": 959,
      "height": 539,
      "rgb": "court-sample-000326/rgb.npy",
      "rgb_preview": "court-sample-000326/rgb.png",
      "alpha": "court-sample-000326/alpha.npy",
      "alpha_preview": "court-sample-000326/alpha.png",
      "depth": "court-sample-000326/depth.npy"
    },
    {
      "camera_id": "court-sample-000327",
      "request_source": "arbitrary",
      "width": 959,
      "height": 539,
      "rgb": "court-sample-000327/rgb.npy",
      "rgb_preview": "court-sample-000327/rgb.png",
      "alpha": "court-sample-000327/alpha.npy",
      "alpha_preview": "court-sample-000327/alpha.png",
      "depth": "court-sample-000327/depth.npy"
    },
    {
      "camera_id": "court-sample-000328",
      "request_source": "arbitrary",
      "width": 959,
      "height": 539,
      "rgb": "court-sample-000328/rgb.npy",
      "rgb_preview": "court-sample-000328/rgb.png",
      "alpha": "court-sample-000328/alpha.npy",
      "alpha_preview": "court-sample-000328/alpha.png",
      "depth": "court-sample-000328/depth.npy"
    },
    {
      "camera_id": "court-sample-000329",
      "request_source": "arbitrary",
      "width": 959,
      "height": 539,
      "rgb": "court-sample-000329/rgb.npy",
      "rgb_preview": "court-sample-000329/rgb.png",
      "alpha": "court-sample-000329/alpha.npy",
      "alpha_preview": "court-sample-000329/alpha.png",
      "depth": "court-sample-000329/depth.npy"
    },
    {
      "camera_id": "court-sample-000330",
      "request_source": "arbitrary",
      "width": 959,
      "height": 539,
      "rgb": "court-sample-000330/rgb.npy",
      "rgb_preview": "court-sample-000330/rgb.png",
      "alpha": "court-sample-000330/alpha.npy",
      "alpha_preview": "court-sample-000330/alpha.png",
      "depth": "court-sample-000330/depth.npy"
    },
    {
      "camera_id": "court-sample-000331",
      "request_source": "arbitrary",
      "width": 959,
      "height": 539,
      "rgb": "court-sample-000331/rgb.npy",
      "rgb_preview": "court-sample-000331/rgb.png",
      "alpha": "court-sample-000331/alpha.npy",
      "alpha_preview": "court-sample-000331/alpha.png",
      "depth": "court-sample-000331/depth.npy"
    },
    {
      "camera_id": "court-sample-000332",
      "request_source": "arbitrary",
      "width": 959,
      "height": 539,
      "rgb": "court-sample-000332/rgb.npy",
      "rgb_preview": "court-sample-000332/rgb.png",
      "alpha": "court-sample-000332/alpha.npy",
      "alpha_preview": "court-sample-000332/alpha.png",
      "depth": "court-sample-000332/depth.npy"
    },
    {
      "camera_id": "court-sample-000333",
      "request_source": "arbitrary",
      "width": 959,
      "height": 539,
      "rgb": "court-sample-000333/rgb.npy",
      "rgb_preview": "court-sample-000333/rgb.png",
      "alpha": "court-sample-000333/alpha.npy",
      "alpha_preview": "court-sample-000333/alpha.png",
      "depth": "court-sample-000333/depth.npy"
    },
    {
      "camera_id": "court-sample-000334",
      "request_source": "arbitrary",
      "width": 959,
      "height": 539,
      "rgb": "court-sample-000334/rgb.npy",
      "rgb_preview": "court-sample-000334/rgb.png",
      "alpha": "court-sample-000334/alpha.npy",
      "alpha_preview": "court-sample-000334/alpha.png",
      "depth": "court-sample-000334/depth.npy"
    },
    {
      "camera_id": "court-sample-000337",
      "request_source": "arbitrary",
      "width": 959,
      "height": 539,
      "rgb": "court-sample-000337/rgb.npy",
      "rgb_preview": "court-sample-000337/rgb.png",
      "alpha": "court-sample-000337/alpha.npy",
      "alpha_preview": "court-sample-000337/alpha.png",
      "depth": "court-sample-000337/depth.npy"
    },
    {
      "camera_id": "court-sample-000338",
      "request_source": "arbitrary",
      "width": 959,
      "height": 539,
      "rgb": "court-sample-000338/rgb.npy",
      "rgb_preview": "court-sample-000338/rgb.png",
      "alpha": "court-sample-000338/alpha.npy",
      "alpha_preview": "court-sample-000338/alpha.png",
      "depth": "court-sample-000338/depth.npy"
    },
    {
      "camera_id": "court-sample-000339",
      "request_source": "arbitrary",
      "width": 959,
      "height": 539,
      "rgb": "court-sample-000339/rgb.npy",
      "rgb_preview": "court-sample-000339/rgb.png",
      "alpha": "court-sample-000339/alpha.npy",
      "alpha_preview": "court-sample-000339/alpha.png",
      "depth": "court-sample-000339/depth.npy"
    },
    {
      "camera_id": "court-sample-000340",
      "request_source": "arbitrary",
      "width": 959,
      "height": 539,
      "rgb": "court-sample-000340/rgb.npy",
      "rgb_preview": "court-sample-000340/rgb.png",
      "alpha": "court-sample-000340/alpha.npy",
      "alpha_preview": "court-sample-000340/alpha.png",
      "depth": "court-sample-000340/depth.npy"
    },
    {
      "camera_id": "court-sample-000341",
      "request_source": "arbitrary",
      "width": 959,
      "height": 539,
      "rgb": "court-sample-000341/rgb.npy",
      "rgb_preview": "court-sample-000341/rgb.png",
      "alpha": "court-sample-000341/alpha.npy",
      "alpha_preview": "court-sample-000341/alpha.png",
      "depth": "court-sample-000341/depth.npy"
    },
    {
      "camera_id": "court-sample-000342",
      "request_source": "arbitrary",
      "width": 959,
      "height": 539,
      "rgb": "court-sample-000342/rgb.npy",
      "rgb_preview": "court-sample-000342/rgb.png",
      "alpha": "court-sample-000342/alpha.npy",
      "alpha_preview": "court-sample-000342/alpha.png",
      "depth": "court-sample-000342/depth.npy"
    },
    {
      "camera_id": "court-sample-000343",
      "request_source": "arbitrary",
      "width": 959,
      "height": 539,
      "rgb": "court-sample-000343/rgb.npy",
      "rgb_preview": "court-sample-000343/rgb.png",
      "alpha": "court-sample-000343/alpha.npy",
      "alpha_preview": "court-sample-000343/alpha.png",
      "depth": "court-sample-000343/depth.npy"
    },
    {
      "camera_id": "court-sample-000344",
      "request_source": "arbitrary",
      "width": 959,
      "height": 539,
      "rgb": "court-sample-000344/rgb.npy",
      "rgb_preview": "court-sample-000344/rgb.png",
      "alpha": "court-sample-000344/alpha.npy",
      "alpha_preview": "court-sample-000344/alpha.png",
      "depth": "court-sample-000344/depth.npy"
    },
    {
      "camera_id": "court-sample-000345",
      "request_source": "arbitrary",
      "width": 959,
      "height": 539,
      "rgb": "court-sample-000345/rgb.npy",
      "rgb_preview": "court-sample-000345/rgb.png",
      "alpha": "court-sample-000345/alpha.npy",
      "alpha_preview": "court-sample-000345/alpha.png",
      "depth": "court-sample-000345/depth.npy"
    },
    {
      "camera_id": "court-sample-000346",
      "request_source": "arbitrary",
      "width": 959,
      "height": 539,
      "rgb": "court-sample-000346/rgb.npy",
      "rgb_preview": "court-sample-000346/rgb.png",
      "alpha": "court-sample-000346/alpha.npy",
      "alpha_preview": "court-sample-000346/alpha.png",
      "depth": "court-sample-000346/depth.npy"
    },
    {
      "camera_id": "court-sample-000347",
      "request_source": "arbitrary",
      "width": 959,
      "height": 539,
      "rgb": "court-sample-000347/rgb.npy",
      "rgb_preview": "court-sample-000347/rgb.png",
      "alpha": "court-sample-000347/alpha.npy",
      "alpha_preview": "court-sample-000347/alpha.png",
      "depth": "court-sample-000347/depth.npy"
    },
    {
      "camera_id": "court-sample-000348",
      "request_source": "arbitrary",
      "width": 959,
      "height": 539,
      "rgb": "court-sample-000348/rgb.npy",
      "rgb_preview": "court-sample-000348/rgb.png",
      "alpha": "court-sample-000348/alpha.npy",
      "alpha_preview": "court-sample-000348/alpha.png",
      "depth": "court-sample-000348/depth.npy"
    },
    {
      "camera_id": "court-sample-000349",
      "request_source": "arbitrary",
      "width": 959,
      "height": 539,
      "rgb": "court-sample-000349/rgb.npy",
      "rgb_preview": "court-sample-000349/rgb.png",
      "alpha": "court-sample-000349/alpha.npy",
      "alpha_preview": "court-sample-000349/alpha.png",
      "depth": "court-sample-000349/depth.npy"
    },
    {
      "camera_id": "court-sample-000350",
      "request_source": "arbitrary",
      "width": 959,
      "height": 539,
      "rgb": "court-sample-000350/rgb.npy",
      "rgb_preview": "court-sample-000350/rgb.png",
      "alpha": "court-sample-000350/alpha.npy",
      "alpha_preview": "court-sample-000350/alpha.png",
      "depth": "court-sample-000350/depth.npy"
    },
    {
      "camera_id": "court-sample-000351",
      "request_source": "arbitrary",
      "width": 959,
      "height": 539,
      "rgb": "court-sample-000351/rgb.npy",
      "rgb_preview": "court-sample-000351/rgb.png",
      "alpha": "court-sample-000351/alpha.npy",
      "alpha_preview": "court-sample-000351/alpha.png",
      "depth": "court-sample-000351/depth.npy"
    },
    {
      "camera_id": "court-sample-000352",
      "request_source": "arbitrary",
      "width": 959,
      "height": 539,
      "rgb": "court-sample-000352/rgb.npy",
      "rgb_preview": "court-sample-000352/rgb.png",
      "alpha": "court-sample-000352/alpha.npy",
      "alpha_preview": "court-sample-000352/alpha.png",
      "depth": "court-sample-000352/depth.npy"
    },
    {
      "camera_id": "court-sample-000353",
      "request_source": "arbitrary",
      "width": 959,
      "height": 539,
      "rgb": "court-sample-000353/rgb.npy",
      "rgb_preview": "court-sample-000353/rgb.png",
      "alpha": "court-sample-000353/alpha.npy",
      "alpha_preview": "court-sample-000353/alpha.png",
      "depth": "court-sample-000353/depth.npy"
    },
    {
      "camera_id": "court-sample-000354",
      "request_source": "arbitrary",
      "width": 959,
      "height": 539,
      "rgb": "court-sample-000354/rgb.npy",
      "rgb_preview": "court-sample-000354/rgb.png",
      "alpha": "court-sample-000354/alpha.npy",
      "alpha_preview": "court-sample-000354/alpha.png",
      "depth": "court-sample-000354/depth.npy"
    },
    {
      "camera_id": "court-sample-000355",
      "request_source": "arbitrary",
      "width": 959,
      "height": 539,
      "rgb": "court-sample-000355/rgb.npy",
      "rgb_preview": "court-sample-000355/rgb.png",
      "alpha": "court-sample-000355/alpha.npy",
      "alpha_preview": "court-sample-000355/alpha.png",
      "depth": "court-sample-000355/depth.npy"
    },
    {
      "camera_id": "court-sample-000356",
      "request_source": "arbitrary",
      "width": 959,
      "height": 539,
      "rgb": "court-sample-000356/rgb.npy",
      "rgb_preview": "court-sample-000356/rgb.png",
      "alpha": "court-sample-000356/alpha.npy",
      "alpha_preview": "court-sample-000356/alpha.png",
      "depth": "court-sample-000356/depth.npy"
    },
    {
      "camera_id": "court-sample-000357",
      "request_source": "arbitrary",
      "width": 959,
      "height": 539,
      "rgb": "court-sample-000357/rgb.npy",
      "rgb_preview": "court-sample-000357/rgb.png",
      "alpha": "court-sample-000357/alpha.npy",
      "alpha_preview": "court-sample-000357/alpha.png",
      "depth": "court-sample-000357/depth.npy"
    },
    {
      "camera_id": "court-sample-000358",
      "request_source": "arbitrary",
      "width": 959,
      "height": 539,
      "rgb": "court-sample-000358/rgb.npy",
      "rgb_preview": "court-sample-000358/rgb.png",
      "alpha": "court-sample-000358/alpha.npy",
      "alpha_preview": "court-sample-000358/alpha.png",
      "depth": "court-sample-000358/depth.npy"
    },
    {
      "camera_id": "court-sample-000624",
      "request_source": "arbitrary",
      "width": 959,
      "height": 539,
      "rgb": "court-sample-000624/rgb.npy",
      "rgb_preview": "court-sample-000624/rgb.png",
      "alpha": "court-sample-000624/alpha.npy",
      "alpha_preview": "court-sample-000624/alpha.png",
      "depth": "court-sample-000624/depth.npy"
    },
    {
      "camera_id": "court-sample-000625",
      "request_source": "arbitrary",
      "width": 959,
      "height": 539,
      "rgb": "court-sample-000625/rgb.npy",
      "rgb_preview": "court-sample-000625/rgb.png",
      "alpha": "court-sample-000625/alpha.npy",
      "alpha_preview": "court-sample-000625/alpha.png",
      "depth": "court-sample-000625/depth.npy"
    },
    {
      "camera_id": "court-sample-000626",
      "request_source": "arbitrary",
      "width": 959,
      "height": 539,
      "rgb": "court-sample-000626/rgb.npy",
      "rgb_preview": "court-sample-000626/rgb.png",
      "alpha": "court-sample-000626/alpha.npy",
      "alpha_preview": "court-sample-000626/alpha.png",
      "depth": "court-sample-000626/depth.npy"
    },
    {
      "camera_id": "court-sample-000627",
      "request_source": "arbitrary",
      "width": 959,
      "height": 539,
      "rgb": "court-sample-000627/rgb.npy",
      "rgb_preview": "court-sample-000627/rgb.png",
      "alpha": "court-sample-000627/alpha.npy",
      "alpha_preview": "court-sample-000627/alpha.png",
      "depth": "court-sample-000627/depth.npy"
    },
    {
      "camera_id": "court-sample-000628",
      "request_source": "arbitrary",
      "width": 959,
      "height": 539,
      "rgb": "court-sample-000628/rgb.npy",
      "rgb_preview": "court-sample-000628/rgb.png",
      "alpha": "court-sample-000628/alpha.npy",
      "alpha_preview": "court-sample-000628/alpha.png",
      "depth": "court-sample-000628/depth.npy"
    },
    {
      "camera_id": "court-sample-000629",
      "request_source": "arbitrary",
      "width": 959,
      "height": 539,
      "rgb": "court-sample-000629/rgb.npy",
      "rgb_preview": "court-sample-000629/rgb.png",
      "alpha": "court-sample-000629/alpha.npy",
      "alpha_preview": "court-sample-000629/alpha.png",
      "depth": "court-sample-000629/depth.npy"
    },
    {
      "camera_id": "court-sample-000630",
      "request_source": "arbitrary",
      "width": 959,
      "height": 539,
      "rgb": "court-sample-000630/rgb.npy",
      "rgb_preview": "court-sample-000630/rgb.png",
      "alpha": "court-sample-000630/alpha.npy",
      "alpha_preview": "court-sample-000630/alpha.png",
      "depth": "court-sample-000630/depth.npy"
    },
    {
      "camera_id": "court-sample-000631",
      "request_source": "arbitrary",
      "width": 959,
      "height": 539,
      "rgb": "court-sample-000631/rgb.npy",
      "rgb_preview": "court-sample-000631/rgb.png",
      "alpha": "court-sample-000631/alpha.npy",
      "alpha_preview": "court-sample-000631/alpha.png",
      "depth": "court-sample-000631/depth.npy"
    },
    {
      "camera_id": "court-sample-000632",
      "request_source": "arbitrary",
      "width": 959,
      "height": 539,
      "rgb": "court-sample-000632/rgb.npy",
      "rgb_preview": "court-sample-000632/rgb.png",
      "alpha": "court-sample-000632/alpha.npy",
      "alpha_preview": "court-sample-000632/alpha.png",
      "depth": "court-sample-000632/depth.npy"
    },
    {
      "camera_id": "court-sample-000633",
      "request_source": "arbitrary",
      "width": 959,
      "height": 539,
      "rgb": "court-sample-000633/rgb.npy",
      "rgb_preview": "court-sample-000633/rgb.png",
      "alpha": "court-sample-000633/alpha.npy",
      "alpha_preview": "court-sample-000633/alpha.png",
      "depth": "court-sample-000633/depth.npy"
    },
    {
      "camera_id": "court-sample-000634",
      "request_source": "arbitrary",
      "width": 959,
      "height": 539,
      "rgb": "court-sample-000634/rgb.npy",
      "rgb_preview": "court-sample-000634/rgb.png",
      "alpha": "court-sample-000634/alpha.npy",
      "alpha_preview": "court-sample-000634/alpha.png",
      "depth": "court-sample-000634/depth.npy"
    },
    {
      "camera_id": "court-sample-000635",
      "request_source": "arbitrary",
      "width": 959,
      "height": 539,
      "rgb": "court-sample-000635/rgb.npy",
      "rgb_preview": "court-sample-000635/rgb.png",
      "alpha": "court-sample-000635/alpha.npy",
      "alpha_preview": "court-sample-000635/alpha.png",
      "depth": "court-sample-000635/depth.npy"
    },
    {
      "camera_id": "court-sample-000636",
      "request_source": "arbitrary",
      "width": 959,
      "height": 539,
      "rgb": "court-sample-000636/rgb.npy",
      "rgb_preview": "court-sample-000636/rgb.png",
      "alpha": "court-sample-000636/alpha.npy",
      "alpha_preview": "court-sample-000636/alpha.png",
      "depth": "court-sample-000636/depth.npy"
    },
    {
      "camera_id": "court-sample-000637",
      "request_source": "arbitrary",
      "width": 959,
      "height": 539,
      "rgb": "court-sample-000637/rgb.npy",
      "rgb_preview": "court-sample-000637/rgb.png",
      "alpha": "court-sample-000637/alpha.npy",
      "alpha_preview": "court-sample-000637/alpha.png",
      "depth": "court-sample-000637/depth.npy"
    },
    {
      "camera_id": "court-sample-000638",
      "request_source": "arbitrary",
      "width": 959,
      "height": 539,
      "rgb": "court-sample-000638/rgb.npy",
      "rgb_preview": "court-sample-000638/rgb.png",
      "alpha": "court-sample-000638/alpha.npy",
      "alpha_preview": "court-sample-000638/alpha.png",
      "depth": "court-sample-000638/depth.npy"
    },
    {
      "camera_id": "court-sample-000639",
      "request_source": "arbitrary",
      "width": 959,
      "height": 539,
      "rgb": "court-sample-000639/rgb.npy",
      "rgb_preview": "court-sample-000639/rgb.png",
      "alpha": "court-sample-000639/alpha.npy",
      "alpha_preview": "court-sample-000639/alpha.png",
      "depth": "court-sample-000639/depth.npy"
    },
    {
      "camera_id": "court-sample-000640",
      "request_source": "arbitrary",
      "width": 959,
      "height": 539,
      "rgb": "court-sample-000640/rgb.npy",
      "rgb_preview": "court-sample-000640/rgb.png",
      "alpha": "court-sample-000640/alpha.npy",
      "alpha_preview": "court-sample-000640/alpha.png",
      "depth": "court-sample-000640/depth.npy"
    },
    {
      "camera_id": "court-sample-000641",
      "request_source": "arbitrary",
      "width": 959,
      "height": 539,
      "rgb": "court-sample-000641/rgb.npy",
      "rgb_preview": "court-sample-000641/rgb.png",
      "alpha": "court-sample-000641/alpha.npy",
      "alpha_preview": "court-sample-000641/alpha.png",
      "depth": "court-sample-000641/depth.npy"
    },
    {
      "camera_id": "court-sample-000642",
      "request_source": "arbitrary",
      "width": 959,
      "height": 539,
      "rgb": "court-sample-000642/rgb.npy",
      "rgb_preview": "court-sample-000642/rgb.png",
      "alpha": "court-sample-000642/alpha.npy",
      "alpha_preview": "court-sample-000642/alpha.png",
      "depth": "court-sample-000642/depth.npy"
    },
    {
      "camera_id": "court-sample-000643",
      "request_source": "arbitrary",
      "width": 959,
      "height": 539,
      "rgb": "court-sample-000643/rgb.npy",
      "rgb_preview": "court-sample-000643/rgb.png",
      "alpha": "court-sample-000643/alpha.npy",
      "alpha_preview": "court-sample-000643/alpha.png",
      "depth": "court-sample-000643/depth.npy"
    },
    {
      "camera_id": "court-sample-000644",
      "request_source": "arbitrary",
      "width": 959,
      "height": 539,
      "rgb": "court-sample-000644/rgb.npy",
      "rgb_preview": "court-sample-000644/rgb.png",
      "alpha": "court-sample-000644/alpha.npy",
      "alpha_preview": "court-sample-000644/alpha.png",
      "depth": "court-sample-000644/depth.npy"
    },
    {
      "camera_id": "court-sample-000645",
      "request_source": "arbitrary",
      "width": 959,
      "height": 539,
      "rgb": "court-sample-000645/rgb.npy",
      "rgb_preview": "court-sample-000645/rgb.png",
      "alpha": "court-sample-000645/alpha.npy",
      "alpha_preview": "court-sample-000645/alpha.png",
      "depth": "court-sample-000645/depth.npy"
    },
    {
      "camera_id": "court-sample-000646",
      "request_source": "arbitrary",
      "width": 959,
      "height": 539,
      "rgb": "court-sample-000646/rgb.npy",
      "rgb_preview": "court-sample-000646/rgb.png",
      "alpha": "court-sample-000646/alpha.npy",
      "alpha_preview": "court-sample-000646/alpha.png",
      "depth": "court-sample-000646/depth.npy"
    },
    {
      "camera_id": "court-sample-000647",
      "request_source": "arbitrary",
      "width": 959,
      "height": 539,
      "rgb": "court-sample-000647/rgb.npy",
      "rgb_preview": "court-sample-000647/rgb.png",
      "alpha": "court-sample-000647/alpha.npy",
      "alpha_preview": "court-sample-000647/alpha.png",
      "depth": "court-sample-000647/depth.npy"
    },
    {
      "camera_id": "court-sample-000648",
      "request_source": "arbitrary",
      "width": 959,
      "height": 539,
      "rgb": "court-sample-000648/rgb.npy",
      "rgb_preview": "court-sample-000648/rgb.png",
      "alpha": "court-sample-000648/alpha.npy",
      "alpha_preview": "court-sample-000648/alpha.png",
      "depth": "court-sample-000648/depth.npy"
    },
    {
      "camera_id": "court-sample-000649",
      "request_source": "arbitrary",
      "width": 959,
      "height": 539,
      "rgb": "court-sample-000649/rgb.npy",
      "rgb_preview": "court-sample-000649/rgb.png",
      "alpha": "court-sample-000649/alpha.npy",
      "alpha_preview": "court-sample-000649/alpha.png",
      "depth": "court-sample-000649/depth.npy"
    },
    {
      "camera_id": "court-sample-000650",
      "request_source": "arbitrary",
      "width": 959,
      "height": 539,
      "rgb": "court-sample-000650/rgb.npy",
      "rgb_preview": "court-sample-000650/rgb.png",
      "alpha": "court-sample-000650/alpha.npy",
      "alpha_preview": "court-sample-000650/alpha.png",
      "depth": "court-sample-000650/depth.npy"
    },
    {
      "camera_id": "court-sample-000651",
      "request_source": "arbitrary",
      "width": 959,
      "height": 539,
      "rgb": "court-sample-000651/rgb.npy",
      "rgb_preview": "court-sample-000651/rgb.png",
      "alpha": "court-sample-000651/alpha.npy",
      "alpha_preview": "court-sample-000651/alpha.png",
      "depth": "court-sample-000651/depth.npy"
    },
    {
      "camera_id": "court-sample-000652",
      "request_source": "arbitrary",
      "width": 959,
      "height": 539,
      "rgb": "court-sample-000652/rgb.npy",
      "rgb_preview": "court-sample-000652/rgb.png",
      "alpha": "court-sample-000652/alpha.npy",
      "alpha_preview": "court-sample-000652/alpha.png",
      "depth": "court-sample-000652/depth.npy"
    },
    {
      "camera_id": "court-sample-000653",
      "request_source": "arbitrary",
      "width": 959,
      "height": 539,
      "rgb": "court-sample-000653/rgb.npy",
      "rgb_preview": "court-sample-000653/rgb.png",
      "alpha": "court-sample-000653/alpha.npy",
      "alpha_preview": "court-sample-000653/alpha.png",
      "depth": "court-sample-000653/depth.npy"
    },
    {
      "camera_id": "court-sample-000654",
      "request_source": "arbitrary",
      "width": 959,
      "height": 539,
      "rgb": "court-sample-000654/rgb.npy",
      "rgb_preview": "court-sample-000654/rgb.png",
      "alpha": "court-sample-000654/alpha.npy",
      "alpha_preview": "court-sample-000654/alpha.png",
      "depth": "court-sample-000654/depth.npy"
    },
    {
      "camera_id": "court-sample-000655",
      "request_source": "arbitrary",
      "width": 959,
      "height": 539,
      "rgb": "court-sample-000655/rgb.npy",
      "rgb_preview": "court-sample-000655/rgb.png",
      "alpha": "court-sample-000655/alpha.npy",
      "alpha_preview": "court-sample-000655/alpha.png",
      "depth": "court-sample-000655/depth.npy"
    },
    {
      "camera_id": "court-sample-000656",
      "request_source": "arbitrary",
      "width": 959,
      "height": 539,
      "rgb": "court-sample-000656/rgb.npy",
      "rgb_preview": "court-sample-000656/rgb.png",
      "alpha": "court-sample-000656/alpha.npy",
      "alpha_preview": "court-sample-000656/alpha.png",
      "depth": "court-sample-000656/depth.npy"
    },
    {
      "camera_id": "court-sample-000657",
      "request_source": "arbitrary",
      "width": 959,
      "height": 539,
      "rgb": "court-sample-000657/rgb.npy",
      "rgb_preview": "court-sample-000657/rgb.png",
      "alpha": "court-sample-000657/alpha.npy",
      "alpha_preview": "court-sample-000657/alpha.png",
      "depth": "court-sample-000657/depth.npy"
    },
    {
      "camera_id": "court-sample-000658",
      "request_source": "arbitrary",
      "width": 959,
      "height": 539,
      "rgb": "court-sample-000658/rgb.npy",
      "rgb_preview": "court-sample-000658/rgb.png",
      "alpha": "court-sample-000658/alpha.npy",
      "alpha_preview": "court-sample-000658/alpha.png",
      "depth": "court-sample-000658/depth.npy"
    },
    {
      "camera_id": "court-sample-000659",
      "request_source": "arbitrary",
      "width": 959,
      "height": 539,
      "rgb": "court-sample-000659/rgb.npy",
      "rgb_preview": "court-sample-000659/rgb.png",
      "alpha": "court-sample-000659/alpha.npy",
      "alpha_preview": "court-sample-000659/alpha.png",
      "depth": "court-sample-000659/depth.npy"
    },
    {
      "camera_id": "court-sample-000660",
      "request_source": "arbitrary",
      "width": 959,
      "height": 539,
      "rgb": "court-sample-000660/rgb.npy",
      "rgb_preview": "court-sample-000660/rgb.png",
      "alpha": "court-sample-000660/alpha.npy",
      "alpha_preview": "court-sample-000660/alpha.png",
      "depth": "court-sample-000660/depth.npy"
    },
    {
      "camera_id": "court-sample-000661",
      "request_source": "arbitrary",
      "width": 959,
      "height": 539,
      "rgb": "court-sample-000661/rgb.npy",
      "rgb_preview": "court-sample-000661/rgb.png",
      "alpha": "court-sample-000661/alpha.npy",
      "alpha_preview": "court-sample-000661/alpha.png",
      "depth": "court-sample-000661/depth.npy"
    },
    {
      "camera_id": "court-sample-000662",
      "request_source": "arbitrary",
      "width": 959,
      "height": 539,
      "rgb": "court-sample-000662/rgb.npy",
      "rgb_preview": "court-sample-000662/rgb.png",
      "alpha": "court-sample-000662/alpha.npy",
      "alpha_preview": "court-sample-000662/alpha.png",
      "depth": "court-sample-000662/depth.npy"
    },
    {
      "camera_id": "court-sample-000663",
      "request_source": "arbitrary",
      "width": 959,
      "height": 539,
      "rgb": "court-sample-000663/rgb.npy",
      "rgb_preview": "court-sample-000663/rgb.png",
      "alpha": "court-sample-000663/alpha.npy",
      "alpha_preview": "court-sample-000663/alpha.png",
      "depth": "court-sample-000663/depth.npy"
    },
    {
      "camera_id": "court-sample-000664",
      "request_source": "arbitrary",
      "width": 959,
      "height": 539,
      "rgb": "court-sample-000664/rgb.npy",
      "rgb_preview": "court-sample-000664/rgb.png",
      "alpha": "court-sample-000664/alpha.npy",
      "alpha_preview": "court-sample-000664/alpha.png",
      "depth": "court-sample-000664/depth.npy"
    },
    {
      "camera_id": "court-sample-000665",
      "request_source": "arbitrary",
      "width": 959,
      "height": 539,
      "rgb": "court-sample-000665/rgb.npy",
      "rgb_preview": "court-sample-000665/rgb.png",
      "alpha": "court-sample-000665/alpha.npy",
      "alpha_preview": "court-sample-000665/alpha.png",
      "depth": "court-sample-000665/depth.npy"
    },
    {
      "camera_id": "court-sample-000666",
      "request_source": "arbitrary",
      "width": 959,
      "height": 539,
      "rgb": "court-sample-000666/rgb.npy",
      "rgb_preview": "court-sample-000666/rgb.png",
      "alpha": "court-sample-000666/alpha.npy",
      "alpha_preview": "court-sample-000666/alpha.png",
      "depth": "court-sample-000666/depth.npy"
    },
    {
      "camera_id": "court-sample-000667",
      "request_source": "arbitrary",
      "width": 959,
      "height": 539,
      "rgb": "court-sample-000667/rgb.npy",
      "rgb_preview": "court-sample-000667/rgb.png",
      "alpha": "court-sample-000667/alpha.npy",
      "alpha_preview": "court-sample-000667/alpha.png",
      "depth": "court-sample-000667/depth.npy"
    },
    {
      "camera_id": "court-sample-000668",
      "request_source": "arbitrary",
      "width": 959,
      "height": 539,
      "rgb": "court-sample-000668/rgb.npy",
      "rgb_preview": "court-sample-000668/rgb.png",
      "alpha": "court-sample-000668/alpha.npy",
      "alpha_preview": "court-sample-000668/alpha.png",
      "depth": "court-sample-000668/depth.npy"
    },
    {
      "camera_id": "court-sample-000669",
      "request_source": "arbitrary",
      "width": 959,
      "height": 539,
      "rgb": "court-sample-000669/rgb.npy",
      "rgb_preview": "court-sample-000669/rgb.png",
      "alpha": "court-sample-000669/alpha.npy",
      "alpha_preview": "court-sample-000669/alpha.png",
      "depth": "court-sample-000669/depth.npy"
    },
    {
      "camera_id": "court-sample-000670",
      "request_source": "arbitrary",
      "width": 959,
      "height": 539,
      "rgb": "court-sample-000670/rgb.npy",
      "rgb_preview": "court-sample-000670/rgb.png",
      "alpha": "court-sample-000670/alpha.npy",
      "alpha_preview": "court-sample-000670/alpha.png",
      "depth": "court-sample-000670/depth.npy"
    },
    {
      "camera_id": "court-sample-000671",
      "request_source": "arbitrary",
      "width": 959,
      "height": 539,
      "rgb": "court-sample-000671/rgb.npy",
      "rgb_preview": "court-sample-000671/rgb.png",
      "alpha": "court-sample-000671/alpha.npy",
      "alpha_preview": "court-sample-000671/alpha.png",
      "depth": "court-sample-000671/depth.npy"
    },
    {
      "camera_id": "court-sample-000672",
      "request_source": "arbitrary",
      "width": 959,
      "height": 539,
      "rgb": "court-sample-000672/rgb.npy",
      "rgb_preview": "court-sample-000672/rgb.png",
      "alpha": "court-sample-000672/alpha.npy",
      "alpha_preview": "court-sample-000672/alpha.png",
      "depth": "court-sample-000672/depth.npy"
    },
    {
      "camera_id": "court-sample-000673",
      "request_source": "arbitrary",
      "width": 959,
      "height": 539,
      "rgb": "court-sample-000673/rgb.npy",
      "rgb_preview": "court-sample-000673/rgb.png",
      "alpha": "court-sample-000673/alpha.npy",
      "alpha_preview": "court-sample-000673/alpha.png",
      "depth": "court-sample-000673/depth.npy"
    },
    {
      "camera_id": "court-sample-000674",
      "request_source": "arbitrary",
      "width": 959,
      "height": 539,
      "rgb": "court-sample-000674/rgb.npy",
      "rgb_preview": "court-sample-000674/rgb.png",
      "alpha": "court-sample-000674/alpha.npy",
      "alpha_preview": "court-sample-000674/alpha.png",
      "depth": "court-sample-000674/depth.npy"
    },
    {
      "camera_id": "court-sample-000675",
      "request_source": "arbitrary",
      "width": 959,
      "height": 539,
      "rgb": "court-sample-000675/rgb.npy",
      "rgb_preview": "court-sample-000675/rgb.png",
      "alpha": "court-sample-000675/alpha.npy",
      "alpha_preview": "court-sample-000675/alpha.png",
      "depth": "court-sample-000675/depth.npy"
    },
    {
      "camera_id": "court-sample-000676",
      "request_source": "arbitrary",
      "width": 959,
      "height": 539,
      "rgb": "court-sample-000676/rgb.npy",
      "rgb_preview": "court-sample-000676/rgb.png",
      "alpha": "court-sample-000676/alpha.npy",
      "alpha_preview": "court-sample-000676/alpha.png",
      "depth": "court-sample-000676/depth.npy"
    },
    {
      "camera_id": "court-sample-000677",
      "request_source": "arbitrary",
      "width": 959,
      "height": 539,
      "rgb": "court-sample-000677/rgb.npy",
      "rgb_preview": "court-sample-000677/rgb.png",
      "alpha": "court-sample-000677/alpha.npy",
      "alpha_preview": "court-sample-000677/alpha.png",
      "depth": "court-sample-000677/depth.npy"
    },
    {
      "camera_id": "court-sample-000678",
      "request_source": "arbitrary",
      "width": 959,
      "height": 539,
      "rgb": "court-sample-000678/rgb.npy",
      "rgb_preview": "court-sample-000678/rgb.png",
      "alpha": "court-sample-000678/alpha.npy",
      "alpha_preview": "court-sample-000678/alpha.png",
      "depth": "court-sample-000678/depth.npy"
    },
    {
      "camera_id": "court-sample-000679",
      "request_source": "arbitrary",
      "width": 959,
      "height": 539,
      "rgb": "court-sample-000679/rgb.npy",
      "rgb_preview": "court-sample-000679/rgb.png",
      "alpha": "court-sample-000679/alpha.npy",
      "alpha_preview": "court-sample-000679/alpha.png",
      "depth": "court-sample-000679/depth.npy"
    },
    {
      "camera_id": "court-sample-000680",
      "request_source": "arbitrary",
      "width": 959,
      "height": 539,
      "rgb": "court-sample-000680/rgb.npy",
      "rgb_preview": "court-sample-000680/rgb.png",
      "alpha": "court-sample-000680/alpha.npy",
      "alpha_preview": "court-sample-000680/alpha.png",
      "depth": "court-sample-000680/depth.npy"
    },
    {
      "camera_id": "court-sample-000681",
      "request_source": "arbitrary",
      "width": 959,
      "height": 539,
      "rgb": "court-sample-000681/rgb.npy",
      "rgb_preview": "court-sample-000681/rgb.png",
      "alpha": "court-sample-000681/alpha.npy",
      "alpha_preview": "court-sample-000681/alpha.png",
      "depth": "court-sample-000681/depth.npy"
    },
    {
      "camera_id": "court-sample-000682",
      "request_source": "arbitrary",
      "width": 959,
      "height": 539,
      "rgb": "court-sample-000682/rgb.npy",
      "rgb_preview": "court-sample-000682/rgb.png",
      "alpha": "court-sample-000682/alpha.npy",
      "alpha_preview": "court-sample-000682/alpha.png",
      "depth": "court-sample-000682/depth.npy"
    },
    {
      "camera_id": "court-sample-000683",
      "request_source": "arbitrary",
      "width": 959,
      "height": 539,
      "rgb": "court-sample-000683/rgb.npy",
      "rgb_preview": "court-sample-000683/rgb.png",
      "alpha": "court-sample-000683/alpha.npy",
      "alpha_preview": "court-sample-000683/alpha.png",
      "depth": "court-sample-000683/depth.npy"
    },
    {
      "camera_id": "court-sample-000684",
      "request_source": "arbitrary",
      "width": 959,
      "height": 539,
      "rgb": "court-sample-000684/rgb.npy",
      "rgb_preview": "court-sample-000684/rgb.png",
      "alpha": "court-sample-000684/alpha.npy",
      "alpha_preview": "court-sample-000684/alpha.png",
      "depth": "court-sample-000684/depth.npy"
    },
    {
      "camera_id": "court-sample-000685",
      "request_source": "arbitrary",
      "width": 959,
      "height": 539,
      "rgb": "court-sample-000685/rgb.npy",
      "rgb_preview": "court-sample-000685/rgb.png",
      "alpha": "court-sample-000685/alpha.npy",
      "alpha_preview": "court-sample-000685/alpha.png",
      "depth": "court-sample-000685/depth.npy"
    },
    {
      "camera_id": "court-sample-000686",
      "request_source": "arbitrary",
      "width": 959,
      "height": 539,
      "rgb": "court-sample-000686/rgb.npy",
      "rgb_preview": "court-sample-000686/rgb.png",
      "alpha": "court-sample-000686/alpha.npy",
      "alpha_preview": "court-sample-000686/alpha.png",
      "depth": "court-sample-000686/depth.npy"
    },
    {
      "camera_id": "court-sample-000687",
      "request_source": "arbitrary",
      "width": 959,
      "height": 539,
      "rgb": "court-sample-000687/rgb.npy",
      "rgb_preview": "court-sample-000687/rgb.png",
      "alpha": "court-sample-000687/alpha.npy",
      "alpha_preview": "court-sample-000687/alpha.png",
      "depth": "court-sample-000687/depth.npy"
    },
    {
      "camera_id": "court-sample-000856",
      "request_source": "arbitrary",
      "width": 959,
      "height": 539,
      "rgb": "court-sample-000856/rgb.npy",
      "rgb_preview": "court-sample-000856/rgb.png",
      "alpha": "court-sample-000856/alpha.npy",
      "alpha_preview": "court-sample-000856/alpha.png",
      "depth": "court-sample-000856/depth.npy"
    },
    {
      "camera_id": "court-sample-000857",
      "request_source": "arbitrary",
      "width": 959,
      "height": 539,
      "rgb": "court-sample-000857/rgb.npy",
      "rgb_preview": "court-sample-000857/rgb.png",
      "alpha": "court-sample-000857/alpha.npy",
      "alpha_preview": "court-sample-000857/alpha.png",
      "depth": "court-sample-000857/depth.npy"
    },
    {
      "camera_id": "court-sample-000858",
      "request_source": "arbitrary",
      "width": 959,
      "height": 539,
      "rgb": "court-sample-000858/rgb.npy",
      "rgb_preview": "court-sample-000858/rgb.png",
      "alpha": "court-sample-000858/alpha.npy",
      "alpha_preview": "court-sample-000858/alpha.png",
      "depth": "court-sample-000858/depth.npy"
    },
    {
      "camera_id": "court-sample-000859",
      "request_source": "arbitrary",
      "width": 959,
      "height": 539,
      "rgb": "court-sample-000859/rgb.npy",
      "rgb_preview": "court-sample-000859/rgb.png",
      "alpha": "court-sample-000859/alpha.npy",
      "alpha_preview": "court-sample-000859/alpha.png",
      "depth": "court-sample-000859/depth.npy"
    },
    {
      "camera_id": "court-sample-000860",
      "request_source": "arbitrary",
      "width": 959,
      "height": 539,
      "rgb": "court-sample-000860/rgb.npy",
      "rgb_preview": "court-sample-000860/rgb.png",
      "alpha": "court-sample-000860/alpha.npy",
      "alpha_preview": "court-sample-000860/alpha.png",
      "depth": "court-sample-000860/depth.npy"
    },
    {
      "camera_id": "court-sample-000861",
      "request_source": "arbitrary",
      "width": 959,
      "height": 539,
      "rgb": "court-sample-000861/rgb.npy",
      "rgb_preview": "court-sample-000861/rgb.png",
      "alpha": "court-sample-000861/alpha.npy",
      "alpha_preview": "court-sample-000861/alpha.png",
      "depth": "court-sample-000861/depth.npy"
    },
    {
      "camera_id": "court-sample-000862",
      "request_source": "arbitrary",
      "width": 959,
      "height": 539,
      "rgb": "court-sample-000862/rgb.npy",
      "rgb_preview": "court-sample-000862/rgb.png",
      "alpha": "court-sample-000862/alpha.npy",
      "alpha_preview": "court-sample-000862/alpha.png",
      "depth": "court-sample-000862/depth.npy"
    },
    {
      "camera_id": "court-sample-000863",
      "request_source": "arbitrary",
      "width": 959,
      "height": 539,
      "rgb": "court-sample-000863/rgb.npy",
      "rgb_preview": "court-sample-000863/rgb.png",
      "alpha": "court-sample-000863/alpha.npy",
      "alpha_preview": "court-sample-000863/alpha.png",
      "depth": "court-sample-000863/depth.npy"
    },
    {
      "camera_id": "court-sample-000864",
      "request_source": "arbitrary",
      "width": 959,
      "height": 539,
      "rgb": "court-sample-000864/rgb.npy",
      "rgb_preview": "court-sample-000864/rgb.png",
      "alpha": "court-sample-000864/alpha.npy",
      "alpha_preview": "court-sample-000864/alpha.png",
      "depth": "court-sample-000864/depth.npy"
    },
    {
      "camera_id": "court-sample-000865",
      "request_source": "arbitrary",
      "width": 959,
      "height": 539,
      "rgb": "court-sample-000865/rgb.npy",
      "rgb_preview": "court-sample-000865/rgb.png",
      "alpha": "court-sample-000865/alpha.npy",
      "alpha_preview": "court-sample-000865/alpha.png",
      "depth": "court-sample-000865/depth.npy"
    },
    {
      "camera_id": "court-sample-000866",
      "request_source": "arbitrary",
      "width": 959,
      "height": 539,
      "rgb": "court-sample-000866/rgb.npy",
      "rgb_preview": "court-sample-000866/rgb.png",
      "alpha": "court-sample-000866/alpha.npy",
      "alpha_preview": "court-sample-000866/alpha.png",
      "depth": "court-sample-000866/depth.npy"
    },
    {
      "camera_id": "court-sample-000867",
      "request_source": "arbitrary",
      "width": 959,
      "height": 539,
      "rgb": "court-sample-000867/rgb.npy",
      "rgb_preview": "court-sample-000867/rgb.png",
      "alpha": "court-sample-000867/alpha.npy",
      "alpha_preview": "court-sample-000867/alpha.png",
      "depth": "court-sample-000867/depth.npy"
    },
    {
      "camera_id": "court-sample-000868",
      "request_source": "arbitrary",
      "width": 959,
      "height": 539,
      "rgb": "court-sample-000868/rgb.npy",
      "rgb_preview": "court-sample-000868/rgb.png",
      "alpha": "court-sample-000868/alpha.npy",
      "alpha_preview": "court-sample-000868/alpha.png",
      "depth": "court-sample-000868/depth.npy"
    },
    {
      "camera_id": "court-sample-000869",
      "request_source": "arbitrary",
      "width": 959,
      "height": 539,
      "rgb": "court-sample-000869/rgb.npy",
      "rgb_preview": "court-sample-000869/rgb.png",
      "alpha": "court-sample-000869/alpha.npy",
      "alpha_preview": "court-sample-000869/alpha.png",
      "depth": "court-sample-000869/depth.npy"
    },
    {
      "camera_id": "court-sample-000870",
      "request_source": "arbitrary",
      "width": 959,
      "height": 539,
      "rgb": "court-sample-000870/rgb.npy",
      "rgb_preview": "court-sample-000870/rgb.png",
      "alpha": "court-sample-000870/alpha.npy",
      "alpha_preview": "court-sample-000870/alpha.png",
      "depth": "court-sample-000870/depth.npy"
    },
    {
      "camera_id": "court-sample-000871",
      "request_source": "arbitrary",
      "width": 959,
      "height": 539,
      "rgb": "court-sample-000871/rgb.npy",
      "rgb_preview": "court-sample-000871/rgb.png",
      "alpha": "court-sample-000871/alpha.npy",
      "alpha_preview": "court-sample-000871/alpha.png",
      "depth": "court-sample-000871/depth.npy"
    },
    {
      "camera_id": "court-sample-000872",
      "request_source": "arbitrary",
      "width": 959,
      "height": 539,
      "rgb": "court-sample-000872/rgb.npy",
      "rgb_preview": "court-sample-000872/rgb.png",
      "alpha": "court-sample-000872/alpha.npy",
      "alpha_preview": "court-sample-000872/alpha.png",
      "depth": "court-sample-000872/depth.npy"
    },
    {
      "camera_id": "court-sample-000873",
      "request_source": "arbitrary",
      "width": 959,
      "height": 539,
      "rgb": "court-sample-000873/rgb.npy",
      "rgb_preview": "court-sample-000873/rgb.png",
      "alpha": "court-sample-000873/alpha.npy",
      "alpha_preview": "court-sample-000873/alpha.png",
      "depth": "court-sample-000873/depth.npy"
    },
    {
      "camera_id": "court-sample-000874",
      "request_source": "arbitrary",
      "width": 959,
      "height": 539,
      "rgb": "court-sample-000874/rgb.npy",
      "rgb_preview": "court-sample-000874/rgb.png",
      "alpha": "court-sample-000874/alpha.npy",
      "alpha_preview": "court-sample-000874/alpha.png",
      "depth": "court-sample-000874/depth.npy"
    },
    {
      "camera_id": "court-sample-000875",
      "request_source": "arbitrary",
      "width": 959,
      "height": 539,
      "rgb": "court-sample-000875/rgb.npy",
      "rgb_preview": "court-sample-000875/rgb.png",
      "alpha": "court-sample-000875/alpha.npy",
      "alpha_preview": "court-sample-000875/alpha.png",
      "depth": "court-sample-000875/depth.npy"
    },
    {
      "camera_id": "court-sample-000876",
      "request_source": "arbitrary",
      "width": 959,
      "height": 539,
      "rgb": "court-sample-000876/rgb.npy",
      "rgb_preview": "court-sample-000876/rgb.png",
      "alpha": "court-sample-000876/alpha.npy",
      "alpha_preview": "court-sample-000876/alpha.png",
      "depth": "court-sample-000876/depth.npy"
    },
    {
      "camera_id": "court-sample-000877",
      "request_source": "arbitrary",
      "width": 959,
      "height": 539,
      "rgb": "court-sample-000877/rgb.npy",
      "rgb_preview": "court-sample-000877/rgb.png",
      "alpha": "court-sample-000877/alpha.npy",
      "alpha_preview": "court-sample-000877/alpha.png",
      "depth": "court-sample-000877/depth.npy"
    },
    {
      "camera_id": "court-sample-000878",
      "request_source": "arbitrary",
      "width": 959,
      "height": 539,
      "rgb": "court-sample-000878/rgb.npy",
      "rgb_preview": "court-sample-000878/rgb.png",
      "alpha": "court-sample-000878/alpha.npy",
      "alpha_preview": "court-sample-000878/alpha.png",
      "depth": "court-sample-000878/depth.npy"
    },
    {
      "camera_id": "court-sample-000879",
      "request_source": "arbitrary",
      "width": 959,
      "height": 539,
      "rgb": "court-sample-000879/rgb.npy",
      "rgb_preview": "court-sample-000879/rgb.png",
      "alpha": "court-sample-000879/alpha.npy",
      "alpha_preview": "court-sample-000879/alpha.png",
      "depth": "court-sample-000879/depth.npy"
    },
    {
      "camera_id": "court-sample-000880",
      "request_source": "arbitrary",
      "width": 959,
      "height": 539,
      "rgb": "court-sample-000880/rgb.npy",
      "rgb_preview": "court-sample-000880/rgb.png",
      "alpha": "court-sample-000880/alpha.npy",
      "alpha_preview": "court-sample-000880/alpha.png",
      "depth": "court-sample-000880/depth.npy"
    },
    {
      "camera_id": "court-sample-000881",
      "request_source": "arbitrary",
      "width": 959,
      "height": 539,
      "rgb": "court-sample-000881/rgb.npy",
      "rgb_preview": "court-sample-000881/rgb.png",
      "alpha": "court-sample-000881/alpha.npy",
      "alpha_preview": "court-sample-000881/alpha.png",
      "depth": "court-sample-000881/depth.npy"
    },
    {
      "camera_id": "court-sample-000882",
      "request_source": "arbitrary",
      "width": 959,
      "height": 539,
      "rgb": "court-sample-000882/rgb.npy",
      "rgb_preview": "court-sample-000882/rgb.png",
      "alpha": "court-sample-000882/alpha.npy",
      "alpha_preview": "court-sample-000882/alpha.png",
      "depth": "court-sample-000882/depth.npy"
    },
    {
      "camera_id": "court-sample-000883",
      "request_source": "arbitrary",
      "width": 959,
      "height": 539,
      "rgb": "court-sample-000883/rgb.npy",
      "rgb_preview": "court-sample-000883/rgb.png",
      "alpha": "court-sample-000883/alpha.npy",
      "alpha_preview": "court-sample-000883/alpha.png",
      "depth": "court-sample-000883/depth.npy"
    },
    {
      "camera_id": "court-sample-000884",
      "request_source": "arbitrary",
      "width": 959,
      "height": 539,
      "rgb": "court-sample-000884/rgb.npy",
      "rgb_preview": "court-sample-000884/rgb.png",
      "alpha": "court-sample-000884/alpha.npy",
      "alpha_preview": "court-sample-000884/alpha.png",
      "depth": "court-sample-000884/depth.npy"
    },
    {
      "camera_id": "court-sample-000885",
      "request_source": "arbitrary",
      "width": 959,
      "height": 539,
      "rgb": "court-sample-000885/rgb.npy",
      "rgb_preview": "court-sample-000885/rgb.png",
      "alpha": "court-sample-000885/alpha.npy",
      "alpha_preview": "court-sample-000885/alpha.png",
      "depth": "court-sample-000885/depth.npy"
    },
    {
      "camera_id": "court-sample-000886",
      "request_source": "arbitrary",
      "width": 959,
      "height": 539,
      "rgb": "court-sample-000886/rgb.npy",
      "rgb_preview": "court-sample-000886/rgb.png",
      "alpha": "court-sample-000886/alpha.npy",
      "alpha_preview": "court-sample-000886/alpha.png",
      "depth": "court-sample-000886/depth.npy"
    },
    {
      "camera_id": "court-sample-000887",
      "request_source": "arbitrary",
      "width": 959,
      "height": 539,
      "rgb": "court-sample-000887/rgb.npy",
      "rgb_preview": "court-sample-000887/rgb.png",
      "alpha": "court-sample-000887/alpha.npy",
      "alpha_preview": "court-sample-000887/alpha.png",
      "depth": "court-sample-000887/depth.npy"
    },
    {
      "camera_id": "court-sample-000888",
      "request_source": "arbitrary",
      "width": 959,
      "height": 539,
      "rgb": "court-sample-000888/rgb.npy",
      "rgb_preview": "court-sample-000888/rgb.png",
      "alpha": "court-sample-000888/alpha.npy",
      "alpha_preview": "court-sample-000888/alpha.png",
      "depth": "court-sample-000888/depth.npy"
    },
    {
      "camera_id": "court-sample-000889",
      "request_source": "arbitrary",
      "width": 959,
      "height": 539,
      "rgb": "court-sample-000889/rgb.npy",
      "rgb_preview": "court-sample-000889/rgb.png",
      "alpha": "court-sample-000889/alpha.npy",
      "alpha_preview": "court-sample-000889/alpha.png",
      "depth": "court-sample-000889/depth.npy"
    },
    {
      "camera_id": "court-sample-000890",
      "request_source": "arbitrary",
      "width": 959,
      "height": 539,
      "rgb": "court-sample-000890/rgb.npy",
      "rgb_preview": "court-sample-000890/rgb.png",
      "alpha": "court-sample-000890/alpha.npy",
      "alpha_preview": "court-sample-000890/alpha.png",
      "depth": "court-sample-000890/depth.npy"
    },
    {
      "camera_id": "court-sample-000891",
      "request_source": "arbitrary",
      "width": 959,
      "height": 539,
      "rgb": "court-sample-000891/rgb.npy",
      "rgb_preview": "court-sample-000891/rgb.png",
      "alpha": "court-sample-000891/alpha.npy",
      "alpha_preview": "court-sample-000891/alpha.png",
      "depth": "court-sample-000891/depth.npy"
    },
    {
      "camera_id": "court-sample-000892",
      "request_source": "arbitrary",
      "width": 959,
      "height": 539,
      "rgb": "court-sample-000892/rgb.npy",
      "rgb_preview": "court-sample-000892/rgb.png",
      "alpha": "court-sample-000892/alpha.npy",
      "alpha_preview": "court-sample-000892/alpha.png",
      "depth": "court-sample-000892/depth.npy"
    },
    {
      "camera_id": "court-sample-000893",
      "request_source": "arbitrary",
      "width": 959,
      "height": 539,
      "rgb": "court-sample-000893/rgb.npy",
      "rgb_preview": "court-sample-000893/rgb.png",
      "alpha": "court-sample-000893/alpha.npy",
      "alpha_preview": "court-sample-000893/alpha.png",
      "depth": "court-sample-000893/depth.npy"
    },
    {
      "camera_id": "court-sample-000894",
      "request_source": "arbitrary",
      "width": 959,
      "height": 539,
      "rgb": "court-sample-000894/rgb.npy",
      "rgb_preview": "court-sample-000894/rgb.png",
      "alpha": "court-sample-000894/alpha.npy",
      "alpha_preview": "court-sample-000894/alpha.png",
      "depth": "court-sample-000894/depth.npy"
    },
    {
      "camera_id": "court-sample-000895",
      "request_source": "arbitrary",
      "width": 959,
      "height": 539,
      "rgb": "court-sample-000895/rgb.npy",
      "rgb_preview": "court-sample-000895/rgb.png",
      "alpha": "court-sample-000895/alpha.npy",
      "alpha_preview": "court-sample-000895/alpha.png",
      "depth": "court-sample-000895/depth.npy"
    },
    {
      "camera_id": "court-sample-000936",
      "request_source": "arbitrary",
      "width": 959,
      "height": 539,
      "rgb": "court-sample-000936/rgb.npy",
      "rgb_preview": "court-sample-000936/rgb.png",
      "alpha": "court-sample-000936/alpha.npy",
      "alpha_preview": "court-sample-000936/alpha.png",
      "depth": "court-sample-000936/depth.npy"
    },
    {
      "camera_id": "court-sample-000937",
      "request_source": "arbitrary",
      "width": 959,
      "height": 539,
      "rgb": "court-sample-000937/rgb.npy",
      "rgb_preview": "court-sample-000937/rgb.png",
      "alpha": "court-sample-000937/alpha.npy",
      "alpha_preview": "court-sample-000937/alpha.png",
      "depth": "court-sample-000937/depth.npy"
    },
    {
      "camera_id": "court-sample-000938",
      "request_source": "arbitrary",
      "width": 959,
      "height": 539,
      "rgb": "court-sample-000938/rgb.npy",
      "rgb_preview": "court-sample-000938/rgb.png",
      "alpha": "court-sample-000938/alpha.npy",
      "alpha_preview": "court-sample-000938/alpha.png",
      "depth": "court-sample-000938/depth.npy"
    },
    {
      "camera_id": "court-sample-000939",
      "request_source": "arbitrary",
      "width": 959,
      "height": 539,
      "rgb": "court-sample-000939/rgb.npy",
      "rgb_preview": "court-sample-000939/rgb.png",
      "alpha": "court-sample-000939/alpha.npy",
      "alpha_preview": "court-sample-000939/alpha.png",
      "depth": "court-sample-000939/depth.npy"
    },
    {
      "camera_id": "court-sample-000940",
      "request_source": "arbitrary",
      "width": 959,
      "height": 539,
      "rgb": "court-sample-000940/rgb.npy",
      "rgb_preview": "court-sample-000940/rgb.png",
      "alpha": "court-sample-000940/alpha.npy",
      "alpha_preview": "court-sample-000940/alpha.png",
      "depth": "court-sample-000940/depth.npy"
    },
    {
      "camera_id": "court-sample-000941",
      "request_source": "arbitrary",
      "width": 959,
      "height": 539,
      "rgb": "court-sample-000941/rgb.npy",
      "rgb_preview": "court-sample-000941/rgb.png",
      "alpha": "court-sample-000941/alpha.npy",
      "alpha_preview": "court-sample-000941/alpha.png",
      "depth": "court-sample-000941/depth.npy"
    },
    {
      "camera_id": "court-sample-000942",
      "request_source": "arbitrary",
      "width": 959,
      "height": 539,
      "rgb": "court-sample-000942/rgb.npy",
      "rgb_preview": "court-sample-000942/rgb.png",
      "alpha": "court-sample-000942/alpha.npy",
      "alpha_preview": "court-sample-000942/alpha.png",
      "depth": "court-sample-000942/depth.npy"
    },
    {
      "camera_id": "court-sample-000943",
      "request_source": "arbitrary",
      "width": 959,
      "height": 539,
      "rgb": "court-sample-000943/rgb.npy",
      "rgb_preview": "court-sample-000943/rgb.png",
      "alpha": "court-sample-000943/alpha.npy",
      "alpha_preview": "court-sample-000943/alpha.png",
      "depth": "court-sample-000943/depth.npy"
    },
    {
      "camera_id": "court-sample-000944",
      "request_source": "arbitrary",
      "width": 959,
      "height": 539,
      "rgb": "court-sample-000944/rgb.npy",
      "rgb_preview": "court-sample-000944/rgb.png",
      "alpha": "court-sample-000944/alpha.npy",
      "alpha_preview": "court-sample-000944/alpha.png",
      "depth": "court-sample-000944/depth.npy"
    },
    {
      "camera_id": "court-sample-000945",
      "request_source": "arbitrary",
      "width": 959,
      "height": 539,
      "rgb": "court-sample-000945/rgb.npy",
      "rgb_preview": "court-sample-000945/rgb.png",
      "alpha": "court-sample-000945/alpha.npy",
      "alpha_preview": "court-sample-000945/alpha.png",
      "depth": "court-sample-000945/depth.npy"
    },
    {
      "camera_id": "court-sample-000946",
      "request_source": "arbitrary",
      "width": 959,
      "height": 539,
      "rgb": "court-sample-000946/rgb.npy",
      "rgb_preview": "court-sample-000946/rgb.png",
      "alpha": "court-sample-000946/alpha.npy",
      "alpha_preview": "court-sample-000946/alpha.png",
      "depth": "court-sample-000946/depth.npy"
    },
    {
      "camera_id": "court-sample-000947",
      "request_source": "arbitrary",
      "width": 959,
      "height": 539,
      "rgb": "court-sample-000947/rgb.npy",
      "rgb_preview": "court-sample-000947/rgb.png",
      "alpha": "court-sample-000947/alpha.npy",
      "alpha_preview": "court-sample-000947/alpha.png",
      "depth": "court-sample-000947/depth.npy"
    },
    {
      "camera_id": "court-sample-000948",
      "request_source": "arbitrary",
      "width": 959,
      "height": 539,
      "rgb": "court-sample-000948/rgb.npy",
      "rgb_preview": "court-sample-000948/rgb.png",
      "alpha": "court-sample-000948/alpha.npy",
      "alpha_preview": "court-sample-000948/alpha.png",
      "depth": "court-sample-000948/depth.npy"
    },
    {
      "camera_id": "court-sample-000949",
      "request_source": "arbitrary",
      "width": 959,
      "height": 539,
      "rgb": "court-sample-000949/rgb.npy",
      "rgb_preview": "court-sample-000949/rgb.png",
      "alpha": "court-sample-000949/alpha.npy",
      "alpha_preview": "court-sample-000949/alpha.png",
      "depth": "court-sample-000949/depth.npy"
    },
    {
      "camera_id": "court-sample-000950",
      "request_source": "arbitrary",
      "width": 959,
      "height": 539,
      "rgb": "court-sample-000950/rgb.npy",
      "rgb_preview": "court-sample-000950/rgb.png",
      "alpha": "court-sample-000950/alpha.npy",
      "alpha_preview": "court-sample-000950/alpha.png",
      "depth": "court-sample-000950/depth.npy"
    },
    {
      "camera_id": "court-sample-000951",
      "request_source": "arbitrary",
      "width": 959,
      "height": 539,
      "rgb": "court-sample-000951/rgb.npy",
      "rgb_preview": "court-sample-000951/rgb.png",
      "alpha": "court-sample-000951/alpha.npy",
      "alpha_preview": "court-sample-000951/alpha.png",
      "depth": "court-sample-000951/depth.npy"
    },
    {
      "camera_id": "court-sample-000952",
      "request_source": "arbitrary",
      "width": 959,
      "height": 539,
      "rgb": "court-sample-000952/rgb.npy",
      "rgb_preview": "court-sample-000952/rgb.png",
      "alpha": "court-sample-000952/alpha.npy",
      "alpha_preview": "court-sample-000952/alpha.png",
      "depth": "court-sample-000952/depth.npy"
    },
    {
      "camera_id": "court-sample-000953",
      "request_source": "arbitrary",
      "width": 959,
      "height": 539,
      "rgb": "court-sample-000953/rgb.npy",
      "rgb_preview": "court-sample-000953/rgb.png",
      "alpha": "court-sample-000953/alpha.npy",
      "alpha_preview": "court-sample-000953/alpha.png",
      "depth": "court-sample-000953/depth.npy"
    },
    {
      "camera_id": "court-sample-000954",
      "request_source": "arbitrary",
      "width": 959,
      "height": 539,
      "rgb": "court-sample-000954/rgb.npy",
      "rgb_preview": "court-sample-000954/rgb.png",
      "alpha": "court-sample-000954/alpha.npy",
      "alpha_preview": "court-sample-000954/alpha.png",
      "depth": "court-sample-000954/depth.npy"
    },
    {
      "camera_id": "court-sample-000955",
      "request_source": "arbitrary",
      "width": 959,
      "height": 539,
      "rgb": "court-sample-000955/rgb.npy",
      "rgb_preview": "court-sample-000955/rgb.png",
      "alpha": "court-sample-000955/alpha.npy",
      "alpha_preview": "court-sample-000955/alpha.png",
      "depth": "court-sample-000955/depth.npy"
    },
    {
      "camera_id": "court-sample-000956",
      "request_source": "arbitrary",
      "width": 959,
      "height": 539,
      "rgb": "court-sample-000956/rgb.npy",
      "rgb_preview": "court-sample-000956/rgb.png",
      "alpha": "court-sample-000956/alpha.npy",
      "alpha_preview": "court-sample-000956/alpha.png",
      "depth": "court-sample-000956/depth.npy"
    },
    {
      "camera_id": "court-sample-000957",
      "request_source": "arbitrary",
      "width": 959,
      "height": 539,
      "rgb": "court-sample-000957/rgb.npy",
      "rgb_preview": "court-sample-000957/rgb.png",
      "alpha": "court-sample-000957/alpha.npy",
      "alpha_preview": "court-sample-000957/alpha.png",
      "depth": "court-sample-000957/depth.npy"
    },
    {
      "camera_id": "court-sample-000958",
      "request_source": "arbitrary",
      "width": 959,
      "height": 539,
      "rgb": "court-sample-000958/rgb.npy",
      "rgb_preview": "court-sample-000958/rgb.png",
      "alpha": "court-sample-000958/alpha.npy",
      "alpha_preview": "court-sample-000958/alpha.png",
      "depth": "court-sample-000958/depth.npy"
    },
    {
      "camera_id": "court-sample-000959",
      "request_source": "arbitrary",
      "width": 959,
      "height": 539,
      "rgb": "court-sample-000959/rgb.npy",
      "rgb_preview": "court-sample-000959/rgb.png",
      "alpha": "court-sample-000959/alpha.npy",
      "alpha_preview": "court-sample-000959/alpha.png",
      "depth": "court-sample-000959/depth.npy"
    },
    {
      "camera_id": "court-sample-000960",
      "request_source": "arbitrary",
      "width": 959,
      "height": 539,
      "rgb": "court-sample-000960/rgb.npy",
      "rgb_preview": "court-sample-000960/rgb.png",
      "alpha": "court-sample-000960/alpha.npy",
      "alpha_preview": "court-sample-000960/alpha.png",
      "depth": "court-sample-000960/depth.npy"
    },
    {
      "camera_id": "court-sample-000961",
      "request_source": "arbitrary",
      "width": 959,
      "height": 539,
      "rgb": "court-sample-000961/rgb.npy",
      "rgb_preview": "court-sample-000961/rgb.png",
      "alpha": "court-sample-000961/alpha.npy",
      "alpha_preview": "court-sample-000961/alpha.png",
      "depth": "court-sample-000961/depth.npy"
    },
    {
      "camera_id": "court-sample-000962",
      "request_source": "arbitrary",
      "width": 959,
      "height": 539,
      "rgb": "court-sample-000962/rgb.npy",
      "rgb_preview": "court-sample-000962/rgb.png",
      "alpha": "court-sample-000962/alpha.npy",
      "alpha_preview": "court-sample-000962/alpha.png",
      "depth": "court-sample-000962/depth.npy"
    },
    {
      "camera_id": "court-sample-000963",
      "request_source": "arbitrary",
      "width": 959,
      "height": 539,
      "rgb": "court-sample-000963/rgb.npy",
      "rgb_preview": "court-sample-000963/rgb.png",
      "alpha": "court-sample-000963/alpha.npy",
      "alpha_preview": "court-sample-000963/alpha.png",
      "depth": "court-sample-000963/depth.npy"
    },
    {
      "camera_id": "court-sample-000964",
      "request_source": "arbitrary",
      "width": 959,
      "height": 539,
      "rgb": "court-sample-000964/rgb.npy",
      "rgb_preview": "court-sample-000964/rgb.png",
      "alpha": "court-sample-000964/alpha.npy",
      "alpha_preview": "court-sample-000964/alpha.png",
      "depth": "court-sample-000964/depth.npy"
    },
    {
      "camera_id": "court-sample-000965",
      "request_source": "arbitrary",
      "width": 959,
      "height": 539,
      "rgb": "court-sample-000965/rgb.npy",
      "rgb_preview": "court-sample-000965/rgb.png",
      "alpha": "court-sample-000965/alpha.npy",
      "alpha_preview": "court-sample-000965/alpha.png",
      "depth": "court-sample-000965/depth.npy"
    },
    {
      "camera_id": "court-sample-000966",
      "request_source": "arbitrary",
      "width": 959,
      "height": 539,
      "rgb": "court-sample-000966/rgb.npy",
      "rgb_preview": "court-sample-000966/rgb.png",
      "alpha": "court-sample-000966/alpha.npy",
      "alpha_preview": "court-sample-000966/alpha.png",
      "depth": "court-sample-000966/depth.npy"
    },
    {
      "camera_id": "court-sample-000967",
      "request_source": "arbitrary",
      "width": 959,
      "height": 539,
      "rgb": "court-sample-000967/rgb.npy",
      "rgb_preview": "court-sample-000967/rgb.png",
      "alpha": "court-sample-000967/alpha.npy",
      "alpha_preview": "court-sample-000967/alpha.png",
      "depth": "court-sample-000967/depth.npy"
    },
    {
      "camera_id": "court-sample-000968",
      "request_source": "arbitrary",
      "width": 959,
      "height": 539,
      "rgb": "court-sample-000968/rgb.npy",
      "rgb_preview": "court-sample-000968/rgb.png",
      "alpha": "court-sample-000968/alpha.npy",
      "alpha_preview": "court-sample-000968/alpha.png",
      "depth": "court-sample-000968/depth.npy"
    },
    {
      "camera_id": "court-sample-000969",
      "request_source": "arbitrary",
      "width": 959,
      "height": 539,
      "rgb": "court-sample-000969/rgb.npy",
      "rgb_preview": "court-sample-000969/rgb.png",
      "alpha": "court-sample-000969/alpha.npy",
      "alpha_preview": "court-sample-000969/alpha.png",
      "depth": "court-sample-000969/depth.npy"
    },
    {
      "camera_id": "court-sample-000970",
      "request_source": "arbitrary",
      "width": 959,
      "height": 539,
      "rgb": "court-sample-000970/rgb.npy",
      "rgb_preview": "court-sample-000970/rgb.png",
      "alpha": "court-sample-000970/alpha.npy",
      "alpha_preview": "court-sample-000970/alpha.png",
      "depth": "court-sample-000970/depth.npy"
    },
    {
      "camera_id": "court-sample-000971",
      "request_source": "arbitrary",
      "width": 959,
      "height": 539,
      "rgb": "court-sample-000971/rgb.npy",
      "rgb_preview": "court-sample-000971/rgb.png",
      "alpha": "court-sample-000971/alpha.npy",
      "alpha_preview": "court-sample-000971/alpha.png",
      "depth": "court-sample-000971/depth.npy"
    },
    {
      "camera_id": "court-sample-000972",
      "request_source": "arbitrary",
      "width": 959,
      "height": 539,
      "rgb": "court-sample-000972/rgb.npy",
      "rgb_preview": "court-sample-000972/rgb.png",
      "alpha": "court-sample-000972/alpha.npy",
      "alpha_preview": "court-sample-000972/alpha.png",
      "depth": "court-sample-000972/depth.npy"
    },
    {
      "camera_id": "court-sample-000973",
      "request_source": "arbitrary",
      "width": 959,
      "height": 539,
      "rgb": "court-sample-000973/rgb.npy",
      "rgb_preview": "court-sample-000973/rgb.png",
      "alpha": "court-sample-000973/alpha.npy",
      "alpha_preview": "court-sample-000973/alpha.png",
      "depth": "court-sample-000973/depth.npy"
    },
    {
      "camera_id": "court-sample-000974",
      "request_source": "arbitrary",
      "width": 959,
      "height": 539,
      "rgb": "court-sample-000974/rgb.npy",
      "rgb_preview": "court-sample-000974/rgb.png",
      "alpha": "court-sample-000974/alpha.npy",
      "alpha_preview": "court-sample-000974/alpha.png",
      "depth": "court-sample-000974/depth.npy"
    },
    {
      "camera_id": "court-sample-000975",
      "request_source": "arbitrary",
      "width": 959,
      "height": 539,
      "rgb": "court-sample-000975/rgb.npy",
      "rgb_preview": "court-sample-000975/rgb.png",
      "alpha": "court-sample-000975/alpha.npy",
      "alpha_preview": "court-sample-000975/alpha.png",
      "depth": "court-sample-000975/depth.npy"
    },
    {
      "camera_id": "court-sample-000976",
      "request_source": "arbitrary",
      "width": 959,
      "height": 539,
      "rgb": "court-sample-000976/rgb.npy",
      "rgb_preview": "court-sample-000976/rgb.png",
      "alpha": "court-sample-000976/alpha.npy",
      "alpha_preview": "court-sample-000976/alpha.png",
      "depth": "court-sample-000976/depth.npy"
    },
    {
      "camera_id": "court-sample-000977",
      "request_source": "arbitrary",
      "width": 959,
      "height": 539,
      "rgb": "court-sample-000977/rgb.npy",
      "rgb_preview": "court-sample-000977/rgb.png",
      "alpha": "court-sample-000977/alpha.npy",
      "alpha_preview": "court-sample-000977/alpha.png",
      "depth": "court-sample-000977/depth.npy"
    },
    {
      "camera_id": "court-sample-000978",
      "request_source": "arbitrary",
      "width": 959,
      "height": 539,
      "rgb": "court-sample-000978/rgb.npy",
      "rgb_preview": "court-sample-000978/rgb.png",
      "alpha": "court-sample-000978/alpha.npy",
      "alpha_preview": "court-sample-000978/alpha.png",
      "depth": "court-sample-000978/depth.npy"
    },
    {
      "camera_id": "court-sample-000979",
      "request_source": "arbitrary",
      "width": 959,
      "height": 539,
      "rgb": "court-sample-000979/rgb.npy",
      "rgb_preview": "court-sample-000979/rgb.png",
      "alpha": "court-sample-000979/alpha.npy",
      "alpha_preview": "court-sample-000979/alpha.png",
      "depth": "court-sample-000979/depth.npy"
    },
    {
      "camera_id": "court-sample-000980",
      "request_source": "arbitrary",
      "width": 959,
      "height": 539,
      "rgb": "court-sample-000980/rgb.npy",
      "rgb_preview": "court-sample-000980/rgb.png",
      "alpha": "court-sample-000980/alpha.npy",
      "alpha_preview": "court-sample-000980/alpha.png",
      "depth": "court-sample-000980/depth.npy"
    },
    {
      "camera_id": "court-sample-000981",
      "request_source": "arbitrary",
      "width": 959,
      "height": 539,
      "rgb": "court-sample-000981/rgb.npy",
      "rgb_preview": "court-sample-000981/rgb.png",
      "alpha": "court-sample-000981/alpha.npy",
      "alpha_preview": "court-sample-000981/alpha.png",
      "depth": "court-sample-000981/depth.npy"
    },
    {
      "camera_id": "court-sample-000982",
      "request_source": "arbitrary",
      "width": 959,
      "height": 539,
      "rgb": "court-sample-000982/rgb.npy",
      "rgb_preview": "court-sample-000982/rgb.png",
      "alpha": "court-sample-000982/alpha.npy",
      "alpha_preview": "court-sample-000982/alpha.png",
      "depth": "court-sample-000982/depth.npy"
    },
    {
      "camera_id": "court-sample-000983",
      "request_source": "arbitrary",
      "width": 959,
      "height": 539,
      "rgb": "court-sample-000983/rgb.npy",
      "rgb_preview": "court-sample-000983/rgb.png",
      "alpha": "court-sample-000983/alpha.npy",
      "alpha_preview": "court-sample-000983/alpha.png",
      "depth": "court-sample-000983/depth.npy"
    },
    {
      "camera_id": "court-sample-000984",
      "request_source": "arbitrary",
      "width": 959,
      "height": 539,
      "rgb": "court-sample-000984/rgb.npy",
      "rgb_preview": "court-sample-000984/rgb.png",
      "alpha": "court-sample-000984/alpha.npy",
      "alpha_preview": "court-sample-000984/alpha.png",
      "depth": "court-sample-000984/depth.npy"
    },
    {
      "camera_id": "court-sample-000985",
      "request_source": "arbitrary",
      "width": 959,
      "height": 539,
      "rgb": "court-sample-000985/rgb.npy",
      "rgb_preview": "court-sample-000985/rgb.png",
      "alpha": "court-sample-000985/alpha.npy",
      "alpha_preview": "court-sample-000985/alpha.png",
      "depth": "court-sample-000985/depth.npy"
    },
    {
      "camera_id": "court-sample-000986",
      "request_source": "arbitrary",
      "width": 959,
      "height": 539,
      "rgb": "court-sample-000986/rgb.npy",
      "rgb_preview": "court-sample-000986/rgb.png",
      "alpha": "court-sample-000986/alpha.npy",
      "alpha_preview": "court-sample-000986/alpha.png",
      "depth": "court-sample-000986/depth.npy"
    },
    {
      "camera_id": "court-sample-000987",
      "request_source": "arbitrary",
      "width": 959,
      "height": 539,
      "rgb": "court-sample-000987/rgb.npy",
      "rgb_preview": "court-sample-000987/rgb.png",
      "alpha": "court-sample-000987/alpha.npy",
      "alpha_preview": "court-sample-000987/alpha.png",
      "depth": "court-sample-000987/depth.npy"
    },
    {
      "camera_id": "court-sample-000988",
      "request_source": "arbitrary",
      "width": 959,
      "height": 539,
      "rgb": "court-sample-000988/rgb.npy",
      "rgb_preview": "court-sample-000988/rgb.png",
      "alpha": "court-sample-000988/alpha.npy",
      "alpha_preview": "court-sample-000988/alpha.png",
      "depth": "court-sample-000988/depth.npy"
    },
    {
      "camera_id": "court-sample-000989",
      "request_source": "arbitrary",
      "width": 959,
      "height": 539,
      "rgb": "court-sample-000989/rgb.npy",
      "rgb_preview": "court-sample-000989/rgb.png",
      "alpha": "court-sample-000989/alpha.npy",
      "alpha_preview": "court-sample-000989/alpha.png",
      "depth": "court-sample-000989/depth.npy"
    },
    {
      "camera_id": "court-sample-000990",
      "request_source": "arbitrary",
      "width": 959,
      "height": 539,
      "rgb": "court-sample-000990/rgb.npy",
      "rgb_preview": "court-sample-000990/rgb.png",
      "alpha": "court-sample-000990/alpha.npy",
      "alpha_preview": "court-sample-000990/alpha.png",
      "depth": "court-sample-000990/depth.npy"
    },
    {
      "camera_id": "court-sample-000991",
      "request_source": "arbitrary",
      "width": 959,
      "height": 539,
      "rgb": "court-sample-000991/rgb.npy",
      "rgb_preview": "court-sample-000991/rgb.png",
      "alpha": "court-sample-000991/alpha.npy",
      "alpha_preview": "court-sample-000991/alpha.png",
      "depth": "court-sample-000991/depth.npy"
    },
    {
      "camera_id": "court-sample-000992",
      "request_source": "arbitrary",
      "width": 959,
      "height": 539,
      "rgb": "court-sample-000992/rgb.npy",
      "rgb_preview": "court-sample-000992/rgb.png",
      "alpha": "court-sample-000992/alpha.npy",
      "alpha_preview": "court-sample-000992/alpha.png",
      "depth": "court-sample-000992/depth.npy"
    },
    {
      "camera_id": "court-sample-000993",
      "request_source": "arbitrary",
      "width": 959,
      "height": 539,
      "rgb": "court-sample-000993/rgb.npy",
      "rgb_preview": "court-sample-000993/rgb.png",
      "alpha": "court-sample-000993/alpha.npy",
      "alpha_preview": "court-sample-000993/alpha.png",
      "depth": "court-sample-000993/depth.npy"
    },
    {
      "camera_id": "court-sample-000994",
      "request_source": "arbitrary",
      "width": 959,
      "height": 539,
      "rgb": "court-sample-000994/rgb.npy",
      "rgb_preview": "court-sample-000994/rgb.png",
      "alpha": "court-sample-000994/alpha.npy",
      "alpha_preview": "court-sample-000994/alpha.png",
      "depth": "court-sample-000994/depth.npy"
    },
    {
      "camera_id": "court-sample-000995",
      "request_source": "arbitrary",
      "width": 959,
      "height": 539,
      "rgb": "court-sample-000995/rgb.npy",
      "rgb_preview": "court-sample-000995/rgb.png",
      "alpha": "court-sample-000995/alpha.npy",
      "alpha_preview": "court-sample-000995/alpha.png",
      "depth": "court-sample-000995/depth.npy"
    },
    {
      "camera_id": "court-sample-000996",
      "request_source": "arbitrary",
      "width": 959,
      "height": 539,
      "rgb": "court-sample-000996/rgb.npy",
      "rgb_preview": "court-sample-000996/rgb.png",
      "alpha": "court-sample-000996/alpha.npy",
      "alpha_preview": "court-sample-000996/alpha.png",
      "depth": "court-sample-000996/depth.npy"
    },
    {
      "camera_id": "court-sample-000997",
      "request_source": "arbitrary",
      "width": 959,
      "height": 539,
      "rgb": "court-sample-000997/rgb.npy",
      "rgb_preview": "court-sample-000997/rgb.png",
      "alpha": "court-sample-000997/alpha.npy",
      "alpha_preview": "court-sample-000997/alpha.png",
      "depth": "court-sample-000997/depth.npy"
    },
    {
      "camera_id": "court-sample-000998",
      "request_source": "arbitrary",
      "width": 959,
      "height": 539,
      "rgb": "court-sample-000998/rgb.npy",
      "rgb_preview": "court-sample-000998/rgb.png",
      "alpha": "court-sample-000998/alpha.npy",
      "alpha_preview": "court-sample-000998/alpha.png",
      "depth": "court-sample-000998/depth.npy"
    },
    {
      "camera_id": "court-sample-000999",
      "request_source": "arbitrary",
      "width": 959,
      "height": 539,
      "rgb": "court-sample-000999/rgb.npy",
      "rgb_preview": "court-sample-000999/rgb.png",
      "alpha": "court-sample-000999/alpha.npy",
      "alpha_preview": "court-sample-000999/alpha.png",
      "depth": "court-sample-000999/depth.npy"
    },
    {
      "camera_id": "court-sample-001000",
      "request_source": "arbitrary",
      "width": 959,
      "height": 539,
      "rgb": "court-sample-001000/rgb.npy",
      "rgb_preview": "court-sample-001000/rgb.png",
      "alpha": "court-sample-001000/alpha.npy",
      "alpha_preview": "court-sample-001000/alpha.png",
      "depth": "court-sample-001000/depth.npy"
    },
    {
      "camera_id": "court-sample-001001",
      "request_source": "arbitrary",
      "width": 959,
      "height": 539,
      "rgb": "court-sample-001001/rgb.npy",
      "rgb_preview": "court-sample-001001/rgb.png",
      "alpha": "court-sample-001001/alpha.npy",
      "alpha_preview": "court-sample-001001/alpha.png",
      "depth": "court-sample-001001/depth.npy"
    },
    {
      "camera_id": "court-sample-001002",
      "request_source": "arbitrary",
      "width": 959,
      "height": 539,
      "rgb": "court-sample-001002/rgb.npy",
      "rgb_preview": "court-sample-001002/rgb.png",
      "alpha": "court-sample-001002/alpha.npy",
      "alpha_preview": "court-sample-001002/alpha.png",
      "depth": "court-sample-001002/depth.npy"
    },
    {
      "camera_id": "court-sample-001003",
      "request_source": "arbitrary",
      "width": 959,
      "height": 539,
      "rgb": "court-sample-001003/rgb.npy",
      "rgb_preview": "court-sample-001003/rgb.png",
      "alpha": "court-sample-001003/alpha.npy",
      "alpha_preview": "court-sample-001003/alpha.png",
      "depth": "court-sample-001003/depth.npy"
    },
    {
      "camera_id": "court-sample-001004",
      "request_source": "arbitrary",
      "width": 959,
      "height": 539,
      "rgb": "court-sample-001004/rgb.npy",
      "rgb_preview": "court-sample-001004/rgb.png",
      "alpha": "court-sample-001004/alpha.npy",
      "alpha_preview": "court-sample-001004/alpha.png",
      "depth": "court-sample-001004/depth.npy"
    },
    {
      "camera_id": "court-sample-001005",
      "request_source": "arbitrary",
      "width": 959,
      "height": 539,
      "rgb": "court-sample-001005/rgb.npy",
      "rgb_preview": "court-sample-001005/rgb.png",
      "alpha": "court-sample-001005/alpha.npy",
      "alpha_preview": "court-sample-001005/alpha.png",
      "depth": "court-sample-001005/depth.npy"
    },
    {
      "camera_id": "court-sample-001006",
      "request_source": "arbitrary",
      "width": 959,
      "height": 539,
      "rgb": "court-sample-001006/rgb.npy",
      "rgb_preview": "court-sample-001006/rgb.png",
      "alpha": "court-sample-001006/alpha.npy",
      "alpha_preview": "court-sample-001006/alpha.png",
      "depth": "court-sample-001006/depth.npy"
    },
    {
      "camera_id": "court-sample-001007",
      "request_source": "arbitrary",
      "width": 959,
      "height": 539,
      "rgb": "court-sample-001007/rgb.npy",
      "rgb_preview": "court-sample-001007/rgb.png",
      "alpha": "court-sample-001007/alpha.npy",
      "alpha_preview": "court-sample-001007/alpha.png",
      "depth": "court-sample-001007/depth.npy"
    },
    {
      "camera_id": "court-sample-001008",
      "request_source": "arbitrary",
      "width": 959,
      "height": 539,
      "rgb": "court-sample-001008/rgb.npy",
      "rgb_preview": "court-sample-001008/rgb.png",
      "alpha": "court-sample-001008/alpha.npy",
      "alpha_preview": "court-sample-001008/alpha.png",
      "depth": "court-sample-001008/depth.npy"
    },
    {
      "camera_id": "court-sample-001009",
      "request_source": "arbitrary",
      "width": 959,
      "height": 539,
      "rgb": "court-sample-001009/rgb.npy",
      "rgb_preview": "court-sample-001009/rgb.png",
      "alpha": "court-sample-001009/alpha.npy",
      "alpha_preview": "court-sample-001009/alpha.png",
      "depth": "court-sample-001009/depth.npy"
    },
    {
      "camera_id": "court-sample-001010",
      "request_source": "arbitrary",
      "width": 959,
      "height": 539,
      "rgb": "court-sample-001010/rgb.npy",
      "rgb_preview": "court-sample-001010/rgb.png",
      "alpha": "court-sample-001010/alpha.npy",
      "alpha_preview": "court-sample-001010/alpha.png",
      "depth": "court-sample-001010/depth.npy"
    },
    {
      "camera_id": "court-sample-001011",
      "request_source": "arbitrary",
      "width": 959,
      "height": 539,
      "rgb": "court-sample-001011/rgb.npy",
      "rgb_preview": "court-sample-001011/rgb.png",
      "alpha": "court-sample-001011/alpha.npy",
      "alpha_preview": "court-sample-001011/alpha.png",
      "depth": "court-sample-001011/depth.npy"
    },
    {
      "camera_id": "court-sample-001012",
      "request_source": "arbitrary",
      "width": 959,
      "height": 539,
      "rgb": "court-sample-001012/rgb.npy",
      "rgb_preview": "court-sample-001012/rgb.png",
      "alpha": "court-sample-001012/alpha.npy",
      "alpha_preview": "court-sample-001012/alpha.png",
      "depth": "court-sample-001012/depth.npy"
    },
    {
      "camera_id": "court-sample-001013",
      "request_source": "arbitrary",
      "width": 959,
      "height": 539,
      "rgb": "court-sample-001013/rgb.npy",
      "rgb_preview": "court-sample-001013/rgb.png",
      "alpha": "court-sample-001013/alpha.npy",
      "alpha_preview": "court-sample-001013/alpha.png",
      "depth": "court-sample-001013/depth.npy"
    },
    {
      "camera_id": "court-sample-001014",
      "request_source": "arbitrary",
      "width": 959,
      "height": 539,
      "rgb": "court-sample-001014/rgb.npy",
      "rgb_preview": "court-sample-001014/rgb.png",
      "alpha": "court-sample-001014/alpha.npy",
      "alpha_preview": "court-sample-001014/alpha.png",
      "depth": "court-sample-001014/depth.npy"
    },
    {
      "camera_id": "court-sample-001015",
      "request_source": "arbitrary",
      "width": 959,
      "height": 539,
      "rgb": "court-sample-001015/rgb.npy",
      "rgb_preview": "court-sample-001015/rgb.png",
      "alpha": "court-sample-001015/alpha.npy",
      "alpha_preview": "court-sample-001015/alpha.png",
      "depth": "court-sample-001015/depth.npy"
    }
  ]
}
COMPLETE B02 completed
