mode,refiner_input,camera,frame,pts,error_px,nll_px,winner
raw,pipeline,cam2,33,1650000,17.045007709018023,8.116207955506844,0
raw,pipeline,cam2,34,1700000,103.16314589635527,9.124012449603555,0
raw,pipeline,cam2,35,1750000,113.6592168145679,10.268114108479114,0
raw,pipeline,cam2,36,1800000,118.73728974586278,9.208817418069593,0
raw,pipeline,cam2,37,1850000,120.85441178741253,7.372616190948192,0
raw,pipeline,cam2,38,1900000,126.53643198634317,8.747918633668045,0
raw,pipeline,cam2,39,1950000,131.37734173507027,9.20096543849388,0
raw,pipeline,cam2,40,2000000,138.19789346997493,7.93351747079868,0
raw,pipeline,cam2,41,2050000,141.76420482204188,9.720847570220998,0
raw,pipeline,cam2,42,2100000,29.613707935874217,8.374318167759348,3
raw,pipeline,cam2,43,2150000,21.504925128551054,9.167395697807411,3
raw,pipeline,cam2,44,2200000,29.34324356010972,8.566006363762572,3
raw,pipeline,cam2,45,2250000,36.152135888854545,8.389387294454039,3
raw,pipeline,cam2,46,2300000,9.170850419223243,6.95543906990905,0
raw,pipeline,cam2,47,2350000,4.906861212714351,5.6341666347725035,0
raw,pipeline,cam2,48,2400000,2.973160647473829,4.8542700881935446,0
raw,pipeline,cam2,49,2450000,2.253896586476819,4.744506589497281,0
raw,pipeline,cam2,50,2500000,1.791227601033657,4.775301692321506,0
raw,pipeline,cam2,51,2550000,2.3916355034051393,4.578910383902038,0
raw,pipeline,cam2,52,2600000,2.2814550818135126,4.407927381001786,0
raw,pipeline,cam2,55,2750000,2.342431294281299,4.874565801292354,0
raw,pipeline,cam2,56,2800000,2.5921885973738092,4.8673378318079354,0
raw,pipeline,cam2,57,2850000,1.1876263213091798,4.405043581081079,0
raw,pipeline,cam2,58,2900000,0.24014855561157522,3.963265881515392,0
raw,pipeline,cam2,59,2950000,0.3368705558171739,3.841760020930467,0
raw,pipeline,cam2,60,3000000,0.7922996905303058,4.014418180738392,0
raw,pipeline,cam2,61,3050000,3.4326681704806288,5.014289896093079,0
raw,pipeline,cam2,62,3100000,6.156219371484369,6.291855270409156,0
raw,pipeline,cam2,63,3150000,5.700726052785914,5.761311986809908,0
raw,pipeline,cam2,64,3200000,4.095728397138076,4.923856304082699,0
raw,pipeline,cam2,65,3250000,2.145375976376687,4.273937575722005,0
raw,pipeline,cam2,66,3300000,2.959142684121019,4.491673913239776,0
raw,pipeline,cam2,67,3350000,0.46013101843261034,4.167078103892898,0
raw,pipeline,cam2,68,3400000,1.6460477295230813,4.109908696904039,0
raw,pipeline,cam2,69,3450000,3.3391891987150735,4.674306936583031,0
raw,pipeline,cam2,70,3500000,2.04366968041506,4.062672628472699,0
raw,pipeline,cam2,71,3550000,2.004205394660607,4.130021201296607,0
raw,pipeline,cam2,72,3600000,3.169240269197189,4.747726650528678,0
raw,pipeline,cam2,73,3650000,7.0100061736029655,6.749142026255051,0
raw,pipeline,cam2,74,3700000,78.71640443047633,11.809845860947428,1
raw,pipeline,cam2,75,3750000,83.48546242792001,11.454733682199524,1
raw,pipeline,cam2,76,3800000,86.32309812802625,12.182773992801685,1
raw,pipeline,cam2,77,3850000,98.24325807392584,11.511412180200551,1
raw,pipeline,cam2,78,3900000,1.672926259343021,5.448075565930731,0
raw,pipeline,cam2,79,3950000,1.4950810569666093,4.576086390473879,0
raw,pipeline,cam2,80,4000000,1.9111474353149382,4.491111593404272,0
raw,pipeline,cam2,81,4050000,0.3788880400869522,4.231440830109749,0
raw,pipeline,cam2,82,4100000,5.17940492011245,5.632620195939726,0
raw,pipeline,cam2,83,4150000,5.462854140223292,5.744441523948172,0
raw,pipeline,cam2,84,4200000,8.091126867453353,8.040746362581688,0
raw,pipeline,cam2,85,4250000,8.103276278723218,7.882998562017615,0
raw,pipeline,cam2,86,4300000,4.166866294437391,4.974261019502782,0
raw,pipeline,cam2,87,4350000,1.2232146561801367,4.0141304049651545,0
raw,pipeline,cam2,88,4400000,3.1920546753268466,4.560717989531259,0
raw,pipeline,cam2,89,4450000,3.206672998385457,4.541961951000836,0
raw,pipeline,cam2,90,4500000,5.512020224119337,5.6288475864874545,0
raw,pipeline,cam2,91,4550000,4.735239583836978,5.345309920093879,0
raw,pipeline,cam2,92,4600000,4.83569037923589,5.425396735471649,0
raw,pipeline,cam2,93,4650000,3.4377167114682594,4.699909506304563,0
raw,pipeline,cam2,94,4700000,2.17719868218595,4.306092082433205,0
raw,pipeline,cam2,95,4750000,2.53495234755518,4.254812189795588,0
raw,pipeline,cam2,96,4800000,3.197694816363403,4.714057668407664,0
raw,pipeline,cam2,97,4850000,3.2736707044690108,4.777296414844072,0
raw,pipeline,cam2,98,4900000,3.656523973486751,4.980656734520537,0
raw,pipeline,cam2,99,4950000,3.449491015884189,4.783789846830027,0
raw,pipeline,cam2,101,5050000,0.971040077673967,4.117845106159368,0
raw,pipeline,cam2,102,5100000,2.8301997831708015,4.598775715189904,0
raw,pipeline,cam2,103,5150000,4.098535702554308,5.324703718381592,0
raw,pipeline,cam2,104,5200000,2.8210524839608344,5.380840564036003,0
raw,pipeline,cam2,105,5250000,1.257989290815727,5.760334265959054,0
raw,pipeline,cam2,106,5300000,26.531168018424076,8.820456016227537,3
raw,pipeline,cam2,107,5350000,20.061577492960993,8.280220978604333,3
raw,pipeline,cam2,108,5400000,36.53048961272676,8.966798361077966,3
raw,pipeline,cam2,111,5550000,11.05898562596954,6.851074012702822,0
raw,pipeline,cam2,112,5600000,9.275191449421131,6.329434390007199,0
raw,pipeline,cam2,113,5650000,8.796790569565996,6.302581051749211,0
raw,pipeline,cam2,114,5700000,2.6266529626600805,4.350964736177481,0
raw,pipeline,cam2,115,5750000,1.3541989587448373,3.750830187081494,0
raw,pipeline,cam2,116,5800000,1.541545579800311,3.94585370683291,0
raw,pipeline,cam2,117,5850000,2.564616245224737,4.141241007125721,0
raw,pipeline,cam2,118,5900000,1.274231861906938,3.90210618775731,0
raw,pipeline,cam2,119,5950000,2.5621246836958367,4.120920413764541,0
raw,pipeline,cam2,120,6000000,2.742442600691455,4.020274931971283,0
raw,pipeline,cam2,121,6050000,2.821672973130478,3.91761505101657,0
raw,pipeline,cam2,122,6100000,2.471748179734121,4.253994687718814,0
raw,pipeline,cam2,123,6150000,3.2007398518158867,4.493337756725044,0
raw,pipeline,cam2,124,6200000,0.3584511805634772,3.4376981703405107,0
raw,pipeline,cam2,125,6250000,1.6228623914823657,3.605139729927398,0
raw,pipeline,cam2,126,6300000,0.20471285344054124,3.3816600813052258,0
raw,pipeline,cam2,127,6350000,0.9900692362120945,3.693649790233156,0
raw,pipeline,cam2,128,6400000,0.9076231821680995,3.5449596477920906,0
raw,pipeline,cam2,129,6450000,1.7036900031329376,3.774131810555387,0
raw,pipeline,cam2,130,6500000,2.904264536651119,4.35052963798231,0
raw,pipeline,cam2,131,6550000,0.9536091285088198,4.053229751276298,0
raw,pipeline,cam2,132,6600000,0.6747777339159755,4.140920346938056,0
raw,pipeline,cam2,136,6800000,1.8019348638227197,4.0687369859468525,0
raw,pipeline,cam2,137,6850000,1.0149671925323775,3.8127729224889038,0
raw,pipeline,cam2,138,6900000,1.504057498955519,3.6204281062515236,0
raw,pipeline,cam2,139,6950000,2.2696244157579923,3.9845418720431294,0
raw,pipeline,cam2,140,7000000,2.165100057579571,3.9137029893393436,0
raw,pipeline,cam2,141,7050000,1.3317693750910196,3.7453612989815106,0
raw,pipeline,cam2,142,7100000,1.7146313477435742,3.8099722237070193,0
raw,pipeline,cam2,143,7150000,2.596071595465599,4.256692770088598,0
raw,pipeline,cam2,144,7200000,2.0753748340332483,4.215028085070866,0
raw,pipeline,cam2,145,7250000,1.5822341795786101,3.80315454504003,0
raw,pipeline,cam2,146,7300000,1.8238277001708183,3.8506128764144876,0
raw,pipeline,cam2,147,7350000,1.1080308222042123,3.655142984526071,0
raw,pipeline,cam2,148,7400000,3.8413895823503137,4.874551050018198,0
raw,pipeline,cam2,149,7450000,0.36027430158701473,3.4437937646843597,0
raw,pipeline,cam2,150,7500000,1.610293405596688,3.787014382164081,0
raw,pipeline,cam2,151,7550000,1.0932806282102832,3.701376195226512,0
raw,pipeline,cam2,152,7600000,1.6065874360866483,3.7789430143460354,0
raw,pipeline,cam2,153,7650000,3.3832524531616186,4.321037509933509,0
raw,pipeline,cam2,154,7700000,1.8871265754786863,3.8346059642831882,0
raw,pipeline,cam2,155,7750000,1.9187596589765448,3.936258130764122,0
raw,pipeline,cam2,156,7800000,2.1230270373740985,3.915639090822024,0
raw,pipeline,cam2,157,7850000,2.0583038729535716,3.9004060088023067,0
raw,pipeline,cam2,158,7900000,1.2371132614528935,3.7035473264279286,0
raw,pipeline,cam2,159,7950000,1.1725737022551863,3.7179263159586267,0
raw,pipeline,cam2,160,8000000,0.30489361986374425,3.596305799937527,0
raw,pipeline,cam2,161,8050000,0.7165677612334223,3.5810577930102916,0
raw,pipeline,cam2,162,8100000,0.45648627258584434,3.456375857977747,0
raw,pipeline,cam2,163,8150000,0.8876363124332167,3.409564434267894,0
raw,pipeline,cam2,164,8200000,1.5111032053370652,3.881222945053185,0
raw,pipeline,cam2,165,8250000,1.6348676633153072,3.850262939777327,0
raw,pipeline,cam2,166,8300000,2.69982838861611,4.161973157997414,0
raw,pipeline,cam2,167,8350000,2.355065712517448,3.9404129650936763,0
raw,pipeline,cam2,168,8400000,1.9045940283176066,3.6891643971716146,0
raw,pipeline,cam2,169,8450000,2.1637290175467254,3.994947087082629,0
raw,pipeline,cam2,170,8500000,7.3218929857330854,6.978791034448558,0
raw,pipeline,cam2,171,8550000,4.111334358929189,5.0922753027235625,0
raw,pipeline,cam2,172,8600000,1.7258045338339743,4.130667968178887,0
raw,pipeline,cam2,176,8800000,4.722144269458259,5.731240632448536,0
raw,pipeline,cam2,177,8850000,11.208430103286855,8.132624423850594,0
raw,pipeline,cam2,178,8900000,9.551925350749798,7.135796554526642,0
raw,pipeline,cam2,181,9050000,6.057831274231313,6.102659611307374,0
raw,pipeline,cam2,182,9100000,3.3859134153623898,5.200788640660059,0
raw,pipeline,cam2,183,9150000,3.1266134369601497,4.892692586894359,0
raw,pipeline,cam2,184,9200000,3.7735422154701923,4.50987247564521,0
raw,pipeline,cam2,185,9250000,3.757514097318788,4.718001290346258,0
raw,pipeline,cam2,186,9300000,2.9629823772079935,4.488062274495169,0
raw,pipeline,cam2,187,9350000,1.0358048419974177,4.414810711661415,0
raw,pipeline,cam2,188,9400000,1.9531981186051628,4.171145267283327,0
raw,pipeline,cam2,189,9450000,2.112115786823672,4.089134229452435,0
raw,pipeline,cam2,190,9500000,1.2115714363093297,4.323203678813407,0
raw,pipeline,cam2,191,9550000,1.060499448228737,4.1680783904282155,0
raw,pipeline,cam2,192,9600000,2.311289012908339,4.265819397134695,0
raw,pipeline,cam2,193,9650000,2.3246562157279933,4.2227615626101915,0
raw,pipeline,cam2,194,9700000,2.837756815001417,4.368145125468171,0
raw,pipeline,cam2,195,9750000,1.1381013868869965,3.781388803699066,0
raw,pipeline,cam2,196,9800000,1.875639905342463,4.108892849629488,0
raw,pipeline,cam2,197,9850000,1.5811812319601404,4.265189116551976,0
raw,pipeline,cam2,198,9900000,4.964311687600711,5.594223620035546,0
raw,pipeline,cam2,199,9950000,1.681327298047064,3.9550278487853916,0
raw,pipeline,cam2,200,10000000,3.2946725147710403,4.566850268770775,0
raw,pipeline,cam2,201,10050000,1.192195758185553,3.805567674272396,0
raw,pipeline,cam2,202,10100000,1.7634456808667462,4.04316585943006,0
raw,pipeline,cam2,203,10150000,1.528329691237122,4.012392048721333,0
raw,pipeline,cam2,204,10200000,1.0080554868369849,4.20907998270593,0
raw,pipeline,cam2,205,10250000,0.9930469896712265,3.764608531596835,0
raw,pipeline,cam2,206,10300000,2.303890308881448,4.985436133661274,0
raw,pipeline,cam2,207,10350000,2.6369669529367865,4.693657262692298,0
raw,pipeline,cam2,215,10750000,2.319684995414235,5.334975249841943,0
raw,pipeline,cam2,216,10800000,2.4249293109689676,4.817117041845728,0
raw,pipeline,cam2,217,10850000,59.72298140569785,7.094534488793367,3
raw,pipeline,cam2,218,10900000,3.488473675948351,5.46214703245087,0
raw,pipeline,cam2,219,10950000,6.753987264327808,6.966098377776964,0
raw,pipeline,cam2,220,11000000,20.830401348920695,7.696188063745668,0
raw,pipeline,cam2,221,11050000,23.70182809787762,7.970467167544431,0
raw,pipeline,cam2,222,11100000,12.763437032430387,7.948865978654526,0
raw,pipeline,cam2,223,11150000,8.108154511327257,7.18201097751629,0
raw,pipeline,cam2,224,11200000,8.202274071965254,6.907182797714917,0
raw,pipeline,cam2,225,11250000,45.333760548100045,7.435064220970435,3
raw,pipeline,cam2,226,11300000,53.308040487185544,7.683717430153246,3
raw,pipeline,cam2,227,11350000,58.23873972059911,7.830828802246311,3
raw,pipeline,cam2,228,11400000,8.040109497870931,7.043272529328716,0
raw,pipeline,cam2,229,11450000,73.27315805822744,7.932723762538126,3
raw,pipeline,cam2,230,11500000,89.75901383750276,10.352024078255829,3
raw,pipeline,cam2,231,11550000,98.6479697429461,8.639700612314662,3
raw,pipeline,cam2,232,11600000,86.26053086759876,8.652126262834555,3
raw,pipeline,cam2,233,11650000,60.01829187959872,11.69725819095752,3
raw,pipeline,cam2,234,11700000,80.61653609024441,10.856966213977312,3
raw,pipeline,cam2,235,11750000,85.55140353012706,10.963555582495982,3
raw,pipeline,cam2,236,11800000,83.14196608390627,10.993324660758894,3
raw,pipeline,cam2,237,11850000,74.75748548770581,10.89980299108326,3
raw,pipeline,cam2,238,11900000,94.32824192001945,11.024134365741556,3
raw,pipeline,cam2,239,11950000,91.26833130736799,11.011570407326166,3
raw,pipeline,cam2,240,12000000,89.94090167946749,11.048650784831894,3
raw,pipeline,cam2,241,12050000,122.65890515670841,10.685188941502137,3
raw,pipeline,cam2,242,12100000,183.71860243391185,12.20650605034414,3
raw,pipeline,cam2,243,12150000,206.86257659511406,13.080263713622664,3
raw,pipeline,cam2,244,12200000,220.57241930154868,9.432729795317236,3
raw,pipeline,cam2,245,12250000,163.6168050624886,12.610789259125081,3
raw,pipeline,cam2,246,12300000,167.53405812081144,12.948961627639614,3
raw,pipeline,cam2,247,12350000,181.51820242714365,12.302980201357357,3
raw,pipeline,cam2,248,12400000,174.8489945239077,10.262905448345112,3
raw,pipeline,cam2,249,12450000,173.77049431575296,10.978221532412375,3
raw,pipeline,cam2,250,12500000,579.1992438103504,10.528780901926481,1
raw,pipeline,cam2,251,12550000,295.4864366968517,8.65549752444852,0
raw,pipeline,cam2,252,12600000,150.5569071161345,11.272976931077803,3
raw,pipeline,cam2,253,12650000,154.7767638370985,11.298762110018455,3
raw,pipeline,cam2,254,12700000,188.14124598365143,11.321426101072218,3
raw,pipeline,cam2,255,12750000,192.97444667385713,11.86921513262656,3
raw,pipeline,cam2,256,12800000,186.16918053450166,9.566416134536372,3
raw,pipeline,cam2,257,12850000,180.6695384012849,9.141756499207988,3
raw,pipeline,cam2,258,12900000,180.50043374732533,8.762206440909203,3
raw,pipeline,cam2,259,12950000,184.16751233439794,8.958037686426609,3
raw,pipeline,cam2,260,13000000,183.5406659034299,9.361160946964514,3
raw,pipeline,cam2,261,13050000,175.90390237048314,9.658068709174405,3
raw,pipeline,cam2,262,13100000,163.89936914380246,8.698669836797091,3
raw,pipeline,cam2,263,13150000,170.03682837005087,8.58409449857743,3
raw,pipeline,cam2,264,13200000,163.3953863298658,8.61051111844806,3
raw,pipeline,cam2,265,13250000,173.96904526600733,6.7089643512782215,3
raw,pipeline,cam2,266,13300000,6.580787176076434,6.002568084514353,0
raw,pipeline,cam2,267,13350000,5.607541982360214,6.259068417456618,0
raw,pipeline,cam2,268,13400000,5.977256542705989,6.622128669552318,0
raw,pipeline,cam2,269,13450000,2.5820112032303246,5.144407929546997,0
raw,store_coordinate_convention,cam2,33,1650000,17.12078912125165,8.114490504562355,0
raw,store_coordinate_convention,cam2,34,1700000,102.83899430376565,9.11101765895523,0
raw,store_coordinate_convention,cam2,35,1750000,113.33394149386955,10.250955696063645,0
raw,store_coordinate_convention,cam2,36,1800000,118.4093152976172,9.170174445195707,0
raw,store_coordinate_convention,cam2,37,1850000,120.52627238737831,7.390004668750837,0
raw,store_coordinate_convention,cam2,38,1900000,126.20885773266335,8.760015307883183,0
raw,store_coordinate_convention,cam2,39,1950000,131.04921016069247,9.248101441304147,0
raw,store_coordinate_convention,cam2,40,2000000,137.86677930254535,7.956374201961233,0
raw,store_coordinate_convention,cam2,41,2050000,141.4330925198795,9.636684561160799,0
raw,store_coordinate_convention,cam2,42,2100000,29.59462809946881,8.351569910778842,3
raw,store_coordinate_convention,cam2,43,2150000,21.42316746502993,9.177558625686189,3
raw,store_coordinate_convention,cam2,44,2200000,29.384692394674772,8.574685725588903,3
raw,store_coordinate_convention,cam2,45,2250000,36.18678184159481,8.397050100858877,3
raw,store_coordinate_convention,cam2,46,2300000,8.976658684228996,6.876376633709617,0
raw,store_coordinate_convention,cam2,47,2350000,4.749866979268008,5.573397576991701,0
raw,store_coordinate_convention,cam2,48,2400000,2.915116532699415,4.82745785577103,0
raw,store_coordinate_convention,cam2,49,2450000,1.9750464899676812,4.7014925062011965,0
raw,store_coordinate_convention,cam2,50,2500000,1.510740653609094,4.7456353714041075,0
raw,store_coordinate_convention,cam2,51,2550000,2.1112047174221127,4.530329407738762,0
raw,store_coordinate_convention,cam2,52,2600000,2.2008294854789003,4.3861011235623195,0
raw,store_coordinate_convention,cam2,55,2750000,2.0671244424688235,4.831259220354205,0
raw,store_coordinate_convention,cam2,56,2800000,2.34091860851472,4.829703781076438,0
raw,store_coordinate_convention,cam2,57,2850000,0.9128930270705395,4.378389455375585,0
raw,store_coordinate_convention,cam2,58,2900000,0.41386825624307083,3.970859157096095,0
raw,store_coordinate_convention,cam2,59,2950000,0.20734257796521743,3.8376378182002675,0
raw,store_coordinate_convention,cam2,60,3000000,1.0377130790628923,4.041839978778144,0
raw,store_coordinate_convention,cam2,61,3050000,3.6890781109213764,5.126886942275057,0
raw,store_coordinate_convention,cam2,62,3100000,6.36799486805655,6.460169520761568,0
raw,store_coordinate_convention,cam2,63,3150000,5.738510214837006,5.7702823275976325,0
raw,store_coordinate_convention,cam2,64,3200000,4.253405466253593,4.994798116191504,0
raw,store_coordinate_convention,cam2,65,3250000,2.354833367829711,4.3228563069780055,0
raw,store_coordinate_convention,cam2,66,3300000,3.209424675411991,4.583147717169643,0
raw,store_coordinate_convention,cam2,67,3350000,0.4614985592199241,4.168784727027122,0
raw,store_coordinate_convention,cam2,68,3400000,1.6987381966335922,4.128224569936743,0
raw,store_coordinate_convention,cam2,69,3450000,3.5459362523013116,4.76199649601562,0
raw,store_coordinate_convention,cam2,70,3500000,2.2750661211167107,4.123740114008392,0
raw,store_coordinate_convention,cam2,71,3550000,2.04033529675104,4.140673109982123,0
raw,store_coordinate_convention,cam2,72,3600000,3.103171154832953,4.723773868011918,0
raw,store_coordinate_convention,cam2,73,3650000,6.783855071611575,6.5984163102628255,0
raw,store_coordinate_convention,cam2,74,3700000,78.89662093735585,11.820359416274796,1
raw,store_coordinate_convention,cam2,75,3750000,83.67030589037293,11.463435581881313,1
raw,store_coordinate_convention,cam2,76,3800000,86.0928730844496,12.192701235812116,1
raw,store_coordinate_convention,cam2,77,3850000,98.40776362333843,11.519197462053063,1
raw,store_coordinate_convention,cam2,78,3900000,1.8951566481972375,5.468669807970485,0
raw,store_coordinate_convention,cam2,79,3950000,1.3981172407390066,4.562757082344941,0
raw,store_coordinate_convention,cam2,80,4000000,1.8459522134210709,4.476743649074278,0
raw,store_coordinate_convention,cam2,81,4050000,0.38376519844560064,4.231342028639592,0
raw,store_coordinate_convention,cam2,82,4100000,4.929976962184738,5.507300862868242,0
raw,store_coordinate_convention,cam2,83,4150000,5.231569174961557,5.605100409725624,0
raw,store_coordinate_convention,cam2,84,4200000,7.819145460556277,7.790640348427897,0
raw,store_coordinate_convention,cam2,85,4250000,7.835970294025092,7.639364983670078,0
raw,store_coordinate_convention,cam2,86,4300000,3.905393095222589,4.841842706763597,0
raw,store_coordinate_convention,cam2,87,4350000,1.1917530419939408,4.00925813407077,0
raw,store_coordinate_convention,cam2,88,4400000,3.2787978058371055,4.5923815497035,0
raw,store_coordinate_convention,cam2,89,4450000,3.330837044009598,4.58513369546543,0
raw,store_coordinate_convention,cam2,90,4500000,5.7314432809698586,5.763564193766399,0
raw,store_coordinate_convention,cam2,91,4550000,4.838524864569397,5.388479014795518,0
raw,store_coordinate_convention,cam2,92,4600000,4.974880815884047,5.5062984605610215,0
raw,store_coordinate_convention,cam2,93,4650000,3.373464050991818,4.66001635865268,0
raw,store_coordinate_convention,cam2,94,4700000,2.2514449062975728,4.306221348178186,0
raw,store_coordinate_convention,cam2,95,4750000,2.29677906773524,4.1795454134815895,0
raw,store_coordinate_convention,cam2,96,4800000,2.923040130450463,4.593527166025357,0
raw,store_coordinate_convention,cam2,97,4850000,2.998863895998638,4.660289703137661,0
raw,store_coordinate_convention,cam2,98,4900000,3.379632660137475,4.859747999745128,0
raw,store_coordinate_convention,cam2,99,4950000,3.2940227745410273,4.7059432465527955,0
raw,store_coordinate_convention,cam2,101,5050000,0.9961569641597399,4.1173336571366175,0
raw,store_coordinate_convention,cam2,102,5100000,2.750270884302126,4.566989994058858,0
raw,store_coordinate_convention,cam2,103,5150000,3.9132924272176126,5.271977561151838,0
raw,store_coordinate_convention,cam2,104,5200000,2.607454909425308,5.337465899450699,0
raw,store_coordinate_convention,cam2,105,5250000,1.0412630961182692,5.7531067339436195,0
raw,store_coordinate_convention,cam2,106,5300000,26.664673884826865,8.75765581146964,3
raw,store_coordinate_convention,cam2,107,5350000,20.207113832089842,8.248335270294326,3
raw,store_coordinate_convention,cam2,108,5400000,36.75611903087819,8.963690496285807,3
raw,store_coordinate_convention,cam2,111,5550000,11.040199730780081,6.866610468906804,0
raw,store_coordinate_convention,cam2,112,5600000,9.148742773697727,6.301933209434088,0
raw,store_coordinate_convention,cam2,113,5650000,8.565271148547279,6.248323813830245,0
raw,store_coordinate_convention,cam2,114,5700000,2.763438788170932,4.398695008611005,0
raw,store_coordinate_convention,cam2,115,5750000,1.369362415209047,3.7691218459023332,0
raw,store_coordinate_convention,cam2,116,5800000,1.417566086726295,3.92453580551571,0
raw,store_coordinate_convention,cam2,117,5850000,2.3373244086095286,4.064077967426627,0
raw,store_coordinate_convention,cam2,118,5900000,1.0518946391888369,3.863693294672041,0
raw,store_coordinate_convention,cam2,119,5950000,2.659303300579229,4.128393861441653,0
raw,store_coordinate_convention,cam2,120,6000000,2.9510017588765742,4.096864843436334,0
raw,store_coordinate_convention,cam2,121,6050000,3.048476747651426,4.023152529187236,0
raw,store_coordinate_convention,cam2,122,6100000,2.398212806364421,4.228946038752261,0
raw,store_coordinate_convention,cam2,123,6150000,2.9860654365297052,4.420905454755474,0
raw,store_coordinate_convention,cam2,124,6200000,0.19700636320073125,3.4274478783840028,0
raw,store_coordinate_convention,cam2,125,6250000,1.3539371793515484,3.5352767124764437,0
raw,store_coordinate_convention,cam2,126,6300000,0.33348087871526444,3.3938943028678636,0
raw,store_coordinate_convention,cam2,127,6350000,0.8208639952853435,3.674629036905573,0
raw,store_coordinate_convention,cam2,128,6400000,1.024469537593848,3.549353114445445,0
raw,store_coordinate_convention,cam2,129,6450000,1.6955609186648637,3.7309001761899303,0
raw,store_coordinate_convention,cam2,130,6500000,2.89402032771084,4.3211417524364215,0
raw,store_coordinate_convention,cam2,131,6550000,1.1808996509905543,4.076567241174503,0
raw,store_coordinate_convention,cam2,132,6600000,0.5600522341483731,4.133363010738957,0
raw,store_coordinate_convention,cam2,136,6800000,1.644036021063071,4.036384780861027,0
raw,store_coordinate_convention,cam2,137,6850000,0.7718709921935903,3.777322143898921,0
raw,store_coordinate_convention,cam2,138,6900000,1.6776428113743589,3.660080924620763,0
raw,store_coordinate_convention,cam2,139,6950000,2.3746081392758684,4.015946154321147,0
raw,store_coordinate_convention,cam2,140,7000000,2.113241438603537,3.826362646163723,0
raw,store_coordinate_convention,cam2,141,7050000,1.612138470201912,3.8370330087206206,0
raw,store_coordinate_convention,cam2,142,7100000,1.8033086056541863,3.8337318432049052,0
raw,store_coordinate_convention,cam2,143,7150000,2.7028590141285944,4.3155244695255615,0
raw,store_coordinate_convention,cam2,144,7200000,2.3480582317084298,4.295993696075342,0
raw,store_coordinate_convention,cam2,145,7250000,1.855601880446367,3.892054313332384,0
raw,store_coordinate_convention,cam2,146,7300000,1.7757769665921412,3.822523827453111,0
raw,store_coordinate_convention,cam2,147,7350000,1.2990285710063545,3.6972608607270043,0
raw,store_coordinate_convention,cam2,148,7400000,4.051534803196535,5.022326240828196,0
raw,store_coordinate_convention,cam2,149,7450000,0.4580239977773331,3.4601576481896856,0
raw,store_coordinate_convention,cam2,150,7500000,1.8239494168245016,3.8471520579745846,0
raw,store_coordinate_convention,cam2,151,7550000,1.3166959348912217,3.7466411780391944,0
raw,store_coordinate_convention,cam2,152,7600000,1.896863510318073,3.9329393300372733,0
raw,store_coordinate_convention,cam2,153,7650000,3.258023270774664,4.2584938746769385,0
raw,store_coordinate_convention,cam2,154,7700000,2.023163011195604,3.929854435456466,0
raw,store_coordinate_convention,cam2,155,7750000,2.1991491021224583,4.082039952756739,0
raw,store_coordinate_convention,cam2,156,7800000,2.3515946095564764,4.03215408727185,0
raw,store_coordinate_convention,cam2,157,7850000,2.1357346418824563,3.923877990099763,0
raw,store_coordinate_convention,cam2,158,7900000,1.1248480659084976,3.6679055119807877,0
raw,store_coordinate_convention,cam2,159,7950000,1.2252588767772492,3.728143353398826,0
raw,store_coordinate_convention,cam2,160,8000000,0.42873797044508927,3.605535851785243,0
raw,store_coordinate_convention,cam2,161,8050000,0.887904145450328,3.6121398618479343,0
raw,store_coordinate_convention,cam2,162,8100000,0.6287910080568225,3.486176705161572,0
raw,store_coordinate_convention,cam2,163,8150000,0.8423439672298053,3.4078426080538335,0
raw,store_coordinate_convention,cam2,164,8200000,1.6944157729807885,3.935986840374726,0
raw,store_coordinate_convention,cam2,165,8250000,1.4938858116534264,3.804529893728727,0
raw,store_coordinate_convention,cam2,166,8300000,2.541705476478971,4.077131410964514,0
raw,store_coordinate_convention,cam2,167,8350000,2.398485506758451,3.9789172267281288,0
raw,store_coordinate_convention,cam2,168,8400000,1.934665936775258,3.6961912706689812,0
raw,store_coordinate_convention,cam2,169,8450000,2.0135540210642113,3.9443528188581958,0
raw,store_coordinate_convention,cam2,170,8500000,7.280851706592028,6.923784476460357,0
raw,store_coordinate_convention,cam2,171,8550000,3.981337295557766,5.056947346598367,0
raw,store_coordinate_convention,cam2,172,8600000,1.7043872977441494,4.1094341297193715,0
raw,store_coordinate_convention,cam2,176,8800000,4.432644246286913,5.661644939147957,0
raw,store_coordinate_convention,cam2,177,8850000,10.982532127586866,7.987628639322751,0
raw,store_coordinate_convention,cam2,178,8900000,9.267912795147728,7.0991229154063715,0
raw,store_coordinate_convention,cam2,181,9050000,5.81167452682522,5.969375523660661,0
raw,store_coordinate_convention,cam2,182,9100000,3.231045924951939,5.10949295416718,0
raw,store_coordinate_convention,cam2,183,9150000,3.046228438203638,4.820464698767005,0
raw,store_coordinate_convention,cam2,184,9200000,3.8187104565057397,4.497608044931566,0
raw,store_coordinate_convention,cam2,185,9250000,3.6958390840383055,4.638913634711862,0
raw,store_coordinate_convention,cam2,186,9300000,2.8602208107715614,4.448610495034364,0
raw,store_coordinate_convention,cam2,187,9350000,0.797028840260714,4.380797827533856,0
raw,store_coordinate_convention,cam2,188,9400000,1.9262829416186744,4.1663556564972986,0
raw,store_coordinate_convention,cam2,189,9450000,2.0621748249045018,4.068434374036009,0
raw,store_coordinate_convention,cam2,190,9500000,1.445002544974141,4.373476980820431,0
raw,store_coordinate_convention,cam2,191,9550000,1.278306140846158,4.209417162728192,0
raw,store_coordinate_convention,cam2,192,9600000,2.532487729054979,4.354698674758367,0
raw,store_coordinate_convention,cam2,193,9650000,2.155616248759879,4.139407175847962,0
raw,store_coordinate_convention,cam2,194,9700000,2.984477139144318,4.424633681570345,0
raw,store_coordinate_convention,cam2,195,9750000,1.0086815190535503,3.7461467874207166,0
raw,store_coordinate_convention,cam2,196,9800000,1.6396058461895242,4.035618346917433,0
raw,store_coordinate_convention,cam2,197,9850000,1.3452140994752013,4.214151249897045,0
raw,store_coordinate_convention,cam2,198,9900000,4.727406432694804,5.449652157474937,0
raw,store_coordinate_convention,cam2,199,9950000,1.6417177892683652,3.957360303647153,0
raw,store_coordinate_convention,cam2,200,10000000,3.325765857654416,4.608561723662968,0
raw,store_coordinate_convention,cam2,201,10050000,1.3655806535206552,3.8474745942284443,0
raw,store_coordinate_convention,cam2,202,10100000,1.7730361738317009,4.058931098155927,0
raw,store_coordinate_convention,cam2,203,10150000,1.6056230789141286,4.019056548091243,0
raw,store_coordinate_convention,cam2,204,10200000,0.8952927456366067,4.196302095540954,0
raw,store_coordinate_convention,cam2,205,10250000,1.16809397551359,3.7855218630108816,0
raw,store_coordinate_convention,cam2,206,10300000,2.158067581777631,4.962605368893396,0
raw,store_coordinate_convention,cam2,207,10350000,2.4625526205202144,4.654673364255748,0
raw,store_coordinate_convention,cam2,215,10750000,2.069997040561738,5.309686774376026,0
raw,store_coordinate_convention,cam2,216,10800000,2.5144730318838837,4.824463703754683,0
raw,store_coordinate_convention,cam2,217,10850000,59.65664688112579,7.0627534037181725,3
raw,store_coordinate_convention,cam2,218,10900000,3.285086036802684,5.424606519999445,0
raw,store_coordinate_convention,cam2,219,10950000,6.490961921909133,6.945305469513859,0
raw,store_coordinate_convention,cam2,220,11000000,20.62153720865348,7.683497204803701,0
raw,store_coordinate_convention,cam2,221,11050000,23.528240089592998,7.968986652206142,0
raw,store_coordinate_convention,cam2,222,11100000,12.497953250457863,7.890057206640453,0
raw,store_coordinate_convention,cam2,223,11150000,7.875529240012699,7.144657913817696,0
raw,store_coordinate_convention,cam2,224,11200000,7.985223727543242,6.823897253970298,0
raw,store_coordinate_convention,cam2,225,11250000,45.44328210705214,7.414165835375548,3
raw,store_coordinate_convention,cam2,226,11300000,53.37457165511325,7.665412308011278,3
raw,store_coordinate_convention,cam2,227,11350000,58.28595437252831,7.8117603032478735,3
raw,store_coordinate_convention,cam2,228,11400000,7.842714700103298,6.957119049530995,0
raw,store_coordinate_convention,cam2,229,11450000,73.27957071192928,7.843693929974132,3
raw,store_coordinate_convention,cam2,230,11500000,89.84803693190844,10.339284160377453,3
raw,store_coordinate_convention,cam2,231,11550000,98.89183484492204,8.626061972730069,3
raw,store_coordinate_convention,cam2,232,11600000,86.4668320708104,8.678806634404621,3
raw,store_coordinate_convention,cam2,233,11650000,59.96700086836813,11.702009478889346,3
raw,store_coordinate_convention,cam2,234,11700000,80.57274949494062,10.857009690872603,3
raw,store_coordinate_convention,cam2,235,11750000,85.48844859770122,10.963191488374727,3
raw,store_coordinate_convention,cam2,236,11800000,83.07800190868446,10.992663821749769,3
raw,store_coordinate_convention,cam2,237,11850000,74.69188037320706,10.898718624090971,3
raw,store_coordinate_convention,cam2,238,11900000,94.28435465707109,11.023172517730849,3
raw,store_coordinate_convention,cam2,239,11950000,91.22121261048672,11.007953146674746,3
raw,store_coordinate_convention,cam2,240,12000000,89.87739834913451,11.045459554523482,3
raw,store_coordinate_convention,cam2,241,12050000,122.59357996144116,10.677496541954675,3
raw,store_coordinate_convention,cam2,242,12100000,183.67030170603033,12.2038621611784,3
raw,store_coordinate_convention,cam2,243,12150000,206.79643539419965,13.076176419959516,3
raw,store_coordinate_convention,cam2,244,12200000,220.5045883310993,9.423449753717232,3
raw,store_coordinate_convention,cam2,245,12250000,163.49658050288417,12.59932832135103,3
raw,store_coordinate_convention,cam2,246,12300000,167.41638336036712,12.937472883437291,3
raw,store_coordinate_convention,cam2,247,12350000,181.49936670347964,12.271767360259501,3
raw,store_coordinate_convention,cam2,248,12400000,174.81495606479834,10.229179661277797,3
raw,store_coordinate_convention,cam2,249,12450000,173.71415239448908,10.940833382858992,3
raw,store_coordinate_convention,cam2,250,12500000,578.8589945781795,10.500094763055035,1
raw,store_coordinate_convention,cam2,251,12550000,295.3010275729701,8.635008224401485,0
raw,store_coordinate_convention,cam2,252,12600000,150.52820672712747,11.272601633452604,3
raw,store_coordinate_convention,cam2,253,12650000,154.73225816797913,11.297663264417274,3
raw,store_coordinate_convention,cam2,254,12700000,188.0781754058232,11.350379213891943,3
raw,store_coordinate_convention,cam2,255,12750000,192.8890681181823,11.906788830562956,3
raw,store_coordinate_convention,cam2,256,12800000,186.09832779177893,9.569448041151558,3
raw,store_coordinate_convention,cam2,257,12850000,180.57403205734747,9.152900431137873,3
raw,store_coordinate_convention,cam2,258,12900000,180.40743425160977,8.751420269058961,3
raw,store_coordinate_convention,cam2,259,12950000,184.066983657233,8.946536478513858,3
raw,store_coordinate_convention,cam2,260,13000000,183.454381491254,9.368649946793388,3
raw,store_coordinate_convention,cam2,261,13050000,175.7992210526113,9.66820715757216,3
raw,store_coordinate_convention,cam2,262,13100000,163.82254700417369,8.694639436704731,3
raw,store_coordinate_convention,cam2,263,13150000,169.9621838611412,8.570988176158668,3
raw,store_coordinate_convention,cam2,264,13200000,163.3236755590788,8.599692897479192,3
raw,store_coordinate_convention,cam2,265,13250000,173.93475497134284,6.609749111041369,3
raw,store_coordinate_convention,cam2,266,13300000,6.3399071292990365,5.922924697967558,0
raw,store_coordinate_convention,cam2,267,13350000,5.601093866585909,6.265182797852264,0
raw,store_coordinate_convention,cam2,268,13400000,6.002349685367895,6.643299962287249,0
raw,store_coordinate_convention,cam2,269,13450000,2.432749574424583,5.137271925659698,0
raw,cached_evidence_replay,cam2,33,1650000,94.61637132400934,10.505264537237998,0
raw,cached_evidence_replay,cam2,34,1700000,103.06986623739563,9.70646236407157,0
raw,cached_evidence_replay,cam2,35,1750000,111.26964065681466,9.025809338305226,0
raw,cached_evidence_replay,cam2,36,1800000,119.3957667050623,10.006052832090587,0
raw,cached_evidence_replay,cam2,37,1850000,123.25811875475378,8.746654873879425,0
raw,cached_evidence_replay,cam2,38,1900000,126.7374814455461,9.831414136486046,0
raw,cached_evidence_replay,cam2,39,1950000,133.5889889756289,9.799197743694673,0
raw,cached_evidence_replay,cam2,40,2000000,138.4421903999576,9.626656360367223,0
raw,cached_evidence_replay,cam2,41,2050000,42.73851332748771,8.080521281223415,3
raw,cached_evidence_replay,cam2,42,2100000,4.229924620008974,6.225098852361482,0
raw,cached_evidence_replay,cam2,43,2150000,4.316445113541741,6.107883583638952,0
raw,cached_evidence_replay,cam2,44,2200000,7.7042961178638745,6.6440393189124105,0
raw,cached_evidence_replay,cam2,45,2250000,6.49683665119436,6.036017576366669,0
raw,cached_evidence_replay,cam2,46,2300000,11.187804748658019,8.59654136870537,0
raw,cached_evidence_replay,cam2,47,2350000,9.859809923462112,7.44530707697828,0
raw,cached_evidence_replay,cam2,48,2400000,5.464733843912531,5.877504798673488,0
raw,cached_evidence_replay,cam2,49,2450000,7.126096782437403,6.441824344419862,0
raw,cached_evidence_replay,cam2,50,2500000,3.3466952957489142,5.689423136185788,0
raw,cached_evidence_replay,cam2,51,2550000,6.290182175162107,5.964747310847267,0
raw,cached_evidence_replay,cam2,52,2600000,4.496519932580834,6.291911422768942,0
raw,cached_evidence_replay,cam2,55,2750000,3.151059186049929,4.554322213330092,0
raw,cached_evidence_replay,cam2,56,2800000,2.6005504461819586,4.528306047428462,0
raw,cached_evidence_replay,cam2,57,2850000,3.1730438568400614,4.839113963011782,0
raw,cached_evidence_replay,cam2,58,2900000,0.7442420836394328,4.180543059315449,0
raw,cached_evidence_replay,cam2,59,2950000,1.139748614332293,4.2322607352494135,0
raw,cached_evidence_replay,cam2,60,3000000,2.4169227490046317,4.337591464637118,0
raw,cached_evidence_replay,cam2,61,3050000,2.884414628424589,4.534092706738868,0
raw,cached_evidence_replay,cam2,62,3100000,4.6553044295729284,5.245354632293825,0
raw,cached_evidence_replay,cam2,63,3150000,2.142208039663874,4.35814988556438,0
raw,cached_evidence_replay,cam2,64,3200000,1.744045219836488,4.257461743992009,0
raw,cached_evidence_replay,cam2,65,3250000,1.060929360707243,4.193025031564716,0
raw,cached_evidence_replay,cam2,66,3300000,2.17162827306909,4.28676939411271,0
raw,cached_evidence_replay,cam2,67,3350000,2.943453175829991,4.831478779700184,0
raw,cached_evidence_replay,cam2,68,3400000,3.1896735644973324,4.769926762968703,0
raw,cached_evidence_replay,cam2,69,3450000,4.4817981453396305,4.943978750294372,0
raw,cached_evidence_replay,cam2,70,3500000,4.498707587508876,5.080554859125018,0
raw,cached_evidence_replay,cam2,71,3550000,3.957830522066513,4.84849762556823,0
raw,cached_evidence_replay,cam2,72,3600000,7.478455503802577,7.3212935949031115,0
raw,cached_evidence_replay,cam2,73,3650000,7.959961381332239,7.26825382309875,0
raw,cached_evidence_replay,cam2,74,3700000,70.8078517863384,12.137526903937918,0
raw,cached_evidence_replay,cam2,75,3750000,70.88300042281234,12.097165068132384,0
raw,cached_evidence_replay,cam2,76,3800000,69.46373520209974,12.506369628562647,0
raw,cached_evidence_replay,cam2,77,3850000,63.84131897841872,12.52562295757048,0
raw,cached_evidence_replay,cam2,78,3900000,5.7728640780242655,5.20106401913565,0
raw,cached_evidence_replay,cam2,79,3950000,3.723142757118948,4.891721084775639,0
raw,cached_evidence_replay,cam2,80,4000000,2.5848708663383415,4.55336565163109,0
raw,cached_evidence_replay,cam2,81,4050000,1.5366392259518802,4.138419206623551,0
raw,cached_evidence_replay,cam2,82,4100000,2.3253944965655187,4.436496324809594,0
raw,cached_evidence_replay,cam2,83,4150000,4.0715211839578735,4.9663515963106075,0
raw,cached_evidence_replay,cam2,84,4200000,3.768340821970976,4.9102333749363645,0
raw,cached_evidence_replay,cam2,85,4250000,3.426341842570888,4.800788007555953,0
raw,cached_evidence_replay,cam2,86,4300000,1.488774153899519,4.176820131564156,0
raw,cached_evidence_replay,cam2,87,4350000,1.1207953821036176,4.236791303742697,0
raw,cached_evidence_replay,cam2,88,4400000,4.370991674395871,4.945942900154664,0
raw,cached_evidence_replay,cam2,89,4450000,3.7546878327783624,4.807039681463554,0
raw,cached_evidence_replay,cam2,90,4500000,4.49945368305933,5.025611997116872,0
raw,cached_evidence_replay,cam2,91,4550000,4.187900572547555,4.965084867903313,0
raw,cached_evidence_replay,cam2,92,4600000,4.049331937493277,4.899922702624222,0
raw,cached_evidence_replay,cam2,93,4650000,2.5533025889504297,4.372867985442566,0
raw,cached_evidence_replay,cam2,94,4700000,1.1918804912647054,4.20979129484361,0
raw,cached_evidence_replay,cam2,95,4750000,3.4547649223246566,5.1118511756279865,0
raw,cached_evidence_replay,cam2,96,4800000,3.4314673284595285,4.892710582616166,0
raw,cached_evidence_replay,cam2,97,4850000,3.5082647489016057,4.804487122182643,0
raw,cached_evidence_replay,cam2,98,4900000,0.31322391843233244,4.392533820588875,0
raw,cached_evidence_replay,cam2,99,4950000,2.8257575786727775,4.525017669933753,0
raw,cached_evidence_replay,cam2,101,5050000,0.7677051440340035,4.244833072331925,0
raw,cached_evidence_replay,cam2,102,5100000,3.1169207506506957,5.2240525805797144,0
raw,cached_evidence_replay,cam2,103,5150000,4.0702058535981935,5.385684648793932,0
raw,cached_evidence_replay,cam2,104,5200000,3.935818071710974,5.712482733674415,0
raw,cached_evidence_replay,cam2,105,5250000,3.9799527282066025,5.952493253080915,0
raw,cached_evidence_replay,cam2,106,5300000,7.088564977445955,6.510146473542136,0
raw,cached_evidence_replay,cam2,107,5350000,9.904325472227297,7.222973048892943,0
raw,cached_evidence_replay,cam2,108,5400000,22.77799284754056,8.119802738659214,3
raw,cached_evidence_replay,cam2,111,5550000,13.568129376545562,6.466258420775867,0
raw,cached_evidence_replay,cam2,112,5600000,10.211472312229324,6.961801447185112,0
raw,cached_evidence_replay,cam2,113,5650000,4.596131266669494,5.327676838557833,0
raw,cached_evidence_replay,cam2,114,5700000,3.1030166333306095,4.480999194341502,0
raw,cached_evidence_replay,cam2,115,5750000,1.1949344634128634,3.4925372682594933,0
raw,cached_evidence_replay,cam2,116,5800000,1.4457915992173846,3.504263236213127,0
raw,cached_evidence_replay,cam2,117,5850000,0.4712703379834097,3.549158668938091,0
raw,cached_evidence_replay,cam2,118,5900000,0.9523767784848278,3.7631310618769653,0
raw,cached_evidence_replay,cam2,119,5950000,1.1860638569925954,3.562014662425847,0
raw,cached_evidence_replay,cam2,120,6000000,1.4534958332375794,3.4491981585884535,0
raw,cached_evidence_replay,cam2,121,6050000,1.0086228707744063,3.4149525931589118,0
raw,cached_evidence_replay,cam2,122,6100000,0.8192346474719565,3.562465440475675,0
raw,cached_evidence_replay,cam2,123,6150000,1.3144769750299083,3.8640088483438184,0
raw,cached_evidence_replay,cam2,124,6200000,1.133799456389393,3.5847892373472288,0
raw,cached_evidence_replay,cam2,125,6250000,1.1750370270079045,3.4632445257011852,0
raw,cached_evidence_replay,cam2,126,6300000,1.110982027453418,3.842809281476887,0
raw,cached_evidence_replay,cam2,127,6350000,0.16696041379883292,3.5284131493613646,0
raw,cached_evidence_replay,cam2,128,6400000,1.5971413695210226,3.5283971254778255,0
raw,cached_evidence_replay,cam2,129,6450000,2.288834191820549,4.188826183402789,0
raw,cached_evidence_replay,cam2,130,6500000,3.2367031608669583,4.461086185149986,0
raw,cached_evidence_replay,cam2,131,6550000,1.1209306279245597,4.017900871261629,0
raw,cached_evidence_replay,cam2,132,6600000,2.4362332401030016,4.376505135627248,0
raw,cached_evidence_replay,cam2,136,6800000,2.7733739693518986,4.347919622979159,0
raw,cached_evidence_replay,cam2,137,6850000,0.2527224534672909,3.677927570433713,0
raw,cached_evidence_replay,cam2,138,6900000,1.3775364923046685,3.5812606370393425,0
raw,cached_evidence_replay,cam2,139,6950000,1.8021716496989983,3.9031527436084303,0
raw,cached_evidence_replay,cam2,140,7000000,0.7051171798491219,3.3897199887555285,0
raw,cached_evidence_replay,cam2,141,7050000,1.3409578781247466,3.721535562391642,0
raw,cached_evidence_replay,cam2,142,7100000,1.6668144507160247,3.7889935304249267,0
raw,cached_evidence_replay,cam2,143,7150000,1.8279341172854748,4.131667604467754,0
raw,cached_evidence_replay,cam2,144,7200000,2.3905400053836474,4.0321379358384295,0
raw,cached_evidence_replay,cam2,145,7250000,0.6254805685574626,3.6602461916728277,0
raw,cached_evidence_replay,cam2,146,7300000,1.7084073321494717,3.73081046410047,0
raw,cached_evidence_replay,cam2,147,7350000,1.2833630018496722,3.6602710932536695,0
raw,cached_evidence_replay,cam2,148,7400000,4.08437902953459,5.0994966664355275,0
raw,cached_evidence_replay,cam2,149,7450000,0.3507402635879614,3.451423788134292,0
raw,cached_evidence_replay,cam2,150,7500000,1.0024840466416063,3.6539302360453387,0
raw,cached_evidence_replay,cam2,151,7550000,0.9745818189298996,3.652537420678261,0
raw,cached_evidence_replay,cam2,152,7600000,1.8509285926145793,3.8892219412387714,0
raw,cached_evidence_replay,cam2,153,7650000,1.9147310553181534,3.780981990291977,0
raw,cached_evidence_replay,cam2,154,7700000,2.5048564037003636,4.021873903284867,0
raw,cached_evidence_replay,cam2,155,7750000,2.1778512832333288,4.129339879914401,0
raw,cached_evidence_replay,cam2,156,7800000,1.2611029403635423,3.691577797074906,0
raw,cached_evidence_replay,cam2,157,7850000,1.9841798694994188,3.8542987771846278,0
raw,cached_evidence_replay,cam2,158,7900000,0.3394810169297739,3.5416731673173896,0
raw,cached_evidence_replay,cam2,159,7950000,1.4266559413643787,3.77610013802604,0
raw,cached_evidence_replay,cam2,160,8000000,0.8797457334143097,3.6091662061864387,0
raw,cached_evidence_replay,cam2,161,8050000,1.402671579174901,3.6918965080891226,0
raw,cached_evidence_replay,cam2,162,8100000,0.6334042668296268,3.497414297224097,0
raw,cached_evidence_replay,cam2,163,8150000,0.8213287955044546,3.4722528488106104,0
raw,cached_evidence_replay,cam2,164,8200000,1.3293534257425674,3.8236723664338896,0
raw,cached_evidence_replay,cam2,165,8250000,1.3374019798871062,3.720485555024858,0
raw,cached_evidence_replay,cam2,166,8300000,2.7309879117203373,4.116616132115681,0
raw,cached_evidence_replay,cam2,167,8350000,2.0471654081662796,3.8462110169982218,0
raw,cached_evidence_replay,cam2,168,8400000,3.4248193060582586,4.63057350002299,0
raw,cached_evidence_replay,cam2,169,8450000,4.014192731582685,4.56255740569018,0
raw,cached_evidence_replay,cam2,170,8500000,6.964509795233018,6.305154364369258,0
raw,cached_evidence_replay,cam2,171,8550000,4.388749544815722,4.925200244611851,0
raw,cached_evidence_replay,cam2,172,8600000,4.484729893302288,4.796120655195352,0
raw,cached_evidence_replay,cam2,176,8800000,0.9979889182606759,5.984068271848052,0
raw,cached_evidence_replay,cam2,177,8850000,10.591734895734785,7.121182708030173,0
raw,cached_evidence_replay,cam2,178,8900000,5.685122303527122,7.095466263142104,0
raw,cached_evidence_replay,cam2,181,9050000,3.2135761295903276,5.0425880918965085,0
raw,cached_evidence_replay,cam2,182,9100000,3.1586993792146005,5.319169672699978,0
raw,cached_evidence_replay,cam2,183,9150000,3.5475728438001806,5.011290938875984,0
raw,cached_evidence_replay,cam2,184,9200000,4.6979665309538055,4.832521030425058,0
raw,cached_evidence_replay,cam2,185,9250000,3.9095437366121106,4.676533619533627,0
raw,cached_evidence_replay,cam2,186,9300000,2.170889255693097,4.371777950927045,0
raw,cached_evidence_replay,cam2,187,9350000,1.0722030321707083,4.54290785724837,0
raw,cached_evidence_replay,cam2,188,9400000,0.6477769438467932,3.9886560096164807,0
raw,cached_evidence_replay,cam2,189,9450000,2.6030993978316217,4.3036716047527666,0
raw,cached_evidence_replay,cam2,190,9500000,0.9022753722204,4.055198129925756,0
raw,cached_evidence_replay,cam2,191,9550000,1.631739361015974,3.9365781836792095,0
raw,cached_evidence_replay,cam2,192,9600000,2.7791143262328273,4.331064126263396,0
raw,cached_evidence_replay,cam2,193,9650000,0.5716172193995848,3.920374221112553,0
raw,cached_evidence_replay,cam2,194,9700000,1.660321866088051,3.9503100097871187,0
raw,cached_evidence_replay,cam2,195,9750000,1.212374750410636,3.837903618021457,0
raw,cached_evidence_replay,cam2,196,9800000,3.3428411072070543,4.758007261203707,0
raw,cached_evidence_replay,cam2,197,9850000,0.9068748171311664,3.852643553835575,0
raw,cached_evidence_replay,cam2,198,9900000,1.9870810890410993,4.298798192309141,0
raw,cached_evidence_replay,cam2,199,9950000,0.9133307120925332,3.821706970091734,0
raw,cached_evidence_replay,cam2,200,10000000,0.7380964011081546,3.9164365057337402,0
raw,cached_evidence_replay,cam2,201,10050000,0.7635687306146148,3.736953282847985,0
raw,cached_evidence_replay,cam2,202,10100000,2.564246454203619,4.315122520215377,0
raw,cached_evidence_replay,cam2,203,10150000,0.4442544813533561,3.7684554839065836,0
raw,cached_evidence_replay,cam2,204,10200000,1.5969451871387093,3.849959945315266,0
raw,cached_evidence_replay,cam2,205,10250000,1.3389548573747634,3.925386458175108,0
raw,cached_evidence_replay,cam2,206,10300000,2.3796027691976196,4.311637455371688,0
raw,cached_evidence_replay,cam2,207,10350000,1.2581266938988163,4.138773400141826,0
raw,cached_evidence_replay,cam2,215,10750000,1.6887443872921868,4.368367902969025,0
raw,cached_evidence_replay,cam2,216,10800000,4.0779842523958205,5.1494699213794135,0
raw,cached_evidence_replay,cam2,217,10850000,2.54112771007274,4.853794242179166,0
raw,cached_evidence_replay,cam2,218,10900000,3.6231694763001654,4.960566507893752,0
raw,cached_evidence_replay,cam2,219,10950000,5.725079784646435,5.981145363681492,0
raw,cached_evidence_replay,cam2,220,11000000,11.126603152981264,6.78879218449758,0
raw,cached_evidence_replay,cam2,221,11050000,4.878090500536221,6.9377838666042795,0
raw,cached_evidence_replay,cam2,222,11100000,3.3997027673535802,5.534574356071319,0
raw,cached_evidence_replay,cam2,223,11150000,2.5981598549849103,5.282354992282242,0
raw,cached_evidence_replay,cam2,224,11200000,1.795490323815345,4.673842909235466,0
raw,cached_evidence_replay,cam2,225,11250000,2.1119904941535546,4.753320873810374,0
raw,cached_evidence_replay,cam2,226,11300000,2.6813177150047487,5.881877973804391,0
raw,cached_evidence_replay,cam2,227,11350000,3.8170208197551547,4.923192833486496,0
raw,cached_evidence_replay,cam2,228,11400000,1.4871017570193665,4.441487639071992,0
raw,cached_evidence_replay,cam2,229,11450000,1.1165208312078418,4.468740868840568,0
raw,cached_evidence_replay,cam2,230,11500000,1.8966235856856009,5.54074916188018,0
raw,cached_evidence_replay,cam2,231,11550000,2.6304385866238897,6.872403265265621,0
raw,cached_evidence_replay,cam2,232,11600000,12.145442867020721,6.946607604825758,0
raw,cached_evidence_replay,cam2,233,11650000,19.29266604601716,8.826971347372307,0
raw,cached_evidence_replay,cam2,234,11700000,119.30544118482452,7.524167796905323,3
raw,cached_evidence_replay,cam2,235,11750000,19.83433362749343,7.8380709903647,0
raw,cached_evidence_replay,cam2,236,11800000,1.992795365704431,7.2157545155164575,0
raw,cached_evidence_replay,cam2,237,11850000,7.324125294780452,7.442273641110416,0
raw,cached_evidence_replay,cam2,238,11900000,61.57509491991238,8.384836360545657,3
raw,cached_evidence_replay,cam2,239,11950000,50.795965466201416,9.445055354828959,3
raw,cached_evidence_replay,cam2,240,12000000,43.301820289478606,12.15465970960525,3
raw,cached_evidence_replay,cam2,241,12050000,17.761774564647883,11.738776918752649,3
raw,cached_evidence_replay,cam2,242,12100000,24.222508445222633,11.261028425234606,3
raw,cached_evidence_replay,cam2,243,12150000,65.28717298229459,11.168376984426079,3
raw,cached_evidence_replay,cam2,244,12200000,106.41012006769193,11.161269776265033,3
raw,cached_evidence_replay,cam2,245,12250000,19.042656042597727,10.468801769769222,3
raw,cached_evidence_replay,cam2,246,12300000,19.995753143479437,9.453548814734193,3
raw,cached_evidence_replay,cam2,247,12350000,287.8011684585548,10.304934489661932,0
raw,cached_evidence_replay,cam2,248,12400000,155.03728720531265,12.894646692994842,3
raw,cached_evidence_replay,cam2,249,12450000,148.49689083979823,12.23724790414692,3
raw,cached_evidence_replay,cam2,250,12500000,131.3095142567016,12.383340008149329,3
raw,cached_evidence_replay,cam2,251,12550000,14.709230101313748,7.956683902812495,1
raw,cached_evidence_replay,cam2,252,12600000,13.893221993589494,8.205832398471006,1
raw,cached_evidence_replay,cam2,253,12650000,24.28809825289848,12.530725568979944,1
raw,cached_evidence_replay,cam2,254,12700000,15.365072189163978,10.344230696025619,0
raw,cached_evidence_replay,cam2,255,12750000,168.4203741054258,12.108703469796389,3
raw,cached_evidence_replay,cam2,256,12800000,303.99721347343313,9.772278065502524,0
raw,cached_evidence_replay,cam2,257,12850000,0.5434796052938399,5.0150518311463,0
raw,cached_evidence_replay,cam2,258,12900000,2.0702686370843053,5.167991516696034,0
raw,cached_evidence_replay,cam2,259,12950000,4.033083066792601,5.108183407207443,0
raw,cached_evidence_replay,cam2,260,13000000,3.158048278507688,4.588820982227775,0
raw,cached_evidence_replay,cam2,261,13050000,3.120885284799557,4.667616605554635,0
raw,cached_evidence_replay,cam2,262,13100000,4.985814533309427,5.831713423353431,0
raw,cached_evidence_replay,cam2,263,13150000,6.467289193175071,5.935829244675297,0
raw,cached_evidence_replay,cam2,264,13200000,4.1940511211290445,4.851511995504611,0
raw,cached_evidence_replay,cam2,265,13250000,3.2569251965389485,4.590874599208151,0
raw,cached_evidence_replay,cam2,266,13300000,3.9509962921505735,4.800805323717967,0
raw,cached_evidence_replay,cam2,267,13350000,5.1161858507872555,5.162932481122274,0
raw,cached_evidence_replay,cam2,268,13400000,3.6993537847468496,4.69115028294142,0
raw,cached_evidence_replay,cam2,269,13450000,2.994311688333113,4.655782924621587,0
resize_only,pipeline,cam2,33,1650000,18.565279233505862,10.022812043093658,1
resize_only,pipeline,cam2,34,1700000,102.22067159877494,7.886442924800642,0
resize_only,pipeline,cam2,35,1750000,109.7814576920868,8.923685595939753,0
resize_only,pipeline,cam2,36,1800000,115.42426511959074,8.62505983349649,0
resize_only,pipeline,cam2,37,1850000,119.61720658282852,7.777935093978508,0
resize_only,pipeline,cam2,38,1900000,18.395973855139818,11.464596493148001,1
resize_only,pipeline,cam2,39,1950000,10.630802407608437,8.017326746835302,1
resize_only,pipeline,cam2,40,2000000,136.38043035899435,9.137717867421454,0
resize_only,pipeline,cam2,41,2050000,0.8637771334762885,6.59866187598295,1
resize_only,pipeline,cam2,42,2100000,2.643611055723735,5.523075392257455,0
resize_only,pipeline,cam2,43,2150000,0.5652447037424932,5.188906215793972,0
resize_only,pipeline,cam2,44,2200000,2.4681670478521442,4.919276903060842,0
resize_only,pipeline,cam2,45,2250000,2.8546865696139365,5.346041565334247,0
resize_only,pipeline,cam2,46,2300000,11.014594580567794,9.852188042167189,0
resize_only,pipeline,cam2,47,2350000,3.3757478464031783,4.8647854772654195,0
resize_only,pipeline,cam2,48,2400000,2.396124966926619,4.64571428153611,0
resize_only,pipeline,cam2,49,2450000,2.822261101433774,5.043297921461971,0
resize_only,pipeline,cam2,50,2500000,2.3352333897965094,4.635628743265325,0
resize_only,pipeline,cam2,51,2550000,3.751924350335528,5.020405329864024,0
resize_only,pipeline,cam2,52,2600000,1.5288384580249499,5.20183252636436,0
resize_only,pipeline,cam2,55,2750000,1.3111519737908932,4.185839388688796,0
resize_only,pipeline,cam2,56,2800000,2.258250826300116,4.361814661876062,0
resize_only,pipeline,cam2,57,2850000,1.804991819458134,4.275005767547706,0
resize_only,pipeline,cam2,58,2900000,0.4714474756314007,3.8984018232915236,0
resize_only,pipeline,cam2,59,2950000,0.4371268060308463,3.6632063646048465,0
resize_only,pipeline,cam2,60,3000000,3.1186237174118236,4.560711893914895,0
resize_only,pipeline,cam2,61,3050000,1.3778152254724059,3.8516435571184413,0
resize_only,pipeline,cam2,62,3100000,4.43785547535573,5.113765686618557,0
resize_only,pipeline,cam2,63,3150000,1.1845181749713776,4.101332100776068,0
resize_only,pipeline,cam2,64,3200000,1.2253234750339235,4.121496461338193,0
resize_only,pipeline,cam2,65,3250000,0.4290949308307649,4.051359267914435,0
resize_only,pipeline,cam2,66,3300000,0.053222000052069125,3.9582005738681367,0
resize_only,pipeline,cam2,67,3350000,3.4013596653701925,4.727899262042241,0
resize_only,pipeline,cam2,68,3400000,4.329740126679122,5.314766279088792,0
resize_only,pipeline,cam2,69,3450000,4.261517081599039,5.162214717671123,0
resize_only,pipeline,cam2,70,3500000,3.512043689134374,4.742332724810003,0
resize_only,pipeline,cam2,71,3550000,2.2873534972336103,4.202721400061172,0
resize_only,pipeline,cam2,72,3600000,6.840212210127291,6.666057275949777,0
resize_only,pipeline,cam2,73,3650000,8.038150768731246,7.802511667082038,0
resize_only,pipeline,cam2,74,3700000,41.84048749602968,10.644828515719414,3
resize_only,pipeline,cam2,75,3750000,76.5473635112726,10.407234565720646,1
resize_only,pipeline,cam2,76,3800000,81.64905767828391,11.038141616844054,1
resize_only,pipeline,cam2,77,3850000,85.28656354326839,9.896902657282418,1
resize_only,pipeline,cam2,78,3900000,1.1258456304912194,4.497023673970606,0
resize_only,pipeline,cam2,79,3950000,1.178767599677868,4.784017541867369,0
resize_only,pipeline,cam2,80,4000000,1.778206666615273,4.23832987387846,0
resize_only,pipeline,cam2,81,4050000,1.2468318935808764,4.119996022046585,0
resize_only,pipeline,cam2,82,4100000,3.5318469941602877,4.731750394686861,0
resize_only,pipeline,cam2,83,4150000,2.687067039014724,4.757668595577886,0
resize_only,pipeline,cam2,84,4200000,4.1267229559705205,5.025015687163883,0
resize_only,pipeline,cam2,85,4250000,4.307111217294875,5.170451259135627,0
resize_only,pipeline,cam2,86,4300000,1.858345517655134,4.093063511453623,0
resize_only,pipeline,cam2,87,4350000,1.2201302964268725,3.8451426274031846,0
resize_only,pipeline,cam2,88,4400000,1.6525414357437083,3.965201915280833,0
resize_only,pipeline,cam2,89,4450000,2.1404864904651335,4.14360231589419,0
resize_only,pipeline,cam2,90,4500000,2.1677897707665914,4.112407653201473,0
resize_only,pipeline,cam2,91,4550000,4.694579457820163,5.231792018078888,0
resize_only,pipeline,cam2,92,4600000,3.8062305959936316,4.680793919813739,0
resize_only,pipeline,cam2,93,4650000,2.9112069318387914,4.359093361747229,0
resize_only,pipeline,cam2,94,4700000,2.3902779787840265,4.2256848544246175,0
resize_only,pipeline,cam2,95,4750000,4.128853492278664,5.119510920681622,0
resize_only,pipeline,cam2,96,4800000,4.244609959731421,5.283014549197466,0
resize_only,pipeline,cam2,97,4850000,2.0530989151739316,4.1553672599769556,0
resize_only,pipeline,cam2,98,4900000,1.9618614994092043,4.080486877197918,0
resize_only,pipeline,cam2,99,4950000,3.3375133378935273,4.532368941963284,0
resize_only,pipeline,cam2,101,5050000,0.5349699421219014,3.954344867895154,0
resize_only,pipeline,cam2,102,5100000,1.511186031026766,4.758953608553089,0
resize_only,pipeline,cam2,103,5150000,4.438878522990333,5.249088781759145,0
resize_only,pipeline,cam2,104,5200000,6.094298111842013,5.721247623781149,0
resize_only,pipeline,cam2,105,5250000,4.474351737899311,5.858732849082301,0
resize_only,pipeline,cam2,106,5300000,9.149766860966718,6.773008858887091,0
resize_only,pipeline,cam2,107,5350000,10.73632767878688,7.033721235950788,0
resize_only,pipeline,cam2,108,5400000,11.464311002226852,7.507110824697259,0
resize_only,pipeline,cam2,111,5550000,11.441849450073038,6.814303112278908,0
resize_only,pipeline,cam2,112,5600000,9.255495600755584,6.564823369482795,0
resize_only,pipeline,cam2,113,5650000,3.6531006407221387,5.559929980811653,0
resize_only,pipeline,cam2,114,5700000,1.399434318179302,3.8741139555804036,0
resize_only,pipeline,cam2,115,5750000,0.3713979259406112,3.382972701408944,0
resize_only,pipeline,cam2,116,5800000,0.7946526176603401,3.4094673934443964,0
resize_only,pipeline,cam2,117,5850000,1.7221368203497163,3.781853695936059,0
resize_only,pipeline,cam2,118,5900000,1.1675188669696337,3.7952832191275494,0
resize_only,pipeline,cam2,119,5950000,1.0965977014088812,3.47217217152426,0
resize_only,pipeline,cam2,120,6000000,2.7375098086118435,3.885330371122878,0
resize_only,pipeline,cam2,121,6050000,1.6117014810441075,3.5259110696879237,0
resize_only,pipeline,cam2,122,6100000,1.9396709764364788,3.924139843441763,0
resize_only,pipeline,cam2,123,6150000,2.0638289706054924,4.013221562770365,0
resize_only,pipeline,cam2,124,6200000,1.078481572272327,3.489845281860383,0
resize_only,pipeline,cam2,125,6250000,1.685492432297506,3.5561016381478545,0
resize_only,pipeline,cam2,126,6300000,0.41142042807454454,3.6767630506722284,0
resize_only,pipeline,cam2,127,6350000,1.1061296285384734,3.640640715056703,0
resize_only,pipeline,cam2,128,6400000,0.7688208314346497,3.3392359772990954,0
resize_only,pipeline,cam2,129,6450000,0.1873823697473901,3.6462040339751898,0
resize_only,pipeline,cam2,130,6500000,1.6475304565284346,3.815376627325998,0
resize_only,pipeline,cam2,131,6550000,0.8719001239898725,3.716633500784095,0
resize_only,pipeline,cam2,132,6600000,5.631971886366402,5.8092930768551,0
resize_only,pipeline,cam2,136,6800000,1.7146228850580998,3.8718047878848285,0
resize_only,pipeline,cam2,137,6850000,0.549195567298086,3.58948862340133,0
resize_only,pipeline,cam2,138,6900000,1.188746411345963,3.5152347912358373,0
resize_only,pipeline,cam2,139,6950000,1.4969012024857746,3.7727050795967187,0
resize_only,pipeline,cam2,140,7000000,1.4796339445209334,3.619306983739767,0
resize_only,pipeline,cam2,141,7050000,1.123472024452766,3.645520716188546,0
resize_only,pipeline,cam2,142,7100000,0.831110912338077,3.6722984111195416,0
resize_only,pipeline,cam2,143,7150000,1.4170620095377229,4.0319595238170525,0
resize_only,pipeline,cam2,144,7200000,1.7357106614852433,3.863505614545245,0
resize_only,pipeline,cam2,145,7250000,1.0062599541406059,3.719877292990155,0
resize_only,pipeline,cam2,146,7300000,1.1230565566576327,3.681412553127151,0
resize_only,pipeline,cam2,147,7350000,1.1655422442561665,3.7002453298109774,0
resize_only,pipeline,cam2,148,7400000,4.892330266085753,5.632653084942456,0
resize_only,pipeline,cam2,149,7450000,1.1108772332958545,3.554864559102528,0
resize_only,pipeline,cam2,150,7500000,1.139908792234061,3.698437762778873,0
resize_only,pipeline,cam2,151,7550000,0.7663107095397858,3.665981897824354,0
resize_only,pipeline,cam2,152,7600000,1.3289438106663223,3.636802515369709,0
resize_only,pipeline,cam2,153,7650000,2.0968201888074356,3.783943403531989,0
resize_only,pipeline,cam2,154,7700000,2.4128633784731575,4.030247477153827,0
resize_only,pipeline,cam2,155,7750000,1.967952600721208,4.048026217135691,0
resize_only,pipeline,cam2,156,7800000,1.5370469606132982,3.803329788326282,0
resize_only,pipeline,cam2,157,7850000,1.5571432648901584,3.7097657834735323,0
resize_only,pipeline,cam2,158,7900000,0.5911905945039748,3.554273637579133,0
resize_only,pipeline,cam2,159,7950000,0.9108215764468108,3.6630965606153705,0
resize_only,pipeline,cam2,160,8000000,0.6258694466327984,3.5535393270517392,0
resize_only,pipeline,cam2,161,8050000,1.3084131203322595,3.692428044749418,0
resize_only,pipeline,cam2,162,8100000,0.5673881657815398,3.4737156333132067,0
resize_only,pipeline,cam2,163,8150000,0.680307631960905,3.4096849473835498,0
resize_only,pipeline,cam2,164,8200000,1.146353321568655,3.8380155912011897,0
resize_only,pipeline,cam2,165,8250000,1.11921794139059,3.726820959183632,0
resize_only,pipeline,cam2,166,8300000,3.3038619190334244,4.391161023768282,0
resize_only,pipeline,cam2,167,8350000,1.8127910976033803,3.7591598458648914,0
resize_only,pipeline,cam2,168,8400000,2.913480683146238,4.576664326881815,0
resize_only,pipeline,cam2,169,8450000,3.2403041956119485,4.273193202880478,0
resize_only,pipeline,cam2,170,8500000,6.071865521293464,5.636873996790465,0
resize_only,pipeline,cam2,171,8550000,3.6319891067450985,4.878969915654633,0
resize_only,pipeline,cam2,172,8600000,4.1153068672430795,4.65052600914677,0
resize_only,pipeline,cam2,176,8800000,280.93211297684405,13.054640458168661,3
resize_only,pipeline,cam2,177,8850000,346.50934769648035,13.516797625853199,3
resize_only,pipeline,cam2,178,8900000,8.76737890137421,7.176623854952035,0
resize_only,pipeline,cam2,181,9050000,3.0212190447783036,4.925896023043233,0
resize_only,pipeline,cam2,182,9100000,3.4790895919124716,5.392682940816927,0
resize_only,pipeline,cam2,183,9150000,3.5931455014427534,5.060297055002556,0
resize_only,pipeline,cam2,184,9200000,4.4075418112094225,4.802957419958574,0
resize_only,pipeline,cam2,185,9250000,3.97493624583671,4.835870879857799,0
resize_only,pipeline,cam2,186,9300000,2.4692351361741776,4.409267082416063,0
resize_only,pipeline,cam2,187,9350000,1.965055376342537,4.601629715384483,0
resize_only,pipeline,cam2,188,9400000,1.1232667129799307,3.9944665826220103,0
resize_only,pipeline,cam2,189,9450000,2.312421420008679,3.9924197034232094,0
resize_only,pipeline,cam2,190,9500000,1.0544742268206742,3.8865087997687695,0
resize_only,pipeline,cam2,191,9550000,1.8813534602654476,4.007746841107762,0
resize_only,pipeline,cam2,192,9600000,1.6293388861466946,3.8820549710645924,0
resize_only,pipeline,cam2,193,9650000,3.270446260835518,4.746796724178473,0
resize_only,pipeline,cam2,194,9700000,1.1509205308173347,3.7503364971444295,0
resize_only,pipeline,cam2,195,9750000,0.7510922548773202,3.5810263249015843,0
resize_only,pipeline,cam2,196,9800000,3.2923445170491266,4.687791843533626,0
resize_only,pipeline,cam2,197,9850000,0.4473464401044999,3.7966845637472453,0
resize_only,pipeline,cam2,198,9900000,2.741658062338906,4.458627483406426,0
resize_only,pipeline,cam2,199,9950000,1.3838474239449283,3.8323853228172116,0
resize_only,pipeline,cam2,200,10000000,0.5557394839285554,3.7251334415836865,0
resize_only,pipeline,cam2,201,10050000,0.352111844282608,3.564963772303985,0
resize_only,pipeline,cam2,202,10100000,1.996420385739712,3.9636519909922026,0
resize_only,pipeline,cam2,203,10150000,0.13802437765159026,3.711698616755431,0
resize_only,pipeline,cam2,204,10200000,0.7873638074807748,3.7345778018284275,0
resize_only,pipeline,cam2,205,10250000,1.4877571251366843,3.9266939269477454,0
resize_only,pipeline,cam2,206,10300000,3.4670445994681516,4.541692194562458,0
resize_only,pipeline,cam2,207,10350000,1.426332186541085,3.8511669347109176,0
resize_only,pipeline,cam2,215,10750000,1.560998517316004,4.164065371695715,0
resize_only,pipeline,cam2,216,10800000,3.038038140394318,4.725144744321444,0
resize_only,pipeline,cam2,217,10850000,2.8645448913111293,4.578501816637601,0
resize_only,pipeline,cam2,218,10900000,3.5691781185666254,4.774802663743914,0
resize_only,pipeline,cam2,219,10950000,3.9723073167267815,4.97264996701713,0
resize_only,pipeline,cam2,220,11000000,11.418986647964905,6.820125882408738,0
resize_only,pipeline,cam2,221,11050000,4.711759845438239,6.310484458134704,0
resize_only,pipeline,cam2,222,11100000,1.0100122356741381,4.848505085312265,0
resize_only,pipeline,cam2,223,11150000,1.6266842536022448,4.226982905407791,0
resize_only,pipeline,cam2,224,11200000,1.8678836224288784,4.421946553055614,0
resize_only,pipeline,cam2,225,11250000,2.0913991038758604,4.458037864526098,0
resize_only,pipeline,cam2,226,11300000,1.4188503265300632,4.888342650782706,0
resize_only,pipeline,cam2,227,11350000,2.2527725908724405,4.620034604906241,0
resize_only,pipeline,cam2,228,11400000,2.362783751263403,4.400041128288997,0
resize_only,pipeline,cam2,229,11450000,1.6406082827993986,4.229804319691935,0
resize_only,pipeline,cam2,230,11500000,4.860526113848425,5.259976309718294,0
resize_only,pipeline,cam2,231,11550000,2.7754707287297475,5.145439466333144,0
resize_only,pipeline,cam2,232,11600000,6.931971819417687,5.724357405940944,0
resize_only,pipeline,cam2,233,11650000,13.364063278091553,6.362329519782291,0
resize_only,pipeline,cam2,234,11700000,5.212771824983416,6.798309146068912,0
resize_only,pipeline,cam2,235,11750000,5.709845413344031,6.94755013018219,0
resize_only,pipeline,cam2,236,11800000,5.966984371570339,6.630393219708774,0
resize_only,pipeline,cam2,237,11850000,9.135417137430556,6.468736462012078,0
resize_only,pipeline,cam2,238,11900000,142.35768418442447,8.348778907165563,3
resize_only,pipeline,cam2,239,11950000,171.09136665335674,11.621038577588259,3
resize_only,pipeline,cam2,240,12000000,98.01791632310328,10.076724162795948,3
resize_only,pipeline,cam2,241,12050000,141.5872913163418,10.490614627616594,3
resize_only,pipeline,cam2,242,12100000,100.29095731690677,11.628544057218445,3
resize_only,pipeline,cam2,243,12150000,108.29512383089569,11.665226832613849,3
resize_only,pipeline,cam2,244,12200000,128.8725355133696,11.898314724318443,3
resize_only,pipeline,cam2,245,12250000,121.6847367856266,10.907935178603768,3
resize_only,pipeline,cam2,246,12300000,149.56947342288854,9.938531899262031,3
resize_only,pipeline,cam2,247,12350000,123.96815206859063,8.476061060395809,3
resize_only,pipeline,cam2,248,12400000,131.2250708591673,8.64246098710729,3
resize_only,pipeline,cam2,249,12450000,139.58632216129612,8.976944243559078,3
resize_only,pipeline,cam2,250,12500000,143.93821908222543,6.692491294006395,3
resize_only,pipeline,cam2,251,12550000,4.157657607674846,5.794002626454178,1
resize_only,pipeline,cam2,252,12600000,4.373797793039862,6.074077073673719,1
resize_only,pipeline,cam2,253,12650000,17.33968872512011,10.232699058830587,1
resize_only,pipeline,cam2,254,12700000,20.552627202470614,12.13385625566098,0
resize_only,pipeline,cam2,255,12750000,21.89459702438662,8.438140650750917,0
resize_only,pipeline,cam2,256,12800000,15.768847068640447,7.361145114335729,0
resize_only,pipeline,cam2,257,12850000,6.492901638906225,5.460437469457608,0
resize_only,pipeline,cam2,258,12900000,2.979066793942315,4.620534437218387,0
resize_only,pipeline,cam2,259,12950000,2.4061666179350185,4.461535940572757,0
resize_only,pipeline,cam2,260,13000000,1.799910449821261,4.031014588206036,0
resize_only,pipeline,cam2,261,13050000,1.1557613485171967,3.8996349347327968,0
resize_only,pipeline,cam2,262,13100000,1.1144709334400262,3.988015646364021,0
resize_only,pipeline,cam2,263,13150000,1.8994988014593843,4.271191461506495,0
resize_only,pipeline,cam2,264,13200000,3.232860240113497,4.80721365806412,0
resize_only,pipeline,cam2,265,13250000,3.8051821302690327,4.965109679557317,0
resize_only,pipeline,cam2,266,13300000,3.7746567570793137,4.957028683632071,0
resize_only,pipeline,cam2,267,13350000,1.185183072937452,4.1310460669015505,0
resize_only,pipeline,cam2,268,13400000,2.012927262910027,4.255186817895041,0
resize_only,pipeline,cam2,269,13450000,0.5309070133472122,4.086860753482226,0
resize_only,store_coordinate_convention,cam2,33,1650000,18.728943695835632,10.018447264132686,1
resize_only,store_coordinate_convention,cam2,34,1700000,101.89484198583983,7.892592572268859,0
resize_only,store_coordinate_convention,cam2,35,1750000,109.45439983461726,8.93029606781069,0
resize_only,store_coordinate_convention,cam2,36,1800000,115.09722154130625,8.668214595407953,0
resize_only,store_coordinate_convention,cam2,37,1850000,119.28936305510051,7.8017312331842685,0
resize_only,store_coordinate_convention,cam2,38,1900000,18.63141628466532,11.528725503814952,1
resize_only,store_coordinate_convention,cam2,39,1950000,10.811358930157684,8.052266044794246,1
resize_only,store_coordinate_convention,cam2,40,2000000,136.04715455412506,9.174675060454346,0
resize_only,store_coordinate_convention,cam2,41,2050000,0.7262676634007277,6.5984095961499545,1
resize_only,store_coordinate_convention,cam2,42,2100000,2.4469756572885752,5.505091234121792,0
resize_only,store_coordinate_convention,cam2,43,2150000,0.2900325603869156,5.184567109388922,0
resize_only,store_coordinate_convention,cam2,44,2200000,2.201329188257872,4.89203165932101,0
resize_only,store_coordinate_convention,cam2,45,2250000,2.6105238370596675,5.3208004023186195,0
resize_only,store_coordinate_convention,cam2,46,2300000,11.126684720225795,9.88591111905669,0
resize_only,store_coordinate_convention,cam2,47,2350000,3.4284035776982,4.856790473955142,0
resize_only,store_coordinate_convention,cam2,48,2400000,2.532941977884404,4.6590245221352955,0
resize_only,store_coordinate_convention,cam2,49,2450000,2.664430152233238,5.001303263137842,0
resize_only,store_coordinate_convention,cam2,50,2500000,2.056805209951537,4.603277354694937,0
resize_only,store_coordinate_convention,cam2,51,2550000,3.4821867037682313,4.98193958941919,0
resize_only,store_coordinate_convention,cam2,52,2600000,1.3213651851539234,5.183953097008757,0
resize_only,store_coordinate_convention,cam2,55,2750000,1.4742805023208383,4.204528145970773,0
resize_only,store_coordinate_convention,cam2,56,2800000,2.139291612172168,4.3471933033058665,0
resize_only,store_coordinate_convention,cam2,57,2850000,1.6006980827117439,4.242919329885819,0
resize_only,store_coordinate_convention,cam2,58,2900000,0.7357786892096256,3.9199385967314075,0
resize_only,store_coordinate_convention,cam2,59,2950000,0.6580377864112285,3.6783270621100232,0
resize_only,store_coordinate_convention,cam2,60,3000000,3.301454046724235,4.654978560759529,0
resize_only,store_coordinate_convention,cam2,61,3050000,1.6471672210864028,3.911795666201522,0
resize_only,store_coordinate_convention,cam2,62,3100000,4.622512822859978,5.221827748271995,0
resize_only,store_coordinate_convention,cam2,63,3150000,1.431952761416424,4.135142650061056,0
resize_only,store_coordinate_convention,cam2,64,3200000,1.3869805979455496,4.1463015949397555,0
resize_only,store_coordinate_convention,cam2,65,3250000,0.6240762897297618,4.064351559305512,0
resize_only,store_coordinate_convention,cam2,66,3300000,0.29624135879970415,3.9631821420649924,0
resize_only,store_coordinate_convention,cam2,67,3350000,3.319332185702878,4.671445467348352,0
resize_only,store_coordinate_convention,cam2,68,3400000,4.242427061831851,5.2455773752525,0
resize_only,store_coordinate_convention,cam2,69,3450000,4.171940190096983,5.110151285135206,0
resize_only,store_coordinate_convention,cam2,70,3500000,3.423425536926305,4.690975386290342,0
resize_only,store_coordinate_convention,cam2,71,3550000,2.0148173202109696,4.136942668219184,0
resize_only,store_coordinate_convention,cam2,72,3600000,6.588070253737374,6.485198990473149,0
resize_only,store_coordinate_convention,cam2,73,3650000,7.771807735505958,7.571634181814816,0
resize_only,store_coordinate_convention,cam2,74,3700000,42.078046444883945,10.661818457421793,3
resize_only,store_coordinate_convention,cam2,75,3750000,76.30712892990438,10.415999141083493,1
resize_only,store_coordinate_convention,cam2,76,3800000,81.41356431552691,11.047898014953494,1
resize_only,store_coordinate_convention,cam2,77,3850000,85.05573684906808,9.89301639707973,1
resize_only,store_coordinate_convention,cam2,78,3900000,1.0800890918071497,4.491981633438128,0
resize_only,store_coordinate_convention,cam2,79,3950000,1.4331903193014235,4.8021736804664314,0
resize_only,store_coordinate_convention,cam2,80,4000000,1.585551060329755,4.205399740620404,0
resize_only,store_coordinate_convention,cam2,81,4050000,0.9758752256813105,4.091635463628325,0
resize_only,store_coordinate_convention,cam2,82,4100000,3.323362034332487,4.66254395940053,0
resize_only,store_coordinate_convention,cam2,83,4150000,2.547605619715306,4.7319766257981595,0
resize_only,store_coordinate_convention,cam2,84,4200000,3.8830283330109197,4.896583676626982,0
resize_only,store_coordinate_convention,cam2,85,4250000,4.041945688491252,5.022780697933522,0
resize_only,store_coordinate_convention,cam2,86,4300000,1.6083710002374805,4.033626779142148,0
resize_only,store_coordinate_convention,cam2,87,4350000,1.1024038709320272,3.826689709058776,0
resize_only,store_coordinate_convention,cam2,88,4400000,1.6712259312874111,3.968657503261406,0
resize_only,store_coordinate_convention,cam2,89,4450000,2.3145664140008364,4.2068792751018975,0
resize_only,store_coordinate_convention,cam2,90,4500000,2.0854090573310944,4.093576831400206,0
resize_only,store_coordinate_convention,cam2,91,4550000,4.5342784931134865,5.129104896057745,0
resize_only,store_coordinate_convention,cam2,92,4600000,3.647513194292199,4.604328025418438,0
resize_only,store_coordinate_convention,cam2,93,4650000,2.766667913292668,4.303429992169725,0
resize_only,store_coordinate_convention,cam2,94,4700000,2.13785432728934,4.143444547785565,0
resize_only,store_coordinate_convention,cam2,95,4750000,3.8783190086074244,4.970790124277791,0
resize_only,store_coordinate_convention,cam2,96,4800000,3.9854876475810284,5.103397744911366,0
resize_only,store_coordinate_convention,cam2,97,4850000,1.8266220173089027,4.089368930405982,0
resize_only,store_coordinate_convention,cam2,98,4900000,1.7814749054978292,4.0306532855314465,0
resize_only,store_coordinate_convention,cam2,99,4950000,3.2635747874941488,4.495510788643658,0
resize_only,store_coordinate_convention,cam2,101,5050000,0.31950920609767614,3.940346522324665,0
resize_only,store_coordinate_convention,cam2,102,5100000,1.5950078728609192,4.770302950105265,0
resize_only,store_coordinate_convention,cam2,103,5150000,4.429570084257567,5.2566149157296405,0
resize_only,store_coordinate_convention,cam2,104,5200000,5.948515160309183,5.6577083665088885,0
resize_only,store_coordinate_convention,cam2,105,5250000,4.379077361774625,5.838059646931997,0
resize_only,store_coordinate_convention,cam2,106,5300000,8.943205489473211,6.710891878363531,0
resize_only,store_coordinate_convention,cam2,107,5350000,10.588944313281397,7.004319943949334,0
resize_only,store_coordinate_convention,cam2,108,5400000,11.327881247113995,7.483480712003995,0
resize_only,store_coordinate_convention,cam2,111,5550000,11.36232802910777,6.756272006417629,0
resize_only,store_coordinate_convention,cam2,112,5600000,9.207815896942545,6.537891720385236,0
resize_only,store_coordinate_convention,cam2,113,5650000,3.5717338637694396,5.5549965324853545,0
resize_only,store_coordinate_convention,cam2,114,5700000,1.6738880141860724,3.941587289214027,0
resize_only,store_coordinate_convention,cam2,115,5750000,0.41628967348899537,3.3784982855530945,0
resize_only,store_coordinate_convention,cam2,116,5800000,0.5324820514288667,3.3786654177783184,0
resize_only,store_coordinate_convention,cam2,117,5850000,1.481912223423669,3.7184303323414394,0
resize_only,store_coordinate_convention,cam2,118,5900000,1.0512884935700557,3.76898570553994,0
resize_only,store_coordinate_convention,cam2,119,5950000,1.306639326368389,3.504811204609373,0
resize_only,store_coordinate_convention,cam2,120,6000000,2.9837017478879684,4.006357057856274,0
resize_only,store_coordinate_convention,cam2,121,6050000,1.8644111999220883,3.617083343200285,0
resize_only,store_coordinate_convention,cam2,122,6100000,1.91463187710452,3.8875904994681516,0
resize_only,store_coordinate_convention,cam2,123,6150000,2.0212799030909547,3.985718059673175,0
resize_only,store_coordinate_convention,cam2,124,6200000,1.1878768353696672,3.4936488962542818,0
resize_only,store_coordinate_convention,cam2,125,6250000,1.434035081535635,3.4902038947723835,0
resize_only,store_coordinate_convention,cam2,126,6300000,0.6753240240225385,3.701107189406196,0
resize_only,store_coordinate_convention,cam2,127,6350000,1.1281402487996157,3.6573566008931966,0
resize_only,store_coordinate_convention,cam2,128,6400000,1.0217925317309742,3.393061115295417,0
resize_only,store_coordinate_convention,cam2,129,6450000,0.4489168836741457,3.659587805907444,0
resize_only,store_coordinate_convention,cam2,130,6500000,1.5144846056188859,3.792826127116159,0
resize_only,store_coordinate_convention,cam2,131,6550000,1.1424356629334178,3.7546197184057295,0
resize_only,store_coordinate_convention,cam2,132,6600000,5.360341201195697,5.641973375490778,0
resize_only,store_coordinate_convention,cam2,136,6800000,1.660129000128988,3.8676047854485684,0
resize_only,store_coordinate_convention,cam2,137,6850000,0.37930001013995684,3.5776244932165433,0
resize_only,store_coordinate_convention,cam2,138,6900000,1.372654741453739,3.5518688053494962,0
resize_only,store_coordinate_convention,cam2,139,6950000,1.680857624894729,3.81880534350422,0
resize_only,store_coordinate_convention,cam2,140,7000000,1.4191928938975398,3.555758991747979,0
resize_only,store_coordinate_convention,cam2,141,7050000,1.404323819050304,3.729825900060556,0
resize_only,store_coordinate_convention,cam2,142,7100000,1.0930453564090004,3.720410671963622,0
resize_only,store_coordinate_convention,cam2,143,7150000,1.7017398423174719,4.1043431684090415,0
resize_only,store_coordinate_convention,cam2,144,7200000,1.811588652015386,3.88852732472267,0
resize_only,store_coordinate_convention,cam2,145,7250000,1.2962954858063342,3.785560739251313,0
resize_only,store_coordinate_convention,cam2,146,7300000,1.2006058948371217,3.696125783062868,0
resize_only,store_coordinate_convention,cam2,147,7350000,1.4623126936884931,3.7875294748985304,0
resize_only,store_coordinate_convention,cam2,148,7400000,5.123403438217228,5.834756880150005,0
resize_only,store_coordinate_convention,cam2,149,7450000,1.0942308459647327,3.5708898635182376,0
resize_only,store_coordinate_convention,cam2,150,7500000,1.41202981157677,3.7568625880673743,0
resize_only,store_coordinate_convention,cam2,151,7550000,1.05832792931478,3.71481680343752,0
resize_only,store_coordinate_convention,cam2,152,7600000,1.6174899076318088,3.777667863582735,0
resize_only,store_coordinate_convention,cam2,153,7650000,2.091293648898068,3.809864474106366,0
resize_only,store_coordinate_convention,cam2,154,7700000,2.531465197922918,4.140643817025742,0
resize_only,store_coordinate_convention,cam2,155,7750000,2.251659904028682,4.2221553267699665,0
resize_only,store_coordinate_convention,cam2,156,7800000,1.8154193617920182,3.9283030578783276,0
resize_only,store_coordinate_convention,cam2,157,7850000,1.7027075872228132,3.75769129537802,0
resize_only,store_coordinate_convention,cam2,158,7900000,0.6455231053877059,3.56036657002832,0
resize_only,store_coordinate_convention,cam2,159,7950000,1.1277524836206694,3.7165400489277367,0
resize_only,store_coordinate_convention,cam2,160,8000000,0.8986738164382388,3.6076440779379535,0
resize_only,store_coordinate_convention,cam2,161,8050000,1.5375681871002935,3.782680648625675,0
resize_only,store_coordinate_convention,cam2,162,8100000,0.6191740138650873,3.481353428428024,0
resize_only,store_coordinate_convention,cam2,163,8150000,0.831575893012974,3.4525022931184832,0
resize_only,store_coordinate_convention,cam2,164,8200000,1.4078343725250564,3.900758699915375,0
resize_only,store_coordinate_convention,cam2,165,8250000,1.0415037640452942,3.7120917491933163,0
resize_only,store_coordinate_convention,cam2,166,8300000,3.232416372994386,4.337797518367058,0
resize_only,store_coordinate_convention,cam2,167,8350000,1.7946924764770618,3.7679663127370535,0
resize_only,store_coordinate_convention,cam2,168,8400000,3.028271659067273,4.649250456259299,0
resize_only,store_coordinate_convention,cam2,169,8450000,3.160252995392395,4.263764165454331,0
resize_only,store_coordinate_convention,cam2,170,8500000,6.048076227312254,5.672129271353558,0
resize_only,store_coordinate_convention,cam2,171,8550000,3.6340706829243214,4.908814681688632,0
resize_only,store_coordinate_convention,cam2,172,8600000,4.261824059111472,4.685782505069444,0
resize_only,store_coordinate_convention,cam2,176,8800000,280.94265842938876,13.053945434301557,3
resize_only,store_coordinate_convention,cam2,177,8850000,346.5149088140038,13.516447820192155,3
resize_only,store_coordinate_convention,cam2,178,8900000,8.48819379454724,7.1266201947981225,0
resize_only,store_coordinate_convention,cam2,181,9050000,2.8033375773352556,4.856928896098582,0
resize_only,store_coordinate_convention,cam2,182,9100000,3.333127589572389,5.318603437409632,0
resize_only,store_coordinate_convention,cam2,183,9150000,3.5642875262380307,5.016335775666848,0
resize_only,store_coordinate_convention,cam2,184,9200000,4.441651349908252,4.767253167457293,0
resize_only,store_coordinate_convention,cam2,185,9250000,3.9316691634124727,4.7763172478881994,0
resize_only,store_coordinate_convention,cam2,186,9300000,2.3027921019363005,4.345271963607571,0
resize_only,store_coordinate_convention,cam2,187,9350000,1.7252047898639598,4.540051506111078,0
resize_only,store_coordinate_convention,cam2,188,9400000,0.9157198692622514,3.947123383460129,0
resize_only,store_coordinate_convention,cam2,189,9450000,2.2892638135853445,3.9889600102734803,0
resize_only,store_coordinate_convention,cam2,190,9500000,1.0151594780683206,3.8800620612385117,0
resize_only,store_coordinate_convention,cam2,191,9550000,1.8505421925678789,3.9984026511396493,0
resize_only,store_coordinate_convention,cam2,192,9600000,1.7459446486851564,3.9096462000883108,0
resize_only,store_coordinate_convention,cam2,193,9650000,3.046133549524966,4.607526980248808,0
resize_only,store_coordinate_convention,cam2,194,9700000,1.2855682541830025,3.7720555371395257,0
resize_only,store_coordinate_convention,cam2,195,9750000,0.6050332801586331,3.5527659827270828,0
resize_only,store_coordinate_convention,cam2,196,9800000,3.053348416460678,4.5387784071095965,0
resize_only,store_coordinate_convention,cam2,197,9850000,0.21184940434844196,3.7825742282943633,0
resize_only,store_coordinate_convention,cam2,198,9900000,2.8221351799721046,4.503231411534728,0
resize_only,store_coordinate_convention,cam2,199,9950000,1.4806696164379969,3.868521994734735,0
resize_only,store_coordinate_convention,cam2,200,10000000,0.7632377337244,3.7539020091763486,0
resize_only,store_coordinate_convention,cam2,201,10050000,0.5454233575652462,3.582493457437554,0
resize_only,store_coordinate_convention,cam2,202,10100000,1.785546939880234,3.91474987868369,0
resize_only,store_coordinate_convention,cam2,203,10150000,0.2997362834842489,3.717810990685887,0
resize_only,store_coordinate_convention,cam2,204,10200000,0.6486849120123466,3.7242050319456688,0
resize_only,store_coordinate_convention,cam2,205,10250000,1.5542008149932638,3.958312870036208,0
resize_only,store_coordinate_convention,cam2,206,10300000,3.2807491299010274,4.46551074957449,0
resize_only,store_coordinate_convention,cam2,207,10350000,1.210114194807521,3.8198945710429975,0
resize_only,store_coordinate_convention,cam2,215,10750000,1.304483904276655,4.1280537913490285,0
resize_only,store_coordinate_convention,cam2,216,10800000,3.1628245955804246,4.777132444804289,0
resize_only,store_coordinate_convention,cam2,217,10850000,2.7752630377738448,4.553076293311921,0
resize_only,store_coordinate_convention,cam2,218,10900000,3.319502588141129,4.68469324400119,0
resize_only,store_coordinate_convention,cam2,219,10950000,3.7246676731302535,4.904126506795681,0
resize_only,store_coordinate_convention,cam2,220,11000000,11.30320241443335,6.801439962381511,0
resize_only,store_coordinate_convention,cam2,221,11050000,4.592288338086268,6.309980827354801,0
resize_only,store_coordinate_convention,cam2,222,11100000,0.981457049524386,4.8482779827827045,0
resize_only,store_coordinate_convention,cam2,223,11150000,1.4010291715502303,4.190651773874496,0
resize_only,store_coordinate_convention,cam2,224,11200000,1.725211523585783,4.408330181006836,0
resize_only,store_coordinate_convention,cam2,225,11250000,1.8698459379213812,4.420090366226541,0
resize_only,store_coordinate_convention,cam2,226,11300000,1.2434479106947398,4.878653226769233,0
resize_only,store_coordinate_convention,cam2,227,11350000,2.1633897148834533,4.615296275687115,0
resize_only,store_coordinate_convention,cam2,228,11400000,2.3662146974302702,4.410859699263817,0
resize_only,store_coordinate_convention,cam2,229,11450000,1.4760427913198044,4.211005361577962,0
resize_only,store_coordinate_convention,cam2,230,11500000,4.586038958023111,5.164724515682721,0
resize_only,store_coordinate_convention,cam2,231,11550000,2.5042958489648446,5.089577875382776,0
resize_only,store_coordinate_convention,cam2,232,11600000,7.069690531395467,5.705015281115065,0
resize_only,store_coordinate_convention,cam2,233,11650000,13.540778778066027,6.369926202926052,0
resize_only,store_coordinate_convention,cam2,234,11700000,5.360457649099654,6.798631294494446,0
resize_only,store_coordinate_convention,cam2,235,11750000,5.941611551709295,6.959960178574646,0
resize_only,store_coordinate_convention,cam2,236,11800000,5.857963671503805,6.636542420466655,0
resize_only,store_coordinate_convention,cam2,237,11850000,8.980235053155603,6.469097657270449,0
resize_only,store_coordinate_convention,cam2,238,11900000,142.4230029092966,8.339574666785019,3
resize_only,store_coordinate_convention,cam2,239,11950000,171.09301654831026,11.612437888384907,3
resize_only,store_coordinate_convention,cam2,240,12000000,98.0518735763844,10.08299569174656,3
resize_only,store_coordinate_convention,cam2,241,12050000,141.61286341740978,10.501575871429065,3
resize_only,store_coordinate_convention,cam2,242,12100000,100.3782198978668,11.630367550110057,3
resize_only,store_coordinate_convention,cam2,243,12150000,108.37952778405322,11.666873589923062,3
resize_only,store_coordinate_convention,cam2,244,12200000,128.80635785413256,11.898790586788635,3
resize_only,store_coordinate_convention,cam2,245,12250000,121.79156531696829,10.92572662163946,3
resize_only,store_coordinate_convention,cam2,246,12300000,149.5723489122769,9.9391516299222,3
resize_only,store_coordinate_convention,cam2,247,12350000,124.08055236672402,8.466734270954504,3
resize_only,store_coordinate_convention,cam2,248,12400000,131.3242413813087,8.654855250834736,3
resize_only,store_coordinate_convention,cam2,249,12450000,139.67464975887182,8.99796675823689,3
resize_only,store_coordinate_convention,cam2,250,12500000,144.02757677726146,6.689424829362021,3
resize_only,store_coordinate_convention,cam2,251,12550000,3.989052611683407,5.774338783851222,1
resize_only,store_coordinate_convention,cam2,252,12600000,4.33325430184978,6.068333464825029,1
resize_only,store_coordinate_convention,cam2,253,12650000,17.457147130561196,10.301516175809027,1
resize_only,store_coordinate_convention,cam2,254,12700000,20.6359972897532,12.069063300792227,0
resize_only,store_coordinate_convention,cam2,255,12750000,22.00386575589893,8.359195277715742,0
resize_only,store_coordinate_convention,cam2,256,12800000,15.898404027361758,7.367490496575386,0
resize_only,store_coordinate_convention,cam2,257,12850000,6.6347842422904355,5.510069802736963,0
resize_only,store_coordinate_convention,cam2,258,12900000,3.18695894292787,4.675880635701944,0
resize_only,store_coordinate_convention,cam2,259,12950000,2.1992388902001863,4.40002639277216,0
resize_only,store_coordinate_convention,cam2,260,13000000,1.5203219209042682,3.9643780363191574,0
resize_only,store_coordinate_convention,cam2,261,13050000,1.0283561992402832,3.8871207966305352,0
resize_only,store_coordinate_convention,cam2,262,13100000,1.1130682422798912,3.995286041065416,0
resize_only,store_coordinate_convention,cam2,263,13150000,1.9933687669158953,4.296368741064956,0
resize_only,store_coordinate_convention,cam2,264,13200000,2.9601271283703863,4.715038207390283,0
resize_only,store_coordinate_convention,cam2,265,13250000,3.6033752903957468,4.850407525065913,0
resize_only,store_coordinate_convention,cam2,266,13300000,3.5398804655934066,4.83751931829047,0
resize_only,store_coordinate_convention,cam2,267,13350000,0.9569583748228837,4.099300288808804,0
resize_only,store_coordinate_convention,cam2,268,13400000,2.166299222053002,4.299896357070425,0
resize_only,store_coordinate_convention,cam2,269,13450000,0.2693298839448525,4.073963898550762,0
resize_only,cached_evidence_replay,cam2,33,1650000,94.61637132400934,10.505264537237998,0
resize_only,cached_evidence_replay,cam2,34,1700000,103.06986623739563,9.70646236407157,0
resize_only,cached_evidence_replay,cam2,35,1750000,111.26964065681466,9.025809338305226,0
resize_only,cached_evidence_replay,cam2,36,1800000,119.3957667050623,10.006052832090587,0
resize_only,cached_evidence_replay,cam2,37,1850000,123.25811875475378,8.746654873879425,0
resize_only,cached_evidence_replay,cam2,38,1900000,126.7374814455461,9.831414136486046,0
resize_only,cached_evidence_replay,cam2,39,1950000,133.5889889756289,9.799197743694673,0
resize_only,cached_evidence_replay,cam2,40,2000000,138.4421903999576,9.626656360367223,0
resize_only,cached_evidence_replay,cam2,41,2050000,42.73851332748771,8.080521281223415,3
resize_only,cached_evidence_replay,cam2,42,2100000,4.229924620008974,6.225098852361482,0
resize_only,cached_evidence_replay,cam2,43,2150000,4.316445113541741,6.107883583638952,0
resize_only,cached_evidence_replay,cam2,44,2200000,7.7042961178638745,6.6440393189124105,0
resize_only,cached_evidence_replay,cam2,45,2250000,6.49683665119436,6.036017576366669,0
resize_only,cached_evidence_replay,cam2,46,2300000,11.187804748658019,8.59654136870537,0
resize_only,cached_evidence_replay,cam2,47,2350000,9.859809923462112,7.44530707697828,0
resize_only,cached_evidence_replay,cam2,48,2400000,5.464733843912531,5.877504798673488,0
resize_only,cached_evidence_replay,cam2,49,2450000,7.126096782437403,6.441824344419862,0
resize_only,cached_evidence_replay,cam2,50,2500000,3.3466952957489142,5.689423136185788,0
resize_only,cached_evidence_replay,cam2,51,2550000,6.290182175162107,5.964747310847267,0
resize_only,cached_evidence_replay,cam2,52,2600000,4.496519932580834,6.291911422768942,0
resize_only,cached_evidence_replay,cam2,55,2750000,3.151059186049929,4.554322213330092,0
resize_only,cached_evidence_replay,cam2,56,2800000,2.6005504461819586,4.528306047428462,0
resize_only,cached_evidence_replay,cam2,57,2850000,3.1730438568400614,4.839113963011782,0
resize_only,cached_evidence_replay,cam2,58,2900000,0.7442420836394328,4.180543059315449,0
resize_only,cached_evidence_replay,cam2,59,2950000,1.139748614332293,4.2322607352494135,0
resize_only,cached_evidence_replay,cam2,60,3000000,2.4169227490046317,4.337591464637118,0
resize_only,cached_evidence_replay,cam2,61,3050000,2.884414628424589,4.534092706738868,0
resize_only,cached_evidence_replay,cam2,62,3100000,4.6553044295729284,5.245354632293825,0
resize_only,cached_evidence_replay,cam2,63,3150000,2.142208039663874,4.35814988556438,0
resize_only,cached_evidence_replay,cam2,64,3200000,1.744045219836488,4.257461743992009,0
resize_only,cached_evidence_replay,cam2,65,3250000,1.060929360707243,4.193025031564716,0
resize_only,cached_evidence_replay,cam2,66,3300000,2.17162827306909,4.28676939411271,0
resize_only,cached_evidence_replay,cam2,67,3350000,2.943453175829991,4.831478779700184,0
resize_only,cached_evidence_replay,cam2,68,3400000,3.1896735644973324,4.769926762968703,0
resize_only,cached_evidence_replay,cam2,69,3450000,4.4817981453396305,4.943978750294372,0
resize_only,cached_evidence_replay,cam2,70,3500000,4.498707587508876,5.080554859125018,0
resize_only,cached_evidence_replay,cam2,71,3550000,3.957830522066513,4.84849762556823,0
resize_only,cached_evidence_replay,cam2,72,3600000,7.478455503802577,7.3212935949031115,0
resize_only,cached_evidence_replay,cam2,73,3650000,7.959961381332239,7.26825382309875,0
resize_only,cached_evidence_replay,cam2,74,3700000,70.8078517863384,12.137526903937918,0
resize_only,cached_evidence_replay,cam2,75,3750000,70.88300042281234,12.097165068132384,0
resize_only,cached_evidence_replay,cam2,76,3800000,69.46373520209974,12.506369628562647,0
resize_only,cached_evidence_replay,cam2,77,3850000,63.84131897841872,12.52562295757048,0
resize_only,cached_evidence_replay,cam2,78,3900000,5.7728640780242655,5.20106401913565,0
resize_only,cached_evidence_replay,cam2,79,3950000,3.723142757118948,4.891721084775639,0
resize_only,cached_evidence_replay,cam2,80,4000000,2.5848708663383415,4.55336565163109,0
resize_only,cached_evidence_replay,cam2,81,4050000,1.5366392259518802,4.138419206623551,0
resize_only,cached_evidence_replay,cam2,82,4100000,2.3253944965655187,4.436496324809594,0
resize_only,cached_evidence_replay,cam2,83,4150000,4.0715211839578735,4.9663515963106075,0
resize_only,cached_evidence_replay,cam2,84,4200000,3.768340821970976,4.9102333749363645,0
resize_only,cached_evidence_replay,cam2,85,4250000,3.426341842570888,4.800788007555953,0
resize_only,cached_evidence_replay,cam2,86,4300000,1.488774153899519,4.176820131564156,0
resize_only,cached_evidence_replay,cam2,87,4350000,1.1207953821036176,4.236791303742697,0
resize_only,cached_evidence_replay,cam2,88,4400000,4.370991674395871,4.945942900154664,0
resize_only,cached_evidence_replay,cam2,89,4450000,3.7546878327783624,4.807039681463554,0
resize_only,cached_evidence_replay,cam2,90,4500000,4.49945368305933,5.025611997116872,0
resize_only,cached_evidence_replay,cam2,91,4550000,4.187900572547555,4.965084867903313,0
resize_only,cached_evidence_replay,cam2,92,4600000,4.049331937493277,4.899922702624222,0
resize_only,cached_evidence_replay,cam2,93,4650000,2.5533025889504297,4.372867985442566,0
resize_only,cached_evidence_replay,cam2,94,4700000,1.1918804912647054,4.20979129484361,0
resize_only,cached_evidence_replay,cam2,95,4750000,3.4547649223246566,5.1118511756279865,0
resize_only,cached_evidence_replay,cam2,96,4800000,3.4314673284595285,4.892710582616166,0
resize_only,cached_evidence_replay,cam2,97,4850000,3.5082647489016057,4.804487122182643,0
resize_only,cached_evidence_replay,cam2,98,4900000,0.31322391843233244,4.392533820588875,0
resize_only,cached_evidence_replay,cam2,99,4950000,2.8257575786727775,4.525017669933753,0
resize_only,cached_evidence_replay,cam2,101,5050000,0.7677051440340035,4.244833072331925,0
resize_only,cached_evidence_replay,cam2,102,5100000,3.1169207506506957,5.2240525805797144,0
resize_only,cached_evidence_replay,cam2,103,5150000,4.0702058535981935,5.385684648793932,0
resize_only,cached_evidence_replay,cam2,104,5200000,3.935818071710974,5.712482733674415,0
resize_only,cached_evidence_replay,cam2,105,5250000,3.9799527282066025,5.952493253080915,0
resize_only,cached_evidence_replay,cam2,106,5300000,7.088564977445955,6.510146473542136,0
resize_only,cached_evidence_replay,cam2,107,5350000,9.904325472227297,7.222973048892943,0
resize_only,cached_evidence_replay,cam2,108,5400000,22.77799284754056,8.119802738659214,3
resize_only,cached_evidence_replay,cam2,111,5550000,13.568129376545562,6.466258420775867,0
resize_only,cached_evidence_replay,cam2,112,5600000,10.211472312229324,6.961801447185112,0
resize_only,cached_evidence_replay,cam2,113,5650000,4.596131266669494,5.327676838557833,0
resize_only,cached_evidence_replay,cam2,114,5700000,3.1030166333306095,4.480999194341502,0
resize_only,cached_evidence_replay,cam2,115,5750000,1.1949344634128634,3.4925372682594933,0
resize_only,cached_evidence_replay,cam2,116,5800000,1.4457915992173846,3.504263236213127,0
resize_only,cached_evidence_replay,cam2,117,5850000,0.4712703379834097,3.549158668938091,0
resize_only,cached_evidence_replay,cam2,118,5900000,0.9523767784848278,3.7631310618769653,0
resize_only,cached_evidence_replay,cam2,119,5950000,1.1860638569925954,3.562014662425847,0
resize_only,cached_evidence_replay,cam2,120,6000000,1.4534958332375794,3.4491981585884535,0
resize_only,cached_evidence_replay,cam2,121,6050000,1.0086228707744063,3.4149525931589118,0
resize_only,cached_evidence_replay,cam2,122,6100000,0.8192346474719565,3.562465440475675,0
resize_only,cached_evidence_replay,cam2,123,6150000,1.3144769750299083,3.8640088483438184,0
resize_only,cached_evidence_replay,cam2,124,6200000,1.133799456389393,3.5847892373472288,0
resize_only,cached_evidence_replay,cam2,125,6250000,1.1750370270079045,3.4632445257011852,0
resize_only,cached_evidence_replay,cam2,126,6300000,1.110982027453418,3.842809281476887,0
resize_only,cached_evidence_replay,cam2,127,6350000,0.16696041379883292,3.5284131493613646,0
resize_only,cached_evidence_replay,cam2,128,6400000,1.5971413695210226,3.5283971254778255,0
resize_only,cached_evidence_replay,cam2,129,6450000,2.288834191820549,4.188826183402789,0
resize_only,cached_evidence_replay,cam2,130,6500000,3.2367031608669583,4.461086185149986,0
resize_only,cached_evidence_replay,cam2,131,6550000,1.1209306279245597,4.017900871261629,0
resize_only,cached_evidence_replay,cam2,132,6600000,2.4362332401030016,4.376505135627248,0
resize_only,cached_evidence_replay,cam2,136,6800000,2.7733739693518986,4.347919622979159,0
resize_only,cached_evidence_replay,cam2,137,6850000,0.2527224534672909,3.677927570433713,0
resize_only,cached_evidence_replay,cam2,138,6900000,1.3775364923046685,3.5812606370393425,0
resize_only,cached_evidence_replay,cam2,139,6950000,1.8021716496989983,3.9031527436084303,0
resize_only,cached_evidence_replay,cam2,140,7000000,0.7051171798491219,3.3897199887555285,0
resize_only,cached_evidence_replay,cam2,141,7050000,1.3409578781247466,3.721535562391642,0
resize_only,cached_evidence_replay,cam2,142,7100000,1.6668144507160247,3.7889935304249267,0
resize_only,cached_evidence_replay,cam2,143,7150000,1.8279341172854748,4.131667604467754,0
resize_only,cached_evidence_replay,cam2,144,7200000,2.3905400053836474,4.0321379358384295,0
resize_only,cached_evidence_replay,cam2,145,7250000,0.6254805685574626,3.6602461916728277,0
resize_only,cached_evidence_replay,cam2,146,7300000,1.7084073321494717,3.73081046410047,0
resize_only,cached_evidence_replay,cam2,147,7350000,1.2833630018496722,3.6602710932536695,0
resize_only,cached_evidence_replay,cam2,148,7400000,4.08437902953459,5.0994966664355275,0
resize_only,cached_evidence_replay,cam2,149,7450000,0.3507402635879614,3.451423788134292,0
resize_only,cached_evidence_replay,cam2,150,7500000,1.0024840466416063,3.6539302360453387,0
resize_only,cached_evidence_replay,cam2,151,7550000,0.9745818189298996,3.652537420678261,0
resize_only,cached_evidence_replay,cam2,152,7600000,1.8509285926145793,3.8892219412387714,0
resize_only,cached_evidence_replay,cam2,153,7650000,1.9147310553181534,3.780981990291977,0
resize_only,cached_evidence_replay,cam2,154,7700000,2.5048564037003636,4.021873903284867,0
resize_only,cached_evidence_replay,cam2,155,7750000,2.1778512832333288,4.129339879914401,0
resize_only,cached_evidence_replay,cam2,156,7800000,1.2611029403635423,3.691577797074906,0
resize_only,cached_evidence_replay,cam2,157,7850000,1.9841798694994188,3.8542987771846278,0
resize_only,cached_evidence_replay,cam2,158,7900000,0.3394810169297739,3.5416731673173896,0
resize_only,cached_evidence_replay,cam2,159,7950000,1.4266559413643787,3.77610013802604,0
resize_only,cached_evidence_replay,cam2,160,8000000,0.8797457334143097,3.6091662061864387,0
resize_only,cached_evidence_replay,cam2,161,8050000,1.402671579174901,3.6918965080891226,0
resize_only,cached_evidence_replay,cam2,162,8100000,0.6334042668296268,3.497414297224097,0
resize_only,cached_evidence_replay,cam2,163,8150000,0.8213287955044546,3.4722528488106104,0
resize_only,cached_evidence_replay,cam2,164,8200000,1.3293534257425674,3.8236723664338896,0
resize_only,cached_evidence_replay,cam2,165,8250000,1.3374019798871062,3.720485555024858,0
resize_only,cached_evidence_replay,cam2,166,8300000,2.7309879117203373,4.116616132115681,0
resize_only,cached_evidence_replay,cam2,167,8350000,2.0471654081662796,3.8462110169982218,0
resize_only,cached_evidence_replay,cam2,168,8400000,3.4248193060582586,4.63057350002299,0
resize_only,cached_evidence_replay,cam2,169,8450000,4.014192731582685,4.56255740569018,0
resize_only,cached_evidence_replay,cam2,170,8500000,6.964509795233018,6.305154364369258,0
resize_only,cached_evidence_replay,cam2,171,8550000,4.388749544815722,4.925200244611851,0
resize_only,cached_evidence_replay,cam2,172,8600000,4.484729893302288,4.796120655195352,0
resize_only,cached_evidence_replay,cam2,176,8800000,0.9979889182606759,5.984068271848052,0
resize_only,cached_evidence_replay,cam2,177,8850000,10.591734895734785,7.121182708030173,0
resize_only,cached_evidence_replay,cam2,178,8900000,5.685122303527122,7.095466263142104,0
resize_only,cached_evidence_replay,cam2,181,9050000,3.2135761295903276,5.0425880918965085,0
resize_only,cached_evidence_replay,cam2,182,9100000,3.1586993792146005,5.319169672699978,0
resize_only,cached_evidence_replay,cam2,183,9150000,3.5475728438001806,5.011290938875984,0
resize_only,cached_evidence_replay,cam2,184,9200000,4.6979665309538055,4.832521030425058,0
resize_only,cached_evidence_replay,cam2,185,9250000,3.9095437366121106,4.676533619533627,0
resize_only,cached_evidence_replay,cam2,186,9300000,2.170889255693097,4.371777950927045,0
resize_only,cached_evidence_replay,cam2,187,9350000,1.0722030321707083,4.54290785724837,0
resize_only,cached_evidence_replay,cam2,188,9400000,0.6477769438467932,3.9886560096164807,0
resize_only,cached_evidence_replay,cam2,189,9450000,2.6030993978316217,4.3036716047527666,0
resize_only,cached_evidence_replay,cam2,190,9500000,0.9022753722204,4.055198129925756,0
resize_only,cached_evidence_replay,cam2,191,9550000,1.631739361015974,3.9365781836792095,0
resize_only,cached_evidence_replay,cam2,192,9600000,2.7791143262328273,4.331064126263396,0
resize_only,cached_evidence_replay,cam2,193,9650000,0.5716172193995848,3.920374221112553,0
resize_only,cached_evidence_replay,cam2,194,9700000,1.660321866088051,3.9503100097871187,0
resize_only,cached_evidence_replay,cam2,195,9750000,1.212374750410636,3.837903618021457,0
resize_only,cached_evidence_replay,cam2,196,9800000,3.3428411072070543,4.758007261203707,0
resize_only,cached_evidence_replay,cam2,197,9850000,0.9068748171311664,3.852643553835575,0
resize_only,cached_evidence_replay,cam2,198,9900000,1.9870810890410993,4.298798192309141,0
resize_only,cached_evidence_replay,cam2,199,9950000,0.9133307120925332,3.821706970091734,0
resize_only,cached_evidence_replay,cam2,200,10000000,0.7380964011081546,3.9164365057337402,0
resize_only,cached_evidence_replay,cam2,201,10050000,0.7635687306146148,3.736953282847985,0
resize_only,cached_evidence_replay,cam2,202,10100000,2.564246454203619,4.315122520215377,0
resize_only,cached_evidence_replay,cam2,203,10150000,0.4442544813533561,3.7684554839065836,0
resize_only,cached_evidence_replay,cam2,204,10200000,1.5969451871387093,3.849959945315266,0
resize_only,cached_evidence_replay,cam2,205,10250000,1.3389548573747634,3.925386458175108,0
resize_only,cached_evidence_replay,cam2,206,10300000,2.3796027691976196,4.311637455371688,0
resize_only,cached_evidence_replay,cam2,207,10350000,1.2581266938988163,4.138773400141826,0
resize_only,cached_evidence_replay,cam2,215,10750000,1.6887443872921868,4.368367902969025,0
resize_only,cached_evidence_replay,cam2,216,10800000,4.0779842523958205,5.1494699213794135,0
resize_only,cached_evidence_replay,cam2,217,10850000,2.54112771007274,4.853794242179166,0
resize_only,cached_evidence_replay,cam2,218,10900000,3.6231694763001654,4.960566507893752,0
resize_only,cached_evidence_replay,cam2,219,10950000,5.725079784646435,5.981145363681492,0
resize_only,cached_evidence_replay,cam2,220,11000000,11.126603152981264,6.78879218449758,0
resize_only,cached_evidence_replay,cam2,221,11050000,4.878090500536221,6.9377838666042795,0
resize_only,cached_evidence_replay,cam2,222,11100000,3.3997027673535802,5.534574356071319,0
resize_only,cached_evidence_replay,cam2,223,11150000,2.5981598549849103,5.282354992282242,0
resize_only,cached_evidence_replay,cam2,224,11200000,1.795490323815345,4.673842909235466,0
resize_only,cached_evidence_replay,cam2,225,11250000,2.1119904941535546,4.753320873810374,0
resize_only,cached_evidence_replay,cam2,226,11300000,2.6813177150047487,5.881877973804391,0
resize_only,cached_evidence_replay,cam2,227,11350000,3.8170208197551547,4.923192833486496,0
resize_only,cached_evidence_replay,cam2,228,11400000,1.4871017570193665,4.441487639071992,0
resize_only,cached_evidence_replay,cam2,229,11450000,1.1165208312078418,4.468740868840568,0
resize_only,cached_evidence_replay,cam2,230,11500000,1.8966235856856009,5.54074916188018,0
resize_only,cached_evidence_replay,cam2,231,11550000,2.6304385866238897,6.872403265265621,0
resize_only,cached_evidence_replay,cam2,232,11600000,12.145442867020721,6.946607604825758,0
resize_only,cached_evidence_replay,cam2,233,11650000,19.29266604601716,8.826971347372307,0
resize_only,cached_evidence_replay,cam2,234,11700000,119.30544118482452,7.524167796905323,3
resize_only,cached_evidence_replay,cam2,235,11750000,19.83433362749343,7.8380709903647,0
resize_only,cached_evidence_replay,cam2,236,11800000,1.992795365704431,7.2157545155164575,0
resize_only,cached_evidence_replay,cam2,237,11850000,7.324125294780452,7.442273641110416,0
resize_only,cached_evidence_replay,cam2,238,11900000,61.57509491991238,8.384836360545657,3
resize_only,cached_evidence_replay,cam2,239,11950000,50.795965466201416,9.445055354828959,3
resize_only,cached_evidence_replay,cam2,240,12000000,43.301820289478606,12.15465970960525,3
resize_only,cached_evidence_replay,cam2,241,12050000,17.761774564647883,11.738776918752649,3
resize_only,cached_evidence_replay,cam2,242,12100000,24.222508445222633,11.261028425234606,3
resize_only,cached_evidence_replay,cam2,243,12150000,65.28717298229459,11.168376984426079,3
resize_only,cached_evidence_replay,cam2,244,12200000,106.41012006769193,11.161269776265033,3
resize_only,cached_evidence_replay,cam2,245,12250000,19.042656042597727,10.468801769769222,3
resize_only,cached_evidence_replay,cam2,246,12300000,19.995753143479437,9.453548814734193,3
resize_only,cached_evidence_replay,cam2,247,12350000,287.8011684585548,10.304934489661932,0
resize_only,cached_evidence_replay,cam2,248,12400000,155.03728720531265,12.894646692994842,3
resize_only,cached_evidence_replay,cam2,249,12450000,148.49689083979823,12.23724790414692,3
resize_only,cached_evidence_replay,cam2,250,12500000,131.3095142567016,12.383340008149329,3
resize_only,cached_evidence_replay,cam2,251,12550000,14.709230101313748,7.956683902812495,1
resize_only,cached_evidence_replay,cam2,252,12600000,13.893221993589494,8.205832398471006,1
resize_only,cached_evidence_replay,cam2,253,12650000,24.28809825289848,12.530725568979944,1
resize_only,cached_evidence_replay,cam2,254,12700000,15.365072189163978,10.344230696025619,0
resize_only,cached_evidence_replay,cam2,255,12750000,168.4203741054258,12.108703469796389,3
resize_only,cached_evidence_replay,cam2,256,12800000,303.99721347343313,9.772278065502524,0
resize_only,cached_evidence_replay,cam2,257,12850000,0.5434796052938399,5.0150518311463,0
resize_only,cached_evidence_replay,cam2,258,12900000,2.0702686370843053,5.167991516696034,0
resize_only,cached_evidence_replay,cam2,259,12950000,4.033083066792601,5.108183407207443,0
resize_only,cached_evidence_replay,cam2,260,13000000,3.158048278507688,4.588820982227775,0
resize_only,cached_evidence_replay,cam2,261,13050000,3.120885284799557,4.667616605554635,0
resize_only,cached_evidence_replay,cam2,262,13100000,4.985814533309427,5.831713423353431,0
resize_only,cached_evidence_replay,cam2,263,13150000,6.467289193175071,5.935829244675297,0
resize_only,cached_evidence_replay,cam2,264,13200000,4.1940511211290445,4.851511995504611,0
resize_only,cached_evidence_replay,cam2,265,13250000,3.2569251965389485,4.590874599208151,0
resize_only,cached_evidence_replay,cam2,266,13300000,3.9509962921505735,4.800805323717967,0
resize_only,cached_evidence_replay,cam2,267,13350000,5.1161858507872555,5.162932481122274,0
resize_only,cached_evidence_replay,cam2,268,13400000,3.6993537847468496,4.69115028294142,0
resize_only,cached_evidence_replay,cam2,269,13450000,2.994311688333113,4.655782924621587,0
reencoded,pipeline,cam2,33,1650000,94.95907701030488,10.516623403003571,0
reencoded,pipeline,cam2,34,1700000,103.40611496392262,9.723239124023348,0
reencoded,pipeline,cam2,35,1750000,111.6058143175823,9.029101705986387,0
reencoded,pipeline,cam2,36,1800000,119.7305155142992,9.993675927374458,0
reencoded,pipeline,cam2,37,1850000,123.5929709941905,8.735886307131787,0
reencoded,pipeline,cam2,38,1900000,127.02837000680445,9.815611925365172,0
reencoded,pipeline,cam2,39,1950000,133.9104653266401,9.794429864303256,0
reencoded,pipeline,cam2,40,2000000,138.77270174762504,9.618343118508058,0
reencoded,pipeline,cam2,41,2050000,42.62388125016723,8.114051891304598,3
reencoded,pipeline,cam2,42,2100000,4.516775230977166,6.249851348015833,0
reencoded,pipeline,cam2,43,2150000,4.56300235715516,6.128277649067142,0
reencoded,pipeline,cam2,44,2200000,7.981986337256245,6.666425233223938,0
reencoded,pipeline,cam2,45,2250000,6.760735256157193,6.080567261287774,0
reencoded,pipeline,cam2,46,2300000,11.46087728096723,8.72569816539828,0
reencoded,pipeline,cam2,47,2350000,10.138230549612432,7.52767494263977,0
reencoded,pipeline,cam2,48,2400000,5.738169289679747,5.92823132448183,0
reencoded,pipeline,cam2,49,2450000,7.403242755179456,6.479223217416406,0
reencoded,pipeline,cam2,50,2500000,3.620756564494729,5.745889663512971,0
reencoded,pipeline,cam2,51,2550000,6.554152478778735,6.03478122708812,0
reencoded,pipeline,cam2,52,2600000,4.645934400743913,6.358663516900727,0
reencoded,pipeline,cam2,55,2750000,3.421889611938751,4.64791678017853,0
reencoded,pipeline,cam2,56,2800000,2.862227793592304,4.587419367216297,0
reencoded,pipeline,cam2,57,2850000,3.4432310571502733,4.932703042856231,0
reencoded,pipeline,cam2,58,2900000,0.9526064299345915,4.197014324092514,0
reencoded,pipeline,cam2,59,2950000,1.4088474183265467,4.268235141105238,0
reencoded,pipeline,cam2,60,3000000,2.173202663956322,4.266035567127776,0
reencoded,pipeline,cam2,61,3050000,2.6198568081017957,4.437352774212439,0
reencoded,pipeline,cam2,62,3100000,4.436650231747415,5.131462741332411,0
reencoded,pipeline,cam2,63,3150000,2.0863724665760084,4.345334209864408,0
reencoded,pipeline,cam2,64,3200000,1.505296568399976,4.206235442296652,0
reencoded,pipeline,cam2,65,3250000,0.8348779179905984,4.167892910784078,0
reencoded,pipeline,cam2,66,3300000,2.2504955282637287,4.30213811196843,0
reencoded,pipeline,cam2,67,3350000,3.19225497316847,4.910037836033215,0
reencoded,pipeline,cam2,68,3400000,3.390558958586417,4.848106755153577,0
reencoded,pipeline,cam2,69,3450000,4.4689060064612836,4.924104882738604,0
reencoded,pipeline,cam2,70,3500000,4.408193710142153,5.025530263205441,0
reencoded,pipeline,cam2,71,3550000,4.111220461895482,4.909733063249234,0
reencoded,pipeline,cam2,72,3600000,7.754274279719055,7.535890893653163,0
reencoded,pipeline,cam2,73,3650000,8.213879804976928,7.464646265136269,0
reencoded,pipeline,cam2,74,3700000,70.71989862675335,12.126450516242773,0
reencoded,pipeline,cam2,75,3750000,70.7880262177016,12.089508610134288,0
reencoded,pipeline,cam2,76,3800000,69.38008491129985,12.490342904787921,0
reencoded,pipeline,cam2,77,3850000,63.76647869093591,12.509460515823069,0
reencoded,pipeline,cam2,78,3900000,5.75659267176911,5.180283154682597,0
reencoded,pipeline,cam2,79,3950000,3.4859773787891823,4.8035554858109,0
reencoded,pipeline,cam2,80,4000000,2.3172804864487655,4.492484756421701,0
reencoded,pipeline,cam2,81,4050000,1.271346392740066,4.10070114016788,0
reencoded,pipeline,cam2,82,4100000,2.5812008045088253,4.5000890461350185,0
reencoded,pipeline,cam2,83,4150000,4.2616138938503445,5.0517302202646786,0
reencoded,pipeline,cam2,84,4200000,4.00036197529147,5.019129870018201,0
reencoded,pipeline,cam2,85,4250000,3.695497061654616,4.922400128385727,0
reencoded,pipeline,cam2,86,4300000,1.7503964869899182,4.225773178860271,0
reencoded,pipeline,cam2,87,4350000,1.2154456257017654,4.251963642739595,0
reencoded,pipeline,cam2,88,4400000,4.341668118470473,4.934161966157028,0
reencoded,pipeline,cam2,89,4450000,3.7293275180777634,4.800854493261266,0
reencoded,pipeline,cam2,90,4500000,4.500374792985701,5.027014565506867,0
reencoded,pipeline,cam2,91,4550000,4.258591238268795,5.0074486531163505,0
reencoded,pipeline,cam2,92,4600000,4.090367824582437,4.916365831697924,0
reencoded,pipeline,cam2,93,4650000,2.551723407558127,4.377867102397181,0
reencoded,pipeline,cam2,94,4700000,1.4110461385776616,4.247731220077274,0
reencoded,pipeline,cam2,95,4750000,3.7143928190873705,5.195409257827052,0
reencoded,pipeline,cam2,96,4800000,3.6861404100605792,4.985986053376076,0
reencoded,pipeline,cam2,97,4850000,3.6442316335736744,4.866783797963452,0
reencoded,pipeline,cam2,98,4900000,0.05522280887029124,4.388628606445971,0
reencoded,pipeline,cam2,99,4950000,2.8010879944114166,4.52344577387043,0
reencoded,pipeline,cam2,101,5050000,0.8892510838110051,4.256899772343713,0
reencoded,pipeline,cam2,102,5100000,3.3872585109635867,5.2761843853442745,0
reencoded,pipeline,cam2,103,5150000,4.344438231631326,5.451882712483236,0
reencoded,pipeline,cam2,104,5200000,4.207278677813871,5.763425157901654,0
reencoded,pipeline,cam2,105,5250000,4.227265426177663,5.998667204601498,0
reencoded,pipeline,cam2,106,5300000,7.194468993022174,6.518704303245233,0
reencoded,pipeline,cam2,107,5350000,9.906101711942336,7.210233533796338,0
reencoded,pipeline,cam2,108,5400000,22.53207469690876,8.125375887202534,3
reencoded,pipeline,cam2,111,5550000,13.57462522885556,6.464596677809757,0
reencoded,pipeline,cam2,112,5600000,10.221452789611302,6.954541057400028,0
reencoded,pipeline,cam2,113,5650000,4.6201123252984075,5.326670812403801,0
reencoded,pipeline,cam2,114,5700000,2.837640280791405,4.347778989196726,0
reencoded,pipeline,cam2,115,5750000,1.0652800896599681,3.4843590113842264,0
reencoded,pipeline,cam2,116,5800000,1.246387660125794,3.4668449150422873,0
reencoded,pipeline,cam2,117,5850000,0.4298714014258385,3.5495019651287176,0
reencoded,pipeline,cam2,118,5900000,0.678865795650366,3.7261607828753434,0
reencoded,pipeline,cam2,119,5950000,1.2112410329971057,3.5909278466688317,0
reencoded,pipeline,cam2,120,6000000,1.2518821123607418,3.412408693332571,0
reencoded,pipeline,cam2,121,6050000,0.7439529223089165,3.364170569269046,0
reencoded,pipeline,cam2,122,6100000,0.7577898465689241,3.562748356062185,0
reencoded,pipeline,cam2,123,6150000,1.502386225581152,3.906229835522433,0
reencoded,pipeline,cam2,124,6200000,1.1496144433272542,3.607219472683303,0
reencoded,pipeline,cam2,125,6250000,1.4355884017916396,3.5234686557107935,0
reencoded,pipeline,cam2,126,6300000,0.893147604144549,3.812149527399983,0
reencoded,pipeline,cam2,127,6350000,0.4049969063450381,3.541446720863279,0
reencoded,pipeline,cam2,128,6400000,1.4675378812839635,3.5166123139636802,0
reencoded,pipeline,cam2,129,6450000,2.134437700683152,4.141366043617195,0
reencoded,pipeline,cam2,130,6500000,3.270313699687191,4.497846545813291,0
reencoded,pipeline,cam2,131,6550000,0.9476485055361071,3.9954784393490606,0
reencoded,pipeline,cam2,132,6600000,2.5839526360239775,4.41193360866882,0
reencoded,pipeline,cam2,136,6800000,2.8860784157059562,4.390811401266024,0
reencoded,pipeline,cam2,137,6850000,0.5230005265853049,3.698083160952315,0
reencoded,pipeline,cam2,138,6900000,1.1684842950329273,3.5341503510695116,0
reencoded,pipeline,cam2,139,6950000,1.5678337317665392,3.8348387154250663,0
reencoded,pipeline,cam2,140,7000000,0.7717419513150526,3.4216435398888247,0
reencoded,pipeline,cam2,141,7050000,1.0712638067884086,3.641279654762032,0
reencoded,pipeline,cam2,142,7100000,1.5726603438769857,3.7650959926865237,0
reencoded,pipeline,cam2,143,7150000,1.6040298500627557,4.062394124677226,0
reencoded,pipeline,cam2,144,7200000,2.4079520955279388,4.041682783285909,0
reencoded,pipeline,cam2,145,7250000,0.34640839451698746,3.634824883751298,0
reencoded,pipeline,cam2,146,7300000,1.6825164286719094,3.735748534679736,0
reencoded,pipeline,cam2,147,7350000,1.0518279662977101,3.6069145167410177,0
reencoded,pipeline,cam2,148,7400000,3.875182411178138,4.939206553532472,0
reencoded,pipeline,cam2,149,7450000,0.3840128815853037,3.4483576334665216,0
reencoded,pipeline,cam2,150,7500000,0.7457858548853182,3.6154415616829425,0
reencoded,pipeline,cam2,151,7550000,0.8175490484588672,3.6316315488796764,0
reencoded,pipeline,cam2,152,7600000,1.5622545066983728,3.740677215391038,0
reencoded,pipeline,cam2,153,7650000,1.9395349186531932,3.7722868904782256,0
reencoded,pipeline,cam2,154,7700000,2.4376066946768247,3.9546781300214207,0
reencoded,pipeline,cam2,155,7750000,1.9010065768904758,3.976776377866315,0
reencoded,pipeline,cam2,156,7800000,0.9785143310728834,3.6134526076346276,0
reencoded,pipeline,cam2,157,7850000,1.8539204134146345,3.804915202006965,0
reencoded,pipeline,cam2,158,7900000,0.5005264069198107,3.5601767654068226,0
reencoded,pipeline,cam2,159,7950000,1.2346802488445154,3.71235287265543,0
reencoded,pipeline,cam2,160,8000000,0.6090028627762875,3.554892607285888,0
reencoded,pipeline,cam2,161,8050000,1.212345788938388,3.621553241857976,0
reencoded,pipeline,cam2,162,8100000,0.6344134563568422,3.4977982610326688,0
reencoded,pipeline,cam2,163,8150000,0.6217313844131823,3.42138517020277,0
reencoded,pipeline,cam2,164,8200000,1.0946708827644807,3.7631515093148984,0
reencoded,pipeline,cam2,165,8250000,1.4484523436786159,3.753039847226564,0
reencoded,pipeline,cam2,166,8300000,2.811752105542261,4.17006639669321,0
reencoded,pipeline,cam2,167,8350000,2.052441351623919,3.8242848454059786,0
reencoded,pipeline,cam2,168,8400000,3.3571717045206544,4.5636924359525946,0
reencoded,pipeline,cam2,169,8450000,4.1050973308153145,4.581293465618227,0
reencoded,pipeline,cam2,170,8500000,6.989372665257719,6.257280222289793,0
reencoded,pipeline,cam2,171,8550000,4.412544558934092,4.900633877368783,0
reencoded,pipeline,cam2,172,8600000,4.276190412751383,4.704679715342335,0
reencoded,pipeline,cam2,176,8800000,0.950042093019295,5.98389230328689,0
reencoded,pipeline,cam2,177,8850000,10.727086894424607,7.219680173191404,0
reencoded,pipeline,cam2,178,8900000,5.832477000679234,7.11522396247706,0
reencoded,pipeline,cam2,181,9050000,3.4644906416046606,5.1366184241085335,0
reencoded,pipeline,cam2,182,9100000,3.339150978940735,5.40234537052708,0
reencoded,pipeline,cam2,183,9150000,3.580475573661289,5.064710948363171,0
reencoded,pipeline,cam2,184,9200000,4.66669553460947,4.864958338390174,0
reencoded,pipeline,cam2,185,9250000,3.9371246521206693,4.732104097655332,0
reencoded,pipeline,cam2,186,9300000,2.29534001558749,4.414270826438571,0
reencoded,pipeline,cam2,187,9350000,1.295189276090516,4.582467460824287,0
reencoded,pipeline,cam2,188,9400000,0.7814325217155282,4.0076848731174515,0
reencoded,pipeline,cam2,189,9450000,2.638904277968051,4.317214194753841,0
reencoded,pipeline,cam2,190,9500000,0.822688538049012,4.041270899582802,0
reencoded,pipeline,cam2,191,9550000,1.5774183490776394,3.919453932756287,0
reencoded,pipeline,cam2,192,9600000,2.6045093312372085,4.261811068399155,0
reencoded,pipeline,cam2,193,9650000,0.4030459813485866,3.907188324218758,0
reencoded,pipeline,cam2,194,9700000,1.5206687481647705,3.9176706798100476,0
reencoded,pipeline,cam2,195,9750000,1.4338777133723764,3.8909445467062778,0
reencoded,pipeline,cam2,196,9800000,3.5752429463019526,4.910637666340602,0
reencoded,pipeline,cam2,197,9850000,1.1411993411778658,3.8978025603185458,0
reencoded,pipeline,cam2,198,9900000,1.8658340740845407,4.262224062554104,0
reencoded,pipeline,cam2,199,9950000,0.6852551376269447,3.788599656779562,0
reencoded,pipeline,cam2,200,10000000,0.6072468080902816,3.8969042773590665,0
reencoded,pipeline,cam2,201,10050000,0.5709999129518454,3.715727577414917,0
reencoded,pipeline,cam2,202,10100000,2.5976637699887823,4.312234731390589,0
reencoded,pipeline,cam2,203,10150000,0.5151072384082982,3.7705731039978954,0
reencoded,pipeline,cam2,204,10200000,1.686730699192092,3.861952990525319,0
reencoded,pipeline,cam2,205,10250000,1.2555469300205386,3.8988136966152798,0
reencoded,pipeline,cam2,206,10300000,2.4455964235883787,4.317877033116304,0
reencoded,pipeline,cam2,207,10350000,1.503474221220801,4.17724712542204,0
reencoded,pipeline,cam2,215,10750000,1.8922724332528837,4.397789913426438,0
reencoded,pipeline,cam2,216,10800000,4.038587226750333,5.132218461817779,0
reencoded,pipeline,cam2,217,10850000,2.5404007444218886,4.854868697881042,0
reencoded,pipeline,cam2,218,10900000,3.7514199023211225,4.9926155672741395,0
reencoded,pipeline,cam2,219,10950000,5.9755076740421,6.025778606538379,0
reencoded,pipeline,cam2,220,11000000,11.347300102185653,6.81812437795791,0
reencoded,pipeline,cam2,221,11050000,5.141604559464325,6.959988332604491,0
reencoded,pipeline,cam2,222,11100000,3.635904932151269,5.574195514523895,0
reencoded,pipeline,cam2,223,11150000,2.858978860625297,5.3160591036113445,0
reencoded,pipeline,cam2,224,11200000,1.9809113545811738,4.690326602950462,0
reencoded,pipeline,cam2,225,11250000,2.2500298172121727,4.771819842718605,0
reencoded,pipeline,cam2,226,11300000,2.840545956304385,5.890840082087582,0
reencoded,pipeline,cam2,227,11350000,3.8965394931922823,4.923475213267087,0
reencoded,pipeline,cam2,228,11400000,1.318349041499174,4.414950806652934,0
reencoded,pipeline,cam2,229,11450000,1.3645476774976106,4.486459112959883,0
reencoded,pipeline,cam2,230,11500000,2.1673404608868325,5.560892588776989,0
reencoded,pipeline,cam2,231,11550000,2.5365792474476248,6.873880344634521,0
reencoded,pipeline,cam2,232,11600000,11.986606111842146,6.947604876741532,0
reencoded,pipeline,cam2,233,11650000,19.12362022692955,8.793226427959576,0
reencoded,pipeline,cam2,234,11700000,119.3990745612747,7.521406418351504,3
reencoded,pipeline,cam2,235,11750000,19.672369707720495,7.799059462224545,0
reencoded,pipeline,cam2,236,11800000,1.7698672580145842,7.210087626572146,0
reencoded,pipeline,cam2,237,11850000,7.486933284667913,7.4418821694282435,0
reencoded,pipeline,cam2,238,11900000,61.714103828135585,8.369356917119113,3
reencoded,pipeline,cam2,239,11950000,50.79393278238813,9.46770220994596,3
reencoded,pipeline,cam2,240,12000000,43.26205469718901,12.155904862508468,3
reencoded,pipeline,cam2,241,12050000,17.608134475476046,11.739891345428605,3
reencoded,pipeline,cam2,242,12100000,23.954786528860758,11.26161142185342,3
reencoded,pipeline,cam2,243,12150000,65.1000747966527,11.16877139073112,3
reencoded,pipeline,cam2,244,12200000,106.29492706602628,11.162416313756557,3
reencoded,pipeline,cam2,245,12250000,18.77563593251267,10.465183316926117,3
reencoded,pipeline,cam2,246,12300000,19.842148199848182,9.45619709024592,3
reencoded,pipeline,cam2,247,12350000,288.0037714444525,10.292213283667822,0
reencoded,pipeline,cam2,248,12400000,154.95800730981728,12.882521161151246,3
reencoded,pipeline,cam2,249,12450000,148.34759769876248,12.229657559724247,3
reencoded,pipeline,cam2,250,12500000,131.2248770169147,12.372829660460457,3
reencoded,pipeline,cam2,251,12550000,14.930234202088796,7.979840301005611,1
reencoded,pipeline,cam2,252,12600000,14.056718405103165,8.210656597079106,1
reencoded,pipeline,cam2,253,12650000,24.242461685304093,12.521985572673174,1
reencoded,pipeline,cam2,254,12700000,15.262385572657141,10.305591995528424,0
reencoded,pipeline,cam2,255,12750000,168.48498148902192,12.100495512034524,3
reencoded,pipeline,cam2,256,12800000,304.17398566289893,9.793866814458838,0
reencoded,pipeline,cam2,257,12850000,0.3031233750739484,5.008751034185794,0
reencoded,pipeline,cam2,258,12900000,2.0931202413477585,5.165062455298289,0
reencoded,pipeline,cam2,259,12950000,3.895037894254821,5.069752478658598,0
reencoded,pipeline,cam2,260,13000000,3.4360430390927656,4.658539047288926,0
reencoded,pipeline,cam2,261,13050000,3.2321221591448914,4.6779947150746395,0
reencoded,pipeline,cam2,262,13100000,4.97229172780553,5.794906307934664,0
reencoded,pipeline,cam2,263,13150000,6.740787207754587,6.026714026546355,0
reencoded,pipeline,cam2,264,13200000,4.482436781225037,4.933498491207237,0
reencoded,pipeline,cam2,265,13250000,3.5224265193237114,4.702518226423072,0
reencoded,pipeline,cam2,266,13300000,4.197215828680073,4.895825405159426,0
reencoded,pipeline,cam2,267,13350000,5.3305868598408965,5.258552422785348,0
reencoded,pipeline,cam2,268,13400000,3.798805394956609,4.7179531472497676,0
reencoded,pipeline,cam2,269,13450000,3.240162165841179,4.7155203949932964,0
reencoded,store_coordinate_convention,cam2,33,1650000,94.6348013566561,10.501418654341716,0
reencoded,store_coordinate_convention,cam2,34,1700000,103.07858199775428,9.707773255660538,0
reencoded,store_coordinate_convention,cam2,35,1750000,111.2757193651844,9.028116451751188,0
reencoded,store_coordinate_convention,cam2,36,1800000,119.3984193800804,10.005670114346978,0
reencoded,store_coordinate_convention,cam2,37,1850000,123.2606575411755,8.746041508393468,0
reencoded,store_coordinate_convention,cam2,38,1900000,126.69838079124357,9.832455857765574,0
reencoded,store_coordinate_convention,cam2,39,1950000,133.576500673224,9.798922605327231,0
reencoded,store_coordinate_convention,cam2,40,2000000,138.4391190740995,9.625435002784869,0
reencoded,store_coordinate_convention,cam2,41,2050000,42.707702549293735,8.078570901927462,3
reencoded,store_coordinate_convention,cam2,42,2100000,4.230612366917575,6.22348817777344,0
reencoded,store_coordinate_convention,cam2,43,2150000,4.309525524696998,6.106889247890816,0
reencoded,store_coordinate_convention,cam2,44,2200000,7.701715534414519,6.643161619951518,0
reencoded,store_coordinate_convention,cam2,45,2250000,6.489019290880943,6.034817217758089,0
reencoded,store_coordinate_convention,cam2,46,2300000,11.186097157289336,8.593434382784254,0
reencoded,store_coordinate_convention,cam2,47,2350000,9.856599008471171,7.44344108739018,0
reencoded,store_coordinate_convention,cam2,48,2400000,5.459979109150117,5.876548480377538,0
reencoded,store_coordinate_convention,cam2,49,2450000,7.1244115181263306,6.4419360801937025,0
reencoded,store_coordinate_convention,cam2,50,2500000,3.348339420304025,5.689693645521331,0
reencoded,store_coordinate_convention,cam2,51,2550000,6.283159970902757,5.9625392049491825,0
reencoded,store_coordinate_convention,cam2,52,2600000,4.478408123350676,6.283978900887309,0
reencoded,store_coordinate_convention,cam2,55,2750000,3.145465989554984,4.5519376053342135,0
reencoded,store_coordinate_convention,cam2,56,2800000,2.5982755608009165,4.527066410341199,0
reencoded,store_coordinate_convention,cam2,57,2850000,3.1688926289797132,4.837214274134395,0
reencoded,store_coordinate_convention,cam2,58,2900000,0.7462039372259482,4.180602813618584,0
reencoded,store_coordinate_convention,cam2,59,2950000,1.1355895364300392,4.231868022534201,0
reencoded,store_coordinate_convention,cam2,60,3000000,2.4215124345812247,4.338798090314615,0
reencoded,store_coordinate_convention,cam2,61,3050000,2.8839282590186954,4.534048812148626,0
reencoded,store_coordinate_convention,cam2,62,3100000,4.653089194886023,5.244490357432827,0
reencoded,store_coordinate_convention,cam2,63,3150000,2.1341959864473647,4.356893482034691,0
reencoded,store_coordinate_convention,cam2,64,3200000,1.7423601197837963,4.2571447984344655,0
reencoded,store_coordinate_convention,cam2,65,3250000,1.0726721221571731,4.194464012402658,0
reencoded,store_coordinate_convention,cam2,66,3300000,2.172779283196152,4.287087413515659,0
reencoded,store_coordinate_convention,cam2,67,3350000,2.940016177089162,4.830234194651846,0
reencoded,store_coordinate_convention,cam2,68,3400000,3.186128660529291,4.768752145613092,0
reencoded,store_coordinate_convention,cam2,69,3450000,4.488477188864945,4.946589467574906,0
reencoded,store_coordinate_convention,cam2,70,3500000,4.512441092723587,5.08703223393446,0
reencoded,store_coordinate_convention,cam2,71,3550000,3.962388200295344,4.848867809584673,0
reencoded,store_coordinate_convention,cam2,72,3600000,7.479107627464197,7.321155302038716,0
reencoded,store_coordinate_convention,cam2,73,3650000,7.962196522524288,7.267506402193012,0
reencoded,store_coordinate_convention,cam2,74,3700000,70.809419334247,12.138224998123775,0
reencoded,store_coordinate_convention,cam2,75,3750000,70.88502318542677,12.098222325636272,0
reencoded,store_coordinate_convention,cam2,76,3800000,69.46903400763055,12.505801916140783,0
reencoded,store_coordinate_convention,cam2,77,3850000,63.84527364985767,12.523482286783194,0
reencoded,store_coordinate_convention,cam2,78,3900000,5.764773037900794,5.199960945940548,0
reencoded,store_coordinate_convention,cam2,79,3950000,3.731670542511495,4.894610302508092,0
reencoded,store_coordinate_convention,cam2,80,4000000,2.5890698664606155,4.554137814814927,0
reencoded,store_coordinate_convention,cam2,81,4050000,1.5426999552215188,4.13915787023222,0
reencoded,store_coordinate_convention,cam2,82,4100000,2.3185302614210324,4.434330279880367,0
reencoded,store_coordinate_convention,cam2,83,4150000,4.0673701241213625,4.964477754744065,0
reencoded,store_coordinate_convention,cam2,84,4200000,3.763123039269247,4.907989669564385,0
reencoded,store_coordinate_convention,cam2,85,4250000,3.4239084956678933,4.799458459391781,0
reencoded,store_coordinate_convention,cam2,86,4300000,1.4844900462320552,4.175734148286729,0
reencoded,store_coordinate_convention,cam2,87,4350000,1.117946739700725,4.236129280508258,0
reencoded,store_coordinate_convention,cam2,88,4400000,4.366128455098695,4.944029203571333,0
reencoded,store_coordinate_convention,cam2,89,4450000,3.7531332224462255,4.806869510763589,0
reencoded,store_coordinate_convention,cam2,90,4500000,4.496152660080937,5.024790687684112,0
reencoded,store_coordinate_convention,cam2,91,4550000,4.179783703708427,4.962295551353931,0
reencoded,store_coordinate_convention,cam2,92,4600000,4.047484118808945,4.8992366045093085,0
reencoded,store_coordinate_convention,cam2,93,4650000,2.5524282774308813,4.372636773314142,0
reencoded,store_coordinate_convention,cam2,94,4700000,1.1918830055469534,4.209497548894159,0
reencoded,store_coordinate_convention,cam2,95,4750000,3.4485734685811624,5.109240259166599,0
reencoded,store_coordinate_convention,cam2,96,4800000,3.430078110926417,4.89164058447829,0
reencoded,store_coordinate_convention,cam2,97,4850000,3.5025952030041356,4.802520558203893,0
reencoded,store_coordinate_convention,cam2,98,4900000,0.31451113940014835,4.392641909497572,0
reencoded,store_coordinate_convention,cam2,99,4950000,2.820690448054441,4.52386485931577,0
reencoded,store_coordinate_convention,cam2,101,5050000,0.7664212100155285,4.244465244578489,0
reencoded,store_coordinate_convention,cam2,102,5100000,3.1163375679623937,5.223917852324462,0
reencoded,store_coordinate_convention,cam2,103,5150000,4.066158214285616,5.3843955211304575,0
reencoded,store_coordinate_convention,cam2,104,5200000,3.932702944818499,5.711118837072204,0
reencoded,store_coordinate_convention,cam2,105,5250000,3.967195287464534,5.949927298734201,0
reencoded,store_coordinate_convention,cam2,106,5300000,7.083159061377949,6.507389895755976,0
reencoded,store_coordinate_convention,cam2,107,5350000,9.895747062126768,7.220689263454139,0
reencoded,store_coordinate_convention,cam2,108,5400000,22.78079937022318,8.117704396670549,3
reencoded,store_coordinate_convention,cam2,111,5550000,13.56558439432685,6.466923770016086,0
reencoded,store_coordinate_convention,cam2,112,5600000,10.206701505269962,6.962523420694568,0
reencoded,store_coordinate_convention,cam2,113,5650000,4.593112294752185,5.326227651571985,0
reencoded,store_coordinate_convention,cam2,114,5700000,3.1043254703648677,4.4816674104504415,0
reencoded,store_coordinate_convention,cam2,115,5750000,1.1969397793192258,3.4928438065631724,0
reencoded,store_coordinate_convention,cam2,116,5800000,1.451396907073867,3.505471038884542,0
reencoded,store_coordinate_convention,cam2,117,5850000,0.47655214271962926,3.5497080544119353,0
reencoded,store_coordinate_convention,cam2,118,5900000,0.9513985851396777,3.7628991799335445,0
reencoded,store_coordinate_convention,cam2,119,5950000,1.1853487437332362,3.5618276967614513,0
reencoded,store_coordinate_convention,cam2,120,6000000,1.4548974425446002,3.4495658686186044,0
reencoded,store_coordinate_convention,cam2,121,6050000,1.0113408690556431,3.415378752438455,0
reencoded,store_coordinate_convention,cam2,122,6100000,0.8198727467798145,3.5627113720587165,0
reencoded,store_coordinate_convention,cam2,123,6150000,1.3223699367097401,3.8655687763245297,0
reencoded,store_coordinate_convention,cam2,124,6200000,1.1320750815727771,3.585107243122934,0
reencoded,store_coordinate_convention,cam2,125,6250000,1.1752430834141399,3.463409641775497,0
reencoded,store_coordinate_convention,cam2,126,6300000,1.111598303267509,3.8428573565931288,0
reencoded,store_coordinate_convention,cam2,127,6350000,0.16834398175337809,3.5286483628633203,0
reencoded,store_coordinate_convention,cam2,128,6400000,1.5982597293643641,3.5284952724277368,0
reencoded,store_coordinate_convention,cam2,129,6450000,2.2946824944209476,4.1907216162139616,0
reencoded,store_coordinate_convention,cam2,130,6500000,3.23386234602448,4.459480313708218,0
reencoded,store_coordinate_convention,cam2,131,6550000,1.121448368748877,4.01742659470656,0
reencoded,store_coordinate_convention,cam2,132,6600000,2.436984927633103,4.376542600768623,0
reencoded,store_coordinate_convention,cam2,136,6800000,2.7665095830202757,4.345223455794921,0
reencoded,store_coordinate_convention,cam2,137,6850000,0.2505062050913282,3.67787642656271,0
reencoded,store_coordinate_convention,cam2,138,6900000,1.3796436032884962,3.5817429874643576,0
reencoded,store_coordinate_convention,cam2,139,6950000,1.803374087136064,3.9033973741317247,0
reencoded,store_coordinate_convention,cam2,140,7000000,0.707467197180983,3.390007853003299,0
reencoded,store_coordinate_convention,cam2,141,7050000,1.3424913891381516,3.722034924323042,0
reencoded,store_coordinate_convention,cam2,142,7100000,1.6686182572271318,3.789413020608867,0
reencoded,store_coordinate_convention,cam2,143,7150000,1.82884247310413,4.131819996988982,0
reencoded,store_coordinate_convention,cam2,144,7200000,2.3916772221144873,4.03244444787695,0
reencoded,store_coordinate_convention,cam2,145,7250000,0.6262067675549037,3.6606190879925755,0
reencoded,store_coordinate_convention,cam2,146,7300000,1.7095879227965816,3.7312399486131174,0
reencoded,store_coordinate_convention,cam2,147,7350000,1.2863093586032834,3.6611967456670946,0
reencoded,store_coordinate_convention,cam2,148,7400000,4.083847292879486,5.099039417158325,0
reencoded,store_coordinate_convention,cam2,149,7450000,0.35007738765021273,3.4515620983928326,0
reencoded,store_coordinate_convention,cam2,150,7500000,1.002085555834085,3.6539906709140553,0
reencoded,store_coordinate_convention,cam2,151,7550000,0.9768781171446489,3.6529356933658885,0
reencoded,store_coordinate_convention,cam2,152,7600000,1.8526241212038486,3.8902012295424058,0
reencoded,store_coordinate_convention,cam2,153,7650000,1.9143639248228714,3.7809327054427815,0
reencoded,store_coordinate_convention,cam2,154,7700000,2.504176276555865,4.021455719898686,0
reencoded,store_coordinate_convention,cam2,155,7750000,2.177872359675186,4.129475387122222,0
reencoded,store_coordinate_convention,cam2,156,7800000,1.2611889589163847,3.691708617637925,0
reencoded,store_coordinate_convention,cam2,157,7850000,1.9838713316368477,3.8545184494972045,0
reencoded,store_coordinate_convention,cam2,158,7900000,0.33859767099646176,3.5417867048791134,0
reencoded,store_coordinate_convention,cam2,159,7950000,1.4287936438355968,3.7770862137871664,0
reencoded,store_coordinate_convention,cam2,160,8000000,0.8797678712424678,3.6093119039238903,0
reencoded,store_coordinate_convention,cam2,161,8050000,1.4040551519638496,3.692407680967907,0
reencoded,store_coordinate_convention,cam2,162,8100000,0.6346357249401623,3.4974552272707253,0
reencoded,store_coordinate_convention,cam2,163,8150000,0.8224371142424498,3.4725761214467017,0
reencoded,store_coordinate_convention,cam2,164,8200000,1.3279736123600023,3.8234053359296425,0
reencoded,store_coordinate_convention,cam2,165,8250000,1.3349277294146862,3.719999318516816,0
reencoded,store_coordinate_convention,cam2,166,8300000,2.729894093070148,4.115989791233078,0
reencoded,store_coordinate_convention,cam2,167,8350000,2.0481727502684843,3.8464346430715413,0
reencoded,store_coordinate_convention,cam2,168,8400000,3.423367624814159,4.629572247273993,0
reencoded,store_coordinate_convention,cam2,169,8450000,4.017606622695015,4.563753948698523,0
reencoded,store_coordinate_convention,cam2,170,8500000,6.962835797277806,6.303686149737464,0
reencoded,store_coordinate_convention,cam2,171,8550000,4.388765903414649,4.925145935332747,0
reencoded,store_coordinate_convention,cam2,172,8600000,4.470041502343066,4.790235837005568,0
reencoded,store_coordinate_convention,cam2,176,8800000,1.0031074182036768,5.983360662019653,0
reencoded,store_coordinate_convention,cam2,177,8850000,10.599009782184332,7.1281583778275746,0
reencoded,store_coordinate_convention,cam2,178,8900000,5.692283315018714,7.096234828320971,0
reencoded,store_coordinate_convention,cam2,181,9050000,3.2126919169250043,5.042618571799398,0
reencoded,store_coordinate_convention,cam2,182,9100000,3.159344869194712,5.3191992019149446,0
reencoded,store_coordinate_convention,cam2,183,9150000,3.5467342496456142,5.010894345979125,0
reencoded,store_coordinate_convention,cam2,184,9200000,4.700793668415143,4.833101126043857,0
reencoded,store_coordinate_convention,cam2,185,9250000,3.910098542459228,4.6763306695372595,0
reencoded,store_coordinate_convention,cam2,186,9300000,2.170288951477852,4.3714716299938114,0
reencoded,store_coordinate_convention,cam2,187,9350000,1.071267277007604,4.543280473881479,0
reencoded,store_coordinate_convention,cam2,188,9400000,0.6441138158235509,3.9882393581815734,0
reencoded,store_coordinate_convention,cam2,189,9450000,2.600302127877771,4.303047010602446,0
reencoded,store_coordinate_convention,cam2,190,9500000,0.9045076997917276,4.055360385882867,0
reencoded,store_coordinate_convention,cam2,191,9550000,1.6347684761620782,3.9373943656045025,0
reencoded,store_coordinate_convention,cam2,192,9600000,2.779703468330023,4.331369543460914,0
reencoded,store_coordinate_convention,cam2,193,9650000,0.5717481124549652,3.9205111595185294,0
reencoded,store_coordinate_convention,cam2,194,9700000,1.6602874175806317,3.9505286787535,0
reencoded,store_coordinate_convention,cam2,195,9750000,1.2092220242294431,3.8371569591695867,0
reencoded,store_coordinate_convention,cam2,196,9800000,3.3405889033658247,4.756553084784086,0
reencoded,store_coordinate_convention,cam2,197,9850000,0.9053405023655002,3.8524232325491923,0
reencoded,store_coordinate_convention,cam2,198,9900000,1.9956837421020455,4.300666999610497,0
reencoded,store_coordinate_convention,cam2,199,9950000,0.9134928475315627,3.8215419356237295,0
reencoded,store_coordinate_convention,cam2,200,10000000,0.7334565678203264,3.915609556480833,0
reencoded,store_coordinate_convention,cam2,201,10050000,0.7639799213974462,3.7375876954849936,0
reencoded,store_coordinate_convention,cam2,202,10100000,2.56442752294899,4.315528477268193,0
reencoded,store_coordinate_convention,cam2,203,10150000,0.44076598153005103,3.768768548887836,0
reencoded,store_coordinate_convention,cam2,204,10200000,1.5914841283910426,3.848797640639825,0
reencoded,store_coordinate_convention,cam2,205,10250000,1.339905300084721,3.925810177914805,0
reencoded,store_coordinate_convention,cam2,206,10300000,2.377279555174499,4.310902237667712,0
reencoded,store_coordinate_convention,cam2,207,10350000,1.258209885776087,4.138888018566568,0
reencoded,store_coordinate_convention,cam2,215,10750000,1.6851981307558501,4.368492327724249,0
reencoded,store_coordinate_convention,cam2,216,10800000,4.076187012259969,5.148817474633981,0
reencoded,store_coordinate_convention,cam2,217,10850000,2.5428258733375775,4.853741959393746,0
reencoded,store_coordinate_convention,cam2,218,10900000,3.622768859986938,4.960792542630827,0
reencoded,store_coordinate_convention,cam2,219,10950000,5.724127084228349,5.9821945628636755,0
reencoded,store_coordinate_convention,cam2,220,11000000,11.131175391232686,6.788974634552082,0
reencoded,store_coordinate_convention,cam2,221,11050000,4.885604603205384,6.938275126604453,0
reencoded,store_coordinate_convention,cam2,222,11100000,3.405267904895237,5.536826920144328,0
reencoded,store_coordinate_convention,cam2,223,11150000,2.6005093971819377,5.283004795026521,0
reencoded,store_coordinate_convention,cam2,224,11200000,1.799454630550443,4.674257313990967,0
reencoded,store_coordinate_convention,cam2,225,11250000,2.112846143513914,4.753927906717033,0
reencoded,store_coordinate_convention,cam2,226,11300000,2.677439009518853,5.88284914915004,0
reencoded,store_coordinate_convention,cam2,227,11350000,3.8148615383483224,4.922870655573124,0
reencoded,store_coordinate_convention,cam2,228,11400000,1.4863480634790334,4.441803543840949,0
reencoded,store_coordinate_convention,cam2,229,11450000,1.1190028002890386,4.469161778841142,0
reencoded,store_coordinate_convention,cam2,230,11500000,1.9041963026735875,5.538839188233089,0
reencoded,store_coordinate_convention,cam2,231,11550000,2.619188866432532,6.87269461866362,0
reencoded,store_coordinate_convention,cam2,232,11600000,12.126803107880434,6.946012097813098,0
reencoded,store_coordinate_convention,cam2,233,11650000,19.282847886258473,8.821666092038527,0
reencoded,store_coordinate_convention,cam2,234,11700000,119.27652778013172,7.521830244773193,3
reencoded,store_coordinate_convention,cam2,235,11750000,19.87663293048291,7.836440939076868,0
reencoded,store_coordinate_convention,cam2,236,11800000,2.0115755518813554,7.215427807405402,0
reencoded,store_coordinate_convention,cam2,237,11850000,7.3089423180366335,7.440526614547899,0
reencoded,store_coordinate_convention,cam2,238,11900000,61.72560584469806,8.380606518934346,3
reencoded,store_coordinate_convention,cam2,239,11950000,50.83205092179881,9.445416214080996,3
reencoded,store_coordinate_convention,cam2,240,12000000,43.336992204585286,12.155130655632506,3
reencoded,store_coordinate_convention,cam2,241,12050000,17.775235908230087,11.738997718323565,3
reencoded,store_coordinate_convention,cam2,242,12100000,24.14572456802797,11.261217126976625,3
reencoded,store_coordinate_convention,cam2,243,12150000,65.21003320245276,11.168199276130895,3
reencoded,store_coordinate_convention,cam2,244,12200000,106.37433097685333,11.161586120019209,3
reencoded,store_coordinate_convention,cam2,245,12250000,19.021463178632434,10.467846237369109,3
reencoded,store_coordinate_convention,cam2,246,12300000,19.959452399820595,9.453023659597992,3
reencoded,store_coordinate_convention,cam2,247,12350000,287.82000594491694,10.3047285689652,0
reencoded,store_coordinate_convention,cam2,248,12400000,155.0180524304366,12.894451993401033,3
reencoded,store_coordinate_convention,cam2,249,12450000,148.47145830989413,12.236700071863138,3
reencoded,store_coordinate_convention,cam2,250,12500000,131.3327883930064,12.381765500120322,3
reencoded,store_coordinate_convention,cam2,251,12550000,14.709805588008745,7.957001506335728,1
reencoded,store_coordinate_convention,cam2,252,12600000,13.893873541212548,8.206352490549431,1
reencoded,store_coordinate_convention,cam2,253,12650000,24.29542315393728,12.530069955403699,1
reencoded,store_coordinate_convention,cam2,254,12700000,15.369805882745858,10.348137950817115,0
reencoded,store_coordinate_convention,cam2,255,12750000,168.46717045285857,12.114394617120816,3
reencoded,store_coordinate_convention,cam2,256,12800000,303.9926926697268,9.791139760156046,0
reencoded,store_coordinate_convention,cam2,257,12850000,0.5466074488243853,5.013568544732099,0
reencoded,store_coordinate_convention,cam2,258,12900000,2.0616898512713777,5.165149539968889,0
reencoded,store_coordinate_convention,cam2,259,12950000,4.03624396103856,5.108794001114482,0
reencoded,store_coordinate_convention,cam2,260,13000000,3.162928155991344,4.589127473813464,0
reencoded,store_coordinate_convention,cam2,261,13050000,3.1240688675305757,4.667342427490764,0
reencoded,store_coordinate_convention,cam2,262,13100000,4.987820628571117,5.833077624158582,0
reencoded,store_coordinate_convention,cam2,263,13150000,6.479140938100001,5.938419732598437,0
reencoded,store_coordinate_convention,cam2,264,13200000,4.199841852879205,4.852989033360284,0
reencoded,store_coordinate_convention,cam2,265,13250000,3.255988465843148,4.590640404801906,0
reencoded,store_coordinate_convention,cam2,266,13300000,3.9501511352501515,4.800259452299862,0
reencoded,store_coordinate_convention,cam2,267,13350000,5.111816095195887,5.161311980352522,0
reencoded,store_coordinate_convention,cam2,268,13400000,3.6969742191741704,4.690204728393079,0
reencoded,store_coordinate_convention,cam2,269,13450000,2.9912615239975593,4.654480178486116,0
reencoded,cached_evidence_replay,cam2,33,1650000,94.61637132400934,10.505264537237998,0
reencoded,cached_evidence_replay,cam2,34,1700000,103.06986623739563,9.70646236407157,0
reencoded,cached_evidence_replay,cam2,35,1750000,111.26964065681466,9.025809338305226,0
reencoded,cached_evidence_replay,cam2,36,1800000,119.3957667050623,10.006052832090587,0
reencoded,cached_evidence_replay,cam2,37,1850000,123.25811875475378,8.746654873879425,0
reencoded,cached_evidence_replay,cam2,38,1900000,126.7374814455461,9.831414136486046,0
reencoded,cached_evidence_replay,cam2,39,1950000,133.5889889756289,9.799197743694673,0
reencoded,cached_evidence_replay,cam2,40,2000000,138.4421903999576,9.626656360367223,0
reencoded,cached_evidence_replay,cam2,41,2050000,42.73851332748771,8.080521281223415,3
reencoded,cached_evidence_replay,cam2,42,2100000,4.229924620008974,6.225098852361482,0
reencoded,cached_evidence_replay,cam2,43,2150000,4.316445113541741,6.107883583638952,0
reencoded,cached_evidence_replay,cam2,44,2200000,7.7042961178638745,6.6440393189124105,0
reencoded,cached_evidence_replay,cam2,45,2250000,6.49683665119436,6.036017576366669,0
reencoded,cached_evidence_replay,cam2,46,2300000,11.187804748658019,8.59654136870537,0
reencoded,cached_evidence_replay,cam2,47,2350000,9.859809923462112,7.44530707697828,0
reencoded,cached_evidence_replay,cam2,48,2400000,5.464733843912531,5.877504798673488,0
reencoded,cached_evidence_replay,cam2,49,2450000,7.126096782437403,6.441824344419862,0
reencoded,cached_evidence_replay,cam2,50,2500000,3.3466952957489142,5.689423136185788,0
reencoded,cached_evidence_replay,cam2,51,2550000,6.290182175162107,5.964747310847267,0
reencoded,cached_evidence_replay,cam2,52,2600000,4.496519932580834,6.291911422768942,0
reencoded,cached_evidence_replay,cam2,55,2750000,3.151059186049929,4.554322213330092,0
reencoded,cached_evidence_replay,cam2,56,2800000,2.6005504461819586,4.528306047428462,0
reencoded,cached_evidence_replay,cam2,57,2850000,3.1730438568400614,4.839113963011782,0
reencoded,cached_evidence_replay,cam2,58,2900000,0.7442420836394328,4.180543059315449,0
reencoded,cached_evidence_replay,cam2,59,2950000,1.139748614332293,4.2322607352494135,0
reencoded,cached_evidence_replay,cam2,60,3000000,2.4169227490046317,4.337591464637118,0
reencoded,cached_evidence_replay,cam2,61,3050000,2.884414628424589,4.534092706738868,0
reencoded,cached_evidence_replay,cam2,62,3100000,4.6553044295729284,5.245354632293825,0
reencoded,cached_evidence_replay,cam2,63,3150000,2.142208039663874,4.35814988556438,0
reencoded,cached_evidence_replay,cam2,64,3200000,1.744045219836488,4.257461743992009,0
reencoded,cached_evidence_replay,cam2,65,3250000,1.060929360707243,4.193025031564716,0
reencoded,cached_evidence_replay,cam2,66,3300000,2.17162827306909,4.28676939411271,0
reencoded,cached_evidence_replay,cam2,67,3350000,2.943453175829991,4.831478779700184,0
reencoded,cached_evidence_replay,cam2,68,3400000,3.1896735644973324,4.769926762968703,0
reencoded,cached_evidence_replay,cam2,69,3450000,4.4817981453396305,4.943978750294372,0
reencoded,cached_evidence_replay,cam2,70,3500000,4.498707587508876,5.080554859125018,0
reencoded,cached_evidence_replay,cam2,71,3550000,3.957830522066513,4.84849762556823,0
reencoded,cached_evidence_replay,cam2,72,3600000,7.478455503802577,7.3212935949031115,0
reencoded,cached_evidence_replay,cam2,73,3650000,7.959961381332239,7.26825382309875,0
reencoded,cached_evidence_replay,cam2,74,3700000,70.8078517863384,12.137526903937918,0
reencoded,cached_evidence_replay,cam2,75,3750000,70.88300042281234,12.097165068132384,0
reencoded,cached_evidence_replay,cam2,76,3800000,69.46373520209974,12.506369628562647,0
reencoded,cached_evidence_replay,cam2,77,3850000,63.84131897841872,12.52562295757048,0
reencoded,cached_evidence_replay,cam2,78,3900000,5.7728640780242655,5.20106401913565,0
reencoded,cached_evidence_replay,cam2,79,3950000,3.723142757118948,4.891721084775639,0
reencoded,cached_evidence_replay,cam2,80,4000000,2.5848708663383415,4.55336565163109,0
reencoded,cached_evidence_replay,cam2,81,4050000,1.5366392259518802,4.138419206623551,0
reencoded,cached_evidence_replay,cam2,82,4100000,2.3253944965655187,4.436496324809594,0
reencoded,cached_evidence_replay,cam2,83,4150000,4.0715211839578735,4.9663515963106075,0
reencoded,cached_evidence_replay,cam2,84,4200000,3.768340821970976,4.9102333749363645,0
reencoded,cached_evidence_replay,cam2,85,4250000,3.426341842570888,4.800788007555953,0
reencoded,cached_evidence_replay,cam2,86,4300000,1.488774153899519,4.176820131564156,0
reencoded,cached_evidence_replay,cam2,87,4350000,1.1207953821036176,4.236791303742697,0
reencoded,cached_evidence_replay,cam2,88,4400000,4.370991674395871,4.945942900154664,0
reencoded,cached_evidence_replay,cam2,89,4450000,3.7546878327783624,4.807039681463554,0
reencoded,cached_evidence_replay,cam2,90,4500000,4.49945368305933,5.025611997116872,0
reencoded,cached_evidence_replay,cam2,91,4550000,4.187900572547555,4.965084867903313,0
reencoded,cached_evidence_replay,cam2,92,4600000,4.049331937493277,4.899922702624222,0
reencoded,cached_evidence_replay,cam2,93,4650000,2.5533025889504297,4.372867985442566,0
reencoded,cached_evidence_replay,cam2,94,4700000,1.1918804912647054,4.20979129484361,0
reencoded,cached_evidence_replay,cam2,95,4750000,3.4547649223246566,5.1118511756279865,0
reencoded,cached_evidence_replay,cam2,96,4800000,3.4314673284595285,4.892710582616166,0
reencoded,cached_evidence_replay,cam2,97,4850000,3.5082647489016057,4.804487122182643,0
reencoded,cached_evidence_replay,cam2,98,4900000,0.31322391843233244,4.392533820588875,0
reencoded,cached_evidence_replay,cam2,99,4950000,2.8257575786727775,4.525017669933753,0
reencoded,cached_evidence_replay,cam2,101,5050000,0.7677051440340035,4.244833072331925,0
reencoded,cached_evidence_replay,cam2,102,5100000,3.1169207506506957,5.2240525805797144,0
reencoded,cached_evidence_replay,cam2,103,5150000,4.0702058535981935,5.385684648793932,0
reencoded,cached_evidence_replay,cam2,104,5200000,3.935818071710974,5.712482733674415,0
reencoded,cached_evidence_replay,cam2,105,5250000,3.9799527282066025,5.952493253080915,0
reencoded,cached_evidence_replay,cam2,106,5300000,7.088564977445955,6.510146473542136,0
reencoded,cached_evidence_replay,cam2,107,5350000,9.904325472227297,7.222973048892943,0
reencoded,cached_evidence_replay,cam2,108,5400000,22.77799284754056,8.119802738659214,3
reencoded,cached_evidence_replay,cam2,111,5550000,13.568129376545562,6.466258420775867,0
reencoded,cached_evidence_replay,cam2,112,5600000,10.211472312229324,6.961801447185112,0
reencoded,cached_evidence_replay,cam2,113,5650000,4.596131266669494,5.327676838557833,0
reencoded,cached_evidence_replay,cam2,114,5700000,3.1030166333306095,4.480999194341502,0
reencoded,cached_evidence_replay,cam2,115,5750000,1.1949344634128634,3.4925372682594933,0
reencoded,cached_evidence_replay,cam2,116,5800000,1.4457915992173846,3.504263236213127,0
reencoded,cached_evidence_replay,cam2,117,5850000,0.4712703379834097,3.549158668938091,0
reencoded,cached_evidence_replay,cam2,118,5900000,0.9523767784848278,3.7631310618769653,0
reencoded,cached_evidence_replay,cam2,119,5950000,1.1860638569925954,3.562014662425847,0
reencoded,cached_evidence_replay,cam2,120,6000000,1.4534958332375794,3.4491981585884535,0
reencoded,cached_evidence_replay,cam2,121,6050000,1.0086228707744063,3.4149525931589118,0
reencoded,cached_evidence_replay,cam2,122,6100000,0.8192346474719565,3.562465440475675,0
reencoded,cached_evidence_replay,cam2,123,6150000,1.3144769750299083,3.8640088483438184,0
reencoded,cached_evidence_replay,cam2,124,6200000,1.133799456389393,3.5847892373472288,0
reencoded,cached_evidence_replay,cam2,125,6250000,1.1750370270079045,3.4632445257011852,0
reencoded,cached_evidence_replay,cam2,126,6300000,1.110982027453418,3.842809281476887,0
reencoded,cached_evidence_replay,cam2,127,6350000,0.16696041379883292,3.5284131493613646,0
reencoded,cached_evidence_replay,cam2,128,6400000,1.5971413695210226,3.5283971254778255,0
reencoded,cached_evidence_replay,cam2,129,6450000,2.288834191820549,4.188826183402789,0
reencoded,cached_evidence_replay,cam2,130,6500000,3.2367031608669583,4.461086185149986,0
reencoded,cached_evidence_replay,cam2,131,6550000,1.1209306279245597,4.017900871261629,0
reencoded,cached_evidence_replay,cam2,132,6600000,2.4362332401030016,4.376505135627248,0
reencoded,cached_evidence_replay,cam2,136,6800000,2.7733739693518986,4.347919622979159,0
reencoded,cached_evidence_replay,cam2,137,6850000,0.2527224534672909,3.677927570433713,0
reencoded,cached_evidence_replay,cam2,138,6900000,1.3775364923046685,3.5812606370393425,0
reencoded,cached_evidence_replay,cam2,139,6950000,1.8021716496989983,3.9031527436084303,0
reencoded,cached_evidence_replay,cam2,140,7000000,0.7051171798491219,3.3897199887555285,0
reencoded,cached_evidence_replay,cam2,141,7050000,1.3409578781247466,3.721535562391642,0
reencoded,cached_evidence_replay,cam2,142,7100000,1.6668144507160247,3.7889935304249267,0
reencoded,cached_evidence_replay,cam2,143,7150000,1.8279341172854748,4.131667604467754,0
reencoded,cached_evidence_replay,cam2,144,7200000,2.3905400053836474,4.0321379358384295,0
reencoded,cached_evidence_replay,cam2,145,7250000,0.6254805685574626,3.6602461916728277,0
reencoded,cached_evidence_replay,cam2,146,7300000,1.7084073321494717,3.73081046410047,0
reencoded,cached_evidence_replay,cam2,147,7350000,1.2833630018496722,3.6602710932536695,0
reencoded,cached_evidence_replay,cam2,148,7400000,4.08437902953459,5.0994966664355275,0
reencoded,cached_evidence_replay,cam2,149,7450000,0.3507402635879614,3.451423788134292,0
reencoded,cached_evidence_replay,cam2,150,7500000,1.0024840466416063,3.6539302360453387,0
reencoded,cached_evidence_replay,cam2,151,7550000,0.9745818189298996,3.652537420678261,0
reencoded,cached_evidence_replay,cam2,152,7600000,1.8509285926145793,3.8892219412387714,0
reencoded,cached_evidence_replay,cam2,153,7650000,1.9147310553181534,3.780981990291977,0
reencoded,cached_evidence_replay,cam2,154,7700000,2.5048564037003636,4.021873903284867,0
reencoded,cached_evidence_replay,cam2,155,7750000,2.1778512832333288,4.129339879914401,0
reencoded,cached_evidence_replay,cam2,156,7800000,1.2611029403635423,3.691577797074906,0
reencoded,cached_evidence_replay,cam2,157,7850000,1.9841798694994188,3.8542987771846278,0
reencoded,cached_evidence_replay,cam2,158,7900000,0.3394810169297739,3.5416731673173896,0
reencoded,cached_evidence_replay,cam2,159,7950000,1.4266559413643787,3.77610013802604,0
reencoded,cached_evidence_replay,cam2,160,8000000,0.8797457334143097,3.6091662061864387,0
reencoded,cached_evidence_replay,cam2,161,8050000,1.402671579174901,3.6918965080891226,0
reencoded,cached_evidence_replay,cam2,162,8100000,0.6334042668296268,3.497414297224097,0
reencoded,cached_evidence_replay,cam2,163,8150000,0.8213287955044546,3.4722528488106104,0
reencoded,cached_evidence_replay,cam2,164,8200000,1.3293534257425674,3.8236723664338896,0
reencoded,cached_evidence_replay,cam2,165,8250000,1.3374019798871062,3.720485555024858,0
reencoded,cached_evidence_replay,cam2,166,8300000,2.7309879117203373,4.116616132115681,0
reencoded,cached_evidence_replay,cam2,167,8350000,2.0471654081662796,3.8462110169982218,0
reencoded,cached_evidence_replay,cam2,168,8400000,3.4248193060582586,4.63057350002299,0
reencoded,cached_evidence_replay,cam2,169,8450000,4.014192731582685,4.56255740569018,0
reencoded,cached_evidence_replay,cam2,170,8500000,6.964509795233018,6.305154364369258,0
reencoded,cached_evidence_replay,cam2,171,8550000,4.388749544815722,4.925200244611851,0
reencoded,cached_evidence_replay,cam2,172,8600000,4.484729893302288,4.796120655195352,0
reencoded,cached_evidence_replay,cam2,176,8800000,0.9979889182606759,5.984068271848052,0
reencoded,cached_evidence_replay,cam2,177,8850000,10.591734895734785,7.121182708030173,0
reencoded,cached_evidence_replay,cam2,178,8900000,5.685122303527122,7.095466263142104,0
reencoded,cached_evidence_replay,cam2,181,9050000,3.2135761295903276,5.0425880918965085,0
reencoded,cached_evidence_replay,cam2,182,9100000,3.1586993792146005,5.319169672699978,0
reencoded,cached_evidence_replay,cam2,183,9150000,3.5475728438001806,5.011290938875984,0
reencoded,cached_evidence_replay,cam2,184,9200000,4.6979665309538055,4.832521030425058,0
reencoded,cached_evidence_replay,cam2,185,9250000,3.9095437366121106,4.676533619533627,0
reencoded,cached_evidence_replay,cam2,186,9300000,2.170889255693097,4.371777950927045,0
reencoded,cached_evidence_replay,cam2,187,9350000,1.0722030321707083,4.54290785724837,0
reencoded,cached_evidence_replay,cam2,188,9400000,0.6477769438467932,3.9886560096164807,0
reencoded,cached_evidence_replay,cam2,189,9450000,2.6030993978316217,4.3036716047527666,0
reencoded,cached_evidence_replay,cam2,190,9500000,0.9022753722204,4.055198129925756,0
reencoded,cached_evidence_replay,cam2,191,9550000,1.631739361015974,3.9365781836792095,0
reencoded,cached_evidence_replay,cam2,192,9600000,2.7791143262328273,4.331064126263396,0
reencoded,cached_evidence_replay,cam2,193,9650000,0.5716172193995848,3.920374221112553,0
reencoded,cached_evidence_replay,cam2,194,9700000,1.660321866088051,3.9503100097871187,0
reencoded,cached_evidence_replay,cam2,195,9750000,1.212374750410636,3.837903618021457,0
reencoded,cached_evidence_replay,cam2,196,9800000,3.3428411072070543,4.758007261203707,0
reencoded,cached_evidence_replay,cam2,197,9850000,0.9068748171311664,3.852643553835575,0
reencoded,cached_evidence_replay,cam2,198,9900000,1.9870810890410993,4.298798192309141,0
reencoded,cached_evidence_replay,cam2,199,9950000,0.9133307120925332,3.821706970091734,0
reencoded,cached_evidence_replay,cam2,200,10000000,0.7380964011081546,3.9164365057337402,0
reencoded,cached_evidence_replay,cam2,201,10050000,0.7635687306146148,3.736953282847985,0
reencoded,cached_evidence_replay,cam2,202,10100000,2.564246454203619,4.315122520215377,0
reencoded,cached_evidence_replay,cam2,203,10150000,0.4442544813533561,3.7684554839065836,0
reencoded,cached_evidence_replay,cam2,204,10200000,1.5969451871387093,3.849959945315266,0
reencoded,cached_evidence_replay,cam2,205,10250000,1.3389548573747634,3.925386458175108,0
reencoded,cached_evidence_replay,cam2,206,10300000,2.3796027691976196,4.311637455371688,0
reencoded,cached_evidence_replay,cam2,207,10350000,1.2581266938988163,4.138773400141826,0
reencoded,cached_evidence_replay,cam2,215,10750000,1.6887443872921868,4.368367902969025,0
reencoded,cached_evidence_replay,cam2,216,10800000,4.0779842523958205,5.1494699213794135,0
reencoded,cached_evidence_replay,cam2,217,10850000,2.54112771007274,4.853794242179166,0
reencoded,cached_evidence_replay,cam2,218,10900000,3.6231694763001654,4.960566507893752,0
reencoded,cached_evidence_replay,cam2,219,10950000,5.725079784646435,5.981145363681492,0
reencoded,cached_evidence_replay,cam2,220,11000000,11.126603152981264,6.78879218449758,0
reencoded,cached_evidence_replay,cam2,221,11050000,4.878090500536221,6.9377838666042795,0
reencoded,cached_evidence_replay,cam2,222,11100000,3.3997027673535802,5.534574356071319,0
reencoded,cached_evidence_replay,cam2,223,11150000,2.5981598549849103,5.282354992282242,0
reencoded,cached_evidence_replay,cam2,224,11200000,1.795490323815345,4.673842909235466,0
reencoded,cached_evidence_replay,cam2,225,11250000,2.1119904941535546,4.753320873810374,0
reencoded,cached_evidence_replay,cam2,226,11300000,2.6813177150047487,5.881877973804391,0
reencoded,cached_evidence_replay,cam2,227,11350000,3.8170208197551547,4.923192833486496,0
reencoded,cached_evidence_replay,cam2,228,11400000,1.4871017570193665,4.441487639071992,0
reencoded,cached_evidence_replay,cam2,229,11450000,1.1165208312078418,4.468740868840568,0
reencoded,cached_evidence_replay,cam2,230,11500000,1.8966235856856009,5.54074916188018,0
reencoded,cached_evidence_replay,cam2,231,11550000,2.6304385866238897,6.872403265265621,0
reencoded,cached_evidence_replay,cam2,232,11600000,12.145442867020721,6.946607604825758,0
reencoded,cached_evidence_replay,cam2,233,11650000,19.29266604601716,8.826971347372307,0
reencoded,cached_evidence_replay,cam2,234,11700000,119.30544118482452,7.524167796905323,3
reencoded,cached_evidence_replay,cam2,235,11750000,19.83433362749343,7.8380709903647,0
reencoded,cached_evidence_replay,cam2,236,11800000,1.992795365704431,7.2157545155164575,0
reencoded,cached_evidence_replay,cam2,237,11850000,7.324125294780452,7.442273641110416,0
reencoded,cached_evidence_replay,cam2,238,11900000,61.57509491991238,8.384836360545657,3
reencoded,cached_evidence_replay,cam2,239,11950000,50.795965466201416,9.445055354828959,3
reencoded,cached_evidence_replay,cam2,240,12000000,43.301820289478606,12.15465970960525,3
reencoded,cached_evidence_replay,cam2,241,12050000,17.761774564647883,11.738776918752649,3
reencoded,cached_evidence_replay,cam2,242,12100000,24.222508445222633,11.261028425234606,3
reencoded,cached_evidence_replay,cam2,243,12150000,65.28717298229459,11.168376984426079,3
reencoded,cached_evidence_replay,cam2,244,12200000,106.41012006769193,11.161269776265033,3
reencoded,cached_evidence_replay,cam2,245,12250000,19.042656042597727,10.468801769769222,3
reencoded,cached_evidence_replay,cam2,246,12300000,19.995753143479437,9.453548814734193,3
reencoded,cached_evidence_replay,cam2,247,12350000,287.8011684585548,10.304934489661932,0
reencoded,cached_evidence_replay,cam2,248,12400000,155.03728720531265,12.894646692994842,3
reencoded,cached_evidence_replay,cam2,249,12450000,148.49689083979823,12.23724790414692,3
reencoded,cached_evidence_replay,cam2,250,12500000,131.3095142567016,12.383340008149329,3
reencoded,cached_evidence_replay,cam2,251,12550000,14.709230101313748,7.956683902812495,1
reencoded,cached_evidence_replay,cam2,252,12600000,13.893221993589494,8.205832398471006,1
reencoded,cached_evidence_replay,cam2,253,12650000,24.28809825289848,12.530725568979944,1
reencoded,cached_evidence_replay,cam2,254,12700000,15.365072189163978,10.344230696025619,0
reencoded,cached_evidence_replay,cam2,255,12750000,168.4203741054258,12.108703469796389,3
reencoded,cached_evidence_replay,cam2,256,12800000,303.99721347343313,9.772278065502524,0
reencoded,cached_evidence_replay,cam2,257,12850000,0.5434796052938399,5.0150518311463,0
reencoded,cached_evidence_replay,cam2,258,12900000,2.0702686370843053,5.167991516696034,0
reencoded,cached_evidence_replay,cam2,259,12950000,4.033083066792601,5.108183407207443,0
reencoded,cached_evidence_replay,cam2,260,13000000,3.158048278507688,4.588820982227775,0
reencoded,cached_evidence_replay,cam2,261,13050000,3.120885284799557,4.667616605554635,0
reencoded,cached_evidence_replay,cam2,262,13100000,4.985814533309427,5.831713423353431,0
reencoded,cached_evidence_replay,cam2,263,13150000,6.467289193175071,5.935829244675297,0
reencoded,cached_evidence_replay,cam2,264,13200000,4.1940511211290445,4.851511995504611,0
reencoded,cached_evidence_replay,cam2,265,13250000,3.2569251965389485,4.590874599208151,0
reencoded,cached_evidence_replay,cam2,266,13300000,3.9509962921505735,4.800805323717967,0
reencoded,cached_evidence_replay,cam2,267,13350000,5.1161858507872555,5.162932481122274,0
reencoded,cached_evidence_replay,cam2,268,13400000,3.6993537847468496,4.69115028294142,0
reencoded,cached_evidence_replay,cam2,269,13450000,2.994311688333113,4.655782924621587,0
