condition,camera,frame,observed,label_point_kind,error_px_observed_label_only
annotation_observed,cam0,0,1,1,0.0
annotation_observed,cam0,1,1,1,0.0
annotation_observed,cam0,2,1,1,0.0
annotation_observed,cam0,3,1,1,0.0
annotation_observed,cam0,4,1,1,0.0
annotation_observed,cam0,5,1,1,0.0
annotation_observed,cam0,6,1,1,0.0
annotation_observed,cam0,7,1,1,0.0
annotation_observed,cam0,8,1,1,0.0
annotation_observed,cam0,9,1,1,0.0
annotation_observed,cam0,10,1,1,0.0
annotation_observed,cam0,11,1,1,0.0
annotation_observed,cam0,12,1,1,0.0
annotation_observed,cam0,13,1,1,0.0
annotation_observed,cam0,14,1,1,0.0
annotation_observed,cam0,15,1,1,0.0
annotation_observed,cam0,16,1,1,0.0
annotation_observed,cam0,17,1,1,0.0
annotation_observed,cam0,18,1,1,0.0
annotation_observed,cam0,19,1,1,0.0
annotation_observed,cam0,20,1,1,0.0
annotation_observed,cam0,21,0,2,
annotation_observed,cam0,22,0,2,
annotation_observed,cam0,23,0,2,
annotation_observed,cam0,24,0,2,
annotation_observed,cam0,25,1,1,0.0
annotation_observed,cam0,26,1,1,0.0
annotation_observed,cam0,27,1,1,0.0
annotation_observed,cam0,28,1,1,0.0
annotation_observed,cam0,29,1,1,0.0
annotation_observed,cam0,30,1,1,0.0
annotation_observed,cam0,31,1,1,0.0
annotation_observed,cam0,32,1,1,0.0
annotation_observed,cam0,33,1,1,0.0
annotation_observed,cam0,34,1,1,0.0
annotation_observed,cam0,35,1,1,0.0
annotation_observed,cam0,36,1,1,0.0
annotation_observed,cam0,37,1,1,0.0
annotation_observed,cam0,38,1,1,0.0
annotation_observed,cam0,39,1,1,0.0
annotation_observed,cam0,40,1,1,0.0
annotation_observed,cam0,41,1,1,0.0
annotation_observed,cam0,42,1,1,0.0
annotation_observed,cam0,43,1,1,0.0
annotation_observed,cam0,44,1,1,0.0
annotation_observed,cam0,45,1,1,0.0
annotation_observed,cam0,46,1,1,0.0
annotation_observed,cam0,47,0,2,
annotation_observed,cam0,48,1,1,0.0
annotation_observed,cam0,49,0,2,
annotation_observed,cam0,50,0,2,
annotation_observed,cam0,51,0,2,
annotation_observed,cam0,52,1,1,0.0
annotation_observed,cam0,53,1,1,0.0
annotation_observed,cam0,54,0,2,
annotation_observed,cam0,55,0,2,
annotation_observed,cam0,56,1,1,0.0
annotation_observed,cam0,57,1,1,0.0
annotation_observed,cam0,58,0,2,
annotation_observed,cam0,59,0,2,
annotation_observed,cam0,60,0,2,
annotation_observed,cam0,61,1,1,0.0
annotation_observed,cam0,62,0,2,
annotation_observed,cam0,63,0,2,
annotation_observed,cam0,64,1,1,0.0
annotation_observed,cam0,65,0,2,
annotation_observed,cam0,66,1,1,0.0
annotation_observed,cam0,67,1,1,0.0
annotation_observed,cam0,68,1,1,0.0
annotation_observed,cam0,69,1,1,0.0
annotation_observed,cam0,70,1,1,0.0
annotation_observed,cam0,71,1,1,0.0
annotation_observed,cam0,72,1,1,0.0
annotation_observed,cam0,73,1,1,0.0
annotation_observed,cam0,74,1,1,0.0
annotation_observed,cam0,75,1,1,0.0
annotation_observed,cam0,76,1,1,0.0
annotation_observed,cam0,77,1,1,0.0
annotation_observed,cam0,78,1,1,0.0
annotation_observed,cam0,79,1,1,0.0
annotation_observed,cam0,80,1,1,0.0
annotation_observed,cam0,81,1,1,0.0
annotation_observed,cam0,82,1,1,0.0
annotation_observed,cam0,83,1,1,0.0
annotation_observed,cam0,84,1,1,0.0
annotation_observed,cam0,85,1,1,0.0
annotation_observed,cam0,86,0,0,
annotation_observed,cam0,87,0,0,
annotation_observed,cam0,88,0,0,
annotation_observed,cam0,89,1,1,0.0
annotation_observed,cam0,90,1,1,0.0
annotation_observed,cam0,91,1,1,0.0
annotation_observed,cam0,92,1,1,0.0
annotation_observed,cam0,93,1,1,0.0
annotation_observed,cam0,94,1,1,0.0
annotation_observed,cam0,95,1,1,0.0
annotation_observed,cam0,96,0,2,
annotation_observed,cam0,97,1,1,0.0
annotation_observed,cam0,98,0,0,
annotation_observed,cam0,99,0,0,
annotation_observed,cam0,100,0,0,
annotation_observed,cam0,101,0,0,
annotation_observed,cam0,102,0,0,
annotation_observed,cam0,103,0,0,
annotation_observed,cam0,104,0,0,
annotation_observed,cam0,105,1,1,0.0
annotation_observed,cam0,106,1,1,0.0
annotation_observed,cam0,107,1,1,0.0
annotation_observed,cam0,108,1,1,0.0
annotation_observed,cam0,109,1,1,0.0
annotation_observed,cam0,110,0,2,
annotation_observed,cam0,111,1,1,0.0
annotation_observed,cam0,112,1,1,0.0
annotation_observed,cam0,113,1,1,0.0
annotation_observed,cam0,114,1,1,0.0
annotation_observed,cam0,115,1,1,0.0
annotation_observed,cam0,116,1,1,0.0
annotation_observed,cam0,117,1,1,0.0
annotation_observed,cam0,118,1,1,0.0
annotation_observed,cam0,119,1,1,0.0
annotation_observed,cam0,120,0,2,
annotation_observed,cam0,121,0,2,
annotation_observed,cam0,122,0,2,
annotation_observed,cam0,123,1,1,0.0
annotation_observed,cam0,124,1,1,0.0
annotation_observed,cam0,125,0,2,
annotation_observed,cam0,126,1,1,0.0
annotation_observed,cam0,127,1,1,0.0
annotation_observed,cam0,128,1,1,0.0
annotation_observed,cam0,129,1,1,0.0
annotation_observed,cam0,130,1,1,0.0
annotation_observed,cam0,131,1,1,0.0
annotation_observed,cam0,132,1,1,0.0
annotation_observed,cam0,133,1,1,0.0
annotation_observed,cam0,134,0,2,
annotation_observed,cam0,135,1,1,0.0
annotation_observed,cam0,136,1,1,0.0
annotation_observed,cam0,137,0,2,
annotation_observed,cam0,138,1,1,0.0
annotation_observed,cam0,139,1,1,0.0
annotation_observed,cam0,140,1,1,0.0
annotation_observed,cam0,141,0,2,
annotation_observed,cam0,142,1,1,0.0
annotation_observed,cam0,143,1,1,0.0
annotation_observed,cam0,144,1,1,0.0
annotation_observed,cam0,145,1,1,0.0
annotation_observed,cam0,146,1,1,0.0
annotation_observed,cam0,147,0,2,
annotation_observed,cam0,148,1,1,0.0
annotation_observed,cam0,149,1,1,0.0
annotation_observed,cam0,150,1,1,0.0
annotation_observed,cam0,151,1,1,0.0
annotation_observed,cam0,152,1,1,0.0
annotation_observed,cam0,153,1,1,0.0
annotation_observed,cam0,154,1,1,0.0
annotation_observed,cam0,155,1,1,0.0
annotation_observed,cam0,156,1,1,0.0
annotation_observed,cam0,157,1,1,0.0
annotation_observed,cam0,158,1,1,0.0
annotation_observed,cam0,159,1,1,0.0
annotation_observed,cam0,160,1,1,0.0
annotation_observed,cam0,161,1,1,0.0
annotation_observed,cam0,162,1,1,0.0
annotation_observed,cam0,163,1,1,0.0
annotation_observed,cam0,164,1,1,0.0
annotation_observed,cam0,165,1,1,0.0
annotation_observed,cam0,166,1,1,0.0
annotation_observed,cam0,167,1,1,0.0
annotation_observed,cam0,168,1,1,0.0
annotation_observed,cam0,169,1,1,0.0
annotation_observed,cam0,170,1,1,0.0
annotation_observed,cam0,171,1,1,0.0
annotation_observed,cam0,172,1,1,0.0
annotation_observed,cam0,173,1,1,0.0
annotation_observed,cam0,174,1,1,0.0
annotation_observed,cam0,175,1,1,0.0
annotation_observed,cam0,176,1,1,0.0
annotation_observed,cam0,177,1,1,0.0
annotation_observed,cam0,178,1,1,0.0
annotation_observed,cam0,179,1,1,0.0
annotation_observed,cam0,180,1,1,0.0
annotation_observed,cam0,181,1,1,0.0
annotation_observed,cam0,182,1,1,0.0
annotation_observed,cam0,183,1,1,0.0
annotation_observed,cam0,184,1,1,0.0
annotation_observed,cam0,185,1,1,0.0
annotation_observed,cam0,186,1,1,0.0
annotation_observed,cam0,187,1,1,0.0
annotation_observed,cam0,188,1,1,0.0
annotation_observed,cam0,189,1,1,0.0
annotation_observed,cam0,190,1,1,0.0
annotation_observed,cam0,191,1,1,0.0
annotation_observed,cam0,192,1,1,0.0
annotation_observed,cam0,193,1,1,0.0
annotation_observed,cam0,194,1,1,0.0
annotation_observed,cam0,195,1,1,0.0
annotation_observed,cam0,196,1,1,0.0
annotation_observed,cam0,197,1,1,0.0
annotation_observed,cam0,198,1,1,0.0
annotation_observed,cam0,199,1,1,0.0
annotation_observed,cam0,200,1,1,0.0
annotation_observed,cam0,201,1,1,0.0
annotation_observed,cam0,202,1,1,0.0
annotation_observed,cam0,203,1,1,0.0
annotation_observed,cam0,204,1,1,0.0
annotation_observed,cam0,205,1,1,0.0
annotation_observed,cam0,206,1,1,0.0
annotation_observed,cam0,207,1,1,0.0
annotation_observed,cam0,208,1,1,0.0
annotation_observed,cam0,209,1,1,0.0
annotation_observed,cam0,210,1,1,0.0
annotation_observed,cam0,211,1,1,0.0
annotation_observed,cam0,212,1,1,0.0
annotation_observed,cam0,213,1,1,0.0
annotation_observed,cam0,214,1,1,0.0
annotation_observed,cam0,215,1,1,0.0
annotation_observed,cam0,216,1,1,0.0
annotation_observed,cam0,217,1,1,0.0
annotation_observed,cam0,218,0,0,
annotation_observed,cam0,219,0,0,
annotation_observed,cam0,220,0,0,
annotation_observed,cam0,221,1,1,0.0
annotation_observed,cam0,222,1,1,0.0
annotation_observed,cam0,223,1,1,0.0
annotation_observed,cam0,224,1,1,0.0
annotation_observed,cam0,225,1,1,0.0
annotation_observed,cam0,226,1,1,0.0
annotation_observed,cam0,227,1,1,0.0
annotation_observed,cam0,228,1,1,0.0
annotation_observed,cam0,229,1,1,0.0
annotation_observed,cam0,230,1,1,0.0
annotation_observed,cam0,231,1,1,0.0
annotation_observed,cam0,232,1,1,0.0
annotation_observed,cam0,233,1,1,0.0
annotation_observed,cam0,234,1,1,0.0
annotation_observed,cam0,235,1,1,0.0
annotation_observed,cam0,236,1,1,0.0
annotation_observed,cam0,237,1,1,0.0
annotation_observed,cam0,238,1,1,0.0
annotation_observed,cam0,239,1,1,0.0
annotation_observed,cam0,240,1,1,0.0
annotation_observed,cam0,241,1,1,0.0
annotation_observed,cam0,242,1,1,0.0
annotation_observed,cam0,243,0,2,
annotation_observed,cam0,244,1,1,0.0
annotation_observed,cam0,245,1,1,0.0
annotation_observed,cam0,246,1,1,0.0
annotation_observed,cam0,247,1,1,0.0
annotation_observed,cam0,248,1,1,0.0
annotation_observed,cam0,249,1,1,0.0
annotation_observed,cam0,250,1,1,0.0
annotation_observed,cam0,251,1,1,0.0
annotation_observed,cam0,252,1,1,0.0
annotation_observed,cam0,253,1,1,0.0
annotation_observed,cam0,254,1,1,0.0
annotation_observed,cam0,255,1,1,0.0
annotation_observed,cam0,256,1,1,0.0
annotation_observed,cam0,257,1,1,0.0
annotation_observed,cam0,258,1,1,0.0
annotation_observed,cam0,259,1,1,0.0
annotation_observed,cam0,260,1,1,0.0
annotation_observed,cam0,261,1,1,0.0
annotation_observed,cam0,262,1,1,0.0
annotation_observed,cam0,263,1,1,0.0
annotation_observed,cam0,264,1,1,0.0
annotation_observed,cam0,265,1,1,0.0
annotation_observed,cam0,266,1,1,0.0
annotation_observed,cam0,267,1,1,0.0
annotation_observed,cam0,268,1,1,0.0
annotation_observed,cam0,269,1,1,0.0
annotation_observed,cam0,270,1,1,0.0
annotation_observed,cam0,271,1,1,0.0
annotation_observed,cam0,272,0,2,
annotation_observed,cam0,273,0,2,
annotation_observed,cam0,274,0,2,
annotation_observed,cam0,275,1,1,0.0
annotation_observed,cam0,276,0,2,
annotation_observed,cam0,277,0,2,
annotation_observed,cam0,278,1,1,0.0
annotation_observed,cam0,279,0,0,
annotation_observed,cam0,280,1,1,0.0
annotation_observed,cam0,281,0,0,
annotation_observed,cam0,282,0,0,
annotation_observed,cam0,283,0,0,
annotation_observed,cam0,284,0,0,
annotation_observed,cam0,285,1,1,0.0
annotation_observed,cam0,286,1,1,0.0
annotation_observed,cam0,287,0,2,
annotation_observed,cam0,288,1,1,0.0
annotation_observed,cam0,289,1,1,0.0
annotation_observed,cam0,290,1,1,0.0
annotation_observed,cam0,291,1,1,0.0
annotation_observed,cam0,292,0,2,
annotation_observed,cam0,293,1,1,0.0
annotation_observed,cam0,294,1,1,0.0
annotation_observed,cam0,295,1,1,0.0
annotation_observed,cam0,296,1,1,0.0
annotation_observed,cam0,297,1,1,0.0
annotation_observed,cam0,298,1,1,0.0
annotation_observed,cam0,299,0,2,
annotation_observed,cam0,300,1,1,0.0
annotation_observed,cam0,301,1,1,0.0
annotation_observed,cam0,302,1,1,0.0
annotation_observed,cam0,303,0,2,
annotation_observed,cam0,304,0,2,
annotation_observed,cam0,305,1,1,0.0
annotation_observed,cam0,306,1,1,0.0
annotation_observed,cam0,307,0,0,
annotation_observed,cam0,308,1,1,0.0
annotation_observed,cam0,309,1,1,0.0
annotation_observed,cam0,310,1,1,0.0
annotation_observed,cam0,311,0,2,
annotation_observed,cam0,312,0,2,
annotation_observed,cam0,313,1,1,0.0
annotation_observed,cam0,314,1,1,0.0
annotation_observed,cam0,315,1,1,0.0
annotation_observed,cam0,316,1,1,0.0
annotation_observed,cam0,317,1,1,0.0
annotation_observed,cam0,318,1,1,0.0
annotation_observed,cam0,319,1,1,0.0
annotation_observed,cam0,320,1,1,0.0
annotation_observed,cam0,321,1,1,0.0
annotation_observed,cam0,322,1,1,0.0
annotation_observed,cam0,323,1,1,0.0
annotation_observed,cam0,324,1,1,0.0
annotation_observed,cam0,325,1,1,0.0
annotation_observed,cam0,326,1,1,0.0
annotation_observed,cam0,327,1,1,0.0
annotation_observed,cam0,328,1,1,0.0
annotation_observed,cam0,329,1,1,0.0
annotation_observed,cam0,330,1,1,0.0
annotation_observed,cam0,331,1,1,0.0
annotation_observed,cam0,332,1,1,0.0
annotation_observed,cam0,333,1,1,0.0
annotation_observed,cam0,334,1,1,0.0
annotation_observed,cam0,335,1,1,0.0
annotation_observed,cam0,336,1,1,0.0
annotation_observed,cam0,337,0,2,
annotation_observed,cam0,338,1,1,0.0
annotation_observed,cam0,339,1,1,0.0
annotation_observed,cam0,340,1,1,0.0
annotation_observed,cam0,341,1,1,0.0
annotation_observed,cam0,342,1,1,0.0
annotation_observed,cam0,343,1,1,0.0
annotation_observed,cam0,344,1,1,0.0
annotation_observed,cam0,345,0,2,
annotation_observed,cam0,346,1,1,0.0
annotation_observed,cam0,347,1,1,0.0
annotation_observed,cam0,348,1,1,0.0
annotation_observed,cam0,349,1,1,0.0
annotation_observed,cam0,350,1,1,0.0
annotation_observed,cam0,351,1,1,0.0
annotation_observed,cam0,352,1,1,0.0
annotation_observed,cam0,353,1,1,0.0
annotation_observed,cam0,354,1,1,0.0
annotation_observed,cam0,355,1,1,0.0
annotation_observed,cam0,356,1,1,0.0
annotation_observed,cam0,357,1,1,0.0
annotation_observed,cam0,358,1,1,0.0
annotation_observed,cam0,359,1,1,0.0
annotation_observed,cam0,360,1,1,0.0
annotation_observed,cam0,361,1,1,0.0
annotation_observed,cam0,362,1,1,0.0
annotation_observed,cam0,363,1,1,0.0
annotation_observed,cam0,364,1,1,0.0
annotation_observed,cam0,365,1,1,0.0
annotation_observed,cam0,366,1,1,0.0
annotation_observed,cam0,367,1,1,0.0
annotation_observed,cam0,368,1,1,0.0
annotation_observed,cam0,369,1,1,0.0
annotation_observed,cam0,370,1,1,0.0
annotation_observed,cam0,371,1,1,0.0
annotation_observed,cam0,372,1,1,0.0
annotation_observed,cam0,373,1,1,0.0
annotation_observed,cam0,374,1,1,0.0
annotation_observed,cam0,375,1,1,0.0
annotation_observed,cam0,376,1,1,0.0
annotation_observed,cam0,377,1,1,0.0
annotation_observed,cam0,378,1,1,0.0
annotation_observed,cam0,379,1,1,0.0
annotation_observed,cam0,380,1,1,0.0
annotation_observed,cam0,381,1,1,0.0
annotation_observed,cam0,382,1,1,0.0
annotation_observed,cam0,383,1,1,0.0
annotation_observed,cam0,384,1,1,0.0
annotation_observed,cam0,385,1,1,0.0
annotation_observed,cam0,386,1,1,0.0
annotation_observed,cam0,387,1,1,0.0
annotation_observed,cam0,388,1,1,0.0
annotation_observed,cam0,389,1,1,0.0
annotation_observed,cam0,390,1,1,0.0
annotation_observed,cam0,391,1,1,0.0
annotation_observed,cam0,392,1,1,0.0
annotation_observed,cam0,393,1,1,0.0
annotation_observed,cam0,394,1,1,0.0
annotation_observed,cam0,395,1,1,0.0
annotation_observed,cam0,396,1,1,0.0
annotation_observed,cam0,397,1,1,0.0
annotation_observed,cam0,398,1,1,0.0
annotation_observed,cam0,399,1,1,0.0
annotation_observed,cam0,400,1,1,0.0
annotation_observed,cam0,401,1,1,0.0
annotation_observed,cam0,402,1,1,0.0
annotation_observed,cam0,403,1,1,0.0
annotation_observed,cam0,404,1,1,0.0
annotation_observed,cam0,405,1,1,0.0
annotation_observed,cam0,406,1,1,0.0
annotation_observed,cam0,407,1,1,0.0
annotation_observed,cam0,408,1,1,0.0
annotation_observed,cam0,409,1,1,0.0
annotation_observed,cam0,410,1,1,0.0
annotation_observed,cam0,411,1,1,0.0
annotation_observed,cam0,412,1,1,0.0
annotation_observed,cam0,413,1,1,0.0
annotation_observed,cam0,414,1,1,0.0
annotation_observed,cam0,415,1,1,0.0
annotation_observed,cam0,416,1,1,0.0
annotation_observed,cam0,417,1,1,0.0
annotation_observed,cam0,418,1,1,0.0
annotation_observed,cam0,419,1,1,0.0
annotation_observed,cam0,420,1,1,0.0
annotation_observed,cam0,421,1,1,0.0
annotation_observed,cam0,422,1,1,0.0
annotation_observed,cam0,423,1,1,0.0
annotation_observed,cam0,424,1,1,0.0
annotation_observed,cam0,425,1,1,0.0
annotation_observed,cam0,426,1,1,0.0
annotation_observed,cam0,427,1,1,0.0
annotation_observed,cam0,428,0,0,
annotation_observed,cam0,429,0,0,
annotation_observed,cam0,430,0,0,
annotation_observed,cam0,431,0,0,
annotation_observed,cam0,432,0,0,
annotation_observed,cam0,433,1,1,0.0
annotation_observed,cam0,434,1,1,0.0
annotation_observed,cam0,435,1,1,0.0
annotation_observed,cam0,436,1,1,0.0
annotation_observed,cam0,437,1,1,0.0
annotation_observed,cam0,438,1,1,0.0
annotation_observed,cam0,439,1,1,0.0
annotation_observed,cam0,440,1,1,0.0
annotation_observed,cam0,441,1,1,0.0
annotation_observed,cam0,442,1,1,0.0
annotation_observed,cam0,443,1,1,0.0
annotation_observed,cam0,444,1,1,0.0
annotation_observed,cam0,445,1,1,0.0
annotation_observed,cam0,446,1,1,0.0
annotation_observed,cam0,447,1,1,0.0
annotation_observed,cam0,448,1,1,0.0
annotation_observed,cam0,449,1,1,0.0
annotation_observed,cam0,450,1,1,0.0
annotation_observed,cam0,451,1,1,0.0
annotation_observed,cam0,452,1,1,0.0
annotation_observed,cam0,453,1,1,0.0
annotation_observed,cam0,454,1,1,0.0
annotation_observed,cam0,455,1,1,0.0
annotation_observed,cam0,456,1,1,0.0
annotation_observed,cam0,457,1,1,0.0
annotation_observed,cam0,458,1,1,0.0
annotation_observed,cam0,459,1,1,0.0
annotation_observed,cam0,460,1,1,0.0
annotation_observed,cam0,461,1,1,0.0
annotation_observed,cam0,462,1,1,0.0
annotation_observed,cam0,463,1,1,0.0
annotation_observed,cam0,464,1,1,0.0
annotation_observed,cam0,465,1,1,0.0
annotation_observed,cam0,466,0,2,
annotation_observed,cam0,467,1,1,0.0
annotation_observed,cam0,468,1,1,0.0
annotation_observed,cam0,469,1,1,0.0
annotation_observed,cam0,470,1,1,0.0
annotation_observed,cam0,471,1,1,0.0
annotation_observed,cam0,472,1,1,0.0
annotation_observed,cam0,473,1,1,0.0
annotation_observed,cam0,474,1,1,0.0
annotation_observed,cam0,475,1,1,0.0
annotation_observed,cam0,476,1,1,0.0
annotation_observed,cam0,477,1,1,0.0
annotation_observed,cam0,478,1,1,0.0
annotation_observed,cam0,479,1,1,0.0
annotation_observed,cam0,480,1,1,0.0
annotation_observed,cam0,481,1,1,0.0
annotation_observed,cam0,482,1,1,0.0
annotation_observed,cam0,483,1,1,0.0
annotation_observed,cam0,484,1,1,0.0
annotation_observed,cam0,485,1,1,0.0
annotation_observed,cam0,486,1,1,0.0
annotation_observed,cam0,487,1,1,0.0
annotation_observed,cam0,488,1,1,0.0
annotation_observed,cam0,489,1,1,0.0
annotation_observed,cam0,490,1,1,0.0
annotation_observed,cam0,491,1,1,0.0
annotation_observed,cam0,492,1,1,0.0
annotation_observed,cam0,493,1,1,0.0
annotation_observed,cam0,494,0,0,
annotation_observed,cam0,495,0,0,
annotation_observed,cam0,496,0,0,
annotation_observed,cam0,497,0,0,
annotation_observed,cam0,498,1,1,0.0
annotation_observed,cam0,499,0,0,
annotation_observed,cam0,500,0,0,
annotation_observed,cam0,501,0,0,
annotation_observed,cam0,502,0,0,
annotation_observed,cam0,503,0,0,
annotation_observed,cam0,504,0,0,
annotation_observed,cam0,505,1,1,0.0
annotation_observed,cam0,506,1,1,0.0
annotation_observed,cam0,507,1,1,0.0
annotation_observed,cam0,508,1,1,0.0
annotation_observed,cam0,509,1,1,0.0
annotation_observed,cam0,510,1,1,0.0
annotation_observed,cam0,511,1,1,0.0
annotation_observed,cam0,512,1,1,0.0
annotation_observed,cam0,513,1,1,0.0
annotation_observed,cam0,514,1,1,0.0
annotation_observed,cam0,515,1,1,0.0
annotation_observed,cam0,516,1,1,0.0
annotation_observed,cam0,517,1,1,0.0
annotation_observed,cam0,518,1,1,0.0
annotation_observed,cam0,519,1,1,0.0
annotation_observed,cam0,520,1,1,0.0
annotation_observed,cam0,521,1,1,0.0
annotation_observed,cam0,522,1,1,0.0
annotation_observed,cam0,523,1,1,0.0
annotation_observed,cam0,524,1,1,0.0
annotation_observed,cam0,525,1,1,0.0
annotation_observed,cam0,526,1,1,0.0
annotation_observed,cam0,527,1,1,0.0
annotation_observed,cam0,528,1,1,0.0
annotation_observed,cam0,529,1,1,0.0
annotation_observed,cam0,530,1,1,0.0
annotation_observed,cam0,531,1,1,0.0
annotation_observed,cam0,532,1,1,0.0
annotation_observed,cam0,533,1,1,0.0
annotation_observed,cam0,534,1,1,0.0
annotation_observed,cam0,535,1,1,0.0
annotation_observed,cam0,536,1,1,0.0
annotation_observed,cam0,537,1,1,0.0
annotation_observed,cam0,538,1,1,0.0
annotation_observed,cam0,539,0,2,
annotation_observed,cam0,540,0,2,
annotation_observed,cam0,541,1,1,0.0
annotation_observed,cam0,542,1,1,0.0
annotation_observed,cam0,543,1,1,0.0
annotation_observed,cam0,544,1,1,0.0
annotation_observed,cam0,545,1,1,0.0
annotation_observed,cam0,546,1,1,0.0
annotation_observed,cam0,547,1,1,0.0
annotation_observed,cam0,548,1,1,0.0
annotation_observed,cam0,549,1,1,0.0
annotation_observed,cam0,550,1,1,0.0
annotation_observed,cam0,551,1,1,0.0
annotation_observed,cam0,552,1,1,0.0
annotation_observed,cam0,553,1,1,0.0
annotation_observed,cam0,554,1,1,0.0
annotation_observed,cam0,555,0,0,
annotation_observed,cam0,556,0,0,
annotation_observed,cam0,557,0,0,
annotation_observed,cam0,558,0,0,
annotation_observed,cam0,559,0,0,
annotation_observed,cam0,560,1,1,0.0
annotation_observed,cam0,561,1,1,0.0
annotation_observed,cam0,562,1,1,0.0
annotation_observed,cam0,563,1,1,0.0
annotation_observed,cam0,564,1,1,0.0
annotation_observed,cam0,565,1,1,0.0
annotation_observed,cam0,566,1,1,0.0
annotation_observed,cam0,567,1,1,0.0
annotation_observed,cam0,568,1,1,0.0
annotation_observed,cam0,569,1,1,0.0
annotation_observed,cam0,570,1,1,0.0
annotation_observed,cam0,571,1,1,0.0
annotation_observed,cam0,572,1,1,0.0
annotation_observed,cam0,573,1,1,0.0
annotation_observed,cam0,574,1,1,0.0
annotation_observed,cam0,575,1,1,0.0
annotation_observed,cam0,576,1,1,0.0
annotation_observed,cam0,577,1,1,0.0
annotation_observed,cam0,578,1,1,0.0
annotation_observed,cam0,579,1,1,0.0
annotation_observed,cam0,580,1,1,0.0
annotation_observed,cam0,581,1,1,0.0
annotation_observed,cam0,582,1,1,0.0
annotation_observed,cam0,583,1,1,0.0
annotation_observed,cam0,584,1,1,0.0
annotation_observed,cam0,585,1,1,0.0
annotation_observed,cam0,586,1,1,0.0
annotation_observed,cam0,587,1,1,0.0
annotation_observed,cam0,588,1,1,0.0
annotation_observed,cam0,589,1,1,0.0
annotation_observed,cam0,590,1,1,0.0
annotation_observed,cam0,591,1,1,0.0
annotation_observed,cam0,592,1,1,0.0
annotation_observed,cam0,593,1,1,0.0
annotation_observed,cam0,594,1,1,0.0
annotation_observed,cam0,595,1,1,0.0
annotation_observed,cam0,596,1,1,0.0
annotation_observed,cam0,597,1,1,0.0
annotation_observed,cam0,598,1,1,0.0
annotation_observed,cam0,599,1,1,0.0
annotation_observed,cam0,600,1,1,0.0
annotation_observed,cam0,601,1,1,0.0
annotation_observed,cam0,602,1,1,0.0
annotation_observed,cam0,603,1,1,0.0
annotation_observed,cam0,604,1,1,0.0
annotation_observed,cam0,605,1,1,0.0
annotation_observed,cam0,606,1,1,0.0
annotation_observed,cam0,607,1,1,0.0
annotation_observed,cam0,608,1,1,0.0
annotation_observed,cam0,609,1,1,0.0
annotation_observed,cam0,610,1,1,0.0
annotation_observed,cam0,611,1,1,0.0
annotation_observed,cam0,612,1,1,0.0
annotation_observed,cam0,613,1,1,0.0
annotation_observed,cam0,614,1,1,0.0
annotation_observed,cam0,615,1,1,0.0
annotation_observed,cam0,616,1,1,0.0
annotation_observed,cam0,617,1,1,0.0
annotation_observed,cam0,618,1,1,0.0
annotation_observed,cam0,619,1,1,0.0
annotation_observed,cam0,620,1,1,0.0
annotation_observed,cam0,621,1,1,0.0
annotation_observed,cam0,622,0,0,
annotation_observed,cam0,623,1,1,0.0
annotation_observed,cam0,624,1,1,0.0
annotation_observed,cam0,625,1,1,0.0
annotation_observed,cam0,626,1,1,0.0
annotation_observed,cam0,627,1,1,0.0
annotation_observed,cam0,628,1,1,0.0
annotation_observed,cam0,629,1,1,0.0
annotation_observed,cam0,630,1,1,0.0
annotation_observed,cam0,631,1,1,0.0
annotation_observed,cam0,632,0,2,
annotation_observed,cam0,633,0,2,
annotation_observed,cam0,634,0,2,
annotation_observed,cam0,635,0,2,
annotation_observed,cam0,636,1,1,0.0
annotation_observed,cam0,637,0,2,
annotation_observed,cam0,638,0,2,
annotation_observed,cam0,639,1,1,0.0
annotation_observed,cam0,640,1,1,0.0
annotation_observed,cam0,641,0,2,
annotation_observed,cam0,642,1,1,0.0
annotation_observed,cam0,643,1,1,0.0
annotation_observed,cam0,644,1,1,0.0
annotation_observed,cam0,645,1,1,0.0
annotation_observed,cam0,646,1,1,0.0
annotation_observed,cam0,647,1,1,0.0
annotation_observed,cam0,648,1,1,0.0
annotation_observed,cam0,649,1,1,0.0
annotation_observed,cam0,650,1,1,0.0
annotation_observed,cam0,651,1,1,0.0
annotation_observed,cam0,652,0,2,
annotation_observed,cam0,653,1,1,0.0
annotation_observed,cam0,654,1,1,0.0
annotation_observed,cam0,655,1,1,0.0
annotation_observed,cam0,656,1,1,0.0
annotation_observed,cam0,657,1,1,0.0
annotation_observed,cam0,658,1,1,0.0
annotation_observed,cam0,659,1,1,0.0
annotation_observed,cam0,660,1,1,0.0
annotation_observed,cam0,661,1,1,0.0
annotation_observed,cam0,662,1,1,0.0
annotation_observed,cam0,663,1,1,0.0
annotation_observed,cam0,664,1,1,0.0
annotation_observed,cam0,665,1,1,0.0
annotation_observed,cam0,666,1,1,0.0
annotation_observed,cam0,667,1,1,0.0
annotation_observed,cam0,668,1,1,0.0
annotation_observed,cam0,669,1,1,0.0
annotation_observed,cam0,670,1,1,0.0
annotation_observed,cam0,671,1,1,0.0
annotation_observed,cam0,672,1,1,0.0
annotation_observed,cam0,673,1,1,0.0
annotation_observed,cam0,674,1,1,0.0
annotation_observed,cam0,675,1,1,0.0
annotation_observed,cam0,676,1,1,0.0
annotation_observed,cam0,677,1,1,0.0
annotation_observed,cam0,678,1,1,0.0
annotation_observed,cam0,679,1,1,0.0
annotation_observed,cam0,680,1,1,0.0
annotation_observed,cam0,681,1,1,0.0
annotation_observed,cam0,682,1,1,0.0
annotation_observed,cam0,683,1,1,0.0
annotation_observed,cam0,684,1,1,0.0
annotation_observed,cam0,685,1,1,0.0
annotation_observed,cam0,686,1,1,0.0
annotation_observed,cam0,687,1,1,0.0
annotation_observed,cam0,688,1,1,0.0
annotation_observed,cam0,689,1,1,0.0
annotation_observed,cam0,690,1,1,0.0
annotation_observed,cam0,691,0,2,
annotation_observed,cam0,692,0,2,
annotation_observed,cam0,693,1,1,0.0
annotation_observed,cam0,694,1,1,0.0
annotation_observed,cam0,695,1,1,0.0
annotation_observed,cam0,696,0,2,
annotation_observed,cam0,697,0,2,
annotation_observed,cam0,698,1,1,0.0
annotation_observed,cam0,699,1,1,0.0
annotation_observed,cam0,700,1,1,0.0
annotation_observed,cam0,701,1,1,0.0
annotation_observed,cam0,702,1,1,0.0
annotation_observed,cam0,703,1,1,0.0
annotation_observed,cam0,704,1,1,0.0
annotation_observed,cam0,705,1,1,0.0
annotation_observed,cam0,706,1,1,0.0
annotation_observed,cam0,707,1,1,0.0
annotation_observed,cam0,708,1,1,0.0
annotation_observed,cam0,709,1,1,0.0
annotation_observed,cam0,710,1,1,0.0
annotation_observed,cam0,711,1,1,0.0
annotation_observed,cam0,712,1,1,0.0
annotation_observed,cam0,713,0,2,
annotation_observed,cam0,714,1,1,0.0
annotation_observed,cam0,715,0,0,
annotation_observed,cam0,716,0,0,
annotation_observed,cam0,717,0,0,
annotation_observed,cam0,718,0,0,
annotation_observed,cam0,719,0,0,
annotation_observed,cam0,720,0,0,
annotation_observed,cam0,721,0,0,
annotation_observed,cam0,722,0,0,
annotation_observed,cam0,723,0,0,
annotation_observed,cam0,724,1,1,0.0
annotation_observed,cam0,725,1,1,0.0
annotation_observed,cam0,726,1,1,0.0
annotation_observed,cam0,727,1,1,0.0
annotation_observed,cam0,728,1,1,0.0
annotation_observed,cam0,729,1,1,0.0
annotation_observed,cam0,730,1,1,0.0
annotation_observed,cam0,731,1,1,0.0
annotation_observed,cam0,732,1,1,0.0
annotation_observed,cam0,733,1,1,0.0
annotation_observed,cam0,734,1,1,0.0
annotation_observed,cam0,735,1,1,0.0
annotation_observed,cam0,736,1,1,0.0
annotation_observed,cam0,737,1,1,0.0
annotation_observed,cam0,738,1,1,0.0
annotation_observed,cam0,739,1,1,0.0
annotation_observed,cam0,740,1,1,0.0
annotation_observed,cam0,741,1,1,0.0
annotation_observed,cam0,742,1,1,0.0
annotation_observed,cam0,743,1,1,0.0
annotation_observed,cam0,744,1,1,0.0
annotation_observed,cam0,745,1,1,0.0
annotation_observed,cam0,746,1,1,0.0
annotation_observed,cam0,747,1,1,0.0
annotation_observed,cam0,748,1,1,0.0
annotation_observed,cam0,749,1,1,0.0
annotation_observed,cam0,750,1,1,0.0
annotation_observed,cam0,751,1,1,0.0
annotation_observed,cam0,752,1,1,0.0
annotation_observed,cam0,753,1,1,0.0
annotation_observed,cam0,754,1,1,0.0
annotation_observed,cam0,755,1,1,0.0
annotation_observed,cam0,756,1,1,0.0
annotation_observed,cam0,757,1,1,0.0
annotation_observed,cam0,758,1,1,0.0
annotation_observed,cam0,759,1,1,0.0
annotation_observed,cam0,760,1,1,0.0
annotation_observed,cam0,761,1,1,0.0
annotation_observed,cam0,762,1,1,0.0
annotation_observed,cam0,763,1,1,0.0
annotation_observed,cam0,764,1,1,0.0
annotation_observed,cam0,765,1,1,0.0
annotation_observed,cam0,766,1,1,0.0
annotation_observed,cam0,767,1,1,0.0
annotation_observed,cam0,768,0,2,
annotation_observed,cam0,769,1,1,0.0
annotation_observed,cam0,770,1,1,0.0
annotation_observed,cam0,771,1,1,0.0
annotation_observed,cam0,772,1,1,0.0
annotation_observed,cam0,773,1,1,0.0
annotation_observed,cam0,774,1,1,0.0
annotation_observed,cam0,775,1,1,0.0
annotation_observed,cam0,776,1,1,0.0
annotation_observed,cam0,777,1,1,0.0
annotation_observed,cam0,778,1,1,0.0
annotation_observed,cam0,779,0,2,
annotation_observed,cam0,780,1,1,0.0
annotation_observed,cam0,781,0,2,
annotation_observed,cam0,782,1,1,0.0
annotation_observed,cam0,783,1,1,0.0
annotation_observed,cam0,784,1,1,0.0
annotation_observed,cam0,785,1,1,0.0
annotation_observed,cam0,786,1,1,0.0
annotation_observed,cam0,787,0,2,
annotation_observed,cam0,788,1,1,0.0
annotation_observed,cam0,789,1,1,0.0
annotation_observed,cam0,790,1,1,0.0
annotation_observed,cam0,791,1,1,0.0
annotation_observed,cam0,792,1,1,0.0
annotation_observed,cam0,793,1,1,0.0
annotation_observed,cam0,794,1,1,0.0
annotation_observed,cam0,795,1,1,0.0
annotation_observed,cam0,796,0,2,
annotation_observed,cam0,797,1,1,0.0
annotation_observed,cam0,798,1,1,0.0
annotation_observed,cam0,799,1,1,0.0
annotation_observed,cam0,800,1,1,0.0
annotation_observed,cam0,801,0,2,
annotation_observed,cam0,802,1,1,0.0
annotation_observed,cam0,803,1,1,0.0
annotation_observed,cam0,804,1,1,0.0
annotation_observed,cam0,805,0,2,
annotation_observed,cam0,806,1,1,0.0
annotation_observed,cam0,807,1,1,0.0
annotation_observed,cam0,808,0,0,
annotation_observed,cam0,809,0,0,
annotation_observed,cam0,810,0,0,
annotation_observed,cam0,811,0,0,
annotation_observed,cam0,812,0,0,
annotation_observed,cam0,813,0,0,
annotation_observed,cam0,814,0,0,
annotation_observed,cam0,815,1,1,0.0
annotation_observed,cam0,816,0,2,
annotation_observed,cam0,817,0,2,
annotation_observed,cam0,818,0,2,
annotation_observed,cam0,819,1,1,0.0
annotation_observed,cam0,820,1,1,0.0
annotation_observed,cam0,821,1,1,0.0
annotation_observed,cam0,822,1,1,0.0
annotation_observed,cam0,823,1,1,0.0
annotation_observed,cam0,824,1,1,0.0
annotation_observed,cam0,825,1,1,0.0
annotation_observed,cam0,826,1,1,0.0
annotation_observed,cam0,827,1,1,0.0
annotation_observed,cam0,828,1,1,0.0
annotation_observed,cam0,829,1,1,0.0
annotation_observed,cam0,830,1,1,0.0
annotation_observed,cam0,831,1,1,0.0
annotation_observed,cam0,832,1,1,0.0
annotation_observed,cam0,833,1,1,0.0
annotation_observed,cam0,834,1,1,0.0
annotation_observed,cam0,835,1,1,0.0
annotation_observed,cam0,836,1,1,0.0
annotation_observed,cam0,837,1,1,0.0
annotation_observed,cam0,838,1,1,0.0
annotation_observed,cam0,839,1,1,0.0
annotation_observed,cam0,840,1,1,0.0
annotation_observed,cam0,841,1,1,0.0
annotation_observed,cam0,842,1,1,0.0
annotation_observed,cam0,843,0,2,
annotation_observed,cam0,844,1,1,0.0
annotation_observed,cam0,845,1,1,0.0
annotation_observed,cam0,846,1,1,0.0
annotation_observed,cam0,847,1,1,0.0
annotation_observed,cam0,848,1,1,0.0
annotation_observed,cam0,849,1,1,0.0
annotation_observed,cam0,850,1,1,0.0
annotation_observed,cam0,851,1,1,0.0
annotation_observed,cam0,852,1,1,0.0
annotation_observed,cam0,853,1,1,0.0
annotation_observed,cam0,854,1,1,0.0
annotation_observed,cam0,855,1,1,0.0
annotation_observed,cam0,856,1,1,0.0
annotation_observed,cam0,857,1,1,0.0
annotation_observed,cam0,858,1,1,0.0
annotation_observed,cam0,859,1,1,0.0
annotation_observed,cam0,860,1,1,0.0
annotation_observed,cam0,861,1,1,0.0
annotation_observed,cam0,862,1,1,0.0
annotation_observed,cam0,863,1,1,0.0
annotation_observed,cam0,864,1,1,0.0
annotation_observed,cam0,865,1,1,0.0
annotation_observed,cam0,866,1,1,0.0
annotation_observed,cam0,867,1,1,0.0
annotation_observed,cam0,868,1,1,0.0
annotation_observed,cam0,869,1,1,0.0
annotation_observed,cam0,870,1,1,0.0
annotation_observed,cam0,871,1,1,0.0
annotation_observed,cam0,872,1,1,0.0
annotation_observed,cam0,873,1,1,0.0
annotation_observed,cam0,874,1,1,0.0
annotation_observed,cam0,875,1,1,0.0
annotation_observed,cam0,876,1,1,0.0
annotation_observed,cam0,877,1,1,0.0
annotation_observed,cam0,878,1,1,0.0
annotation_observed,cam0,879,1,1,0.0
annotation_observed,cam0,880,1,1,0.0
annotation_observed,cam0,881,1,1,0.0
annotation_observed,cam0,882,1,1,0.0
annotation_observed,cam0,883,1,1,0.0
annotation_observed,cam0,884,1,1,0.0
annotation_observed,cam0,885,1,1,0.0
annotation_observed,cam0,886,1,1,0.0
annotation_observed,cam0,887,1,1,0.0
annotation_observed,cam0,888,1,1,0.0
annotation_observed,cam0,889,1,1,0.0
annotation_observed,cam0,890,1,1,0.0
annotation_observed,cam0,891,1,1,0.0
annotation_observed,cam0,892,1,1,0.0
annotation_observed,cam0,893,1,1,0.0
annotation_observed,cam0,894,1,1,0.0
annotation_observed,cam0,895,1,1,0.0
annotation_observed,cam0,896,1,1,0.0
annotation_observed,cam0,897,1,1,0.0
annotation_observed,cam0,898,1,1,0.0
annotation_observed,cam0,899,1,1,0.0
annotation_observed,cam0,900,0,0,
annotation_observed,cam0,901,0,0,
annotation_observed,cam0,902,0,0,
annotation_observed,cam0,903,0,0,
annotation_observed,cam0,904,1,1,0.0
annotation_observed,cam0,905,1,1,0.0
annotation_observed,cam0,906,1,1,0.0
annotation_observed,cam0,907,1,1,0.0
annotation_observed,cam0,908,1,1,0.0
annotation_observed,cam0,909,1,1,0.0
annotation_observed,cam0,910,1,1,0.0
annotation_observed,cam0,911,1,1,0.0
annotation_observed,cam0,912,1,1,0.0
annotation_observed,cam0,913,1,1,0.0
annotation_observed,cam0,914,1,1,0.0
annotation_observed,cam0,915,1,1,0.0
annotation_observed,cam0,916,1,1,0.0
annotation_observed,cam0,917,0,2,
annotation_observed,cam0,918,0,2,
annotation_observed,cam0,919,1,1,0.0
annotation_observed,cam0,920,1,1,0.0
annotation_observed,cam0,921,1,1,0.0
annotation_observed,cam0,922,1,1,0.0
annotation_observed,cam0,923,1,1,0.0
annotation_observed,cam0,924,1,1,0.0
annotation_observed,cam0,925,1,1,0.0
annotation_observed,cam0,926,1,1,0.0
annotation_observed,cam0,927,1,1,0.0
annotation_observed,cam0,928,1,1,0.0
annotation_observed,cam0,929,0,2,
annotation_observed,cam0,930,0,2,
annotation_observed,cam0,931,0,2,
annotation_observed,cam0,932,1,1,0.0
annotation_observed,cam0,933,1,1,0.0
annotation_observed,cam0,934,0,2,
annotation_observed,cam0,935,0,2,
annotation_observed,cam0,936,0,2,
annotation_observed,cam0,937,0,2,
annotation_observed,cam0,938,1,1,0.0
annotation_observed,cam0,939,0,2,
annotation_observed,cam0,940,1,1,0.0
annotation_observed,cam0,941,1,1,0.0
annotation_observed,cam0,942,1,1,0.0
annotation_observed,cam0,943,1,1,0.0
annotation_observed,cam0,944,1,1,0.0
annotation_observed,cam0,945,1,1,0.0
annotation_observed,cam0,946,1,1,0.0
annotation_observed,cam0,947,1,1,0.0
annotation_observed,cam0,948,1,1,0.0
annotation_observed,cam0,949,0,2,
annotation_observed,cam0,950,1,1,0.0
annotation_observed,cam0,951,1,1,0.0
annotation_observed,cam0,952,1,1,0.0
annotation_observed,cam0,953,1,1,0.0
annotation_observed,cam0,954,1,1,0.0
annotation_observed,cam0,955,1,1,0.0
annotation_observed,cam0,956,1,1,0.0
annotation_observed,cam0,957,1,1,0.0
annotation_observed,cam0,958,1,1,0.0
annotation_observed,cam0,959,1,1,0.0
annotation_observed,cam0,960,1,1,0.0
annotation_observed,cam0,961,1,1,0.0
annotation_observed,cam0,962,1,1,0.0
annotation_observed,cam0,963,1,1,0.0
annotation_observed,cam0,964,1,1,0.0
annotation_observed,cam0,965,1,1,0.0
annotation_observed,cam0,966,0,2,
annotation_observed,cam0,967,1,1,0.0
annotation_observed,cam0,968,1,1,0.0
annotation_observed,cam0,969,1,1,0.0
annotation_observed,cam0,970,1,1,0.0
annotation_observed,cam0,971,1,1,0.0
annotation_observed,cam0,972,1,1,0.0
annotation_observed,cam0,973,1,1,0.0
annotation_observed,cam0,974,0,2,
annotation_observed,cam0,975,1,1,0.0
annotation_observed,cam0,976,1,1,0.0
annotation_observed,cam0,977,1,1,0.0
annotation_observed,cam0,978,1,1,0.0
annotation_observed,cam0,979,1,1,0.0
annotation_observed,cam0,980,1,1,0.0
annotation_observed,cam0,981,0,2,
annotation_observed,cam0,982,1,1,0.0
annotation_observed,cam0,983,0,0,
annotation_observed,cam0,984,0,0,
annotation_observed,cam0,985,0,0,
annotation_observed,cam0,986,0,0,
annotation_observed,cam0,987,0,0,
annotation_observed,cam0,988,0,0,
annotation_observed,cam0,989,0,0,
annotation_observed,cam0,990,0,0,
annotation_observed,cam0,991,0,0,
annotation_observed,cam0,992,0,0,
annotation_observed,cam0,993,0,0,
annotation_observed,cam0,994,0,0,
annotation_observed,cam0,995,0,0,
annotation_observed,cam0,996,0,0,
annotation_observed,cam0,997,0,0,
annotation_observed,cam0,998,0,0,
annotation_observed,cam0,999,0,0,
annotation_observed,cam0,1000,0,0,
annotation_observed,cam0,1001,0,0,
annotation_observed,cam0,1002,0,0,
annotation_observed,cam0,1003,0,0,
annotation_observed,cam0,1004,0,0,
annotation_observed,cam0,1005,0,0,
annotation_observed,cam0,1006,0,0,
annotation_observed,cam0,1007,0,0,
annotation_observed,cam0,1008,0,0,
annotation_observed,cam0,1009,0,0,
annotation_observed,cam1,0,1,1,0.0
annotation_observed,cam1,1,1,1,0.0
annotation_observed,cam1,2,1,1,0.0
annotation_observed,cam1,3,1,1,0.0
annotation_observed,cam1,4,1,1,0.0
annotation_observed,cam1,5,1,1,0.0
annotation_observed,cam1,6,1,1,0.0
annotation_observed,cam1,7,1,1,0.0
annotation_observed,cam1,8,1,1,0.0
annotation_observed,cam1,9,1,1,0.0
annotation_observed,cam1,10,1,1,0.0
annotation_observed,cam1,11,1,1,0.0
annotation_observed,cam1,12,1,1,0.0
annotation_observed,cam1,13,1,1,0.0
annotation_observed,cam1,14,1,1,0.0
annotation_observed,cam1,15,1,1,0.0
annotation_observed,cam1,16,1,1,0.0
annotation_observed,cam1,17,1,1,0.0
annotation_observed,cam1,18,1,1,0.0
annotation_observed,cam1,19,1,1,0.0
annotation_observed,cam1,20,1,1,0.0
annotation_observed,cam1,21,1,1,0.0
annotation_observed,cam1,22,1,1,0.0
annotation_observed,cam1,23,1,1,0.0
annotation_observed,cam1,24,1,1,0.0
annotation_observed,cam1,25,1,1,0.0
annotation_observed,cam1,26,1,1,0.0
annotation_observed,cam1,27,1,1,0.0
annotation_observed,cam1,28,1,1,0.0
annotation_observed,cam1,29,1,1,0.0
annotation_observed,cam1,30,1,1,0.0
annotation_observed,cam1,31,1,1,0.0
annotation_observed,cam1,32,1,1,0.0
annotation_observed,cam1,33,1,1,0.0
annotation_observed,cam1,34,1,1,0.0
annotation_observed,cam1,35,1,1,0.0
annotation_observed,cam1,36,1,1,0.0
annotation_observed,cam1,37,1,1,0.0
annotation_observed,cam1,38,1,1,0.0
annotation_observed,cam1,39,1,1,0.0
annotation_observed,cam1,40,1,1,0.0
annotation_observed,cam1,41,1,1,0.0
annotation_observed,cam1,42,1,1,0.0
annotation_observed,cam1,43,1,1,0.0
annotation_observed,cam1,44,1,1,0.0
annotation_observed,cam1,45,1,1,0.0
annotation_observed,cam1,46,1,1,0.0
annotation_observed,cam1,47,1,1,0.0
annotation_observed,cam1,48,1,1,0.0
annotation_observed,cam1,49,1,1,0.0
annotation_observed,cam1,50,1,1,0.0
annotation_observed,cam1,51,1,1,0.0
annotation_observed,cam1,52,1,1,0.0
annotation_observed,cam1,53,1,1,0.0
annotation_observed,cam1,54,1,1,0.0
annotation_observed,cam1,55,0,3,
annotation_observed,cam1,56,1,1,0.0
annotation_observed,cam1,57,1,1,0.0
annotation_observed,cam1,58,1,1,0.0
annotation_observed,cam1,59,0,3,
annotation_observed,cam1,60,1,1,0.0
annotation_observed,cam1,61,1,1,0.0
annotation_observed,cam1,62,1,1,0.0
annotation_observed,cam1,63,1,1,0.0
annotation_observed,cam1,64,1,1,0.0
annotation_observed,cam1,65,1,1,0.0
annotation_observed,cam1,66,1,1,0.0
annotation_observed,cam1,67,1,1,0.0
annotation_observed,cam1,68,1,1,0.0
annotation_observed,cam1,69,1,1,0.0
annotation_observed,cam1,70,1,1,0.0
annotation_observed,cam1,71,1,1,0.0
annotation_observed,cam1,72,1,1,0.0
annotation_observed,cam1,73,1,1,0.0
annotation_observed,cam1,74,1,1,0.0
annotation_observed,cam1,75,1,1,0.0
annotation_observed,cam1,76,1,1,0.0
annotation_observed,cam1,77,1,1,0.0
annotation_observed,cam1,78,1,1,0.0
annotation_observed,cam1,79,1,1,0.0
annotation_observed,cam1,80,1,1,0.0
annotation_observed,cam1,81,1,1,0.0
annotation_observed,cam1,82,1,1,0.0
annotation_observed,cam1,83,1,1,0.0
annotation_observed,cam1,84,1,1,0.0
annotation_observed,cam1,85,1,1,0.0
annotation_observed,cam1,86,1,1,0.0
annotation_observed,cam1,87,1,1,0.0
annotation_observed,cam1,88,1,1,0.0
annotation_observed,cam1,89,1,1,0.0
annotation_observed,cam1,90,1,1,0.0
annotation_observed,cam1,91,1,1,0.0
annotation_observed,cam1,92,1,1,0.0
annotation_observed,cam1,93,1,1,0.0
annotation_observed,cam1,94,1,1,0.0
annotation_observed,cam1,95,1,1,0.0
annotation_observed,cam1,96,1,1,0.0
annotation_observed,cam1,97,1,1,0.0
annotation_observed,cam1,98,1,1,0.0
annotation_observed,cam1,99,1,1,0.0
annotation_observed,cam1,100,1,1,0.0
annotation_observed,cam1,101,1,1,0.0
annotation_observed,cam1,102,1,1,0.0
annotation_observed,cam1,103,1,1,0.0
annotation_observed,cam1,104,1,1,0.0
annotation_observed,cam1,105,1,1,0.0
annotation_observed,cam1,106,1,1,0.0
annotation_observed,cam1,107,1,1,0.0
annotation_observed,cam1,108,1,1,0.0
annotation_observed,cam1,109,1,1,0.0
annotation_observed,cam1,110,1,1,0.0
annotation_observed,cam1,111,1,1,0.0
annotation_observed,cam1,112,1,1,0.0
annotation_observed,cam1,113,1,1,0.0
annotation_observed,cam1,114,1,1,0.0
annotation_observed,cam1,115,1,1,0.0
annotation_observed,cam1,116,1,1,0.0
annotation_observed,cam1,117,1,1,0.0
annotation_observed,cam1,118,1,1,0.0
annotation_observed,cam1,119,1,1,0.0
annotation_observed,cam1,120,1,1,0.0
annotation_observed,cam1,121,1,1,0.0
annotation_observed,cam1,122,1,1,0.0
annotation_observed,cam1,123,1,1,0.0
annotation_observed,cam1,124,1,1,0.0
annotation_observed,cam1,125,1,1,0.0
annotation_observed,cam1,126,1,1,0.0
annotation_observed,cam1,127,1,1,0.0
annotation_observed,cam1,128,1,1,0.0
annotation_observed,cam1,129,1,1,0.0
annotation_observed,cam1,130,1,1,0.0
annotation_observed,cam1,131,1,1,0.0
annotation_observed,cam1,132,1,1,0.0
annotation_observed,cam1,133,1,1,0.0
annotation_observed,cam1,134,1,1,0.0
annotation_observed,cam1,135,1,1,0.0
annotation_observed,cam1,136,1,1,0.0
annotation_observed,cam1,137,1,1,0.0
annotation_observed,cam1,138,1,1,0.0
annotation_observed,cam1,139,1,1,0.0
annotation_observed,cam1,140,1,1,0.0
annotation_observed,cam1,141,1,1,0.0
annotation_observed,cam1,142,1,1,0.0
annotation_observed,cam1,143,1,1,0.0
annotation_observed,cam1,144,1,1,0.0
annotation_observed,cam1,145,1,1,0.0
annotation_observed,cam1,146,1,1,0.0
annotation_observed,cam1,147,1,1,0.0
annotation_observed,cam1,148,1,1,0.0
annotation_observed,cam1,149,1,1,0.0
annotation_observed,cam1,150,1,1,0.0
annotation_observed,cam1,151,1,1,0.0
annotation_observed,cam1,152,1,1,0.0
annotation_observed,cam1,153,1,1,0.0
annotation_observed,cam1,154,1,1,0.0
annotation_observed,cam1,155,1,1,0.0
annotation_observed,cam1,156,1,1,0.0
annotation_observed,cam1,157,1,1,0.0
annotation_observed,cam1,158,1,1,0.0
annotation_observed,cam1,159,1,1,0.0
annotation_observed,cam1,160,1,1,0.0
annotation_observed,cam1,161,1,1,0.0
annotation_observed,cam1,162,1,1,0.0
annotation_observed,cam1,163,1,1,0.0
annotation_observed,cam1,164,1,1,0.0
annotation_observed,cam1,165,1,1,0.0
annotation_observed,cam1,166,1,1,0.0
annotation_observed,cam1,167,1,1,0.0
annotation_observed,cam1,168,1,1,0.0
annotation_observed,cam1,169,1,1,0.0
annotation_observed,cam1,170,1,1,0.0
annotation_observed,cam1,171,1,1,0.0
annotation_observed,cam1,172,1,1,0.0
annotation_observed,cam1,173,1,1,0.0
annotation_observed,cam1,174,1,1,0.0
annotation_observed,cam1,175,1,1,0.0
annotation_observed,cam1,176,1,1,0.0
annotation_observed,cam1,177,1,1,0.0
annotation_observed,cam1,178,1,1,0.0
annotation_observed,cam1,179,1,1,0.0
annotation_observed,cam1,180,1,1,0.0
annotation_observed,cam1,181,1,1,0.0
annotation_observed,cam1,182,1,1,0.0
annotation_observed,cam1,183,1,1,0.0
annotation_observed,cam1,184,1,1,0.0
annotation_observed,cam1,185,1,1,0.0
annotation_observed,cam1,186,1,1,0.0
annotation_observed,cam1,187,1,1,0.0
annotation_observed,cam1,188,1,1,0.0
annotation_observed,cam1,189,1,1,0.0
annotation_observed,cam1,190,1,1,0.0
annotation_observed,cam1,191,1,1,0.0
annotation_observed,cam1,192,1,1,0.0
annotation_observed,cam1,193,1,1,0.0
annotation_observed,cam1,194,1,1,0.0
annotation_observed,cam1,195,1,1,0.0
annotation_observed,cam1,196,1,1,0.0
annotation_observed,cam1,197,1,1,0.0
annotation_observed,cam1,198,1,1,0.0
annotation_observed,cam1,199,1,1,0.0
annotation_observed,cam1,200,1,1,0.0
annotation_observed,cam1,201,1,1,0.0
annotation_observed,cam1,202,1,1,0.0
annotation_observed,cam1,203,1,1,0.0
annotation_observed,cam1,204,1,1,0.0
annotation_observed,cam1,205,1,1,0.0
annotation_observed,cam1,206,1,1,0.0
annotation_observed,cam1,207,1,1,0.0
annotation_observed,cam1,208,1,1,0.0
annotation_observed,cam1,209,1,1,0.0
annotation_observed,cam1,210,1,1,0.0
annotation_observed,cam1,211,1,1,0.0
annotation_observed,cam1,212,1,1,0.0
annotation_observed,cam1,213,1,1,0.0
annotation_observed,cam1,214,1,1,0.0
annotation_observed,cam1,215,1,1,0.0
annotation_observed,cam1,216,1,1,0.0
annotation_observed,cam1,217,1,1,0.0
annotation_observed,cam1,218,1,1,0.0
annotation_observed,cam1,219,1,1,0.0
annotation_observed,cam1,220,1,1,0.0
annotation_observed,cam1,221,1,1,0.0
annotation_observed,cam1,222,1,1,0.0
annotation_observed,cam1,223,1,1,0.0
annotation_observed,cam1,224,1,1,0.0
annotation_observed,cam1,225,1,1,0.0
annotation_observed,cam1,226,1,1,0.0
annotation_observed,cam1,227,1,1,0.0
annotation_observed,cam1,228,1,1,0.0
annotation_observed,cam1,229,1,1,0.0
annotation_observed,cam1,230,1,1,0.0
annotation_observed,cam1,231,1,1,0.0
annotation_observed,cam1,232,1,1,0.0
annotation_observed,cam1,233,1,1,0.0
annotation_observed,cam1,234,1,1,0.0
annotation_observed,cam1,235,1,1,0.0
annotation_observed,cam1,236,1,1,0.0
annotation_observed,cam1,237,1,1,0.0
annotation_observed,cam1,238,1,1,0.0
annotation_observed,cam1,239,1,1,0.0
annotation_observed,cam1,240,1,1,0.0
annotation_observed,cam1,241,1,1,0.0
annotation_observed,cam1,242,1,1,0.0
annotation_observed,cam1,243,1,1,0.0
annotation_observed,cam1,244,1,1,0.0
annotation_observed,cam1,245,1,1,0.0
annotation_observed,cam1,246,1,1,0.0
annotation_observed,cam1,247,1,1,0.0
annotation_observed,cam1,248,1,1,0.0
annotation_observed,cam1,249,1,1,0.0
annotation_observed,cam1,250,1,1,0.0
annotation_observed,cam1,251,1,1,0.0
annotation_observed,cam1,252,1,1,0.0
annotation_observed,cam1,253,1,1,0.0
annotation_observed,cam1,254,1,1,0.0
annotation_observed,cam1,255,1,1,0.0
annotation_observed,cam1,256,1,1,0.0
annotation_observed,cam1,257,1,1,0.0
annotation_observed,cam1,258,1,1,0.0
annotation_observed,cam1,259,1,1,0.0
annotation_observed,cam1,260,1,1,0.0
annotation_observed,cam1,261,1,1,0.0
annotation_observed,cam1,262,1,1,0.0
annotation_observed,cam1,263,1,1,0.0
annotation_observed,cam1,264,1,1,0.0
annotation_observed,cam1,265,1,1,0.0
annotation_observed,cam1,266,1,1,0.0
annotation_observed,cam1,267,1,1,0.0
annotation_observed,cam1,268,1,1,0.0
annotation_observed,cam1,269,1,1,0.0
annotation_observed,cam1,270,1,1,0.0
annotation_observed,cam1,271,1,1,0.0
annotation_observed,cam1,272,1,1,0.0
annotation_observed,cam1,273,1,1,0.0
annotation_observed,cam1,274,1,1,0.0
annotation_observed,cam1,275,1,1,0.0
annotation_observed,cam1,276,1,1,0.0
annotation_observed,cam1,277,1,1,0.0
annotation_observed,cam1,278,0,3,
annotation_observed,cam1,279,1,1,0.0
annotation_observed,cam1,280,1,1,0.0
annotation_observed,cam1,281,0,0,
annotation_observed,cam1,282,1,1,0.0
annotation_observed,cam1,283,1,1,0.0
annotation_observed,cam1,284,1,1,0.0
annotation_observed,cam1,285,1,1,0.0
annotation_observed,cam1,286,1,1,0.0
annotation_observed,cam1,287,1,1,0.0
annotation_observed,cam1,288,1,1,0.0
annotation_observed,cam1,289,1,1,0.0
annotation_observed,cam1,290,1,1,0.0
annotation_observed,cam1,291,1,1,0.0
annotation_observed,cam1,292,1,1,0.0
annotation_observed,cam1,293,1,1,0.0
annotation_observed,cam1,294,1,1,0.0
annotation_observed,cam1,295,1,1,0.0
annotation_observed,cam1,296,1,1,0.0
annotation_observed,cam1,297,1,1,0.0
annotation_observed,cam1,298,1,1,0.0
annotation_observed,cam1,299,1,1,0.0
annotation_observed,cam1,300,1,1,0.0
annotation_observed,cam1,301,1,1,0.0
annotation_observed,cam1,302,1,1,0.0
annotation_observed,cam1,303,1,1,0.0
annotation_observed,cam1,304,1,1,0.0
annotation_observed,cam1,305,1,1,0.0
annotation_observed,cam1,306,1,1,0.0
annotation_observed,cam1,307,1,1,0.0
annotation_observed,cam1,308,1,1,0.0
annotation_observed,cam1,309,1,1,0.0
annotation_observed,cam1,310,1,1,0.0
annotation_observed,cam1,311,1,1,0.0
annotation_observed,cam1,312,1,1,0.0
annotation_observed,cam1,313,1,1,0.0
annotation_observed,cam1,314,1,1,0.0
annotation_observed,cam1,315,1,1,0.0
annotation_observed,cam1,316,1,1,0.0
annotation_observed,cam1,317,1,1,0.0
annotation_observed,cam1,318,1,1,0.0
annotation_observed,cam1,319,1,1,0.0
annotation_observed,cam1,320,1,1,0.0
annotation_observed,cam1,321,1,1,0.0
annotation_observed,cam1,322,1,1,0.0
annotation_observed,cam1,323,1,1,0.0
annotation_observed,cam1,324,1,1,0.0
annotation_observed,cam1,325,1,1,0.0
annotation_observed,cam1,326,1,1,0.0
annotation_observed,cam1,327,1,1,0.0
annotation_observed,cam1,328,1,1,0.0
annotation_observed,cam1,329,1,1,0.0
annotation_observed,cam1,330,1,1,0.0
annotation_observed,cam1,331,1,1,0.0
annotation_observed,cam1,332,1,1,0.0
annotation_observed,cam1,333,1,1,0.0
annotation_observed,cam1,334,1,1,0.0
annotation_observed,cam1,335,1,1,0.0
annotation_observed,cam1,336,1,1,0.0
annotation_observed,cam1,337,1,1,0.0
annotation_observed,cam1,338,1,1,0.0
annotation_observed,cam1,339,1,1,0.0
annotation_observed,cam1,340,1,1,0.0
annotation_observed,cam1,341,1,1,0.0
annotation_observed,cam1,342,1,1,0.0
annotation_observed,cam1,343,1,1,0.0
annotation_observed,cam1,344,1,1,0.0
annotation_observed,cam1,345,1,1,0.0
annotation_observed,cam1,346,1,1,0.0
annotation_observed,cam1,347,1,1,0.0
annotation_observed,cam1,348,1,1,0.0
annotation_observed,cam1,349,1,1,0.0
annotation_observed,cam1,350,1,1,0.0
annotation_observed,cam1,351,1,1,0.0
annotation_observed,cam1,352,1,1,0.0
annotation_observed,cam1,353,1,1,0.0
annotation_observed,cam1,354,1,1,0.0
annotation_observed,cam1,355,1,1,0.0
annotation_observed,cam1,356,1,1,0.0
annotation_observed,cam1,357,1,1,0.0
annotation_observed,cam1,358,1,1,0.0
annotation_observed,cam1,359,1,1,0.0
annotation_observed,cam1,360,1,1,0.0
annotation_observed,cam1,361,1,1,0.0
annotation_observed,cam1,362,1,1,0.0
annotation_observed,cam1,363,1,1,0.0
annotation_observed,cam1,364,1,1,0.0
annotation_observed,cam1,365,1,1,0.0
annotation_observed,cam1,366,1,1,0.0
annotation_observed,cam1,367,1,1,0.0
annotation_observed,cam1,368,1,1,0.0
annotation_observed,cam1,369,1,1,0.0
annotation_observed,cam1,370,1,1,0.0
annotation_observed,cam1,371,1,1,0.0
annotation_observed,cam1,372,1,1,0.0
annotation_observed,cam1,373,1,1,0.0
annotation_observed,cam1,374,1,1,0.0
annotation_observed,cam1,375,1,1,0.0
annotation_observed,cam1,376,1,1,0.0
annotation_observed,cam1,377,1,1,0.0
annotation_observed,cam1,378,1,1,0.0
annotation_observed,cam1,379,1,1,0.0
annotation_observed,cam1,380,1,1,0.0
annotation_observed,cam1,381,1,1,0.0
annotation_observed,cam1,382,1,1,0.0
annotation_observed,cam1,383,1,1,0.0
annotation_observed,cam1,384,1,1,0.0
annotation_observed,cam1,385,1,1,0.0
annotation_observed,cam1,386,1,1,0.0
annotation_observed,cam1,387,1,1,0.0
annotation_observed,cam1,388,1,1,0.0
annotation_observed,cam1,389,1,1,0.0
annotation_observed,cam1,390,1,1,0.0
annotation_observed,cam1,391,1,1,0.0
annotation_observed,cam1,392,1,1,0.0
annotation_observed,cam1,393,1,1,0.0
annotation_observed,cam1,394,1,1,0.0
annotation_observed,cam1,395,1,1,0.0
annotation_observed,cam1,396,1,1,0.0
annotation_observed,cam1,397,1,1,0.0
annotation_observed,cam1,398,1,1,0.0
annotation_observed,cam1,399,1,1,0.0
annotation_observed,cam1,400,1,1,0.0
annotation_observed,cam1,401,1,1,0.0
annotation_observed,cam1,402,1,1,0.0
annotation_observed,cam1,403,1,1,0.0
annotation_observed,cam1,404,1,1,0.0
annotation_observed,cam1,405,1,1,0.0
annotation_observed,cam1,406,1,1,0.0
annotation_observed,cam1,407,1,1,0.0
annotation_observed,cam1,408,1,1,0.0
annotation_observed,cam1,409,1,1,0.0
annotation_observed,cam1,410,1,1,0.0
annotation_observed,cam1,411,1,1,0.0
annotation_observed,cam1,412,1,1,0.0
annotation_observed,cam1,413,1,1,0.0
annotation_observed,cam1,414,1,1,0.0
annotation_observed,cam1,415,1,1,0.0
annotation_observed,cam1,416,1,1,0.0
annotation_observed,cam1,417,1,1,0.0
annotation_observed,cam1,418,1,1,0.0
annotation_observed,cam1,419,1,1,0.0
annotation_observed,cam1,420,1,1,0.0
annotation_observed,cam1,421,1,1,0.0
annotation_observed,cam1,422,1,1,0.0
annotation_observed,cam1,423,1,1,0.0
annotation_observed,cam1,424,1,1,0.0
annotation_observed,cam1,425,1,1,0.0
annotation_observed,cam1,426,1,1,0.0
annotation_observed,cam1,427,1,1,0.0
annotation_observed,cam1,428,1,1,0.0
annotation_observed,cam1,429,1,1,0.0
annotation_observed,cam1,430,1,1,0.0
annotation_observed,cam1,431,1,1,0.0
annotation_observed,cam1,432,1,1,0.0
annotation_observed,cam1,433,1,1,0.0
annotation_observed,cam1,434,1,1,0.0
annotation_observed,cam1,435,1,1,0.0
annotation_observed,cam1,436,1,1,0.0
annotation_observed,cam1,437,1,1,0.0
annotation_observed,cam1,438,1,1,0.0
annotation_observed,cam1,439,1,1,0.0
annotation_observed,cam1,440,1,1,0.0
annotation_observed,cam1,441,1,1,0.0
annotation_observed,cam1,442,1,1,0.0
annotation_observed,cam1,443,1,1,0.0
annotation_observed,cam1,444,1,1,0.0
annotation_observed,cam1,445,1,1,0.0
annotation_observed,cam1,446,1,1,0.0
annotation_observed,cam1,447,1,1,0.0
annotation_observed,cam1,448,1,1,0.0
annotation_observed,cam1,449,1,1,0.0
annotation_observed,cam1,450,1,1,0.0
annotation_observed,cam1,451,1,1,0.0
annotation_observed,cam1,452,1,1,0.0
annotation_observed,cam1,453,1,1,0.0
annotation_observed,cam1,454,1,1,0.0
annotation_observed,cam1,455,1,1,0.0
annotation_observed,cam1,456,1,1,0.0
annotation_observed,cam1,457,1,1,0.0
annotation_observed,cam1,458,1,1,0.0
annotation_observed,cam1,459,1,1,0.0
annotation_observed,cam1,460,1,1,0.0
annotation_observed,cam1,461,1,1,0.0
annotation_observed,cam1,462,1,1,0.0
annotation_observed,cam1,463,1,1,0.0
annotation_observed,cam1,464,1,1,0.0
annotation_observed,cam1,465,1,1,0.0
annotation_observed,cam1,466,1,1,0.0
annotation_observed,cam1,467,1,1,0.0
annotation_observed,cam1,468,1,1,0.0
annotation_observed,cam1,469,1,1,0.0
annotation_observed,cam1,470,1,1,0.0
annotation_observed,cam1,471,1,1,0.0
annotation_observed,cam1,472,1,1,0.0
annotation_observed,cam1,473,1,1,0.0
annotation_observed,cam1,474,1,1,0.0
annotation_observed,cam1,475,1,1,0.0
annotation_observed,cam1,476,1,1,0.0
annotation_observed,cam1,477,1,1,0.0
annotation_observed,cam1,478,1,1,0.0
annotation_observed,cam1,479,1,1,0.0
annotation_observed,cam1,480,1,1,0.0
annotation_observed,cam1,481,1,1,0.0
annotation_observed,cam1,482,1,1,0.0
annotation_observed,cam1,483,1,1,0.0
annotation_observed,cam1,484,1,1,0.0
annotation_observed,cam1,485,1,1,0.0
annotation_observed,cam1,486,1,1,0.0
annotation_observed,cam1,487,1,1,0.0
annotation_observed,cam1,488,1,1,0.0
annotation_observed,cam1,489,1,1,0.0
annotation_observed,cam1,490,1,1,0.0
annotation_observed,cam1,491,1,1,0.0
annotation_observed,cam1,492,1,1,0.0
annotation_observed,cam1,493,1,1,0.0
annotation_observed,cam1,494,1,1,0.0
annotation_observed,cam1,495,1,1,0.0
annotation_observed,cam1,496,1,1,0.0
annotation_observed,cam1,497,1,1,0.0
annotation_observed,cam1,498,1,1,0.0
annotation_observed,cam1,499,1,1,0.0
annotation_observed,cam1,500,1,1,0.0
annotation_observed,cam1,501,1,1,0.0
annotation_observed,cam1,502,1,1,0.0
annotation_observed,cam1,503,1,1,0.0
annotation_observed,cam1,504,1,1,0.0
annotation_observed,cam1,505,1,1,0.0
annotation_observed,cam1,506,1,1,0.0
annotation_observed,cam1,507,1,1,0.0
annotation_observed,cam1,508,1,1,0.0
annotation_observed,cam1,509,1,1,0.0
annotation_observed,cam1,510,1,1,0.0
annotation_observed,cam1,511,1,1,0.0
annotation_observed,cam1,512,1,1,0.0
annotation_observed,cam1,513,1,1,0.0
annotation_observed,cam1,514,1,1,0.0
annotation_observed,cam1,515,1,1,0.0
annotation_observed,cam1,516,1,1,0.0
annotation_observed,cam1,517,1,1,0.0
annotation_observed,cam1,518,1,1,0.0
annotation_observed,cam1,519,1,1,0.0
annotation_observed,cam1,520,1,1,0.0
annotation_observed,cam1,521,1,1,0.0
annotation_observed,cam1,522,1,1,0.0
annotation_observed,cam1,523,1,1,0.0
annotation_observed,cam1,524,1,1,0.0
annotation_observed,cam1,525,1,1,0.0
annotation_observed,cam1,526,1,1,0.0
annotation_observed,cam1,527,1,1,0.0
annotation_observed,cam1,528,1,1,0.0
annotation_observed,cam1,529,1,1,0.0
annotation_observed,cam1,530,1,1,0.0
annotation_observed,cam1,531,1,1,0.0
annotation_observed,cam1,532,1,1,0.0
annotation_observed,cam1,533,1,1,0.0
annotation_observed,cam1,534,1,1,0.0
annotation_observed,cam1,535,0,2,
annotation_observed,cam1,536,1,1,0.0
annotation_observed,cam1,537,1,1,0.0
annotation_observed,cam1,538,1,1,0.0
annotation_observed,cam1,539,1,1,0.0
annotation_observed,cam1,540,1,1,0.0
annotation_observed,cam1,541,1,1,0.0
annotation_observed,cam1,542,1,1,0.0
annotation_observed,cam1,543,1,1,0.0
annotation_observed,cam1,544,1,1,0.0
annotation_observed,cam1,545,1,1,0.0
annotation_observed,cam1,546,1,1,0.0
annotation_observed,cam1,547,1,1,0.0
annotation_observed,cam1,548,1,1,0.0
annotation_observed,cam1,549,1,1,0.0
annotation_observed,cam1,550,1,1,0.0
annotation_observed,cam1,551,1,1,0.0
annotation_observed,cam1,552,1,1,0.0
annotation_observed,cam1,553,1,1,0.0
annotation_observed,cam1,554,1,1,0.0
annotation_observed,cam1,555,1,1,0.0
annotation_observed,cam1,556,1,1,0.0
annotation_observed,cam1,557,1,1,0.0
annotation_observed,cam1,558,1,1,0.0
annotation_observed,cam1,559,1,1,0.0
annotation_observed,cam1,560,1,1,0.0
annotation_observed,cam1,561,1,1,0.0
annotation_observed,cam1,562,1,1,0.0
annotation_observed,cam1,563,1,1,0.0
annotation_observed,cam1,564,1,1,0.0
annotation_observed,cam1,565,1,1,0.0
annotation_observed,cam1,566,1,1,0.0
annotation_observed,cam1,567,1,1,0.0
annotation_observed,cam1,568,1,1,0.0
annotation_observed,cam1,569,1,1,0.0
annotation_observed,cam1,570,1,1,0.0
annotation_observed,cam1,571,1,1,0.0
annotation_observed,cam1,572,1,1,0.0
annotation_observed,cam1,573,1,1,0.0
annotation_observed,cam1,574,1,1,0.0
annotation_observed,cam1,575,1,1,0.0
annotation_observed,cam1,576,1,1,0.0
annotation_observed,cam1,577,1,1,0.0
annotation_observed,cam1,578,1,1,0.0
annotation_observed,cam1,579,1,1,0.0
annotation_observed,cam1,580,1,1,0.0
annotation_observed,cam1,581,1,1,0.0
annotation_observed,cam1,582,1,1,0.0
annotation_observed,cam1,583,1,1,0.0
annotation_observed,cam1,584,1,1,0.0
annotation_observed,cam1,585,1,1,0.0
annotation_observed,cam1,586,1,1,0.0
annotation_observed,cam1,587,1,1,0.0
annotation_observed,cam1,588,1,1,0.0
annotation_observed,cam1,589,1,1,0.0
annotation_observed,cam1,590,1,1,0.0
annotation_observed,cam1,591,1,1,0.0
annotation_observed,cam1,592,1,1,0.0
annotation_observed,cam1,593,1,1,0.0
annotation_observed,cam1,594,1,1,0.0
annotation_observed,cam1,595,1,1,0.0
annotation_observed,cam1,596,1,1,0.0
annotation_observed,cam1,597,1,1,0.0
annotation_observed,cam1,598,1,1,0.0
annotation_observed,cam1,599,1,1,0.0
annotation_observed,cam1,600,1,1,0.0
annotation_observed,cam1,601,1,1,0.0
annotation_observed,cam1,602,1,1,0.0
annotation_observed,cam1,603,1,1,0.0
annotation_observed,cam1,604,1,1,0.0
annotation_observed,cam1,605,1,1,0.0
annotation_observed,cam1,606,1,1,0.0
annotation_observed,cam1,607,1,1,0.0
annotation_observed,cam1,608,1,1,0.0
annotation_observed,cam1,609,1,1,0.0
annotation_observed,cam1,610,1,1,0.0
annotation_observed,cam1,611,1,1,0.0
annotation_observed,cam1,612,1,1,0.0
annotation_observed,cam1,613,1,1,0.0
annotation_observed,cam1,614,1,1,0.0
annotation_observed,cam1,615,1,1,0.0
annotation_observed,cam1,616,1,1,0.0
annotation_observed,cam1,617,0,3,
annotation_observed,cam1,618,0,3,
annotation_observed,cam1,619,1,1,0.0
annotation_observed,cam1,620,1,1,0.0
annotation_observed,cam1,621,1,1,0.0
annotation_observed,cam1,622,1,1,0.0
annotation_observed,cam1,623,1,1,0.0
annotation_observed,cam1,624,1,1,0.0
annotation_observed,cam1,625,1,1,0.0
annotation_observed,cam1,626,1,1,0.0
annotation_observed,cam1,627,1,1,0.0
annotation_observed,cam1,628,1,1,0.0
annotation_observed,cam1,629,1,1,0.0
annotation_observed,cam1,630,1,1,0.0
annotation_observed,cam1,631,1,1,0.0
annotation_observed,cam1,632,1,1,0.0
annotation_observed,cam1,633,1,1,0.0
annotation_observed,cam1,634,1,1,0.0
annotation_observed,cam1,635,1,1,0.0
annotation_observed,cam1,636,1,1,0.0
annotation_observed,cam1,637,1,1,0.0
annotation_observed,cam1,638,1,1,0.0
annotation_observed,cam1,639,1,1,0.0
annotation_observed,cam1,640,1,1,0.0
annotation_observed,cam1,641,1,1,0.0
annotation_observed,cam1,642,1,1,0.0
annotation_observed,cam1,643,1,1,0.0
annotation_observed,cam1,644,1,1,0.0
annotation_observed,cam1,645,1,1,0.0
annotation_observed,cam1,646,1,1,0.0
annotation_observed,cam1,647,1,1,0.0
annotation_observed,cam1,648,1,1,0.0
annotation_observed,cam1,649,1,1,0.0
annotation_observed,cam1,650,1,1,0.0
annotation_observed,cam1,651,1,1,0.0
annotation_observed,cam1,652,1,1,0.0
annotation_observed,cam1,653,1,1,0.0
annotation_observed,cam1,654,1,1,0.0
annotation_observed,cam1,655,1,1,0.0
annotation_observed,cam1,656,1,1,0.0
annotation_observed,cam1,657,1,1,0.0
annotation_observed,cam1,658,1,1,0.0
annotation_observed,cam1,659,1,1,0.0
annotation_observed,cam1,660,1,1,0.0
annotation_observed,cam1,661,1,1,0.0
annotation_observed,cam1,662,1,1,0.0
annotation_observed,cam1,663,1,1,0.0
annotation_observed,cam1,664,1,1,0.0
annotation_observed,cam1,665,1,1,0.0
annotation_observed,cam1,666,1,1,0.0
annotation_observed,cam1,667,1,1,0.0
annotation_observed,cam1,668,1,1,0.0
annotation_observed,cam1,669,1,1,0.0
annotation_observed,cam1,670,1,1,0.0
annotation_observed,cam1,671,1,1,0.0
annotation_observed,cam1,672,1,1,0.0
annotation_observed,cam1,673,1,1,0.0
annotation_observed,cam1,674,1,1,0.0
annotation_observed,cam1,675,1,1,0.0
annotation_observed,cam1,676,1,1,0.0
annotation_observed,cam1,677,1,1,0.0
annotation_observed,cam1,678,1,1,0.0
annotation_observed,cam1,679,1,1,0.0
annotation_observed,cam1,680,1,1,0.0
annotation_observed,cam1,681,1,1,0.0
annotation_observed,cam1,682,1,1,0.0
annotation_observed,cam1,683,1,1,0.0
annotation_observed,cam1,684,1,1,0.0
annotation_observed,cam1,685,1,1,0.0
annotation_observed,cam1,686,1,1,0.0
annotation_observed,cam1,687,1,1,0.0
annotation_observed,cam1,688,1,1,0.0
annotation_observed,cam1,689,1,1,0.0
annotation_observed,cam1,690,1,1,0.0
annotation_observed,cam1,691,1,1,0.0
annotation_observed,cam1,692,1,1,0.0
annotation_observed,cam1,693,1,1,0.0
annotation_observed,cam1,694,1,1,0.0
annotation_observed,cam1,695,1,1,0.0
annotation_observed,cam1,696,1,1,0.0
annotation_observed,cam1,697,1,1,0.0
annotation_observed,cam1,698,1,1,0.0
annotation_observed,cam1,699,1,1,0.0
annotation_observed,cam1,700,1,1,0.0
annotation_observed,cam1,701,1,1,0.0
annotation_observed,cam1,702,1,1,0.0
annotation_observed,cam1,703,1,1,0.0
annotation_observed,cam1,704,1,1,0.0
annotation_observed,cam1,705,1,1,0.0
annotation_observed,cam1,706,1,1,0.0
annotation_observed,cam1,707,1,1,0.0
annotation_observed,cam1,708,1,1,0.0
annotation_observed,cam1,709,1,1,0.0
annotation_observed,cam1,710,1,1,0.0
annotation_observed,cam1,711,1,1,0.0
annotation_observed,cam1,712,1,1,0.0
annotation_observed,cam1,713,1,1,0.0
annotation_observed,cam1,714,1,1,0.0
annotation_observed,cam1,715,1,1,0.0
annotation_observed,cam1,716,1,1,0.0
annotation_observed,cam1,717,1,1,0.0
annotation_observed,cam1,718,1,1,0.0
annotation_observed,cam1,719,0,0,
annotation_observed,cam1,720,1,1,0.0
annotation_observed,cam1,721,1,1,0.0
annotation_observed,cam1,722,1,1,0.0
annotation_observed,cam1,723,1,1,0.0
annotation_observed,cam1,724,1,1,0.0
annotation_observed,cam1,725,1,1,0.0
annotation_observed,cam1,726,1,1,0.0
annotation_observed,cam1,727,1,1,0.0
annotation_observed,cam1,728,1,1,0.0
annotation_observed,cam1,729,1,1,0.0
annotation_observed,cam1,730,1,1,0.0
annotation_observed,cam1,731,1,1,0.0
annotation_observed,cam1,732,1,1,0.0
annotation_observed,cam1,733,1,1,0.0
annotation_observed,cam1,734,1,1,0.0
annotation_observed,cam1,735,1,1,0.0
annotation_observed,cam1,736,1,1,0.0
annotation_observed,cam1,737,1,1,0.0
annotation_observed,cam1,738,1,1,0.0
annotation_observed,cam1,739,1,1,0.0
annotation_observed,cam1,740,1,1,0.0
annotation_observed,cam1,741,1,1,0.0
annotation_observed,cam1,742,1,1,0.0
annotation_observed,cam1,743,1,1,0.0
annotation_observed,cam1,744,1,1,0.0
annotation_observed,cam1,745,1,1,0.0
annotation_observed,cam1,746,1,1,0.0
annotation_observed,cam1,747,1,1,0.0
annotation_observed,cam1,748,1,1,0.0
annotation_observed,cam1,749,1,1,0.0
annotation_observed,cam1,750,0,2,
annotation_observed,cam1,751,1,1,0.0
annotation_observed,cam1,752,1,1,0.0
annotation_observed,cam1,753,1,1,0.0
annotation_observed,cam1,754,1,1,0.0
annotation_observed,cam1,755,1,1,0.0
annotation_observed,cam1,756,0,0,
annotation_observed,cam1,757,0,0,
annotation_observed,cam1,758,0,0,
annotation_observed,cam1,759,0,0,
annotation_observed,cam1,760,0,0,
annotation_observed,cam1,761,0,0,
annotation_observed,cam1,762,0,0,
annotation_observed,cam1,763,0,0,
annotation_observed,cam1,764,0,0,
annotation_observed,cam1,765,0,0,
annotation_observed,cam1,766,0,0,
annotation_observed,cam1,767,1,1,0.0
annotation_observed,cam1,768,1,1,0.0
annotation_observed,cam1,769,1,1,0.0
annotation_observed,cam1,770,1,1,0.0
annotation_observed,cam1,771,1,1,0.0
annotation_observed,cam1,772,1,1,0.0
annotation_observed,cam1,773,1,1,0.0
annotation_observed,cam1,774,1,1,0.0
annotation_observed,cam1,775,1,1,0.0
annotation_observed,cam1,776,1,1,0.0
annotation_observed,cam1,777,1,1,0.0
annotation_observed,cam1,778,1,1,0.0
annotation_observed,cam1,779,1,1,0.0
annotation_observed,cam1,780,1,1,0.0
annotation_observed,cam1,781,1,1,0.0
annotation_observed,cam1,782,1,1,0.0
annotation_observed,cam1,783,1,1,0.0
annotation_observed,cam1,784,1,1,0.0
annotation_observed,cam1,785,1,1,0.0
annotation_observed,cam1,786,1,1,0.0
annotation_observed,cam1,787,1,1,0.0
annotation_observed,cam1,788,1,1,0.0
annotation_observed,cam1,789,1,1,0.0
annotation_observed,cam1,790,1,1,0.0
annotation_observed,cam1,791,1,1,0.0
annotation_observed,cam1,792,1,1,0.0
annotation_observed,cam1,793,1,1,0.0
annotation_observed,cam1,794,1,1,0.0
annotation_observed,cam1,795,1,1,0.0
annotation_observed,cam1,796,0,2,
annotation_observed,cam1,797,0,2,
annotation_observed,cam1,798,1,1,0.0
annotation_observed,cam1,799,1,1,0.0
annotation_observed,cam1,800,1,1,0.0
annotation_observed,cam1,801,1,1,0.0
annotation_observed,cam1,802,1,1,0.0
annotation_observed,cam1,803,1,1,0.0
annotation_observed,cam1,804,1,1,0.0
annotation_observed,cam1,805,1,1,0.0
annotation_observed,cam1,806,1,1,0.0
annotation_observed,cam1,807,1,1,0.0
annotation_observed,cam1,808,1,1,0.0
annotation_observed,cam1,809,1,1,0.0
annotation_observed,cam1,810,1,1,0.0
annotation_observed,cam1,811,1,1,0.0
annotation_observed,cam1,812,1,1,0.0
annotation_observed,cam1,813,1,1,0.0
annotation_observed,cam1,814,1,1,0.0
annotation_observed,cam1,815,1,1,0.0
annotation_observed,cam1,816,1,1,0.0
annotation_observed,cam1,817,1,1,0.0
annotation_observed,cam1,818,1,1,0.0
annotation_observed,cam1,819,1,1,0.0
annotation_observed,cam1,820,1,1,0.0
annotation_observed,cam1,821,1,1,0.0
annotation_observed,cam1,822,1,1,0.0
annotation_observed,cam1,823,1,1,0.0
annotation_observed,cam1,824,1,1,0.0
annotation_observed,cam1,825,1,1,0.0
annotation_observed,cam1,826,1,1,0.0
annotation_observed,cam1,827,1,1,0.0
annotation_observed,cam1,828,1,1,0.0
annotation_observed,cam1,829,1,1,0.0
annotation_observed,cam1,830,1,1,0.0
annotation_observed,cam1,831,1,1,0.0
annotation_observed,cam1,832,1,1,0.0
annotation_observed,cam1,833,1,1,0.0
annotation_observed,cam1,834,1,1,0.0
annotation_observed,cam1,835,1,1,0.0
annotation_observed,cam1,836,1,1,0.0
annotation_observed,cam1,837,1,1,0.0
annotation_observed,cam1,838,1,1,0.0
annotation_observed,cam1,839,1,1,0.0
annotation_observed,cam1,840,1,1,0.0
annotation_observed,cam1,841,1,1,0.0
annotation_observed,cam1,842,1,1,0.0
annotation_observed,cam1,843,1,1,0.0
annotation_observed,cam1,844,1,1,0.0
annotation_observed,cam1,845,1,1,0.0
annotation_observed,cam1,846,1,1,0.0
annotation_observed,cam1,847,1,1,0.0
annotation_observed,cam1,848,1,1,0.0
annotation_observed,cam1,849,1,1,0.0
annotation_observed,cam1,850,1,1,0.0
annotation_observed,cam1,851,1,1,0.0
annotation_observed,cam1,852,1,1,0.0
annotation_observed,cam1,853,1,1,0.0
annotation_observed,cam1,854,1,1,0.0
annotation_observed,cam1,855,1,1,0.0
annotation_observed,cam1,856,1,1,0.0
annotation_observed,cam1,857,1,1,0.0
annotation_observed,cam1,858,1,1,0.0
annotation_observed,cam1,859,1,1,0.0
annotation_observed,cam1,860,1,1,0.0
annotation_observed,cam1,861,1,1,0.0
annotation_observed,cam1,862,1,1,0.0
annotation_observed,cam1,863,1,1,0.0
annotation_observed,cam1,864,1,1,0.0
annotation_observed,cam1,865,1,1,0.0
annotation_observed,cam1,866,1,1,0.0
annotation_observed,cam1,867,1,1,0.0
annotation_observed,cam1,868,1,1,0.0
annotation_observed,cam1,869,1,1,0.0
annotation_observed,cam1,870,1,1,0.0
annotation_observed,cam1,871,1,1,0.0
annotation_observed,cam1,872,1,1,0.0
annotation_observed,cam1,873,1,1,0.0
annotation_observed,cam1,874,1,1,0.0
annotation_observed,cam1,875,1,1,0.0
annotation_observed,cam1,876,1,1,0.0
annotation_observed,cam1,877,1,1,0.0
annotation_observed,cam1,878,1,1,0.0
annotation_observed,cam1,879,1,1,0.0
annotation_observed,cam1,880,1,1,0.0
annotation_observed,cam1,881,1,1,0.0
annotation_observed,cam1,882,1,1,0.0
annotation_observed,cam1,883,1,1,0.0
annotation_observed,cam1,884,1,1,0.0
annotation_observed,cam1,885,1,1,0.0
annotation_observed,cam1,886,1,1,0.0
annotation_observed,cam1,887,1,1,0.0
annotation_observed,cam1,888,1,1,0.0
annotation_observed,cam1,889,1,1,0.0
annotation_observed,cam1,890,1,1,0.0
annotation_observed,cam1,891,1,1,0.0
annotation_observed,cam1,892,1,1,0.0
annotation_observed,cam1,893,1,1,0.0
annotation_observed,cam1,894,1,1,0.0
annotation_observed,cam1,895,1,1,0.0
annotation_observed,cam1,896,1,1,0.0
annotation_observed,cam1,897,1,1,0.0
annotation_observed,cam1,898,1,1,0.0
annotation_observed,cam1,899,1,1,0.0
annotation_observed,cam1,900,1,1,0.0
annotation_observed,cam1,901,1,1,0.0
annotation_observed,cam1,902,1,1,0.0
annotation_observed,cam1,903,1,1,0.0
annotation_observed,cam1,904,1,1,0.0
annotation_observed,cam1,905,1,1,0.0
annotation_observed,cam1,906,1,1,0.0
annotation_observed,cam1,907,1,1,0.0
annotation_observed,cam1,908,1,1,0.0
annotation_observed,cam1,909,1,1,0.0
annotation_observed,cam1,910,1,1,0.0
annotation_observed,cam1,911,1,1,0.0
annotation_observed,cam1,912,1,1,0.0
annotation_observed,cam1,913,1,1,0.0
annotation_observed,cam1,914,1,1,0.0
annotation_observed,cam1,915,1,1,0.0
annotation_observed,cam1,916,1,1,0.0
annotation_observed,cam1,917,1,1,0.0
annotation_observed,cam1,918,1,1,0.0
annotation_observed,cam1,919,1,1,0.0
annotation_observed,cam1,920,1,1,0.0
annotation_observed,cam1,921,1,1,0.0
annotation_observed,cam1,922,1,1,0.0
annotation_observed,cam1,923,1,1,0.0
annotation_observed,cam1,924,1,1,0.0
annotation_observed,cam1,925,1,1,0.0
annotation_observed,cam1,926,1,1,0.0
annotation_observed,cam1,927,1,1,0.0
annotation_observed,cam1,928,1,1,0.0
annotation_observed,cam1,929,1,1,0.0
annotation_observed,cam1,930,1,1,0.0
annotation_observed,cam1,931,1,1,0.0
annotation_observed,cam1,932,1,1,0.0
annotation_observed,cam1,933,1,1,0.0
annotation_observed,cam1,934,1,1,0.0
annotation_observed,cam1,935,1,1,0.0
annotation_observed,cam1,936,1,1,0.0
annotation_observed,cam1,937,1,1,0.0
annotation_observed,cam1,938,1,1,0.0
annotation_observed,cam1,939,1,1,0.0
annotation_observed,cam1,940,1,1,0.0
annotation_observed,cam1,941,1,1,0.0
annotation_observed,cam1,942,1,1,0.0
annotation_observed,cam1,943,1,1,0.0
annotation_observed,cam1,944,1,1,0.0
annotation_observed,cam1,945,1,1,0.0
annotation_observed,cam1,946,1,1,0.0
annotation_observed,cam1,947,1,1,0.0
annotation_observed,cam1,948,1,1,0.0
annotation_observed,cam1,949,1,1,0.0
annotation_observed,cam1,950,1,1,0.0
annotation_observed,cam1,951,1,1,0.0
annotation_observed,cam1,952,1,1,0.0
annotation_observed,cam1,953,1,1,0.0
annotation_observed,cam1,954,1,1,0.0
annotation_observed,cam1,955,1,1,0.0
annotation_observed,cam1,956,1,1,0.0
annotation_observed,cam1,957,1,1,0.0
annotation_observed,cam1,958,1,1,0.0
annotation_observed,cam1,959,1,1,0.0
annotation_observed,cam1,960,1,1,0.0
annotation_observed,cam1,961,1,1,0.0
annotation_observed,cam1,962,1,1,0.0
annotation_observed,cam1,963,1,1,0.0
annotation_observed,cam1,964,1,1,0.0
annotation_observed,cam1,965,1,1,0.0
annotation_observed,cam1,966,1,1,0.0
annotation_observed,cam1,967,1,1,0.0
annotation_observed,cam1,968,1,1,0.0
annotation_observed,cam1,969,1,1,0.0
annotation_observed,cam1,970,1,1,0.0
annotation_observed,cam1,971,1,1,0.0
annotation_observed,cam1,972,1,1,0.0
annotation_observed,cam1,973,1,1,0.0
annotation_observed,cam1,974,1,1,0.0
annotation_observed,cam1,975,1,1,0.0
annotation_observed,cam1,976,1,1,0.0
annotation_observed,cam1,977,1,1,0.0
annotation_observed,cam1,978,1,1,0.0
annotation_observed,cam1,979,1,1,0.0
annotation_observed,cam1,980,1,1,0.0
annotation_observed,cam1,981,1,1,0.0
annotation_observed,cam1,982,1,1,0.0
annotation_observed,cam1,983,1,1,0.0
annotation_observed,cam1,984,1,1,0.0
annotation_observed,cam1,985,1,1,0.0
annotation_observed,cam1,986,1,1,0.0
annotation_observed,cam1,987,1,1,0.0
annotation_observed,cam1,988,1,1,0.0
annotation_observed,cam1,989,1,1,0.0
annotation_observed,cam1,990,1,1,0.0
annotation_observed,cam1,991,1,1,0.0
annotation_observed,cam1,992,1,1,0.0
annotation_observed,cam1,993,1,1,0.0
annotation_observed,cam1,994,1,1,0.0
annotation_observed,cam1,995,1,1,0.0
annotation_observed,cam1,996,1,1,0.0
annotation_observed,cam1,997,1,1,0.0
annotation_observed,cam1,998,1,1,0.0
annotation_observed,cam1,999,1,1,0.0
annotation_observed,cam1,1000,1,1,0.0
annotation_observed,cam1,1001,1,1,0.0
annotation_observed,cam1,1002,1,1,0.0
annotation_observed,cam1,1003,1,1,0.0
annotation_observed,cam1,1004,1,1,0.0
annotation_observed,cam1,1005,1,1,0.0
annotation_observed,cam1,1006,1,1,0.0
annotation_observed,cam1,1007,0,0,
annotation_observed,cam1,1008,0,0,
annotation_observed,cam1,1009,0,0,
annotation_observed,cam2,0,1,1,0.0
annotation_observed,cam2,1,1,1,0.0
annotation_observed,cam2,2,0,0,
annotation_observed,cam2,3,1,1,0.0
annotation_observed,cam2,4,1,1,0.0
annotation_observed,cam2,5,1,1,0.0
annotation_observed,cam2,6,1,1,0.0
annotation_observed,cam2,7,1,1,0.0
annotation_observed,cam2,8,1,1,0.0
annotation_observed,cam2,9,1,1,0.0
annotation_observed,cam2,10,1,1,0.0
annotation_observed,cam2,11,1,1,0.0
annotation_observed,cam2,12,1,1,0.0
annotation_observed,cam2,13,1,1,0.0
annotation_observed,cam2,14,1,1,0.0
annotation_observed,cam2,15,1,1,0.0
annotation_observed,cam2,16,1,1,0.0
annotation_observed,cam2,17,1,1,0.0
annotation_observed,cam2,18,1,1,0.0
annotation_observed,cam2,19,1,1,0.0
annotation_observed,cam2,20,1,1,0.0
annotation_observed,cam2,21,1,1,0.0
annotation_observed,cam2,22,1,1,0.0
annotation_observed,cam2,23,1,1,0.0
annotation_observed,cam2,24,1,1,0.0
annotation_observed,cam2,25,1,1,0.0
annotation_observed,cam2,26,1,1,0.0
annotation_observed,cam2,27,1,1,0.0
annotation_observed,cam2,28,1,1,0.0
annotation_observed,cam2,29,1,1,0.0
annotation_observed,cam2,30,1,1,0.0
annotation_observed,cam2,31,1,1,0.0
annotation_observed,cam2,32,1,1,0.0
annotation_observed,cam2,33,1,1,0.0
annotation_observed,cam2,34,1,1,0.0
annotation_observed,cam2,35,1,1,0.0
annotation_observed,cam2,36,1,1,0.0
annotation_observed,cam2,37,1,1,0.0
annotation_observed,cam2,38,1,1,0.0
annotation_observed,cam2,39,1,1,0.0
annotation_observed,cam2,40,1,1,0.0
annotation_observed,cam2,41,1,1,0.0
annotation_observed,cam2,42,1,1,0.0
annotation_observed,cam2,43,1,1,0.0
annotation_observed,cam2,44,1,1,0.0
annotation_observed,cam2,45,1,1,0.0
annotation_observed,cam2,46,1,1,0.0
annotation_observed,cam2,47,1,1,0.0
annotation_observed,cam2,48,1,1,0.0
annotation_observed,cam2,49,1,1,0.0
annotation_observed,cam2,50,1,1,0.0
annotation_observed,cam2,51,1,1,0.0
annotation_observed,cam2,52,1,1,0.0
annotation_observed,cam2,53,1,1,0.0
annotation_observed,cam2,54,1,1,0.0
annotation_observed,cam2,55,1,1,0.0
annotation_observed,cam2,56,1,1,0.0
annotation_observed,cam2,57,1,1,0.0
annotation_observed,cam2,58,1,1,0.0
annotation_observed,cam2,59,1,1,0.0
annotation_observed,cam2,60,1,1,0.0
annotation_observed,cam2,61,1,1,0.0
annotation_observed,cam2,62,1,1,0.0
annotation_observed,cam2,63,1,1,0.0
annotation_observed,cam2,64,1,1,0.0
annotation_observed,cam2,65,1,1,0.0
annotation_observed,cam2,66,1,1,0.0
annotation_observed,cam2,67,1,1,0.0
annotation_observed,cam2,68,1,1,0.0
annotation_observed,cam2,69,1,1,0.0
annotation_observed,cam2,70,1,1,0.0
annotation_observed,cam2,71,1,1,0.0
annotation_observed,cam2,72,1,1,0.0
annotation_observed,cam2,73,1,1,0.0
annotation_observed,cam2,74,1,1,0.0
annotation_observed,cam2,75,1,1,0.0
annotation_observed,cam2,76,1,1,0.0
annotation_observed,cam2,77,1,1,0.0
annotation_observed,cam2,78,1,1,0.0
annotation_observed,cam2,79,1,1,0.0
annotation_observed,cam2,80,1,1,0.0
annotation_observed,cam2,81,1,1,0.0
annotation_observed,cam2,82,1,1,0.0
annotation_observed,cam2,83,1,1,0.0
annotation_observed,cam2,84,1,1,0.0
annotation_observed,cam2,85,1,1,0.0
annotation_observed,cam2,86,1,1,0.0
annotation_observed,cam2,87,1,1,0.0
annotation_observed,cam2,88,1,1,0.0
annotation_observed,cam2,89,1,1,0.0
annotation_observed,cam2,90,1,1,0.0
annotation_observed,cam2,91,1,1,0.0
annotation_observed,cam2,92,1,1,0.0
annotation_observed,cam2,93,1,1,0.0
annotation_observed,cam2,94,1,1,0.0
annotation_observed,cam2,95,1,1,0.0
annotation_observed,cam2,96,1,1,0.0
annotation_observed,cam2,97,1,1,0.0
annotation_observed,cam2,98,1,1,0.0
annotation_observed,cam2,99,1,1,0.0
annotation_observed,cam2,100,1,1,0.0
annotation_observed,cam2,101,1,1,0.0
annotation_observed,cam2,102,1,1,0.0
annotation_observed,cam2,103,1,1,0.0
annotation_observed,cam2,104,1,1,0.0
annotation_observed,cam2,105,1,1,0.0
annotation_observed,cam2,106,1,1,0.0
annotation_observed,cam2,107,1,1,0.0
annotation_observed,cam2,108,1,1,0.0
annotation_observed,cam2,109,1,1,0.0
annotation_observed,cam2,110,1,1,0.0
annotation_observed,cam2,111,1,1,0.0
annotation_observed,cam2,112,1,1,0.0
annotation_observed,cam2,113,1,1,0.0
annotation_observed,cam2,114,1,1,0.0
annotation_observed,cam2,115,1,1,0.0
annotation_observed,cam2,116,1,1,0.0
annotation_observed,cam2,117,1,1,0.0
annotation_observed,cam2,118,1,1,0.0
annotation_observed,cam2,119,1,1,0.0
annotation_observed,cam2,120,1,1,0.0
annotation_observed,cam2,121,1,1,0.0
annotation_observed,cam2,122,1,1,0.0
annotation_observed,cam2,123,1,1,0.0
annotation_observed,cam2,124,1,1,0.0
annotation_observed,cam2,125,1,1,0.0
annotation_observed,cam2,126,1,1,0.0
annotation_observed,cam2,127,1,1,0.0
annotation_observed,cam2,128,1,1,0.0
annotation_observed,cam2,129,1,1,0.0
annotation_observed,cam2,130,1,1,0.0
annotation_observed,cam2,131,1,1,0.0
annotation_observed,cam2,132,1,1,0.0
annotation_observed,cam2,133,1,1,0.0
annotation_observed,cam2,134,1,1,0.0
annotation_observed,cam2,135,1,1,0.0
annotation_observed,cam2,136,1,1,0.0
annotation_observed,cam2,137,1,1,0.0
annotation_observed,cam2,138,1,1,0.0
annotation_observed,cam2,139,1,1,0.0
annotation_observed,cam2,140,1,1,0.0
annotation_observed,cam2,141,1,1,0.0
annotation_observed,cam2,142,1,1,0.0
annotation_observed,cam2,143,1,1,0.0
annotation_observed,cam2,144,1,1,0.0
annotation_observed,cam2,145,1,1,0.0
annotation_observed,cam2,146,1,1,0.0
annotation_observed,cam2,147,1,1,0.0
annotation_observed,cam2,148,1,1,0.0
annotation_observed,cam2,149,1,1,0.0
annotation_observed,cam2,150,1,1,0.0
annotation_observed,cam2,151,1,1,0.0
annotation_observed,cam2,152,1,1,0.0
annotation_observed,cam2,153,1,1,0.0
annotation_observed,cam2,154,1,1,0.0
annotation_observed,cam2,155,1,1,0.0
annotation_observed,cam2,156,1,1,0.0
annotation_observed,cam2,157,1,1,0.0
annotation_observed,cam2,158,1,1,0.0
annotation_observed,cam2,159,1,1,0.0
annotation_observed,cam2,160,1,1,0.0
annotation_observed,cam2,161,1,1,0.0
annotation_observed,cam2,162,1,1,0.0
annotation_observed,cam2,163,1,1,0.0
annotation_observed,cam2,164,0,2,
annotation_observed,cam2,165,1,1,0.0
annotation_observed,cam2,166,0,2,
annotation_observed,cam2,167,1,1,0.0
annotation_observed,cam2,168,1,1,0.0
annotation_observed,cam2,169,1,1,0.0
annotation_observed,cam2,170,0,2,
annotation_observed,cam2,171,1,1,0.0
annotation_observed,cam2,172,1,1,0.0
annotation_observed,cam2,173,1,1,0.0
annotation_observed,cam2,174,1,1,0.0
annotation_observed,cam2,175,1,1,0.0
annotation_observed,cam2,176,1,1,0.0
annotation_observed,cam2,177,1,1,0.0
annotation_observed,cam2,178,1,1,0.0
annotation_observed,cam2,179,1,1,0.0
annotation_observed,cam2,180,1,1,0.0
annotation_observed,cam2,181,1,1,0.0
annotation_observed,cam2,182,1,1,0.0
annotation_observed,cam2,183,1,1,0.0
annotation_observed,cam2,184,1,1,0.0
annotation_observed,cam2,185,1,1,0.0
annotation_observed,cam2,186,1,1,0.0
annotation_observed,cam2,187,1,1,0.0
annotation_observed,cam2,188,1,1,0.0
annotation_observed,cam2,189,1,1,0.0
annotation_observed,cam2,190,1,1,0.0
annotation_observed,cam2,191,1,1,0.0
annotation_observed,cam2,192,1,1,0.0
annotation_observed,cam2,193,1,1,0.0
annotation_observed,cam2,194,1,1,0.0
annotation_observed,cam2,195,1,1,0.0
annotation_observed,cam2,196,1,1,0.0
annotation_observed,cam2,197,1,1,0.0
annotation_observed,cam2,198,1,1,0.0
annotation_observed,cam2,199,1,1,0.0
annotation_observed,cam2,200,1,1,0.0
annotation_observed,cam2,201,1,1,0.0
annotation_observed,cam2,202,1,1,0.0
annotation_observed,cam2,203,1,1,0.0
annotation_observed,cam2,204,1,1,0.0
annotation_observed,cam2,205,1,1,0.0
annotation_observed,cam2,206,1,1,0.0
annotation_observed,cam2,207,1,1,0.0
annotation_observed,cam2,208,1,1,0.0
annotation_observed,cam2,209,1,1,0.0
annotation_observed,cam2,210,1,1,0.0
annotation_observed,cam2,211,1,1,0.0
annotation_observed,cam2,212,1,1,0.0
annotation_observed,cam2,213,1,1,0.0
annotation_observed,cam2,214,1,1,0.0
annotation_observed,cam2,215,1,1,0.0
annotation_observed,cam2,216,1,1,0.0
annotation_observed,cam2,217,1,1,0.0
annotation_observed,cam2,218,1,1,0.0
annotation_observed,cam2,219,1,1,0.0
annotation_observed,cam2,220,1,1,0.0
annotation_observed,cam2,221,1,1,0.0
annotation_observed,cam2,222,1,1,0.0
annotation_observed,cam2,223,0,0,
annotation_observed,cam2,224,0,0,
annotation_observed,cam2,225,1,1,0.0
annotation_observed,cam2,226,1,1,0.0
annotation_observed,cam2,227,1,1,0.0
annotation_observed,cam2,228,1,1,0.0
annotation_observed,cam2,229,1,1,0.0
annotation_observed,cam2,230,0,0,
annotation_observed,cam2,231,0,0,
annotation_observed,cam2,232,0,0,
annotation_observed,cam2,233,0,0,
annotation_observed,cam2,234,0,0,
annotation_observed,cam2,235,0,0,
annotation_observed,cam2,236,0,0,
annotation_observed,cam2,237,1,1,0.0
annotation_observed,cam2,238,1,1,0.0
annotation_observed,cam2,239,1,1,0.0
annotation_observed,cam2,240,1,1,0.0
annotation_observed,cam2,241,1,1,0.0
annotation_observed,cam2,242,1,1,0.0
annotation_observed,cam2,243,1,1,0.0
annotation_observed,cam2,244,0,2,
annotation_observed,cam2,245,0,2,
annotation_observed,cam2,246,1,1,0.0
annotation_observed,cam2,247,1,1,0.0
annotation_observed,cam2,248,1,1,0.0
annotation_observed,cam2,249,0,2,
annotation_observed,cam2,250,1,1,0.0
annotation_observed,cam2,251,1,1,0.0
annotation_observed,cam2,252,1,1,0.0
annotation_observed,cam2,253,1,1,0.0
annotation_observed,cam2,254,1,1,0.0
annotation_observed,cam2,255,1,1,0.0
annotation_observed,cam2,256,1,1,0.0
annotation_observed,cam2,257,1,1,0.0
annotation_observed,cam2,258,1,1,0.0
annotation_observed,cam2,259,1,1,0.0
annotation_observed,cam2,260,1,1,0.0
annotation_observed,cam2,261,1,1,0.0
annotation_observed,cam2,262,1,1,0.0
annotation_observed,cam2,263,1,1,0.0
annotation_observed,cam2,264,1,1,0.0
annotation_observed,cam2,265,1,1,0.0
annotation_observed,cam2,266,1,1,0.0
annotation_observed,cam2,267,1,1,0.0
annotation_observed,cam2,268,1,1,0.0
annotation_observed,cam2,269,1,1,0.0
annotation_observed,cam2,270,1,1,0.0
annotation_observed,cam2,271,1,1,0.0
annotation_observed,cam2,272,1,1,0.0
annotation_observed,cam2,273,1,1,0.0
annotation_observed,cam2,274,1,1,0.0
annotation_observed,cam2,275,1,1,0.0
annotation_observed,cam2,276,1,1,0.0
annotation_observed,cam2,277,1,1,0.0
annotation_observed,cam2,278,1,1,0.0
annotation_observed,cam2,279,1,1,0.0
annotation_observed,cam2,280,1,1,0.0
annotation_observed,cam2,281,1,1,0.0
annotation_observed,cam2,282,1,1,0.0
annotation_observed,cam2,283,1,1,0.0
annotation_observed,cam2,284,1,1,0.0
annotation_observed,cam2,285,1,1,0.0
annotation_observed,cam2,286,1,1,0.0
annotation_observed,cam2,287,1,1,0.0
annotation_observed,cam2,288,1,1,0.0
annotation_observed,cam2,289,1,1,0.0
annotation_observed,cam2,290,1,1,0.0
annotation_observed,cam2,291,1,1,0.0
annotation_observed,cam2,292,1,1,0.0
annotation_observed,cam2,293,0,3,
annotation_observed,cam2,294,0,3,
annotation_observed,cam2,295,0,3,
annotation_observed,cam2,296,0,3,
annotation_observed,cam2,297,0,3,
annotation_observed,cam2,298,1,1,0.0
annotation_observed,cam2,299,1,1,0.0
annotation_observed,cam2,300,1,1,0.0
annotation_observed,cam2,301,1,1,0.0
annotation_observed,cam2,302,1,1,0.0
annotation_observed,cam2,303,1,1,0.0
annotation_observed,cam2,304,1,1,0.0
annotation_observed,cam2,305,1,1,0.0
annotation_observed,cam2,306,1,1,0.0
annotation_observed,cam2,307,1,1,0.0
annotation_observed,cam2,308,1,1,0.0
annotation_observed,cam2,309,1,1,0.0
annotation_observed,cam2,310,1,1,0.0
annotation_observed,cam2,311,1,1,0.0
annotation_observed,cam2,312,1,1,0.0
annotation_observed,cam2,313,1,1,0.0
annotation_observed,cam2,314,1,1,0.0
annotation_observed,cam2,315,1,1,0.0
annotation_observed,cam2,316,1,1,0.0
annotation_observed,cam2,317,1,1,0.0
annotation_observed,cam2,318,1,1,0.0
annotation_observed,cam2,319,1,1,0.0
annotation_observed,cam2,320,1,1,0.0
annotation_observed,cam2,321,1,1,0.0
annotation_observed,cam2,322,1,1,0.0
annotation_observed,cam2,323,1,1,0.0
annotation_observed,cam2,324,1,1,0.0
annotation_observed,cam2,325,1,1,0.0
annotation_observed,cam2,326,1,1,0.0
annotation_observed,cam2,327,1,1,0.0
annotation_observed,cam2,328,1,1,0.0
annotation_observed,cam2,329,1,1,0.0
annotation_observed,cam2,330,1,1,0.0
annotation_observed,cam2,331,1,1,0.0
annotation_observed,cam2,332,1,1,0.0
annotation_observed,cam2,333,1,1,0.0
annotation_observed,cam2,334,1,1,0.0
annotation_observed,cam2,335,1,1,0.0
annotation_observed,cam2,336,1,1,0.0
annotation_observed,cam2,337,1,1,0.0
annotation_observed,cam2,338,1,1,0.0
annotation_observed,cam2,339,1,1,0.0
annotation_observed,cam2,340,1,1,0.0
annotation_observed,cam2,341,1,1,0.0
annotation_observed,cam2,342,1,1,0.0
annotation_observed,cam2,343,1,1,0.0
annotation_observed,cam2,344,1,1,0.0
annotation_observed,cam2,345,1,1,0.0
annotation_observed,cam2,346,1,1,0.0
annotation_observed,cam2,347,1,1,0.0
annotation_observed,cam2,348,1,1,0.0
annotation_observed,cam2,349,1,1,0.0
annotation_observed,cam2,350,1,1,0.0
annotation_observed,cam2,351,1,1,0.0
annotation_observed,cam2,352,1,1,0.0
annotation_observed,cam2,353,1,1,0.0
annotation_observed,cam2,354,1,1,0.0
annotation_observed,cam2,355,1,1,0.0
annotation_observed,cam2,356,1,1,0.0
annotation_observed,cam2,357,1,1,0.0
annotation_observed,cam2,358,1,1,0.0
annotation_observed,cam2,359,1,1,0.0
annotation_observed,cam2,360,1,1,0.0
annotation_observed,cam2,361,1,1,0.0
annotation_observed,cam2,362,1,1,0.0
annotation_observed,cam2,363,1,1,0.0
annotation_observed,cam2,364,1,1,0.0
annotation_observed,cam2,365,0,2,
annotation_observed,cam2,366,1,1,0.0
annotation_observed,cam2,367,1,1,0.0
annotation_observed,cam2,368,0,2,
annotation_observed,cam2,369,1,1,0.0
annotation_observed,cam2,370,0,0,
annotation_observed,cam2,371,0,0,
annotation_observed,cam2,372,0,0,
annotation_observed,cam2,373,0,0,
annotation_observed,cam2,374,0,0,
annotation_observed,cam2,375,0,0,
annotation_observed,cam2,376,1,1,0.0
annotation_observed,cam2,377,1,1,0.0
annotation_observed,cam2,378,1,1,0.0
annotation_observed,cam2,379,1,1,0.0
annotation_observed,cam2,380,1,1,0.0
annotation_observed,cam2,381,1,1,0.0
annotation_observed,cam2,382,0,0,
annotation_observed,cam2,383,0,0,
annotation_observed,cam2,384,0,0,
annotation_observed,cam2,385,0,0,
annotation_observed,cam2,386,0,0,
annotation_observed,cam2,387,0,0,
annotation_observed,cam2,388,0,0,
annotation_observed,cam2,389,0,0,
annotation_observed,cam2,390,0,0,
annotation_observed,cam2,391,0,0,
annotation_observed,cam2,392,0,0,
annotation_observed,cam2,393,0,0,
annotation_observed,cam2,394,0,0,
annotation_observed,cam2,395,0,0,
annotation_observed,cam2,396,0,0,
annotation_observed,cam2,397,0,0,
annotation_observed,cam2,398,0,0,
annotation_observed,cam2,399,0,0,
annotation_observed,cam2,400,0,0,
annotation_observed,cam2,401,0,0,
annotation_observed,cam2,402,0,0,
annotation_observed,cam2,403,0,0,
annotation_observed,cam2,404,1,1,0.0
annotation_observed,cam2,405,1,1,0.0
annotation_observed,cam2,406,1,1,0.0
annotation_observed,cam2,407,1,1,0.0
annotation_observed,cam2,408,1,1,0.0
annotation_observed,cam2,409,1,1,0.0
annotation_observed,cam2,410,1,1,0.0
annotation_observed,cam2,411,1,1,0.0
annotation_observed,cam2,412,1,1,0.0
annotation_observed,cam2,413,1,1,0.0
annotation_observed,cam2,414,1,1,0.0
annotation_observed,cam2,415,1,1,0.0
annotation_observed,cam2,416,1,1,0.0
annotation_observed,cam2,417,1,1,0.0
annotation_observed,cam2,418,1,1,0.0
annotation_observed,cam2,419,1,1,0.0
annotation_observed,cam2,420,1,1,0.0
annotation_observed,cam2,421,1,1,0.0
annotation_observed,cam2,422,1,1,0.0
annotation_observed,cam2,423,1,1,0.0
annotation_observed,cam2,424,1,1,0.0
annotation_observed,cam2,425,1,1,0.0
annotation_observed,cam2,426,1,1,0.0
annotation_observed,cam2,427,1,1,0.0
annotation_observed,cam2,428,1,1,0.0
annotation_observed,cam2,429,1,1,0.0
annotation_observed,cam2,430,1,1,0.0
annotation_observed,cam2,431,1,1,0.0
annotation_observed,cam2,432,1,1,0.0
annotation_observed,cam2,433,1,1,0.0
annotation_observed,cam2,434,1,1,0.0
annotation_observed,cam2,435,1,1,0.0
annotation_observed,cam2,436,1,1,0.0
annotation_observed,cam2,437,0,2,
annotation_observed,cam2,438,1,1,0.0
annotation_observed,cam2,439,1,1,0.0
annotation_observed,cam2,440,1,1,0.0
annotation_observed,cam2,441,1,1,0.0
annotation_observed,cam2,442,1,1,0.0
annotation_observed,cam2,443,1,1,0.0
annotation_observed,cam2,444,1,1,0.0
annotation_observed,cam2,445,1,1,0.0
annotation_observed,cam2,446,1,1,0.0
annotation_observed,cam2,447,1,1,0.0
annotation_observed,cam2,448,0,2,
annotation_observed,cam2,449,1,1,0.0
annotation_observed,cam2,450,1,1,0.0
annotation_observed,cam2,451,1,1,0.0
annotation_observed,cam2,452,1,1,0.0
annotation_observed,cam2,453,1,1,0.0
annotation_observed,cam2,454,1,1,0.0
annotation_observed,cam2,455,1,1,0.0
annotation_observed,cam2,456,1,1,0.0
annotation_observed,cam2,457,1,1,0.0
annotation_observed,cam2,458,1,1,0.0
annotation_observed,cam2,459,1,1,0.0
annotation_observed,cam2,460,1,1,0.0
annotation_observed,cam2,461,1,1,0.0
annotation_observed,cam2,462,1,1,0.0
annotation_observed,cam2,463,1,1,0.0
annotation_observed,cam2,464,1,1,0.0
annotation_observed,cam2,465,1,1,0.0
annotation_observed,cam2,466,1,1,0.0
annotation_observed,cam2,467,1,1,0.0
annotation_observed,cam2,468,1,1,0.0
annotation_observed,cam2,469,1,1,0.0
annotation_observed,cam2,470,1,1,0.0
annotation_observed,cam2,471,1,1,0.0
annotation_observed,cam2,472,1,1,0.0
annotation_observed,cam2,473,1,1,0.0
annotation_observed,cam2,474,1,1,0.0
annotation_observed,cam2,475,1,1,0.0
annotation_observed,cam2,476,1,1,0.0
annotation_observed,cam2,477,1,1,0.0
annotation_observed,cam2,478,1,1,0.0
annotation_observed,cam2,479,1,1,0.0
annotation_observed,cam2,480,1,1,0.0
annotation_observed,cam2,481,1,1,0.0
annotation_observed,cam2,482,1,1,0.0
annotation_observed,cam2,483,1,1,0.0
annotation_observed,cam2,484,1,1,0.0
annotation_observed,cam2,485,1,1,0.0
annotation_observed,cam2,486,1,1,0.0
annotation_observed,cam2,487,1,1,0.0
annotation_observed,cam2,488,1,1,0.0
annotation_observed,cam2,489,1,1,0.0
annotation_observed,cam2,490,1,1,0.0
annotation_observed,cam2,491,1,1,0.0
annotation_observed,cam2,492,1,1,0.0
annotation_observed,cam2,493,1,1,0.0
annotation_observed,cam2,494,1,1,0.0
annotation_observed,cam2,495,1,1,0.0
annotation_observed,cam2,496,1,1,0.0
annotation_observed,cam2,497,1,1,0.0
annotation_observed,cam2,498,1,1,0.0
annotation_observed,cam2,499,1,1,0.0
annotation_observed,cam2,500,1,1,0.0
annotation_observed,cam2,501,1,1,0.0
annotation_observed,cam2,502,1,1,0.0
annotation_observed,cam2,503,1,1,0.0
annotation_observed,cam2,504,1,1,0.0
annotation_observed,cam2,505,1,1,0.0
annotation_observed,cam2,506,1,1,0.0
annotation_observed,cam2,507,1,1,0.0
annotation_observed,cam2,508,1,1,0.0
annotation_observed,cam2,509,1,1,0.0
annotation_observed,cam2,510,1,1,0.0
annotation_observed,cam2,511,1,1,0.0
annotation_observed,cam2,512,1,1,0.0
annotation_observed,cam2,513,1,1,0.0
annotation_observed,cam2,514,1,1,0.0
annotation_observed,cam2,515,1,1,0.0
annotation_observed,cam2,516,1,1,0.0
annotation_observed,cam2,517,1,1,0.0
annotation_observed,cam2,518,1,1,0.0
annotation_observed,cam2,519,1,1,0.0
annotation_observed,cam2,520,1,1,0.0
annotation_observed,cam2,521,1,1,0.0
annotation_observed,cam2,522,1,1,0.0
annotation_observed,cam2,523,1,1,0.0
annotation_observed,cam2,524,1,1,0.0
annotation_observed,cam2,525,1,1,0.0
annotation_observed,cam2,526,1,1,0.0
annotation_observed,cam2,527,1,1,0.0
annotation_observed,cam2,528,1,1,0.0
annotation_observed,cam2,529,1,1,0.0
annotation_observed,cam2,530,1,1,0.0
annotation_observed,cam2,531,1,1,0.0
annotation_observed,cam2,532,1,1,0.0
annotation_observed,cam2,533,1,1,0.0
annotation_observed,cam2,534,1,1,0.0
annotation_observed,cam2,535,1,1,0.0
annotation_observed,cam2,536,1,1,0.0
annotation_observed,cam2,537,1,1,0.0
annotation_observed,cam2,538,1,1,0.0
annotation_observed,cam2,539,1,1,0.0
annotation_observed,cam2,540,1,1,0.0
annotation_observed,cam2,541,1,1,0.0
annotation_observed,cam2,542,1,1,0.0
annotation_observed,cam2,543,1,1,0.0
annotation_observed,cam2,544,1,1,0.0
annotation_observed,cam2,545,1,1,0.0
annotation_observed,cam2,546,1,1,0.0
annotation_observed,cam2,547,1,1,0.0
annotation_observed,cam2,548,1,1,0.0
annotation_observed,cam2,549,1,1,0.0
annotation_observed,cam2,550,1,1,0.0
annotation_observed,cam2,551,1,1,0.0
annotation_observed,cam2,552,1,1,0.0
annotation_observed,cam2,553,1,1,0.0
annotation_observed,cam2,554,1,1,0.0
annotation_observed,cam2,555,1,1,0.0
annotation_observed,cam2,556,1,1,0.0
annotation_observed,cam2,557,1,1,0.0
annotation_observed,cam2,558,1,1,0.0
annotation_observed,cam2,559,1,1,0.0
annotation_observed,cam2,560,1,1,0.0
annotation_observed,cam2,561,1,1,0.0
annotation_observed,cam2,562,1,1,0.0
annotation_observed,cam2,563,1,1,0.0
annotation_observed,cam2,564,1,1,0.0
annotation_observed,cam2,565,1,1,0.0
annotation_observed,cam2,566,1,1,0.0
annotation_observed,cam2,567,1,1,0.0
annotation_observed,cam2,568,1,1,0.0
annotation_observed,cam2,569,1,1,0.0
annotation_observed,cam2,570,1,1,0.0
annotation_observed,cam2,571,1,1,0.0
annotation_observed,cam2,572,1,1,0.0
annotation_observed,cam2,573,1,1,0.0
annotation_observed,cam2,574,1,1,0.0
annotation_observed,cam2,575,0,0,
annotation_observed,cam2,576,0,0,
annotation_observed,cam2,577,0,0,
annotation_observed,cam2,578,0,0,
annotation_observed,cam2,579,0,0,
annotation_observed,cam2,580,0,0,
annotation_observed,cam2,581,1,1,0.0
annotation_observed,cam2,582,1,1,0.0
annotation_observed,cam2,583,1,1,0.0
annotation_observed,cam2,584,1,1,0.0
annotation_observed,cam2,585,1,1,0.0
annotation_observed,cam2,586,1,1,0.0
annotation_observed,cam2,587,1,1,0.0
annotation_observed,cam2,588,0,2,
annotation_observed,cam2,589,0,2,
annotation_observed,cam2,590,1,1,0.0
annotation_observed,cam2,591,0,2,
annotation_observed,cam2,592,1,1,0.0
annotation_observed,cam2,593,1,1,0.0
annotation_observed,cam2,594,1,1,0.0
annotation_observed,cam2,595,1,1,0.0
annotation_observed,cam2,596,1,1,0.0
annotation_observed,cam2,597,0,0,
annotation_observed,cam2,598,1,1,0.0
annotation_observed,cam2,599,1,1,0.0
annotation_observed,cam2,600,1,1,0.0
annotation_observed,cam2,601,0,2,
annotation_observed,cam2,602,1,1,0.0
annotation_observed,cam2,603,1,1,0.0
annotation_observed,cam2,604,0,2,
annotation_observed,cam2,605,0,2,
annotation_observed,cam2,606,1,1,0.0
annotation_observed,cam2,607,1,1,0.0
annotation_observed,cam2,608,1,1,0.0
annotation_observed,cam2,609,1,1,0.0
annotation_observed,cam2,610,1,1,0.0
annotation_observed,cam2,611,1,1,0.0
annotation_observed,cam2,612,0,2,
annotation_observed,cam2,613,0,2,
annotation_observed,cam2,614,1,1,0.0
annotation_observed,cam2,615,1,1,0.0
annotation_observed,cam2,616,1,1,0.0
annotation_observed,cam2,617,1,1,0.0
annotation_observed,cam2,618,1,1,0.0
annotation_observed,cam2,619,1,1,0.0
annotation_observed,cam2,620,1,1,0.0
annotation_observed,cam2,621,1,1,0.0
annotation_observed,cam2,622,1,1,0.0
annotation_observed,cam2,623,1,1,0.0
annotation_observed,cam2,624,1,1,0.0
annotation_observed,cam2,625,1,1,0.0
annotation_observed,cam2,626,1,1,0.0
annotation_observed,cam2,627,1,1,0.0
annotation_observed,cam2,628,1,1,0.0
annotation_observed,cam2,629,1,1,0.0
annotation_observed,cam2,630,1,1,0.0
annotation_observed,cam2,631,1,1,0.0
annotation_observed,cam2,632,1,1,0.0
annotation_observed,cam2,633,1,1,0.0
annotation_observed,cam2,634,1,1,0.0
annotation_observed,cam2,635,1,1,0.0
annotation_observed,cam2,636,1,1,0.0
annotation_observed,cam2,637,1,1,0.0
annotation_observed,cam2,638,1,1,0.0
annotation_observed,cam2,639,1,1,0.0
annotation_observed,cam2,640,1,1,0.0
annotation_observed,cam2,641,1,1,0.0
annotation_observed,cam2,642,1,1,0.0
annotation_observed,cam2,643,1,1,0.0
annotation_observed,cam2,644,1,1,0.0
annotation_observed,cam2,645,1,1,0.0
annotation_observed,cam2,646,1,1,0.0
annotation_observed,cam2,647,1,1,0.0
annotation_observed,cam2,648,1,1,0.0
annotation_observed,cam2,649,1,1,0.0
annotation_observed,cam2,650,1,1,0.0
annotation_observed,cam2,651,1,1,0.0
annotation_observed,cam2,652,1,1,0.0
annotation_observed,cam2,653,1,1,0.0
annotation_observed,cam2,654,1,1,0.0
annotation_observed,cam2,655,1,1,0.0
annotation_observed,cam2,656,1,1,0.0
annotation_observed,cam2,657,1,1,0.0
annotation_observed,cam2,658,1,1,0.0
annotation_observed,cam2,659,1,1,0.0
annotation_observed,cam2,660,1,1,0.0
annotation_observed,cam2,661,1,1,0.0
annotation_observed,cam2,662,1,1,0.0
annotation_observed,cam2,663,1,1,0.0
annotation_observed,cam2,664,1,1,0.0
annotation_observed,cam2,665,1,1,0.0
annotation_observed,cam2,666,1,1,0.0
annotation_observed,cam2,667,1,1,0.0
annotation_observed,cam2,668,1,1,0.0
annotation_observed,cam2,669,1,1,0.0
annotation_observed,cam2,670,1,1,0.0
annotation_observed,cam2,671,1,1,0.0
annotation_observed,cam2,672,1,1,0.0
annotation_observed,cam2,673,1,1,0.0
annotation_observed,cam2,674,1,1,0.0
annotation_observed,cam2,675,1,1,0.0
annotation_observed,cam2,676,1,1,0.0
annotation_observed,cam2,677,1,1,0.0
annotation_observed,cam2,678,1,1,0.0
annotation_observed,cam2,679,1,1,0.0
annotation_observed,cam2,680,1,1,0.0
annotation_observed,cam2,681,1,1,0.0
annotation_observed,cam2,682,1,1,0.0
annotation_observed,cam2,683,1,1,0.0
annotation_observed,cam2,684,1,1,0.0
annotation_observed,cam2,685,1,1,0.0
annotation_observed,cam2,686,1,1,0.0
annotation_observed,cam2,687,1,1,0.0
annotation_observed,cam2,688,1,1,0.0
annotation_observed,cam2,689,1,1,0.0
annotation_observed,cam2,690,1,1,0.0
annotation_observed,cam2,691,1,1,0.0
annotation_observed,cam2,692,1,1,0.0
annotation_observed,cam2,693,1,1,0.0
annotation_observed,cam2,694,1,1,0.0
annotation_observed,cam2,695,1,1,0.0
annotation_observed,cam2,696,1,1,0.0
annotation_observed,cam2,697,1,1,0.0
annotation_observed,cam2,698,1,1,0.0
annotation_observed,cam2,699,1,1,0.0
annotation_observed,cam2,700,1,1,0.0
annotation_observed,cam2,701,1,1,0.0
annotation_observed,cam2,702,1,1,0.0
annotation_observed,cam2,703,1,1,0.0
annotation_observed,cam2,704,1,1,0.0
annotation_observed,cam2,705,1,1,0.0
annotation_observed,cam2,706,1,1,0.0
annotation_observed,cam2,707,1,1,0.0
annotation_observed,cam2,708,1,1,0.0
annotation_observed,cam2,709,1,1,0.0
annotation_observed,cam2,710,1,1,0.0
annotation_observed,cam2,711,1,1,0.0
annotation_observed,cam2,712,1,1,0.0
annotation_observed,cam2,713,1,1,0.0
annotation_observed,cam2,714,1,1,0.0
annotation_observed,cam2,715,1,1,0.0
annotation_observed,cam2,716,1,1,0.0
annotation_observed,cam2,717,1,1,0.0
annotation_observed,cam2,718,1,1,0.0
annotation_observed,cam2,719,1,1,0.0
annotation_observed,cam2,720,1,1,0.0
annotation_observed,cam2,721,1,1,0.0
annotation_observed,cam2,722,1,1,0.0
annotation_observed,cam2,723,1,1,0.0
annotation_observed,cam2,724,1,1,0.0
annotation_observed,cam2,725,1,1,0.0
annotation_observed,cam2,726,1,1,0.0
annotation_observed,cam2,727,1,1,0.0
annotation_observed,cam2,728,1,1,0.0
annotation_observed,cam2,729,1,1,0.0
annotation_observed,cam2,730,1,1,0.0
annotation_observed,cam2,731,1,1,0.0
annotation_observed,cam2,732,1,1,0.0
annotation_observed,cam2,733,1,1,0.0
annotation_observed,cam2,734,1,1,0.0
annotation_observed,cam2,735,1,1,0.0
annotation_observed,cam2,736,1,1,0.0
annotation_observed,cam2,737,1,1,0.0
annotation_observed,cam2,738,1,1,0.0
annotation_observed,cam2,739,1,1,0.0
annotation_observed,cam2,740,1,1,0.0
annotation_observed,cam2,741,1,1,0.0
annotation_observed,cam2,742,1,1,0.0
annotation_observed,cam2,743,1,1,0.0
annotation_observed,cam2,744,1,1,0.0
annotation_observed,cam2,745,1,1,0.0
annotation_observed,cam2,746,1,1,0.0
annotation_observed,cam2,747,1,1,0.0
annotation_observed,cam2,748,1,1,0.0
annotation_observed,cam2,749,1,1,0.0
annotation_observed,cam2,750,1,1,0.0
annotation_observed,cam2,751,1,1,0.0
annotation_observed,cam2,752,1,1,0.0
annotation_observed,cam2,753,1,1,0.0
annotation_observed,cam2,754,1,1,0.0
annotation_observed,cam2,755,1,1,0.0
annotation_observed,cam2,756,1,1,0.0
annotation_observed,cam2,757,1,1,0.0
annotation_observed,cam2,758,1,1,0.0
annotation_observed,cam2,759,1,1,0.0
annotation_observed,cam2,760,1,1,0.0
annotation_observed,cam2,761,1,1,0.0
annotation_observed,cam2,762,1,1,0.0
annotation_observed,cam2,763,1,1,0.0
annotation_observed,cam2,764,1,1,0.0
annotation_observed,cam2,765,1,1,0.0
annotation_observed,cam2,766,1,1,0.0
annotation_observed,cam2,767,1,1,0.0
annotation_observed,cam2,768,1,1,0.0
annotation_observed,cam2,769,1,1,0.0
annotation_observed,cam2,770,1,1,0.0
annotation_observed,cam2,771,1,1,0.0
annotation_observed,cam2,772,1,1,0.0
annotation_observed,cam2,773,1,1,0.0
annotation_observed,cam2,774,1,1,0.0
annotation_observed,cam2,775,1,1,0.0
annotation_observed,cam2,776,1,1,0.0
annotation_observed,cam2,777,1,1,0.0
annotation_observed,cam2,778,1,1,0.0
annotation_observed,cam2,779,1,1,0.0
annotation_observed,cam2,780,1,1,0.0
annotation_observed,cam2,781,1,1,0.0
annotation_observed,cam2,782,1,1,0.0
annotation_observed,cam2,783,1,1,0.0
annotation_observed,cam2,784,1,1,0.0
annotation_observed,cam2,785,1,1,0.0
annotation_observed,cam2,786,1,1,0.0
annotation_observed,cam2,787,1,1,0.0
annotation_observed,cam2,788,1,1,0.0
annotation_observed,cam2,789,1,1,0.0
annotation_observed,cam2,790,1,1,0.0
annotation_observed,cam2,791,1,1,0.0
annotation_observed,cam2,792,1,1,0.0
annotation_observed,cam2,793,1,1,0.0
annotation_observed,cam2,794,1,1,0.0
annotation_observed,cam2,795,1,1,0.0
annotation_observed,cam2,796,1,1,0.0
annotation_observed,cam2,797,1,1,0.0
annotation_observed,cam2,798,1,1,0.0
annotation_observed,cam2,799,1,1,0.0
annotation_observed,cam2,800,1,1,0.0
annotation_observed,cam2,801,1,1,0.0
annotation_observed,cam2,802,1,1,0.0
annotation_observed,cam2,803,1,1,0.0
annotation_observed,cam2,804,1,1,0.0
annotation_observed,cam2,805,1,1,0.0
annotation_observed,cam2,806,1,1,0.0
annotation_observed,cam2,807,1,1,0.0
annotation_observed,cam2,808,1,1,0.0
annotation_observed,cam2,809,1,1,0.0
annotation_observed,cam2,810,1,1,0.0
annotation_observed,cam2,811,1,1,0.0
annotation_observed,cam2,812,1,1,0.0
annotation_observed,cam2,813,1,1,0.0
annotation_observed,cam2,814,1,1,0.0
annotation_observed,cam2,815,1,1,0.0
annotation_observed,cam2,816,1,1,0.0
annotation_observed,cam2,817,1,1,0.0
annotation_observed,cam2,818,1,1,0.0
annotation_observed,cam2,819,1,1,0.0
annotation_observed,cam2,820,1,1,0.0
annotation_observed,cam2,821,1,1,0.0
annotation_observed,cam2,822,1,1,0.0
annotation_observed,cam2,823,1,1,0.0
annotation_observed,cam2,824,1,1,0.0
annotation_observed,cam2,825,1,1,0.0
annotation_observed,cam2,826,1,1,0.0
annotation_observed,cam2,827,1,1,0.0
annotation_observed,cam2,828,1,1,0.0
annotation_observed,cam2,829,1,1,0.0
annotation_observed,cam2,830,1,1,0.0
annotation_observed,cam2,831,1,1,0.0
annotation_observed,cam2,832,1,1,0.0
annotation_observed,cam2,833,1,1,0.0
annotation_observed,cam2,834,1,1,0.0
annotation_observed,cam2,835,1,1,0.0
annotation_observed,cam2,836,1,1,0.0
annotation_observed,cam2,837,1,1,0.0
annotation_observed,cam2,838,1,1,0.0
annotation_observed,cam2,839,1,1,0.0
annotation_observed,cam2,840,1,1,0.0
annotation_observed,cam2,841,1,1,0.0
annotation_observed,cam2,842,1,1,0.0
annotation_observed,cam2,843,1,1,0.0
annotation_observed,cam2,844,1,1,0.0
annotation_observed,cam2,845,1,1,0.0
annotation_observed,cam2,846,0,2,
annotation_observed,cam2,847,1,1,0.0
annotation_observed,cam2,848,1,1,0.0
annotation_observed,cam2,849,1,1,0.0
annotation_observed,cam2,850,1,1,0.0
annotation_observed,cam2,851,1,1,0.0
annotation_observed,cam2,852,1,1,0.0
annotation_observed,cam2,853,1,1,0.0
annotation_observed,cam2,854,1,1,0.0
annotation_observed,cam2,855,1,1,0.0
annotation_observed,cam2,856,1,1,0.0
annotation_observed,cam2,857,1,1,0.0
annotation_observed,cam2,858,1,1,0.0
annotation_observed,cam2,859,1,1,0.0
annotation_observed,cam2,860,1,1,0.0
annotation_observed,cam2,861,1,1,0.0
annotation_observed,cam2,862,1,1,0.0
annotation_observed,cam2,863,1,1,0.0
annotation_observed,cam2,864,1,1,0.0
annotation_observed,cam2,865,1,1,0.0
annotation_observed,cam2,866,1,1,0.0
annotation_observed,cam2,867,1,1,0.0
annotation_observed,cam2,868,1,1,0.0
annotation_observed,cam2,869,1,1,0.0
annotation_observed,cam2,870,1,1,0.0
annotation_observed,cam2,871,1,1,0.0
annotation_observed,cam2,872,1,1,0.0
annotation_observed,cam2,873,1,1,0.0
annotation_observed,cam2,874,1,1,0.0
annotation_observed,cam2,875,1,1,0.0
annotation_observed,cam2,876,1,1,0.0
annotation_observed,cam2,877,1,1,0.0
annotation_observed,cam2,878,1,1,0.0
annotation_observed,cam2,879,1,1,0.0
annotation_observed,cam2,880,1,1,0.0
annotation_observed,cam2,881,1,1,0.0
annotation_observed,cam2,882,1,1,0.0
annotation_observed,cam2,883,1,1,0.0
annotation_observed,cam2,884,1,1,0.0
annotation_observed,cam2,885,1,1,0.0
annotation_observed,cam2,886,1,1,0.0
annotation_observed,cam2,887,1,1,0.0
annotation_observed,cam2,888,1,1,0.0
annotation_observed,cam2,889,1,1,0.0
annotation_observed,cam2,890,1,1,0.0
annotation_observed,cam2,891,1,1,0.0
annotation_observed,cam2,892,1,1,0.0
annotation_observed,cam2,893,1,1,0.0
annotation_observed,cam2,894,1,1,0.0
annotation_observed,cam2,895,1,1,0.0
annotation_observed,cam2,896,1,1,0.0
annotation_observed,cam2,897,1,1,0.0
annotation_observed,cam2,898,1,1,0.0
annotation_observed,cam2,899,1,1,0.0
annotation_observed,cam2,900,1,1,0.0
annotation_observed,cam2,901,1,1,0.0
annotation_observed,cam2,902,1,1,0.0
annotation_observed,cam2,903,1,1,0.0
annotation_observed,cam2,904,1,1,0.0
annotation_observed,cam2,905,1,1,0.0
annotation_observed,cam2,906,1,1,0.0
annotation_observed,cam2,907,1,1,0.0
annotation_observed,cam2,908,1,1,0.0
annotation_observed,cam2,909,1,1,0.0
annotation_observed,cam2,910,1,1,0.0
annotation_observed,cam2,911,1,1,0.0
annotation_observed,cam2,912,1,1,0.0
annotation_observed,cam2,913,1,1,0.0
annotation_observed,cam2,914,1,1,0.0
annotation_observed,cam2,915,1,1,0.0
annotation_observed,cam2,916,1,1,0.0
annotation_observed,cam2,917,1,1,0.0
annotation_observed,cam2,918,1,1,0.0
annotation_observed,cam2,919,1,1,0.0
annotation_observed,cam2,920,1,1,0.0
annotation_observed,cam2,921,1,1,0.0
annotation_observed,cam2,922,1,1,0.0
annotation_observed,cam2,923,1,1,0.0
annotation_observed,cam2,924,1,1,0.0
annotation_observed,cam2,925,1,1,0.0
annotation_observed,cam2,926,1,1,0.0
annotation_observed,cam2,927,1,1,0.0
annotation_observed,cam2,928,1,1,0.0
annotation_observed,cam2,929,1,1,0.0
annotation_observed,cam2,930,1,1,0.0
annotation_observed,cam2,931,1,1,0.0
annotation_observed,cam2,932,1,1,0.0
annotation_observed,cam2,933,1,1,0.0
annotation_observed,cam2,934,1,1,0.0
annotation_observed,cam2,935,1,1,0.0
annotation_observed,cam2,936,1,1,0.0
annotation_observed,cam2,937,1,1,0.0
annotation_observed,cam2,938,1,1,0.0
annotation_observed,cam2,939,1,1,0.0
annotation_observed,cam2,940,1,1,0.0
annotation_observed,cam2,941,1,1,0.0
annotation_observed,cam2,942,1,1,0.0
annotation_observed,cam2,943,1,1,0.0
annotation_observed,cam2,944,1,1,0.0
annotation_observed,cam2,945,1,1,0.0
annotation_observed,cam2,946,1,1,0.0
annotation_observed,cam2,947,1,1,0.0
annotation_observed,cam2,948,1,1,0.0
annotation_observed,cam2,949,1,1,0.0
annotation_observed,cam2,950,1,1,0.0
annotation_observed,cam2,951,1,1,0.0
annotation_observed,cam2,952,1,1,0.0
annotation_observed,cam2,953,1,1,0.0
annotation_observed,cam2,954,1,1,0.0
annotation_observed,cam2,955,1,1,0.0
annotation_observed,cam2,956,1,1,0.0
annotation_observed,cam2,957,1,1,0.0
annotation_observed,cam2,958,1,1,0.0
annotation_observed,cam2,959,1,1,0.0
annotation_observed,cam2,960,1,1,0.0
annotation_observed,cam2,961,1,1,0.0
annotation_observed,cam2,962,1,1,0.0
annotation_observed,cam2,963,1,1,0.0
annotation_observed,cam2,964,1,1,0.0
annotation_observed,cam2,965,1,1,0.0
annotation_observed,cam2,966,1,1,0.0
annotation_observed,cam2,967,1,1,0.0
annotation_observed,cam2,968,1,1,0.0
annotation_observed,cam2,969,1,1,0.0
annotation_observed,cam2,970,1,1,0.0
annotation_observed,cam2,971,1,1,0.0
annotation_observed,cam2,972,1,1,0.0
annotation_observed,cam2,973,1,1,0.0
annotation_observed,cam2,974,1,1,0.0
annotation_observed,cam2,975,1,1,0.0
annotation_observed,cam2,976,1,1,0.0
annotation_observed,cam2,977,1,1,0.0
annotation_observed,cam2,978,1,1,0.0
annotation_observed,cam2,979,1,1,0.0
annotation_observed,cam2,980,1,1,0.0
annotation_observed,cam2,981,1,1,0.0
annotation_observed,cam2,982,1,1,0.0
annotation_observed,cam2,983,1,1,0.0
annotation_observed,cam2,984,1,1,0.0
annotation_observed,cam2,985,1,1,0.0
annotation_observed,cam2,986,1,1,0.0
annotation_observed,cam2,987,1,1,0.0
annotation_observed,cam2,988,1,1,0.0
annotation_observed,cam2,989,1,1,0.0
annotation_observed,cam2,990,1,1,0.0
annotation_observed,cam2,991,1,1,0.0
annotation_observed,cam2,992,1,1,0.0
annotation_observed,cam2,993,1,1,0.0
annotation_observed,cam2,994,1,1,0.0
annotation_observed,cam2,995,1,1,0.0
annotation_observed,cam2,996,1,1,0.0
annotation_observed,cam2,997,1,1,0.0
annotation_observed,cam2,998,1,1,0.0
annotation_observed,cam2,999,1,1,0.0
annotation_observed,cam2,1000,1,1,0.0
annotation_observed,cam2,1001,1,1,0.0
annotation_observed,cam2,1002,1,1,0.0
annotation_observed,cam2,1003,1,1,0.0
annotation_observed,cam2,1004,1,1,0.0
annotation_observed,cam2,1005,1,1,0.0
annotation_observed,cam2,1006,1,1,0.0
annotation_observed,cam2,1007,1,1,0.0
annotation_observed,cam2,1008,1,1,0.0
annotation_observed,cam2,1009,1,1,0.0
e9_top1_ungated,cam0,0,1,1,58.27436828613281
e9_top1_ungated,cam0,1,1,1,29.78441619873047
e9_top1_ungated,cam0,2,1,1,16.740089416503906
e9_top1_ungated,cam0,3,1,1,8.467350006103516
e9_top1_ungated,cam0,4,1,1,7.070028781890869
e9_top1_ungated,cam0,5,1,1,8.96278190612793
e9_top1_ungated,cam0,6,1,1,5.748316764831543
e9_top1_ungated,cam0,7,1,1,5.9429731369018555
e9_top1_ungated,cam0,8,1,1,10.411518096923828
e9_top1_ungated,cam0,9,1,1,5.035772323608398
e9_top1_ungated,cam0,10,1,1,3.3688788414001465
e9_top1_ungated,cam0,11,1,1,1.5005215406417847
e9_top1_ungated,cam0,12,1,1,1.205627202987671
e9_top1_ungated,cam0,13,1,1,7.5421929359436035
e9_top1_ungated,cam0,14,1,1,8.315677642822266
e9_top1_ungated,cam0,15,1,1,1.9645109176635742
e9_top1_ungated,cam0,16,1,1,5.792667388916016
e9_top1_ungated,cam0,17,1,1,4.697567462921143
e9_top1_ungated,cam0,18,1,1,7.966221809387207
e9_top1_ungated,cam0,19,1,1,11.456636428833008
e9_top1_ungated,cam0,20,1,1,12.566981315612793
e9_top1_ungated,cam0,21,1,2,
e9_top1_ungated,cam0,22,1,2,
e9_top1_ungated,cam0,23,1,2,
e9_top1_ungated,cam0,24,1,2,
e9_top1_ungated,cam0,25,1,1,220.0282745361328
e9_top1_ungated,cam0,26,1,1,4.8354692459106445
e9_top1_ungated,cam0,27,1,1,7.515415191650391
e9_top1_ungated,cam0,28,1,1,9.96728515625
e9_top1_ungated,cam0,29,1,1,8.031840324401855
e9_top1_ungated,cam0,30,1,1,1.7788279056549072
e9_top1_ungated,cam0,31,1,1,3.8597538471221924
e9_top1_ungated,cam0,32,1,1,7.183459281921387
e9_top1_ungated,cam0,33,1,1,4.736203193664551
e9_top1_ungated,cam0,34,1,1,5.080023288726807
e9_top1_ungated,cam0,35,1,1,2.9734718799591064
e9_top1_ungated,cam0,36,1,1,4.9388813972473145
e9_top1_ungated,cam0,37,1,1,7.949486255645752
e9_top1_ungated,cam0,38,1,1,5.5030012130737305
e9_top1_ungated,cam0,39,1,1,7.0527801513671875
e9_top1_ungated,cam0,40,1,1,7.142620086669922
e9_top1_ungated,cam0,41,1,1,1.998319387435913
e9_top1_ungated,cam0,42,1,1,6.631723880767822
e9_top1_ungated,cam0,43,1,1,2.3578553199768066
e9_top1_ungated,cam0,44,1,1,2.8306984901428223
e9_top1_ungated,cam0,45,1,1,2.239506721496582
e9_top1_ungated,cam0,46,1,1,4.98779821395874
e9_top1_ungated,cam0,47,1,2,
e9_top1_ungated,cam0,48,1,1,3.12943696975708
e9_top1_ungated,cam0,49,1,2,
e9_top1_ungated,cam0,50,1,2,
e9_top1_ungated,cam0,51,1,2,
e9_top1_ungated,cam0,52,1,1,6.502607345581055
e9_top1_ungated,cam0,53,1,1,5.757412910461426
e9_top1_ungated,cam0,54,1,2,
e9_top1_ungated,cam0,55,1,2,
e9_top1_ungated,cam0,56,1,1,7.821857929229736
e9_top1_ungated,cam0,57,1,1,10.55517864227295
e9_top1_ungated,cam0,58,1,2,
e9_top1_ungated,cam0,59,1,2,
e9_top1_ungated,cam0,60,1,2,
e9_top1_ungated,cam0,61,1,1,5.487545013427734
e9_top1_ungated,cam0,62,1,2,
e9_top1_ungated,cam0,63,1,2,
e9_top1_ungated,cam0,64,1,1,61.50518035888672
e9_top1_ungated,cam0,65,1,2,
e9_top1_ungated,cam0,66,1,1,1.8224000930786133
e9_top1_ungated,cam0,67,1,1,7.179705619812012
e9_top1_ungated,cam0,68,1,1,4.576001167297363
e9_top1_ungated,cam0,69,1,1,5.0613694190979
e9_top1_ungated,cam0,70,1,1,8.738239288330078
e9_top1_ungated,cam0,71,1,1,8.159796714782715
e9_top1_ungated,cam0,72,1,1,8.911157608032227
e9_top1_ungated,cam0,73,1,1,8.013764381408691
e9_top1_ungated,cam0,74,1,1,7.7525634765625
e9_top1_ungated,cam0,75,1,1,10.508783340454102
e9_top1_ungated,cam0,76,1,1,10.858716011047363
e9_top1_ungated,cam0,77,1,1,8.990059852600098
e9_top1_ungated,cam0,78,1,1,6.95490026473999
e9_top1_ungated,cam0,79,1,1,2.6851165294647217
e9_top1_ungated,cam0,80,1,1,10.334794044494629
e9_top1_ungated,cam0,81,1,1,11.142629623413086
e9_top1_ungated,cam0,82,1,1,2.203988790512085
e9_top1_ungated,cam0,83,1,1,6.048546314239502
e9_top1_ungated,cam0,84,1,1,3.996706247329712
e9_top1_ungated,cam0,85,1,1,13.337708473205566
e9_top1_ungated,cam0,86,1,0,
e9_top1_ungated,cam0,87,1,0,
e9_top1_ungated,cam0,88,1,0,
e9_top1_ungated,cam0,89,1,1,1.2018234729766846
e9_top1_ungated,cam0,90,1,1,6.997513294219971
e9_top1_ungated,cam0,91,1,1,6.089676856994629
e9_top1_ungated,cam0,92,1,1,3.3442575931549072
e9_top1_ungated,cam0,93,1,1,9.851816177368164
e9_top1_ungated,cam0,94,1,1,4.850044250488281
e9_top1_ungated,cam0,95,1,1,3.0415730476379395
e9_top1_ungated,cam0,96,1,2,
e9_top1_ungated,cam0,97,1,1,4.696268081665039
e9_top1_ungated,cam0,98,1,0,
e9_top1_ungated,cam0,99,1,0,
e9_top1_ungated,cam0,100,1,0,
e9_top1_ungated,cam0,101,1,0,
e9_top1_ungated,cam0,102,1,0,
e9_top1_ungated,cam0,103,1,0,
e9_top1_ungated,cam0,104,1,0,
e9_top1_ungated,cam0,105,1,1,5.749505043029785
e9_top1_ungated,cam0,106,1,1,2.2631161212921143
e9_top1_ungated,cam0,107,1,1,10.739506721496582
e9_top1_ungated,cam0,108,1,1,11.331120491027832
e9_top1_ungated,cam0,109,1,1,12.477865219116211
e9_top1_ungated,cam0,110,1,2,
e9_top1_ungated,cam0,111,1,1,8.493070602416992
e9_top1_ungated,cam0,112,1,1,8.119686126708984
e9_top1_ungated,cam0,113,1,1,10.235201835632324
e9_top1_ungated,cam0,114,1,1,1.401362419128418
e9_top1_ungated,cam0,115,1,1,6.094278335571289
e9_top1_ungated,cam0,116,1,1,8.052793502807617
e9_top1_ungated,cam0,117,1,1,10.92310905456543
e9_top1_ungated,cam0,118,1,1,5.606823921203613
e9_top1_ungated,cam0,119,1,1,8.77826976776123
e9_top1_ungated,cam0,120,1,2,
e9_top1_ungated,cam0,121,1,2,
e9_top1_ungated,cam0,122,1,2,
e9_top1_ungated,cam0,123,1,1,4.233831882476807
e9_top1_ungated,cam0,124,1,1,2.5678458213806152
e9_top1_ungated,cam0,125,1,2,
e9_top1_ungated,cam0,126,1,1,3.535788059234619
e9_top1_ungated,cam0,127,1,1,4.546111583709717
e9_top1_ungated,cam0,128,1,1,3.734065055847168
e9_top1_ungated,cam0,129,1,1,4.512707233428955
e9_top1_ungated,cam0,130,1,1,165.11915588378906
e9_top1_ungated,cam0,131,1,1,169.27389526367188
e9_top1_ungated,cam0,132,1,1,177.05984497070312
e9_top1_ungated,cam0,133,1,1,177.8453369140625
e9_top1_ungated,cam0,134,1,2,
e9_top1_ungated,cam0,135,1,1,192.7025604248047
e9_top1_ungated,cam0,136,1,1,198.76759338378906
e9_top1_ungated,cam0,137,1,2,
e9_top1_ungated,cam0,138,1,1,205.68914794921875
e9_top1_ungated,cam0,139,1,1,215.55703735351562
e9_top1_ungated,cam0,140,1,1,203.9510040283203
e9_top1_ungated,cam0,141,1,2,
e9_top1_ungated,cam0,142,1,1,218.31494140625
e9_top1_ungated,cam0,143,1,1,221.77621459960938
e9_top1_ungated,cam0,144,1,1,225.34458923339844
e9_top1_ungated,cam0,145,1,1,163.09275817871094
e9_top1_ungated,cam0,146,1,1,4.1346588134765625
e9_top1_ungated,cam0,147,1,2,
e9_top1_ungated,cam0,148,1,1,3.164720296859741
e9_top1_ungated,cam0,149,1,1,2.845658302307129
e9_top1_ungated,cam0,150,1,1,6.423989772796631
e9_top1_ungated,cam0,151,1,1,11.899935722351074
e9_top1_ungated,cam0,152,1,1,10.097322463989258
e9_top1_ungated,cam0,153,1,1,5.20908260345459
e9_top1_ungated,cam0,154,1,1,6.02472448348999
e9_top1_ungated,cam0,155,1,1,5.571983814239502
e9_top1_ungated,cam0,156,1,1,1.5996652841567993
e9_top1_ungated,cam0,157,1,1,4.115609169006348
e9_top1_ungated,cam0,158,1,1,5.7468461990356445
e9_top1_ungated,cam0,159,1,1,1.3073331117630005
e9_top1_ungated,cam0,160,1,1,4.326404571533203
e9_top1_ungated,cam0,161,1,1,8.772318840026855
e9_top1_ungated,cam0,162,1,1,3.351804256439209
e9_top1_ungated,cam0,163,1,1,5.266002655029297
e9_top1_ungated,cam0,164,1,1,4.639642238616943
e9_top1_ungated,cam0,165,1,1,1.8598167896270752
e9_top1_ungated,cam0,166,1,1,2.601999282836914
e9_top1_ungated,cam0,167,1,1,6.104175090789795
e9_top1_ungated,cam0,168,1,1,7.364088535308838
e9_top1_ungated,cam0,169,1,1,7.273151874542236
e9_top1_ungated,cam0,170,1,1,5.752189636230469
e9_top1_ungated,cam0,171,1,1,3.2321367263793945
e9_top1_ungated,cam0,172,1,1,4.299018859863281
e9_top1_ungated,cam0,173,1,1,6.153735160827637
e9_top1_ungated,cam0,174,1,1,7.397377967834473
e9_top1_ungated,cam0,175,1,1,10.978760719299316
e9_top1_ungated,cam0,176,1,1,7.566161632537842
e9_top1_ungated,cam0,177,1,1,7.50317907333374
e9_top1_ungated,cam0,178,1,1,6.62892484664917
e9_top1_ungated,cam0,179,1,1,12.89600658416748
e9_top1_ungated,cam0,180,1,1,7.8294219970703125
e9_top1_ungated,cam0,181,1,1,7.65199613571167
e9_top1_ungated,cam0,182,1,1,13.895574569702148
e9_top1_ungated,cam0,183,1,1,12.415045738220215
e9_top1_ungated,cam0,184,1,1,11.45441722869873
e9_top1_ungated,cam0,185,1,1,10.370721817016602
e9_top1_ungated,cam0,186,1,1,10.868165969848633
e9_top1_ungated,cam0,187,1,1,8.549726486206055
e9_top1_ungated,cam0,188,1,1,9.421442031860352
e9_top1_ungated,cam0,189,1,1,10.911940574645996
e9_top1_ungated,cam0,190,1,1,8.385642051696777
e9_top1_ungated,cam0,191,1,1,438.1326904296875
e9_top1_ungated,cam0,192,1,1,444.03936767578125
e9_top1_ungated,cam0,193,1,1,449.5777587890625
e9_top1_ungated,cam0,194,1,1,9.030620574951172
e9_top1_ungated,cam0,195,1,1,9.15018081665039
e9_top1_ungated,cam0,196,1,1,10.09874153137207
e9_top1_ungated,cam0,197,1,1,8.27173137664795
e9_top1_ungated,cam0,198,1,1,6.89846134185791
e9_top1_ungated,cam0,199,1,1,7.3178324699401855
e9_top1_ungated,cam0,200,1,1,5.8190717697143555
e9_top1_ungated,cam0,201,1,1,1.7241135835647583
e9_top1_ungated,cam0,202,1,1,170.7836456298828
e9_top1_ungated,cam0,203,1,1,175.04400634765625
e9_top1_ungated,cam0,204,1,1,292.0896301269531
e9_top1_ungated,cam0,205,1,1,489.4866027832031
e9_top1_ungated,cam0,206,1,1,506.4619445800781
e9_top1_ungated,cam0,207,1,1,508.6402587890625
e9_top1_ungated,cam0,208,1,1,512.5689086914062
e9_top1_ungated,cam0,209,1,1,518.536865234375
e9_top1_ungated,cam0,210,1,1,529.0848388671875
e9_top1_ungated,cam0,211,1,1,533.555908203125
e9_top1_ungated,cam0,212,1,1,535.8359375
e9_top1_ungated,cam0,213,1,1,541.794677734375
e9_top1_ungated,cam0,214,1,1,238.90025329589844
e9_top1_ungated,cam0,215,1,1,241.6766815185547
e9_top1_ungated,cam0,216,1,1,245.76397705078125
e9_top1_ungated,cam0,217,1,1,253.85691833496094
e9_top1_ungated,cam0,218,1,0,
e9_top1_ungated,cam0,219,1,0,
e9_top1_ungated,cam0,220,1,0,
e9_top1_ungated,cam0,221,1,1,534.9154052734375
e9_top1_ungated,cam0,222,1,1,20.502111434936523
e9_top1_ungated,cam0,223,1,1,2.9930899143218994
e9_top1_ungated,cam0,224,1,1,3.0021302700042725
e9_top1_ungated,cam0,225,1,1,3.9357688426971436
e9_top1_ungated,cam0,226,1,1,2.692200183868408
e9_top1_ungated,cam0,227,1,1,8.646841049194336
e9_top1_ungated,cam0,228,1,1,9.011675834655762
e9_top1_ungated,cam0,229,1,1,7.978946685791016
e9_top1_ungated,cam0,230,1,1,11.471735954284668
e9_top1_ungated,cam0,231,1,1,6.177260398864746
e9_top1_ungated,cam0,232,1,1,8.275321960449219
e9_top1_ungated,cam0,233,1,1,4.137662410736084
e9_top1_ungated,cam0,234,1,1,7.161922931671143
e9_top1_ungated,cam0,235,1,1,4.486145496368408
e9_top1_ungated,cam0,236,1,1,8.120888710021973
e9_top1_ungated,cam0,237,1,1,5.8511528968811035
e9_top1_ungated,cam0,238,1,1,12.226546287536621
e9_top1_ungated,cam0,239,1,1,3.3859615325927734
e9_top1_ungated,cam0,240,1,1,5.91974401473999
e9_top1_ungated,cam0,241,1,1,3.531531572341919
e9_top1_ungated,cam0,242,1,1,7.353334903717041
e9_top1_ungated,cam0,243,1,2,
e9_top1_ungated,cam0,244,1,1,3.195348024368286
e9_top1_ungated,cam0,245,1,1,4.501441955566406
e9_top1_ungated,cam0,246,1,1,3.0874476432800293
e9_top1_ungated,cam0,247,1,1,1.346145510673523
e9_top1_ungated,cam0,248,1,1,6.773313999176025
e9_top1_ungated,cam0,249,1,1,8.637935638427734
e9_top1_ungated,cam0,250,1,1,5.814812660217285
e9_top1_ungated,cam0,251,1,1,5.804529666900635
e9_top1_ungated,cam0,252,1,1,1.783292293548584
e9_top1_ungated,cam0,253,1,1,7.8563971519470215
e9_top1_ungated,cam0,254,1,1,4.21494197845459
e9_top1_ungated,cam0,255,1,1,5.150755882263184
e9_top1_ungated,cam0,256,1,1,4.200449466705322
e9_top1_ungated,cam0,257,1,1,3.4489636421203613
e9_top1_ungated,cam0,258,1,1,1.0562381744384766
e9_top1_ungated,cam0,259,1,1,4.034951210021973
e9_top1_ungated,cam0,260,1,1,3.4660532474517822
e9_top1_ungated,cam0,261,1,1,3.5838935375213623
e9_top1_ungated,cam0,262,1,1,9.719167709350586
e9_top1_ungated,cam0,263,1,1,4.336916446685791
e9_top1_ungated,cam0,264,1,1,6.030162811279297
e9_top1_ungated,cam0,265,1,1,8.303768157958984
e9_top1_ungated,cam0,266,1,1,5.910043716430664
e9_top1_ungated,cam0,267,1,1,3.2391393184661865
e9_top1_ungated,cam0,268,1,1,8.097929000854492
e9_top1_ungated,cam0,269,1,1,2.2505125999450684
e9_top1_ungated,cam0,270,1,1,4.599393367767334
e9_top1_ungated,cam0,271,1,1,4.425018787384033
e9_top1_ungated,cam0,272,1,2,
e9_top1_ungated,cam0,273,1,2,
e9_top1_ungated,cam0,274,1,2,
e9_top1_ungated,cam0,275,1,1,233.15821838378906
e9_top1_ungated,cam0,276,1,2,
e9_top1_ungated,cam0,277,1,2,
e9_top1_ungated,cam0,278,1,1,66.34402465820312
e9_top1_ungated,cam0,279,1,0,
e9_top1_ungated,cam0,280,1,1,67.6825180053711
e9_top1_ungated,cam0,281,1,0,
e9_top1_ungated,cam0,282,1,0,
e9_top1_ungated,cam0,283,1,0,
e9_top1_ungated,cam0,284,1,0,
e9_top1_ungated,cam0,285,1,1,54.991485595703125
e9_top1_ungated,cam0,286,1,1,270.30401611328125
e9_top1_ungated,cam0,287,1,2,
e9_top1_ungated,cam0,288,1,1,282.6202392578125
e9_top1_ungated,cam0,289,1,1,280.9027099609375
e9_top1_ungated,cam0,290,1,1,278.4699401855469
e9_top1_ungated,cam0,291,1,1,283.0549011230469
e9_top1_ungated,cam0,292,1,2,
e9_top1_ungated,cam0,293,1,1,331.05810546875
e9_top1_ungated,cam0,294,1,1,331.7446594238281
e9_top1_ungated,cam0,295,1,1,335.0772399902344
e9_top1_ungated,cam0,296,1,1,332.0680847167969
e9_top1_ungated,cam0,297,1,1,294.72601318359375
e9_top1_ungated,cam0,298,1,1,298.1611328125
e9_top1_ungated,cam0,299,1,2,
e9_top1_ungated,cam0,300,1,1,298.2267761230469
e9_top1_ungated,cam0,301,1,1,304.8614196777344
e9_top1_ungated,cam0,302,1,1,299.1182556152344
e9_top1_ungated,cam0,303,1,2,
e9_top1_ungated,cam0,304,1,2,
e9_top1_ungated,cam0,305,1,1,322.78375244140625
e9_top1_ungated,cam0,306,1,1,66.22498321533203
e9_top1_ungated,cam0,307,1,0,
e9_top1_ungated,cam0,308,1,1,69.15324401855469
e9_top1_ungated,cam0,309,1,1,66.65087127685547
e9_top1_ungated,cam0,310,1,1,322.2498474121094
e9_top1_ungated,cam0,311,1,2,
e9_top1_ungated,cam0,312,1,2,
e9_top1_ungated,cam0,313,1,1,314.64923095703125
e9_top1_ungated,cam0,314,1,1,305.13946533203125
e9_top1_ungated,cam0,315,1,1,302.1385498046875
e9_top1_ungated,cam0,316,1,1,297.39794921875
e9_top1_ungated,cam0,317,1,1,294.78350830078125
e9_top1_ungated,cam0,318,1,1,14.089716911315918
e9_top1_ungated,cam0,319,1,1,9.149418830871582
e9_top1_ungated,cam0,320,1,1,6.314007759094238
e9_top1_ungated,cam0,321,1,1,8.88365364074707
e9_top1_ungated,cam0,322,1,1,7.548905372619629
e9_top1_ungated,cam0,323,1,1,7.978945732116699
e9_top1_ungated,cam0,324,1,1,5.207070827484131
e9_top1_ungated,cam0,325,1,1,4.573963642120361
e9_top1_ungated,cam0,326,1,1,8.603567123413086
e9_top1_ungated,cam0,327,1,1,9.562758445739746
e9_top1_ungated,cam0,328,1,1,8.771883964538574
e9_top1_ungated,cam0,329,1,1,9.827282905578613
e9_top1_ungated,cam0,330,1,1,9.73582649230957
e9_top1_ungated,cam0,331,1,1,3.160964012145996
e9_top1_ungated,cam0,332,1,1,11.155009269714355
e9_top1_ungated,cam0,333,1,1,12.095780372619629
e9_top1_ungated,cam0,334,1,1,11.86876106262207
e9_top1_ungated,cam0,335,1,1,7.613177299499512
e9_top1_ungated,cam0,336,1,1,8.872563362121582
e9_top1_ungated,cam0,337,1,2,
e9_top1_ungated,cam0,338,1,1,4.911535263061523
e9_top1_ungated,cam0,339,1,1,3.311713457107544
e9_top1_ungated,cam0,340,1,1,4.732883930206299
e9_top1_ungated,cam0,341,1,1,5.107126712799072
e9_top1_ungated,cam0,342,1,1,1.6087610721588135
e9_top1_ungated,cam0,343,1,1,3.499887228012085
e9_top1_ungated,cam0,344,1,1,8.18663215637207
e9_top1_ungated,cam0,345,1,2,
e9_top1_ungated,cam0,346,1,1,2.450413703918457
e9_top1_ungated,cam0,347,1,1,5.20741081237793
e9_top1_ungated,cam0,348,1,1,5.035435199737549
e9_top1_ungated,cam0,349,1,1,4.710028648376465
e9_top1_ungated,cam0,350,1,1,5.422492027282715
e9_top1_ungated,cam0,351,1,1,5.17953634262085
e9_top1_ungated,cam0,352,1,1,4.373013019561768
e9_top1_ungated,cam0,353,1,1,9.182516098022461
e9_top1_ungated,cam0,354,1,1,6.397169589996338
e9_top1_ungated,cam0,355,1,1,6.819911956787109
e9_top1_ungated,cam0,356,1,1,4.278142929077148
e9_top1_ungated,cam0,357,1,1,5.363213539123535
e9_top1_ungated,cam0,358,1,1,6.314023971557617
e9_top1_ungated,cam0,359,1,1,0.9964409470558167
e9_top1_ungated,cam0,360,1,1,5.624523639678955
e9_top1_ungated,cam0,361,1,1,5.500205993652344
e9_top1_ungated,cam0,362,1,1,4.060451984405518
e9_top1_ungated,cam0,363,1,1,6.916144847869873
e9_top1_ungated,cam0,364,1,1,7.346762657165527
e9_top1_ungated,cam0,365,1,1,4.319126129150391
e9_top1_ungated,cam0,366,1,1,4.133842945098877
e9_top1_ungated,cam0,367,1,1,7.257272720336914
e9_top1_ungated,cam0,368,1,1,3.220214605331421
e9_top1_ungated,cam0,369,1,1,2.8448572158813477
e9_top1_ungated,cam0,370,1,1,6.999418258666992
e9_top1_ungated,cam0,371,1,1,1.2758129835128784
e9_top1_ungated,cam0,372,1,1,2.911998748779297
e9_top1_ungated,cam0,373,1,1,3.330333948135376
e9_top1_ungated,cam0,374,1,1,1.7849271297454834
e9_top1_ungated,cam0,375,1,1,3.9248154163360596
e9_top1_ungated,cam0,376,1,1,4.378500938415527
e9_top1_ungated,cam0,377,1,1,2.5635547637939453
e9_top1_ungated,cam0,378,1,1,1.2023204565048218
e9_top1_ungated,cam0,379,1,1,2.2629215717315674
e9_top1_ungated,cam0,380,1,1,3.0878021717071533
e9_top1_ungated,cam0,381,1,1,3.5521912574768066
e9_top1_ungated,cam0,382,1,1,1.696450114250183
e9_top1_ungated,cam0,383,1,1,2.4827489852905273
e9_top1_ungated,cam0,384,1,1,5.677507400512695
e9_top1_ungated,cam0,385,1,1,3.5099804401397705
e9_top1_ungated,cam0,386,1,1,0.7695756554603577
e9_top1_ungated,cam0,387,1,1,0.7327433824539185
e9_top1_ungated,cam0,388,1,1,1.6159545183181763
e9_top1_ungated,cam0,389,1,1,3.189025402069092
e9_top1_ungated,cam0,390,1,1,5.003519535064697
e9_top1_ungated,cam0,391,1,1,3.777134418487549
e9_top1_ungated,cam0,392,1,1,1.6778974533081055
e9_top1_ungated,cam0,393,1,1,0.7765902876853943
e9_top1_ungated,cam0,394,1,1,1.0141621828079224
e9_top1_ungated,cam0,395,1,1,6.363070011138916
e9_top1_ungated,cam0,396,1,1,0.4870266020298004
e9_top1_ungated,cam0,397,1,1,7.296238422393799
e9_top1_ungated,cam0,398,1,1,5.669060707092285
e9_top1_ungated,cam0,399,1,1,5.181812763214111
e9_top1_ungated,cam0,400,1,1,5.33063268661499
e9_top1_ungated,cam0,401,1,1,3.8353841304779053
e9_top1_ungated,cam0,402,1,1,5.0942702293396
e9_top1_ungated,cam0,403,1,1,8.453193664550781
e9_top1_ungated,cam0,404,1,1,6.524036407470703
e9_top1_ungated,cam0,405,1,1,3.3773117065429688
e9_top1_ungated,cam0,406,1,1,7.604349613189697
e9_top1_ungated,cam0,407,1,1,14.398443222045898
e9_top1_ungated,cam0,408,1,1,6.698143005371094
e9_top1_ungated,cam0,409,1,1,9.123003959655762
e9_top1_ungated,cam0,410,1,1,10.117443084716797
e9_top1_ungated,cam0,411,1,1,5.216371059417725
e9_top1_ungated,cam0,412,1,1,6.40160608291626
e9_top1_ungated,cam0,413,1,1,3.3971149921417236
e9_top1_ungated,cam0,414,1,1,5.270138740539551
e9_top1_ungated,cam0,415,1,1,9.33493709564209
e9_top1_ungated,cam0,416,1,1,7.898195266723633
e9_top1_ungated,cam0,417,1,1,5.006325721740723
e9_top1_ungated,cam0,418,1,1,2.523409128189087
e9_top1_ungated,cam0,419,1,1,1.8608835935592651
e9_top1_ungated,cam0,420,1,1,4.326145648956299
e9_top1_ungated,cam0,421,1,1,4.813649654388428
e9_top1_ungated,cam0,422,1,1,9.716191291809082
e9_top1_ungated,cam0,423,1,1,3.2628276348114014
e9_top1_ungated,cam0,424,1,1,7.518440246582031
e9_top1_ungated,cam0,425,1,1,444.90576171875
e9_top1_ungated,cam0,426,1,1,498.14154052734375
e9_top1_ungated,cam0,427,1,1,503.2701721191406
e9_top1_ungated,cam0,428,1,0,
e9_top1_ungated,cam0,429,1,0,
e9_top1_ungated,cam0,430,1,0,
e9_top1_ungated,cam0,431,1,0,
e9_top1_ungated,cam0,432,1,0,
e9_top1_ungated,cam0,433,1,1,12.31460189819336
e9_top1_ungated,cam0,434,1,1,3.7000691890716553
e9_top1_ungated,cam0,435,1,1,7.940291881561279
e9_top1_ungated,cam0,436,1,1,5.272778511047363
e9_top1_ungated,cam0,437,1,1,3.3408467769622803
e9_top1_ungated,cam0,438,1,1,2.271164655685425
e9_top1_ungated,cam0,439,1,1,3.8145699501037598
e9_top1_ungated,cam0,440,1,1,6.850815773010254
e9_top1_ungated,cam0,441,1,1,3.9234554767608643
e9_top1_ungated,cam0,442,1,1,2.8632144927978516
e9_top1_ungated,cam0,443,1,1,8.030029296875
e9_top1_ungated,cam0,444,1,1,4.908637046813965
e9_top1_ungated,cam0,445,1,1,3.8597679138183594
e9_top1_ungated,cam0,446,1,1,3.7523624897003174
e9_top1_ungated,cam0,447,1,1,4.749051094055176
e9_top1_ungated,cam0,448,1,1,1.7129892110824585
e9_top1_ungated,cam0,449,1,1,5.057348251342773
e9_top1_ungated,cam0,450,1,1,7.002285480499268
e9_top1_ungated,cam0,451,1,1,4.91616678237915
e9_top1_ungated,cam0,452,1,1,3.656895160675049
e9_top1_ungated,cam0,453,1,1,5.320700645446777
e9_top1_ungated,cam0,454,1,1,5.102816581726074
e9_top1_ungated,cam0,455,1,1,6.499888896942139
e9_top1_ungated,cam0,456,1,1,10.565956115722656
e9_top1_ungated,cam0,457,1,1,8.434808731079102
e9_top1_ungated,cam0,458,1,1,8.793145179748535
e9_top1_ungated,cam0,459,1,1,7.6997575759887695
e9_top1_ungated,cam0,460,1,1,7.271799564361572
e9_top1_ungated,cam0,461,1,1,11.645646095275879
e9_top1_ungated,cam0,462,1,1,5.567259311676025
e9_top1_ungated,cam0,463,1,1,6.25818395614624
e9_top1_ungated,cam0,464,1,1,6.904008865356445
e9_top1_ungated,cam0,465,1,1,4.306756019592285
e9_top1_ungated,cam0,466,1,2,
e9_top1_ungated,cam0,467,1,1,6.7373528480529785
e9_top1_ungated,cam0,468,1,1,6.081075191497803
e9_top1_ungated,cam0,469,1,1,7.33254337310791
e9_top1_ungated,cam0,470,1,1,7.339334011077881
e9_top1_ungated,cam0,471,1,1,6.379461288452148
e9_top1_ungated,cam0,472,1,1,4.895567417144775
e9_top1_ungated,cam0,473,1,1,4.402298927307129
e9_top1_ungated,cam0,474,1,1,6.159816265106201
e9_top1_ungated,cam0,475,1,1,3.0359387397766113
e9_top1_ungated,cam0,476,1,1,3.7783617973327637
e9_top1_ungated,cam0,477,1,1,0.5430483222007751
e9_top1_ungated,cam0,478,1,1,4.5217766761779785
e9_top1_ungated,cam0,479,1,1,8.241936683654785
e9_top1_ungated,cam0,480,1,1,9.91845417022705
e9_top1_ungated,cam0,481,1,1,7.907885551452637
e9_top1_ungated,cam0,482,1,1,3.812084436416626
e9_top1_ungated,cam0,483,1,1,4.738208770751953
e9_top1_ungated,cam0,484,1,1,5.99027681350708
e9_top1_ungated,cam0,485,1,1,8.016716957092285
e9_top1_ungated,cam0,486,1,1,4.869410991668701
e9_top1_ungated,cam0,487,1,1,4.686312675476074
e9_top1_ungated,cam0,488,1,1,5.653487205505371
e9_top1_ungated,cam0,489,1,1,4.398566722869873
e9_top1_ungated,cam0,490,1,1,8.105169296264648
e9_top1_ungated,cam0,491,1,1,9.155950546264648
e9_top1_ungated,cam0,492,1,1,7.675327301025391
e9_top1_ungated,cam0,493,1,1,4.215338230133057
e9_top1_ungated,cam0,494,1,0,
e9_top1_ungated,cam0,495,1,0,
e9_top1_ungated,cam0,496,1,0,
e9_top1_ungated,cam0,497,1,0,
e9_top1_ungated,cam0,498,1,1,2.0640673637390137
e9_top1_ungated,cam0,499,1,0,
e9_top1_ungated,cam0,500,1,0,
e9_top1_ungated,cam0,501,1,0,
e9_top1_ungated,cam0,502,1,0,
e9_top1_ungated,cam0,503,1,0,
e9_top1_ungated,cam0,504,1,0,
e9_top1_ungated,cam0,505,1,1,78.18221282958984
e9_top1_ungated,cam0,506,1,1,6.584606170654297
e9_top1_ungated,cam0,507,1,1,2.5442516803741455
e9_top1_ungated,cam0,508,1,1,4.795042991638184
e9_top1_ungated,cam0,509,1,1,6.531907558441162
e9_top1_ungated,cam0,510,1,1,12.70361042022705
e9_top1_ungated,cam0,511,1,1,13.28602123260498
e9_top1_ungated,cam0,512,1,1,12.683465003967285
e9_top1_ungated,cam0,513,1,1,7.6363525390625
e9_top1_ungated,cam0,514,1,1,9.911144256591797
e9_top1_ungated,cam0,515,1,1,10.503179550170898
e9_top1_ungated,cam0,516,1,1,10.498810768127441
e9_top1_ungated,cam0,517,1,1,16.120410919189453
e9_top1_ungated,cam0,518,1,1,20.074787139892578
e9_top1_ungated,cam0,519,1,1,14.156740188598633
e9_top1_ungated,cam0,520,1,1,7.5760040283203125
e9_top1_ungated,cam0,521,1,1,5.495163917541504
e9_top1_ungated,cam0,522,1,1,8.253418922424316
e9_top1_ungated,cam0,523,1,1,7.154165744781494
e9_top1_ungated,cam0,524,1,1,3.678748607635498
e9_top1_ungated,cam0,525,1,1,3.1393070220947266
e9_top1_ungated,cam0,526,1,1,5.998795032501221
e9_top1_ungated,cam0,527,1,1,6.008481502532959
e9_top1_ungated,cam0,528,1,1,6.40123987197876
e9_top1_ungated,cam0,529,1,1,5.135843276977539
e9_top1_ungated,cam0,530,1,1,6.4942169189453125
e9_top1_ungated,cam0,531,1,1,3.084681510925293
e9_top1_ungated,cam0,532,1,1,6.3620405197143555
e9_top1_ungated,cam0,533,1,1,10.657393455505371
e9_top1_ungated,cam0,534,1,1,8.56229305267334
e9_top1_ungated,cam0,535,1,1,6.889975070953369
e9_top1_ungated,cam0,536,1,1,7.376139163970947
e9_top1_ungated,cam0,537,1,1,8.0313720703125
e9_top1_ungated,cam0,538,1,1,4.8822712898254395
e9_top1_ungated,cam0,539,1,2,
e9_top1_ungated,cam0,540,1,2,
e9_top1_ungated,cam0,541,1,1,7.427217483520508
e9_top1_ungated,cam0,542,1,1,4.669672966003418
e9_top1_ungated,cam0,543,1,1,3.976886510848999
e9_top1_ungated,cam0,544,1,1,5.738015174865723
e9_top1_ungated,cam0,545,1,1,9.466132164001465
e9_top1_ungated,cam0,546,1,1,507.1882629394531
e9_top1_ungated,cam0,547,1,1,5.552367210388184
e9_top1_ungated,cam0,548,1,1,8.901082992553711
e9_top1_ungated,cam0,549,1,1,8.630389213562012
e9_top1_ungated,cam0,550,1,1,472.8187561035156
e9_top1_ungated,cam0,551,1,1,456.3050842285156
e9_top1_ungated,cam0,552,1,1,455.20172119140625
e9_top1_ungated,cam0,553,1,1,447.6494445800781
e9_top1_ungated,cam0,554,1,1,433.5888671875
e9_top1_ungated,cam0,555,1,0,
e9_top1_ungated,cam0,556,1,0,
e9_top1_ungated,cam0,557,1,0,
e9_top1_ungated,cam0,558,1,0,
e9_top1_ungated,cam0,559,1,0,
e9_top1_ungated,cam0,560,1,1,7.985708236694336
e9_top1_ungated,cam0,561,1,1,8.035894393920898
e9_top1_ungated,cam0,562,1,1,7.4980645179748535
e9_top1_ungated,cam0,563,1,1,4.974555969238281
e9_top1_ungated,cam0,564,1,1,5.8895649909973145
e9_top1_ungated,cam0,565,1,1,7.633049964904785
e9_top1_ungated,cam0,566,1,1,8.8283052444458
e9_top1_ungated,cam0,567,1,1,11.4021635055542
e9_top1_ungated,cam0,568,1,1,3.8776021003723145
e9_top1_ungated,cam0,569,1,1,8.191119194030762
e9_top1_ungated,cam0,570,1,1,4.568897247314453
e9_top1_ungated,cam0,571,1,1,5.059349536895752
e9_top1_ungated,cam0,572,1,1,2.6998302936553955
e9_top1_ungated,cam0,573,1,1,1.936258316040039
e9_top1_ungated,cam0,574,1,1,4.5025858879089355
e9_top1_ungated,cam0,575,1,1,7.501338958740234
e9_top1_ungated,cam0,576,1,1,9.324719429016113
e9_top1_ungated,cam0,577,1,1,3.96529483795166
e9_top1_ungated,cam0,578,1,1,5.786566734313965
e9_top1_ungated,cam0,579,1,1,4.220299243927002
e9_top1_ungated,cam0,580,1,1,1.654068112373352
e9_top1_ungated,cam0,581,1,1,7.864648818969727
e9_top1_ungated,cam0,582,1,1,1.493045687675476
e9_top1_ungated,cam0,583,1,1,3.0963950157165527
e9_top1_ungated,cam0,584,1,1,6.871428966522217
e9_top1_ungated,cam0,585,1,1,2.4891161918640137
e9_top1_ungated,cam0,586,1,1,3.741339683532715
e9_top1_ungated,cam0,587,1,1,2.1297523975372314
e9_top1_ungated,cam0,588,1,1,3.56442928314209
e9_top1_ungated,cam0,589,1,1,4.046745777130127
e9_top1_ungated,cam0,590,1,1,0.48991236090660095
e9_top1_ungated,cam0,591,1,1,5.4921555519104
e9_top1_ungated,cam0,592,1,1,2.2101285457611084
e9_top1_ungated,cam0,593,1,1,1.999775767326355
e9_top1_ungated,cam0,594,1,1,5.702104568481445
e9_top1_ungated,cam0,595,1,1,1.2373192310333252
e9_top1_ungated,cam0,596,1,1,7.57468843460083
e9_top1_ungated,cam0,597,1,1,1.2750989198684692
e9_top1_ungated,cam0,598,1,1,2.9907424449920654
e9_top1_ungated,cam0,599,1,1,4.380864143371582
e9_top1_ungated,cam0,600,1,1,3.8864850997924805
e9_top1_ungated,cam0,601,1,1,2.7341971397399902
e9_top1_ungated,cam0,602,1,1,7.85538387298584
e9_top1_ungated,cam0,603,1,1,6.218764305114746
e9_top1_ungated,cam0,604,1,1,6.781779766082764
e9_top1_ungated,cam0,605,1,1,12.659442901611328
e9_top1_ungated,cam0,606,1,1,4.994940280914307
e9_top1_ungated,cam0,607,1,1,8.441529273986816
e9_top1_ungated,cam0,608,1,1,9.45751953125
e9_top1_ungated,cam0,609,1,1,5.059882164001465
e9_top1_ungated,cam0,610,1,1,7.998400688171387
e9_top1_ungated,cam0,611,1,1,5.9323883056640625
e9_top1_ungated,cam0,612,1,1,5.769429683685303
e9_top1_ungated,cam0,613,1,1,2.7142395973205566
e9_top1_ungated,cam0,614,1,1,4.729542255401611
e9_top1_ungated,cam0,615,1,1,5.201630115509033
e9_top1_ungated,cam0,616,1,1,4.756913185119629
e9_top1_ungated,cam0,617,1,1,4.979031085968018
e9_top1_ungated,cam0,618,1,1,7.923961639404297
e9_top1_ungated,cam0,619,1,1,10.69202995300293
e9_top1_ungated,cam0,620,1,1,8.924216270446777
e9_top1_ungated,cam0,621,1,1,14.88146686553955
e9_top1_ungated,cam0,622,1,0,
e9_top1_ungated,cam0,623,1,1,18.43490219116211
e9_top1_ungated,cam0,624,1,1,5.49505615234375
e9_top1_ungated,cam0,625,1,1,1.56014084815979
e9_top1_ungated,cam0,626,1,1,7.331381797790527
e9_top1_ungated,cam0,627,1,1,5.397271633148193
e9_top1_ungated,cam0,628,1,1,3.8666319847106934
e9_top1_ungated,cam0,629,1,1,7.875340461730957
e9_top1_ungated,cam0,630,1,1,6.845452785491943
e9_top1_ungated,cam0,631,1,1,7.386051654815674
e9_top1_ungated,cam0,632,1,2,
e9_top1_ungated,cam0,633,1,2,
e9_top1_ungated,cam0,634,1,2,
e9_top1_ungated,cam0,635,1,2,
e9_top1_ungated,cam0,636,1,1,328.35870361328125
e9_top1_ungated,cam0,637,1,2,
e9_top1_ungated,cam0,638,1,2,
e9_top1_ungated,cam0,639,1,1,7.961114883422852
e9_top1_ungated,cam0,640,1,1,4.928046703338623
e9_top1_ungated,cam0,641,1,2,
e9_top1_ungated,cam0,642,1,1,7.532580375671387
e9_top1_ungated,cam0,643,1,1,6.903749465942383
e9_top1_ungated,cam0,644,1,1,0.688563346862793
e9_top1_ungated,cam0,645,1,1,2.8000707626342773
e9_top1_ungated,cam0,646,1,1,6.552343368530273
e9_top1_ungated,cam0,647,1,1,8.530224800109863
e9_top1_ungated,cam0,648,1,1,1.2349289655685425
e9_top1_ungated,cam0,649,1,1,4.7671427726745605
e9_top1_ungated,cam0,650,1,1,3.880949020385742
e9_top1_ungated,cam0,651,1,1,2.1281039714813232
e9_top1_ungated,cam0,652,1,2,
e9_top1_ungated,cam0,653,1,1,3.107961416244507
e9_top1_ungated,cam0,654,1,1,5.913149833679199
e9_top1_ungated,cam0,655,1,1,4.776062965393066
e9_top1_ungated,cam0,656,1,1,7.2942657470703125
e9_top1_ungated,cam0,657,1,1,8.613799095153809
e9_top1_ungated,cam0,658,1,1,9.018486976623535
e9_top1_ungated,cam0,659,1,1,9.137696266174316
e9_top1_ungated,cam0,660,1,1,7.555775165557861
e9_top1_ungated,cam0,661,1,1,4.072831153869629
e9_top1_ungated,cam0,662,1,1,9.355602264404297
e9_top1_ungated,cam0,663,1,1,9.450277328491211
e9_top1_ungated,cam0,664,1,1,8.691937446594238
e9_top1_ungated,cam0,665,1,1,9.137532234191895
e9_top1_ungated,cam0,666,1,1,7.451676845550537
e9_top1_ungated,cam0,667,1,1,8.213676452636719
e9_top1_ungated,cam0,668,1,1,4.988977909088135
e9_top1_ungated,cam0,669,1,1,2.54675030708313
e9_top1_ungated,cam0,670,1,1,6.042273044586182
e9_top1_ungated,cam0,671,1,1,8.372293472290039
e9_top1_ungated,cam0,672,1,1,13.07601547241211
e9_top1_ungated,cam0,673,1,1,10.396051406860352
e9_top1_ungated,cam0,674,1,1,2.136761426925659
e9_top1_ungated,cam0,675,1,1,3.2122483253479004
e9_top1_ungated,cam0,676,1,1,3.9525272846221924
e9_top1_ungated,cam0,677,1,1,6.731494426727295
e9_top1_ungated,cam0,678,1,1,4.822725296020508
e9_top1_ungated,cam0,679,1,1,6.462766647338867
e9_top1_ungated,cam0,680,1,1,8.170454978942871
e9_top1_ungated,cam0,681,1,1,6.129083633422852
e9_top1_ungated,cam0,682,1,1,7.461465835571289
e9_top1_ungated,cam0,683,1,1,8.617953300476074
e9_top1_ungated,cam0,684,1,1,6.559314250946045
e9_top1_ungated,cam0,685,1,1,4.870824337005615
e9_top1_ungated,cam0,686,1,1,5.692223072052002
e9_top1_ungated,cam0,687,1,1,11.38621997833252
e9_top1_ungated,cam0,688,1,1,9.74736213684082
e9_top1_ungated,cam0,689,1,1,4.898650646209717
e9_top1_ungated,cam0,690,1,1,1.2138928174972534
e9_top1_ungated,cam0,691,1,2,
e9_top1_ungated,cam0,692,1,2,
e9_top1_ungated,cam0,693,1,1,4.783385753631592
e9_top1_ungated,cam0,694,1,1,9.4755859375
e9_top1_ungated,cam0,695,1,1,9.391716003417969
e9_top1_ungated,cam0,696,1,2,
e9_top1_ungated,cam0,697,1,2,
e9_top1_ungated,cam0,698,1,1,6.277580261230469
e9_top1_ungated,cam0,699,1,1,3.380223035812378
e9_top1_ungated,cam0,700,1,1,6.220111846923828
e9_top1_ungated,cam0,701,1,1,9.699138641357422
e9_top1_ungated,cam0,702,1,1,3.5577592849731445
e9_top1_ungated,cam0,703,1,1,4.303860664367676
e9_top1_ungated,cam0,704,1,1,3.4456465244293213
e9_top1_ungated,cam0,705,1,1,3.4097349643707275
e9_top1_ungated,cam0,706,1,1,13.185524940490723
e9_top1_ungated,cam0,707,1,1,11.809747695922852
e9_top1_ungated,cam0,708,1,1,9.15290355682373
e9_top1_ungated,cam0,709,1,1,7.76690673828125
e9_top1_ungated,cam0,710,1,1,5.772233486175537
e9_top1_ungated,cam0,711,1,1,4.705633640289307
e9_top1_ungated,cam0,712,1,1,2.224433422088623
e9_top1_ungated,cam0,713,1,2,
e9_top1_ungated,cam0,714,1,1,78.14686584472656
e9_top1_ungated,cam0,715,1,0,
e9_top1_ungated,cam0,716,1,0,
e9_top1_ungated,cam0,717,1,0,
e9_top1_ungated,cam0,718,1,0,
e9_top1_ungated,cam0,719,1,0,
e9_top1_ungated,cam0,720,1,0,
e9_top1_ungated,cam0,721,1,0,
e9_top1_ungated,cam0,722,1,0,
e9_top1_ungated,cam0,723,1,0,
e9_top1_ungated,cam0,724,1,1,284.6620178222656
e9_top1_ungated,cam0,725,1,1,7.470611572265625
e9_top1_ungated,cam0,726,1,1,4.307497501373291
e9_top1_ungated,cam0,727,1,1,6.633860111236572
e9_top1_ungated,cam0,728,1,1,4.4345269203186035
e9_top1_ungated,cam0,729,1,1,6.499520301818848
e9_top1_ungated,cam0,730,1,1,7.503313064575195
e9_top1_ungated,cam0,731,1,1,5.539687633514404
e9_top1_ungated,cam0,732,1,1,5.708506107330322
e9_top1_ungated,cam0,733,1,1,2.871833086013794
e9_top1_ungated,cam0,734,1,1,3.1414222717285156
e9_top1_ungated,cam0,735,1,1,1.643950343132019
e9_top1_ungated,cam0,736,1,1,2.479374647140503
e9_top1_ungated,cam0,737,1,1,4.971399784088135
e9_top1_ungated,cam0,738,1,1,3.7815396785736084
e9_top1_ungated,cam0,739,1,1,2.2196640968322754
e9_top1_ungated,cam0,740,1,1,3.507387638092041
e9_top1_ungated,cam0,741,1,1,3.424994945526123
e9_top1_ungated,cam0,742,1,1,2.6652133464813232
e9_top1_ungated,cam0,743,1,1,3.7787322998046875
e9_top1_ungated,cam0,744,1,1,2.870816946029663
e9_top1_ungated,cam0,745,1,1,3.260406732559204
e9_top1_ungated,cam0,746,1,1,0.8886124491691589
e9_top1_ungated,cam0,747,1,1,2.767681121826172
e9_top1_ungated,cam0,748,1,1,0.3853904604911804
e9_top1_ungated,cam0,749,1,1,0.820733368396759
e9_top1_ungated,cam0,750,1,1,11.613426208496094
e9_top1_ungated,cam0,751,1,1,14.002894401550293
e9_top1_ungated,cam0,752,1,1,12.052254676818848
e9_top1_ungated,cam0,753,1,1,10.714661598205566
e9_top1_ungated,cam0,754,1,1,1.011222243309021
e9_top1_ungated,cam0,755,1,1,3.1194310188293457
e9_top1_ungated,cam0,756,1,1,9.177193641662598
e9_top1_ungated,cam0,757,1,1,18.441621780395508
e9_top1_ungated,cam0,758,1,1,9.28630542755127
e9_top1_ungated,cam0,759,1,1,2.2754666805267334
e9_top1_ungated,cam0,760,1,1,1.1636427640914917
e9_top1_ungated,cam0,761,1,1,1.9573769569396973
e9_top1_ungated,cam0,762,1,1,471.197021484375
e9_top1_ungated,cam0,763,1,1,473.38531494140625
e9_top1_ungated,cam0,764,1,1,478.6202392578125
e9_top1_ungated,cam0,765,1,1,483.21038818359375
e9_top1_ungated,cam0,766,1,1,485.4331359863281
e9_top1_ungated,cam0,767,1,1,491.1223449707031
e9_top1_ungated,cam0,768,1,2,
e9_top1_ungated,cam0,769,1,1,509.6861572265625
e9_top1_ungated,cam0,770,1,1,505.10162353515625
e9_top1_ungated,cam0,771,1,1,508.60382080078125
e9_top1_ungated,cam0,772,1,1,510.4798583984375
e9_top1_ungated,cam0,773,1,1,516.5830078125
e9_top1_ungated,cam0,774,1,1,521.6776733398438
e9_top1_ungated,cam0,775,1,1,529.0668334960938
e9_top1_ungated,cam0,776,1,1,529.5618896484375
e9_top1_ungated,cam0,777,1,1,534.866943359375
e9_top1_ungated,cam0,778,1,1,533.3043212890625
e9_top1_ungated,cam0,779,1,2,
e9_top1_ungated,cam0,780,1,1,547.6783447265625
e9_top1_ungated,cam0,781,1,2,
e9_top1_ungated,cam0,782,1,1,55.13902282714844
e9_top1_ungated,cam0,783,1,1,57.11272048950195
e9_top1_ungated,cam0,784,1,1,59.23249816894531
e9_top1_ungated,cam0,785,1,1,6.043317794799805
e9_top1_ungated,cam0,786,1,1,12.397400856018066
e9_top1_ungated,cam0,787,1,2,
e9_top1_ungated,cam0,788,1,1,13.858806610107422
e9_top1_ungated,cam0,789,1,1,11.685674667358398
e9_top1_ungated,cam0,790,1,1,9.044870376586914
e9_top1_ungated,cam0,791,1,1,6.335656642913818
e9_top1_ungated,cam0,792,1,1,3.3663415908813477
e9_top1_ungated,cam0,793,1,1,3.0144028663635254
e9_top1_ungated,cam0,794,1,1,2.640740156173706
e9_top1_ungated,cam0,795,1,1,2.3483991622924805
e9_top1_ungated,cam0,796,1,2,
e9_top1_ungated,cam0,797,1,1,5.0295796394348145
e9_top1_ungated,cam0,798,1,1,7.810297012329102
e9_top1_ungated,cam0,799,1,1,7.4885101318359375
e9_top1_ungated,cam0,800,1,1,9.378081321716309
e9_top1_ungated,cam0,801,1,2,
e9_top1_ungated,cam0,802,1,1,7.069137096405029
e9_top1_ungated,cam0,803,1,1,1.6720553636550903
e9_top1_ungated,cam0,804,1,1,8.70611572265625
e9_top1_ungated,cam0,805,1,2,
e9_top1_ungated,cam0,806,1,1,11.29983139038086
e9_top1_ungated,cam0,807,1,1,597.0558471679688
e9_top1_ungated,cam0,808,1,0,
e9_top1_ungated,cam0,809,1,0,
e9_top1_ungated,cam0,810,1,0,
e9_top1_ungated,cam0,811,1,0,
e9_top1_ungated,cam0,812,1,0,
e9_top1_ungated,cam0,813,1,0,
e9_top1_ungated,cam0,814,1,0,
e9_top1_ungated,cam0,815,1,1,2.3725435733795166
e9_top1_ungated,cam0,816,1,2,
e9_top1_ungated,cam0,817,1,2,
e9_top1_ungated,cam0,818,1,2,
e9_top1_ungated,cam0,819,1,1,3.760064125061035
e9_top1_ungated,cam0,820,1,1,3.390533447265625
e9_top1_ungated,cam0,821,1,1,2.4082705974578857
e9_top1_ungated,cam0,822,1,1,2.4494056701660156
e9_top1_ungated,cam0,823,1,1,5.964824676513672
e9_top1_ungated,cam0,824,1,1,3.0782511234283447
e9_top1_ungated,cam0,825,1,1,6.81045389175415
e9_top1_ungated,cam0,826,1,1,1.1393989324569702
e9_top1_ungated,cam0,827,1,1,2.65834641456604
e9_top1_ungated,cam0,828,1,1,4.057342529296875
e9_top1_ungated,cam0,829,1,1,2.7312793731689453
e9_top1_ungated,cam0,830,1,1,5.725564002990723
e9_top1_ungated,cam0,831,1,1,8.725160598754883
e9_top1_ungated,cam0,832,1,1,9.357954978942871
e9_top1_ungated,cam0,833,1,1,11.9684419631958
e9_top1_ungated,cam0,834,1,1,1.583093285560608
e9_top1_ungated,cam0,835,1,1,3.9066390991210938
e9_top1_ungated,cam0,836,1,1,6.951231002807617
e9_top1_ungated,cam0,837,1,1,11.857244491577148
e9_top1_ungated,cam0,838,1,1,5.324109077453613
e9_top1_ungated,cam0,839,1,1,1.4847968816757202
e9_top1_ungated,cam0,840,1,1,6.10195779800415
e9_top1_ungated,cam0,841,1,1,4.974834442138672
e9_top1_ungated,cam0,842,1,1,4.663403034210205
e9_top1_ungated,cam0,843,1,2,
e9_top1_ungated,cam0,844,1,1,5.690911769866943
e9_top1_ungated,cam0,845,1,1,4.264888286590576
e9_top1_ungated,cam0,846,1,1,2.25655460357666
e9_top1_ungated,cam0,847,1,1,4.235771656036377
e9_top1_ungated,cam0,848,1,1,7.2839202880859375
e9_top1_ungated,cam0,849,1,1,5.4722514152526855
e9_top1_ungated,cam0,850,1,1,6.744287490844727
e9_top1_ungated,cam0,851,1,1,12.456311225891113
e9_top1_ungated,cam0,852,1,1,0.37809818983078003
e9_top1_ungated,cam0,853,1,1,2.182605266571045
e9_top1_ungated,cam0,854,1,1,1.4612195491790771
e9_top1_ungated,cam0,855,1,1,7.412919044494629
e9_top1_ungated,cam0,856,1,1,3.2379817962646484
e9_top1_ungated,cam0,857,1,1,4.5763702392578125
e9_top1_ungated,cam0,858,1,1,6.943775177001953
e9_top1_ungated,cam0,859,1,1,6.418004989624023
e9_top1_ungated,cam0,860,1,1,4.166258811950684
e9_top1_ungated,cam0,861,1,1,3.074923276901245
e9_top1_ungated,cam0,862,1,1,1.485657811164856
e9_top1_ungated,cam0,863,1,1,2.896212100982666
e9_top1_ungated,cam0,864,1,1,6.332220554351807
e9_top1_ungated,cam0,865,1,1,4.909883975982666
e9_top1_ungated,cam0,866,1,1,6.1952409744262695
e9_top1_ungated,cam0,867,1,1,7.160918235778809
e9_top1_ungated,cam0,868,1,1,4.711029529571533
e9_top1_ungated,cam0,869,1,1,5.765345573425293
e9_top1_ungated,cam0,870,1,1,4.517337799072266
e9_top1_ungated,cam0,871,1,1,8.303947448730469
e9_top1_ungated,cam0,872,1,1,9.727612495422363
e9_top1_ungated,cam0,873,1,1,7.9617156982421875
e9_top1_ungated,cam0,874,1,1,12.384774208068848
e9_top1_ungated,cam0,875,1,1,17.60946273803711
e9_top1_ungated,cam0,876,1,1,19.30512046813965
e9_top1_ungated,cam0,877,1,1,10.32561206817627
e9_top1_ungated,cam0,878,1,1,9.110982894897461
e9_top1_ungated,cam0,879,1,1,11.516278266906738
e9_top1_ungated,cam0,880,1,1,10.605944633483887
e9_top1_ungated,cam0,881,1,1,13.426464080810547
e9_top1_ungated,cam0,882,1,1,7.079616546630859
e9_top1_ungated,cam0,883,1,1,6.495123386383057
e9_top1_ungated,cam0,884,1,1,7.067227363586426
e9_top1_ungated,cam0,885,1,1,7.4620442390441895
e9_top1_ungated,cam0,886,1,1,68.24950408935547
e9_top1_ungated,cam0,887,1,1,63.292720794677734
e9_top1_ungated,cam0,888,1,1,73.95879364013672
e9_top1_ungated,cam0,889,1,1,77.87158203125
e9_top1_ungated,cam0,890,1,1,83.71858978271484
e9_top1_ungated,cam0,891,1,1,90.50177001953125
e9_top1_ungated,cam0,892,1,1,0.9170604348182678
e9_top1_ungated,cam0,893,1,1,2.0287203788757324
e9_top1_ungated,cam0,894,1,1,7.753747463226318
e9_top1_ungated,cam0,895,1,1,25.840576171875
e9_top1_ungated,cam0,896,1,1,40.30752182006836
e9_top1_ungated,cam0,897,1,1,47.97916030883789
e9_top1_ungated,cam0,898,1,1,33.27996063232422
e9_top1_ungated,cam0,899,1,1,64.7947998046875
e9_top1_ungated,cam0,900,1,0,
e9_top1_ungated,cam0,901,1,0,
e9_top1_ungated,cam0,902,1,0,
e9_top1_ungated,cam0,903,1,0,
e9_top1_ungated,cam0,904,1,1,371.59564208984375
e9_top1_ungated,cam0,905,1,1,358.4343566894531
e9_top1_ungated,cam0,906,1,1,9.703652381896973
e9_top1_ungated,cam0,907,1,1,3.2380545139312744
e9_top1_ungated,cam0,908,1,1,1.475131869316101
e9_top1_ungated,cam0,909,1,1,5.988460063934326
e9_top1_ungated,cam0,910,1,1,2.4435153007507324
e9_top1_ungated,cam0,911,1,1,2.8048808574676514
e9_top1_ungated,cam0,912,1,1,5.300970554351807
e9_top1_ungated,cam0,913,1,1,7.492445468902588
e9_top1_ungated,cam0,914,1,1,12.11843204498291
e9_top1_ungated,cam0,915,1,1,10.381142616271973
e9_top1_ungated,cam0,916,1,1,13.144399642944336
e9_top1_ungated,cam0,917,1,2,
e9_top1_ungated,cam0,918,1,2,
e9_top1_ungated,cam0,919,1,1,1.7435332536697388
e9_top1_ungated,cam0,920,1,1,5.908395767211914
e9_top1_ungated,cam0,921,1,1,8.874751091003418
e9_top1_ungated,cam0,922,1,1,2.880511999130249
e9_top1_ungated,cam0,923,1,1,4.214069843292236
e9_top1_ungated,cam0,924,1,1,5.23895263671875
e9_top1_ungated,cam0,925,1,1,9.749100685119629
e9_top1_ungated,cam0,926,1,1,7.997582912445068
e9_top1_ungated,cam0,927,1,1,7.153097152709961
e9_top1_ungated,cam0,928,1,1,9.257973670959473
e9_top1_ungated,cam0,929,1,2,
e9_top1_ungated,cam0,930,1,2,
e9_top1_ungated,cam0,931,1,2,
e9_top1_ungated,cam0,932,1,1,5.144495487213135
e9_top1_ungated,cam0,933,1,1,13.55691146850586
e9_top1_ungated,cam0,934,1,2,
e9_top1_ungated,cam0,935,1,2,
e9_top1_ungated,cam0,936,1,2,
e9_top1_ungated,cam0,937,1,2,
e9_top1_ungated,cam0,938,1,1,2.9361352920532227
e9_top1_ungated,cam0,939,1,2,
e9_top1_ungated,cam0,940,1,1,9.763411521911621
e9_top1_ungated,cam0,941,1,1,4.544694900512695
e9_top1_ungated,cam0,942,1,1,6.966927528381348
e9_top1_ungated,cam0,943,1,1,4.025335788726807
e9_top1_ungated,cam0,944,1,1,4.425732612609863
e9_top1_ungated,cam0,945,1,1,2.4672834873199463
e9_top1_ungated,cam0,946,1,1,4.721111297607422
e9_top1_ungated,cam0,947,1,1,9.57083511352539
e9_top1_ungated,cam0,948,1,1,0.6899710297584534
e9_top1_ungated,cam0,949,1,2,
e9_top1_ungated,cam0,950,1,1,6.714975357055664
e9_top1_ungated,cam0,951,1,1,7.08282995223999
e9_top1_ungated,cam0,952,1,1,4.359074115753174
e9_top1_ungated,cam0,953,1,1,11.036739349365234
e9_top1_ungated,cam0,954,1,1,6.105748176574707
e9_top1_ungated,cam0,955,1,1,7.530776023864746
e9_top1_ungated,cam0,956,1,1,6.474663734436035
e9_top1_ungated,cam0,957,1,1,6.461746692657471
e9_top1_ungated,cam0,958,1,1,6.394840717315674
e9_top1_ungated,cam0,959,1,1,1.4445912837982178
e9_top1_ungated,cam0,960,1,1,5.45300817489624
e9_top1_ungated,cam0,961,1,1,7.462242126464844
e9_top1_ungated,cam0,962,1,1,3.093700647354126
e9_top1_ungated,cam0,963,1,1,2.1499674320220947
e9_top1_ungated,cam0,964,1,1,2.846050977706909
e9_top1_ungated,cam0,965,1,1,11.07524585723877
e9_top1_ungated,cam0,966,1,2,
e9_top1_ungated,cam0,967,1,1,5.9448561668396
e9_top1_ungated,cam0,968,1,1,5.732680320739746
e9_top1_ungated,cam0,969,1,1,1.127357840538025
e9_top1_ungated,cam0,970,1,1,6.684805870056152
e9_top1_ungated,cam0,971,1,1,5.620406150817871
e9_top1_ungated,cam0,972,1,1,8.170355796813965
e9_top1_ungated,cam0,973,1,1,4.298848628997803
e9_top1_ungated,cam0,974,1,2,
e9_top1_ungated,cam0,975,1,1,1.517590045928955
e9_top1_ungated,cam0,976,1,1,0.668917715549469
e9_top1_ungated,cam0,977,1,1,2.5251193046569824
e9_top1_ungated,cam0,978,1,1,9.191061019897461
e9_top1_ungated,cam0,979,1,1,7.4053568840026855
e9_top1_ungated,cam0,980,1,1,9.297524452209473
e9_top1_ungated,cam0,981,1,2,
e9_top1_ungated,cam0,982,1,1,6.3678178787231445
e9_top1_ungated,cam0,983,1,0,
e9_top1_ungated,cam0,984,1,0,
e9_top1_ungated,cam0,985,1,0,
e9_top1_ungated,cam0,986,1,0,
e9_top1_ungated,cam0,987,1,0,
e9_top1_ungated,cam0,988,1,0,
e9_top1_ungated,cam0,989,1,0,
e9_top1_ungated,cam0,990,1,0,
e9_top1_ungated,cam0,991,1,0,
e9_top1_ungated,cam0,992,1,0,
e9_top1_ungated,cam0,993,1,0,
e9_top1_ungated,cam0,994,1,0,
e9_top1_ungated,cam0,995,1,0,
e9_top1_ungated,cam0,996,1,0,
e9_top1_ungated,cam0,997,1,0,
e9_top1_ungated,cam0,998,1,0,
e9_top1_ungated,cam0,999,1,0,
e9_top1_ungated,cam0,1000,1,0,
e9_top1_ungated,cam0,1001,1,0,
e9_top1_ungated,cam0,1002,1,0,
e9_top1_ungated,cam0,1003,1,0,
e9_top1_ungated,cam0,1004,1,0,
e9_top1_ungated,cam0,1005,1,0,
e9_top1_ungated,cam0,1006,1,0,
e9_top1_ungated,cam0,1007,1,0,
e9_top1_ungated,cam0,1008,1,0,
e9_top1_ungated,cam0,1009,1,0,
e9_top1_ungated,cam1,0,1,1,22.14255714416504
e9_top1_ungated,cam1,1,1,1,5.683626174926758
e9_top1_ungated,cam1,2,1,1,8.100183486938477
e9_top1_ungated,cam1,3,1,1,5.439083099365234
e9_top1_ungated,cam1,4,1,1,4.243204116821289
e9_top1_ungated,cam1,5,1,1,7.075073719024658
e9_top1_ungated,cam1,6,1,1,2.2672276496887207
e9_top1_ungated,cam1,7,1,1,2.4268980026245117
e9_top1_ungated,cam1,8,1,1,4.488861083984375
e9_top1_ungated,cam1,9,1,1,1.691588044166565
e9_top1_ungated,cam1,10,1,1,1.3250367641448975
e9_top1_ungated,cam1,11,1,1,1.3892080783843994
e9_top1_ungated,cam1,12,1,1,1.0533195734024048
e9_top1_ungated,cam1,13,1,1,2.4163873195648193
e9_top1_ungated,cam1,14,1,1,1.7660397291183472
e9_top1_ungated,cam1,15,1,1,2.156684160232544
e9_top1_ungated,cam1,16,1,1,1.124849557876587
e9_top1_ungated,cam1,17,1,1,7.139300346374512
e9_top1_ungated,cam1,18,1,1,3.337585687637329
e9_top1_ungated,cam1,19,1,1,1.5187612771987915
e9_top1_ungated,cam1,20,1,1,0.8479403853416443
e9_top1_ungated,cam1,21,1,1,2.7174129486083984
e9_top1_ungated,cam1,22,1,1,2.648796796798706
e9_top1_ungated,cam1,23,1,1,2.838590383529663
e9_top1_ungated,cam1,24,1,1,2.224594831466675
e9_top1_ungated,cam1,25,1,1,1.0181453227996826
e9_top1_ungated,cam1,26,1,1,3.2469794750213623
e9_top1_ungated,cam1,27,1,1,2.740097999572754
e9_top1_ungated,cam1,28,1,1,3.0890920162200928
e9_top1_ungated,cam1,29,1,1,1.9808415174484253
e9_top1_ungated,cam1,30,1,1,2.1328318119049072
e9_top1_ungated,cam1,31,1,1,3.2267096042633057
e9_top1_ungated,cam1,32,1,1,4.534670829772949
e9_top1_ungated,cam1,33,1,1,3.140195608139038
e9_top1_ungated,cam1,34,1,1,1.3924940824508667
e9_top1_ungated,cam1,35,1,1,4.728548049926758
e9_top1_ungated,cam1,36,1,1,3.703953981399536
e9_top1_ungated,cam1,37,1,1,3.1760413646698
e9_top1_ungated,cam1,38,1,1,6.460492134094238
e9_top1_ungated,cam1,39,1,1,6.978487491607666
e9_top1_ungated,cam1,40,1,1,3.028672933578491
e9_top1_ungated,cam1,41,1,1,3.014188051223755
e9_top1_ungated,cam1,42,1,1,1.1045732498168945
e9_top1_ungated,cam1,43,1,1,2.621826171875
e9_top1_ungated,cam1,44,1,1,14.969278335571289
e9_top1_ungated,cam1,45,1,1,4.0884623527526855
e9_top1_ungated,cam1,46,1,1,7.567948341369629
e9_top1_ungated,cam1,47,1,1,13.010051727294922
e9_top1_ungated,cam1,48,1,1,9.229074478149414
e9_top1_ungated,cam1,49,1,1,13.746150970458984
e9_top1_ungated,cam1,50,1,1,76.16337585449219
e9_top1_ungated,cam1,51,1,1,78.0731430053711
e9_top1_ungated,cam1,52,1,1,83.80256652832031
e9_top1_ungated,cam1,53,1,1,83.14173126220703
e9_top1_ungated,cam1,54,1,1,10.427014350891113
e9_top1_ungated,cam1,55,1,3,
e9_top1_ungated,cam1,56,1,1,1.6363446712493896
e9_top1_ungated,cam1,57,1,1,7.102123260498047
e9_top1_ungated,cam1,58,1,1,2.521463394165039
e9_top1_ungated,cam1,59,1,3,
e9_top1_ungated,cam1,60,1,1,1.668666124343872
e9_top1_ungated,cam1,61,1,1,6.955223083496094
e9_top1_ungated,cam1,62,1,1,5.510562419891357
e9_top1_ungated,cam1,63,1,1,3.4038026332855225
e9_top1_ungated,cam1,64,1,1,5.630988121032715
e9_top1_ungated,cam1,65,1,1,9.891923904418945
e9_top1_ungated,cam1,66,1,1,11.002449035644531
e9_top1_ungated,cam1,67,1,1,8.398128509521484
e9_top1_ungated,cam1,68,1,1,4.36911153793335
e9_top1_ungated,cam1,69,1,1,5.0416975021362305
e9_top1_ungated,cam1,70,1,1,3.6296916007995605
e9_top1_ungated,cam1,71,1,1,3.633297920227051
e9_top1_ungated,cam1,72,1,1,1.958622932434082
e9_top1_ungated,cam1,73,1,1,5.805949687957764
e9_top1_ungated,cam1,74,1,1,6.590369701385498
e9_top1_ungated,cam1,75,1,1,4.7604899406433105
e9_top1_ungated,cam1,76,1,1,5.083805561065674
e9_top1_ungated,cam1,77,1,1,5.945088863372803
e9_top1_ungated,cam1,78,1,1,3.465543270111084
e9_top1_ungated,cam1,79,1,1,5.202569961547852
e9_top1_ungated,cam1,80,1,1,6.018425464630127
e9_top1_ungated,cam1,81,1,1,2.240116596221924
e9_top1_ungated,cam1,82,1,1,6.347706317901611
e9_top1_ungated,cam1,83,1,1,6.630753040313721
e9_top1_ungated,cam1,84,1,1,7.0782599449157715
e9_top1_ungated,cam1,85,1,1,13.3026762008667
e9_top1_ungated,cam1,86,1,1,6.469054698944092
e9_top1_ungated,cam1,87,1,1,3.7908761501312256
e9_top1_ungated,cam1,88,1,1,4.951513767242432
e9_top1_ungated,cam1,89,1,1,5.628108501434326
e9_top1_ungated,cam1,90,1,1,2.964503049850464
e9_top1_ungated,cam1,91,1,1,2.7390642166137695
e9_top1_ungated,cam1,92,1,1,1.849732756614685
e9_top1_ungated,cam1,93,1,1,5.45470666885376
e9_top1_ungated,cam1,94,1,1,4.106698513031006
e9_top1_ungated,cam1,95,1,1,4.387712001800537
e9_top1_ungated,cam1,96,1,1,5.02790641784668
e9_top1_ungated,cam1,97,1,1,5.613078594207764
e9_top1_ungated,cam1,98,1,1,8.599517822265625
e9_top1_ungated,cam1,99,1,1,6.132514953613281
e9_top1_ungated,cam1,100,1,1,4.933178901672363
e9_top1_ungated,cam1,101,1,1,1.6560590267181396
e9_top1_ungated,cam1,102,1,1,1.3006701469421387
e9_top1_ungated,cam1,103,1,1,2.683365821838379
e9_top1_ungated,cam1,104,1,1,7.703886032104492
e9_top1_ungated,cam1,105,1,1,9.714338302612305
e9_top1_ungated,cam1,106,1,1,7.949032306671143
e9_top1_ungated,cam1,107,1,1,6.530038833618164
e9_top1_ungated,cam1,108,1,1,8.692707061767578
e9_top1_ungated,cam1,109,1,1,4.890923023223877
e9_top1_ungated,cam1,110,1,1,6.150275707244873
e9_top1_ungated,cam1,111,1,1,6.967280864715576
e9_top1_ungated,cam1,112,1,1,7.749422073364258
e9_top1_ungated,cam1,113,1,1,9.233428001403809
e9_top1_ungated,cam1,114,1,1,4.131017684936523
e9_top1_ungated,cam1,115,1,1,8.877077102661133
e9_top1_ungated,cam1,116,1,1,9.773516654968262
e9_top1_ungated,cam1,117,1,1,4.926644802093506
e9_top1_ungated,cam1,118,1,1,4.87749719619751
e9_top1_ungated,cam1,119,1,1,4.862184047698975
e9_top1_ungated,cam1,120,1,1,5.071994781494141
e9_top1_ungated,cam1,121,1,1,0.6217048168182373
e9_top1_ungated,cam1,122,1,1,3.0629281997680664
e9_top1_ungated,cam1,123,1,1,0.7917139530181885
e9_top1_ungated,cam1,124,1,1,5.432439804077148
e9_top1_ungated,cam1,125,1,1,261.9947509765625
e9_top1_ungated,cam1,126,1,1,236.64163208007812
e9_top1_ungated,cam1,127,1,1,219.28895568847656
e9_top1_ungated,cam1,128,1,1,188.6690216064453
e9_top1_ungated,cam1,129,1,1,189.0968017578125
e9_top1_ungated,cam1,130,1,1,161.8975830078125
e9_top1_ungated,cam1,131,1,1,151.16702270507812
e9_top1_ungated,cam1,132,1,1,143.95040893554688
e9_top1_ungated,cam1,133,1,1,150.0946502685547
e9_top1_ungated,cam1,134,1,1,9.768817901611328
e9_top1_ungated,cam1,135,1,1,9.971078872680664
e9_top1_ungated,cam1,136,1,1,7.023053169250488
e9_top1_ungated,cam1,137,1,1,175.5518035888672
e9_top1_ungated,cam1,138,1,1,182.12429809570312
e9_top1_ungated,cam1,139,1,1,195.6110382080078
e9_top1_ungated,cam1,140,1,1,211.5734100341797
e9_top1_ungated,cam1,141,1,1,228.3242645263672
e9_top1_ungated,cam1,142,1,1,246.79769897460938
e9_top1_ungated,cam1,143,1,1,261.7088317871094
e9_top1_ungated,cam1,144,1,1,279.3887939453125
e9_top1_ungated,cam1,145,1,1,304.02978515625
e9_top1_ungated,cam1,146,1,1,3.4968948364257812
e9_top1_ungated,cam1,147,1,1,351.3301696777344
e9_top1_ungated,cam1,148,1,1,369.8592834472656
e9_top1_ungated,cam1,149,1,1,390.2685852050781
e9_top1_ungated,cam1,150,1,1,5.569805145263672
e9_top1_ungated,cam1,151,1,1,3.083001136779785
e9_top1_ungated,cam1,152,1,1,2.5295119285583496
e9_top1_ungated,cam1,153,1,1,1.2090176343917847
e9_top1_ungated,cam1,154,1,1,3.4467241764068604
e9_top1_ungated,cam1,155,1,1,1.9854403734207153
e9_top1_ungated,cam1,156,1,1,3.6990787982940674
e9_top1_ungated,cam1,157,1,1,1.3887677192687988
e9_top1_ungated,cam1,158,1,1,0.761060893535614
e9_top1_ungated,cam1,159,1,1,4.5143351554870605
e9_top1_ungated,cam1,160,1,1,2.3011672496795654
e9_top1_ungated,cam1,161,1,1,1.9680851697921753
e9_top1_ungated,cam1,162,1,1,1.4332019090652466
e9_top1_ungated,cam1,163,1,1,2.593379259109497
e9_top1_ungated,cam1,164,1,1,3.3687376976013184
e9_top1_ungated,cam1,165,1,1,3.607844829559326
e9_top1_ungated,cam1,166,1,1,4.648520469665527
e9_top1_ungated,cam1,167,1,1,2.93125319480896
e9_top1_ungated,cam1,168,1,1,3.268984317779541
e9_top1_ungated,cam1,169,1,1,3.884495735168457
e9_top1_ungated,cam1,170,1,1,3.980764865875244
e9_top1_ungated,cam1,171,1,1,3.736643075942993
e9_top1_ungated,cam1,172,1,1,3.9352896213531494
e9_top1_ungated,cam1,173,1,1,3.190911293029785
e9_top1_ungated,cam1,174,1,1,2.5353798866271973
e9_top1_ungated,cam1,175,1,1,1.8893349170684814
e9_top1_ungated,cam1,176,1,1,3.230560302734375
e9_top1_ungated,cam1,177,1,1,3.838080644607544
e9_top1_ungated,cam1,178,1,1,3.1993050575256348
e9_top1_ungated,cam1,179,1,1,6.002322196960449
e9_top1_ungated,cam1,180,1,1,3.0221524238586426
e9_top1_ungated,cam1,181,1,1,2.4673171043395996
e9_top1_ungated,cam1,182,1,1,2.9717445373535156
e9_top1_ungated,cam1,183,1,1,4.109838008880615
e9_top1_ungated,cam1,184,1,1,0.4890155792236328
e9_top1_ungated,cam1,185,1,1,4.548827648162842
e9_top1_ungated,cam1,186,1,1,7.33770751953125
e9_top1_ungated,cam1,187,1,1,0.9917950630187988
e9_top1_ungated,cam1,188,1,1,1.3911784887313843
e9_top1_ungated,cam1,189,1,1,0.6477316617965698
e9_top1_ungated,cam1,190,1,1,5.122492790222168
e9_top1_ungated,cam1,191,1,1,4.362717628479004
e9_top1_ungated,cam1,192,1,1,3.7480478286743164
e9_top1_ungated,cam1,193,1,1,2.6651198863983154
e9_top1_ungated,cam1,194,1,1,4.272050857543945
e9_top1_ungated,cam1,195,1,1,0.6354222297668457
e9_top1_ungated,cam1,196,1,1,3.433417558670044
e9_top1_ungated,cam1,197,1,1,4.454960346221924
e9_top1_ungated,cam1,198,1,1,4.196835041046143
e9_top1_ungated,cam1,199,1,1,4.448965072631836
e9_top1_ungated,cam1,200,1,1,4.223094463348389
e9_top1_ungated,cam1,201,1,1,1.1109209060668945
e9_top1_ungated,cam1,202,1,1,8.721747398376465
e9_top1_ungated,cam1,203,1,1,6.8305559158325195
e9_top1_ungated,cam1,204,1,1,3.650716543197632
e9_top1_ungated,cam1,205,1,1,4.380593776702881
e9_top1_ungated,cam1,206,1,1,1.7733336687088013
e9_top1_ungated,cam1,207,1,1,6.274138450622559
e9_top1_ungated,cam1,208,1,1,1.948928952217102
e9_top1_ungated,cam1,209,1,1,1.987800121307373
e9_top1_ungated,cam1,210,1,1,5.642151832580566
e9_top1_ungated,cam1,211,1,1,2.040107011795044
e9_top1_ungated,cam1,212,1,1,5.0502519607543945
e9_top1_ungated,cam1,213,1,1,2.3800721168518066
e9_top1_ungated,cam1,214,1,1,1.5095313787460327
e9_top1_ungated,cam1,215,1,1,3.1744801998138428
e9_top1_ungated,cam1,216,1,1,6.036633014678955
e9_top1_ungated,cam1,217,1,1,1.2381926774978638
e9_top1_ungated,cam1,218,1,1,7.039743900299072
e9_top1_ungated,cam1,219,1,1,11.9242525100708
e9_top1_ungated,cam1,220,1,1,7.7663445472717285
e9_top1_ungated,cam1,221,1,1,17.515886306762695
e9_top1_ungated,cam1,222,1,1,6.551553249359131
e9_top1_ungated,cam1,223,1,1,9.82816219329834
e9_top1_ungated,cam1,224,1,1,7.803573131561279
e9_top1_ungated,cam1,225,1,1,4.0258684158325195
e9_top1_ungated,cam1,226,1,1,3.5739047527313232
e9_top1_ungated,cam1,227,1,1,1.2036794424057007
e9_top1_ungated,cam1,228,1,1,1.8921492099761963
e9_top1_ungated,cam1,229,1,1,4.62972354888916
e9_top1_ungated,cam1,230,1,1,4.989843845367432
e9_top1_ungated,cam1,231,1,1,1.4876618385314941
e9_top1_ungated,cam1,232,1,1,1.1840356588363647
e9_top1_ungated,cam1,233,1,1,2.3179612159729004
e9_top1_ungated,cam1,234,1,1,3.720175266265869
e9_top1_ungated,cam1,235,1,1,2.6825032234191895
e9_top1_ungated,cam1,236,1,1,2.0242831707000732
e9_top1_ungated,cam1,237,1,1,1.1209461688995361
e9_top1_ungated,cam1,238,1,1,2.6628847122192383
e9_top1_ungated,cam1,239,1,1,1.26337468624115
e9_top1_ungated,cam1,240,1,1,6.391788482666016
e9_top1_ungated,cam1,241,1,1,5.91810941696167
e9_top1_ungated,cam1,242,1,1,7.661197662353516
e9_top1_ungated,cam1,243,1,1,10.525686264038086
e9_top1_ungated,cam1,244,1,1,12.958404541015625
e9_top1_ungated,cam1,245,1,1,12.409037590026855
e9_top1_ungated,cam1,246,1,1,5.251903533935547
e9_top1_ungated,cam1,247,1,1,6.132336139678955
e9_top1_ungated,cam1,248,1,1,477.7078857421875
e9_top1_ungated,cam1,249,1,1,490.83367919921875
e9_top1_ungated,cam1,250,1,1,502.1512145996094
e9_top1_ungated,cam1,251,1,1,526.508544921875
e9_top1_ungated,cam1,252,1,1,552.0404663085938
e9_top1_ungated,cam1,253,1,1,576.601318359375
e9_top1_ungated,cam1,254,1,1,607.706787109375
e9_top1_ungated,cam1,255,1,1,638.9680786132812
e9_top1_ungated,cam1,256,1,1,670.7711181640625
e9_top1_ungated,cam1,257,1,1,691.139404296875
e9_top1_ungated,cam1,258,1,1,5.166989803314209
e9_top1_ungated,cam1,259,1,1,1.1975038051605225
e9_top1_ungated,cam1,260,1,1,1.7080188989639282
e9_top1_ungated,cam1,261,1,1,0.8214403390884399
e9_top1_ungated,cam1,262,1,1,2.0475728511810303
e9_top1_ungated,cam1,263,1,1,2.4719719886779785
e9_top1_ungated,cam1,264,1,1,3.776756525039673
e9_top1_ungated,cam1,265,1,1,2.5126938819885254
e9_top1_ungated,cam1,266,1,1,7.479158878326416
e9_top1_ungated,cam1,267,1,1,3.4538228511810303
e9_top1_ungated,cam1,268,1,1,3.179546356201172
e9_top1_ungated,cam1,269,1,1,0.8483433723449707
e9_top1_ungated,cam1,270,1,1,1.4623974561691284
e9_top1_ungated,cam1,271,1,1,4.3527140617370605
e9_top1_ungated,cam1,272,1,1,2.00183367729187
e9_top1_ungated,cam1,273,1,1,5.9624924659729
e9_top1_ungated,cam1,274,1,1,6.762746810913086
e9_top1_ungated,cam1,275,1,1,4.512295722961426
e9_top1_ungated,cam1,276,1,1,3.8135087490081787
e9_top1_ungated,cam1,277,1,1,5.018393516540527
e9_top1_ungated,cam1,278,1,3,
e9_top1_ungated,cam1,279,1,1,3.9142754077911377
e9_top1_ungated,cam1,280,1,1,4.043379306793213
e9_top1_ungated,cam1,281,1,0,
e9_top1_ungated,cam1,282,1,1,4.2269158363342285
e9_top1_ungated,cam1,283,1,1,4.786633491516113
e9_top1_ungated,cam1,284,1,1,2.8765296936035156
e9_top1_ungated,cam1,285,1,1,3.541700839996338
e9_top1_ungated,cam1,286,1,1,2.886706590652466
e9_top1_ungated,cam1,287,1,1,2.024118185043335
e9_top1_ungated,cam1,288,1,1,1.3953688144683838
e9_top1_ungated,cam1,289,1,1,4.153852462768555
e9_top1_ungated,cam1,290,1,1,3.1934313774108887
e9_top1_ungated,cam1,291,1,1,0.5652817487716675
e9_top1_ungated,cam1,292,1,1,4.105302810668945
e9_top1_ungated,cam1,293,1,1,2.977038621902466
e9_top1_ungated,cam1,294,1,1,2.2612791061401367
e9_top1_ungated,cam1,295,1,1,0.4410512447357178
e9_top1_ungated,cam1,296,1,1,4.097091197967529
e9_top1_ungated,cam1,297,1,1,3.5975770950317383
e9_top1_ungated,cam1,298,1,1,5.844511032104492
e9_top1_ungated,cam1,299,1,1,5.618576526641846
e9_top1_ungated,cam1,300,1,1,7.212533473968506
e9_top1_ungated,cam1,301,1,1,13.03274917602539
e9_top1_ungated,cam1,302,1,1,13.57681655883789
e9_top1_ungated,cam1,303,1,1,14.470742225646973
e9_top1_ungated,cam1,304,1,1,12.829964637756348
e9_top1_ungated,cam1,305,1,1,12.43909740447998
e9_top1_ungated,cam1,306,1,1,5.0742692947387695
e9_top1_ungated,cam1,307,1,1,3.9801063537597656
e9_top1_ungated,cam1,308,1,1,6.616166114807129
e9_top1_ungated,cam1,309,1,1,5.580746173858643
e9_top1_ungated,cam1,310,1,1,2.592479705810547
e9_top1_ungated,cam1,311,1,1,1.026766300201416
e9_top1_ungated,cam1,312,1,1,3.981363296508789
e9_top1_ungated,cam1,313,1,1,6.275961875915527
e9_top1_ungated,cam1,314,1,1,5.754680156707764
e9_top1_ungated,cam1,315,1,1,2.1730430126190186
e9_top1_ungated,cam1,316,1,1,1.7992994785308838
e9_top1_ungated,cam1,317,1,1,7.25607967376709
e9_top1_ungated,cam1,318,1,1,5.920802593231201
e9_top1_ungated,cam1,319,1,1,4.715594291687012
e9_top1_ungated,cam1,320,1,1,1.9650739431381226
e9_top1_ungated,cam1,321,1,1,3.4935615062713623
e9_top1_ungated,cam1,322,1,1,3.258216142654419
e9_top1_ungated,cam1,323,1,1,2.1237223148345947
e9_top1_ungated,cam1,324,1,1,0.9817149639129639
e9_top1_ungated,cam1,325,1,1,3.1913280487060547
e9_top1_ungated,cam1,326,1,1,0.9727907776832581
e9_top1_ungated,cam1,327,1,1,6.164547920227051
e9_top1_ungated,cam1,328,1,1,5.429491996765137
e9_top1_ungated,cam1,329,1,1,2.7904441356658936
e9_top1_ungated,cam1,330,1,1,2.803605556488037
e9_top1_ungated,cam1,331,1,1,5.1577839851379395
e9_top1_ungated,cam1,332,1,1,4.734948635101318
e9_top1_ungated,cam1,333,1,1,7.923163414001465
e9_top1_ungated,cam1,334,1,1,6.85780143737793
e9_top1_ungated,cam1,335,1,1,7.1487860679626465
e9_top1_ungated,cam1,336,1,1,7.670756816864014
e9_top1_ungated,cam1,337,1,1,5.242232322692871
e9_top1_ungated,cam1,338,1,1,9.996570587158203
e9_top1_ungated,cam1,339,1,1,8.674958229064941
e9_top1_ungated,cam1,340,1,1,9.639389038085938
e9_top1_ungated,cam1,341,1,1,9.556861877441406
e9_top1_ungated,cam1,342,1,1,5.860724925994873
e9_top1_ungated,cam1,343,1,1,7.851833820343018
e9_top1_ungated,cam1,344,1,1,7.43317174911499
e9_top1_ungated,cam1,345,1,1,2.0648396015167236
e9_top1_ungated,cam1,346,1,1,2.393673896789551
e9_top1_ungated,cam1,347,1,1,4.350164413452148
e9_top1_ungated,cam1,348,1,1,7.190170764923096
e9_top1_ungated,cam1,349,1,1,4.184768199920654
e9_top1_ungated,cam1,350,1,1,2.2025082111358643
e9_top1_ungated,cam1,351,1,1,3.8426365852355957
e9_top1_ungated,cam1,352,1,1,5.412352561950684
e9_top1_ungated,cam1,353,1,1,2.2819254398345947
e9_top1_ungated,cam1,354,1,1,0.6696412563323975
e9_top1_ungated,cam1,355,1,1,2.2939975261688232
e9_top1_ungated,cam1,356,1,1,2.752943754196167
e9_top1_ungated,cam1,357,1,1,1.7523623704910278
e9_top1_ungated,cam1,358,1,1,6.547311782836914
e9_top1_ungated,cam1,359,1,1,2.2153048515319824
e9_top1_ungated,cam1,360,1,1,0.4801565110683441
e9_top1_ungated,cam1,361,1,1,5.392314910888672
e9_top1_ungated,cam1,362,1,1,3.3247408866882324
e9_top1_ungated,cam1,363,1,1,2.2725231647491455
e9_top1_ungated,cam1,364,1,1,4.269740104675293
e9_top1_ungated,cam1,365,1,1,5.996148586273193
e9_top1_ungated,cam1,366,1,1,4.288830280303955
e9_top1_ungated,cam1,367,1,1,1.4538015127182007
e9_top1_ungated,cam1,368,1,1,2.861086368560791
e9_top1_ungated,cam1,369,1,1,2.113527536392212
e9_top1_ungated,cam1,370,1,1,6.034336566925049
e9_top1_ungated,cam1,371,1,1,2.160691976547241
e9_top1_ungated,cam1,372,1,1,1.53087317943573
e9_top1_ungated,cam1,373,1,1,2.1696393489837646
e9_top1_ungated,cam1,374,1,1,3.370950937271118
e9_top1_ungated,cam1,375,1,1,1.9872722625732422
e9_top1_ungated,cam1,376,1,1,3.391294002532959
e9_top1_ungated,cam1,377,1,1,2.3311994075775146
e9_top1_ungated,cam1,378,1,1,3.6999406814575195
e9_top1_ungated,cam1,379,1,1,5.056308269500732
e9_top1_ungated,cam1,380,1,1,3.6612188816070557
e9_top1_ungated,cam1,381,1,1,1.8253709077835083
e9_top1_ungated,cam1,382,1,1,3.374748468399048
e9_top1_ungated,cam1,383,1,1,4.371494293212891
e9_top1_ungated,cam1,384,1,1,2.5058374404907227
e9_top1_ungated,cam1,385,1,1,0.15325430035591125
e9_top1_ungated,cam1,386,1,1,5.765880584716797
e9_top1_ungated,cam1,387,1,1,2.6144967079162598
e9_top1_ungated,cam1,388,1,1,3.6518168449401855
e9_top1_ungated,cam1,389,1,1,3.880174398422241
e9_top1_ungated,cam1,390,1,1,2.8671302795410156
e9_top1_ungated,cam1,391,1,1,1.2233853340148926
e9_top1_ungated,cam1,392,1,1,2.6689250469207764
e9_top1_ungated,cam1,393,1,1,2.5129079818725586
e9_top1_ungated,cam1,394,1,1,5.021250247955322
e9_top1_ungated,cam1,395,1,1,7.768899917602539
e9_top1_ungated,cam1,396,1,1,2.822890520095825
e9_top1_ungated,cam1,397,1,1,6.564551830291748
e9_top1_ungated,cam1,398,1,1,6.118338584899902
e9_top1_ungated,cam1,399,1,1,4.9761128425598145
e9_top1_ungated,cam1,400,1,1,9.144636154174805
e9_top1_ungated,cam1,401,1,1,0.1300109177827835
e9_top1_ungated,cam1,402,1,1,3.8986012935638428
e9_top1_ungated,cam1,403,1,1,4.894236087799072
e9_top1_ungated,cam1,404,1,1,4.611414909362793
e9_top1_ungated,cam1,405,1,1,6.838681697845459
e9_top1_ungated,cam1,406,1,1,3.346011161804199
e9_top1_ungated,cam1,407,1,1,3.7236850261688232
e9_top1_ungated,cam1,408,1,1,1.8567438125610352
e9_top1_ungated,cam1,409,1,1,2.324345827102661
e9_top1_ungated,cam1,410,1,1,1.3335970640182495
e9_top1_ungated,cam1,411,1,1,2.9927093982696533
e9_top1_ungated,cam1,412,1,1,0.7181142568588257
e9_top1_ungated,cam1,413,1,1,4.714659690856934
e9_top1_ungated,cam1,414,1,1,1.4889411926269531
e9_top1_ungated,cam1,415,1,1,3.044114589691162
e9_top1_ungated,cam1,416,1,1,1.3795619010925293
e9_top1_ungated,cam1,417,1,1,4.411384582519531
e9_top1_ungated,cam1,418,1,1,2.2263450622558594
e9_top1_ungated,cam1,419,1,1,2.903137445449829
e9_top1_ungated,cam1,420,1,1,7.065185546875
e9_top1_ungated,cam1,421,1,1,3.4736990928649902
e9_top1_ungated,cam1,422,1,1,3.1659696102142334
e9_top1_ungated,cam1,423,1,1,0.86436927318573
e9_top1_ungated,cam1,424,1,1,7.983898162841797
e9_top1_ungated,cam1,425,1,1,3.381243944168091
e9_top1_ungated,cam1,426,1,1,1.8523997068405151
e9_top1_ungated,cam1,427,1,1,7.8950700759887695
e9_top1_ungated,cam1,428,1,1,3.1924827098846436
e9_top1_ungated,cam1,429,1,1,11.41151237487793
e9_top1_ungated,cam1,430,1,1,6.9726481437683105
e9_top1_ungated,cam1,431,1,1,10.619084358215332
e9_top1_ungated,cam1,432,1,1,7.806251525878906
e9_top1_ungated,cam1,433,1,1,16.695419311523438
e9_top1_ungated,cam1,434,1,1,15.863643646240234
e9_top1_ungated,cam1,435,1,1,15.04101276397705
e9_top1_ungated,cam1,436,1,1,8.676105499267578
e9_top1_ungated,cam1,437,1,1,8.166110038757324
e9_top1_ungated,cam1,438,1,1,0.17312049865722656
e9_top1_ungated,cam1,439,1,1,5.573501110076904
e9_top1_ungated,cam1,440,1,1,4.130943298339844
e9_top1_ungated,cam1,441,1,1,2.828803777694702
e9_top1_ungated,cam1,442,1,1,3.500234842300415
e9_top1_ungated,cam1,443,1,1,2.4178853034973145
e9_top1_ungated,cam1,444,1,1,4.249548435211182
e9_top1_ungated,cam1,445,1,1,2.586615800857544
e9_top1_ungated,cam1,446,1,1,1.9381657838821411
e9_top1_ungated,cam1,447,1,1,2.960538864135742
e9_top1_ungated,cam1,448,1,1,3.310296058654785
e9_top1_ungated,cam1,449,1,1,1.1829322576522827
e9_top1_ungated,cam1,450,1,1,1.4824663400650024
e9_top1_ungated,cam1,451,1,1,1.0797827243804932
e9_top1_ungated,cam1,452,1,1,0.8249012231826782
e9_top1_ungated,cam1,453,1,1,0.1522032767534256
e9_top1_ungated,cam1,454,1,1,3.3709263801574707
e9_top1_ungated,cam1,455,1,1,3.428144931793213
e9_top1_ungated,cam1,456,1,1,2.581815481185913
e9_top1_ungated,cam1,457,1,1,2.5539278984069824
e9_top1_ungated,cam1,458,1,1,1.7935998439788818
e9_top1_ungated,cam1,459,1,1,3.4719290733337402
e9_top1_ungated,cam1,460,1,1,2.8145856857299805
e9_top1_ungated,cam1,461,1,1,2.9623327255249023
e9_top1_ungated,cam1,462,1,1,4.481396675109863
e9_top1_ungated,cam1,463,1,1,4.478794574737549
e9_top1_ungated,cam1,464,1,1,3.964709520339966
e9_top1_ungated,cam1,465,1,1,4.500245094299316
e9_top1_ungated,cam1,466,1,1,3.3426895141601562
e9_top1_ungated,cam1,467,1,1,4.750980854034424
e9_top1_ungated,cam1,468,1,1,3.7094810009002686
e9_top1_ungated,cam1,469,1,1,1.8941384553909302
e9_top1_ungated,cam1,470,1,1,0.5510556697845459
e9_top1_ungated,cam1,471,1,1,5.080425262451172
e9_top1_ungated,cam1,472,1,1,1.434648871421814
e9_top1_ungated,cam1,473,1,1,2.869136333465576
e9_top1_ungated,cam1,474,1,1,2.5890324115753174
e9_top1_ungated,cam1,475,1,1,3.0074470043182373
e9_top1_ungated,cam1,476,1,1,6.187681674957275
e9_top1_ungated,cam1,477,1,1,5.238236904144287
e9_top1_ungated,cam1,478,1,1,1.1291379928588867
e9_top1_ungated,cam1,479,1,1,4.167957782745361
e9_top1_ungated,cam1,480,1,1,2.002575635910034
e9_top1_ungated,cam1,481,1,1,3.845374345779419
e9_top1_ungated,cam1,482,1,1,5.271726131439209
e9_top1_ungated,cam1,483,1,1,8.696505546569824
e9_top1_ungated,cam1,484,1,1,6.928940773010254
e9_top1_ungated,cam1,485,1,1,2.2666549682617188
e9_top1_ungated,cam1,486,1,1,3.7482190132141113
e9_top1_ungated,cam1,487,1,1,7.644074440002441
e9_top1_ungated,cam1,488,1,1,0.8373382091522217
e9_top1_ungated,cam1,489,1,1,4.370066165924072
e9_top1_ungated,cam1,490,1,1,697.3323974609375
e9_top1_ungated,cam1,491,1,1,694.4500732421875
e9_top1_ungated,cam1,492,1,1,691.7788696289062
e9_top1_ungated,cam1,493,1,1,684.5984497070312
e9_top1_ungated,cam1,494,1,1,399.97174072265625
e9_top1_ungated,cam1,495,1,1,9.142502784729004
e9_top1_ungated,cam1,496,1,1,405.7710876464844
e9_top1_ungated,cam1,497,1,1,404.8038635253906
e9_top1_ungated,cam1,498,1,1,14.31771469116211
e9_top1_ungated,cam1,499,1,1,14.210335731506348
e9_top1_ungated,cam1,500,1,1,11.10173225402832
e9_top1_ungated,cam1,501,1,1,6.433167457580566
e9_top1_ungated,cam1,502,1,1,4.451138019561768
e9_top1_ungated,cam1,503,1,1,4.6364874839782715
e9_top1_ungated,cam1,504,1,1,4.367467880249023
e9_top1_ungated,cam1,505,1,1,5.8533172607421875
e9_top1_ungated,cam1,506,1,1,7.573071002960205
e9_top1_ungated,cam1,507,1,1,5.366535663604736
e9_top1_ungated,cam1,508,1,1,2.9655492305755615
e9_top1_ungated,cam1,509,1,1,3.7916886806488037
e9_top1_ungated,cam1,510,1,1,5.408499240875244
e9_top1_ungated,cam1,511,1,1,5.889770030975342
e9_top1_ungated,cam1,512,1,1,7.768703460693359
e9_top1_ungated,cam1,513,1,1,5.555358409881592
e9_top1_ungated,cam1,514,1,1,4.383291721343994
e9_top1_ungated,cam1,515,1,1,5.860752105712891
e9_top1_ungated,cam1,516,1,1,9.964348793029785
e9_top1_ungated,cam1,517,1,1,12.287994384765625
e9_top1_ungated,cam1,518,1,1,13.306401252746582
e9_top1_ungated,cam1,519,1,1,13.832947731018066
e9_top1_ungated,cam1,520,1,1,8.624238014221191
e9_top1_ungated,cam1,521,1,1,9.502772331237793
e9_top1_ungated,cam1,522,1,1,8.323578834533691
e9_top1_ungated,cam1,523,1,1,3.9411702156066895
e9_top1_ungated,cam1,524,1,1,3.467639446258545
e9_top1_ungated,cam1,525,1,1,5.393845558166504
e9_top1_ungated,cam1,526,1,1,3.140376091003418
e9_top1_ungated,cam1,527,1,1,1.2586236000061035
e9_top1_ungated,cam1,528,1,1,4.6688971519470215
e9_top1_ungated,cam1,529,1,1,5.692919731140137
e9_top1_ungated,cam1,530,1,1,1.0681827068328857
e9_top1_ungated,cam1,531,1,1,4.749909400939941
e9_top1_ungated,cam1,532,1,1,0.9741969704627991
e9_top1_ungated,cam1,533,1,1,1.225454568862915
e9_top1_ungated,cam1,534,1,1,6.195939540863037
e9_top1_ungated,cam1,535,1,2,
e9_top1_ungated,cam1,536,1,1,515.1693115234375
e9_top1_ungated,cam1,537,1,1,447.0450439453125
e9_top1_ungated,cam1,538,1,1,375.58544921875
e9_top1_ungated,cam1,539,1,1,327.4819030761719
e9_top1_ungated,cam1,540,1,1,303.0098571777344
e9_top1_ungated,cam1,541,1,1,311.8305358886719
e9_top1_ungated,cam1,542,1,1,3.507251262664795
e9_top1_ungated,cam1,543,1,1,3.0155797004699707
e9_top1_ungated,cam1,544,1,1,7.009017467498779
e9_top1_ungated,cam1,545,1,1,8.491033554077148
e9_top1_ungated,cam1,546,1,1,7.585384845733643
e9_top1_ungated,cam1,547,1,1,6.590512752532959
e9_top1_ungated,cam1,548,1,1,5.826463222503662
e9_top1_ungated,cam1,549,1,1,8.693025588989258
e9_top1_ungated,cam1,550,1,1,9.042998313903809
e9_top1_ungated,cam1,551,1,1,9.19683837890625
e9_top1_ungated,cam1,552,1,1,4.686354160308838
e9_top1_ungated,cam1,553,1,1,8.310493469238281
e9_top1_ungated,cam1,554,1,1,5.804879188537598
e9_top1_ungated,cam1,555,1,1,6.657869815826416
e9_top1_ungated,cam1,556,1,1,5.673437118530273
e9_top1_ungated,cam1,557,1,1,5.735022068023682
e9_top1_ungated,cam1,558,1,1,4.334264755249023
e9_top1_ungated,cam1,559,1,1,5.028195381164551
e9_top1_ungated,cam1,560,1,1,2.1664838790893555
e9_top1_ungated,cam1,561,1,1,0.9158374667167664
e9_top1_ungated,cam1,562,1,1,2.3502957820892334
e9_top1_ungated,cam1,563,1,1,5.85734748840332
e9_top1_ungated,cam1,564,1,1,1.7536134719848633
e9_top1_ungated,cam1,565,1,1,3.228034019470215
e9_top1_ungated,cam1,566,1,1,2.206728458404541
e9_top1_ungated,cam1,567,1,1,1.0781902074813843
e9_top1_ungated,cam1,568,1,1,4.8243865966796875
e9_top1_ungated,cam1,569,1,1,4.919273853302002
e9_top1_ungated,cam1,570,1,1,3.1053574085235596
e9_top1_ungated,cam1,571,1,1,2.8774681091308594
e9_top1_ungated,cam1,572,1,1,5.093993186950684
e9_top1_ungated,cam1,573,1,1,4.675048351287842
e9_top1_ungated,cam1,574,1,1,0.6373311281204224
e9_top1_ungated,cam1,575,1,1,9.971487998962402
e9_top1_ungated,cam1,576,1,1,4.303597450256348
e9_top1_ungated,cam1,577,1,1,2.152893304824829
e9_top1_ungated,cam1,578,1,1,4.099980354309082
e9_top1_ungated,cam1,579,1,1,1.8257250785827637
e9_top1_ungated,cam1,580,1,1,7.251479148864746
e9_top1_ungated,cam1,581,1,1,0.9587226510047913
e9_top1_ungated,cam1,582,1,1,7.428780555725098
e9_top1_ungated,cam1,583,1,1,1.5920157432556152
e9_top1_ungated,cam1,584,1,1,5.3853254318237305
e9_top1_ungated,cam1,585,1,1,5.486949920654297
e9_top1_ungated,cam1,586,1,1,0.7133975028991699
e9_top1_ungated,cam1,587,1,1,5.859433174133301
e9_top1_ungated,cam1,588,1,1,4.839626312255859
e9_top1_ungated,cam1,589,1,1,2.200086832046509
e9_top1_ungated,cam1,590,1,1,1.0975590944290161
e9_top1_ungated,cam1,591,1,1,3.9863767623901367
e9_top1_ungated,cam1,592,1,1,2.31512451171875
e9_top1_ungated,cam1,593,1,1,7.311728477478027
e9_top1_ungated,cam1,594,1,1,5.406376838684082
e9_top1_ungated,cam1,595,1,1,3.4587316513061523
e9_top1_ungated,cam1,596,1,1,2.213240623474121
e9_top1_ungated,cam1,597,1,1,2.106001138687134
e9_top1_ungated,cam1,598,1,1,0.8780670762062073
e9_top1_ungated,cam1,599,1,1,9.548918724060059
e9_top1_ungated,cam1,600,1,1,4.423466682434082
e9_top1_ungated,cam1,601,1,1,2.589691400527954
e9_top1_ungated,cam1,602,1,1,9.722328186035156
e9_top1_ungated,cam1,603,1,1,7.748479843139648
e9_top1_ungated,cam1,604,1,1,2.996246576309204
e9_top1_ungated,cam1,605,1,1,4.665794849395752
e9_top1_ungated,cam1,606,1,1,3.6770694255828857
e9_top1_ungated,cam1,607,1,1,8.991802215576172
e9_top1_ungated,cam1,608,1,1,4.320865154266357
e9_top1_ungated,cam1,609,1,1,0.7033712267875671
e9_top1_ungated,cam1,610,1,1,5.73856258392334
e9_top1_ungated,cam1,611,1,1,3.779923677444458
e9_top1_ungated,cam1,612,1,1,9.660674095153809
e9_top1_ungated,cam1,613,1,1,16.34101104736328
e9_top1_ungated,cam1,614,1,1,238.60191345214844
e9_top1_ungated,cam1,615,1,1,228.67623901367188
e9_top1_ungated,cam1,616,1,1,219.2667694091797
e9_top1_ungated,cam1,617,1,3,
e9_top1_ungated,cam1,618,1,3,
e9_top1_ungated,cam1,619,1,1,170.1806640625
e9_top1_ungated,cam1,620,1,1,139.71844482421875
e9_top1_ungated,cam1,621,1,1,100.50753784179688
e9_top1_ungated,cam1,622,1,1,35.18082046508789
e9_top1_ungated,cam1,623,1,1,18.220354080200195
e9_top1_ungated,cam1,624,1,1,28.44086456298828
e9_top1_ungated,cam1,625,1,1,37.361610412597656
e9_top1_ungated,cam1,626,1,1,14.375839233398438
e9_top1_ungated,cam1,627,1,1,3.14434552192688
e9_top1_ungated,cam1,628,1,1,7.559235095977783
e9_top1_ungated,cam1,629,1,1,9.388684272766113
e9_top1_ungated,cam1,630,1,1,5.019685745239258
e9_top1_ungated,cam1,631,1,1,3.4001474380493164
e9_top1_ungated,cam1,632,1,1,2.5832293033599854
e9_top1_ungated,cam1,633,1,1,5.938271999359131
e9_top1_ungated,cam1,634,1,1,4.234260082244873
e9_top1_ungated,cam1,635,1,1,2.8869028091430664
e9_top1_ungated,cam1,636,1,1,5.01737642288208
e9_top1_ungated,cam1,637,1,1,2.9784023761749268
e9_top1_ungated,cam1,638,1,1,3.095547914505005
e9_top1_ungated,cam1,639,1,1,0.7142075300216675
e9_top1_ungated,cam1,640,1,1,8.075483322143555
e9_top1_ungated,cam1,641,1,1,7.089169979095459
e9_top1_ungated,cam1,642,1,1,2.109246253967285
e9_top1_ungated,cam1,643,1,1,5.6471781730651855
e9_top1_ungated,cam1,644,1,1,5.898015022277832
e9_top1_ungated,cam1,645,1,1,3.052722454071045
e9_top1_ungated,cam1,646,1,1,1.8880809545516968
e9_top1_ungated,cam1,647,1,1,1.6793619394302368
e9_top1_ungated,cam1,648,1,1,4.347849369049072
e9_top1_ungated,cam1,649,1,1,1.2103701829910278
e9_top1_ungated,cam1,650,1,1,3.587895631790161
e9_top1_ungated,cam1,651,1,1,4.369161128997803
e9_top1_ungated,cam1,652,1,1,0.5176085233688354
e9_top1_ungated,cam1,653,1,1,2.525148630142212
e9_top1_ungated,cam1,654,1,1,2.2826521396636963
e9_top1_ungated,cam1,655,1,1,2.694779396057129
e9_top1_ungated,cam1,656,1,1,3.2070581912994385
e9_top1_ungated,cam1,657,1,1,1.130822777748108
e9_top1_ungated,cam1,658,1,1,3.341156244277954
e9_top1_ungated,cam1,659,1,1,4.6701340675354
e9_top1_ungated,cam1,660,1,1,3.5760159492492676
e9_top1_ungated,cam1,661,1,1,5.190616130828857
e9_top1_ungated,cam1,662,1,1,3.3522391319274902
e9_top1_ungated,cam1,663,1,1,3.436067581176758
e9_top1_ungated,cam1,664,1,1,5.000145435333252
e9_top1_ungated,cam1,665,1,1,4.570816516876221
e9_top1_ungated,cam1,666,1,1,2.595597505569458
e9_top1_ungated,cam1,667,1,1,2.761725902557373
e9_top1_ungated,cam1,668,1,1,3.7850747108459473
e9_top1_ungated,cam1,669,1,1,1.995681643486023
e9_top1_ungated,cam1,670,1,1,6.146454334259033
e9_top1_ungated,cam1,671,1,1,7.968997478485107
e9_top1_ungated,cam1,672,1,1,3.2966480255126953
e9_top1_ungated,cam1,673,1,1,0.6999634504318237
e9_top1_ungated,cam1,674,1,1,3.7020785808563232
e9_top1_ungated,cam1,675,1,1,4.273756504058838
e9_top1_ungated,cam1,676,1,1,7.101070880889893
e9_top1_ungated,cam1,677,1,1,3.7347769737243652
e9_top1_ungated,cam1,678,1,1,4.340968608856201
e9_top1_ungated,cam1,679,1,1,2.4590001106262207
e9_top1_ungated,cam1,680,1,1,4.838212013244629
e9_top1_ungated,cam1,681,1,1,2.475497245788574
e9_top1_ungated,cam1,682,1,1,3.2871804237365723
e9_top1_ungated,cam1,683,1,1,3.0607736110687256
e9_top1_ungated,cam1,684,1,1,4.318017482757568
e9_top1_ungated,cam1,685,1,1,8.07485580444336
e9_top1_ungated,cam1,686,1,1,6.0576300621032715
e9_top1_ungated,cam1,687,1,1,1.9027920961380005
e9_top1_ungated,cam1,688,1,1,5.367801666259766
e9_top1_ungated,cam1,689,1,1,8.648038864135742
e9_top1_ungated,cam1,690,1,1,4.3806939125061035
e9_top1_ungated,cam1,691,1,1,1.2445704936981201
e9_top1_ungated,cam1,692,1,1,3.686586856842041
e9_top1_ungated,cam1,693,1,1,3.2985219955444336
e9_top1_ungated,cam1,694,1,1,2.6738994121551514
e9_top1_ungated,cam1,695,1,1,6.954261302947998
e9_top1_ungated,cam1,696,1,1,9.837225914001465
e9_top1_ungated,cam1,697,1,1,4.000612735748291
e9_top1_ungated,cam1,698,1,1,2.010749578475952
e9_top1_ungated,cam1,699,1,1,0.9261485934257507
e9_top1_ungated,cam1,700,1,1,1.6136119365692139
e9_top1_ungated,cam1,701,1,1,1.1954929828643799
e9_top1_ungated,cam1,702,1,1,5.182555675506592
e9_top1_ungated,cam1,703,1,1,6.9687347412109375
e9_top1_ungated,cam1,704,1,1,4.067862510681152
e9_top1_ungated,cam1,705,1,1,2.902712821960449
e9_top1_ungated,cam1,706,1,1,1.427924633026123
e9_top1_ungated,cam1,707,1,1,0.6606214046478271
e9_top1_ungated,cam1,708,1,1,3.9068827629089355
e9_top1_ungated,cam1,709,1,1,2.8570964336395264
e9_top1_ungated,cam1,710,1,1,3.3171937465667725
e9_top1_ungated,cam1,711,1,1,4.5033721923828125
e9_top1_ungated,cam1,712,1,1,3.8173818588256836
e9_top1_ungated,cam1,713,1,1,1.2807843685150146
e9_top1_ungated,cam1,714,1,1,3.9474332332611084
e9_top1_ungated,cam1,715,1,1,5.755398273468018
e9_top1_ungated,cam1,716,1,1,1.1722625494003296
e9_top1_ungated,cam1,717,1,1,3.1485917568206787
e9_top1_ungated,cam1,718,1,1,3.6000778675079346
e9_top1_ungated,cam1,719,1,0,
e9_top1_ungated,cam1,720,1,1,8.140523910522461
e9_top1_ungated,cam1,721,1,1,4.2363128662109375
e9_top1_ungated,cam1,722,1,1,1.1494238376617432
e9_top1_ungated,cam1,723,1,1,3.571805000305176
e9_top1_ungated,cam1,724,1,1,4.31973934173584
e9_top1_ungated,cam1,725,1,1,3.537564754486084
e9_top1_ungated,cam1,726,1,1,1.2251417636871338
e9_top1_ungated,cam1,727,1,1,2.924867630004883
e9_top1_ungated,cam1,728,1,1,2.9841256141662598
e9_top1_ungated,cam1,729,1,1,3.3592944145202637
e9_top1_ungated,cam1,730,1,1,3.3917930126190186
e9_top1_ungated,cam1,731,1,1,1.3073301315307617
e9_top1_ungated,cam1,732,1,1,3.9645779132843018
e9_top1_ungated,cam1,733,1,1,5.669620513916016
e9_top1_ungated,cam1,734,1,1,4.813507080078125
e9_top1_ungated,cam1,735,1,1,2.6104142665863037
e9_top1_ungated,cam1,736,1,1,3.8652472496032715
e9_top1_ungated,cam1,737,1,1,5.63932991027832
e9_top1_ungated,cam1,738,1,1,7.431843280792236
e9_top1_ungated,cam1,739,1,1,1.421184778213501
e9_top1_ungated,cam1,740,1,1,6.718125343322754
e9_top1_ungated,cam1,741,1,1,10.780936241149902
e9_top1_ungated,cam1,742,1,1,8.16732406616211
e9_top1_ungated,cam1,743,1,1,7.099835395812988
e9_top1_ungated,cam1,744,1,1,5.847731590270996
e9_top1_ungated,cam1,745,1,1,4.1861772537231445
e9_top1_ungated,cam1,746,1,1,4.16476583480835
e9_top1_ungated,cam1,747,1,1,1.6337507963180542
e9_top1_ungated,cam1,748,1,1,0.5719040036201477
e9_top1_ungated,cam1,749,1,1,1.3215746879577637
e9_top1_ungated,cam1,750,1,2,
e9_top1_ungated,cam1,751,1,1,5.400885105133057
e9_top1_ungated,cam1,752,1,1,7.263544082641602
e9_top1_ungated,cam1,753,1,1,8.93957233428955
e9_top1_ungated,cam1,754,1,1,6.217245578765869
e9_top1_ungated,cam1,755,1,1,7.159180641174316
e9_top1_ungated,cam1,756,1,0,
e9_top1_ungated,cam1,757,1,0,
e9_top1_ungated,cam1,758,1,0,
e9_top1_ungated,cam1,759,1,0,
e9_top1_ungated,cam1,760,1,0,
e9_top1_ungated,cam1,761,1,0,
e9_top1_ungated,cam1,762,1,0,
e9_top1_ungated,cam1,763,1,0,
e9_top1_ungated,cam1,764,1,0,
e9_top1_ungated,cam1,765,1,0,
e9_top1_ungated,cam1,766,1,0,
e9_top1_ungated,cam1,767,1,1,5.9872727394104
e9_top1_ungated,cam1,768,1,1,5.119497776031494
e9_top1_ungated,cam1,769,1,1,8.828874588012695
e9_top1_ungated,cam1,770,1,1,2.3072166442871094
e9_top1_ungated,cam1,771,1,1,2.972914457321167
e9_top1_ungated,cam1,772,1,1,3.8554792404174805
e9_top1_ungated,cam1,773,1,1,8.183934211730957
e9_top1_ungated,cam1,774,1,1,4.344918727874756
e9_top1_ungated,cam1,775,1,1,1.9494810104370117
e9_top1_ungated,cam1,776,1,1,2.6429948806762695
e9_top1_ungated,cam1,777,1,1,3.755720615386963
e9_top1_ungated,cam1,778,1,1,1.5720436573028564
e9_top1_ungated,cam1,779,1,1,4.144339084625244
e9_top1_ungated,cam1,780,1,1,5.4957733154296875
e9_top1_ungated,cam1,781,1,1,10.191303253173828
e9_top1_ungated,cam1,782,1,1,12.128189086914062
e9_top1_ungated,cam1,783,1,1,8.556317329406738
e9_top1_ungated,cam1,784,1,1,10.99440860748291
e9_top1_ungated,cam1,785,1,1,6.890600681304932
e9_top1_ungated,cam1,786,1,1,4.241217613220215
e9_top1_ungated,cam1,787,1,1,3.792628765106201
e9_top1_ungated,cam1,788,1,1,4.12531042098999
e9_top1_ungated,cam1,789,1,1,3.9673025608062744
e9_top1_ungated,cam1,790,1,1,89.92616271972656
e9_top1_ungated,cam1,791,1,1,83.8169937133789
e9_top1_ungated,cam1,792,1,1,25.35185432434082
e9_top1_ungated,cam1,793,1,1,17.957841873168945
e9_top1_ungated,cam1,794,1,1,35.4500617980957
e9_top1_ungated,cam1,795,1,1,28.784175872802734
e9_top1_ungated,cam1,796,1,2,
e9_top1_ungated,cam1,797,1,2,
e9_top1_ungated,cam1,798,1,1,6.4130353927612305
e9_top1_ungated,cam1,799,1,1,6.546603679656982
e9_top1_ungated,cam1,800,1,1,11.089483261108398
e9_top1_ungated,cam1,801,1,1,6.2214035987854
e9_top1_ungated,cam1,802,1,1,5.919790267944336
e9_top1_ungated,cam1,803,1,1,9.917462348937988
e9_top1_ungated,cam1,804,1,1,5.057467937469482
e9_top1_ungated,cam1,805,1,1,0.9057546854019165
e9_top1_ungated,cam1,806,1,1,4.9248762130737305
e9_top1_ungated,cam1,807,1,1,3.3239943981170654
e9_top1_ungated,cam1,808,1,1,4.263878345489502
e9_top1_ungated,cam1,809,1,1,4.373274326324463
e9_top1_ungated,cam1,810,1,1,4.551473617553711
e9_top1_ungated,cam1,811,1,1,4.5464253425598145
e9_top1_ungated,cam1,812,1,1,3.722738742828369
e9_top1_ungated,cam1,813,1,1,0.9435412287712097
e9_top1_ungated,cam1,814,1,1,3.590442180633545
e9_top1_ungated,cam1,815,1,1,2.289701461791992
e9_top1_ungated,cam1,816,1,1,5.255491733551025
e9_top1_ungated,cam1,817,1,1,0.4170096218585968
e9_top1_ungated,cam1,818,1,1,1.9422292709350586
e9_top1_ungated,cam1,819,1,1,3.381061315536499
e9_top1_ungated,cam1,820,1,1,7.025097370147705
e9_top1_ungated,cam1,821,1,1,4.161685466766357
e9_top1_ungated,cam1,822,1,1,2.582341194152832
e9_top1_ungated,cam1,823,1,1,3.7385454177856445
e9_top1_ungated,cam1,824,1,1,5.577341556549072
e9_top1_ungated,cam1,825,1,1,2.1412954330444336
e9_top1_ungated,cam1,826,1,1,4.858956336975098
e9_top1_ungated,cam1,827,1,1,5.551688194274902
e9_top1_ungated,cam1,828,1,1,8.887011528015137
e9_top1_ungated,cam1,829,1,1,8.173123359680176
e9_top1_ungated,cam1,830,1,1,4.680160045623779
e9_top1_ungated,cam1,831,1,1,4.245046138763428
e9_top1_ungated,cam1,832,1,1,4.769742488861084
e9_top1_ungated,cam1,833,1,1,3.266810178756714
e9_top1_ungated,cam1,834,1,1,2.4044723510742188
e9_top1_ungated,cam1,835,1,1,6.401431083679199
e9_top1_ungated,cam1,836,1,1,4.2275614738464355
e9_top1_ungated,cam1,837,1,1,3.2993268966674805
e9_top1_ungated,cam1,838,1,1,6.114714622497559
e9_top1_ungated,cam1,839,1,1,3.2427990436553955
e9_top1_ungated,cam1,840,1,1,2.294945240020752
e9_top1_ungated,cam1,841,1,1,3.637951135635376
e9_top1_ungated,cam1,842,1,1,0.17001216113567352
e9_top1_ungated,cam1,843,1,1,4.583044052124023
e9_top1_ungated,cam1,844,1,1,2.468571186065674
e9_top1_ungated,cam1,845,1,1,4.495647430419922
e9_top1_ungated,cam1,846,1,1,2.2739005088806152
e9_top1_ungated,cam1,847,1,1,1.5169334411621094
e9_top1_ungated,cam1,848,1,1,3.920671224594116
e9_top1_ungated,cam1,849,1,1,4.64649772644043
e9_top1_ungated,cam1,850,1,1,3.762359619140625
e9_top1_ungated,cam1,851,1,1,3.7433907985687256
e9_top1_ungated,cam1,852,1,1,0.2199212610721588
e9_top1_ungated,cam1,853,1,1,2.9616456031799316
e9_top1_ungated,cam1,854,1,1,4.020354747772217
e9_top1_ungated,cam1,855,1,1,4.274778842926025
e9_top1_ungated,cam1,856,1,1,4.059042453765869
e9_top1_ungated,cam1,857,1,1,3.2753922939300537
e9_top1_ungated,cam1,858,1,1,2.196800708770752
e9_top1_ungated,cam1,859,1,1,1.9289721250534058
e9_top1_ungated,cam1,860,1,1,1.847813367843628
e9_top1_ungated,cam1,861,1,1,1.6374740600585938
e9_top1_ungated,cam1,862,1,1,2.1728296279907227
e9_top1_ungated,cam1,863,1,1,2.806469202041626
e9_top1_ungated,cam1,864,1,1,5.538089275360107
e9_top1_ungated,cam1,865,1,1,3.0377254486083984
e9_top1_ungated,cam1,866,1,1,1.3114676475524902
e9_top1_ungated,cam1,867,1,1,3.7029478549957275
e9_top1_ungated,cam1,868,1,1,5.323482036590576
e9_top1_ungated,cam1,869,1,1,3.9571564197540283
e9_top1_ungated,cam1,870,1,1,2.7966232299804688
e9_top1_ungated,cam1,871,1,1,0.6350810527801514
e9_top1_ungated,cam1,872,1,1,2.4396300315856934
e9_top1_ungated,cam1,873,1,1,4.092334747314453
e9_top1_ungated,cam1,874,1,1,1.8160104751586914
e9_top1_ungated,cam1,875,1,1,3.596146583557129
e9_top1_ungated,cam1,876,1,1,2.9974145889282227
e9_top1_ungated,cam1,877,1,1,1.7343649864196777
e9_top1_ungated,cam1,878,1,1,5.342526912689209
e9_top1_ungated,cam1,879,1,1,7.797245502471924
e9_top1_ungated,cam1,880,1,1,5.6565656661987305
e9_top1_ungated,cam1,881,1,1,6.358907699584961
e9_top1_ungated,cam1,882,1,1,4.634401798248291
e9_top1_ungated,cam1,883,1,1,3.4655539989471436
e9_top1_ungated,cam1,884,1,1,3.319885015487671
e9_top1_ungated,cam1,885,1,1,1.1530842781066895
e9_top1_ungated,cam1,886,1,1,7.838355541229248
e9_top1_ungated,cam1,887,1,1,5.354069709777832
e9_top1_ungated,cam1,888,1,1,4.421694755554199
e9_top1_ungated,cam1,889,1,1,1.030809998512268
e9_top1_ungated,cam1,890,1,1,2.325322151184082
e9_top1_ungated,cam1,891,1,1,7.703372001647949
e9_top1_ungated,cam1,892,1,1,4.768286228179932
e9_top1_ungated,cam1,893,1,1,4.70153284072876
e9_top1_ungated,cam1,894,1,1,1.569305419921875
e9_top1_ungated,cam1,895,1,1,3.2421295642852783
e9_top1_ungated,cam1,896,1,1,1.921553611755371
e9_top1_ungated,cam1,897,1,1,0.6892522573471069
e9_top1_ungated,cam1,898,1,1,3.2758564949035645
e9_top1_ungated,cam1,899,1,1,3.7894439697265625
e9_top1_ungated,cam1,900,1,1,3.0403378009796143
e9_top1_ungated,cam1,901,1,1,8.028046607971191
e9_top1_ungated,cam1,902,1,1,5.655795574188232
e9_top1_ungated,cam1,903,1,1,1.3411335945129395
e9_top1_ungated,cam1,904,1,1,4.540145397186279
e9_top1_ungated,cam1,905,1,1,1.2143722772598267
e9_top1_ungated,cam1,906,1,1,4.5703959465026855
e9_top1_ungated,cam1,907,1,1,4.472096920013428
e9_top1_ungated,cam1,908,1,1,0.7338935732841492
e9_top1_ungated,cam1,909,1,1,3.3623440265655518
e9_top1_ungated,cam1,910,1,1,3.2212963104248047
e9_top1_ungated,cam1,911,1,1,0.5782617926597595
e9_top1_ungated,cam1,912,1,1,1.8876739740371704
e9_top1_ungated,cam1,913,1,1,0.8330621123313904
e9_top1_ungated,cam1,914,1,1,3.213221788406372
e9_top1_ungated,cam1,915,1,1,1.2637953758239746
e9_top1_ungated,cam1,916,1,1,4.046627998352051
e9_top1_ungated,cam1,917,1,1,4.827122211456299
e9_top1_ungated,cam1,918,1,1,1.3268952369689941
e9_top1_ungated,cam1,919,1,1,2.005589723587036
e9_top1_ungated,cam1,920,1,1,2.6628570556640625
e9_top1_ungated,cam1,921,1,1,2.0982227325439453
e9_top1_ungated,cam1,922,1,1,2.4878766536712646
e9_top1_ungated,cam1,923,1,1,1.9517661333084106
e9_top1_ungated,cam1,924,1,1,2.039930820465088
e9_top1_ungated,cam1,925,1,1,3.313856840133667
e9_top1_ungated,cam1,926,1,1,7.118732452392578
e9_top1_ungated,cam1,927,1,1,3.58856463432312
e9_top1_ungated,cam1,928,1,1,4.609871864318848
e9_top1_ungated,cam1,929,1,1,3.029212236404419
e9_top1_ungated,cam1,930,1,1,1.6179890632629395
e9_top1_ungated,cam1,931,1,1,2.3116378784179688
e9_top1_ungated,cam1,932,1,1,0.38305407762527466
e9_top1_ungated,cam1,933,1,1,0.10899219661951065
e9_top1_ungated,cam1,934,1,1,0.8412114977836609
e9_top1_ungated,cam1,935,1,1,1.5581978559494019
e9_top1_ungated,cam1,936,1,1,2.6967949867248535
e9_top1_ungated,cam1,937,1,1,2.8713769912719727
e9_top1_ungated,cam1,938,1,1,4.855731964111328
e9_top1_ungated,cam1,939,1,1,1.3963171243667603
e9_top1_ungated,cam1,940,1,1,0.5385437607765198
e9_top1_ungated,cam1,941,1,1,3.1426188945770264
e9_top1_ungated,cam1,942,1,1,2.2262046337127686
e9_top1_ungated,cam1,943,1,1,3.6018335819244385
e9_top1_ungated,cam1,944,1,1,2.906715154647827
e9_top1_ungated,cam1,945,1,1,1.9746477603912354
e9_top1_ungated,cam1,946,1,1,1.596653699874878
e9_top1_ungated,cam1,947,1,1,1.1679224967956543
e9_top1_ungated,cam1,948,1,1,1.2508881092071533
e9_top1_ungated,cam1,949,1,1,0.3334328532218933
e9_top1_ungated,cam1,950,1,1,3.152946710586548
e9_top1_ungated,cam1,951,1,1,4.30743408203125
e9_top1_ungated,cam1,952,1,1,7.579309463500977
e9_top1_ungated,cam1,953,1,1,5.115312099456787
e9_top1_ungated,cam1,954,1,1,2.940950632095337
e9_top1_ungated,cam1,955,1,1,2.6691205501556396
e9_top1_ungated,cam1,956,1,1,3.459113597869873
e9_top1_ungated,cam1,957,1,1,5.002518177032471
e9_top1_ungated,cam1,958,1,1,1.9448888301849365
e9_top1_ungated,cam1,959,1,1,3.861560106277466
e9_top1_ungated,cam1,960,1,1,3.928621292114258
e9_top1_ungated,cam1,961,1,1,3.5075905323028564
e9_top1_ungated,cam1,962,1,1,6.661651611328125
e9_top1_ungated,cam1,963,1,1,7.8364081382751465
e9_top1_ungated,cam1,964,1,1,9.009393692016602
e9_top1_ungated,cam1,965,1,1,11.808915138244629
e9_top1_ungated,cam1,966,1,1,5.428125858306885
e9_top1_ungated,cam1,967,1,1,2.4828896522521973
e9_top1_ungated,cam1,968,1,1,4.61591911315918
e9_top1_ungated,cam1,969,1,1,1.527935266494751
e9_top1_ungated,cam1,970,1,1,140.75404357910156
e9_top1_ungated,cam1,971,1,1,140.2386474609375
e9_top1_ungated,cam1,972,1,1,137.9491729736328
e9_top1_ungated,cam1,973,1,1,135.42703247070312
e9_top1_ungated,cam1,974,1,1,3.342963695526123
e9_top1_ungated,cam1,975,1,1,6.049182415008545
e9_top1_ungated,cam1,976,1,1,6.2191162109375
e9_top1_ungated,cam1,977,1,1,6.567488670349121
e9_top1_ungated,cam1,978,1,1,7.092135429382324
e9_top1_ungated,cam1,979,1,1,6.310469627380371
e9_top1_ungated,cam1,980,1,1,8.061504364013672
e9_top1_ungated,cam1,981,1,1,8.202302932739258
e9_top1_ungated,cam1,982,1,1,9.056512832641602
e9_top1_ungated,cam1,983,1,1,8.157155990600586
e9_top1_ungated,cam1,984,1,1,8.091361999511719
e9_top1_ungated,cam1,985,1,1,11.900146484375
e9_top1_ungated,cam1,986,1,1,14.267173767089844
e9_top1_ungated,cam1,987,1,1,5.701054573059082
e9_top1_ungated,cam1,988,1,1,3.5524463653564453
e9_top1_ungated,cam1,989,1,1,4.573871612548828
e9_top1_ungated,cam1,990,1,1,10.665068626403809
e9_top1_ungated,cam1,991,1,1,11.309749603271484
e9_top1_ungated,cam1,992,1,1,12.162653923034668
e9_top1_ungated,cam1,993,1,1,11.563802719116211
e9_top1_ungated,cam1,994,1,1,5.492615222930908
e9_top1_ungated,cam1,995,1,1,6.633708953857422
e9_top1_ungated,cam1,996,1,1,10.020332336425781
e9_top1_ungated,cam1,997,1,1,12.523463249206543
e9_top1_ungated,cam1,998,1,1,6.968872547149658
e9_top1_ungated,cam1,999,1,1,1.5665122270584106
e9_top1_ungated,cam1,1000,1,1,0.46483084559440613
e9_top1_ungated,cam1,1001,1,1,3.2015058994293213
e9_top1_ungated,cam1,1002,1,1,7.572250843048096
e9_top1_ungated,cam1,1003,1,1,14.845271110534668
e9_top1_ungated,cam1,1004,1,1,34.14793014526367
e9_top1_ungated,cam1,1005,1,1,48.63538360595703
e9_top1_ungated,cam1,1006,1,1,52.48531723022461
e9_top1_ungated,cam1,1007,1,0,
e9_top1_ungated,cam1,1008,1,0,
e9_top1_ungated,cam1,1009,1,0,
e9_top1_ungated,cam2,0,1,1,11.54117202758789
e9_top1_ungated,cam2,1,1,1,17.49090576171875
e9_top1_ungated,cam2,2,1,0,
e9_top1_ungated,cam2,3,1,1,20.78484344482422
e9_top1_ungated,cam2,4,1,1,25.610998153686523
e9_top1_ungated,cam2,5,1,1,61.23587417602539
e9_top1_ungated,cam2,6,1,1,70.81837463378906
e9_top1_ungated,cam2,7,1,1,78.48155975341797
e9_top1_ungated,cam2,8,1,1,80.2245101928711
e9_top1_ungated,cam2,9,1,1,22.254865646362305
e9_top1_ungated,cam2,10,1,1,92.18914031982422
e9_top1_ungated,cam2,11,1,1,96.73368072509766
e9_top1_ungated,cam2,12,1,1,98.57599639892578
e9_top1_ungated,cam2,13,1,1,92.45712280273438
e9_top1_ungated,cam2,14,1,1,37.170597076416016
e9_top1_ungated,cam2,15,1,1,30.267810821533203
e9_top1_ungated,cam2,16,1,1,35.831329345703125
e9_top1_ungated,cam2,17,1,1,40.67491912841797
e9_top1_ungated,cam2,18,1,1,26.395526885986328
e9_top1_ungated,cam2,19,1,1,18.923921585083008
e9_top1_ungated,cam2,20,1,1,10.183844566345215
e9_top1_ungated,cam2,21,1,1,7.039438724517822
e9_top1_ungated,cam2,22,1,1,9.133054733276367
e9_top1_ungated,cam2,23,1,1,7.3864922523498535
e9_top1_ungated,cam2,24,1,1,5.605200290679932
e9_top1_ungated,cam2,25,1,1,4.422459125518799
e9_top1_ungated,cam2,26,1,1,4.896154403686523
e9_top1_ungated,cam2,27,1,1,3.8769478797912598
e9_top1_ungated,cam2,28,1,1,4.0410475730896
e9_top1_ungated,cam2,29,1,1,4.008687973022461
e9_top1_ungated,cam2,30,1,1,1.445322871208191
e9_top1_ungated,cam2,31,1,1,0.8978902697563171
e9_top1_ungated,cam2,32,1,1,0.8543387651443481
e9_top1_ungated,cam2,33,1,1,4.268749713897705
e9_top1_ungated,cam2,34,1,1,1.0667914152145386
e9_top1_ungated,cam2,35,1,1,2.9075586795806885
e9_top1_ungated,cam2,36,1,1,1.7038440704345703
e9_top1_ungated,cam2,37,1,1,6.059874057769775
e9_top1_ungated,cam2,38,1,1,8.974761962890625
e9_top1_ungated,cam2,39,1,1,4.903779029846191
e9_top1_ungated,cam2,40,1,1,8.927834510803223
e9_top1_ungated,cam2,41,1,1,6.835495471954346
e9_top1_ungated,cam2,42,1,1,2.0751941204071045
e9_top1_ungated,cam2,43,1,1,4.293458461761475
e9_top1_ungated,cam2,44,1,1,1.1018686294555664
e9_top1_ungated,cam2,45,1,1,4.924160480499268
e9_top1_ungated,cam2,46,1,1,2.032160520553589
e9_top1_ungated,cam2,47,1,1,2.479295492172241
e9_top1_ungated,cam2,48,1,1,2.867614984512329
e9_top1_ungated,cam2,49,1,1,4.66731595993042
e9_top1_ungated,cam2,50,1,1,2.6856613159179688
e9_top1_ungated,cam2,51,1,1,2.4197957515716553
e9_top1_ungated,cam2,52,1,1,2.9959123134613037
e9_top1_ungated,cam2,53,1,1,1.927802324295044
e9_top1_ungated,cam2,54,1,1,4.101297855377197
e9_top1_ungated,cam2,55,1,1,3.0733015537261963
e9_top1_ungated,cam2,56,1,1,2.1699461936950684
e9_top1_ungated,cam2,57,1,1,3.626458168029785
e9_top1_ungated,cam2,58,1,1,6.317361354827881
e9_top1_ungated,cam2,59,1,1,6.247217655181885
e9_top1_ungated,cam2,60,1,1,4.691104888916016
e9_top1_ungated,cam2,61,1,1,6.501331329345703
e9_top1_ungated,cam2,62,1,1,5.814712047576904
e9_top1_ungated,cam2,63,1,1,6.151087284088135
e9_top1_ungated,cam2,64,1,1,3.5593905448913574
e9_top1_ungated,cam2,65,1,1,4.501612186431885
e9_top1_ungated,cam2,66,1,1,5.287511825561523
e9_top1_ungated,cam2,67,1,1,5.483919620513916
e9_top1_ungated,cam2,68,1,1,5.924489498138428
e9_top1_ungated,cam2,69,1,1,4.919607639312744
e9_top1_ungated,cam2,70,1,1,3.6319453716278076
e9_top1_ungated,cam2,71,1,1,4.4859538078308105
e9_top1_ungated,cam2,72,1,1,5.922544956207275
e9_top1_ungated,cam2,73,1,1,4.859951496124268
e9_top1_ungated,cam2,74,1,1,4.304840564727783
e9_top1_ungated,cam2,75,1,1,3.8273656368255615
e9_top1_ungated,cam2,76,1,1,2.3487024307250977
e9_top1_ungated,cam2,77,1,1,3.210585117340088
e9_top1_ungated,cam2,78,1,1,6.887590408325195
e9_top1_ungated,cam2,79,1,1,7.891514301300049
e9_top1_ungated,cam2,80,1,1,6.022391319274902
e9_top1_ungated,cam2,81,1,1,4.639587879180908
e9_top1_ungated,cam2,82,1,1,1.8789957761764526
e9_top1_ungated,cam2,83,1,1,2.0923023223876953
e9_top1_ungated,cam2,84,1,1,11.895564079284668
e9_top1_ungated,cam2,85,1,1,8.463520050048828
e9_top1_ungated,cam2,86,1,1,19.763355255126953
e9_top1_ungated,cam2,87,1,1,15.528709411621094
e9_top1_ungated,cam2,88,1,1,11.343482971191406
e9_top1_ungated,cam2,89,1,1,8.967432975769043
e9_top1_ungated,cam2,90,1,1,5.46156120300293
e9_top1_ungated,cam2,91,1,1,3.3499927520751953
e9_top1_ungated,cam2,92,1,1,2.133206605911255
e9_top1_ungated,cam2,93,1,1,6.894286155700684
e9_top1_ungated,cam2,94,1,1,3.6633613109588623
e9_top1_ungated,cam2,95,1,1,0.6258288025856018
e9_top1_ungated,cam2,96,1,1,0.9482757449150085
e9_top1_ungated,cam2,97,1,1,2.837963819503784
e9_top1_ungated,cam2,98,1,1,3.8705999851226807
e9_top1_ungated,cam2,99,1,1,0.796651303768158
e9_top1_ungated,cam2,100,1,1,4.4347028732299805
e9_top1_ungated,cam2,101,1,1,1.5177781581878662
e9_top1_ungated,cam2,102,1,1,3.5307538509368896
e9_top1_ungated,cam2,103,1,1,3.2218570709228516
e9_top1_ungated,cam2,104,1,1,1.7918522357940674
e9_top1_ungated,cam2,105,1,1,5.60776424407959
e9_top1_ungated,cam2,106,1,1,7.498681545257568
e9_top1_ungated,cam2,107,1,1,5.232390880584717
e9_top1_ungated,cam2,108,1,1,3.234036922454834
e9_top1_ungated,cam2,109,1,1,2.9116945266723633
e9_top1_ungated,cam2,110,1,1,242.74215698242188
e9_top1_ungated,cam2,111,1,1,342.95574951171875
e9_top1_ungated,cam2,112,1,1,65.2655029296875
e9_top1_ungated,cam2,113,1,1,372.7161865234375
e9_top1_ungated,cam2,114,1,1,163.31907653808594
e9_top1_ungated,cam2,115,1,1,167.6311798095703
e9_top1_ungated,cam2,116,1,1,165.8713836669922
e9_top1_ungated,cam2,117,1,1,170.8955535888672
e9_top1_ungated,cam2,118,1,1,165.5371551513672
e9_top1_ungated,cam2,119,1,1,163.25247192382812
e9_top1_ungated,cam2,120,1,1,163.9429931640625
e9_top1_ungated,cam2,121,1,1,163.74472045898438
e9_top1_ungated,cam2,122,1,1,163.9916534423828
e9_top1_ungated,cam2,123,1,1,168.56288146972656
e9_top1_ungated,cam2,124,1,1,163.3789520263672
e9_top1_ungated,cam2,125,1,1,158.5941619873047
e9_top1_ungated,cam2,126,1,1,280.3936462402344
e9_top1_ungated,cam2,127,1,1,278.06829833984375
e9_top1_ungated,cam2,128,1,1,83.0780258178711
e9_top1_ungated,cam2,129,1,1,83.29703521728516
e9_top1_ungated,cam2,130,1,1,75.86164093017578
e9_top1_ungated,cam2,131,1,1,10.396987915039062
e9_top1_ungated,cam2,132,1,1,6.544970989227295
e9_top1_ungated,cam2,133,1,1,7.766246318817139
e9_top1_ungated,cam2,134,1,1,1.453700304031372
e9_top1_ungated,cam2,135,1,1,1.126136064529419
e9_top1_ungated,cam2,136,1,1,6.932151794433594
e9_top1_ungated,cam2,137,1,1,11.619610786437988
e9_top1_ungated,cam2,138,1,1,8.68498706817627
e9_top1_ungated,cam2,139,1,1,11.27470588684082
e9_top1_ungated,cam2,140,1,1,1.6225194931030273
e9_top1_ungated,cam2,141,1,1,7.709016799926758
e9_top1_ungated,cam2,142,1,1,10.93961238861084
e9_top1_ungated,cam2,143,1,1,11.028434753417969
e9_top1_ungated,cam2,144,1,1,9.767348289489746
e9_top1_ungated,cam2,145,1,1,7.425825595855713
e9_top1_ungated,cam2,146,1,1,4.955132007598877
e9_top1_ungated,cam2,147,1,1,6.327734470367432
e9_top1_ungated,cam2,148,1,1,7.198091506958008
e9_top1_ungated,cam2,149,1,1,1.867560625076294
e9_top1_ungated,cam2,150,1,1,6.507928848266602
e9_top1_ungated,cam2,151,1,1,6.195198059082031
e9_top1_ungated,cam2,152,1,1,7.746671676635742
e9_top1_ungated,cam2,153,1,1,6.798910140991211
e9_top1_ungated,cam2,154,1,1,6.0528082847595215
e9_top1_ungated,cam2,155,1,1,6.079357624053955
e9_top1_ungated,cam2,156,1,1,5.278769493103027
e9_top1_ungated,cam2,157,1,1,3.462923288345337
e9_top1_ungated,cam2,158,1,1,5.078747749328613
e9_top1_ungated,cam2,159,1,1,7.521739959716797
e9_top1_ungated,cam2,160,1,1,6.540728569030762
e9_top1_ungated,cam2,161,1,1,9.835639953613281
e9_top1_ungated,cam2,162,1,1,11.740362167358398
e9_top1_ungated,cam2,163,1,1,11.50155258178711
e9_top1_ungated,cam2,164,1,2,
e9_top1_ungated,cam2,165,1,1,11.969104766845703
e9_top1_ungated,cam2,166,1,2,
e9_top1_ungated,cam2,167,1,1,11.090736389160156
e9_top1_ungated,cam2,168,1,1,11.044320106506348
e9_top1_ungated,cam2,169,1,1,11.076786994934082
e9_top1_ungated,cam2,170,1,2,
e9_top1_ungated,cam2,171,1,1,9.86679458618164
e9_top1_ungated,cam2,172,1,1,8.89016342163086
e9_top1_ungated,cam2,173,1,1,10.267528533935547
e9_top1_ungated,cam2,174,1,1,7.0143303871154785
e9_top1_ungated,cam2,175,1,1,8.729512214660645
e9_top1_ungated,cam2,176,1,1,6.934325695037842
e9_top1_ungated,cam2,177,1,1,5.811960220336914
e9_top1_ungated,cam2,178,1,1,2.878697156906128
e9_top1_ungated,cam2,179,1,1,3.2151834964752197
e9_top1_ungated,cam2,180,1,1,1.8130788803100586
e9_top1_ungated,cam2,181,1,1,4.449519157409668
e9_top1_ungated,cam2,182,1,1,4.286756992340088
e9_top1_ungated,cam2,183,1,1,3.3776943683624268
e9_top1_ungated,cam2,184,1,1,4.499644756317139
e9_top1_ungated,cam2,185,1,1,6.123779296875
e9_top1_ungated,cam2,186,1,1,6.399972915649414
e9_top1_ungated,cam2,187,1,1,9.35906982421875
e9_top1_ungated,cam2,188,1,1,12.634286880493164
e9_top1_ungated,cam2,189,1,1,9.050048828125
e9_top1_ungated,cam2,190,1,1,8.896347999572754
e9_top1_ungated,cam2,191,1,1,3.6768836975097656
e9_top1_ungated,cam2,192,1,1,3.75246262550354
e9_top1_ungated,cam2,193,1,1,4.728462219238281
e9_top1_ungated,cam2,194,1,1,6.243079662322998
e9_top1_ungated,cam2,195,1,1,5.830336570739746
e9_top1_ungated,cam2,196,1,1,11.258146286010742
e9_top1_ungated,cam2,197,1,1,12.348302841186523
e9_top1_ungated,cam2,198,1,1,10.152969360351562
e9_top1_ungated,cam2,199,1,1,14.15817642211914
e9_top1_ungated,cam2,200,1,1,20.478187561035156
e9_top1_ungated,cam2,201,1,1,62.71259307861328
e9_top1_ungated,cam2,202,1,1,92.30763244628906
e9_top1_ungated,cam2,203,1,1,93.42891693115234
e9_top1_ungated,cam2,204,1,1,100.98711395263672
e9_top1_ungated,cam2,205,1,1,3.0653977394104004
e9_top1_ungated,cam2,206,1,1,5.6525726318359375
e9_top1_ungated,cam2,207,1,1,1.6239174604415894
e9_top1_ungated,cam2,208,1,1,2.074777126312256
e9_top1_ungated,cam2,209,1,1,2.06670880317688
e9_top1_ungated,cam2,210,1,1,5.879635334014893
e9_top1_ungated,cam2,211,1,1,1.85542893409729
e9_top1_ungated,cam2,212,1,1,5.1468939781188965
e9_top1_ungated,cam2,213,1,1,2.783177375793457
e9_top1_ungated,cam2,214,1,1,1.441452145576477
e9_top1_ungated,cam2,215,1,1,4.680337429046631
e9_top1_ungated,cam2,216,1,1,3.0155155658721924
e9_top1_ungated,cam2,217,1,1,4.928565979003906
e9_top1_ungated,cam2,218,1,1,8.546808242797852
e9_top1_ungated,cam2,219,1,1,12.200672149658203
e9_top1_ungated,cam2,220,1,1,7.5011138916015625
e9_top1_ungated,cam2,221,1,1,6.690515518188477
e9_top1_ungated,cam2,222,1,1,6.295302867889404
e9_top1_ungated,cam2,223,1,0,
e9_top1_ungated,cam2,224,1,0,
e9_top1_ungated,cam2,225,1,1,60.63700866699219
e9_top1_ungated,cam2,226,1,1,58.96277618408203
e9_top1_ungated,cam2,227,1,1,31.691497802734375
e9_top1_ungated,cam2,228,1,1,21.411731719970703
e9_top1_ungated,cam2,229,1,1,15.017068862915039
e9_top1_ungated,cam2,230,1,0,
e9_top1_ungated,cam2,231,1,0,
e9_top1_ungated,cam2,232,1,0,
e9_top1_ungated,cam2,233,1,0,
e9_top1_ungated,cam2,234,1,0,
e9_top1_ungated,cam2,235,1,0,
e9_top1_ungated,cam2,236,1,0,
e9_top1_ungated,cam2,237,1,1,8.670817375183105
e9_top1_ungated,cam2,238,1,1,18.44425392150879
e9_top1_ungated,cam2,239,1,1,13.739237785339355
e9_top1_ungated,cam2,240,1,1,6.476531505584717
e9_top1_ungated,cam2,241,1,1,4.605863094329834
e9_top1_ungated,cam2,242,1,1,8.054244041442871
e9_top1_ungated,cam2,243,1,1,5.768076419830322
e9_top1_ungated,cam2,244,1,2,
e9_top1_ungated,cam2,245,1,2,
e9_top1_ungated,cam2,246,1,1,5.666008472442627
e9_top1_ungated,cam2,247,1,1,3.132638454437256
e9_top1_ungated,cam2,248,1,1,11.712762832641602
e9_top1_ungated,cam2,249,1,2,
e9_top1_ungated,cam2,250,1,1,13.058938026428223
e9_top1_ungated,cam2,251,1,1,13.414159774780273
e9_top1_ungated,cam2,252,1,1,12.68911361694336
e9_top1_ungated,cam2,253,1,1,14.044344902038574
e9_top1_ungated,cam2,254,1,1,2.8649537563323975
e9_top1_ungated,cam2,255,1,1,9.28773307800293
e9_top1_ungated,cam2,256,1,1,11.68764591217041
e9_top1_ungated,cam2,257,1,1,2.297488212585449
e9_top1_ungated,cam2,258,1,1,2.06545352935791
e9_top1_ungated,cam2,259,1,1,8.311981201171875
e9_top1_ungated,cam2,260,1,1,7.5158891677856445
e9_top1_ungated,cam2,261,1,1,1.415966510772705
e9_top1_ungated,cam2,262,1,1,4.41514778137207
e9_top1_ungated,cam2,263,1,1,9.357340812683105
e9_top1_ungated,cam2,264,1,1,2.2990942001342773
e9_top1_ungated,cam2,265,1,1,5.981509208679199
e9_top1_ungated,cam2,266,1,1,3.0527310371398926
e9_top1_ungated,cam2,267,1,1,3.5941457748413086
e9_top1_ungated,cam2,268,1,1,5.377817153930664
e9_top1_ungated,cam2,269,1,1,3.062547445297241
e9_top1_ungated,cam2,270,1,1,1.068229079246521
e9_top1_ungated,cam2,271,1,1,2.2988924980163574
e9_top1_ungated,cam2,272,1,1,2.4832563400268555
e9_top1_ungated,cam2,273,1,1,4.339015483856201
e9_top1_ungated,cam2,274,1,1,2.1621639728546143
e9_top1_ungated,cam2,275,1,1,4.411384582519531
e9_top1_ungated,cam2,276,1,1,0.7039674520492554
e9_top1_ungated,cam2,277,1,1,2.279327392578125
e9_top1_ungated,cam2,278,1,1,4.156395435333252
e9_top1_ungated,cam2,279,1,1,5.896291732788086
e9_top1_ungated,cam2,280,1,1,7.077640533447266
e9_top1_ungated,cam2,281,1,1,6.435688495635986
e9_top1_ungated,cam2,282,1,1,5.042102813720703
e9_top1_ungated,cam2,283,1,1,5.1541924476623535
e9_top1_ungated,cam2,284,1,1,4.463006019592285
e9_top1_ungated,cam2,285,1,1,5.562164306640625
e9_top1_ungated,cam2,286,1,1,3.707653045654297
e9_top1_ungated,cam2,287,1,1,6.0690436363220215
e9_top1_ungated,cam2,288,1,1,3.402287721633911
e9_top1_ungated,cam2,289,1,1,11.732057571411133
e9_top1_ungated,cam2,290,1,1,279.6977233886719
e9_top1_ungated,cam2,291,1,1,280.0472717285156
e9_top1_ungated,cam2,292,1,1,287.2683410644531
e9_top1_ungated,cam2,293,1,3,
e9_top1_ungated,cam2,294,1,3,
e9_top1_ungated,cam2,295,1,3,
e9_top1_ungated,cam2,296,1,3,
e9_top1_ungated,cam2,297,1,3,
e9_top1_ungated,cam2,298,1,1,7.373000144958496
e9_top1_ungated,cam2,299,1,1,6.759794235229492
e9_top1_ungated,cam2,300,1,1,0.7659186124801636
e9_top1_ungated,cam2,301,1,1,4.287290573120117
e9_top1_ungated,cam2,302,1,1,2.5670220851898193
e9_top1_ungated,cam2,303,1,1,3.742469072341919
e9_top1_ungated,cam2,304,1,1,5.970959186553955
e9_top1_ungated,cam2,305,1,1,6.042534828186035
e9_top1_ungated,cam2,306,1,1,9.730870246887207
e9_top1_ungated,cam2,307,1,1,15.330423355102539
e9_top1_ungated,cam2,308,1,1,26.806241989135742
e9_top1_ungated,cam2,309,1,1,15.636323928833008
e9_top1_ungated,cam2,310,1,1,10.759068489074707
e9_top1_ungated,cam2,311,1,1,8.601158142089844
e9_top1_ungated,cam2,312,1,1,16.681821823120117
e9_top1_ungated,cam2,313,1,1,6.934699535369873
e9_top1_ungated,cam2,314,1,1,12.225873947143555
e9_top1_ungated,cam2,315,1,1,7.024749279022217
e9_top1_ungated,cam2,316,1,1,3.4648215770721436
e9_top1_ungated,cam2,317,1,1,5.95849609375
e9_top1_ungated,cam2,318,1,1,5.011590480804443
e9_top1_ungated,cam2,319,1,1,2.558655023574829
e9_top1_ungated,cam2,320,1,1,7.783926963806152
e9_top1_ungated,cam2,321,1,1,11.274371147155762
e9_top1_ungated,cam2,322,1,1,13.758282661437988
e9_top1_ungated,cam2,323,1,1,7.4370012283325195
e9_top1_ungated,cam2,324,1,1,1.4841865301132202
e9_top1_ungated,cam2,325,1,1,9.365657806396484
e9_top1_ungated,cam2,326,1,1,7.418041706085205
e9_top1_ungated,cam2,327,1,1,2.2779557704925537
e9_top1_ungated,cam2,328,1,1,11.676495552062988
e9_top1_ungated,cam2,329,1,1,0.9759227633476257
e9_top1_ungated,cam2,330,1,1,11.21826457977295
e9_top1_ungated,cam2,331,1,1,7.609400749206543
e9_top1_ungated,cam2,332,1,1,5.994926452636719
e9_top1_ungated,cam2,333,1,1,6.899443626403809
e9_top1_ungated,cam2,334,1,1,155.27613830566406
e9_top1_ungated,cam2,335,1,1,152.55502319335938
e9_top1_ungated,cam2,336,1,1,158.36114501953125
e9_top1_ungated,cam2,337,1,1,161.49996948242188
e9_top1_ungated,cam2,338,1,1,9.291263580322266
e9_top1_ungated,cam2,339,1,1,2.6746585369110107
e9_top1_ungated,cam2,340,1,1,6.174720287322998
e9_top1_ungated,cam2,341,1,1,8.412010192871094
e9_top1_ungated,cam2,342,1,1,10.192138671875
e9_top1_ungated,cam2,343,1,1,7.225703239440918
e9_top1_ungated,cam2,344,1,1,8.120416641235352
e9_top1_ungated,cam2,345,1,1,5.292818546295166
e9_top1_ungated,cam2,346,1,1,8.567100524902344
e9_top1_ungated,cam2,347,1,1,8.490936279296875
e9_top1_ungated,cam2,348,1,1,7.435311317443848
e9_top1_ungated,cam2,349,1,1,8.423802375793457
e9_top1_ungated,cam2,350,1,1,13.999955177307129
e9_top1_ungated,cam2,351,1,1,12.337624549865723
e9_top1_ungated,cam2,352,1,1,7.35144567489624
e9_top1_ungated,cam2,353,1,1,5.945806980133057
e9_top1_ungated,cam2,354,1,1,8.394454002380371
e9_top1_ungated,cam2,355,1,1,4.112781047821045
e9_top1_ungated,cam2,356,1,1,1.5410059690475464
e9_top1_ungated,cam2,357,1,1,5.79658842086792
e9_top1_ungated,cam2,358,1,1,6.910951137542725
e9_top1_ungated,cam2,359,1,1,8.64448356628418
e9_top1_ungated,cam2,360,1,1,4.91951322555542
e9_top1_ungated,cam2,361,1,1,3.039297103881836
e9_top1_ungated,cam2,362,1,1,1.1572909355163574
e9_top1_ungated,cam2,363,1,1,1.9320842027664185
e9_top1_ungated,cam2,364,1,1,7.358546733856201
e9_top1_ungated,cam2,365,1,2,
e9_top1_ungated,cam2,366,1,1,6.503054618835449
e9_top1_ungated,cam2,367,1,1,7.8798627853393555
e9_top1_ungated,cam2,368,1,2,
e9_top1_ungated,cam2,369,1,1,2.4531912803649902
e9_top1_ungated,cam2,370,1,0,
e9_top1_ungated,cam2,371,1,0,
e9_top1_ungated,cam2,372,1,0,
e9_top1_ungated,cam2,373,1,0,
e9_top1_ungated,cam2,374,1,0,
e9_top1_ungated,cam2,375,1,0,
e9_top1_ungated,cam2,376,1,1,23.711223602294922
e9_top1_ungated,cam2,377,1,1,25.000038146972656
e9_top1_ungated,cam2,378,1,1,27.106765747070312
e9_top1_ungated,cam2,379,1,1,27.584129333496094
e9_top1_ungated,cam2,380,1,1,76.72544860839844
e9_top1_ungated,cam2,381,1,1,23.412799835205078
e9_top1_ungated,cam2,382,1,0,
e9_top1_ungated,cam2,383,1,0,
e9_top1_ungated,cam2,384,1,0,
e9_top1_ungated,cam2,385,1,0,
e9_top1_ungated,cam2,386,1,0,
e9_top1_ungated,cam2,387,1,0,
e9_top1_ungated,cam2,388,1,0,
e9_top1_ungated,cam2,389,1,0,
e9_top1_ungated,cam2,390,1,0,
e9_top1_ungated,cam2,391,1,0,
e9_top1_ungated,cam2,392,1,0,
e9_top1_ungated,cam2,393,1,0,
e9_top1_ungated,cam2,394,1,0,
e9_top1_ungated,cam2,395,1,0,
e9_top1_ungated,cam2,396,1,0,
e9_top1_ungated,cam2,397,1,0,
e9_top1_ungated,cam2,398,1,0,
e9_top1_ungated,cam2,399,1,0,
e9_top1_ungated,cam2,400,1,0,
e9_top1_ungated,cam2,401,1,0,
e9_top1_ungated,cam2,402,1,0,
e9_top1_ungated,cam2,403,1,0,
e9_top1_ungated,cam2,404,1,1,103.44549560546875
e9_top1_ungated,cam2,405,1,1,106.23665618896484
e9_top1_ungated,cam2,406,1,1,39.99308776855469
e9_top1_ungated,cam2,407,1,1,49.750343322753906
e9_top1_ungated,cam2,408,1,1,52.9751091003418
e9_top1_ungated,cam2,409,1,1,52.89274215698242
e9_top1_ungated,cam2,410,1,1,54.092586517333984
e9_top1_ungated,cam2,411,1,1,59.44330596923828
e9_top1_ungated,cam2,412,1,1,58.87552261352539
e9_top1_ungated,cam2,413,1,1,58.43373107910156
e9_top1_ungated,cam2,414,1,1,71.96842193603516
e9_top1_ungated,cam2,415,1,1,54.60385513305664
e9_top1_ungated,cam2,416,1,1,59.43039321899414
e9_top1_ungated,cam2,417,1,1,56.73912811279297
e9_top1_ungated,cam2,418,1,1,57.162715911865234
e9_top1_ungated,cam2,419,1,1,42.132232666015625
e9_top1_ungated,cam2,420,1,1,34.0130500793457
e9_top1_ungated,cam2,421,1,1,37.035316467285156
e9_top1_ungated,cam2,422,1,1,102.748291015625
e9_top1_ungated,cam2,423,1,1,96.37238311767578
e9_top1_ungated,cam2,424,1,1,187.61387634277344
e9_top1_ungated,cam2,425,1,1,185.42852783203125
e9_top1_ungated,cam2,426,1,1,23.419368743896484
e9_top1_ungated,cam2,427,1,1,21.362077713012695
e9_top1_ungated,cam2,428,1,1,21.240076065063477
e9_top1_ungated,cam2,429,1,1,18.858184814453125
e9_top1_ungated,cam2,430,1,1,20.59758949279785
e9_top1_ungated,cam2,431,1,1,21.187673568725586
e9_top1_ungated,cam2,432,1,1,19.278106689453125
e9_top1_ungated,cam2,433,1,1,23.424488067626953
e9_top1_ungated,cam2,434,1,1,20.246519088745117
e9_top1_ungated,cam2,435,1,1,20.087886810302734
e9_top1_ungated,cam2,436,1,1,21.103992462158203
e9_top1_ungated,cam2,437,1,2,
e9_top1_ungated,cam2,438,1,1,27.548349380493164
e9_top1_ungated,cam2,439,1,1,29.66254997253418
e9_top1_ungated,cam2,440,1,1,31.836305618286133
e9_top1_ungated,cam2,441,1,1,41.19649124145508
e9_top1_ungated,cam2,442,1,1,42.60995864868164
e9_top1_ungated,cam2,443,1,1,43.10081100463867
e9_top1_ungated,cam2,444,1,1,43.657470703125
e9_top1_ungated,cam2,445,1,1,45.19813919067383
e9_top1_ungated,cam2,446,1,1,42.536376953125
e9_top1_ungated,cam2,447,1,1,50.78501892089844
e9_top1_ungated,cam2,448,1,2,
e9_top1_ungated,cam2,449,1,1,49.3641357421875
e9_top1_ungated,cam2,450,1,1,10.68100643157959
e9_top1_ungated,cam2,451,1,1,10.529606819152832
e9_top1_ungated,cam2,452,1,1,8.591297149658203
e9_top1_ungated,cam2,453,1,1,9.18226146697998
e9_top1_ungated,cam2,454,1,1,7.6223978996276855
e9_top1_ungated,cam2,455,1,1,8.387866020202637
e9_top1_ungated,cam2,456,1,1,8.07526683807373
e9_top1_ungated,cam2,457,1,1,8.752715110778809
e9_top1_ungated,cam2,458,1,1,10.825461387634277
e9_top1_ungated,cam2,459,1,1,11.449129104614258
e9_top1_ungated,cam2,460,1,1,13.467300415039062
e9_top1_ungated,cam2,461,1,1,14.2400541305542
e9_top1_ungated,cam2,462,1,1,9.401127815246582
e9_top1_ungated,cam2,463,1,1,7.099961280822754
e9_top1_ungated,cam2,464,1,1,5.433452606201172
e9_top1_ungated,cam2,465,1,1,2.145472526550293
e9_top1_ungated,cam2,466,1,1,2.328575611114502
e9_top1_ungated,cam2,467,1,1,7.9677557945251465
e9_top1_ungated,cam2,468,1,1,12.680564880371094
e9_top1_ungated,cam2,469,1,1,10.844869613647461
e9_top1_ungated,cam2,470,1,1,8.373662948608398
e9_top1_ungated,cam2,471,1,1,5.41892671585083
e9_top1_ungated,cam2,472,1,1,3.1377899646759033
e9_top1_ungated,cam2,473,1,1,7.2932000160217285
e9_top1_ungated,cam2,474,1,1,5.270901679992676
e9_top1_ungated,cam2,475,1,1,6.442405700683594
e9_top1_ungated,cam2,476,1,1,5.50006103515625
e9_top1_ungated,cam2,477,1,1,2.585160255432129
e9_top1_ungated,cam2,478,1,1,4.033981800079346
e9_top1_ungated,cam2,479,1,1,1.4346965551376343
e9_top1_ungated,cam2,480,1,1,2.1146435737609863
e9_top1_ungated,cam2,481,1,1,5.808221817016602
e9_top1_ungated,cam2,482,1,1,3.7370364665985107
e9_top1_ungated,cam2,483,1,1,3.732114315032959
e9_top1_ungated,cam2,484,1,1,2.546631097793579
e9_top1_ungated,cam2,485,1,1,2.741792917251587
e9_top1_ungated,cam2,486,1,1,4.100636005401611
e9_top1_ungated,cam2,487,1,1,2.5096373558044434
e9_top1_ungated,cam2,488,1,1,2.860720157623291
e9_top1_ungated,cam2,489,1,1,4.855292320251465
e9_top1_ungated,cam2,490,1,1,2.053812265396118
e9_top1_ungated,cam2,491,1,1,2.849735975265503
e9_top1_ungated,cam2,492,1,1,4.8321452140808105
e9_top1_ungated,cam2,493,1,1,4.751979351043701
e9_top1_ungated,cam2,494,1,1,4.9461989402771
e9_top1_ungated,cam2,495,1,1,6.117248058319092
e9_top1_ungated,cam2,496,1,1,6.640991687774658
e9_top1_ungated,cam2,497,1,1,3.3902153968811035
e9_top1_ungated,cam2,498,1,1,8.003944396972656
e9_top1_ungated,cam2,499,1,1,4.854813098907471
e9_top1_ungated,cam2,500,1,1,0.9096261858940125
e9_top1_ungated,cam2,501,1,1,3.7912509441375732
e9_top1_ungated,cam2,502,1,1,3.028762102127075
e9_top1_ungated,cam2,503,1,1,4.661440849304199
e9_top1_ungated,cam2,504,1,1,4.7440361976623535
e9_top1_ungated,cam2,505,1,1,6.944444179534912
e9_top1_ungated,cam2,506,1,1,4.593297481536865
e9_top1_ungated,cam2,507,1,1,2.636190891265869
e9_top1_ungated,cam2,508,1,1,2.8510241508483887
e9_top1_ungated,cam2,509,1,1,5.854166030883789
e9_top1_ungated,cam2,510,1,1,2.10361385345459
e9_top1_ungated,cam2,511,1,1,1.3982571363449097
e9_top1_ungated,cam2,512,1,1,0.6631697416305542
e9_top1_ungated,cam2,513,1,1,9.267369270324707
e9_top1_ungated,cam2,514,1,1,6.666467666625977
e9_top1_ungated,cam2,515,1,1,5.956343650817871
e9_top1_ungated,cam2,516,1,1,13.172086715698242
e9_top1_ungated,cam2,517,1,1,15.713827133178711
e9_top1_ungated,cam2,518,1,1,11.067728042602539
e9_top1_ungated,cam2,519,1,1,19.13986587524414
e9_top1_ungated,cam2,520,1,1,22.76021957397461
e9_top1_ungated,cam2,521,1,1,214.782470703125
e9_top1_ungated,cam2,522,1,1,184.05003356933594
e9_top1_ungated,cam2,523,1,1,171.09967041015625
e9_top1_ungated,cam2,524,1,1,158.7656707763672
e9_top1_ungated,cam2,525,1,1,142.33889770507812
e9_top1_ungated,cam2,526,1,1,11.027149200439453
e9_top1_ungated,cam2,527,1,1,8.952919960021973
e9_top1_ungated,cam2,528,1,1,1.5437393188476562
e9_top1_ungated,cam2,529,1,1,2.5506937503814697
e9_top1_ungated,cam2,530,1,1,5.678385257720947
e9_top1_ungated,cam2,531,1,1,3.302509069442749
e9_top1_ungated,cam2,532,1,1,2.0307979583740234
e9_top1_ungated,cam2,533,1,1,3.651212215423584
e9_top1_ungated,cam2,534,1,1,3.132028341293335
e9_top1_ungated,cam2,535,1,1,2.1302566528320312
e9_top1_ungated,cam2,536,1,1,2.4984259605407715
e9_top1_ungated,cam2,537,1,1,4.821378231048584
e9_top1_ungated,cam2,538,1,1,3.5592730045318604
e9_top1_ungated,cam2,539,1,1,2.0596566200256348
e9_top1_ungated,cam2,540,1,1,0.7375745177268982
e9_top1_ungated,cam2,541,1,1,2.9023630619049072
e9_top1_ungated,cam2,542,1,1,7.263001918792725
e9_top1_ungated,cam2,543,1,1,6.3853631019592285
e9_top1_ungated,cam2,544,1,1,6.726202964782715
e9_top1_ungated,cam2,545,1,1,10.268488883972168
e9_top1_ungated,cam2,546,1,1,9.152859687805176
e9_top1_ungated,cam2,547,1,1,8.397272109985352
e9_top1_ungated,cam2,548,1,1,10.294281005859375
e9_top1_ungated,cam2,549,1,1,11.975690841674805
e9_top1_ungated,cam2,550,1,1,2.896725654602051
e9_top1_ungated,cam2,551,1,1,3.7222137451171875
e9_top1_ungated,cam2,552,1,1,14.777139663696289
e9_top1_ungated,cam2,553,1,1,9.177167892456055
e9_top1_ungated,cam2,554,1,1,7.838371276855469
e9_top1_ungated,cam2,555,1,1,13.830389022827148
e9_top1_ungated,cam2,556,1,1,13.729105949401855
e9_top1_ungated,cam2,557,1,1,12.231945037841797
e9_top1_ungated,cam2,558,1,1,12.563562393188477
e9_top1_ungated,cam2,559,1,1,9.791553497314453
e9_top1_ungated,cam2,560,1,1,7.718599796295166
e9_top1_ungated,cam2,561,1,1,4.921751022338867
e9_top1_ungated,cam2,562,1,1,5.504999160766602
e9_top1_ungated,cam2,563,1,1,2.996514081954956
e9_top1_ungated,cam2,564,1,1,3.8434221744537354
e9_top1_ungated,cam2,565,1,1,1.2692338228225708
e9_top1_ungated,cam2,566,1,1,2.355306625366211
e9_top1_ungated,cam2,567,1,1,6.66990852355957
e9_top1_ungated,cam2,568,1,1,8.998502731323242
e9_top1_ungated,cam2,569,1,1,8.212440490722656
e9_top1_ungated,cam2,570,1,1,11.259781837463379
e9_top1_ungated,cam2,571,1,1,14.051928520202637
e9_top1_ungated,cam2,572,1,1,15.014652252197266
e9_top1_ungated,cam2,573,1,1,29.174060821533203
e9_top1_ungated,cam2,574,1,1,27.611867904663086
e9_top1_ungated,cam2,575,1,0,
e9_top1_ungated,cam2,576,1,0,
e9_top1_ungated,cam2,577,1,0,
e9_top1_ungated,cam2,578,1,0,
e9_top1_ungated,cam2,579,1,0,
e9_top1_ungated,cam2,580,1,0,
e9_top1_ungated,cam2,581,1,1,90.09736633300781
e9_top1_ungated,cam2,582,1,1,9.851930618286133
e9_top1_ungated,cam2,583,1,1,13.738520622253418
e9_top1_ungated,cam2,584,1,1,18.016626358032227
e9_top1_ungated,cam2,585,1,1,19.759143829345703
e9_top1_ungated,cam2,586,1,1,107.57869720458984
e9_top1_ungated,cam2,587,1,1,29.469226837158203
e9_top1_ungated,cam2,588,1,2,
e9_top1_ungated,cam2,589,1,2,
e9_top1_ungated,cam2,590,1,1,20.66062355041504
e9_top1_ungated,cam2,591,1,2,
e9_top1_ungated,cam2,592,1,1,31.514745712280273
e9_top1_ungated,cam2,593,1,1,42.12961196899414
e9_top1_ungated,cam2,594,1,1,37.42304611206055
e9_top1_ungated,cam2,595,1,1,41.77241516113281
e9_top1_ungated,cam2,596,1,1,48.132591247558594
e9_top1_ungated,cam2,597,1,0,
e9_top1_ungated,cam2,598,1,1,20.433500289916992
e9_top1_ungated,cam2,599,1,1,18.393905639648438
e9_top1_ungated,cam2,600,1,1,15.117668151855469
e9_top1_ungated,cam2,601,1,2,
e9_top1_ungated,cam2,602,1,1,9.77538776397705
e9_top1_ungated,cam2,603,1,1,10.245558738708496
e9_top1_ungated,cam2,604,1,2,
e9_top1_ungated,cam2,605,1,2,
e9_top1_ungated,cam2,606,1,1,3.4483859539031982
e9_top1_ungated,cam2,607,1,1,4.498228549957275
e9_top1_ungated,cam2,608,1,1,2.9486255645751953
e9_top1_ungated,cam2,609,1,1,7.001166820526123
e9_top1_ungated,cam2,610,1,1,81.79206848144531
e9_top1_ungated,cam2,611,1,1,88.26554107666016
e9_top1_ungated,cam2,612,1,2,
e9_top1_ungated,cam2,613,1,2,
e9_top1_ungated,cam2,614,1,1,102.06523895263672
e9_top1_ungated,cam2,615,1,1,93.61571502685547
e9_top1_ungated,cam2,616,1,1,110.56258392333984
e9_top1_ungated,cam2,617,1,1,24.412656784057617
e9_top1_ungated,cam2,618,1,1,11.710494041442871
e9_top1_ungated,cam2,619,1,1,13.499472618103027
e9_top1_ungated,cam2,620,1,1,10.275527954101562
e9_top1_ungated,cam2,621,1,1,11.54915714263916
e9_top1_ungated,cam2,622,1,1,6.787633895874023
e9_top1_ungated,cam2,623,1,1,5.576261520385742
e9_top1_ungated,cam2,624,1,1,4.407165050506592
e9_top1_ungated,cam2,625,1,1,8.036765098571777
e9_top1_ungated,cam2,626,1,1,5.673389434814453
e9_top1_ungated,cam2,627,1,1,9.701441764831543
e9_top1_ungated,cam2,628,1,1,11.809736251831055
e9_top1_ungated,cam2,629,1,1,11.922738075256348
e9_top1_ungated,cam2,630,1,1,4.053663730621338
e9_top1_ungated,cam2,631,1,1,5.3261919021606445
e9_top1_ungated,cam2,632,1,1,5.693828582763672
e9_top1_ungated,cam2,633,1,1,0.7297822833061218
e9_top1_ungated,cam2,634,1,1,3.547983169555664
e9_top1_ungated,cam2,635,1,1,6.340393543243408
e9_top1_ungated,cam2,636,1,1,10.999585151672363
e9_top1_ungated,cam2,637,1,1,1.0969064235687256
e9_top1_ungated,cam2,638,1,1,2.3821072578430176
e9_top1_ungated,cam2,639,1,1,3.1502645015716553
e9_top1_ungated,cam2,640,1,1,1.561827540397644
e9_top1_ungated,cam2,641,1,1,2.192734479904175
e9_top1_ungated,cam2,642,1,1,2.9428603649139404
e9_top1_ungated,cam2,643,1,1,4.63995361328125
e9_top1_ungated,cam2,644,1,1,4.548800468444824
e9_top1_ungated,cam2,645,1,1,2.7510087490081787
e9_top1_ungated,cam2,646,1,1,4.060400485992432
e9_top1_ungated,cam2,647,1,1,4.097014427185059
e9_top1_ungated,cam2,648,1,1,2.0580697059631348
e9_top1_ungated,cam2,649,1,1,2.850794792175293
e9_top1_ungated,cam2,650,1,1,6.45937967300415
e9_top1_ungated,cam2,651,1,1,12.797675132751465
e9_top1_ungated,cam2,652,1,1,5.025778770446777
e9_top1_ungated,cam2,653,1,1,6.898828029632568
e9_top1_ungated,cam2,654,1,1,1.8719230890274048
e9_top1_ungated,cam2,655,1,1,2.202234983444214
e9_top1_ungated,cam2,656,1,1,8.485750198364258
e9_top1_ungated,cam2,657,1,1,5.756117343902588
e9_top1_ungated,cam2,658,1,1,3.276313304901123
e9_top1_ungated,cam2,659,1,1,6.265895366668701
e9_top1_ungated,cam2,660,1,1,4.5436110496521
e9_top1_ungated,cam2,661,1,1,12.052124977111816
e9_top1_ungated,cam2,662,1,1,7.922248840332031
e9_top1_ungated,cam2,663,1,1,147.20912170410156
e9_top1_ungated,cam2,664,1,1,145.60702514648438
e9_top1_ungated,cam2,665,1,1,146.263427734375
e9_top1_ungated,cam2,666,1,1,148.8426971435547
e9_top1_ungated,cam2,667,1,1,148.70375061035156
e9_top1_ungated,cam2,668,1,1,149.15774536132812
e9_top1_ungated,cam2,669,1,1,150.2198944091797
e9_top1_ungated,cam2,670,1,1,148.3835906982422
e9_top1_ungated,cam2,671,1,1,155.4766387939453
e9_top1_ungated,cam2,672,1,1,10.827340126037598
e9_top1_ungated,cam2,673,1,1,10.746696472167969
e9_top1_ungated,cam2,674,1,1,7.453278064727783
e9_top1_ungated,cam2,675,1,1,2.5548512935638428
e9_top1_ungated,cam2,676,1,1,3.4620509147644043
e9_top1_ungated,cam2,677,1,1,4.101255893707275
e9_top1_ungated,cam2,678,1,1,4.958829402923584
e9_top1_ungated,cam2,679,1,1,1.1639755964279175
e9_top1_ungated,cam2,680,1,1,8.88782787322998
e9_top1_ungated,cam2,681,1,1,2.5047571659088135
e9_top1_ungated,cam2,682,1,1,4.022392272949219
e9_top1_ungated,cam2,683,1,1,4.230486869812012
e9_top1_ungated,cam2,684,1,1,4.365227699279785
e9_top1_ungated,cam2,685,1,1,1.41853666305542
e9_top1_ungated,cam2,686,1,1,6.975759506225586
e9_top1_ungated,cam2,687,1,1,2.193819999694824
e9_top1_ungated,cam2,688,1,1,2.7090706825256348
e9_top1_ungated,cam2,689,1,1,8.274898529052734
e9_top1_ungated,cam2,690,1,1,6.3504204750061035
e9_top1_ungated,cam2,691,1,1,3.1401588916778564
e9_top1_ungated,cam2,692,1,1,2.523259401321411
e9_top1_ungated,cam2,693,1,1,2.6918084621429443
e9_top1_ungated,cam2,694,1,1,6.212719440460205
e9_top1_ungated,cam2,695,1,1,4.806077480316162
e9_top1_ungated,cam2,696,1,1,4.342555999755859
e9_top1_ungated,cam2,697,1,1,4.316390037536621
e9_top1_ungated,cam2,698,1,1,7.882082939147949
e9_top1_ungated,cam2,699,1,1,9.563078880310059
e9_top1_ungated,cam2,700,1,1,9.661504745483398
e9_top1_ungated,cam2,701,1,1,6.869765281677246
e9_top1_ungated,cam2,702,1,1,9.012953758239746
e9_top1_ungated,cam2,703,1,1,14.903820037841797
e9_top1_ungated,cam2,704,1,1,5.316931247711182
e9_top1_ungated,cam2,705,1,1,14.336064338684082
e9_top1_ungated,cam2,706,1,1,1.7791658639907837
e9_top1_ungated,cam2,707,1,1,1.1478251218795776
e9_top1_ungated,cam2,708,1,1,1.0081006288528442
e9_top1_ungated,cam2,709,1,1,6.096144676208496
e9_top1_ungated,cam2,710,1,1,5.045507431030273
e9_top1_ungated,cam2,711,1,1,2.049710750579834
e9_top1_ungated,cam2,712,1,1,1.8322221040725708
e9_top1_ungated,cam2,713,1,1,1.7062578201293945
e9_top1_ungated,cam2,714,1,1,1.8133718967437744
e9_top1_ungated,cam2,715,1,1,1.9167523384094238
e9_top1_ungated,cam2,716,1,1,1.9713159799575806
e9_top1_ungated,cam2,717,1,1,2.226064443588257
e9_top1_ungated,cam2,718,1,1,4.159860134124756
e9_top1_ungated,cam2,719,1,1,4.23358678817749
e9_top1_ungated,cam2,720,1,1,4.659875869750977
e9_top1_ungated,cam2,721,1,1,3.077086925506592
e9_top1_ungated,cam2,722,1,1,3.628892421722412
e9_top1_ungated,cam2,723,1,1,3.852173328399658
e9_top1_ungated,cam2,724,1,1,0.9449155330657959
e9_top1_ungated,cam2,725,1,1,2.3638296127319336
e9_top1_ungated,cam2,726,1,1,3.051316261291504
e9_top1_ungated,cam2,727,1,1,3.755819320678711
e9_top1_ungated,cam2,728,1,1,3.43094539642334
e9_top1_ungated,cam2,729,1,1,3.2483181953430176
e9_top1_ungated,cam2,730,1,1,2.6610395908355713
e9_top1_ungated,cam2,731,1,1,6.009749889373779
e9_top1_ungated,cam2,732,1,1,3.4844815731048584
e9_top1_ungated,cam2,733,1,1,3.1634554862976074
e9_top1_ungated,cam2,734,1,1,3.0424399375915527
e9_top1_ungated,cam2,735,1,1,3.902813196182251
e9_top1_ungated,cam2,736,1,1,2.7252774238586426
e9_top1_ungated,cam2,737,1,1,2.048788547515869
e9_top1_ungated,cam2,738,1,1,3.739300012588501
e9_top1_ungated,cam2,739,1,1,3.570322036743164
e9_top1_ungated,cam2,740,1,1,3.1867339611053467
e9_top1_ungated,cam2,741,1,1,8.44084644317627
e9_top1_ungated,cam2,742,1,1,7.23008918762207
e9_top1_ungated,cam2,743,1,1,3.314849376678467
e9_top1_ungated,cam2,744,1,1,4.508004188537598
e9_top1_ungated,cam2,745,1,1,6.234436988830566
e9_top1_ungated,cam2,746,1,1,1.9333738088607788
e9_top1_ungated,cam2,747,1,1,2.526763677597046
e9_top1_ungated,cam2,748,1,1,7.183012962341309
e9_top1_ungated,cam2,749,1,1,9.96932601928711
e9_top1_ungated,cam2,750,1,1,5.799352169036865
e9_top1_ungated,cam2,751,1,1,6.061666011810303
e9_top1_ungated,cam2,752,1,1,8.870945930480957
e9_top1_ungated,cam2,753,1,1,4.19221830368042
e9_top1_ungated,cam2,754,1,1,5.7673821449279785
e9_top1_ungated,cam2,755,1,1,1.4605138301849365
e9_top1_ungated,cam2,756,1,1,2.4490764141082764
e9_top1_ungated,cam2,757,1,1,8.904226303100586
e9_top1_ungated,cam2,758,1,1,2.9422779083251953
e9_top1_ungated,cam2,759,1,1,6.694203853607178
e9_top1_ungated,cam2,760,1,1,5.985560417175293
e9_top1_ungated,cam2,761,1,1,7.404715061187744
e9_top1_ungated,cam2,762,1,1,10.958009719848633
e9_top1_ungated,cam2,763,1,1,8.024524688720703
e9_top1_ungated,cam2,764,1,1,3.130525827407837
e9_top1_ungated,cam2,765,1,1,3.5213375091552734
e9_top1_ungated,cam2,766,1,1,7.829610347747803
e9_top1_ungated,cam2,767,1,1,3.6027979850769043
e9_top1_ungated,cam2,768,1,1,8.900798797607422
e9_top1_ungated,cam2,769,1,1,5.462775707244873
e9_top1_ungated,cam2,770,1,1,8.5405912399292
e9_top1_ungated,cam2,771,1,1,8.731880187988281
e9_top1_ungated,cam2,772,1,1,4.462460994720459
e9_top1_ungated,cam2,773,1,1,5.328713417053223
e9_top1_ungated,cam2,774,1,1,4.243896961212158
e9_top1_ungated,cam2,775,1,1,1.8427153825759888
e9_top1_ungated,cam2,776,1,1,3.5252702236175537
e9_top1_ungated,cam2,777,1,1,6.696009159088135
e9_top1_ungated,cam2,778,1,1,8.687487602233887
e9_top1_ungated,cam2,779,1,1,11.183547973632812
e9_top1_ungated,cam2,780,1,1,4.776590347290039
e9_top1_ungated,cam2,781,1,1,7.8352131843566895
e9_top1_ungated,cam2,782,1,1,6.762201309204102
e9_top1_ungated,cam2,783,1,1,7.934900283813477
e9_top1_ungated,cam2,784,1,1,6.913231372833252
e9_top1_ungated,cam2,785,1,1,10.002047538757324
e9_top1_ungated,cam2,786,1,1,1.0378079414367676
e9_top1_ungated,cam2,787,1,1,4.699673175811768
e9_top1_ungated,cam2,788,1,1,3.102931022644043
e9_top1_ungated,cam2,789,1,1,5.174677848815918
e9_top1_ungated,cam2,790,1,1,1.0562437772750854
e9_top1_ungated,cam2,791,1,1,4.736207008361816
e9_top1_ungated,cam2,792,1,1,5.354867458343506
e9_top1_ungated,cam2,793,1,1,4.611306190490723
e9_top1_ungated,cam2,794,1,1,422.2574462890625
e9_top1_ungated,cam2,795,1,1,416.27001953125
e9_top1_ungated,cam2,796,1,1,414.7779541015625
e9_top1_ungated,cam2,797,1,1,405.4614562988281
e9_top1_ungated,cam2,798,1,1,397.0575866699219
e9_top1_ungated,cam2,799,1,1,385.39324951171875
e9_top1_ungated,cam2,800,1,1,382.6903991699219
e9_top1_ungated,cam2,801,1,1,374.627197265625
e9_top1_ungated,cam2,802,1,1,382.17303466796875
e9_top1_ungated,cam2,803,1,1,361.39202880859375
e9_top1_ungated,cam2,804,1,1,359.6524963378906
e9_top1_ungated,cam2,805,1,1,357.7807922363281
e9_top1_ungated,cam2,806,1,1,352.84765625
e9_top1_ungated,cam2,807,1,1,348.9337463378906
e9_top1_ungated,cam2,808,1,1,344.2998962402344
e9_top1_ungated,cam2,809,1,1,334.0282287597656
e9_top1_ungated,cam2,810,1,1,332.0664978027344
e9_top1_ungated,cam2,811,1,1,327.76171875
e9_top1_ungated,cam2,812,1,1,326.2508239746094
e9_top1_ungated,cam2,813,1,1,322.5454406738281
e9_top1_ungated,cam2,814,1,1,311.5419006347656
e9_top1_ungated,cam2,815,1,1,314.6197204589844
e9_top1_ungated,cam2,816,1,1,308.62139892578125
e9_top1_ungated,cam2,817,1,1,305.8810729980469
e9_top1_ungated,cam2,818,1,1,3.5295772552490234
e9_top1_ungated,cam2,819,1,1,2.96787428855896
e9_top1_ungated,cam2,820,1,1,3.2382895946502686
e9_top1_ungated,cam2,821,1,1,11.25246524810791
e9_top1_ungated,cam2,822,1,1,9.395734786987305
e9_top1_ungated,cam2,823,1,1,6.45068883895874
e9_top1_ungated,cam2,824,1,1,5.078890323638916
e9_top1_ungated,cam2,825,1,1,2.950161933898926
e9_top1_ungated,cam2,826,1,1,5.436801910400391
e9_top1_ungated,cam2,827,1,1,10.330594062805176
e9_top1_ungated,cam2,828,1,1,8.32925796508789
e9_top1_ungated,cam2,829,1,1,2.299708604812622
e9_top1_ungated,cam2,830,1,1,11.036046981811523
e9_top1_ungated,cam2,831,1,1,13.176231384277344
e9_top1_ungated,cam2,832,1,1,7.424887180328369
e9_top1_ungated,cam2,833,1,1,6.262801647186279
e9_top1_ungated,cam2,834,1,1,9.588047981262207
e9_top1_ungated,cam2,835,1,1,5.494414329528809
e9_top1_ungated,cam2,836,1,1,2.728147029876709
e9_top1_ungated,cam2,837,1,1,3.2088942527770996
e9_top1_ungated,cam2,838,1,1,3.5948009490966797
e9_top1_ungated,cam2,839,1,1,3.1276473999023438
e9_top1_ungated,cam2,840,1,1,7.303922176361084
e9_top1_ungated,cam2,841,1,1,4.207049369812012
e9_top1_ungated,cam2,842,1,1,13.821578025817871
e9_top1_ungated,cam2,843,1,1,14.117792129516602
e9_top1_ungated,cam2,844,1,1,5.057897090911865
e9_top1_ungated,cam2,845,1,1,4.4207963943481445
e9_top1_ungated,cam2,846,1,2,
e9_top1_ungated,cam2,847,1,1,2.8881335258483887
e9_top1_ungated,cam2,848,1,1,1.140193223953247
e9_top1_ungated,cam2,849,1,1,3.252009391784668
e9_top1_ungated,cam2,850,1,1,2.268117666244507
e9_top1_ungated,cam2,851,1,1,4.378571033477783
e9_top1_ungated,cam2,852,1,1,4.245964050292969
e9_top1_ungated,cam2,853,1,1,4.735716342926025
e9_top1_ungated,cam2,854,1,1,2.1691341400146484
e9_top1_ungated,cam2,855,1,1,2.2842650413513184
e9_top1_ungated,cam2,856,1,1,1.9703459739685059
e9_top1_ungated,cam2,857,1,1,1.468607783317566
e9_top1_ungated,cam2,858,1,1,2.0739452838897705
e9_top1_ungated,cam2,859,1,1,1.4523234367370605
e9_top1_ungated,cam2,860,1,1,2.5311741828918457
e9_top1_ungated,cam2,861,1,1,4.641097068786621
e9_top1_ungated,cam2,862,1,1,6.985306262969971
e9_top1_ungated,cam2,863,1,1,2.7002627849578857
e9_top1_ungated,cam2,864,1,1,5.361563682556152
e9_top1_ungated,cam2,865,1,1,6.431303024291992
e9_top1_ungated,cam2,866,1,1,6.707201957702637
e9_top1_ungated,cam2,867,1,1,3.185088872909546
e9_top1_ungated,cam2,868,1,1,4.022330284118652
e9_top1_ungated,cam2,869,1,1,3.1341488361358643
e9_top1_ungated,cam2,870,1,1,3.897203207015991
e9_top1_ungated,cam2,871,1,1,4.002714157104492
e9_top1_ungated,cam2,872,1,1,3.891125202178955
e9_top1_ungated,cam2,873,1,1,3.790818929672241
e9_top1_ungated,cam2,874,1,1,4.237278938293457
e9_top1_ungated,cam2,875,1,1,2.8517394065856934
e9_top1_ungated,cam2,876,1,1,3.923482656478882
e9_top1_ungated,cam2,877,1,1,5.068517208099365
e9_top1_ungated,cam2,878,1,1,7.661836624145508
e9_top1_ungated,cam2,879,1,1,8.089395523071289
e9_top1_ungated,cam2,880,1,1,4.4040703773498535
e9_top1_ungated,cam2,881,1,1,7.857685565948486
e9_top1_ungated,cam2,882,1,1,9.1549072265625
e9_top1_ungated,cam2,883,1,1,9.004322052001953
e9_top1_ungated,cam2,884,1,1,11.09913444519043
e9_top1_ungated,cam2,885,1,1,9.506375312805176
e9_top1_ungated,cam2,886,1,1,51.95005416870117
e9_top1_ungated,cam2,887,1,1,50.54425811767578
e9_top1_ungated,cam2,888,1,1,56.866878509521484
e9_top1_ungated,cam2,889,1,1,13.355981826782227
e9_top1_ungated,cam2,890,1,1,11.887847900390625
e9_top1_ungated,cam2,891,1,1,2.325573205947876
e9_top1_ungated,cam2,892,1,1,8.126161575317383
e9_top1_ungated,cam2,893,1,1,22.87860870361328
e9_top1_ungated,cam2,894,1,1,269.59197998046875
e9_top1_ungated,cam2,895,1,1,270.105712890625
e9_top1_ungated,cam2,896,1,1,9.244200706481934
e9_top1_ungated,cam2,897,1,1,277.1184997558594
e9_top1_ungated,cam2,898,1,1,14.735893249511719
e9_top1_ungated,cam2,899,1,1,13.565690994262695
e9_top1_ungated,cam2,900,1,1,7.611863136291504
e9_top1_ungated,cam2,901,1,1,11.196090698242188
e9_top1_ungated,cam2,902,1,1,5.776463985443115
e9_top1_ungated,cam2,903,1,1,6.952213287353516
e9_top1_ungated,cam2,904,1,1,4.454561710357666
e9_top1_ungated,cam2,905,1,1,4.576301097869873
e9_top1_ungated,cam2,906,1,1,18.575820922851562
e9_top1_ungated,cam2,907,1,1,96.36051177978516
e9_top1_ungated,cam2,908,1,1,18.60348892211914
e9_top1_ungated,cam2,909,1,1,17.203489303588867
e9_top1_ungated,cam2,910,1,1,64.9507064819336
e9_top1_ungated,cam2,911,1,1,60.68335723876953
e9_top1_ungated,cam2,912,1,1,65.03839874267578
e9_top1_ungated,cam2,913,1,1,58.23116683959961
e9_top1_ungated,cam2,914,1,1,65.0899887084961
e9_top1_ungated,cam2,915,1,1,13.677417755126953
e9_top1_ungated,cam2,916,1,1,65.63241577148438
e9_top1_ungated,cam2,917,1,1,10.504039764404297
e9_top1_ungated,cam2,918,1,1,11.435478210449219
e9_top1_ungated,cam2,919,1,1,6.613130569458008
e9_top1_ungated,cam2,920,1,1,5.243361949920654
e9_top1_ungated,cam2,921,1,1,5.024406433105469
e9_top1_ungated,cam2,922,1,1,6.328922748565674
e9_top1_ungated,cam2,923,1,1,3.221095561981201
e9_top1_ungated,cam2,924,1,1,0.9075802564620972
e9_top1_ungated,cam2,925,1,1,6.262048721313477
e9_top1_ungated,cam2,926,1,1,2.770671844482422
e9_top1_ungated,cam2,927,1,1,3.003389596939087
e9_top1_ungated,cam2,928,1,1,2.6171905994415283
e9_top1_ungated,cam2,929,1,1,3.0590059757232666
e9_top1_ungated,cam2,930,1,1,0.6499622464179993
e9_top1_ungated,cam2,931,1,1,4.249024391174316
e9_top1_ungated,cam2,932,1,1,5.938129425048828
e9_top1_ungated,cam2,933,1,1,3.1397829055786133
e9_top1_ungated,cam2,934,1,1,5.237649440765381
e9_top1_ungated,cam2,935,1,1,3.5357933044433594
e9_top1_ungated,cam2,936,1,1,2.1532607078552246
e9_top1_ungated,cam2,937,1,1,10.384407997131348
e9_top1_ungated,cam2,938,1,1,3.9756124019622803
e9_top1_ungated,cam2,939,1,1,6.411203861236572
e9_top1_ungated,cam2,940,1,1,1.7257124185562134
e9_top1_ungated,cam2,941,1,1,2.015960454940796
e9_top1_ungated,cam2,942,1,1,3.9419078826904297
e9_top1_ungated,cam2,943,1,1,0.5279030799865723
e9_top1_ungated,cam2,944,1,1,0.8379021286964417
e9_top1_ungated,cam2,945,1,1,5.489012241363525
e9_top1_ungated,cam2,946,1,1,1.7790300846099854
e9_top1_ungated,cam2,947,1,1,5.133652687072754
e9_top1_ungated,cam2,948,1,1,2.7210605144500732
e9_top1_ungated,cam2,949,1,1,4.807744026184082
e9_top1_ungated,cam2,950,1,1,8.80626106262207
e9_top1_ungated,cam2,951,1,1,4.565681457519531
e9_top1_ungated,cam2,952,1,1,5.335826873779297
e9_top1_ungated,cam2,953,1,1,5.001165390014648
e9_top1_ungated,cam2,954,1,1,226.17555236816406
e9_top1_ungated,cam2,955,1,1,4.621219158172607
e9_top1_ungated,cam2,956,1,1,222.9430694580078
e9_top1_ungated,cam2,957,1,1,217.97882080078125
e9_top1_ungated,cam2,958,1,1,221.26693725585938
e9_top1_ungated,cam2,959,1,1,224.8343963623047
e9_top1_ungated,cam2,960,1,1,222.11715698242188
e9_top1_ungated,cam2,961,1,1,224.8182373046875
e9_top1_ungated,cam2,962,1,1,9.443119049072266
e9_top1_ungated,cam2,963,1,1,5.196000576019287
e9_top1_ungated,cam2,964,1,1,7.921498775482178
e9_top1_ungated,cam2,965,1,1,2.5713913440704346
e9_top1_ungated,cam2,966,1,1,1.6021519899368286
e9_top1_ungated,cam2,967,1,1,3.1139345169067383
e9_top1_ungated,cam2,968,1,1,4.272494792938232
e9_top1_ungated,cam2,969,1,1,2.4737741947174072
e9_top1_ungated,cam2,970,1,1,5.092314720153809
e9_top1_ungated,cam2,971,1,1,4.682648658752441
e9_top1_ungated,cam2,972,1,1,5.329851150512695
e9_top1_ungated,cam2,973,1,1,4.136412143707275
e9_top1_ungated,cam2,974,1,1,6.50439453125
e9_top1_ungated,cam2,975,1,1,7.475897312164307
e9_top1_ungated,cam2,976,1,1,4.639681816101074
e9_top1_ungated,cam2,977,1,1,5.1483941078186035
e9_top1_ungated,cam2,978,1,1,3.2918667793273926
e9_top1_ungated,cam2,979,1,1,3.2234630584716797
e9_top1_ungated,cam2,980,1,1,3.920377492904663
e9_top1_ungated,cam2,981,1,1,8.289704322814941
e9_top1_ungated,cam2,982,1,1,9.825251579284668
e9_top1_ungated,cam2,983,1,1,4.374791622161865
e9_top1_ungated,cam2,984,1,1,4.736053466796875
e9_top1_ungated,cam2,985,1,1,7.893930435180664
e9_top1_ungated,cam2,986,1,1,10.261335372924805
e9_top1_ungated,cam2,987,1,1,4.958894729614258
e9_top1_ungated,cam2,988,1,1,2.484426736831665
e9_top1_ungated,cam2,989,1,1,5.081151485443115
e9_top1_ungated,cam2,990,1,1,6.74995231628418
e9_top1_ungated,cam2,991,1,1,10.981025695800781
e9_top1_ungated,cam2,992,1,1,16.165576934814453
e9_top1_ungated,cam2,993,1,1,8.346524238586426
e9_top1_ungated,cam2,994,1,1,414.9702453613281
e9_top1_ungated,cam2,995,1,1,417.2469177246094
e9_top1_ungated,cam2,996,1,1,414.646240234375
e9_top1_ungated,cam2,997,1,1,411.8081970214844
e9_top1_ungated,cam2,998,1,1,7.765714168548584
e9_top1_ungated,cam2,999,1,1,11.330718040466309
e9_top1_ungated,cam2,1000,1,1,3.7459893226623535
e9_top1_ungated,cam2,1001,1,1,14.110672950744629
e9_top1_ungated,cam2,1002,1,1,2.0572056770324707
e9_top1_ungated,cam2,1003,1,1,10.248887062072754
e9_top1_ungated,cam2,1004,1,1,2.333904504776001
e9_top1_ungated,cam2,1005,1,1,4.212186336517334
e9_top1_ungated,cam2,1006,1,1,3.636110782623291
e9_top1_ungated,cam2,1007,1,1,7.613572597503662
e9_top1_ungated,cam2,1008,1,1,5.142397880554199
e9_top1_ungated,cam2,1009,1,1,7.548661231994629
e9_top1_production_gate,cam0,0,0,1,
e9_top1_production_gate,cam0,1,0,1,
e9_top1_production_gate,cam0,2,1,1,16.740089416503906
e9_top1_production_gate,cam0,3,1,1,8.467350006103516
e9_top1_production_gate,cam0,4,1,1,7.070028781890869
e9_top1_production_gate,cam0,5,1,1,8.96278190612793
e9_top1_production_gate,cam0,6,1,1,5.748316764831543
e9_top1_production_gate,cam0,7,1,1,5.9429731369018555
e9_top1_production_gate,cam0,8,1,1,10.411518096923828
e9_top1_production_gate,cam0,9,1,1,5.035772323608398
e9_top1_production_gate,cam0,10,1,1,3.3688788414001465
e9_top1_production_gate,cam0,11,1,1,1.5005215406417847
e9_top1_production_gate,cam0,12,1,1,1.205627202987671
e9_top1_production_gate,cam0,13,1,1,7.5421929359436035
e9_top1_production_gate,cam0,14,1,1,8.315677642822266
e9_top1_production_gate,cam0,15,1,1,1.9645109176635742
e9_top1_production_gate,cam0,16,1,1,5.792667388916016
e9_top1_production_gate,cam0,17,1,1,4.697567462921143
e9_top1_production_gate,cam0,18,1,1,7.966221809387207
e9_top1_production_gate,cam0,19,1,1,11.456636428833008
e9_top1_production_gate,cam0,20,1,1,12.566981315612793
e9_top1_production_gate,cam0,21,1,2,
e9_top1_production_gate,cam0,22,0,2,
e9_top1_production_gate,cam0,23,0,2,
e9_top1_production_gate,cam0,24,0,2,
e9_top1_production_gate,cam0,25,0,1,
e9_top1_production_gate,cam0,26,1,1,4.8354692459106445
e9_top1_production_gate,cam0,27,1,1,7.515415191650391
e9_top1_production_gate,cam0,28,1,1,9.96728515625
e9_top1_production_gate,cam0,29,1,1,8.031840324401855
e9_top1_production_gate,cam0,30,1,1,1.7788279056549072
e9_top1_production_gate,cam0,31,1,1,3.8597538471221924
e9_top1_production_gate,cam0,32,1,1,7.183459281921387
e9_top1_production_gate,cam0,33,1,1,4.736203193664551
e9_top1_production_gate,cam0,34,1,1,5.080023288726807
e9_top1_production_gate,cam0,35,1,1,2.9734718799591064
e9_top1_production_gate,cam0,36,1,1,4.9388813972473145
e9_top1_production_gate,cam0,37,1,1,7.949486255645752
e9_top1_production_gate,cam0,38,1,1,5.5030012130737305
e9_top1_production_gate,cam0,39,1,1,7.0527801513671875
e9_top1_production_gate,cam0,40,1,1,7.142620086669922
e9_top1_production_gate,cam0,41,1,1,1.998319387435913
e9_top1_production_gate,cam0,42,1,1,6.631723880767822
e9_top1_production_gate,cam0,43,1,1,2.3578553199768066
e9_top1_production_gate,cam0,44,1,1,2.8306984901428223
e9_top1_production_gate,cam0,45,1,1,2.239506721496582
e9_top1_production_gate,cam0,46,1,1,4.98779821395874
e9_top1_production_gate,cam0,47,1,2,
e9_top1_production_gate,cam0,48,1,1,3.12943696975708
e9_top1_production_gate,cam0,49,1,2,
e9_top1_production_gate,cam0,50,1,2,
e9_top1_production_gate,cam0,51,1,2,
e9_top1_production_gate,cam0,52,1,1,6.502607345581055
e9_top1_production_gate,cam0,53,1,1,5.757412910461426
e9_top1_production_gate,cam0,54,1,2,
e9_top1_production_gate,cam0,55,1,2,
e9_top1_production_gate,cam0,56,1,1,7.821857929229736
e9_top1_production_gate,cam0,57,1,1,10.55517864227295
e9_top1_production_gate,cam0,58,1,2,
e9_top1_production_gate,cam0,59,1,2,
e9_top1_production_gate,cam0,60,1,2,
e9_top1_production_gate,cam0,61,1,1,5.487545013427734
e9_top1_production_gate,cam0,62,0,2,
e9_top1_production_gate,cam0,63,0,2,
e9_top1_production_gate,cam0,64,0,1,
e9_top1_production_gate,cam0,65,0,2,
e9_top1_production_gate,cam0,66,1,1,1.8224000930786133
e9_top1_production_gate,cam0,67,1,1,7.179705619812012
e9_top1_production_gate,cam0,68,1,1,4.576001167297363
e9_top1_production_gate,cam0,69,1,1,5.0613694190979
e9_top1_production_gate,cam0,70,1,1,8.738239288330078
e9_top1_production_gate,cam0,71,1,1,8.159796714782715
e9_top1_production_gate,cam0,72,1,1,8.911157608032227
e9_top1_production_gate,cam0,73,1,1,8.013764381408691
e9_top1_production_gate,cam0,74,1,1,7.7525634765625
e9_top1_production_gate,cam0,75,1,1,10.508783340454102
e9_top1_production_gate,cam0,76,1,1,10.858716011047363
e9_top1_production_gate,cam0,77,1,1,8.990059852600098
e9_top1_production_gate,cam0,78,1,1,6.95490026473999
e9_top1_production_gate,cam0,79,1,1,2.6851165294647217
e9_top1_production_gate,cam0,80,1,1,10.334794044494629
e9_top1_production_gate,cam0,81,0,1,
e9_top1_production_gate,cam0,82,0,1,
e9_top1_production_gate,cam0,83,0,1,
e9_top1_production_gate,cam0,84,0,1,
e9_top1_production_gate,cam0,85,1,1,13.337708473205566
e9_top1_production_gate,cam0,86,1,0,
e9_top1_production_gate,cam0,87,1,0,
e9_top1_production_gate,cam0,88,1,0,
e9_top1_production_gate,cam0,89,1,1,1.2018234729766846
e9_top1_production_gate,cam0,90,1,1,6.997513294219971
e9_top1_production_gate,cam0,91,1,1,6.089676856994629
e9_top1_production_gate,cam0,92,1,1,3.3442575931549072
e9_top1_production_gate,cam0,93,1,1,9.851816177368164
e9_top1_production_gate,cam0,94,1,1,4.850044250488281
e9_top1_production_gate,cam0,95,1,1,3.0415730476379395
e9_top1_production_gate,cam0,96,1,2,
e9_top1_production_gate,cam0,97,1,1,4.696268081665039
e9_top1_production_gate,cam0,98,1,0,
e9_top1_production_gate,cam0,99,1,0,
e9_top1_production_gate,cam0,100,1,0,
e9_top1_production_gate,cam0,101,0,0,
e9_top1_production_gate,cam0,102,1,0,
e9_top1_production_gate,cam0,103,1,0,
e9_top1_production_gate,cam0,104,1,0,
e9_top1_production_gate,cam0,105,1,1,5.749505043029785
e9_top1_production_gate,cam0,106,1,1,2.2631161212921143
e9_top1_production_gate,cam0,107,1,1,10.739506721496582
e9_top1_production_gate,cam0,108,1,1,11.331120491027832
e9_top1_production_gate,cam0,109,1,1,12.477865219116211
e9_top1_production_gate,cam0,110,1,2,
e9_top1_production_gate,cam0,111,1,1,8.493070602416992
e9_top1_production_gate,cam0,112,1,1,8.119686126708984
e9_top1_production_gate,cam0,113,1,1,10.235201835632324
e9_top1_production_gate,cam0,114,1,1,1.401362419128418
e9_top1_production_gate,cam0,115,1,1,6.094278335571289
e9_top1_production_gate,cam0,116,1,1,8.052793502807617
e9_top1_production_gate,cam0,117,1,1,10.92310905456543
e9_top1_production_gate,cam0,118,1,1,5.606823921203613
e9_top1_production_gate,cam0,119,1,1,8.77826976776123
e9_top1_production_gate,cam0,120,1,2,
e9_top1_production_gate,cam0,121,1,2,
e9_top1_production_gate,cam0,122,1,2,
e9_top1_production_gate,cam0,123,1,1,4.233831882476807
e9_top1_production_gate,cam0,124,1,1,2.5678458213806152
e9_top1_production_gate,cam0,125,1,2,
e9_top1_production_gate,cam0,126,1,1,3.535788059234619
e9_top1_production_gate,cam0,127,1,1,4.546111583709717
e9_top1_production_gate,cam0,128,1,1,3.734065055847168
e9_top1_production_gate,cam0,129,1,1,4.512707233428955
e9_top1_production_gate,cam0,130,0,1,
e9_top1_production_gate,cam0,131,0,1,
e9_top1_production_gate,cam0,132,0,1,
e9_top1_production_gate,cam0,133,0,1,
e9_top1_production_gate,cam0,134,1,2,
e9_top1_production_gate,cam0,135,1,1,192.7025604248047
e9_top1_production_gate,cam0,136,0,1,
e9_top1_production_gate,cam0,137,1,2,
e9_top1_production_gate,cam0,138,0,1,
e9_top1_production_gate,cam0,139,0,1,
e9_top1_production_gate,cam0,140,0,1,
e9_top1_production_gate,cam0,141,0,2,
e9_top1_production_gate,cam0,142,0,1,
e9_top1_production_gate,cam0,143,0,1,
e9_top1_production_gate,cam0,144,0,1,
e9_top1_production_gate,cam0,145,0,1,
e9_top1_production_gate,cam0,146,1,1,4.1346588134765625
e9_top1_production_gate,cam0,147,1,2,
e9_top1_production_gate,cam0,148,1,1,3.164720296859741
e9_top1_production_gate,cam0,149,1,1,2.845658302307129
e9_top1_production_gate,cam0,150,1,1,6.423989772796631
e9_top1_production_gate,cam0,151,1,1,11.899935722351074
e9_top1_production_gate,cam0,152,1,1,10.097322463989258
e9_top1_production_gate,cam0,153,1,1,5.20908260345459
e9_top1_production_gate,cam0,154,1,1,6.02472448348999
e9_top1_production_gate,cam0,155,1,1,5.571983814239502
e9_top1_production_gate,cam0,156,1,1,1.5996652841567993
e9_top1_production_gate,cam0,157,1,1,4.115609169006348
e9_top1_production_gate,cam0,158,1,1,5.7468461990356445
e9_top1_production_gate,cam0,159,1,1,1.3073331117630005
e9_top1_production_gate,cam0,160,1,1,4.326404571533203
e9_top1_production_gate,cam0,161,1,1,8.772318840026855
e9_top1_production_gate,cam0,162,1,1,3.351804256439209
e9_top1_production_gate,cam0,163,1,1,5.266002655029297
e9_top1_production_gate,cam0,164,1,1,4.639642238616943
e9_top1_production_gate,cam0,165,1,1,1.8598167896270752
e9_top1_production_gate,cam0,166,1,1,2.601999282836914
e9_top1_production_gate,cam0,167,1,1,6.104175090789795
e9_top1_production_gate,cam0,168,1,1,7.364088535308838
e9_top1_production_gate,cam0,169,1,1,7.273151874542236
e9_top1_production_gate,cam0,170,1,1,5.752189636230469
e9_top1_production_gate,cam0,171,1,1,3.2321367263793945
e9_top1_production_gate,cam0,172,1,1,4.299018859863281
e9_top1_production_gate,cam0,173,1,1,6.153735160827637
e9_top1_production_gate,cam0,174,1,1,7.397377967834473
e9_top1_production_gate,cam0,175,1,1,10.978760719299316
e9_top1_production_gate,cam0,176,1,1,7.566161632537842
e9_top1_production_gate,cam0,177,1,1,7.50317907333374
e9_top1_production_gate,cam0,178,1,1,6.62892484664917
e9_top1_production_gate,cam0,179,1,1,12.89600658416748
e9_top1_production_gate,cam0,180,1,1,7.8294219970703125
e9_top1_production_gate,cam0,181,1,1,7.65199613571167
e9_top1_production_gate,cam0,182,1,1,13.895574569702148
e9_top1_production_gate,cam0,183,1,1,12.415045738220215
e9_top1_production_gate,cam0,184,0,1,
e9_top1_production_gate,cam0,185,0,1,
e9_top1_production_gate,cam0,186,1,1,10.868165969848633
e9_top1_production_gate,cam0,187,1,1,8.549726486206055
e9_top1_production_gate,cam0,188,1,1,9.421442031860352
e9_top1_production_gate,cam0,189,1,1,10.911940574645996
e9_top1_production_gate,cam0,190,0,1,
e9_top1_production_gate,cam0,191,0,1,
e9_top1_production_gate,cam0,192,0,1,
e9_top1_production_gate,cam0,193,0,1,
e9_top1_production_gate,cam0,194,0,1,
e9_top1_production_gate,cam0,195,0,1,
e9_top1_production_gate,cam0,196,0,1,
e9_top1_production_gate,cam0,197,0,1,
e9_top1_production_gate,cam0,198,0,1,
e9_top1_production_gate,cam0,199,0,1,
e9_top1_production_gate,cam0,200,0,1,
e9_top1_production_gate,cam0,201,0,1,
e9_top1_production_gate,cam0,202,0,1,
e9_top1_production_gate,cam0,203,0,1,
e9_top1_production_gate,cam0,204,0,1,
e9_top1_production_gate,cam0,205,0,1,
e9_top1_production_gate,cam0,206,0,1,
e9_top1_production_gate,cam0,207,0,1,
e9_top1_production_gate,cam0,208,0,1,
e9_top1_production_gate,cam0,209,1,1,518.536865234375
e9_top1_production_gate,cam0,210,0,1,
e9_top1_production_gate,cam0,211,0,1,
e9_top1_production_gate,cam0,212,0,1,
e9_top1_production_gate,cam0,213,0,1,
e9_top1_production_gate,cam0,214,0,1,
e9_top1_production_gate,cam0,215,0,1,
e9_top1_production_gate,cam0,216,0,1,
e9_top1_production_gate,cam0,217,0,1,
e9_top1_production_gate,cam0,218,0,0,
e9_top1_production_gate,cam0,219,0,0,
e9_top1_production_gate,cam0,220,0,0,
e9_top1_production_gate,cam0,221,0,1,
e9_top1_production_gate,cam0,222,1,1,20.502111434936523
e9_top1_production_gate,cam0,223,1,1,2.9930899143218994
e9_top1_production_gate,cam0,224,1,1,3.0021302700042725
e9_top1_production_gate,cam0,225,1,1,3.9357688426971436
e9_top1_production_gate,cam0,226,1,1,2.692200183868408
e9_top1_production_gate,cam0,227,1,1,8.646841049194336
e9_top1_production_gate,cam0,228,1,1,9.011675834655762
e9_top1_production_gate,cam0,229,1,1,7.978946685791016
e9_top1_production_gate,cam0,230,1,1,11.471735954284668
e9_top1_production_gate,cam0,231,1,1,6.177260398864746
e9_top1_production_gate,cam0,232,1,1,8.275321960449219
e9_top1_production_gate,cam0,233,1,1,4.137662410736084
e9_top1_production_gate,cam0,234,1,1,7.161922931671143
e9_top1_production_gate,cam0,235,1,1,4.486145496368408
e9_top1_production_gate,cam0,236,1,1,8.120888710021973
e9_top1_production_gate,cam0,237,0,1,
e9_top1_production_gate,cam0,238,0,1,
e9_top1_production_gate,cam0,239,0,1,
e9_top1_production_gate,cam0,240,0,1,
e9_top1_production_gate,cam0,241,0,1,
e9_top1_production_gate,cam0,242,1,1,7.353334903717041
e9_top1_production_gate,cam0,243,1,2,
e9_top1_production_gate,cam0,244,1,1,3.195348024368286
e9_top1_production_gate,cam0,245,1,1,4.501441955566406
e9_top1_production_gate,cam0,246,1,1,3.0874476432800293
e9_top1_production_gate,cam0,247,1,1,1.346145510673523
e9_top1_production_gate,cam0,248,1,1,6.773313999176025
e9_top1_production_gate,cam0,249,1,1,8.637935638427734
e9_top1_production_gate,cam0,250,1,1,5.814812660217285
e9_top1_production_gate,cam0,251,1,1,5.804529666900635
e9_top1_production_gate,cam0,252,1,1,1.783292293548584
e9_top1_production_gate,cam0,253,1,1,7.8563971519470215
e9_top1_production_gate,cam0,254,1,1,4.21494197845459
e9_top1_production_gate,cam0,255,1,1,5.150755882263184
e9_top1_production_gate,cam0,256,1,1,4.200449466705322
e9_top1_production_gate,cam0,257,1,1,3.4489636421203613
e9_top1_production_gate,cam0,258,1,1,1.0562381744384766
e9_top1_production_gate,cam0,259,1,1,4.034951210021973
e9_top1_production_gate,cam0,260,1,1,3.4660532474517822
e9_top1_production_gate,cam0,261,1,1,3.5838935375213623
e9_top1_production_gate,cam0,262,1,1,9.719167709350586
e9_top1_production_gate,cam0,263,1,1,4.336916446685791
e9_top1_production_gate,cam0,264,1,1,6.030162811279297
e9_top1_production_gate,cam0,265,1,1,8.303768157958984
e9_top1_production_gate,cam0,266,1,1,5.910043716430664
e9_top1_production_gate,cam0,267,1,1,3.2391393184661865
e9_top1_production_gate,cam0,268,1,1,8.097929000854492
e9_top1_production_gate,cam0,269,1,1,2.2505125999450684
e9_top1_production_gate,cam0,270,0,1,
e9_top1_production_gate,cam0,271,1,1,4.425018787384033
e9_top1_production_gate,cam0,272,0,2,
e9_top1_production_gate,cam0,273,0,2,
e9_top1_production_gate,cam0,274,0,2,
e9_top1_production_gate,cam0,275,0,1,
e9_top1_production_gate,cam0,276,0,2,
e9_top1_production_gate,cam0,277,0,2,
e9_top1_production_gate,cam0,278,0,1,
e9_top1_production_gate,cam0,279,0,0,
e9_top1_production_gate,cam0,280,0,1,
e9_top1_production_gate,cam0,281,0,0,
e9_top1_production_gate,cam0,282,0,0,
e9_top1_production_gate,cam0,283,0,0,
e9_top1_production_gate,cam0,284,0,0,
e9_top1_production_gate,cam0,285,0,1,
e9_top1_production_gate,cam0,286,0,1,
e9_top1_production_gate,cam0,287,0,2,
e9_top1_production_gate,cam0,288,0,1,
e9_top1_production_gate,cam0,289,0,1,
e9_top1_production_gate,cam0,290,0,1,
e9_top1_production_gate,cam0,291,0,1,
e9_top1_production_gate,cam0,292,0,2,
e9_top1_production_gate,cam0,293,0,1,
e9_top1_production_gate,cam0,294,0,1,
e9_top1_production_gate,cam0,295,0,1,
e9_top1_production_gate,cam0,296,0,1,
e9_top1_production_gate,cam0,297,0,1,
e9_top1_production_gate,cam0,298,0,1,
e9_top1_production_gate,cam0,299,0,2,
e9_top1_production_gate,cam0,300,0,1,
e9_top1_production_gate,cam0,301,0,1,
e9_top1_production_gate,cam0,302,0,1,
e9_top1_production_gate,cam0,303,0,2,
e9_top1_production_gate,cam0,304,0,2,
e9_top1_production_gate,cam0,305,0,1,
e9_top1_production_gate,cam0,306,0,1,
e9_top1_production_gate,cam0,307,0,0,
e9_top1_production_gate,cam0,308,0,1,
e9_top1_production_gate,cam0,309,0,1,
e9_top1_production_gate,cam0,310,0,1,
e9_top1_production_gate,cam0,311,0,2,
e9_top1_production_gate,cam0,312,0,2,
e9_top1_production_gate,cam0,313,0,1,
e9_top1_production_gate,cam0,314,0,1,
e9_top1_production_gate,cam0,315,0,1,
e9_top1_production_gate,cam0,316,0,1,
e9_top1_production_gate,cam0,317,0,1,
e9_top1_production_gate,cam0,318,0,1,
e9_top1_production_gate,cam0,319,0,1,
e9_top1_production_gate,cam0,320,0,1,
e9_top1_production_gate,cam0,321,0,1,
e9_top1_production_gate,cam0,322,1,1,7.548905372619629
e9_top1_production_gate,cam0,323,1,1,7.978945732116699
e9_top1_production_gate,cam0,324,1,1,5.207070827484131
e9_top1_production_gate,cam0,325,1,1,4.573963642120361
e9_top1_production_gate,cam0,326,1,1,8.603567123413086
e9_top1_production_gate,cam0,327,1,1,9.562758445739746
e9_top1_production_gate,cam0,328,1,1,8.771883964538574
e9_top1_production_gate,cam0,329,1,1,9.827282905578613
e9_top1_production_gate,cam0,330,1,1,9.73582649230957
e9_top1_production_gate,cam0,331,1,1,3.160964012145996
e9_top1_production_gate,cam0,332,1,1,11.155009269714355
e9_top1_production_gate,cam0,333,1,1,12.095780372619629
e9_top1_production_gate,cam0,334,1,1,11.86876106262207
e9_top1_production_gate,cam0,335,1,1,7.613177299499512
e9_top1_production_gate,cam0,336,1,1,8.872563362121582
e9_top1_production_gate,cam0,337,1,2,
e9_top1_production_gate,cam0,338,1,1,4.911535263061523
e9_top1_production_gate,cam0,339,1,1,3.311713457107544
e9_top1_production_gate,cam0,340,1,1,4.732883930206299
e9_top1_production_gate,cam0,341,1,1,5.107126712799072
e9_top1_production_gate,cam0,342,1,1,1.6087610721588135
e9_top1_production_gate,cam0,343,1,1,3.499887228012085
e9_top1_production_gate,cam0,344,1,1,8.18663215637207
e9_top1_production_gate,cam0,345,1,2,
e9_top1_production_gate,cam0,346,1,1,2.450413703918457
e9_top1_production_gate,cam0,347,1,1,5.20741081237793
e9_top1_production_gate,cam0,348,1,1,5.035435199737549
e9_top1_production_gate,cam0,349,1,1,4.710028648376465
e9_top1_production_gate,cam0,350,1,1,5.422492027282715
e9_top1_production_gate,cam0,351,1,1,5.17953634262085
e9_top1_production_gate,cam0,352,1,1,4.373013019561768
e9_top1_production_gate,cam0,353,1,1,9.182516098022461
e9_top1_production_gate,cam0,354,1,1,6.397169589996338
e9_top1_production_gate,cam0,355,1,1,6.819911956787109
e9_top1_production_gate,cam0,356,1,1,4.278142929077148
e9_top1_production_gate,cam0,357,1,1,5.363213539123535
e9_top1_production_gate,cam0,358,1,1,6.314023971557617
e9_top1_production_gate,cam0,359,1,1,0.9964409470558167
e9_top1_production_gate,cam0,360,1,1,5.624523639678955
e9_top1_production_gate,cam0,361,1,1,5.500205993652344
e9_top1_production_gate,cam0,362,1,1,4.060451984405518
e9_top1_production_gate,cam0,363,1,1,6.916144847869873
e9_top1_production_gate,cam0,364,1,1,7.346762657165527
e9_top1_production_gate,cam0,365,1,1,4.319126129150391
e9_top1_production_gate,cam0,366,1,1,4.133842945098877
e9_top1_production_gate,cam0,367,1,1,7.257272720336914
e9_top1_production_gate,cam0,368,1,1,3.220214605331421
e9_top1_production_gate,cam0,369,1,1,2.8448572158813477
e9_top1_production_gate,cam0,370,1,1,6.999418258666992
e9_top1_production_gate,cam0,371,1,1,1.2758129835128784
e9_top1_production_gate,cam0,372,1,1,2.911998748779297
e9_top1_production_gate,cam0,373,1,1,3.330333948135376
e9_top1_production_gate,cam0,374,1,1,1.7849271297454834
e9_top1_production_gate,cam0,375,1,1,3.9248154163360596
e9_top1_production_gate,cam0,376,1,1,4.378500938415527
e9_top1_production_gate,cam0,377,1,1,2.5635547637939453
e9_top1_production_gate,cam0,378,1,1,1.2023204565048218
e9_top1_production_gate,cam0,379,1,1,2.2629215717315674
e9_top1_production_gate,cam0,380,1,1,3.0878021717071533
e9_top1_production_gate,cam0,381,1,1,3.5521912574768066
e9_top1_production_gate,cam0,382,1,1,1.696450114250183
e9_top1_production_gate,cam0,383,1,1,2.4827489852905273
e9_top1_production_gate,cam0,384,1,1,5.677507400512695
e9_top1_production_gate,cam0,385,1,1,3.5099804401397705
e9_top1_production_gate,cam0,386,1,1,0.7695756554603577
e9_top1_production_gate,cam0,387,1,1,0.7327433824539185
e9_top1_production_gate,cam0,388,1,1,1.6159545183181763
e9_top1_production_gate,cam0,389,1,1,3.189025402069092
e9_top1_production_gate,cam0,390,1,1,5.003519535064697
e9_top1_production_gate,cam0,391,1,1,3.777134418487549
e9_top1_production_gate,cam0,392,1,1,1.6778974533081055
e9_top1_production_gate,cam0,393,1,1,0.7765902876853943
e9_top1_production_gate,cam0,394,1,1,1.0141621828079224
e9_top1_production_gate,cam0,395,1,1,6.363070011138916
e9_top1_production_gate,cam0,396,1,1,0.4870266020298004
e9_top1_production_gate,cam0,397,1,1,7.296238422393799
e9_top1_production_gate,cam0,398,1,1,5.669060707092285
e9_top1_production_gate,cam0,399,1,1,5.181812763214111
e9_top1_production_gate,cam0,400,1,1,5.33063268661499
e9_top1_production_gate,cam0,401,1,1,3.8353841304779053
e9_top1_production_gate,cam0,402,1,1,5.0942702293396
e9_top1_production_gate,cam0,403,1,1,8.453193664550781
e9_top1_production_gate,cam0,404,1,1,6.524036407470703
e9_top1_production_gate,cam0,405,1,1,3.3773117065429688
e9_top1_production_gate,cam0,406,1,1,7.604349613189697
e9_top1_production_gate,cam0,407,1,1,14.398443222045898
e9_top1_production_gate,cam0,408,1,1,6.698143005371094
e9_top1_production_gate,cam0,409,1,1,9.123003959655762
e9_top1_production_gate,cam0,410,1,1,10.117443084716797
e9_top1_production_gate,cam0,411,1,1,5.216371059417725
e9_top1_production_gate,cam0,412,1,1,6.40160608291626
e9_top1_production_gate,cam0,413,1,1,3.3971149921417236
e9_top1_production_gate,cam0,414,1,1,5.270138740539551
e9_top1_production_gate,cam0,415,1,1,9.33493709564209
e9_top1_production_gate,cam0,416,1,1,7.898195266723633
e9_top1_production_gate,cam0,417,1,1,5.006325721740723
e9_top1_production_gate,cam0,418,1,1,2.523409128189087
e9_top1_production_gate,cam0,419,1,1,1.8608835935592651
e9_top1_production_gate,cam0,420,1,1,4.326145648956299
e9_top1_production_gate,cam0,421,1,1,4.813649654388428
e9_top1_production_gate,cam0,422,1,1,9.716191291809082
e9_top1_production_gate,cam0,423,1,1,3.2628276348114014
e9_top1_production_gate,cam0,424,1,1,7.518440246582031
e9_top1_production_gate,cam0,425,0,1,
e9_top1_production_gate,cam0,426,0,1,
e9_top1_production_gate,cam0,427,0,1,
e9_top1_production_gate,cam0,428,0,0,
e9_top1_production_gate,cam0,429,0,0,
e9_top1_production_gate,cam0,430,0,0,
e9_top1_production_gate,cam0,431,1,0,
e9_top1_production_gate,cam0,432,1,0,
e9_top1_production_gate,cam0,433,1,1,12.31460189819336
e9_top1_production_gate,cam0,434,1,1,3.7000691890716553
e9_top1_production_gate,cam0,435,1,1,7.940291881561279
e9_top1_production_gate,cam0,436,1,1,5.272778511047363
e9_top1_production_gate,cam0,437,1,1,3.3408467769622803
e9_top1_production_gate,cam0,438,1,1,2.271164655685425
e9_top1_production_gate,cam0,439,1,1,3.8145699501037598
e9_top1_production_gate,cam0,440,1,1,6.850815773010254
e9_top1_production_gate,cam0,441,1,1,3.9234554767608643
e9_top1_production_gate,cam0,442,1,1,2.8632144927978516
e9_top1_production_gate,cam0,443,1,1,8.030029296875
e9_top1_production_gate,cam0,444,1,1,4.908637046813965
e9_top1_production_gate,cam0,445,1,1,3.8597679138183594
e9_top1_production_gate,cam0,446,1,1,3.7523624897003174
e9_top1_production_gate,cam0,447,1,1,4.749051094055176
e9_top1_production_gate,cam0,448,1,1,1.7129892110824585
e9_top1_production_gate,cam0,449,1,1,5.057348251342773
e9_top1_production_gate,cam0,450,1,1,7.002285480499268
e9_top1_production_gate,cam0,451,1,1,4.91616678237915
e9_top1_production_gate,cam0,452,1,1,3.656895160675049
e9_top1_production_gate,cam0,453,1,1,5.320700645446777
e9_top1_production_gate,cam0,454,1,1,5.102816581726074
e9_top1_production_gate,cam0,455,1,1,6.499888896942139
e9_top1_production_gate,cam0,456,1,1,10.565956115722656
e9_top1_production_gate,cam0,457,1,1,8.434808731079102
e9_top1_production_gate,cam0,458,0,1,
e9_top1_production_gate,cam0,459,0,1,
e9_top1_production_gate,cam0,460,1,1,7.271799564361572
e9_top1_production_gate,cam0,461,1,1,11.645646095275879
e9_top1_production_gate,cam0,462,1,1,5.567259311676025
e9_top1_production_gate,cam0,463,1,1,6.25818395614624
e9_top1_production_gate,cam0,464,1,1,6.904008865356445
e9_top1_production_gate,cam0,465,1,1,4.306756019592285
e9_top1_production_gate,cam0,466,1,2,
e9_top1_production_gate,cam0,467,1,1,6.7373528480529785
e9_top1_production_gate,cam0,468,1,1,6.081075191497803
e9_top1_production_gate,cam0,469,1,1,7.33254337310791
e9_top1_production_gate,cam0,470,1,1,7.339334011077881
e9_top1_production_gate,cam0,471,1,1,6.379461288452148
e9_top1_production_gate,cam0,472,1,1,4.895567417144775
e9_top1_production_gate,cam0,473,1,1,4.402298927307129
e9_top1_production_gate,cam0,474,1,1,6.159816265106201
e9_top1_production_gate,cam0,475,1,1,3.0359387397766113
e9_top1_production_gate,cam0,476,1,1,3.7783617973327637
e9_top1_production_gate,cam0,477,1,1,0.5430483222007751
e9_top1_production_gate,cam0,478,1,1,4.5217766761779785
e9_top1_production_gate,cam0,479,1,1,8.241936683654785
e9_top1_production_gate,cam0,480,1,1,9.91845417022705
e9_top1_production_gate,cam0,481,1,1,7.907885551452637
e9_top1_production_gate,cam0,482,1,1,3.812084436416626
e9_top1_production_gate,cam0,483,1,1,4.738208770751953
e9_top1_production_gate,cam0,484,1,1,5.99027681350708
e9_top1_production_gate,cam0,485,1,1,8.016716957092285
e9_top1_production_gate,cam0,486,1,1,4.869410991668701
e9_top1_production_gate,cam0,487,1,1,4.686312675476074
e9_top1_production_gate,cam0,488,1,1,5.653487205505371
e9_top1_production_gate,cam0,489,1,1,4.398566722869873
e9_top1_production_gate,cam0,490,1,1,8.105169296264648
e9_top1_production_gate,cam0,491,1,1,9.155950546264648
e9_top1_production_gate,cam0,492,1,1,7.675327301025391
e9_top1_production_gate,cam0,493,1,1,4.215338230133057
e9_top1_production_gate,cam0,494,1,0,
e9_top1_production_gate,cam0,495,1,0,
e9_top1_production_gate,cam0,496,1,0,
e9_top1_production_gate,cam0,497,1,0,
e9_top1_production_gate,cam0,498,1,1,2.0640673637390137
e9_top1_production_gate,cam0,499,1,0,
e9_top1_production_gate,cam0,500,1,0,
e9_top1_production_gate,cam0,501,1,0,
e9_top1_production_gate,cam0,502,0,0,
e9_top1_production_gate,cam0,503,0,0,
e9_top1_production_gate,cam0,504,0,0,
e9_top1_production_gate,cam0,505,0,1,
e9_top1_production_gate,cam0,506,0,1,
e9_top1_production_gate,cam0,507,1,1,2.5442516803741455
e9_top1_production_gate,cam0,508,0,1,
e9_top1_production_gate,cam0,509,0,1,
e9_top1_production_gate,cam0,510,1,1,12.70361042022705
e9_top1_production_gate,cam0,511,1,1,13.28602123260498
e9_top1_production_gate,cam0,512,1,1,12.683465003967285
e9_top1_production_gate,cam0,513,1,1,7.6363525390625
e9_top1_production_gate,cam0,514,0,1,
e9_top1_production_gate,cam0,515,1,1,10.503179550170898
e9_top1_production_gate,cam0,516,1,1,10.498810768127441
e9_top1_production_gate,cam0,517,1,1,16.120410919189453
e9_top1_production_gate,cam0,518,0,1,
e9_top1_production_gate,cam0,519,0,1,
e9_top1_production_gate,cam0,520,1,1,7.5760040283203125
e9_top1_production_gate,cam0,521,1,1,5.495163917541504
e9_top1_production_gate,cam0,522,1,1,8.253418922424316
e9_top1_production_gate,cam0,523,1,1,7.154165744781494
e9_top1_production_gate,cam0,524,1,1,3.678748607635498
e9_top1_production_gate,cam0,525,1,1,3.1393070220947266
e9_top1_production_gate,cam0,526,1,1,5.998795032501221
e9_top1_production_gate,cam0,527,1,1,6.008481502532959
e9_top1_production_gate,cam0,528,1,1,6.40123987197876
e9_top1_production_gate,cam0,529,1,1,5.135843276977539
e9_top1_production_gate,cam0,530,1,1,6.4942169189453125
e9_top1_production_gate,cam0,531,1,1,3.084681510925293
e9_top1_production_gate,cam0,532,1,1,6.3620405197143555
e9_top1_production_gate,cam0,533,1,1,10.657393455505371
e9_top1_production_gate,cam0,534,1,1,8.56229305267334
e9_top1_production_gate,cam0,535,1,1,6.889975070953369
e9_top1_production_gate,cam0,536,1,1,7.376139163970947
e9_top1_production_gate,cam0,537,1,1,8.0313720703125
e9_top1_production_gate,cam0,538,1,1,4.8822712898254395
e9_top1_production_gate,cam0,539,1,2,
e9_top1_production_gate,cam0,540,1,2,
e9_top1_production_gate,cam0,541,1,1,7.427217483520508
e9_top1_production_gate,cam0,542,1,1,4.669672966003418
e9_top1_production_gate,cam0,543,1,1,3.976886510848999
e9_top1_production_gate,cam0,544,1,1,5.738015174865723
e9_top1_production_gate,cam0,545,1,1,9.466132164001465
e9_top1_production_gate,cam0,546,0,1,
e9_top1_production_gate,cam0,547,0,1,
e9_top1_production_gate,cam0,548,1,1,8.901082992553711
e9_top1_production_gate,cam0,549,1,1,8.630389213562012
e9_top1_production_gate,cam0,550,0,1,
e9_top1_production_gate,cam0,551,0,1,
e9_top1_production_gate,cam0,552,0,1,
e9_top1_production_gate,cam0,553,1,1,447.6494445800781
e9_top1_production_gate,cam0,554,1,1,433.5888671875
e9_top1_production_gate,cam0,555,1,0,
e9_top1_production_gate,cam0,556,0,0,
e9_top1_production_gate,cam0,557,0,0,
e9_top1_production_gate,cam0,558,0,0,
e9_top1_production_gate,cam0,559,0,0,
e9_top1_production_gate,cam0,560,0,1,
e9_top1_production_gate,cam0,561,0,1,
e9_top1_production_gate,cam0,562,1,1,7.4980645179748535
e9_top1_production_gate,cam0,563,1,1,4.974555969238281
e9_top1_production_gate,cam0,564,1,1,5.8895649909973145
e9_top1_production_gate,cam0,565,1,1,7.633049964904785
e9_top1_production_gate,cam0,566,1,1,8.8283052444458
e9_top1_production_gate,cam0,567,1,1,11.4021635055542
e9_top1_production_gate,cam0,568,1,1,3.8776021003723145
e9_top1_production_gate,cam0,569,1,1,8.191119194030762
e9_top1_production_gate,cam0,570,1,1,4.568897247314453
e9_top1_production_gate,cam0,571,1,1,5.059349536895752
e9_top1_production_gate,cam0,572,1,1,2.6998302936553955
e9_top1_production_gate,cam0,573,1,1,1.936258316040039
e9_top1_production_gate,cam0,574,1,1,4.5025858879089355
e9_top1_production_gate,cam0,575,1,1,7.501338958740234
e9_top1_production_gate,cam0,576,1,1,9.324719429016113
e9_top1_production_gate,cam0,577,1,1,3.96529483795166
e9_top1_production_gate,cam0,578,1,1,5.786566734313965
e9_top1_production_gate,cam0,579,1,1,4.220299243927002
e9_top1_production_gate,cam0,580,1,1,1.654068112373352
e9_top1_production_gate,cam0,581,1,1,7.864648818969727
e9_top1_production_gate,cam0,582,1,1,1.493045687675476
e9_top1_production_gate,cam0,583,1,1,3.0963950157165527
e9_top1_production_gate,cam0,584,1,1,6.871428966522217
e9_top1_production_gate,cam0,585,1,1,2.4891161918640137
e9_top1_production_gate,cam0,586,1,1,3.741339683532715
e9_top1_production_gate,cam0,587,1,1,2.1297523975372314
e9_top1_production_gate,cam0,588,1,1,3.56442928314209
e9_top1_production_gate,cam0,589,1,1,4.046745777130127
e9_top1_production_gate,cam0,590,1,1,0.48991236090660095
e9_top1_production_gate,cam0,591,1,1,5.4921555519104
e9_top1_production_gate,cam0,592,1,1,2.2101285457611084
e9_top1_production_gate,cam0,593,1,1,1.999775767326355
e9_top1_production_gate,cam0,594,1,1,5.702104568481445
e9_top1_production_gate,cam0,595,1,1,1.2373192310333252
e9_top1_production_gate,cam0,596,1,1,7.57468843460083
e9_top1_production_gate,cam0,597,1,1,1.2750989198684692
e9_top1_production_gate,cam0,598,1,1,2.9907424449920654
e9_top1_production_gate,cam0,599,1,1,4.380864143371582
e9_top1_production_gate,cam0,600,1,1,3.8864850997924805
e9_top1_production_gate,cam0,601,1,1,2.7341971397399902
e9_top1_production_gate,cam0,602,1,1,7.85538387298584
e9_top1_production_gate,cam0,603,1,1,6.218764305114746
e9_top1_production_gate,cam0,604,1,1,6.781779766082764
e9_top1_production_gate,cam0,605,1,1,12.659442901611328
e9_top1_production_gate,cam0,606,1,1,4.994940280914307
e9_top1_production_gate,cam0,607,1,1,8.441529273986816
e9_top1_production_gate,cam0,608,1,1,9.45751953125
e9_top1_production_gate,cam0,609,1,1,5.059882164001465
e9_top1_production_gate,cam0,610,1,1,7.998400688171387
e9_top1_production_gate,cam0,611,1,1,5.9323883056640625
e9_top1_production_gate,cam0,612,1,1,5.769429683685303
e9_top1_production_gate,cam0,613,1,1,2.7142395973205566
e9_top1_production_gate,cam0,614,1,1,4.729542255401611
e9_top1_production_gate,cam0,615,1,1,5.201630115509033
e9_top1_production_gate,cam0,616,1,1,4.756913185119629
e9_top1_production_gate,cam0,617,1,1,4.979031085968018
e9_top1_production_gate,cam0,618,1,1,7.923961639404297
e9_top1_production_gate,cam0,619,1,1,10.69202995300293
e9_top1_production_gate,cam0,620,1,1,8.924216270446777
e9_top1_production_gate,cam0,621,1,1,14.88146686553955
e9_top1_production_gate,cam0,622,1,0,
e9_top1_production_gate,cam0,623,1,1,18.43490219116211
e9_top1_production_gate,cam0,624,1,1,5.49505615234375
e9_top1_production_gate,cam0,625,1,1,1.56014084815979
e9_top1_production_gate,cam0,626,1,1,7.331381797790527
e9_top1_production_gate,cam0,627,1,1,5.397271633148193
e9_top1_production_gate,cam0,628,1,1,3.8666319847106934
e9_top1_production_gate,cam0,629,1,1,7.875340461730957
e9_top1_production_gate,cam0,630,1,1,6.845452785491943
e9_top1_production_gate,cam0,631,1,1,7.386051654815674
e9_top1_production_gate,cam0,632,1,2,
e9_top1_production_gate,cam0,633,0,2,
e9_top1_production_gate,cam0,634,0,2,
e9_top1_production_gate,cam0,635,0,2,
e9_top1_production_gate,cam0,636,0,1,
e9_top1_production_gate,cam0,637,0,2,
e9_top1_production_gate,cam0,638,0,2,
e9_top1_production_gate,cam0,639,0,1,
e9_top1_production_gate,cam0,640,1,1,4.928046703338623
e9_top1_production_gate,cam0,641,1,2,
e9_top1_production_gate,cam0,642,1,1,7.532580375671387
e9_top1_production_gate,cam0,643,1,1,6.903749465942383
e9_top1_production_gate,cam0,644,1,1,0.688563346862793
e9_top1_production_gate,cam0,645,1,1,2.8000707626342773
e9_top1_production_gate,cam0,646,1,1,6.552343368530273
e9_top1_production_gate,cam0,647,1,1,8.530224800109863
e9_top1_production_gate,cam0,648,1,1,1.2349289655685425
e9_top1_production_gate,cam0,649,1,1,4.7671427726745605
e9_top1_production_gate,cam0,650,1,1,3.880949020385742
e9_top1_production_gate,cam0,651,1,1,2.1281039714813232
e9_top1_production_gate,cam0,652,1,2,
e9_top1_production_gate,cam0,653,1,1,3.107961416244507
e9_top1_production_gate,cam0,654,1,1,5.913149833679199
e9_top1_production_gate,cam0,655,1,1,4.776062965393066
e9_top1_production_gate,cam0,656,1,1,7.2942657470703125
e9_top1_production_gate,cam0,657,1,1,8.613799095153809
e9_top1_production_gate,cam0,658,1,1,9.018486976623535
e9_top1_production_gate,cam0,659,1,1,9.137696266174316
e9_top1_production_gate,cam0,660,1,1,7.555775165557861
e9_top1_production_gate,cam0,661,1,1,4.072831153869629
e9_top1_production_gate,cam0,662,1,1,9.355602264404297
e9_top1_production_gate,cam0,663,1,1,9.450277328491211
e9_top1_production_gate,cam0,664,1,1,8.691937446594238
e9_top1_production_gate,cam0,665,1,1,9.137532234191895
e9_top1_production_gate,cam0,666,1,1,7.451676845550537
e9_top1_production_gate,cam0,667,1,1,8.213676452636719
e9_top1_production_gate,cam0,668,1,1,4.988977909088135
e9_top1_production_gate,cam0,669,1,1,2.54675030708313
e9_top1_production_gate,cam0,670,1,1,6.042273044586182
e9_top1_production_gate,cam0,671,1,1,8.372293472290039
e9_top1_production_gate,cam0,672,1,1,13.07601547241211
e9_top1_production_gate,cam0,673,1,1,10.396051406860352
e9_top1_production_gate,cam0,674,1,1,2.136761426925659
e9_top1_production_gate,cam0,675,1,1,3.2122483253479004
e9_top1_production_gate,cam0,676,1,1,3.9525272846221924
e9_top1_production_gate,cam0,677,1,1,6.731494426727295
e9_top1_production_gate,cam0,678,1,1,4.822725296020508
e9_top1_production_gate,cam0,679,1,1,6.462766647338867
e9_top1_production_gate,cam0,680,1,1,8.170454978942871
e9_top1_production_gate,cam0,681,1,1,6.129083633422852
e9_top1_production_gate,cam0,682,1,1,7.461465835571289
e9_top1_production_gate,cam0,683,1,1,8.617953300476074
e9_top1_production_gate,cam0,684,1,1,6.559314250946045
e9_top1_production_gate,cam0,685,1,1,4.870824337005615
e9_top1_production_gate,cam0,686,1,1,5.692223072052002
e9_top1_production_gate,cam0,687,1,1,11.38621997833252
e9_top1_production_gate,cam0,688,1,1,9.74736213684082
e9_top1_production_gate,cam0,689,1,1,4.898650646209717
e9_top1_production_gate,cam0,690,1,1,1.2138928174972534
e9_top1_production_gate,cam0,691,1,2,
e9_top1_production_gate,cam0,692,1,2,
e9_top1_production_gate,cam0,693,1,1,4.783385753631592
e9_top1_production_gate,cam0,694,1,1,9.4755859375
e9_top1_production_gate,cam0,695,1,1,9.391716003417969
e9_top1_production_gate,cam0,696,1,2,
e9_top1_production_gate,cam0,697,1,2,
e9_top1_production_gate,cam0,698,1,1,6.277580261230469
e9_top1_production_gate,cam0,699,1,1,3.380223035812378
e9_top1_production_gate,cam0,700,1,1,6.220111846923828
e9_top1_production_gate,cam0,701,1,1,9.699138641357422
e9_top1_production_gate,cam0,702,1,1,3.5577592849731445
e9_top1_production_gate,cam0,703,1,1,4.303860664367676
e9_top1_production_gate,cam0,704,1,1,3.4456465244293213
e9_top1_production_gate,cam0,705,1,1,3.4097349643707275
e9_top1_production_gate,cam0,706,1,1,13.185524940490723
e9_top1_production_gate,cam0,707,1,1,11.809747695922852
e9_top1_production_gate,cam0,708,1,1,9.15290355682373
e9_top1_production_gate,cam0,709,1,1,7.76690673828125
e9_top1_production_gate,cam0,710,1,1,5.772233486175537
e9_top1_production_gate,cam0,711,1,1,4.705633640289307
e9_top1_production_gate,cam0,712,1,1,2.224433422088623
e9_top1_production_gate,cam0,713,1,2,
e9_top1_production_gate,cam0,714,0,1,
e9_top1_production_gate,cam0,715,0,0,
e9_top1_production_gate,cam0,716,0,0,
e9_top1_production_gate,cam0,717,0,0,
e9_top1_production_gate,cam0,718,1,0,
e9_top1_production_gate,cam0,719,0,0,
e9_top1_production_gate,cam0,720,1,0,
e9_top1_production_gate,cam0,721,1,0,
e9_top1_production_gate,cam0,722,0,0,
e9_top1_production_gate,cam0,723,0,0,
e9_top1_production_gate,cam0,724,0,1,
e9_top1_production_gate,cam0,725,0,1,
e9_top1_production_gate,cam0,726,1,1,4.307497501373291
e9_top1_production_gate,cam0,727,1,1,6.633860111236572
e9_top1_production_gate,cam0,728,1,1,4.4345269203186035
e9_top1_production_gate,cam0,729,1,1,6.499520301818848
e9_top1_production_gate,cam0,730,1,1,7.503313064575195
e9_top1_production_gate,cam0,731,1,1,5.539687633514404
e9_top1_production_gate,cam0,732,1,1,5.708506107330322
e9_top1_production_gate,cam0,733,1,1,2.871833086013794
e9_top1_production_gate,cam0,734,1,1,3.1414222717285156
e9_top1_production_gate,cam0,735,1,1,1.643950343132019
e9_top1_production_gate,cam0,736,1,1,2.479374647140503
e9_top1_production_gate,cam0,737,1,1,4.971399784088135
e9_top1_production_gate,cam0,738,1,1,3.7815396785736084
e9_top1_production_gate,cam0,739,1,1,2.2196640968322754
e9_top1_production_gate,cam0,740,1,1,3.507387638092041
e9_top1_production_gate,cam0,741,1,1,3.424994945526123
e9_top1_production_gate,cam0,742,1,1,2.6652133464813232
e9_top1_production_gate,cam0,743,1,1,3.7787322998046875
e9_top1_production_gate,cam0,744,1,1,2.870816946029663
e9_top1_production_gate,cam0,745,1,1,3.260406732559204
e9_top1_production_gate,cam0,746,1,1,0.8886124491691589
e9_top1_production_gate,cam0,747,1,1,2.767681121826172
e9_top1_production_gate,cam0,748,1,1,0.3853904604911804
e9_top1_production_gate,cam0,749,1,1,0.820733368396759
e9_top1_production_gate,cam0,750,0,1,
e9_top1_production_gate,cam0,751,1,1,14.002894401550293
e9_top1_production_gate,cam0,752,1,1,12.052254676818848
e9_top1_production_gate,cam0,753,1,1,10.714661598205566
e9_top1_production_gate,cam0,754,0,1,
e9_top1_production_gate,cam0,755,0,1,
e9_top1_production_gate,cam0,756,0,1,
e9_top1_production_gate,cam0,757,0,1,
e9_top1_production_gate,cam0,758,0,1,
e9_top1_production_gate,cam0,759,0,1,
e9_top1_production_gate,cam0,760,0,1,
e9_top1_production_gate,cam0,761,0,1,
e9_top1_production_gate,cam0,762,1,1,471.197021484375
e9_top1_production_gate,cam0,763,1,1,473.38531494140625
e9_top1_production_gate,cam0,764,1,1,478.6202392578125
e9_top1_production_gate,cam0,765,1,1,483.21038818359375
e9_top1_production_gate,cam0,766,1,1,485.4331359863281
e9_top1_production_gate,cam0,767,1,1,491.1223449707031
e9_top1_production_gate,cam0,768,1,2,
e9_top1_production_gate,cam0,769,1,1,509.6861572265625
e9_top1_production_gate,cam0,770,1,1,505.10162353515625
e9_top1_production_gate,cam0,771,1,1,508.60382080078125
e9_top1_production_gate,cam0,772,1,1,510.4798583984375
e9_top1_production_gate,cam0,773,1,1,516.5830078125
e9_top1_production_gate,cam0,774,1,1,521.6776733398438
e9_top1_production_gate,cam0,775,1,1,529.0668334960938
e9_top1_production_gate,cam0,776,1,1,529.5618896484375
e9_top1_production_gate,cam0,777,1,1,534.866943359375
e9_top1_production_gate,cam0,778,1,1,533.3043212890625
e9_top1_production_gate,cam0,779,1,2,
e9_top1_production_gate,cam0,780,1,1,547.6783447265625
e9_top1_production_gate,cam0,781,0,2,
e9_top1_production_gate,cam0,782,0,1,
e9_top1_production_gate,cam0,783,0,1,
e9_top1_production_gate,cam0,784,0,1,
e9_top1_production_gate,cam0,785,0,1,
e9_top1_production_gate,cam0,786,1,1,12.397400856018066
e9_top1_production_gate,cam0,787,1,2,
e9_top1_production_gate,cam0,788,1,1,13.858806610107422
e9_top1_production_gate,cam0,789,1,1,11.685674667358398
e9_top1_production_gate,cam0,790,1,1,9.044870376586914
e9_top1_production_gate,cam0,791,1,1,6.335656642913818
e9_top1_production_gate,cam0,792,1,1,3.3663415908813477
e9_top1_production_gate,cam0,793,1,1,3.0144028663635254
e9_top1_production_gate,cam0,794,1,1,2.640740156173706
e9_top1_production_gate,cam0,795,1,1,2.3483991622924805
e9_top1_production_gate,cam0,796,1,2,
e9_top1_production_gate,cam0,797,1,1,5.0295796394348145
e9_top1_production_gate,cam0,798,1,1,7.810297012329102
e9_top1_production_gate,cam0,799,1,1,7.4885101318359375
e9_top1_production_gate,cam0,800,1,1,9.378081321716309
e9_top1_production_gate,cam0,801,1,2,
e9_top1_production_gate,cam0,802,1,1,7.069137096405029
e9_top1_production_gate,cam0,803,1,1,1.6720553636550903
e9_top1_production_gate,cam0,804,1,1,8.70611572265625
e9_top1_production_gate,cam0,805,1,2,
e9_top1_production_gate,cam0,806,1,1,11.29983139038086
e9_top1_production_gate,cam0,807,0,1,
e9_top1_production_gate,cam0,808,0,0,
e9_top1_production_gate,cam0,809,0,0,
e9_top1_production_gate,cam0,810,0,0,
e9_top1_production_gate,cam0,811,0,0,
e9_top1_production_gate,cam0,812,0,0,
e9_top1_production_gate,cam0,813,0,0,
e9_top1_production_gate,cam0,814,0,0,
e9_top1_production_gate,cam0,815,0,1,
e9_top1_production_gate,cam0,816,1,2,
e9_top1_production_gate,cam0,817,1,2,
e9_top1_production_gate,cam0,818,1,2,
e9_top1_production_gate,cam0,819,1,1,3.760064125061035
e9_top1_production_gate,cam0,820,1,1,3.390533447265625
e9_top1_production_gate,cam0,821,1,1,2.4082705974578857
e9_top1_production_gate,cam0,822,0,1,
e9_top1_production_gate,cam0,823,0,1,
e9_top1_production_gate,cam0,824,0,1,
e9_top1_production_gate,cam0,825,0,1,
e9_top1_production_gate,cam0,826,1,1,1.1393989324569702
e9_top1_production_gate,cam0,827,1,1,2.65834641456604
e9_top1_production_gate,cam0,828,1,1,4.057342529296875
e9_top1_production_gate,cam0,829,1,1,2.7312793731689453
e9_top1_production_gate,cam0,830,1,1,5.725564002990723
e9_top1_production_gate,cam0,831,1,1,8.725160598754883
e9_top1_production_gate,cam0,832,1,1,9.357954978942871
e9_top1_production_gate,cam0,833,1,1,11.9684419631958
e9_top1_production_gate,cam0,834,1,1,1.583093285560608
e9_top1_production_gate,cam0,835,1,1,3.9066390991210938
e9_top1_production_gate,cam0,836,1,1,6.951231002807617
e9_top1_production_gate,cam0,837,1,1,11.857244491577148
e9_top1_production_gate,cam0,838,1,1,5.324109077453613
e9_top1_production_gate,cam0,839,0,1,
e9_top1_production_gate,cam0,840,1,1,6.10195779800415
e9_top1_production_gate,cam0,841,1,1,4.974834442138672
e9_top1_production_gate,cam0,842,0,1,
e9_top1_production_gate,cam0,843,0,2,
e9_top1_production_gate,cam0,844,1,1,5.690911769866943
e9_top1_production_gate,cam0,845,1,1,4.264888286590576
e9_top1_production_gate,cam0,846,1,1,2.25655460357666
e9_top1_production_gate,cam0,847,1,1,4.235771656036377
e9_top1_production_gate,cam0,848,1,1,7.2839202880859375
e9_top1_production_gate,cam0,849,1,1,5.4722514152526855
e9_top1_production_gate,cam0,850,1,1,6.744287490844727
e9_top1_production_gate,cam0,851,1,1,12.456311225891113
e9_top1_production_gate,cam0,852,1,1,0.37809818983078003
e9_top1_production_gate,cam0,853,1,1,2.182605266571045
e9_top1_production_gate,cam0,854,1,1,1.4612195491790771
e9_top1_production_gate,cam0,855,1,1,7.412919044494629
e9_top1_production_gate,cam0,856,1,1,3.2379817962646484
e9_top1_production_gate,cam0,857,1,1,4.5763702392578125
e9_top1_production_gate,cam0,858,1,1,6.943775177001953
e9_top1_production_gate,cam0,859,1,1,6.418004989624023
e9_top1_production_gate,cam0,860,1,1,4.166258811950684
e9_top1_production_gate,cam0,861,1,1,3.074923276901245
e9_top1_production_gate,cam0,862,1,1,1.485657811164856
e9_top1_production_gate,cam0,863,1,1,2.896212100982666
e9_top1_production_gate,cam0,864,1,1,6.332220554351807
e9_top1_production_gate,cam0,865,1,1,4.909883975982666
e9_top1_production_gate,cam0,866,1,1,6.1952409744262695
e9_top1_production_gate,cam0,867,1,1,7.160918235778809
e9_top1_production_gate,cam0,868,1,1,4.711029529571533
e9_top1_production_gate,cam0,869,1,1,5.765345573425293
e9_top1_production_gate,cam0,870,1,1,4.517337799072266
e9_top1_production_gate,cam0,871,1,1,8.303947448730469
e9_top1_production_gate,cam0,872,1,1,9.727612495422363
e9_top1_production_gate,cam0,873,1,1,7.9617156982421875
e9_top1_production_gate,cam0,874,1,1,12.384774208068848
e9_top1_production_gate,cam0,875,1,1,17.60946273803711
e9_top1_production_gate,cam0,876,1,1,19.30512046813965
e9_top1_production_gate,cam0,877,1,1,10.32561206817627
e9_top1_production_gate,cam0,878,1,1,9.110982894897461
e9_top1_production_gate,cam0,879,1,1,11.516278266906738
e9_top1_production_gate,cam0,880,1,1,10.605944633483887
e9_top1_production_gate,cam0,881,0,1,
e9_top1_production_gate,cam0,882,0,1,
e9_top1_production_gate,cam0,883,0,1,
e9_top1_production_gate,cam0,884,0,1,
e9_top1_production_gate,cam0,885,0,1,
e9_top1_production_gate,cam0,886,0,1,
e9_top1_production_gate,cam0,887,0,1,
e9_top1_production_gate,cam0,888,0,1,
e9_top1_production_gate,cam0,889,0,1,
e9_top1_production_gate,cam0,890,0,1,
e9_top1_production_gate,cam0,891,0,1,
e9_top1_production_gate,cam0,892,0,1,
e9_top1_production_gate,cam0,893,0,1,
e9_top1_production_gate,cam0,894,1,1,7.753747463226318
e9_top1_production_gate,cam0,895,1,1,25.840576171875
e9_top1_production_gate,cam0,896,1,1,40.30752182006836
e9_top1_production_gate,cam0,897,0,1,
e9_top1_production_gate,cam0,898,0,1,
e9_top1_production_gate,cam0,899,0,1,
e9_top1_production_gate,cam0,900,0,0,
e9_top1_production_gate,cam0,901,0,0,
e9_top1_production_gate,cam0,902,0,0,
e9_top1_production_gate,cam0,903,1,0,
e9_top1_production_gate,cam0,904,1,1,371.59564208984375
e9_top1_production_gate,cam0,905,1,1,358.4343566894531
e9_top1_production_gate,cam0,906,0,1,
e9_top1_production_gate,cam0,907,1,1,3.2380545139312744
e9_top1_production_gate,cam0,908,1,1,1.475131869316101
e9_top1_production_gate,cam0,909,1,1,5.988460063934326
e9_top1_production_gate,cam0,910,1,1,2.4435153007507324
e9_top1_production_gate,cam0,911,1,1,2.8048808574676514
e9_top1_production_gate,cam0,912,1,1,5.300970554351807
e9_top1_production_gate,cam0,913,1,1,7.492445468902588
e9_top1_production_gate,cam0,914,1,1,12.11843204498291
e9_top1_production_gate,cam0,915,1,1,10.381142616271973
e9_top1_production_gate,cam0,916,1,1,13.144399642944336
e9_top1_production_gate,cam0,917,1,2,
e9_top1_production_gate,cam0,918,1,2,
e9_top1_production_gate,cam0,919,1,1,1.7435332536697388
e9_top1_production_gate,cam0,920,1,1,5.908395767211914
e9_top1_production_gate,cam0,921,1,1,8.874751091003418
e9_top1_production_gate,cam0,922,1,1,2.880511999130249
e9_top1_production_gate,cam0,923,1,1,4.214069843292236
e9_top1_production_gate,cam0,924,1,1,5.23895263671875
e9_top1_production_gate,cam0,925,1,1,9.749100685119629
e9_top1_production_gate,cam0,926,1,1,7.997582912445068
e9_top1_production_gate,cam0,927,1,1,7.153097152709961
e9_top1_production_gate,cam0,928,1,1,9.257973670959473
e9_top1_production_gate,cam0,929,0,2,
e9_top1_production_gate,cam0,930,1,2,
e9_top1_production_gate,cam0,931,1,2,
e9_top1_production_gate,cam0,932,1,1,5.144495487213135
e9_top1_production_gate,cam0,933,1,1,13.55691146850586
e9_top1_production_gate,cam0,934,1,2,
e9_top1_production_gate,cam0,935,1,2,
e9_top1_production_gate,cam0,936,1,2,
e9_top1_production_gate,cam0,937,1,2,
e9_top1_production_gate,cam0,938,1,1,2.9361352920532227
e9_top1_production_gate,cam0,939,1,2,
e9_top1_production_gate,cam0,940,1,1,9.763411521911621
e9_top1_production_gate,cam0,941,1,1,4.544694900512695
e9_top1_production_gate,cam0,942,1,1,6.966927528381348
e9_top1_production_gate,cam0,943,1,1,4.025335788726807
e9_top1_production_gate,cam0,944,1,1,4.425732612609863
e9_top1_production_gate,cam0,945,1,1,2.4672834873199463
e9_top1_production_gate,cam0,946,1,1,4.721111297607422
e9_top1_production_gate,cam0,947,1,1,9.57083511352539
e9_top1_production_gate,cam0,948,1,1,0.6899710297584534
e9_top1_production_gate,cam0,949,1,2,
e9_top1_production_gate,cam0,950,1,1,6.714975357055664
e9_top1_production_gate,cam0,951,1,1,7.08282995223999
e9_top1_production_gate,cam0,952,1,1,4.359074115753174
e9_top1_production_gate,cam0,953,1,1,11.036739349365234
e9_top1_production_gate,cam0,954,1,1,6.105748176574707
e9_top1_production_gate,cam0,955,1,1,7.530776023864746
e9_top1_production_gate,cam0,956,1,1,6.474663734436035
e9_top1_production_gate,cam0,957,1,1,6.461746692657471
e9_top1_production_gate,cam0,958,1,1,6.394840717315674
e9_top1_production_gate,cam0,959,1,1,1.4445912837982178
e9_top1_production_gate,cam0,960,1,1,5.45300817489624
e9_top1_production_gate,cam0,961,1,1,7.462242126464844
e9_top1_production_gate,cam0,962,1,1,3.093700647354126
e9_top1_production_gate,cam0,963,1,1,2.1499674320220947
e9_top1_production_gate,cam0,964,1,1,2.846050977706909
e9_top1_production_gate,cam0,965,1,1,11.07524585723877
e9_top1_production_gate,cam0,966,1,2,
e9_top1_production_gate,cam0,967,1,1,5.9448561668396
e9_top1_production_gate,cam0,968,1,1,5.732680320739746
e9_top1_production_gate,cam0,969,1,1,1.127357840538025
e9_top1_production_gate,cam0,970,1,1,6.684805870056152
e9_top1_production_gate,cam0,971,1,1,5.620406150817871
e9_top1_production_gate,cam0,972,1,1,8.170355796813965
e9_top1_production_gate,cam0,973,1,1,4.298848628997803
e9_top1_production_gate,cam0,974,1,2,
e9_top1_production_gate,cam0,975,1,1,1.517590045928955
e9_top1_production_gate,cam0,976,1,1,0.668917715549469
e9_top1_production_gate,cam0,977,1,1,2.5251193046569824
e9_top1_production_gate,cam0,978,1,1,9.191061019897461
e9_top1_production_gate,cam0,979,1,1,7.4053568840026855
e9_top1_production_gate,cam0,980,1,1,9.297524452209473
e9_top1_production_gate,cam0,981,1,2,
e9_top1_production_gate,cam0,982,0,1,
e9_top1_production_gate,cam0,983,0,0,
e9_top1_production_gate,cam0,984,0,0,
e9_top1_production_gate,cam0,985,0,0,
e9_top1_production_gate,cam0,986,0,0,
e9_top1_production_gate,cam0,987,0,0,
e9_top1_production_gate,cam0,988,0,0,
e9_top1_production_gate,cam0,989,0,0,
e9_top1_production_gate,cam0,990,0,0,
e9_top1_production_gate,cam0,991,0,0,
e9_top1_production_gate,cam0,992,0,0,
e9_top1_production_gate,cam0,993,0,0,
e9_top1_production_gate,cam0,994,0,0,
e9_top1_production_gate,cam0,995,0,0,
e9_top1_production_gate,cam0,996,0,0,
e9_top1_production_gate,cam0,997,0,0,
e9_top1_production_gate,cam0,998,1,0,
e9_top1_production_gate,cam0,999,0,0,
e9_top1_production_gate,cam0,1000,1,0,
e9_top1_production_gate,cam0,1001,0,0,
e9_top1_production_gate,cam0,1002,0,0,
e9_top1_production_gate,cam0,1003,0,0,
e9_top1_production_gate,cam0,1004,0,0,
e9_top1_production_gate,cam0,1005,1,0,
e9_top1_production_gate,cam0,1006,1,0,
e9_top1_production_gate,cam0,1007,0,0,
e9_top1_production_gate,cam0,1008,0,0,
e9_top1_production_gate,cam0,1009,0,0,
e9_top1_production_gate,cam1,0,1,1,22.14255714416504
e9_top1_production_gate,cam1,1,1,1,5.683626174926758
e9_top1_production_gate,cam1,2,1,1,8.100183486938477
e9_top1_production_gate,cam1,3,1,1,5.439083099365234
e9_top1_production_gate,cam1,4,1,1,4.243204116821289
e9_top1_production_gate,cam1,5,1,1,7.075073719024658
e9_top1_production_gate,cam1,6,1,1,2.2672276496887207
e9_top1_production_gate,cam1,7,1,1,2.4268980026245117
e9_top1_production_gate,cam1,8,1,1,4.488861083984375
e9_top1_production_gate,cam1,9,1,1,1.691588044166565
e9_top1_production_gate,cam1,10,1,1,1.3250367641448975
e9_top1_production_gate,cam1,11,1,1,1.3892080783843994
e9_top1_production_gate,cam1,12,1,1,1.0533195734024048
e9_top1_production_gate,cam1,13,1,1,2.4163873195648193
e9_top1_production_gate,cam1,14,1,1,1.7660397291183472
e9_top1_production_gate,cam1,15,1,1,2.156684160232544
e9_top1_production_gate,cam1,16,1,1,1.124849557876587
e9_top1_production_gate,cam1,17,1,1,7.139300346374512
e9_top1_production_gate,cam1,18,1,1,3.337585687637329
e9_top1_production_gate,cam1,19,1,1,1.5187612771987915
e9_top1_production_gate,cam1,20,1,1,0.8479403853416443
e9_top1_production_gate,cam1,21,1,1,2.7174129486083984
e9_top1_production_gate,cam1,22,1,1,2.648796796798706
e9_top1_production_gate,cam1,23,1,1,2.838590383529663
e9_top1_production_gate,cam1,24,1,1,2.224594831466675
e9_top1_production_gate,cam1,25,1,1,1.0181453227996826
e9_top1_production_gate,cam1,26,1,1,3.2469794750213623
e9_top1_production_gate,cam1,27,1,1,2.740097999572754
e9_top1_production_gate,cam1,28,1,1,3.0890920162200928
e9_top1_production_gate,cam1,29,1,1,1.9808415174484253
e9_top1_production_gate,cam1,30,1,1,2.1328318119049072
e9_top1_production_gate,cam1,31,1,1,3.2267096042633057
e9_top1_production_gate,cam1,32,1,1,4.534670829772949
e9_top1_production_gate,cam1,33,1,1,3.140195608139038
e9_top1_production_gate,cam1,34,1,1,1.3924940824508667
e9_top1_production_gate,cam1,35,1,1,4.728548049926758
e9_top1_production_gate,cam1,36,1,1,3.703953981399536
e9_top1_production_gate,cam1,37,1,1,3.1760413646698
e9_top1_production_gate,cam1,38,1,1,6.460492134094238
e9_top1_production_gate,cam1,39,1,1,6.978487491607666
e9_top1_production_gate,cam1,40,1,1,3.028672933578491
e9_top1_production_gate,cam1,41,1,1,3.014188051223755
e9_top1_production_gate,cam1,42,1,1,1.1045732498168945
e9_top1_production_gate,cam1,43,1,1,2.621826171875
e9_top1_production_gate,cam1,44,1,1,14.969278335571289
e9_top1_production_gate,cam1,45,1,1,4.0884623527526855
e9_top1_production_gate,cam1,46,1,1,7.567948341369629
e9_top1_production_gate,cam1,47,0,1,
e9_top1_production_gate,cam1,48,1,1,9.229074478149414
e9_top1_production_gate,cam1,49,0,1,
e9_top1_production_gate,cam1,50,1,1,76.16337585449219
e9_top1_production_gate,cam1,51,1,1,78.0731430053711
e9_top1_production_gate,cam1,52,1,1,83.80256652832031
e9_top1_production_gate,cam1,53,1,1,83.14173126220703
e9_top1_production_gate,cam1,54,1,1,10.427014350891113
e9_top1_production_gate,cam1,55,1,3,
e9_top1_production_gate,cam1,56,1,1,1.6363446712493896
e9_top1_production_gate,cam1,57,1,1,7.102123260498047
e9_top1_production_gate,cam1,58,1,1,2.521463394165039
e9_top1_production_gate,cam1,59,1,3,
e9_top1_production_gate,cam1,60,1,1,1.668666124343872
e9_top1_production_gate,cam1,61,1,1,6.955223083496094
e9_top1_production_gate,cam1,62,1,1,5.510562419891357
e9_top1_production_gate,cam1,63,1,1,3.4038026332855225
e9_top1_production_gate,cam1,64,1,1,5.630988121032715
e9_top1_production_gate,cam1,65,1,1,9.891923904418945
e9_top1_production_gate,cam1,66,1,1,11.002449035644531
e9_top1_production_gate,cam1,67,1,1,8.398128509521484
e9_top1_production_gate,cam1,68,1,1,4.36911153793335
e9_top1_production_gate,cam1,69,1,1,5.0416975021362305
e9_top1_production_gate,cam1,70,1,1,3.6296916007995605
e9_top1_production_gate,cam1,71,1,1,3.633297920227051
e9_top1_production_gate,cam1,72,1,1,1.958622932434082
e9_top1_production_gate,cam1,73,1,1,5.805949687957764
e9_top1_production_gate,cam1,74,1,1,6.590369701385498
e9_top1_production_gate,cam1,75,1,1,4.7604899406433105
e9_top1_production_gate,cam1,76,1,1,5.083805561065674
e9_top1_production_gate,cam1,77,1,1,5.945088863372803
e9_top1_production_gate,cam1,78,1,1,3.465543270111084
e9_top1_production_gate,cam1,79,1,1,5.202569961547852
e9_top1_production_gate,cam1,80,1,1,6.018425464630127
e9_top1_production_gate,cam1,81,1,1,2.240116596221924
e9_top1_production_gate,cam1,82,1,1,6.347706317901611
e9_top1_production_gate,cam1,83,1,1,6.630753040313721
e9_top1_production_gate,cam1,84,1,1,7.0782599449157715
e9_top1_production_gate,cam1,85,1,1,13.3026762008667
e9_top1_production_gate,cam1,86,1,1,6.469054698944092
e9_top1_production_gate,cam1,87,1,1,3.7908761501312256
e9_top1_production_gate,cam1,88,1,1,4.951513767242432
e9_top1_production_gate,cam1,89,1,1,5.628108501434326
e9_top1_production_gate,cam1,90,1,1,2.964503049850464
e9_top1_production_gate,cam1,91,1,1,2.7390642166137695
e9_top1_production_gate,cam1,92,1,1,1.849732756614685
e9_top1_production_gate,cam1,93,1,1,5.45470666885376
e9_top1_production_gate,cam1,94,1,1,4.106698513031006
e9_top1_production_gate,cam1,95,1,1,4.387712001800537
e9_top1_production_gate,cam1,96,1,1,5.02790641784668
e9_top1_production_gate,cam1,97,1,1,5.613078594207764
e9_top1_production_gate,cam1,98,1,1,8.599517822265625
e9_top1_production_gate,cam1,99,1,1,6.132514953613281
e9_top1_production_gate,cam1,100,1,1,4.933178901672363
e9_top1_production_gate,cam1,101,1,1,1.6560590267181396
e9_top1_production_gate,cam1,102,1,1,1.3006701469421387
e9_top1_production_gate,cam1,103,1,1,2.683365821838379
e9_top1_production_gate,cam1,104,1,1,7.703886032104492
e9_top1_production_gate,cam1,105,1,1,9.714338302612305
e9_top1_production_gate,cam1,106,1,1,7.949032306671143
e9_top1_production_gate,cam1,107,1,1,6.530038833618164
e9_top1_production_gate,cam1,108,1,1,8.692707061767578
e9_top1_production_gate,cam1,109,1,1,4.890923023223877
e9_top1_production_gate,cam1,110,1,1,6.150275707244873
e9_top1_production_gate,cam1,111,1,1,6.967280864715576
e9_top1_production_gate,cam1,112,1,1,7.749422073364258
e9_top1_production_gate,cam1,113,1,1,9.233428001403809
e9_top1_production_gate,cam1,114,1,1,4.131017684936523
e9_top1_production_gate,cam1,115,1,1,8.877077102661133
e9_top1_production_gate,cam1,116,1,1,9.773516654968262
e9_top1_production_gate,cam1,117,1,1,4.926644802093506
e9_top1_production_gate,cam1,118,1,1,4.87749719619751
e9_top1_production_gate,cam1,119,1,1,4.862184047698975
e9_top1_production_gate,cam1,120,1,1,5.071994781494141
e9_top1_production_gate,cam1,121,1,1,0.6217048168182373
e9_top1_production_gate,cam1,122,1,1,3.0629281997680664
e9_top1_production_gate,cam1,123,1,1,0.7917139530181885
e9_top1_production_gate,cam1,124,1,1,5.432439804077148
e9_top1_production_gate,cam1,125,1,1,261.9947509765625
e9_top1_production_gate,cam1,126,1,1,236.64163208007812
e9_top1_production_gate,cam1,127,1,1,219.28895568847656
e9_top1_production_gate,cam1,128,1,1,188.6690216064453
e9_top1_production_gate,cam1,129,1,1,189.0968017578125
e9_top1_production_gate,cam1,130,1,1,161.8975830078125
e9_top1_production_gate,cam1,131,1,1,151.16702270507812
e9_top1_production_gate,cam1,132,1,1,143.95040893554688
e9_top1_production_gate,cam1,133,1,1,150.0946502685547
e9_top1_production_gate,cam1,134,0,1,
e9_top1_production_gate,cam1,135,0,1,
e9_top1_production_gate,cam1,136,0,1,
e9_top1_production_gate,cam1,137,1,1,175.5518035888672
e9_top1_production_gate,cam1,138,1,1,182.12429809570312
e9_top1_production_gate,cam1,139,1,1,195.6110382080078
e9_top1_production_gate,cam1,140,1,1,211.5734100341797
e9_top1_production_gate,cam1,141,1,1,228.3242645263672
e9_top1_production_gate,cam1,142,1,1,246.79769897460938
e9_top1_production_gate,cam1,143,1,1,261.7088317871094
e9_top1_production_gate,cam1,144,1,1,279.3887939453125
e9_top1_production_gate,cam1,145,1,1,304.02978515625
e9_top1_production_gate,cam1,146,0,1,
e9_top1_production_gate,cam1,147,1,1,351.3301696777344
e9_top1_production_gate,cam1,148,0,1,
e9_top1_production_gate,cam1,149,1,1,390.2685852050781
e9_top1_production_gate,cam1,150,1,1,5.569805145263672
e9_top1_production_gate,cam1,151,1,1,3.083001136779785
e9_top1_production_gate,cam1,152,1,1,2.5295119285583496
e9_top1_production_gate,cam1,153,1,1,1.2090176343917847
e9_top1_production_gate,cam1,154,1,1,3.4467241764068604
e9_top1_production_gate,cam1,155,1,1,1.9854403734207153
e9_top1_production_gate,cam1,156,1,1,3.6990787982940674
e9_top1_production_gate,cam1,157,1,1,1.3887677192687988
e9_top1_production_gate,cam1,158,1,1,0.761060893535614
e9_top1_production_gate,cam1,159,1,1,4.5143351554870605
e9_top1_production_gate,cam1,160,1,1,2.3011672496795654
e9_top1_production_gate,cam1,161,1,1,1.9680851697921753
e9_top1_production_gate,cam1,162,1,1,1.4332019090652466
e9_top1_production_gate,cam1,163,1,1,2.593379259109497
e9_top1_production_gate,cam1,164,1,1,3.3687376976013184
e9_top1_production_gate,cam1,165,1,1,3.607844829559326
e9_top1_production_gate,cam1,166,1,1,4.648520469665527
e9_top1_production_gate,cam1,167,1,1,2.93125319480896
e9_top1_production_gate,cam1,168,1,1,3.268984317779541
e9_top1_production_gate,cam1,169,1,1,3.884495735168457
e9_top1_production_gate,cam1,170,1,1,3.980764865875244
e9_top1_production_gate,cam1,171,1,1,3.736643075942993
e9_top1_production_gate,cam1,172,1,1,3.9352896213531494
e9_top1_production_gate,cam1,173,1,1,3.190911293029785
e9_top1_production_gate,cam1,174,1,1,2.5353798866271973
e9_top1_production_gate,cam1,175,1,1,1.8893349170684814
e9_top1_production_gate,cam1,176,1,1,3.230560302734375
e9_top1_production_gate,cam1,177,1,1,3.838080644607544
e9_top1_production_gate,cam1,178,1,1,3.1993050575256348
e9_top1_production_gate,cam1,179,1,1,6.002322196960449
e9_top1_production_gate,cam1,180,1,1,3.0221524238586426
e9_top1_production_gate,cam1,181,1,1,2.4673171043395996
e9_top1_production_gate,cam1,182,1,1,2.9717445373535156
e9_top1_production_gate,cam1,183,1,1,4.109838008880615
e9_top1_production_gate,cam1,184,1,1,0.4890155792236328
e9_top1_production_gate,cam1,185,1,1,4.548827648162842
e9_top1_production_gate,cam1,186,1,1,7.33770751953125
e9_top1_production_gate,cam1,187,1,1,0.9917950630187988
e9_top1_production_gate,cam1,188,1,1,1.3911784887313843
e9_top1_production_gate,cam1,189,1,1,0.6477316617965698
e9_top1_production_gate,cam1,190,1,1,5.122492790222168
e9_top1_production_gate,cam1,191,1,1,4.362717628479004
e9_top1_production_gate,cam1,192,1,1,3.7480478286743164
e9_top1_production_gate,cam1,193,1,1,2.6651198863983154
e9_top1_production_gate,cam1,194,1,1,4.272050857543945
e9_top1_production_gate,cam1,195,1,1,0.6354222297668457
e9_top1_production_gate,cam1,196,1,1,3.433417558670044
e9_top1_production_gate,cam1,197,1,1,4.454960346221924
e9_top1_production_gate,cam1,198,1,1,4.196835041046143
e9_top1_production_gate,cam1,199,1,1,4.448965072631836
e9_top1_production_gate,cam1,200,1,1,4.223094463348389
e9_top1_production_gate,cam1,201,1,1,1.1109209060668945
e9_top1_production_gate,cam1,202,1,1,8.721747398376465
e9_top1_production_gate,cam1,203,1,1,6.8305559158325195
e9_top1_production_gate,cam1,204,1,1,3.650716543197632
e9_top1_production_gate,cam1,205,1,1,4.380593776702881
e9_top1_production_gate,cam1,206,1,1,1.7733336687088013
e9_top1_production_gate,cam1,207,1,1,6.274138450622559
e9_top1_production_gate,cam1,208,1,1,1.948928952217102
e9_top1_production_gate,cam1,209,1,1,1.987800121307373
e9_top1_production_gate,cam1,210,1,1,5.642151832580566
e9_top1_production_gate,cam1,211,1,1,2.040107011795044
e9_top1_production_gate,cam1,212,1,1,5.0502519607543945
e9_top1_production_gate,cam1,213,1,1,2.3800721168518066
e9_top1_production_gate,cam1,214,1,1,1.5095313787460327
e9_top1_production_gate,cam1,215,1,1,3.1744801998138428
e9_top1_production_gate,cam1,216,1,1,6.036633014678955
e9_top1_production_gate,cam1,217,1,1,1.2381926774978638
e9_top1_production_gate,cam1,218,1,1,7.039743900299072
e9_top1_production_gate,cam1,219,1,1,11.9242525100708
e9_top1_production_gate,cam1,220,1,1,7.7663445472717285
e9_top1_production_gate,cam1,221,1,1,17.515886306762695
e9_top1_production_gate,cam1,222,1,1,6.551553249359131
e9_top1_production_gate,cam1,223,1,1,9.82816219329834
e9_top1_production_gate,cam1,224,1,1,7.803573131561279
e9_top1_production_gate,cam1,225,1,1,4.0258684158325195
e9_top1_production_gate,cam1,226,1,1,3.5739047527313232
e9_top1_production_gate,cam1,227,1,1,1.2036794424057007
e9_top1_production_gate,cam1,228,1,1,1.8921492099761963
e9_top1_production_gate,cam1,229,1,1,4.62972354888916
e9_top1_production_gate,cam1,230,1,1,4.989843845367432
e9_top1_production_gate,cam1,231,1,1,1.4876618385314941
e9_top1_production_gate,cam1,232,1,1,1.1840356588363647
e9_top1_production_gate,cam1,233,1,1,2.3179612159729004
e9_top1_production_gate,cam1,234,1,1,3.720175266265869
e9_top1_production_gate,cam1,235,1,1,2.6825032234191895
e9_top1_production_gate,cam1,236,1,1,2.0242831707000732
e9_top1_production_gate,cam1,237,1,1,1.1209461688995361
e9_top1_production_gate,cam1,238,1,1,2.6628847122192383
e9_top1_production_gate,cam1,239,1,1,1.26337468624115
e9_top1_production_gate,cam1,240,1,1,6.391788482666016
e9_top1_production_gate,cam1,241,1,1,5.91810941696167
e9_top1_production_gate,cam1,242,1,1,7.661197662353516
e9_top1_production_gate,cam1,243,1,1,10.525686264038086
e9_top1_production_gate,cam1,244,1,1,12.958404541015625
e9_top1_production_gate,cam1,245,1,1,12.409037590026855
e9_top1_production_gate,cam1,246,1,1,5.251903533935547
e9_top1_production_gate,cam1,247,1,1,6.132336139678955
e9_top1_production_gate,cam1,248,1,1,477.7078857421875
e9_top1_production_gate,cam1,249,1,1,490.83367919921875
e9_top1_production_gate,cam1,250,1,1,502.1512145996094
e9_top1_production_gate,cam1,251,1,1,526.508544921875
e9_top1_production_gate,cam1,252,1,1,552.0404663085938
e9_top1_production_gate,cam1,253,1,1,576.601318359375
e9_top1_production_gate,cam1,254,1,1,607.706787109375
e9_top1_production_gate,cam1,255,1,1,638.9680786132812
e9_top1_production_gate,cam1,256,1,1,670.7711181640625
e9_top1_production_gate,cam1,257,1,1,691.139404296875
e9_top1_production_gate,cam1,258,1,1,5.166989803314209
e9_top1_production_gate,cam1,259,1,1,1.1975038051605225
e9_top1_production_gate,cam1,260,1,1,1.7080188989639282
e9_top1_production_gate,cam1,261,1,1,0.8214403390884399
e9_top1_production_gate,cam1,262,1,1,2.0475728511810303
e9_top1_production_gate,cam1,263,1,1,2.4719719886779785
e9_top1_production_gate,cam1,264,1,1,3.776756525039673
e9_top1_production_gate,cam1,265,1,1,2.5126938819885254
e9_top1_production_gate,cam1,266,1,1,7.479158878326416
e9_top1_production_gate,cam1,267,1,1,3.4538228511810303
e9_top1_production_gate,cam1,268,1,1,3.179546356201172
e9_top1_production_gate,cam1,269,1,1,0.8483433723449707
e9_top1_production_gate,cam1,270,1,1,1.4623974561691284
e9_top1_production_gate,cam1,271,1,1,4.3527140617370605
e9_top1_production_gate,cam1,272,1,1,2.00183367729187
e9_top1_production_gate,cam1,273,1,1,5.9624924659729
e9_top1_production_gate,cam1,274,1,1,6.762746810913086
e9_top1_production_gate,cam1,275,1,1,4.512295722961426
e9_top1_production_gate,cam1,276,1,1,3.8135087490081787
e9_top1_production_gate,cam1,277,1,1,5.018393516540527
e9_top1_production_gate,cam1,278,1,3,
e9_top1_production_gate,cam1,279,1,1,3.9142754077911377
e9_top1_production_gate,cam1,280,1,1,4.043379306793213
e9_top1_production_gate,cam1,281,1,0,
e9_top1_production_gate,cam1,282,1,1,4.2269158363342285
e9_top1_production_gate,cam1,283,1,1,4.786633491516113
e9_top1_production_gate,cam1,284,1,1,2.8765296936035156
e9_top1_production_gate,cam1,285,1,1,3.541700839996338
e9_top1_production_gate,cam1,286,1,1,2.886706590652466
e9_top1_production_gate,cam1,287,1,1,2.024118185043335
e9_top1_production_gate,cam1,288,1,1,1.3953688144683838
e9_top1_production_gate,cam1,289,1,1,4.153852462768555
e9_top1_production_gate,cam1,290,1,1,3.1934313774108887
e9_top1_production_gate,cam1,291,1,1,0.5652817487716675
e9_top1_production_gate,cam1,292,1,1,4.105302810668945
e9_top1_production_gate,cam1,293,1,1,2.977038621902466
e9_top1_production_gate,cam1,294,1,1,2.2612791061401367
e9_top1_production_gate,cam1,295,1,1,0.4410512447357178
e9_top1_production_gate,cam1,296,1,1,4.097091197967529
e9_top1_production_gate,cam1,297,1,1,3.5975770950317383
e9_top1_production_gate,cam1,298,1,1,5.844511032104492
e9_top1_production_gate,cam1,299,1,1,5.618576526641846
e9_top1_production_gate,cam1,300,1,1,7.212533473968506
e9_top1_production_gate,cam1,301,1,1,13.03274917602539
e9_top1_production_gate,cam1,302,1,1,13.57681655883789
e9_top1_production_gate,cam1,303,1,1,14.470742225646973
e9_top1_production_gate,cam1,304,1,1,12.829964637756348
e9_top1_production_gate,cam1,305,1,1,12.43909740447998
e9_top1_production_gate,cam1,306,1,1,5.0742692947387695
e9_top1_production_gate,cam1,307,1,1,3.9801063537597656
e9_top1_production_gate,cam1,308,1,1,6.616166114807129
e9_top1_production_gate,cam1,309,1,1,5.580746173858643
e9_top1_production_gate,cam1,310,1,1,2.592479705810547
e9_top1_production_gate,cam1,311,1,1,1.026766300201416
e9_top1_production_gate,cam1,312,1,1,3.981363296508789
e9_top1_production_gate,cam1,313,1,1,6.275961875915527
e9_top1_production_gate,cam1,314,1,1,5.754680156707764
e9_top1_production_gate,cam1,315,1,1,2.1730430126190186
e9_top1_production_gate,cam1,316,1,1,1.7992994785308838
e9_top1_production_gate,cam1,317,1,1,7.25607967376709
e9_top1_production_gate,cam1,318,1,1,5.920802593231201
e9_top1_production_gate,cam1,319,1,1,4.715594291687012
e9_top1_production_gate,cam1,320,1,1,1.9650739431381226
e9_top1_production_gate,cam1,321,1,1,3.4935615062713623
e9_top1_production_gate,cam1,322,1,1,3.258216142654419
e9_top1_production_gate,cam1,323,1,1,2.1237223148345947
e9_top1_production_gate,cam1,324,1,1,0.9817149639129639
e9_top1_production_gate,cam1,325,1,1,3.1913280487060547
e9_top1_production_gate,cam1,326,1,1,0.9727907776832581
e9_top1_production_gate,cam1,327,1,1,6.164547920227051
e9_top1_production_gate,cam1,328,1,1,5.429491996765137
e9_top1_production_gate,cam1,329,1,1,2.7904441356658936
e9_top1_production_gate,cam1,330,1,1,2.803605556488037
e9_top1_production_gate,cam1,331,1,1,5.1577839851379395
e9_top1_production_gate,cam1,332,1,1,4.734948635101318
e9_top1_production_gate,cam1,333,1,1,7.923163414001465
e9_top1_production_gate,cam1,334,1,1,6.85780143737793
e9_top1_production_gate,cam1,335,1,1,7.1487860679626465
e9_top1_production_gate,cam1,336,1,1,7.670756816864014
e9_top1_production_gate,cam1,337,1,1,5.242232322692871
e9_top1_production_gate,cam1,338,1,1,9.996570587158203
e9_top1_production_gate,cam1,339,1,1,8.674958229064941
e9_top1_production_gate,cam1,340,1,1,9.639389038085938
e9_top1_production_gate,cam1,341,1,1,9.556861877441406
e9_top1_production_gate,cam1,342,1,1,5.860724925994873
e9_top1_production_gate,cam1,343,1,1,7.851833820343018
e9_top1_production_gate,cam1,344,1,1,7.43317174911499
e9_top1_production_gate,cam1,345,1,1,2.0648396015167236
e9_top1_production_gate,cam1,346,1,1,2.393673896789551
e9_top1_production_gate,cam1,347,1,1,4.350164413452148
e9_top1_production_gate,cam1,348,1,1,7.190170764923096
e9_top1_production_gate,cam1,349,1,1,4.184768199920654
e9_top1_production_gate,cam1,350,1,1,2.2025082111358643
e9_top1_production_gate,cam1,351,1,1,3.8426365852355957
e9_top1_production_gate,cam1,352,1,1,5.412352561950684
e9_top1_production_gate,cam1,353,1,1,2.2819254398345947
e9_top1_production_gate,cam1,354,1,1,0.6696412563323975
e9_top1_production_gate,cam1,355,1,1,2.2939975261688232
e9_top1_production_gate,cam1,356,1,1,2.752943754196167
e9_top1_production_gate,cam1,357,1,1,1.7523623704910278
e9_top1_production_gate,cam1,358,1,1,6.547311782836914
e9_top1_production_gate,cam1,359,1,1,2.2153048515319824
e9_top1_production_gate,cam1,360,1,1,0.4801565110683441
e9_top1_production_gate,cam1,361,1,1,5.392314910888672
e9_top1_production_gate,cam1,362,1,1,3.3247408866882324
e9_top1_production_gate,cam1,363,1,1,2.2725231647491455
e9_top1_production_gate,cam1,364,1,1,4.269740104675293
e9_top1_production_gate,cam1,365,1,1,5.996148586273193
e9_top1_production_gate,cam1,366,1,1,4.288830280303955
e9_top1_production_gate,cam1,367,1,1,1.4538015127182007
e9_top1_production_gate,cam1,368,1,1,2.861086368560791
e9_top1_production_gate,cam1,369,1,1,2.113527536392212
e9_top1_production_gate,cam1,370,1,1,6.034336566925049
e9_top1_production_gate,cam1,371,1,1,2.160691976547241
e9_top1_production_gate,cam1,372,1,1,1.53087317943573
e9_top1_production_gate,cam1,373,1,1,2.1696393489837646
e9_top1_production_gate,cam1,374,1,1,3.370950937271118
e9_top1_production_gate,cam1,375,1,1,1.9872722625732422
e9_top1_production_gate,cam1,376,1,1,3.391294002532959
e9_top1_production_gate,cam1,377,1,1,2.3311994075775146
e9_top1_production_gate,cam1,378,1,1,3.6999406814575195
e9_top1_production_gate,cam1,379,1,1,5.056308269500732
e9_top1_production_gate,cam1,380,1,1,3.6612188816070557
e9_top1_production_gate,cam1,381,1,1,1.8253709077835083
e9_top1_production_gate,cam1,382,1,1,3.374748468399048
e9_top1_production_gate,cam1,383,1,1,4.371494293212891
e9_top1_production_gate,cam1,384,1,1,2.5058374404907227
e9_top1_production_gate,cam1,385,1,1,0.15325430035591125
e9_top1_production_gate,cam1,386,1,1,5.765880584716797
e9_top1_production_gate,cam1,387,1,1,2.6144967079162598
e9_top1_production_gate,cam1,388,1,1,3.6518168449401855
e9_top1_production_gate,cam1,389,1,1,3.880174398422241
e9_top1_production_gate,cam1,390,1,1,2.8671302795410156
e9_top1_production_gate,cam1,391,1,1,1.2233853340148926
e9_top1_production_gate,cam1,392,1,1,2.6689250469207764
e9_top1_production_gate,cam1,393,1,1,2.5129079818725586
e9_top1_production_gate,cam1,394,1,1,5.021250247955322
e9_top1_production_gate,cam1,395,1,1,7.768899917602539
e9_top1_production_gate,cam1,396,1,1,2.822890520095825
e9_top1_production_gate,cam1,397,1,1,6.564551830291748
e9_top1_production_gate,cam1,398,1,1,6.118338584899902
e9_top1_production_gate,cam1,399,1,1,4.9761128425598145
e9_top1_production_gate,cam1,400,1,1,9.144636154174805
e9_top1_production_gate,cam1,401,1,1,0.1300109177827835
e9_top1_production_gate,cam1,402,1,1,3.8986012935638428
e9_top1_production_gate,cam1,403,1,1,4.894236087799072
e9_top1_production_gate,cam1,404,1,1,4.611414909362793
e9_top1_production_gate,cam1,405,1,1,6.838681697845459
e9_top1_production_gate,cam1,406,1,1,3.346011161804199
e9_top1_production_gate,cam1,407,1,1,3.7236850261688232
e9_top1_production_gate,cam1,408,1,1,1.8567438125610352
e9_top1_production_gate,cam1,409,1,1,2.324345827102661
e9_top1_production_gate,cam1,410,1,1,1.3335970640182495
e9_top1_production_gate,cam1,411,1,1,2.9927093982696533
e9_top1_production_gate,cam1,412,1,1,0.7181142568588257
e9_top1_production_gate,cam1,413,1,1,4.714659690856934
e9_top1_production_gate,cam1,414,1,1,1.4889411926269531
e9_top1_production_gate,cam1,415,1,1,3.044114589691162
e9_top1_production_gate,cam1,416,1,1,1.3795619010925293
e9_top1_production_gate,cam1,417,1,1,4.411384582519531
e9_top1_production_gate,cam1,418,1,1,2.2263450622558594
e9_top1_production_gate,cam1,419,1,1,2.903137445449829
e9_top1_production_gate,cam1,420,1,1,7.065185546875
e9_top1_production_gate,cam1,421,1,1,3.4736990928649902
e9_top1_production_gate,cam1,422,1,1,3.1659696102142334
e9_top1_production_gate,cam1,423,1,1,0.86436927318573
e9_top1_production_gate,cam1,424,1,1,7.983898162841797
e9_top1_production_gate,cam1,425,1,1,3.381243944168091
e9_top1_production_gate,cam1,426,1,1,1.8523997068405151
e9_top1_production_gate,cam1,427,1,1,7.8950700759887695
e9_top1_production_gate,cam1,428,1,1,3.1924827098846436
e9_top1_production_gate,cam1,429,1,1,11.41151237487793
e9_top1_production_gate,cam1,430,1,1,6.9726481437683105
e9_top1_production_gate,cam1,431,1,1,10.619084358215332
e9_top1_production_gate,cam1,432,1,1,7.806251525878906
e9_top1_production_gate,cam1,433,1,1,16.695419311523438
e9_top1_production_gate,cam1,434,1,1,15.863643646240234
e9_top1_production_gate,cam1,435,1,1,15.04101276397705
e9_top1_production_gate,cam1,436,1,1,8.676105499267578
e9_top1_production_gate,cam1,437,1,1,8.166110038757324
e9_top1_production_gate,cam1,438,1,1,0.17312049865722656
e9_top1_production_gate,cam1,439,1,1,5.573501110076904
e9_top1_production_gate,cam1,440,1,1,4.130943298339844
e9_top1_production_gate,cam1,441,1,1,2.828803777694702
e9_top1_production_gate,cam1,442,1,1,3.500234842300415
e9_top1_production_gate,cam1,443,1,1,2.4178853034973145
e9_top1_production_gate,cam1,444,1,1,4.249548435211182
e9_top1_production_gate,cam1,445,1,1,2.586615800857544
e9_top1_production_gate,cam1,446,1,1,1.9381657838821411
e9_top1_production_gate,cam1,447,1,1,2.960538864135742
e9_top1_production_gate,cam1,448,1,1,3.310296058654785
e9_top1_production_gate,cam1,449,1,1,1.1829322576522827
e9_top1_production_gate,cam1,450,1,1,1.4824663400650024
e9_top1_production_gate,cam1,451,1,1,1.0797827243804932
e9_top1_production_gate,cam1,452,1,1,0.8249012231826782
e9_top1_production_gate,cam1,453,1,1,0.1522032767534256
e9_top1_production_gate,cam1,454,1,1,3.3709263801574707
e9_top1_production_gate,cam1,455,1,1,3.428144931793213
e9_top1_production_gate,cam1,456,1,1,2.581815481185913
e9_top1_production_gate,cam1,457,1,1,2.5539278984069824
e9_top1_production_gate,cam1,458,1,1,1.7935998439788818
e9_top1_production_gate,cam1,459,1,1,3.4719290733337402
e9_top1_production_gate,cam1,460,1,1,2.8145856857299805
e9_top1_production_gate,cam1,461,1,1,2.9623327255249023
e9_top1_production_gate,cam1,462,1,1,4.481396675109863
e9_top1_production_gate,cam1,463,1,1,4.478794574737549
e9_top1_production_gate,cam1,464,1,1,3.964709520339966
e9_top1_production_gate,cam1,465,1,1,4.500245094299316
e9_top1_production_gate,cam1,466,1,1,3.3426895141601562
e9_top1_production_gate,cam1,467,1,1,4.750980854034424
e9_top1_production_gate,cam1,468,1,1,3.7094810009002686
e9_top1_production_gate,cam1,469,1,1,1.8941384553909302
e9_top1_production_gate,cam1,470,1,1,0.5510556697845459
e9_top1_production_gate,cam1,471,1,1,5.080425262451172
e9_top1_production_gate,cam1,472,1,1,1.434648871421814
e9_top1_production_gate,cam1,473,1,1,2.869136333465576
e9_top1_production_gate,cam1,474,1,1,2.5890324115753174
e9_top1_production_gate,cam1,475,1,1,3.0074470043182373
e9_top1_production_gate,cam1,476,1,1,6.187681674957275
e9_top1_production_gate,cam1,477,1,1,5.238236904144287
e9_top1_production_gate,cam1,478,1,1,1.1291379928588867
e9_top1_production_gate,cam1,479,1,1,4.167957782745361
e9_top1_production_gate,cam1,480,1,1,2.002575635910034
e9_top1_production_gate,cam1,481,1,1,3.845374345779419
e9_top1_production_gate,cam1,482,1,1,5.271726131439209
e9_top1_production_gate,cam1,483,1,1,8.696505546569824
e9_top1_production_gate,cam1,484,1,1,6.928940773010254
e9_top1_production_gate,cam1,485,1,1,2.2666549682617188
e9_top1_production_gate,cam1,486,1,1,3.7482190132141113
e9_top1_production_gate,cam1,487,1,1,7.644074440002441
e9_top1_production_gate,cam1,488,1,1,0.8373382091522217
e9_top1_production_gate,cam1,489,1,1,4.370066165924072
e9_top1_production_gate,cam1,490,1,1,697.3323974609375
e9_top1_production_gate,cam1,491,1,1,694.4500732421875
e9_top1_production_gate,cam1,492,1,1,691.7788696289062
e9_top1_production_gate,cam1,493,1,1,684.5984497070312
e9_top1_production_gate,cam1,494,0,1,
e9_top1_production_gate,cam1,495,0,1,
e9_top1_production_gate,cam1,496,0,1,
e9_top1_production_gate,cam1,497,0,1,
e9_top1_production_gate,cam1,498,1,1,14.31771469116211
e9_top1_production_gate,cam1,499,1,1,14.210335731506348
e9_top1_production_gate,cam1,500,1,1,11.10173225402832
e9_top1_production_gate,cam1,501,1,1,6.433167457580566
e9_top1_production_gate,cam1,502,1,1,4.451138019561768
e9_top1_production_gate,cam1,503,1,1,4.6364874839782715
e9_top1_production_gate,cam1,504,1,1,4.367467880249023
e9_top1_production_gate,cam1,505,1,1,5.8533172607421875
e9_top1_production_gate,cam1,506,1,1,7.573071002960205
e9_top1_production_gate,cam1,507,1,1,5.366535663604736
e9_top1_production_gate,cam1,508,1,1,2.9655492305755615
e9_top1_production_gate,cam1,509,1,1,3.7916886806488037
e9_top1_production_gate,cam1,510,1,1,5.408499240875244
e9_top1_production_gate,cam1,511,1,1,5.889770030975342
e9_top1_production_gate,cam1,512,1,1,7.768703460693359
e9_top1_production_gate,cam1,513,1,1,5.555358409881592
e9_top1_production_gate,cam1,514,1,1,4.383291721343994
e9_top1_production_gate,cam1,515,1,1,5.860752105712891
e9_top1_production_gate,cam1,516,1,1,9.964348793029785
e9_top1_production_gate,cam1,517,1,1,12.287994384765625
e9_top1_production_gate,cam1,518,1,1,13.306401252746582
e9_top1_production_gate,cam1,519,1,1,13.832947731018066
e9_top1_production_gate,cam1,520,1,1,8.624238014221191
e9_top1_production_gate,cam1,521,1,1,9.502772331237793
e9_top1_production_gate,cam1,522,1,1,8.323578834533691
e9_top1_production_gate,cam1,523,1,1,3.9411702156066895
e9_top1_production_gate,cam1,524,1,1,3.467639446258545
e9_top1_production_gate,cam1,525,1,1,5.393845558166504
e9_top1_production_gate,cam1,526,1,1,3.140376091003418
e9_top1_production_gate,cam1,527,1,1,1.2586236000061035
e9_top1_production_gate,cam1,528,1,1,4.6688971519470215
e9_top1_production_gate,cam1,529,1,1,5.692919731140137
e9_top1_production_gate,cam1,530,1,1,1.0681827068328857
e9_top1_production_gate,cam1,531,1,1,4.749909400939941
e9_top1_production_gate,cam1,532,1,1,0.9741969704627991
e9_top1_production_gate,cam1,533,1,1,1.225454568862915
e9_top1_production_gate,cam1,534,0,1,
e9_top1_production_gate,cam1,535,1,2,
e9_top1_production_gate,cam1,536,1,1,515.1693115234375
e9_top1_production_gate,cam1,537,1,1,447.0450439453125
e9_top1_production_gate,cam1,538,1,1,375.58544921875
e9_top1_production_gate,cam1,539,1,1,327.4819030761719
e9_top1_production_gate,cam1,540,1,1,303.0098571777344
e9_top1_production_gate,cam1,541,1,1,311.8305358886719
e9_top1_production_gate,cam1,542,1,1,3.507251262664795
e9_top1_production_gate,cam1,543,1,1,3.0155797004699707
e9_top1_production_gate,cam1,544,1,1,7.009017467498779
e9_top1_production_gate,cam1,545,1,1,8.491033554077148
e9_top1_production_gate,cam1,546,1,1,7.585384845733643
e9_top1_production_gate,cam1,547,1,1,6.590512752532959
e9_top1_production_gate,cam1,548,1,1,5.826463222503662
e9_top1_production_gate,cam1,549,1,1,8.693025588989258
e9_top1_production_gate,cam1,550,1,1,9.042998313903809
e9_top1_production_gate,cam1,551,1,1,9.19683837890625
e9_top1_production_gate,cam1,552,1,1,4.686354160308838
e9_top1_production_gate,cam1,553,1,1,8.310493469238281
e9_top1_production_gate,cam1,554,1,1,5.804879188537598
e9_top1_production_gate,cam1,555,1,1,6.657869815826416
e9_top1_production_gate,cam1,556,1,1,5.673437118530273
e9_top1_production_gate,cam1,557,1,1,5.735022068023682
e9_top1_production_gate,cam1,558,1,1,4.334264755249023
e9_top1_production_gate,cam1,559,1,1,5.028195381164551
e9_top1_production_gate,cam1,560,1,1,2.1664838790893555
e9_top1_production_gate,cam1,561,1,1,0.9158374667167664
e9_top1_production_gate,cam1,562,1,1,2.3502957820892334
e9_top1_production_gate,cam1,563,1,1,5.85734748840332
e9_top1_production_gate,cam1,564,1,1,1.7536134719848633
e9_top1_production_gate,cam1,565,1,1,3.228034019470215
e9_top1_production_gate,cam1,566,1,1,2.206728458404541
e9_top1_production_gate,cam1,567,1,1,1.0781902074813843
e9_top1_production_gate,cam1,568,1,1,4.8243865966796875
e9_top1_production_gate,cam1,569,1,1,4.919273853302002
e9_top1_production_gate,cam1,570,1,1,3.1053574085235596
e9_top1_production_gate,cam1,571,1,1,2.8774681091308594
e9_top1_production_gate,cam1,572,1,1,5.093993186950684
e9_top1_production_gate,cam1,573,1,1,4.675048351287842
e9_top1_production_gate,cam1,574,1,1,0.6373311281204224
e9_top1_production_gate,cam1,575,1,1,9.971487998962402
e9_top1_production_gate,cam1,576,1,1,4.303597450256348
e9_top1_production_gate,cam1,577,1,1,2.152893304824829
e9_top1_production_gate,cam1,578,1,1,4.099980354309082
e9_top1_production_gate,cam1,579,1,1,1.8257250785827637
e9_top1_production_gate,cam1,580,1,1,7.251479148864746
e9_top1_production_gate,cam1,581,1,1,0.9587226510047913
e9_top1_production_gate,cam1,582,1,1,7.428780555725098
e9_top1_production_gate,cam1,583,1,1,1.5920157432556152
e9_top1_production_gate,cam1,584,1,1,5.3853254318237305
e9_top1_production_gate,cam1,585,1,1,5.486949920654297
e9_top1_production_gate,cam1,586,1,1,0.7133975028991699
e9_top1_production_gate,cam1,587,1,1,5.859433174133301
e9_top1_production_gate,cam1,588,1,1,4.839626312255859
e9_top1_production_gate,cam1,589,1,1,2.200086832046509
e9_top1_production_gate,cam1,590,1,1,1.0975590944290161
e9_top1_production_gate,cam1,591,1,1,3.9863767623901367
e9_top1_production_gate,cam1,592,1,1,2.31512451171875
e9_top1_production_gate,cam1,593,1,1,7.311728477478027
e9_top1_production_gate,cam1,594,1,1,5.406376838684082
e9_top1_production_gate,cam1,595,1,1,3.4587316513061523
e9_top1_production_gate,cam1,596,1,1,2.213240623474121
e9_top1_production_gate,cam1,597,1,1,2.106001138687134
e9_top1_production_gate,cam1,598,1,1,0.8780670762062073
e9_top1_production_gate,cam1,599,1,1,9.548918724060059
e9_top1_production_gate,cam1,600,1,1,4.423466682434082
e9_top1_production_gate,cam1,601,1,1,2.589691400527954
e9_top1_production_gate,cam1,602,1,1,9.722328186035156
e9_top1_production_gate,cam1,603,1,1,7.748479843139648
e9_top1_production_gate,cam1,604,1,1,2.996246576309204
e9_top1_production_gate,cam1,605,1,1,4.665794849395752
e9_top1_production_gate,cam1,606,1,1,3.6770694255828857
e9_top1_production_gate,cam1,607,1,1,8.991802215576172
e9_top1_production_gate,cam1,608,1,1,4.320865154266357
e9_top1_production_gate,cam1,609,1,1,0.7033712267875671
e9_top1_production_gate,cam1,610,1,1,5.73856258392334
e9_top1_production_gate,cam1,611,1,1,3.779923677444458
e9_top1_production_gate,cam1,612,1,1,9.660674095153809
e9_top1_production_gate,cam1,613,1,1,16.34101104736328
e9_top1_production_gate,cam1,614,0,1,
e9_top1_production_gate,cam1,615,0,1,
e9_top1_production_gate,cam1,616,0,1,
e9_top1_production_gate,cam1,617,0,3,
e9_top1_production_gate,cam1,618,1,3,
e9_top1_production_gate,cam1,619,1,1,170.1806640625
e9_top1_production_gate,cam1,620,1,1,139.71844482421875
e9_top1_production_gate,cam1,621,1,1,100.50753784179688
e9_top1_production_gate,cam1,622,0,1,
e9_top1_production_gate,cam1,623,0,1,
e9_top1_production_gate,cam1,624,1,1,28.44086456298828
e9_top1_production_gate,cam1,625,0,1,
e9_top1_production_gate,cam1,626,1,1,14.375839233398438
e9_top1_production_gate,cam1,627,1,1,3.14434552192688
e9_top1_production_gate,cam1,628,1,1,7.559235095977783
e9_top1_production_gate,cam1,629,1,1,9.388684272766113
e9_top1_production_gate,cam1,630,1,1,5.019685745239258
e9_top1_production_gate,cam1,631,1,1,3.4001474380493164
e9_top1_production_gate,cam1,632,1,1,2.5832293033599854
e9_top1_production_gate,cam1,633,1,1,5.938271999359131
e9_top1_production_gate,cam1,634,1,1,4.234260082244873
e9_top1_production_gate,cam1,635,1,1,2.8869028091430664
e9_top1_production_gate,cam1,636,1,1,5.01737642288208
e9_top1_production_gate,cam1,637,1,1,2.9784023761749268
e9_top1_production_gate,cam1,638,1,1,3.095547914505005
e9_top1_production_gate,cam1,639,1,1,0.7142075300216675
e9_top1_production_gate,cam1,640,1,1,8.075483322143555
e9_top1_production_gate,cam1,641,1,1,7.089169979095459
e9_top1_production_gate,cam1,642,1,1,2.109246253967285
e9_top1_production_gate,cam1,643,1,1,5.6471781730651855
e9_top1_production_gate,cam1,644,1,1,5.898015022277832
e9_top1_production_gate,cam1,645,1,1,3.052722454071045
e9_top1_production_gate,cam1,646,1,1,1.8880809545516968
e9_top1_production_gate,cam1,647,1,1,1.6793619394302368
e9_top1_production_gate,cam1,648,1,1,4.347849369049072
e9_top1_production_gate,cam1,649,1,1,1.2103701829910278
e9_top1_production_gate,cam1,650,1,1,3.587895631790161
e9_top1_production_gate,cam1,651,1,1,4.369161128997803
e9_top1_production_gate,cam1,652,1,1,0.5176085233688354
e9_top1_production_gate,cam1,653,1,1,2.525148630142212
e9_top1_production_gate,cam1,654,1,1,2.2826521396636963
e9_top1_production_gate,cam1,655,1,1,2.694779396057129
e9_top1_production_gate,cam1,656,1,1,3.2070581912994385
e9_top1_production_gate,cam1,657,1,1,1.130822777748108
e9_top1_production_gate,cam1,658,1,1,3.341156244277954
e9_top1_production_gate,cam1,659,1,1,4.6701340675354
e9_top1_production_gate,cam1,660,1,1,3.5760159492492676
e9_top1_production_gate,cam1,661,1,1,5.190616130828857
e9_top1_production_gate,cam1,662,1,1,3.3522391319274902
e9_top1_production_gate,cam1,663,1,1,3.436067581176758
e9_top1_production_gate,cam1,664,1,1,5.000145435333252
e9_top1_production_gate,cam1,665,1,1,4.570816516876221
e9_top1_production_gate,cam1,666,1,1,2.595597505569458
e9_top1_production_gate,cam1,667,1,1,2.761725902557373
e9_top1_production_gate,cam1,668,1,1,3.7850747108459473
e9_top1_production_gate,cam1,669,1,1,1.995681643486023
e9_top1_production_gate,cam1,670,1,1,6.146454334259033
e9_top1_production_gate,cam1,671,1,1,7.968997478485107
e9_top1_production_gate,cam1,672,1,1,3.2966480255126953
e9_top1_production_gate,cam1,673,1,1,0.6999634504318237
e9_top1_production_gate,cam1,674,1,1,3.7020785808563232
e9_top1_production_gate,cam1,675,1,1,4.273756504058838
e9_top1_production_gate,cam1,676,1,1,7.101070880889893
e9_top1_production_gate,cam1,677,1,1,3.7347769737243652
e9_top1_production_gate,cam1,678,1,1,4.340968608856201
e9_top1_production_gate,cam1,679,1,1,2.4590001106262207
e9_top1_production_gate,cam1,680,1,1,4.838212013244629
e9_top1_production_gate,cam1,681,1,1,2.475497245788574
e9_top1_production_gate,cam1,682,1,1,3.2871804237365723
e9_top1_production_gate,cam1,683,1,1,3.0607736110687256
e9_top1_production_gate,cam1,684,1,1,4.318017482757568
e9_top1_production_gate,cam1,685,1,1,8.07485580444336
e9_top1_production_gate,cam1,686,1,1,6.0576300621032715
e9_top1_production_gate,cam1,687,1,1,1.9027920961380005
e9_top1_production_gate,cam1,688,1,1,5.367801666259766
e9_top1_production_gate,cam1,689,1,1,8.648038864135742
e9_top1_production_gate,cam1,690,1,1,4.3806939125061035
e9_top1_production_gate,cam1,691,1,1,1.2445704936981201
e9_top1_production_gate,cam1,692,1,1,3.686586856842041
e9_top1_production_gate,cam1,693,1,1,3.2985219955444336
e9_top1_production_gate,cam1,694,1,1,2.6738994121551514
e9_top1_production_gate,cam1,695,1,1,6.954261302947998
e9_top1_production_gate,cam1,696,1,1,9.837225914001465
e9_top1_production_gate,cam1,697,1,1,4.000612735748291
e9_top1_production_gate,cam1,698,1,1,2.010749578475952
e9_top1_production_gate,cam1,699,1,1,0.9261485934257507
e9_top1_production_gate,cam1,700,1,1,1.6136119365692139
e9_top1_production_gate,cam1,701,1,1,1.1954929828643799
e9_top1_production_gate,cam1,702,1,1,5.182555675506592
e9_top1_production_gate,cam1,703,1,1,6.9687347412109375
e9_top1_production_gate,cam1,704,1,1,4.067862510681152
e9_top1_production_gate,cam1,705,1,1,2.902712821960449
e9_top1_production_gate,cam1,706,1,1,1.427924633026123
e9_top1_production_gate,cam1,707,1,1,0.6606214046478271
e9_top1_production_gate,cam1,708,1,1,3.9068827629089355
e9_top1_production_gate,cam1,709,1,1,2.8570964336395264
e9_top1_production_gate,cam1,710,1,1,3.3171937465667725
e9_top1_production_gate,cam1,711,1,1,4.5033721923828125
e9_top1_production_gate,cam1,712,1,1,3.8173818588256836
e9_top1_production_gate,cam1,713,1,1,1.2807843685150146
e9_top1_production_gate,cam1,714,1,1,3.9474332332611084
e9_top1_production_gate,cam1,715,1,1,5.755398273468018
e9_top1_production_gate,cam1,716,1,1,1.1722625494003296
e9_top1_production_gate,cam1,717,1,1,3.1485917568206787
e9_top1_production_gate,cam1,718,1,1,3.6000778675079346
e9_top1_production_gate,cam1,719,1,0,
e9_top1_production_gate,cam1,720,1,1,8.140523910522461
e9_top1_production_gate,cam1,721,1,1,4.2363128662109375
e9_top1_production_gate,cam1,722,1,1,1.1494238376617432
e9_top1_production_gate,cam1,723,1,1,3.571805000305176
e9_top1_production_gate,cam1,724,1,1,4.31973934173584
e9_top1_production_gate,cam1,725,1,1,3.537564754486084
e9_top1_production_gate,cam1,726,1,1,1.2251417636871338
e9_top1_production_gate,cam1,727,1,1,2.924867630004883
e9_top1_production_gate,cam1,728,1,1,2.9841256141662598
e9_top1_production_gate,cam1,729,1,1,3.3592944145202637
e9_top1_production_gate,cam1,730,1,1,3.3917930126190186
e9_top1_production_gate,cam1,731,1,1,1.3073301315307617
e9_top1_production_gate,cam1,732,1,1,3.9645779132843018
e9_top1_production_gate,cam1,733,1,1,5.669620513916016
e9_top1_production_gate,cam1,734,1,1,4.813507080078125
e9_top1_production_gate,cam1,735,1,1,2.6104142665863037
e9_top1_production_gate,cam1,736,1,1,3.8652472496032715
e9_top1_production_gate,cam1,737,1,1,5.63932991027832
e9_top1_production_gate,cam1,738,1,1,7.431843280792236
e9_top1_production_gate,cam1,739,1,1,1.421184778213501
e9_top1_production_gate,cam1,740,1,1,6.718125343322754
e9_top1_production_gate,cam1,741,1,1,10.780936241149902
e9_top1_production_gate,cam1,742,1,1,8.16732406616211
e9_top1_production_gate,cam1,743,1,1,7.099835395812988
e9_top1_production_gate,cam1,744,1,1,5.847731590270996
e9_top1_production_gate,cam1,745,1,1,4.1861772537231445
e9_top1_production_gate,cam1,746,1,1,4.16476583480835
e9_top1_production_gate,cam1,747,1,1,1.6337507963180542
e9_top1_production_gate,cam1,748,1,1,0.5719040036201477
e9_top1_production_gate,cam1,749,1,1,1.3215746879577637
e9_top1_production_gate,cam1,750,1,2,
e9_top1_production_gate,cam1,751,1,1,5.400885105133057
e9_top1_production_gate,cam1,752,1,1,7.263544082641602
e9_top1_production_gate,cam1,753,1,1,8.93957233428955
e9_top1_production_gate,cam1,754,1,1,6.217245578765869
e9_top1_production_gate,cam1,755,1,1,7.159180641174316
e9_top1_production_gate,cam1,756,1,0,
e9_top1_production_gate,cam1,757,1,0,
e9_top1_production_gate,cam1,758,1,0,
e9_top1_production_gate,cam1,759,1,0,
e9_top1_production_gate,cam1,760,1,0,
e9_top1_production_gate,cam1,761,1,0,
e9_top1_production_gate,cam1,762,1,0,
e9_top1_production_gate,cam1,763,1,0,
e9_top1_production_gate,cam1,764,1,0,
e9_top1_production_gate,cam1,765,1,0,
e9_top1_production_gate,cam1,766,1,0,
e9_top1_production_gate,cam1,767,1,1,5.9872727394104
e9_top1_production_gate,cam1,768,1,1,5.119497776031494
e9_top1_production_gate,cam1,769,1,1,8.828874588012695
e9_top1_production_gate,cam1,770,1,1,2.3072166442871094
e9_top1_production_gate,cam1,771,1,1,2.972914457321167
e9_top1_production_gate,cam1,772,1,1,3.8554792404174805
e9_top1_production_gate,cam1,773,1,1,8.183934211730957
e9_top1_production_gate,cam1,774,1,1,4.344918727874756
e9_top1_production_gate,cam1,775,1,1,1.9494810104370117
e9_top1_production_gate,cam1,776,1,1,2.6429948806762695
e9_top1_production_gate,cam1,777,1,1,3.755720615386963
e9_top1_production_gate,cam1,778,1,1,1.5720436573028564
e9_top1_production_gate,cam1,779,1,1,4.144339084625244
e9_top1_production_gate,cam1,780,1,1,5.4957733154296875
e9_top1_production_gate,cam1,781,1,1,10.191303253173828
e9_top1_production_gate,cam1,782,1,1,12.128189086914062
e9_top1_production_gate,cam1,783,1,1,8.556317329406738
e9_top1_production_gate,cam1,784,1,1,10.99440860748291
e9_top1_production_gate,cam1,785,1,1,6.890600681304932
e9_top1_production_gate,cam1,786,1,1,4.241217613220215
e9_top1_production_gate,cam1,787,1,1,3.792628765106201
e9_top1_production_gate,cam1,788,1,1,4.12531042098999
e9_top1_production_gate,cam1,789,1,1,3.9673025608062744
e9_top1_production_gate,cam1,790,1,1,89.92616271972656
e9_top1_production_gate,cam1,791,1,1,83.8169937133789
e9_top1_production_gate,cam1,792,0,1,
e9_top1_production_gate,cam1,793,0,1,
e9_top1_production_gate,cam1,794,1,1,35.4500617980957
e9_top1_production_gate,cam1,795,1,1,28.784175872802734
e9_top1_production_gate,cam1,796,1,2,
e9_top1_production_gate,cam1,797,1,2,
e9_top1_production_gate,cam1,798,1,1,6.4130353927612305
e9_top1_production_gate,cam1,799,1,1,6.546603679656982
e9_top1_production_gate,cam1,800,1,1,11.089483261108398
e9_top1_production_gate,cam1,801,1,1,6.2214035987854
e9_top1_production_gate,cam1,802,1,1,5.919790267944336
e9_top1_production_gate,cam1,803,1,1,9.917462348937988
e9_top1_production_gate,cam1,804,1,1,5.057467937469482
e9_top1_production_gate,cam1,805,1,1,0.9057546854019165
e9_top1_production_gate,cam1,806,1,1,4.9248762130737305
e9_top1_production_gate,cam1,807,1,1,3.3239943981170654
e9_top1_production_gate,cam1,808,1,1,4.263878345489502
e9_top1_production_gate,cam1,809,1,1,4.373274326324463
e9_top1_production_gate,cam1,810,1,1,4.551473617553711
e9_top1_production_gate,cam1,811,1,1,4.5464253425598145
e9_top1_production_gate,cam1,812,1,1,3.722738742828369
e9_top1_production_gate,cam1,813,1,1,0.9435412287712097
e9_top1_production_gate,cam1,814,1,1,3.590442180633545
e9_top1_production_gate,cam1,815,1,1,2.289701461791992
e9_top1_production_gate,cam1,816,1,1,5.255491733551025
e9_top1_production_gate,cam1,817,1,1,0.4170096218585968
e9_top1_production_gate,cam1,818,1,1,1.9422292709350586
e9_top1_production_gate,cam1,819,1,1,3.381061315536499
e9_top1_production_gate,cam1,820,1,1,7.025097370147705
e9_top1_production_gate,cam1,821,1,1,4.161685466766357
e9_top1_production_gate,cam1,822,1,1,2.582341194152832
e9_top1_production_gate,cam1,823,1,1,3.7385454177856445
e9_top1_production_gate,cam1,824,1,1,5.577341556549072
e9_top1_production_gate,cam1,825,1,1,2.1412954330444336
e9_top1_production_gate,cam1,826,1,1,4.858956336975098
e9_top1_production_gate,cam1,827,1,1,5.551688194274902
e9_top1_production_gate,cam1,828,1,1,8.887011528015137
e9_top1_production_gate,cam1,829,1,1,8.173123359680176
e9_top1_production_gate,cam1,830,1,1,4.680160045623779
e9_top1_production_gate,cam1,831,1,1,4.245046138763428
e9_top1_production_gate,cam1,832,1,1,4.769742488861084
e9_top1_production_gate,cam1,833,1,1,3.266810178756714
e9_top1_production_gate,cam1,834,1,1,2.4044723510742188
e9_top1_production_gate,cam1,835,1,1,6.401431083679199
e9_top1_production_gate,cam1,836,1,1,4.2275614738464355
e9_top1_production_gate,cam1,837,1,1,3.2993268966674805
e9_top1_production_gate,cam1,838,1,1,6.114714622497559
e9_top1_production_gate,cam1,839,1,1,3.2427990436553955
e9_top1_production_gate,cam1,840,1,1,2.294945240020752
e9_top1_production_gate,cam1,841,1,1,3.637951135635376
e9_top1_production_gate,cam1,842,1,1,0.17001216113567352
e9_top1_production_gate,cam1,843,1,1,4.583044052124023
e9_top1_production_gate,cam1,844,1,1,2.468571186065674
e9_top1_production_gate,cam1,845,1,1,4.495647430419922
e9_top1_production_gate,cam1,846,1,1,2.2739005088806152
e9_top1_production_gate,cam1,847,1,1,1.5169334411621094
e9_top1_production_gate,cam1,848,1,1,3.920671224594116
e9_top1_production_gate,cam1,849,1,1,4.64649772644043
e9_top1_production_gate,cam1,850,1,1,3.762359619140625
e9_top1_production_gate,cam1,851,1,1,3.7433907985687256
e9_top1_production_gate,cam1,852,1,1,0.2199212610721588
e9_top1_production_gate,cam1,853,1,1,2.9616456031799316
e9_top1_production_gate,cam1,854,1,1,4.020354747772217
e9_top1_production_gate,cam1,855,1,1,4.274778842926025
e9_top1_production_gate,cam1,856,1,1,4.059042453765869
e9_top1_production_gate,cam1,857,1,1,3.2753922939300537
e9_top1_production_gate,cam1,858,1,1,2.196800708770752
e9_top1_production_gate,cam1,859,1,1,1.9289721250534058
e9_top1_production_gate,cam1,860,1,1,1.847813367843628
e9_top1_production_gate,cam1,861,1,1,1.6374740600585938
e9_top1_production_gate,cam1,862,1,1,2.1728296279907227
e9_top1_production_gate,cam1,863,1,1,2.806469202041626
e9_top1_production_gate,cam1,864,1,1,5.538089275360107
e9_top1_production_gate,cam1,865,1,1,3.0377254486083984
e9_top1_production_gate,cam1,866,1,1,1.3114676475524902
e9_top1_production_gate,cam1,867,1,1,3.7029478549957275
e9_top1_production_gate,cam1,868,1,1,5.323482036590576
e9_top1_production_gate,cam1,869,1,1,3.9571564197540283
e9_top1_production_gate,cam1,870,1,1,2.7966232299804688
e9_top1_production_gate,cam1,871,1,1,0.6350810527801514
e9_top1_production_gate,cam1,872,1,1,2.4396300315856934
e9_top1_production_gate,cam1,873,1,1,4.092334747314453
e9_top1_production_gate,cam1,874,1,1,1.8160104751586914
e9_top1_production_gate,cam1,875,1,1,3.596146583557129
e9_top1_production_gate,cam1,876,1,1,2.9974145889282227
e9_top1_production_gate,cam1,877,1,1,1.7343649864196777
e9_top1_production_gate,cam1,878,1,1,5.342526912689209
e9_top1_production_gate,cam1,879,1,1,7.797245502471924
e9_top1_production_gate,cam1,880,1,1,5.6565656661987305
e9_top1_production_gate,cam1,881,1,1,6.358907699584961
e9_top1_production_gate,cam1,882,1,1,4.634401798248291
e9_top1_production_gate,cam1,883,1,1,3.4655539989471436
e9_top1_production_gate,cam1,884,1,1,3.319885015487671
e9_top1_production_gate,cam1,885,1,1,1.1530842781066895
e9_top1_production_gate,cam1,886,1,1,7.838355541229248
e9_top1_production_gate,cam1,887,1,1,5.354069709777832
e9_top1_production_gate,cam1,888,1,1,4.421694755554199
e9_top1_production_gate,cam1,889,1,1,1.030809998512268
e9_top1_production_gate,cam1,890,1,1,2.325322151184082
e9_top1_production_gate,cam1,891,1,1,7.703372001647949
e9_top1_production_gate,cam1,892,1,1,4.768286228179932
e9_top1_production_gate,cam1,893,1,1,4.70153284072876
e9_top1_production_gate,cam1,894,1,1,1.569305419921875
e9_top1_production_gate,cam1,895,1,1,3.2421295642852783
e9_top1_production_gate,cam1,896,1,1,1.921553611755371
e9_top1_production_gate,cam1,897,1,1,0.6892522573471069
e9_top1_production_gate,cam1,898,1,1,3.2758564949035645
e9_top1_production_gate,cam1,899,1,1,3.7894439697265625
e9_top1_production_gate,cam1,900,1,1,3.0403378009796143
e9_top1_production_gate,cam1,901,1,1,8.028046607971191
e9_top1_production_gate,cam1,902,1,1,5.655795574188232
e9_top1_production_gate,cam1,903,1,1,1.3411335945129395
e9_top1_production_gate,cam1,904,1,1,4.540145397186279
e9_top1_production_gate,cam1,905,1,1,1.2143722772598267
e9_top1_production_gate,cam1,906,1,1,4.5703959465026855
e9_top1_production_gate,cam1,907,1,1,4.472096920013428
e9_top1_production_gate,cam1,908,1,1,0.7338935732841492
e9_top1_production_gate,cam1,909,1,1,3.3623440265655518
e9_top1_production_gate,cam1,910,1,1,3.2212963104248047
e9_top1_production_gate,cam1,911,1,1,0.5782617926597595
e9_top1_production_gate,cam1,912,1,1,1.8876739740371704
e9_top1_production_gate,cam1,913,1,1,0.8330621123313904
e9_top1_production_gate,cam1,914,1,1,3.213221788406372
e9_top1_production_gate,cam1,915,1,1,1.2637953758239746
e9_top1_production_gate,cam1,916,1,1,4.046627998352051
e9_top1_production_gate,cam1,917,1,1,4.827122211456299
e9_top1_production_gate,cam1,918,1,1,1.3268952369689941
e9_top1_production_gate,cam1,919,1,1,2.005589723587036
e9_top1_production_gate,cam1,920,1,1,2.6628570556640625
e9_top1_production_gate,cam1,921,1,1,2.0982227325439453
e9_top1_production_gate,cam1,922,1,1,2.4878766536712646
e9_top1_production_gate,cam1,923,1,1,1.9517661333084106
e9_top1_production_gate,cam1,924,1,1,2.039930820465088
e9_top1_production_gate,cam1,925,1,1,3.313856840133667
e9_top1_production_gate,cam1,926,1,1,7.118732452392578
e9_top1_production_gate,cam1,927,1,1,3.58856463432312
e9_top1_production_gate,cam1,928,1,1,4.609871864318848
e9_top1_production_gate,cam1,929,1,1,3.029212236404419
e9_top1_production_gate,cam1,930,1,1,1.6179890632629395
e9_top1_production_gate,cam1,931,1,1,2.3116378784179688
e9_top1_production_gate,cam1,932,1,1,0.38305407762527466
e9_top1_production_gate,cam1,933,1,1,0.10899219661951065
e9_top1_production_gate,cam1,934,1,1,0.8412114977836609
e9_top1_production_gate,cam1,935,1,1,1.5581978559494019
e9_top1_production_gate,cam1,936,1,1,2.6967949867248535
e9_top1_production_gate,cam1,937,1,1,2.8713769912719727
e9_top1_production_gate,cam1,938,1,1,4.855731964111328
e9_top1_production_gate,cam1,939,1,1,1.3963171243667603
e9_top1_production_gate,cam1,940,1,1,0.5385437607765198
e9_top1_production_gate,cam1,941,1,1,3.1426188945770264
e9_top1_production_gate,cam1,942,1,1,2.2262046337127686
e9_top1_production_gate,cam1,943,1,1,3.6018335819244385
e9_top1_production_gate,cam1,944,1,1,2.906715154647827
e9_top1_production_gate,cam1,945,1,1,1.9746477603912354
e9_top1_production_gate,cam1,946,1,1,1.596653699874878
e9_top1_production_gate,cam1,947,1,1,1.1679224967956543
e9_top1_production_gate,cam1,948,1,1,1.2508881092071533
e9_top1_production_gate,cam1,949,1,1,0.3334328532218933
e9_top1_production_gate,cam1,950,1,1,3.152946710586548
e9_top1_production_gate,cam1,951,1,1,4.30743408203125
e9_top1_production_gate,cam1,952,1,1,7.579309463500977
e9_top1_production_gate,cam1,953,1,1,5.115312099456787
e9_top1_production_gate,cam1,954,1,1,2.940950632095337
e9_top1_production_gate,cam1,955,1,1,2.6691205501556396
e9_top1_production_gate,cam1,956,1,1,3.459113597869873
e9_top1_production_gate,cam1,957,1,1,5.002518177032471
e9_top1_production_gate,cam1,958,1,1,1.9448888301849365
e9_top1_production_gate,cam1,959,1,1,3.861560106277466
e9_top1_production_gate,cam1,960,1,1,3.928621292114258
e9_top1_production_gate,cam1,961,1,1,3.5075905323028564
e9_top1_production_gate,cam1,962,1,1,6.661651611328125
e9_top1_production_gate,cam1,963,1,1,7.8364081382751465
e9_top1_production_gate,cam1,964,1,1,9.009393692016602
e9_top1_production_gate,cam1,965,1,1,11.808915138244629
e9_top1_production_gate,cam1,966,1,1,5.428125858306885
e9_top1_production_gate,cam1,967,1,1,2.4828896522521973
e9_top1_production_gate,cam1,968,1,1,4.61591911315918
e9_top1_production_gate,cam1,969,1,1,1.527935266494751
e9_top1_production_gate,cam1,970,0,1,
e9_top1_production_gate,cam1,971,0,1,
e9_top1_production_gate,cam1,972,0,1,
e9_top1_production_gate,cam1,973,0,1,
e9_top1_production_gate,cam1,974,1,1,3.342963695526123
e9_top1_production_gate,cam1,975,1,1,6.049182415008545
e9_top1_production_gate,cam1,976,1,1,6.2191162109375
e9_top1_production_gate,cam1,977,1,1,6.567488670349121
e9_top1_production_gate,cam1,978,1,1,7.092135429382324
e9_top1_production_gate,cam1,979,1,1,6.310469627380371
e9_top1_production_gate,cam1,980,1,1,8.061504364013672
e9_top1_production_gate,cam1,981,1,1,8.202302932739258
e9_top1_production_gate,cam1,982,1,1,9.056512832641602
e9_top1_production_gate,cam1,983,1,1,8.157155990600586
e9_top1_production_gate,cam1,984,1,1,8.091361999511719
e9_top1_production_gate,cam1,985,1,1,11.900146484375
e9_top1_production_gate,cam1,986,1,1,14.267173767089844
e9_top1_production_gate,cam1,987,1,1,5.701054573059082
e9_top1_production_gate,cam1,988,1,1,3.5524463653564453
e9_top1_production_gate,cam1,989,1,1,4.573871612548828
e9_top1_production_gate,cam1,990,1,1,10.665068626403809
e9_top1_production_gate,cam1,991,1,1,11.309749603271484
e9_top1_production_gate,cam1,992,1,1,12.162653923034668
e9_top1_production_gate,cam1,993,1,1,11.563802719116211
e9_top1_production_gate,cam1,994,1,1,5.492615222930908
e9_top1_production_gate,cam1,995,1,1,6.633708953857422
e9_top1_production_gate,cam1,996,1,1,10.020332336425781
e9_top1_production_gate,cam1,997,1,1,12.523463249206543
e9_top1_production_gate,cam1,998,1,1,6.968872547149658
e9_top1_production_gate,cam1,999,1,1,1.5665122270584106
e9_top1_production_gate,cam1,1000,1,1,0.46483084559440613
e9_top1_production_gate,cam1,1001,1,1,3.2015058994293213
e9_top1_production_gate,cam1,1002,1,1,7.572250843048096
e9_top1_production_gate,cam1,1003,0,1,
e9_top1_production_gate,cam1,1004,0,1,
e9_top1_production_gate,cam1,1005,0,1,
e9_top1_production_gate,cam1,1006,0,1,
e9_top1_production_gate,cam1,1007,0,0,
e9_top1_production_gate,cam1,1008,0,0,
e9_top1_production_gate,cam1,1009,0,0,
e9_top1_production_gate,cam2,0,1,1,11.54117202758789
e9_top1_production_gate,cam2,1,1,1,17.49090576171875
e9_top1_production_gate,cam2,2,1,0,
e9_top1_production_gate,cam2,3,1,1,20.78484344482422
e9_top1_production_gate,cam2,4,1,1,25.610998153686523
e9_top1_production_gate,cam2,5,0,1,
e9_top1_production_gate,cam2,6,1,1,70.81837463378906
e9_top1_production_gate,cam2,7,1,1,78.48155975341797
e9_top1_production_gate,cam2,8,1,1,80.2245101928711
e9_top1_production_gate,cam2,9,0,1,
e9_top1_production_gate,cam2,10,1,1,92.18914031982422
e9_top1_production_gate,cam2,11,1,1,96.73368072509766
e9_top1_production_gate,cam2,12,1,1,98.57599639892578
e9_top1_production_gate,cam2,13,0,1,
e9_top1_production_gate,cam2,14,0,1,
e9_top1_production_gate,cam2,15,0,1,
e9_top1_production_gate,cam2,16,0,1,
e9_top1_production_gate,cam2,17,0,1,
e9_top1_production_gate,cam2,18,1,1,26.395526885986328
e9_top1_production_gate,cam2,19,1,1,18.923921585083008
e9_top1_production_gate,cam2,20,1,1,10.183844566345215
e9_top1_production_gate,cam2,21,1,1,7.039438724517822
e9_top1_production_gate,cam2,22,1,1,9.133054733276367
e9_top1_production_gate,cam2,23,1,1,7.3864922523498535
e9_top1_production_gate,cam2,24,1,1,5.605200290679932
e9_top1_production_gate,cam2,25,1,1,4.422459125518799
e9_top1_production_gate,cam2,26,1,1,4.896154403686523
e9_top1_production_gate,cam2,27,1,1,3.8769478797912598
e9_top1_production_gate,cam2,28,1,1,4.0410475730896
e9_top1_production_gate,cam2,29,1,1,4.008687973022461
e9_top1_production_gate,cam2,30,1,1,1.445322871208191
e9_top1_production_gate,cam2,31,1,1,0.8978902697563171
e9_top1_production_gate,cam2,32,1,1,0.8543387651443481
e9_top1_production_gate,cam2,33,1,1,4.268749713897705
e9_top1_production_gate,cam2,34,1,1,1.0667914152145386
e9_top1_production_gate,cam2,35,1,1,2.9075586795806885
e9_top1_production_gate,cam2,36,1,1,1.7038440704345703
e9_top1_production_gate,cam2,37,1,1,6.059874057769775
e9_top1_production_gate,cam2,38,1,1,8.974761962890625
e9_top1_production_gate,cam2,39,1,1,4.903779029846191
e9_top1_production_gate,cam2,40,1,1,8.927834510803223
e9_top1_production_gate,cam2,41,1,1,6.835495471954346
e9_top1_production_gate,cam2,42,1,1,2.0751941204071045
e9_top1_production_gate,cam2,43,1,1,4.293458461761475
e9_top1_production_gate,cam2,44,1,1,1.1018686294555664
e9_top1_production_gate,cam2,45,1,1,4.924160480499268
e9_top1_production_gate,cam2,46,1,1,2.032160520553589
e9_top1_production_gate,cam2,47,1,1,2.479295492172241
e9_top1_production_gate,cam2,48,1,1,2.867614984512329
e9_top1_production_gate,cam2,49,1,1,4.66731595993042
e9_top1_production_gate,cam2,50,1,1,2.6856613159179688
e9_top1_production_gate,cam2,51,1,1,2.4197957515716553
e9_top1_production_gate,cam2,52,1,1,2.9959123134613037
e9_top1_production_gate,cam2,53,1,1,1.927802324295044
e9_top1_production_gate,cam2,54,1,1,4.101297855377197
e9_top1_production_gate,cam2,55,1,1,3.0733015537261963
e9_top1_production_gate,cam2,56,1,1,2.1699461936950684
e9_top1_production_gate,cam2,57,1,1,3.626458168029785
e9_top1_production_gate,cam2,58,1,1,6.317361354827881
e9_top1_production_gate,cam2,59,1,1,6.247217655181885
e9_top1_production_gate,cam2,60,1,1,4.691104888916016
e9_top1_production_gate,cam2,61,1,1,6.501331329345703
e9_top1_production_gate,cam2,62,1,1,5.814712047576904
e9_top1_production_gate,cam2,63,1,1,6.151087284088135
e9_top1_production_gate,cam2,64,1,1,3.5593905448913574
e9_top1_production_gate,cam2,65,1,1,4.501612186431885
e9_top1_production_gate,cam2,66,1,1,5.287511825561523
e9_top1_production_gate,cam2,67,1,1,5.483919620513916
e9_top1_production_gate,cam2,68,1,1,5.924489498138428
e9_top1_production_gate,cam2,69,1,1,4.919607639312744
e9_top1_production_gate,cam2,70,1,1,3.6319453716278076
e9_top1_production_gate,cam2,71,1,1,4.4859538078308105
e9_top1_production_gate,cam2,72,1,1,5.922544956207275
e9_top1_production_gate,cam2,73,1,1,4.859951496124268
e9_top1_production_gate,cam2,74,1,1,4.304840564727783
e9_top1_production_gate,cam2,75,1,1,3.8273656368255615
e9_top1_production_gate,cam2,76,1,1,2.3487024307250977
e9_top1_production_gate,cam2,77,1,1,3.210585117340088
e9_top1_production_gate,cam2,78,1,1,6.887590408325195
e9_top1_production_gate,cam2,79,1,1,7.891514301300049
e9_top1_production_gate,cam2,80,1,1,6.022391319274902
e9_top1_production_gate,cam2,81,1,1,4.639587879180908
e9_top1_production_gate,cam2,82,1,1,1.8789957761764526
e9_top1_production_gate,cam2,83,1,1,2.0923023223876953
e9_top1_production_gate,cam2,84,1,1,11.895564079284668
e9_top1_production_gate,cam2,85,1,1,8.463520050048828
e9_top1_production_gate,cam2,86,1,1,19.763355255126953
e9_top1_production_gate,cam2,87,1,1,15.528709411621094
e9_top1_production_gate,cam2,88,1,1,11.343482971191406
e9_top1_production_gate,cam2,89,1,1,8.967432975769043
e9_top1_production_gate,cam2,90,1,1,5.46156120300293
e9_top1_production_gate,cam2,91,1,1,3.3499927520751953
e9_top1_production_gate,cam2,92,1,1,2.133206605911255
e9_top1_production_gate,cam2,93,1,1,6.894286155700684
e9_top1_production_gate,cam2,94,1,1,3.6633613109588623
e9_top1_production_gate,cam2,95,1,1,0.6258288025856018
e9_top1_production_gate,cam2,96,1,1,0.9482757449150085
e9_top1_production_gate,cam2,97,1,1,2.837963819503784
e9_top1_production_gate,cam2,98,1,1,3.8705999851226807
e9_top1_production_gate,cam2,99,1,1,0.796651303768158
e9_top1_production_gate,cam2,100,1,1,4.4347028732299805
e9_top1_production_gate,cam2,101,1,1,1.5177781581878662
e9_top1_production_gate,cam2,102,1,1,3.5307538509368896
e9_top1_production_gate,cam2,103,1,1,3.2218570709228516
e9_top1_production_gate,cam2,104,1,1,1.7918522357940674
e9_top1_production_gate,cam2,105,1,1,5.60776424407959
e9_top1_production_gate,cam2,106,1,1,7.498681545257568
e9_top1_production_gate,cam2,107,1,1,5.232390880584717
e9_top1_production_gate,cam2,108,1,1,3.234036922454834
e9_top1_production_gate,cam2,109,1,1,2.9116945266723633
e9_top1_production_gate,cam2,110,0,1,
e9_top1_production_gate,cam2,111,0,1,
e9_top1_production_gate,cam2,112,0,1,
e9_top1_production_gate,cam2,113,0,1,
e9_top1_production_gate,cam2,114,0,1,
e9_top1_production_gate,cam2,115,0,1,
e9_top1_production_gate,cam2,116,0,1,
e9_top1_production_gate,cam2,117,0,1,
e9_top1_production_gate,cam2,118,0,1,
e9_top1_production_gate,cam2,119,0,1,
e9_top1_production_gate,cam2,120,0,1,
e9_top1_production_gate,cam2,121,0,1,
e9_top1_production_gate,cam2,122,0,1,
e9_top1_production_gate,cam2,123,0,1,
e9_top1_production_gate,cam2,124,0,1,
e9_top1_production_gate,cam2,125,0,1,
e9_top1_production_gate,cam2,126,0,1,
e9_top1_production_gate,cam2,127,0,1,
e9_top1_production_gate,cam2,128,0,1,
e9_top1_production_gate,cam2,129,0,1,
e9_top1_production_gate,cam2,130,0,1,
e9_top1_production_gate,cam2,131,0,1,
e9_top1_production_gate,cam2,132,0,1,
e9_top1_production_gate,cam2,133,0,1,
e9_top1_production_gate,cam2,134,1,1,1.453700304031372
e9_top1_production_gate,cam2,135,1,1,1.126136064529419
e9_top1_production_gate,cam2,136,1,1,6.932151794433594
e9_top1_production_gate,cam2,137,1,1,11.619610786437988
e9_top1_production_gate,cam2,138,1,1,8.68498706817627
e9_top1_production_gate,cam2,139,1,1,11.27470588684082
e9_top1_production_gate,cam2,140,1,1,1.6225194931030273
e9_top1_production_gate,cam2,141,1,1,7.709016799926758
e9_top1_production_gate,cam2,142,1,1,10.93961238861084
e9_top1_production_gate,cam2,143,1,1,11.028434753417969
e9_top1_production_gate,cam2,144,1,1,9.767348289489746
e9_top1_production_gate,cam2,145,1,1,7.425825595855713
e9_top1_production_gate,cam2,146,1,1,4.955132007598877
e9_top1_production_gate,cam2,147,1,1,6.327734470367432
e9_top1_production_gate,cam2,148,1,1,7.198091506958008
e9_top1_production_gate,cam2,149,1,1,1.867560625076294
e9_top1_production_gate,cam2,150,1,1,6.507928848266602
e9_top1_production_gate,cam2,151,1,1,6.195198059082031
e9_top1_production_gate,cam2,152,1,1,7.746671676635742
e9_top1_production_gate,cam2,153,1,1,6.798910140991211
e9_top1_production_gate,cam2,154,1,1,6.0528082847595215
e9_top1_production_gate,cam2,155,1,1,6.079357624053955
e9_top1_production_gate,cam2,156,1,1,5.278769493103027
e9_top1_production_gate,cam2,157,1,1,3.462923288345337
e9_top1_production_gate,cam2,158,1,1,5.078747749328613
e9_top1_production_gate,cam2,159,1,1,7.521739959716797
e9_top1_production_gate,cam2,160,1,1,6.540728569030762
e9_top1_production_gate,cam2,161,1,1,9.835639953613281
e9_top1_production_gate,cam2,162,1,1,11.740362167358398
e9_top1_production_gate,cam2,163,1,1,11.50155258178711
e9_top1_production_gate,cam2,164,1,2,
e9_top1_production_gate,cam2,165,1,1,11.969104766845703
e9_top1_production_gate,cam2,166,1,2,
e9_top1_production_gate,cam2,167,1,1,11.090736389160156
e9_top1_production_gate,cam2,168,1,1,11.044320106506348
e9_top1_production_gate,cam2,169,1,1,11.076786994934082
e9_top1_production_gate,cam2,170,1,2,
e9_top1_production_gate,cam2,171,1,1,9.86679458618164
e9_top1_production_gate,cam2,172,1,1,8.89016342163086
e9_top1_production_gate,cam2,173,1,1,10.267528533935547
e9_top1_production_gate,cam2,174,1,1,7.0143303871154785
e9_top1_production_gate,cam2,175,1,1,8.729512214660645
e9_top1_production_gate,cam2,176,1,1,6.934325695037842
e9_top1_production_gate,cam2,177,1,1,5.811960220336914
e9_top1_production_gate,cam2,178,1,1,2.878697156906128
e9_top1_production_gate,cam2,179,1,1,3.2151834964752197
e9_top1_production_gate,cam2,180,1,1,1.8130788803100586
e9_top1_production_gate,cam2,181,1,1,4.449519157409668
e9_top1_production_gate,cam2,182,1,1,4.286756992340088
e9_top1_production_gate,cam2,183,1,1,3.3776943683624268
e9_top1_production_gate,cam2,184,1,1,4.499644756317139
e9_top1_production_gate,cam2,185,1,1,6.123779296875
e9_top1_production_gate,cam2,186,1,1,6.399972915649414
e9_top1_production_gate,cam2,187,1,1,9.35906982421875
e9_top1_production_gate,cam2,188,1,1,12.634286880493164
e9_top1_production_gate,cam2,189,1,1,9.050048828125
e9_top1_production_gate,cam2,190,1,1,8.896347999572754
e9_top1_production_gate,cam2,191,1,1,3.6768836975097656
e9_top1_production_gate,cam2,192,1,1,3.75246262550354
e9_top1_production_gate,cam2,193,1,1,4.728462219238281
e9_top1_production_gate,cam2,194,1,1,6.243079662322998
e9_top1_production_gate,cam2,195,1,1,5.830336570739746
e9_top1_production_gate,cam2,196,1,1,11.258146286010742
e9_top1_production_gate,cam2,197,1,1,12.348302841186523
e9_top1_production_gate,cam2,198,0,1,
e9_top1_production_gate,cam2,199,0,1,
e9_top1_production_gate,cam2,200,0,1,
e9_top1_production_gate,cam2,201,0,1,
e9_top1_production_gate,cam2,202,0,1,
e9_top1_production_gate,cam2,203,0,1,
e9_top1_production_gate,cam2,204,0,1,
e9_top1_production_gate,cam2,205,0,1,
e9_top1_production_gate,cam2,206,1,1,5.6525726318359375
e9_top1_production_gate,cam2,207,1,1,1.6239174604415894
e9_top1_production_gate,cam2,208,1,1,2.074777126312256
e9_top1_production_gate,cam2,209,1,1,2.06670880317688
e9_top1_production_gate,cam2,210,1,1,5.879635334014893
e9_top1_production_gate,cam2,211,1,1,1.85542893409729
e9_top1_production_gate,cam2,212,1,1,5.1468939781188965
e9_top1_production_gate,cam2,213,1,1,2.783177375793457
e9_top1_production_gate,cam2,214,1,1,1.441452145576477
e9_top1_production_gate,cam2,215,1,1,4.680337429046631
e9_top1_production_gate,cam2,216,1,1,3.0155155658721924
e9_top1_production_gate,cam2,217,1,1,4.928565979003906
e9_top1_production_gate,cam2,218,1,1,8.546808242797852
e9_top1_production_gate,cam2,219,1,1,12.200672149658203
e9_top1_production_gate,cam2,220,1,1,7.5011138916015625
e9_top1_production_gate,cam2,221,1,1,6.690515518188477
e9_top1_production_gate,cam2,222,1,1,6.295302867889404
e9_top1_production_gate,cam2,223,1,0,
e9_top1_production_gate,cam2,224,0,0,
e9_top1_production_gate,cam2,225,1,1,60.63700866699219
e9_top1_production_gate,cam2,226,1,1,58.96277618408203
e9_top1_production_gate,cam2,227,1,1,31.691497802734375
e9_top1_production_gate,cam2,228,0,1,
e9_top1_production_gate,cam2,229,0,1,
e9_top1_production_gate,cam2,230,0,0,
e9_top1_production_gate,cam2,231,0,0,
e9_top1_production_gate,cam2,232,0,0,
e9_top1_production_gate,cam2,233,0,0,
e9_top1_production_gate,cam2,234,1,0,
e9_top1_production_gate,cam2,235,1,0,
e9_top1_production_gate,cam2,236,1,0,
e9_top1_production_gate,cam2,237,1,1,8.670817375183105
e9_top1_production_gate,cam2,238,1,1,18.44425392150879
e9_top1_production_gate,cam2,239,1,1,13.739237785339355
e9_top1_production_gate,cam2,240,1,1,6.476531505584717
e9_top1_production_gate,cam2,241,1,1,4.605863094329834
e9_top1_production_gate,cam2,242,1,1,8.054244041442871
e9_top1_production_gate,cam2,243,1,1,5.768076419830322
e9_top1_production_gate,cam2,244,1,2,
e9_top1_production_gate,cam2,245,1,2,
e9_top1_production_gate,cam2,246,1,1,5.666008472442627
e9_top1_production_gate,cam2,247,1,1,3.132638454437256
e9_top1_production_gate,cam2,248,1,1,11.712762832641602
e9_top1_production_gate,cam2,249,1,2,
e9_top1_production_gate,cam2,250,1,1,13.058938026428223
e9_top1_production_gate,cam2,251,1,1,13.414159774780273
e9_top1_production_gate,cam2,252,1,1,12.68911361694336
e9_top1_production_gate,cam2,253,1,1,14.044344902038574
e9_top1_production_gate,cam2,254,1,1,2.8649537563323975
e9_top1_production_gate,cam2,255,1,1,9.28773307800293
e9_top1_production_gate,cam2,256,1,1,11.68764591217041
e9_top1_production_gate,cam2,257,1,1,2.297488212585449
e9_top1_production_gate,cam2,258,1,1,2.06545352935791
e9_top1_production_gate,cam2,259,1,1,8.311981201171875
e9_top1_production_gate,cam2,260,1,1,7.5158891677856445
e9_top1_production_gate,cam2,261,1,1,1.415966510772705
e9_top1_production_gate,cam2,262,1,1,4.41514778137207
e9_top1_production_gate,cam2,263,1,1,9.357340812683105
e9_top1_production_gate,cam2,264,1,1,2.2990942001342773
e9_top1_production_gate,cam2,265,1,1,5.981509208679199
e9_top1_production_gate,cam2,266,1,1,3.0527310371398926
e9_top1_production_gate,cam2,267,1,1,3.5941457748413086
e9_top1_production_gate,cam2,268,1,1,5.377817153930664
e9_top1_production_gate,cam2,269,1,1,3.062547445297241
e9_top1_production_gate,cam2,270,1,1,1.068229079246521
e9_top1_production_gate,cam2,271,1,1,2.2988924980163574
e9_top1_production_gate,cam2,272,1,1,2.4832563400268555
e9_top1_production_gate,cam2,273,1,1,4.339015483856201
e9_top1_production_gate,cam2,274,1,1,2.1621639728546143
e9_top1_production_gate,cam2,275,1,1,4.411384582519531
e9_top1_production_gate,cam2,276,1,1,0.7039674520492554
e9_top1_production_gate,cam2,277,1,1,2.279327392578125
e9_top1_production_gate,cam2,278,1,1,4.156395435333252
e9_top1_production_gate,cam2,279,1,1,5.896291732788086
e9_top1_production_gate,cam2,280,1,1,7.077640533447266
e9_top1_production_gate,cam2,281,1,1,6.435688495635986
e9_top1_production_gate,cam2,282,1,1,5.042102813720703
e9_top1_production_gate,cam2,283,1,1,5.1541924476623535
e9_top1_production_gate,cam2,284,1,1,4.463006019592285
e9_top1_production_gate,cam2,285,1,1,5.562164306640625
e9_top1_production_gate,cam2,286,1,1,3.707653045654297
e9_top1_production_gate,cam2,287,1,1,6.0690436363220215
e9_top1_production_gate,cam2,288,1,1,3.402287721633911
e9_top1_production_gate,cam2,289,0,1,
e9_top1_production_gate,cam2,290,0,1,
e9_top1_production_gate,cam2,291,0,1,
e9_top1_production_gate,cam2,292,0,1,
e9_top1_production_gate,cam2,293,0,3,
e9_top1_production_gate,cam2,294,0,3,
e9_top1_production_gate,cam2,295,0,3,
e9_top1_production_gate,cam2,296,0,3,
e9_top1_production_gate,cam2,297,0,3,
e9_top1_production_gate,cam2,298,1,1,7.373000144958496
e9_top1_production_gate,cam2,299,1,1,6.759794235229492
e9_top1_production_gate,cam2,300,1,1,0.7659186124801636
e9_top1_production_gate,cam2,301,1,1,4.287290573120117
e9_top1_production_gate,cam2,302,1,1,2.5670220851898193
e9_top1_production_gate,cam2,303,1,1,3.742469072341919
e9_top1_production_gate,cam2,304,1,1,5.970959186553955
e9_top1_production_gate,cam2,305,1,1,6.042534828186035
e9_top1_production_gate,cam2,306,1,1,9.730870246887207
e9_top1_production_gate,cam2,307,1,1,15.330423355102539
e9_top1_production_gate,cam2,308,1,1,26.806241989135742
e9_top1_production_gate,cam2,309,1,1,15.636323928833008
e9_top1_production_gate,cam2,310,0,1,
e9_top1_production_gate,cam2,311,0,1,
e9_top1_production_gate,cam2,312,1,1,16.681821823120117
e9_top1_production_gate,cam2,313,1,1,6.934699535369873
e9_top1_production_gate,cam2,314,1,1,12.225873947143555
e9_top1_production_gate,cam2,315,1,1,7.024749279022217
e9_top1_production_gate,cam2,316,1,1,3.4648215770721436
e9_top1_production_gate,cam2,317,1,1,5.95849609375
e9_top1_production_gate,cam2,318,1,1,5.011590480804443
e9_top1_production_gate,cam2,319,1,1,2.558655023574829
e9_top1_production_gate,cam2,320,1,1,7.783926963806152
e9_top1_production_gate,cam2,321,1,1,11.274371147155762
e9_top1_production_gate,cam2,322,1,1,13.758282661437988
e9_top1_production_gate,cam2,323,1,1,7.4370012283325195
e9_top1_production_gate,cam2,324,1,1,1.4841865301132202
e9_top1_production_gate,cam2,325,0,1,
e9_top1_production_gate,cam2,326,0,1,
e9_top1_production_gate,cam2,327,0,1,
e9_top1_production_gate,cam2,328,0,1,
e9_top1_production_gate,cam2,329,0,1,
e9_top1_production_gate,cam2,330,1,1,11.21826457977295
e9_top1_production_gate,cam2,331,1,1,7.609400749206543
e9_top1_production_gate,cam2,332,1,1,5.994926452636719
e9_top1_production_gate,cam2,333,1,1,6.899443626403809
e9_top1_production_gate,cam2,334,0,1,
e9_top1_production_gate,cam2,335,0,1,
e9_top1_production_gate,cam2,336,0,1,
e9_top1_production_gate,cam2,337,0,1,
e9_top1_production_gate,cam2,338,0,1,
e9_top1_production_gate,cam2,339,1,1,2.6746585369110107
e9_top1_production_gate,cam2,340,1,1,6.174720287322998
e9_top1_production_gate,cam2,341,1,1,8.412010192871094
e9_top1_production_gate,cam2,342,1,1,10.192138671875
e9_top1_production_gate,cam2,343,1,1,7.225703239440918
e9_top1_production_gate,cam2,344,1,1,8.120416641235352
e9_top1_production_gate,cam2,345,1,1,5.292818546295166
e9_top1_production_gate,cam2,346,1,1,8.567100524902344
e9_top1_production_gate,cam2,347,1,1,8.490936279296875
e9_top1_production_gate,cam2,348,1,1,7.435311317443848
e9_top1_production_gate,cam2,349,1,1,8.423802375793457
e9_top1_production_gate,cam2,350,1,1,13.999955177307129
e9_top1_production_gate,cam2,351,1,1,12.337624549865723
e9_top1_production_gate,cam2,352,1,1,7.35144567489624
e9_top1_production_gate,cam2,353,1,1,5.945806980133057
e9_top1_production_gate,cam2,354,1,1,8.394454002380371
e9_top1_production_gate,cam2,355,1,1,4.112781047821045
e9_top1_production_gate,cam2,356,1,1,1.5410059690475464
e9_top1_production_gate,cam2,357,1,1,5.79658842086792
e9_top1_production_gate,cam2,358,1,1,6.910951137542725
e9_top1_production_gate,cam2,359,1,1,8.64448356628418
e9_top1_production_gate,cam2,360,1,1,4.91951322555542
e9_top1_production_gate,cam2,361,1,1,3.039297103881836
e9_top1_production_gate,cam2,362,1,1,1.1572909355163574
e9_top1_production_gate,cam2,363,1,1,1.9320842027664185
e9_top1_production_gate,cam2,364,1,1,7.358546733856201
e9_top1_production_gate,cam2,365,1,2,
e9_top1_production_gate,cam2,366,1,1,6.503054618835449
e9_top1_production_gate,cam2,367,1,1,7.8798627853393555
e9_top1_production_gate,cam2,368,1,2,
e9_top1_production_gate,cam2,369,1,1,2.4531912803649902
e9_top1_production_gate,cam2,370,1,0,
e9_top1_production_gate,cam2,371,1,0,
e9_top1_production_gate,cam2,372,1,0,
e9_top1_production_gate,cam2,373,1,0,
e9_top1_production_gate,cam2,374,0,0,
e9_top1_production_gate,cam2,375,1,0,
e9_top1_production_gate,cam2,376,0,1,
e9_top1_production_gate,cam2,377,0,1,
e9_top1_production_gate,cam2,378,0,1,
e9_top1_production_gate,cam2,379,0,1,
e9_top1_production_gate,cam2,380,0,1,
e9_top1_production_gate,cam2,381,0,1,
e9_top1_production_gate,cam2,382,0,0,
e9_top1_production_gate,cam2,383,0,0,
e9_top1_production_gate,cam2,384,0,0,
e9_top1_production_gate,cam2,385,0,0,
e9_top1_production_gate,cam2,386,1,0,
e9_top1_production_gate,cam2,387,1,0,
e9_top1_production_gate,cam2,388,1,0,
e9_top1_production_gate,cam2,389,1,0,
e9_top1_production_gate,cam2,390,1,0,
e9_top1_production_gate,cam2,391,1,0,
e9_top1_production_gate,cam2,392,1,0,
e9_top1_production_gate,cam2,393,1,0,
e9_top1_production_gate,cam2,394,0,0,
e9_top1_production_gate,cam2,395,0,0,
e9_top1_production_gate,cam2,396,0,0,
e9_top1_production_gate,cam2,397,0,0,
e9_top1_production_gate,cam2,398,0,0,
e9_top1_production_gate,cam2,399,0,0,
e9_top1_production_gate,cam2,400,0,0,
e9_top1_production_gate,cam2,401,0,0,
e9_top1_production_gate,cam2,402,0,0,
e9_top1_production_gate,cam2,403,0,0,
e9_top1_production_gate,cam2,404,1,1,103.44549560546875
e9_top1_production_gate,cam2,405,0,1,
e9_top1_production_gate,cam2,406,0,1,
e9_top1_production_gate,cam2,407,0,1,
e9_top1_production_gate,cam2,408,0,1,
e9_top1_production_gate,cam2,409,0,1,
e9_top1_production_gate,cam2,410,0,1,
e9_top1_production_gate,cam2,411,0,1,
e9_top1_production_gate,cam2,412,0,1,
e9_top1_production_gate,cam2,413,0,1,
e9_top1_production_gate,cam2,414,0,1,
e9_top1_production_gate,cam2,415,0,1,
e9_top1_production_gate,cam2,416,0,1,
e9_top1_production_gate,cam2,417,0,1,
e9_top1_production_gate,cam2,418,0,1,
e9_top1_production_gate,cam2,419,0,1,
e9_top1_production_gate,cam2,420,0,1,
e9_top1_production_gate,cam2,421,0,1,
e9_top1_production_gate,cam2,422,0,1,
e9_top1_production_gate,cam2,423,0,1,
e9_top1_production_gate,cam2,424,0,1,
e9_top1_production_gate,cam2,425,0,1,
e9_top1_production_gate,cam2,426,0,1,
e9_top1_production_gate,cam2,427,0,1,
e9_top1_production_gate,cam2,428,0,1,
e9_top1_production_gate,cam2,429,0,1,
e9_top1_production_gate,cam2,430,1,1,20.59758949279785
e9_top1_production_gate,cam2,431,1,1,21.187673568725586
e9_top1_production_gate,cam2,432,1,1,19.278106689453125
e9_top1_production_gate,cam2,433,1,1,23.424488067626953
e9_top1_production_gate,cam2,434,1,1,20.246519088745117
e9_top1_production_gate,cam2,435,1,1,20.087886810302734
e9_top1_production_gate,cam2,436,1,1,21.103992462158203
e9_top1_production_gate,cam2,437,1,2,
e9_top1_production_gate,cam2,438,0,1,
e9_top1_production_gate,cam2,439,0,1,
e9_top1_production_gate,cam2,440,0,1,
e9_top1_production_gate,cam2,441,1,1,41.19649124145508
e9_top1_production_gate,cam2,442,0,1,
e9_top1_production_gate,cam2,443,1,1,43.10081100463867
e9_top1_production_gate,cam2,444,1,1,43.657470703125
e9_top1_production_gate,cam2,445,0,1,
e9_top1_production_gate,cam2,446,1,1,42.536376953125
e9_top1_production_gate,cam2,447,1,1,50.78501892089844
e9_top1_production_gate,cam2,448,1,2,
e9_top1_production_gate,cam2,449,1,1,49.3641357421875
e9_top1_production_gate,cam2,450,1,1,10.68100643157959
e9_top1_production_gate,cam2,451,1,1,10.529606819152832
e9_top1_production_gate,cam2,452,1,1,8.591297149658203
e9_top1_production_gate,cam2,453,1,1,9.18226146697998
e9_top1_production_gate,cam2,454,1,1,7.6223978996276855
e9_top1_production_gate,cam2,455,1,1,8.387866020202637
e9_top1_production_gate,cam2,456,1,1,8.07526683807373
e9_top1_production_gate,cam2,457,1,1,8.752715110778809
e9_top1_production_gate,cam2,458,1,1,10.825461387634277
e9_top1_production_gate,cam2,459,1,1,11.449129104614258
e9_top1_production_gate,cam2,460,1,1,13.467300415039062
e9_top1_production_gate,cam2,461,1,1,14.2400541305542
e9_top1_production_gate,cam2,462,1,1,9.401127815246582
e9_top1_production_gate,cam2,463,1,1,7.099961280822754
e9_top1_production_gate,cam2,464,1,1,5.433452606201172
e9_top1_production_gate,cam2,465,1,1,2.145472526550293
e9_top1_production_gate,cam2,466,1,1,2.328575611114502
e9_top1_production_gate,cam2,467,1,1,7.9677557945251465
e9_top1_production_gate,cam2,468,1,1,12.680564880371094
e9_top1_production_gate,cam2,469,1,1,10.844869613647461
e9_top1_production_gate,cam2,470,1,1,8.373662948608398
e9_top1_production_gate,cam2,471,1,1,5.41892671585083
e9_top1_production_gate,cam2,472,1,1,3.1377899646759033
e9_top1_production_gate,cam2,473,1,1,7.2932000160217285
e9_top1_production_gate,cam2,474,1,1,5.270901679992676
e9_top1_production_gate,cam2,475,1,1,6.442405700683594
e9_top1_production_gate,cam2,476,1,1,5.50006103515625
e9_top1_production_gate,cam2,477,1,1,2.585160255432129
e9_top1_production_gate,cam2,478,1,1,4.033981800079346
e9_top1_production_gate,cam2,479,1,1,1.4346965551376343
e9_top1_production_gate,cam2,480,1,1,2.1146435737609863
e9_top1_production_gate,cam2,481,1,1,5.808221817016602
e9_top1_production_gate,cam2,482,1,1,3.7370364665985107
e9_top1_production_gate,cam2,483,1,1,3.732114315032959
e9_top1_production_gate,cam2,484,1,1,2.546631097793579
e9_top1_production_gate,cam2,485,1,1,2.741792917251587
e9_top1_production_gate,cam2,486,1,1,4.100636005401611
e9_top1_production_gate,cam2,487,1,1,2.5096373558044434
e9_top1_production_gate,cam2,488,1,1,2.860720157623291
e9_top1_production_gate,cam2,489,1,1,4.855292320251465
e9_top1_production_gate,cam2,490,1,1,2.053812265396118
e9_top1_production_gate,cam2,491,1,1,2.849735975265503
e9_top1_production_gate,cam2,492,1,1,4.8321452140808105
e9_top1_production_gate,cam2,493,1,1,4.751979351043701
e9_top1_production_gate,cam2,494,1,1,4.9461989402771
e9_top1_production_gate,cam2,495,1,1,6.117248058319092
e9_top1_production_gate,cam2,496,1,1,6.640991687774658
e9_top1_production_gate,cam2,497,1,1,3.3902153968811035
e9_top1_production_gate,cam2,498,1,1,8.003944396972656
e9_top1_production_gate,cam2,499,1,1,4.854813098907471
e9_top1_production_gate,cam2,500,1,1,0.9096261858940125
e9_top1_production_gate,cam2,501,1,1,3.7912509441375732
e9_top1_production_gate,cam2,502,1,1,3.028762102127075
e9_top1_production_gate,cam2,503,1,1,4.661440849304199
e9_top1_production_gate,cam2,504,1,1,4.7440361976623535
e9_top1_production_gate,cam2,505,1,1,6.944444179534912
e9_top1_production_gate,cam2,506,1,1,4.593297481536865
e9_top1_production_gate,cam2,507,1,1,2.636190891265869
e9_top1_production_gate,cam2,508,1,1,2.8510241508483887
e9_top1_production_gate,cam2,509,1,1,5.854166030883789
e9_top1_production_gate,cam2,510,1,1,2.10361385345459
e9_top1_production_gate,cam2,511,1,1,1.3982571363449097
e9_top1_production_gate,cam2,512,1,1,0.6631697416305542
e9_top1_production_gate,cam2,513,1,1,9.267369270324707
e9_top1_production_gate,cam2,514,1,1,6.666467666625977
e9_top1_production_gate,cam2,515,1,1,5.956343650817871
e9_top1_production_gate,cam2,516,1,1,13.172086715698242
e9_top1_production_gate,cam2,517,1,1,15.713827133178711
e9_top1_production_gate,cam2,518,0,1,
e9_top1_production_gate,cam2,519,0,1,
e9_top1_production_gate,cam2,520,1,1,22.76021957397461
e9_top1_production_gate,cam2,521,0,1,
e9_top1_production_gate,cam2,522,0,1,
e9_top1_production_gate,cam2,523,0,1,
e9_top1_production_gate,cam2,524,0,1,
e9_top1_production_gate,cam2,525,0,1,
e9_top1_production_gate,cam2,526,1,1,11.027149200439453
e9_top1_production_gate,cam2,527,1,1,8.952919960021973
e9_top1_production_gate,cam2,528,1,1,1.5437393188476562
e9_top1_production_gate,cam2,529,1,1,2.5506937503814697
e9_top1_production_gate,cam2,530,1,1,5.678385257720947
e9_top1_production_gate,cam2,531,1,1,3.302509069442749
e9_top1_production_gate,cam2,532,1,1,2.0307979583740234
e9_top1_production_gate,cam2,533,1,1,3.651212215423584
e9_top1_production_gate,cam2,534,1,1,3.132028341293335
e9_top1_production_gate,cam2,535,1,1,2.1302566528320312
e9_top1_production_gate,cam2,536,1,1,2.4984259605407715
e9_top1_production_gate,cam2,537,1,1,4.821378231048584
e9_top1_production_gate,cam2,538,1,1,3.5592730045318604
e9_top1_production_gate,cam2,539,1,1,2.0596566200256348
e9_top1_production_gate,cam2,540,1,1,0.7375745177268982
e9_top1_production_gate,cam2,541,1,1,2.9023630619049072
e9_top1_production_gate,cam2,542,1,1,7.263001918792725
e9_top1_production_gate,cam2,543,1,1,6.3853631019592285
e9_top1_production_gate,cam2,544,1,1,6.726202964782715
e9_top1_production_gate,cam2,545,1,1,10.268488883972168
e9_top1_production_gate,cam2,546,1,1,9.152859687805176
e9_top1_production_gate,cam2,547,1,1,8.397272109985352
e9_top1_production_gate,cam2,548,1,1,10.294281005859375
e9_top1_production_gate,cam2,549,1,1,11.975690841674805
e9_top1_production_gate,cam2,550,1,1,2.896725654602051
e9_top1_production_gate,cam2,551,1,1,3.7222137451171875
e9_top1_production_gate,cam2,552,1,1,14.777139663696289
e9_top1_production_gate,cam2,553,1,1,9.177167892456055
e9_top1_production_gate,cam2,554,1,1,7.838371276855469
e9_top1_production_gate,cam2,555,1,1,13.830389022827148
e9_top1_production_gate,cam2,556,1,1,13.729105949401855
e9_top1_production_gate,cam2,557,1,1,12.231945037841797
e9_top1_production_gate,cam2,558,1,1,12.563562393188477
e9_top1_production_gate,cam2,559,1,1,9.791553497314453
e9_top1_production_gate,cam2,560,1,1,7.718599796295166
e9_top1_production_gate,cam2,561,1,1,4.921751022338867
e9_top1_production_gate,cam2,562,1,1,5.504999160766602
e9_top1_production_gate,cam2,563,1,1,2.996514081954956
e9_top1_production_gate,cam2,564,1,1,3.8434221744537354
e9_top1_production_gate,cam2,565,1,1,1.2692338228225708
e9_top1_production_gate,cam2,566,1,1,2.355306625366211
e9_top1_production_gate,cam2,567,1,1,6.66990852355957
e9_top1_production_gate,cam2,568,1,1,8.998502731323242
e9_top1_production_gate,cam2,569,1,1,8.212440490722656
e9_top1_production_gate,cam2,570,0,1,
e9_top1_production_gate,cam2,571,0,1,
e9_top1_production_gate,cam2,572,0,1,
e9_top1_production_gate,cam2,573,0,1,
e9_top1_production_gate,cam2,574,0,1,
e9_top1_production_gate,cam2,575,0,0,
e9_top1_production_gate,cam2,576,0,0,
e9_top1_production_gate,cam2,577,0,0,
e9_top1_production_gate,cam2,578,0,0,
e9_top1_production_gate,cam2,579,0,0,
e9_top1_production_gate,cam2,580,0,0,
e9_top1_production_gate,cam2,581,0,1,
e9_top1_production_gate,cam2,582,0,1,
e9_top1_production_gate,cam2,583,0,1,
e9_top1_production_gate,cam2,584,0,1,
e9_top1_production_gate,cam2,585,0,1,
e9_top1_production_gate,cam2,586,0,1,
e9_top1_production_gate,cam2,587,0,1,
e9_top1_production_gate,cam2,588,0,2,
e9_top1_production_gate,cam2,589,0,2,
e9_top1_production_gate,cam2,590,0,1,
e9_top1_production_gate,cam2,591,0,2,
e9_top1_production_gate,cam2,592,0,1,
e9_top1_production_gate,cam2,593,0,1,
e9_top1_production_gate,cam2,594,1,1,37.42304611206055
e9_top1_production_gate,cam2,595,1,1,41.77241516113281
e9_top1_production_gate,cam2,596,0,1,
e9_top1_production_gate,cam2,597,0,0,
e9_top1_production_gate,cam2,598,0,1,
e9_top1_production_gate,cam2,599,1,1,18.393905639648438
e9_top1_production_gate,cam2,600,1,1,15.117668151855469
e9_top1_production_gate,cam2,601,1,2,
e9_top1_production_gate,cam2,602,1,1,9.77538776397705
e9_top1_production_gate,cam2,603,1,1,10.245558738708496
e9_top1_production_gate,cam2,604,1,2,
e9_top1_production_gate,cam2,605,1,2,
e9_top1_production_gate,cam2,606,1,1,3.4483859539031982
e9_top1_production_gate,cam2,607,1,1,4.498228549957275
e9_top1_production_gate,cam2,608,1,1,2.9486255645751953
e9_top1_production_gate,cam2,609,1,1,7.001166820526123
e9_top1_production_gate,cam2,610,0,1,
e9_top1_production_gate,cam2,611,0,1,
e9_top1_production_gate,cam2,612,0,2,
e9_top1_production_gate,cam2,613,0,2,
e9_top1_production_gate,cam2,614,0,1,
e9_top1_production_gate,cam2,615,0,1,
e9_top1_production_gate,cam2,616,0,1,
e9_top1_production_gate,cam2,617,0,1,
e9_top1_production_gate,cam2,618,1,1,11.710494041442871
e9_top1_production_gate,cam2,619,1,1,13.499472618103027
e9_top1_production_gate,cam2,620,1,1,10.275527954101562
e9_top1_production_gate,cam2,621,1,1,11.54915714263916
e9_top1_production_gate,cam2,622,1,1,6.787633895874023
e9_top1_production_gate,cam2,623,1,1,5.576261520385742
e9_top1_production_gate,cam2,624,1,1,4.407165050506592
e9_top1_production_gate,cam2,625,1,1,8.036765098571777
e9_top1_production_gate,cam2,626,1,1,5.673389434814453
e9_top1_production_gate,cam2,627,1,1,9.701441764831543
e9_top1_production_gate,cam2,628,1,1,11.809736251831055
e9_top1_production_gate,cam2,629,1,1,11.922738075256348
e9_top1_production_gate,cam2,630,1,1,4.053663730621338
e9_top1_production_gate,cam2,631,1,1,5.3261919021606445
e9_top1_production_gate,cam2,632,1,1,5.693828582763672
e9_top1_production_gate,cam2,633,1,1,0.7297822833061218
e9_top1_production_gate,cam2,634,1,1,3.547983169555664
e9_top1_production_gate,cam2,635,1,1,6.340393543243408
e9_top1_production_gate,cam2,636,1,1,10.999585151672363
e9_top1_production_gate,cam2,637,1,1,1.0969064235687256
e9_top1_production_gate,cam2,638,1,1,2.3821072578430176
e9_top1_production_gate,cam2,639,1,1,3.1502645015716553
e9_top1_production_gate,cam2,640,1,1,1.561827540397644
e9_top1_production_gate,cam2,641,1,1,2.192734479904175
e9_top1_production_gate,cam2,642,1,1,2.9428603649139404
e9_top1_production_gate,cam2,643,1,1,4.63995361328125
e9_top1_production_gate,cam2,644,1,1,4.548800468444824
e9_top1_production_gate,cam2,645,1,1,2.7510087490081787
e9_top1_production_gate,cam2,646,1,1,4.060400485992432
e9_top1_production_gate,cam2,647,1,1,4.097014427185059
e9_top1_production_gate,cam2,648,1,1,2.0580697059631348
e9_top1_production_gate,cam2,649,1,1,2.850794792175293
e9_top1_production_gate,cam2,650,1,1,6.45937967300415
e9_top1_production_gate,cam2,651,1,1,12.797675132751465
e9_top1_production_gate,cam2,652,1,1,5.025778770446777
e9_top1_production_gate,cam2,653,1,1,6.898828029632568
e9_top1_production_gate,cam2,654,0,1,
e9_top1_production_gate,cam2,655,1,1,2.202234983444214
e9_top1_production_gate,cam2,656,1,1,8.485750198364258
e9_top1_production_gate,cam2,657,1,1,5.756117343902588
e9_top1_production_gate,cam2,658,1,1,3.276313304901123
e9_top1_production_gate,cam2,659,1,1,6.265895366668701
e9_top1_production_gate,cam2,660,1,1,4.5436110496521
e9_top1_production_gate,cam2,661,1,1,12.052124977111816
e9_top1_production_gate,cam2,662,0,1,
e9_top1_production_gate,cam2,663,0,1,
e9_top1_production_gate,cam2,664,0,1,
e9_top1_production_gate,cam2,665,0,1,
e9_top1_production_gate,cam2,666,0,1,
e9_top1_production_gate,cam2,667,0,1,
e9_top1_production_gate,cam2,668,0,1,
e9_top1_production_gate,cam2,669,0,1,
e9_top1_production_gate,cam2,670,0,1,
e9_top1_production_gate,cam2,671,0,1,
e9_top1_production_gate,cam2,672,1,1,10.827340126037598
e9_top1_production_gate,cam2,673,0,1,
e9_top1_production_gate,cam2,674,1,1,7.453278064727783
e9_top1_production_gate,cam2,675,1,1,2.5548512935638428
e9_top1_production_gate,cam2,676,1,1,3.4620509147644043
e9_top1_production_gate,cam2,677,1,1,4.101255893707275
e9_top1_production_gate,cam2,678,1,1,4.958829402923584
e9_top1_production_gate,cam2,679,1,1,1.1639755964279175
e9_top1_production_gate,cam2,680,1,1,8.88782787322998
e9_top1_production_gate,cam2,681,0,1,
e9_top1_production_gate,cam2,682,1,1,4.022392272949219
e9_top1_production_gate,cam2,683,1,1,4.230486869812012
e9_top1_production_gate,cam2,684,1,1,4.365227699279785
e9_top1_production_gate,cam2,685,1,1,1.41853666305542
e9_top1_production_gate,cam2,686,1,1,6.975759506225586
e9_top1_production_gate,cam2,687,1,1,2.193819999694824
e9_top1_production_gate,cam2,688,1,1,2.7090706825256348
e9_top1_production_gate,cam2,689,1,1,8.274898529052734
e9_top1_production_gate,cam2,690,1,1,6.3504204750061035
e9_top1_production_gate,cam2,691,1,1,3.1401588916778564
e9_top1_production_gate,cam2,692,1,1,2.523259401321411
e9_top1_production_gate,cam2,693,1,1,2.6918084621429443
e9_top1_production_gate,cam2,694,1,1,6.212719440460205
e9_top1_production_gate,cam2,695,1,1,4.806077480316162
e9_top1_production_gate,cam2,696,1,1,4.342555999755859
e9_top1_production_gate,cam2,697,1,1,4.316390037536621
e9_top1_production_gate,cam2,698,1,1,7.882082939147949
e9_top1_production_gate,cam2,699,1,1,9.563078880310059
e9_top1_production_gate,cam2,700,1,1,9.661504745483398
e9_top1_production_gate,cam2,701,1,1,6.869765281677246
e9_top1_production_gate,cam2,702,1,1,9.012953758239746
e9_top1_production_gate,cam2,703,1,1,14.903820037841797
e9_top1_production_gate,cam2,704,1,1,5.316931247711182
e9_top1_production_gate,cam2,705,1,1,14.336064338684082
e9_top1_production_gate,cam2,706,1,1,1.7791658639907837
e9_top1_production_gate,cam2,707,1,1,1.1478251218795776
e9_top1_production_gate,cam2,708,1,1,1.0081006288528442
e9_top1_production_gate,cam2,709,1,1,6.096144676208496
e9_top1_production_gate,cam2,710,1,1,5.045507431030273
e9_top1_production_gate,cam2,711,1,1,2.049710750579834
e9_top1_production_gate,cam2,712,1,1,1.8322221040725708
e9_top1_production_gate,cam2,713,1,1,1.7062578201293945
e9_top1_production_gate,cam2,714,1,1,1.8133718967437744
e9_top1_production_gate,cam2,715,1,1,1.9167523384094238
e9_top1_production_gate,cam2,716,1,1,1.9713159799575806
e9_top1_production_gate,cam2,717,1,1,2.226064443588257
e9_top1_production_gate,cam2,718,1,1,4.159860134124756
e9_top1_production_gate,cam2,719,1,1,4.23358678817749
e9_top1_production_gate,cam2,720,1,1,4.659875869750977
e9_top1_production_gate,cam2,721,1,1,3.077086925506592
e9_top1_production_gate,cam2,722,1,1,3.628892421722412
e9_top1_production_gate,cam2,723,1,1,3.852173328399658
e9_top1_production_gate,cam2,724,1,1,0.9449155330657959
e9_top1_production_gate,cam2,725,1,1,2.3638296127319336
e9_top1_production_gate,cam2,726,1,1,3.051316261291504
e9_top1_production_gate,cam2,727,1,1,3.755819320678711
e9_top1_production_gate,cam2,728,1,1,3.43094539642334
e9_top1_production_gate,cam2,729,1,1,3.2483181953430176
e9_top1_production_gate,cam2,730,1,1,2.6610395908355713
e9_top1_production_gate,cam2,731,1,1,6.009749889373779
e9_top1_production_gate,cam2,732,1,1,3.4844815731048584
e9_top1_production_gate,cam2,733,1,1,3.1634554862976074
e9_top1_production_gate,cam2,734,1,1,3.0424399375915527
e9_top1_production_gate,cam2,735,1,1,3.902813196182251
e9_top1_production_gate,cam2,736,1,1,2.7252774238586426
e9_top1_production_gate,cam2,737,1,1,2.048788547515869
e9_top1_production_gate,cam2,738,1,1,3.739300012588501
e9_top1_production_gate,cam2,739,1,1,3.570322036743164
e9_top1_production_gate,cam2,740,1,1,3.1867339611053467
e9_top1_production_gate,cam2,741,1,1,8.44084644317627
e9_top1_production_gate,cam2,742,1,1,7.23008918762207
e9_top1_production_gate,cam2,743,1,1,3.314849376678467
e9_top1_production_gate,cam2,744,1,1,4.508004188537598
e9_top1_production_gate,cam2,745,1,1,6.234436988830566
e9_top1_production_gate,cam2,746,1,1,1.9333738088607788
e9_top1_production_gate,cam2,747,1,1,2.526763677597046
e9_top1_production_gate,cam2,748,1,1,7.183012962341309
e9_top1_production_gate,cam2,749,1,1,9.96932601928711
e9_top1_production_gate,cam2,750,1,1,5.799352169036865
e9_top1_production_gate,cam2,751,1,1,6.061666011810303
e9_top1_production_gate,cam2,752,1,1,8.870945930480957
e9_top1_production_gate,cam2,753,1,1,4.19221830368042
e9_top1_production_gate,cam2,754,0,1,
e9_top1_production_gate,cam2,755,0,1,
e9_top1_production_gate,cam2,756,0,1,
e9_top1_production_gate,cam2,757,0,1,
e9_top1_production_gate,cam2,758,0,1,
e9_top1_production_gate,cam2,759,0,1,
e9_top1_production_gate,cam2,760,0,1,
e9_top1_production_gate,cam2,761,0,1,
e9_top1_production_gate,cam2,762,0,1,
e9_top1_production_gate,cam2,763,0,1,
e9_top1_production_gate,cam2,764,0,1,
e9_top1_production_gate,cam2,765,0,1,
e9_top1_production_gate,cam2,766,1,1,7.829610347747803
e9_top1_production_gate,cam2,767,1,1,3.6027979850769043
e9_top1_production_gate,cam2,768,1,1,8.900798797607422
e9_top1_production_gate,cam2,769,1,1,5.462775707244873
e9_top1_production_gate,cam2,770,1,1,8.5405912399292
e9_top1_production_gate,cam2,771,1,1,8.731880187988281
e9_top1_production_gate,cam2,772,1,1,4.462460994720459
e9_top1_production_gate,cam2,773,1,1,5.328713417053223
e9_top1_production_gate,cam2,774,1,1,4.243896961212158
e9_top1_production_gate,cam2,775,1,1,1.8427153825759888
e9_top1_production_gate,cam2,776,1,1,3.5252702236175537
e9_top1_production_gate,cam2,777,1,1,6.696009159088135
e9_top1_production_gate,cam2,778,1,1,8.687487602233887
e9_top1_production_gate,cam2,779,1,1,11.183547973632812
e9_top1_production_gate,cam2,780,1,1,4.776590347290039
e9_top1_production_gate,cam2,781,1,1,7.8352131843566895
e9_top1_production_gate,cam2,782,1,1,6.762201309204102
e9_top1_production_gate,cam2,783,1,1,7.934900283813477
e9_top1_production_gate,cam2,784,1,1,6.913231372833252
e9_top1_production_gate,cam2,785,1,1,10.002047538757324
e9_top1_production_gate,cam2,786,1,1,1.0378079414367676
e9_top1_production_gate,cam2,787,1,1,4.699673175811768
e9_top1_production_gate,cam2,788,1,1,3.102931022644043
e9_top1_production_gate,cam2,789,1,1,5.174677848815918
e9_top1_production_gate,cam2,790,1,1,1.0562437772750854
e9_top1_production_gate,cam2,791,1,1,4.736207008361816
e9_top1_production_gate,cam2,792,1,1,5.354867458343506
e9_top1_production_gate,cam2,793,1,1,4.611306190490723
e9_top1_production_gate,cam2,794,0,1,
e9_top1_production_gate,cam2,795,0,1,
e9_top1_production_gate,cam2,796,0,1,
e9_top1_production_gate,cam2,797,0,1,
e9_top1_production_gate,cam2,798,0,1,
e9_top1_production_gate,cam2,799,0,1,
e9_top1_production_gate,cam2,800,0,1,
e9_top1_production_gate,cam2,801,0,1,
e9_top1_production_gate,cam2,802,0,1,
e9_top1_production_gate,cam2,803,0,1,
e9_top1_production_gate,cam2,804,0,1,
e9_top1_production_gate,cam2,805,0,1,
e9_top1_production_gate,cam2,806,1,1,352.84765625
e9_top1_production_gate,cam2,807,1,1,348.9337463378906
e9_top1_production_gate,cam2,808,1,1,344.2998962402344
e9_top1_production_gate,cam2,809,1,1,334.0282287597656
e9_top1_production_gate,cam2,810,1,1,332.0664978027344
e9_top1_production_gate,cam2,811,1,1,327.76171875
e9_top1_production_gate,cam2,812,1,1,326.2508239746094
e9_top1_production_gate,cam2,813,1,1,322.5454406738281
e9_top1_production_gate,cam2,814,1,1,311.5419006347656
e9_top1_production_gate,cam2,815,1,1,314.6197204589844
e9_top1_production_gate,cam2,816,1,1,308.62139892578125
e9_top1_production_gate,cam2,817,1,1,305.8810729980469
e9_top1_production_gate,cam2,818,1,1,3.5295772552490234
e9_top1_production_gate,cam2,819,1,1,2.96787428855896
e9_top1_production_gate,cam2,820,1,1,3.2382895946502686
e9_top1_production_gate,cam2,821,1,1,11.25246524810791
e9_top1_production_gate,cam2,822,1,1,9.395734786987305
e9_top1_production_gate,cam2,823,1,1,6.45068883895874
e9_top1_production_gate,cam2,824,1,1,5.078890323638916
e9_top1_production_gate,cam2,825,1,1,2.950161933898926
e9_top1_production_gate,cam2,826,1,1,5.436801910400391
e9_top1_production_gate,cam2,827,1,1,10.330594062805176
e9_top1_production_gate,cam2,828,1,1,8.32925796508789
e9_top1_production_gate,cam2,829,1,1,2.299708604812622
e9_top1_production_gate,cam2,830,1,1,11.036046981811523
e9_top1_production_gate,cam2,831,1,1,13.176231384277344
e9_top1_production_gate,cam2,832,1,1,7.424887180328369
e9_top1_production_gate,cam2,833,1,1,6.262801647186279
e9_top1_production_gate,cam2,834,1,1,9.588047981262207
e9_top1_production_gate,cam2,835,1,1,5.494414329528809
e9_top1_production_gate,cam2,836,1,1,2.728147029876709
e9_top1_production_gate,cam2,837,1,1,3.2088942527770996
e9_top1_production_gate,cam2,838,1,1,3.5948009490966797
e9_top1_production_gate,cam2,839,1,1,3.1276473999023438
e9_top1_production_gate,cam2,840,1,1,7.303922176361084
e9_top1_production_gate,cam2,841,1,1,4.207049369812012
e9_top1_production_gate,cam2,842,1,1,13.821578025817871
e9_top1_production_gate,cam2,843,1,1,14.117792129516602
e9_top1_production_gate,cam2,844,1,1,5.057897090911865
e9_top1_production_gate,cam2,845,1,1,4.4207963943481445
e9_top1_production_gate,cam2,846,1,2,
e9_top1_production_gate,cam2,847,1,1,2.8881335258483887
e9_top1_production_gate,cam2,848,1,1,1.140193223953247
e9_top1_production_gate,cam2,849,1,1,3.252009391784668
e9_top1_production_gate,cam2,850,1,1,2.268117666244507
e9_top1_production_gate,cam2,851,1,1,4.378571033477783
e9_top1_production_gate,cam2,852,1,1,4.245964050292969
e9_top1_production_gate,cam2,853,1,1,4.735716342926025
e9_top1_production_gate,cam2,854,1,1,2.1691341400146484
e9_top1_production_gate,cam2,855,1,1,2.2842650413513184
e9_top1_production_gate,cam2,856,1,1,1.9703459739685059
e9_top1_production_gate,cam2,857,1,1,1.468607783317566
e9_top1_production_gate,cam2,858,1,1,2.0739452838897705
e9_top1_production_gate,cam2,859,1,1,1.4523234367370605
e9_top1_production_gate,cam2,860,1,1,2.5311741828918457
e9_top1_production_gate,cam2,861,1,1,4.641097068786621
e9_top1_production_gate,cam2,862,1,1,6.985306262969971
e9_top1_production_gate,cam2,863,1,1,2.7002627849578857
e9_top1_production_gate,cam2,864,1,1,5.361563682556152
e9_top1_production_gate,cam2,865,1,1,6.431303024291992
e9_top1_production_gate,cam2,866,1,1,6.707201957702637
e9_top1_production_gate,cam2,867,1,1,3.185088872909546
e9_top1_production_gate,cam2,868,1,1,4.022330284118652
e9_top1_production_gate,cam2,869,1,1,3.1341488361358643
e9_top1_production_gate,cam2,870,1,1,3.897203207015991
e9_top1_production_gate,cam2,871,1,1,4.002714157104492
e9_top1_production_gate,cam2,872,1,1,3.891125202178955
e9_top1_production_gate,cam2,873,1,1,3.790818929672241
e9_top1_production_gate,cam2,874,1,1,4.237278938293457
e9_top1_production_gate,cam2,875,1,1,2.8517394065856934
e9_top1_production_gate,cam2,876,1,1,3.923482656478882
e9_top1_production_gate,cam2,877,1,1,5.068517208099365
e9_top1_production_gate,cam2,878,1,1,7.661836624145508
e9_top1_production_gate,cam2,879,1,1,8.089395523071289
e9_top1_production_gate,cam2,880,1,1,4.4040703773498535
e9_top1_production_gate,cam2,881,1,1,7.857685565948486
e9_top1_production_gate,cam2,882,0,1,
e9_top1_production_gate,cam2,883,0,1,
e9_top1_production_gate,cam2,884,0,1,
e9_top1_production_gate,cam2,885,0,1,
e9_top1_production_gate,cam2,886,0,1,
e9_top1_production_gate,cam2,887,0,1,
e9_top1_production_gate,cam2,888,0,1,
e9_top1_production_gate,cam2,889,0,1,
e9_top1_production_gate,cam2,890,0,1,
e9_top1_production_gate,cam2,891,0,1,
e9_top1_production_gate,cam2,892,0,1,
e9_top1_production_gate,cam2,893,0,1,
e9_top1_production_gate,cam2,894,0,1,
e9_top1_production_gate,cam2,895,0,1,
e9_top1_production_gate,cam2,896,0,1,
e9_top1_production_gate,cam2,897,0,1,
e9_top1_production_gate,cam2,898,0,1,
e9_top1_production_gate,cam2,899,0,1,
e9_top1_production_gate,cam2,900,0,1,
e9_top1_production_gate,cam2,901,0,1,
e9_top1_production_gate,cam2,902,1,1,5.776463985443115
e9_top1_production_gate,cam2,903,1,1,6.952213287353516
e9_top1_production_gate,cam2,904,1,1,4.454561710357666
e9_top1_production_gate,cam2,905,1,1,4.576301097869873
e9_top1_production_gate,cam2,906,0,1,
e9_top1_production_gate,cam2,907,0,1,
e9_top1_production_gate,cam2,908,0,1,
e9_top1_production_gate,cam2,909,0,1,
e9_top1_production_gate,cam2,910,0,1,
e9_top1_production_gate,cam2,911,1,1,60.68335723876953
e9_top1_production_gate,cam2,912,1,1,65.03839874267578
e9_top1_production_gate,cam2,913,1,1,58.23116683959961
e9_top1_production_gate,cam2,914,1,1,65.0899887084961
e9_top1_production_gate,cam2,915,1,1,13.677417755126953
e9_top1_production_gate,cam2,916,1,1,65.63241577148438
e9_top1_production_gate,cam2,917,0,1,
e9_top1_production_gate,cam2,918,1,1,11.435478210449219
e9_top1_production_gate,cam2,919,1,1,6.613130569458008
e9_top1_production_gate,cam2,920,1,1,5.243361949920654
e9_top1_production_gate,cam2,921,1,1,5.024406433105469
e9_top1_production_gate,cam2,922,1,1,6.328922748565674
e9_top1_production_gate,cam2,923,1,1,3.221095561981201
e9_top1_production_gate,cam2,924,1,1,0.9075802564620972
e9_top1_production_gate,cam2,925,1,1,6.262048721313477
e9_top1_production_gate,cam2,926,1,1,2.770671844482422
e9_top1_production_gate,cam2,927,1,1,3.003389596939087
e9_top1_production_gate,cam2,928,1,1,2.6171905994415283
e9_top1_production_gate,cam2,929,1,1,3.0590059757232666
e9_top1_production_gate,cam2,930,1,1,0.6499622464179993
e9_top1_production_gate,cam2,931,1,1,4.249024391174316
e9_top1_production_gate,cam2,932,1,1,5.938129425048828
e9_top1_production_gate,cam2,933,1,1,3.1397829055786133
e9_top1_production_gate,cam2,934,1,1,5.237649440765381
e9_top1_production_gate,cam2,935,1,1,3.5357933044433594
e9_top1_production_gate,cam2,936,1,1,2.1532607078552246
e9_top1_production_gate,cam2,937,1,1,10.384407997131348
e9_top1_production_gate,cam2,938,1,1,3.9756124019622803
e9_top1_production_gate,cam2,939,1,1,6.411203861236572
e9_top1_production_gate,cam2,940,1,1,1.7257124185562134
e9_top1_production_gate,cam2,941,1,1,2.015960454940796
e9_top1_production_gate,cam2,942,0,1,
e9_top1_production_gate,cam2,943,0,1,
e9_top1_production_gate,cam2,944,0,1,
e9_top1_production_gate,cam2,945,0,1,
e9_top1_production_gate,cam2,946,0,1,
e9_top1_production_gate,cam2,947,0,1,
e9_top1_production_gate,cam2,948,1,1,2.7210605144500732
e9_top1_production_gate,cam2,949,1,1,4.807744026184082
e9_top1_production_gate,cam2,950,0,1,
e9_top1_production_gate,cam2,951,0,1,
e9_top1_production_gate,cam2,952,0,1,
e9_top1_production_gate,cam2,953,1,1,5.001165390014648
e9_top1_production_gate,cam2,954,0,1,
e9_top1_production_gate,cam2,955,0,1,
e9_top1_production_gate,cam2,956,0,1,
e9_top1_production_gate,cam2,957,0,1,
e9_top1_production_gate,cam2,958,0,1,
e9_top1_production_gate,cam2,959,0,1,
e9_top1_production_gate,cam2,960,0,1,
e9_top1_production_gate,cam2,961,0,1,
e9_top1_production_gate,cam2,962,0,1,
e9_top1_production_gate,cam2,963,1,1,5.196000576019287
e9_top1_production_gate,cam2,964,1,1,7.921498775482178
e9_top1_production_gate,cam2,965,1,1,2.5713913440704346
e9_top1_production_gate,cam2,966,1,1,1.6021519899368286
e9_top1_production_gate,cam2,967,1,1,3.1139345169067383
e9_top1_production_gate,cam2,968,1,1,4.272494792938232
e9_top1_production_gate,cam2,969,1,1,2.4737741947174072
e9_top1_production_gate,cam2,970,1,1,5.092314720153809
e9_top1_production_gate,cam2,971,1,1,4.682648658752441
e9_top1_production_gate,cam2,972,1,1,5.329851150512695
e9_top1_production_gate,cam2,973,1,1,4.136412143707275
e9_top1_production_gate,cam2,974,1,1,6.50439453125
e9_top1_production_gate,cam2,975,1,1,7.475897312164307
e9_top1_production_gate,cam2,976,1,1,4.639681816101074
e9_top1_production_gate,cam2,977,1,1,5.1483941078186035
e9_top1_production_gate,cam2,978,1,1,3.2918667793273926
e9_top1_production_gate,cam2,979,1,1,3.2234630584716797
e9_top1_production_gate,cam2,980,1,1,3.920377492904663
e9_top1_production_gate,cam2,981,1,1,8.289704322814941
e9_top1_production_gate,cam2,982,1,1,9.825251579284668
e9_top1_production_gate,cam2,983,1,1,4.374791622161865
e9_top1_production_gate,cam2,984,1,1,4.736053466796875
e9_top1_production_gate,cam2,985,1,1,7.893930435180664
e9_top1_production_gate,cam2,986,1,1,10.261335372924805
e9_top1_production_gate,cam2,987,1,1,4.958894729614258
e9_top1_production_gate,cam2,988,1,1,2.484426736831665
e9_top1_production_gate,cam2,989,1,1,5.081151485443115
e9_top1_production_gate,cam2,990,0,1,
e9_top1_production_gate,cam2,991,0,1,
e9_top1_production_gate,cam2,992,0,1,
e9_top1_production_gate,cam2,993,0,1,
e9_top1_production_gate,cam2,994,0,1,
e9_top1_production_gate,cam2,995,0,1,
e9_top1_production_gate,cam2,996,0,1,
e9_top1_production_gate,cam2,997,0,1,
e9_top1_production_gate,cam2,998,0,1,
e9_top1_production_gate,cam2,999,0,1,
e9_top1_production_gate,cam2,1000,0,1,
e9_top1_production_gate,cam2,1001,0,1,
e9_top1_production_gate,cam2,1002,1,1,2.0572056770324707
e9_top1_production_gate,cam2,1003,1,1,10.248887062072754
e9_top1_production_gate,cam2,1004,1,1,2.333904504776001
e9_top1_production_gate,cam2,1005,1,1,4.212186336517334
e9_top1_production_gate,cam2,1006,1,1,3.636110782623291
e9_top1_production_gate,cam2,1007,1,1,7.613572597503662
e9_top1_production_gate,cam2,1008,1,1,5.142397880554199
e9_top1_production_gate,cam2,1009,1,1,7.548661231994629
production,cam0,0,0,1,
production,cam0,1,1,1,136.07496643066406
production,cam0,2,1,1,113.211669921875
production,cam0,3,0,1,
production,cam0,4,1,1,16.580726623535156
production,cam0,5,1,1,10.602951049804688
production,cam0,6,1,1,7.990749359130859
production,cam0,7,1,1,4.501835823059082
production,cam0,8,1,1,4.710914134979248
production,cam0,9,1,1,2.844395399093628
production,cam0,10,1,1,5.634765625
production,cam0,11,1,1,16.8638973236084
production,cam0,12,1,1,16.143342971801758
production,cam0,13,1,1,6.024411678314209
production,cam0,14,1,1,4.8402509689331055
production,cam0,15,1,1,0.9560848474502563
production,cam0,16,1,1,2.591597080230713
production,cam0,17,1,1,3.0758626461029053
production,cam0,18,1,1,2.1608567237854004
production,cam0,19,1,1,9.38100814819336
production,cam0,20,0,1,
production,cam0,21,0,2,
production,cam0,22,0,2,
production,cam0,23,0,2,
production,cam0,24,0,2,
production,cam0,25,0,1,
production,cam0,26,0,1,
production,cam0,27,0,1,
production,cam0,28,0,1,
production,cam0,29,0,1,
production,cam0,30,0,1,
production,cam0,31,0,1,
production,cam0,32,0,1,
production,cam0,33,0,1,
production,cam0,34,0,1,
production,cam0,35,0,1,
production,cam0,36,0,1,
production,cam0,37,0,1,
production,cam0,38,0,1,
production,cam0,39,0,1,
production,cam0,40,0,1,
production,cam0,41,0,1,
production,cam0,42,0,1,
production,cam0,43,0,1,
production,cam0,44,0,1,
production,cam0,45,0,1,
production,cam0,46,0,1,
production,cam0,47,0,2,
production,cam0,48,0,1,
production,cam0,49,0,2,
production,cam0,50,0,2,
production,cam0,51,0,2,
production,cam0,52,0,1,
production,cam0,53,0,1,
production,cam0,54,0,2,
production,cam0,55,0,2,
production,cam0,56,0,1,
production,cam0,57,0,1,
production,cam0,58,0,2,
production,cam0,59,0,2,
production,cam0,60,0,2,
production,cam0,61,0,1,
production,cam0,62,0,2,
production,cam0,63,0,2,
production,cam0,64,0,1,
production,cam0,65,0,2,
production,cam0,66,0,1,
production,cam0,67,0,1,
production,cam0,68,0,1,
production,cam0,69,0,1,
production,cam0,70,0,1,
production,cam0,71,0,1,
production,cam0,72,0,1,
production,cam0,73,0,1,
production,cam0,74,0,1,
production,cam0,75,0,1,
production,cam0,76,0,1,
production,cam0,77,0,1,
production,cam0,78,0,1,
production,cam0,79,0,1,
production,cam0,80,0,1,
production,cam0,81,0,1,
production,cam0,82,0,1,
production,cam0,83,0,1,
production,cam0,84,0,1,
production,cam0,85,0,1,
production,cam0,86,0,0,
production,cam0,87,0,0,
production,cam0,88,0,0,
production,cam0,89,0,1,
production,cam0,90,0,1,
production,cam0,91,0,1,
production,cam0,92,0,1,
production,cam0,93,0,1,
production,cam0,94,0,1,
production,cam0,95,0,1,
production,cam0,96,0,2,
production,cam0,97,0,1,
production,cam0,98,0,0,
production,cam0,99,0,0,
production,cam0,100,0,0,
production,cam0,101,0,0,
production,cam0,102,0,0,
production,cam0,103,0,0,
production,cam0,104,0,0,
production,cam0,105,0,1,
production,cam0,106,0,1,
production,cam0,107,0,1,
production,cam0,108,0,1,
production,cam0,109,0,1,
production,cam0,110,0,2,
production,cam0,111,0,1,
production,cam0,112,0,1,
production,cam0,113,1,1,249.74427795410156
production,cam0,114,1,1,249.3488006591797
production,cam0,115,1,1,246.6456298828125
production,cam0,116,1,1,242.28704833984375
production,cam0,117,1,1,237.8509979248047
production,cam0,118,1,1,236.91111755371094
production,cam0,119,1,1,231.50257873535156
production,cam0,120,1,2,
production,cam0,121,1,2,
production,cam0,122,1,2,
production,cam0,123,1,1,211.79896545410156
production,cam0,124,1,1,204.91973876953125
production,cam0,125,1,2,
production,cam0,126,1,1,193.4364776611328
production,cam0,127,1,1,195.22564697265625
production,cam0,128,1,1,186.8028564453125
production,cam0,129,1,1,181.57366943359375
production,cam0,130,1,1,179.9134063720703
production,cam0,131,0,1,
production,cam0,132,1,1,169.0248565673828
production,cam0,133,1,1,164.9672393798828
production,cam0,134,0,2,
production,cam0,135,0,1,
production,cam0,136,0,1,
production,cam0,137,0,2,
production,cam0,138,0,1,
production,cam0,139,0,1,
production,cam0,140,0,1,
production,cam0,141,0,2,
production,cam0,142,0,1,
production,cam0,143,0,1,
production,cam0,144,0,1,
production,cam0,145,0,1,
production,cam0,146,0,1,
production,cam0,147,0,2,
production,cam0,148,1,1,89.48199462890625
production,cam0,149,1,1,78.14839935302734
production,cam0,150,1,1,72.24628448486328
production,cam0,151,1,1,65.59313201904297
production,cam0,152,0,1,
production,cam0,153,0,1,
production,cam0,154,0,1,
production,cam0,155,1,1,46.5047492980957
production,cam0,156,0,1,
production,cam0,157,0,1,
production,cam0,158,0,1,
production,cam0,159,0,1,
production,cam0,160,0,1,
production,cam0,161,0,1,
production,cam0,162,0,1,
production,cam0,163,0,1,
production,cam0,164,0,1,
production,cam0,165,0,1,
production,cam0,166,0,1,
production,cam0,167,0,1,
production,cam0,168,0,1,
production,cam0,169,0,1,
production,cam0,170,0,1,
production,cam0,171,0,1,
production,cam0,172,0,1,
production,cam0,173,0,1,
production,cam0,174,0,1,
production,cam0,175,0,1,
production,cam0,176,0,1,
production,cam0,177,0,1,
production,cam0,178,0,1,
production,cam0,179,0,1,
production,cam0,180,0,1,
production,cam0,181,0,1,
production,cam0,182,0,1,
production,cam0,183,0,1,
production,cam0,184,1,1,5.308963775634766
production,cam0,185,1,1,4.531208515167236
production,cam0,186,1,1,3.8700907230377197
production,cam0,187,1,1,2.9681379795074463
production,cam0,188,1,1,6.9630208015441895
production,cam0,189,1,1,7.389262676239014
production,cam0,190,1,1,6.556755542755127
production,cam0,191,1,1,12.455158233642578
production,cam0,192,1,1,3.3363542556762695
production,cam0,193,1,1,8.637351989746094
production,cam0,194,1,1,5.0871076583862305
production,cam0,195,1,1,7.8793625831604
production,cam0,196,1,1,4.692607879638672
production,cam0,197,1,1,1.6873373985290527
production,cam0,198,1,1,3.9628567695617676
production,cam0,199,1,1,8.024688720703125
production,cam0,200,0,1,
production,cam0,201,0,1,
production,cam0,202,0,1,
production,cam0,203,0,1,
production,cam0,204,0,1,
production,cam0,205,0,1,
production,cam0,206,0,1,
production,cam0,207,0,1,
production,cam0,208,0,1,
production,cam0,209,0,1,
production,cam0,210,0,1,
production,cam0,211,0,1,
production,cam0,212,0,1,
production,cam0,213,0,1,
production,cam0,214,0,1,
production,cam0,215,0,1,
production,cam0,216,0,1,
production,cam0,217,0,1,
production,cam0,218,0,0,
production,cam0,219,0,0,
production,cam0,220,0,0,
production,cam0,221,0,1,
production,cam0,222,0,1,
production,cam0,223,0,1,
production,cam0,224,1,1,29.65569305419922
production,cam0,225,1,1,10.5626802444458
production,cam0,226,1,1,4.557927131652832
production,cam0,227,1,1,6.676755905151367
production,cam0,228,1,1,7.573702812194824
production,cam0,229,1,1,4.665765762329102
production,cam0,230,1,1,8.468774795532227
production,cam0,231,1,1,12.256354331970215
production,cam0,232,1,1,3.107020378112793
production,cam0,233,1,1,4.199695110321045
production,cam0,234,1,1,1.5704872608184814
production,cam0,235,1,1,11.874787330627441
production,cam0,236,0,1,
production,cam0,237,0,1,
production,cam0,238,0,1,
production,cam0,239,0,1,
production,cam0,240,0,1,
production,cam0,241,1,1,6.486827373504639
production,cam0,242,0,1,
production,cam0,243,0,2,
production,cam0,244,0,1,
production,cam0,245,0,1,
production,cam0,246,0,1,
production,cam0,247,0,1,
production,cam0,248,0,1,
production,cam0,249,0,1,
production,cam0,250,0,1,
production,cam0,251,0,1,
production,cam0,252,0,1,
production,cam0,253,0,1,
production,cam0,254,0,1,
production,cam0,255,0,1,
production,cam0,256,0,1,
production,cam0,257,0,1,
production,cam0,258,0,1,
production,cam0,259,0,1,
production,cam0,260,0,1,
production,cam0,261,0,1,
production,cam0,262,0,1,
production,cam0,263,0,1,
production,cam0,264,1,1,189.76840209960938
production,cam0,265,1,1,193.3889923095703
production,cam0,266,1,1,196.3753662109375
production,cam0,267,0,1,
production,cam0,268,0,1,
production,cam0,269,0,1,
production,cam0,270,1,1,211.12977600097656
production,cam0,271,1,1,219.1883087158203
production,cam0,272,1,2,
production,cam0,273,1,2,
production,cam0,274,1,2,
production,cam0,275,0,1,
production,cam0,276,0,2,
production,cam0,277,0,2,
production,cam0,278,0,1,
production,cam0,279,0,0,
production,cam0,280,0,1,
production,cam0,281,0,0,
production,cam0,282,1,0,
production,cam0,283,1,0,
production,cam0,284,1,0,
production,cam0,285,0,1,
production,cam0,286,0,1,
production,cam0,287,1,2,
production,cam0,288,1,1,283.0755615234375
production,cam0,289,1,1,284.9307861328125
production,cam0,290,1,1,284.6853942871094
production,cam0,291,1,1,280.9360046386719
production,cam0,292,0,2,
production,cam0,293,0,1,
production,cam0,294,0,1,
production,cam0,295,0,1,
production,cam0,296,0,1,
production,cam0,297,0,1,
production,cam0,298,0,1,
production,cam0,299,0,2,
production,cam0,300,1,1,313.90618896484375
production,cam0,301,1,1,311.94781494140625
production,cam0,302,1,1,312.262939453125
production,cam0,303,0,2,
production,cam0,304,0,2,
production,cam0,305,0,1,
production,cam0,306,1,1,315.7864685058594
production,cam0,307,1,0,
production,cam0,308,1,1,312.9256591796875
production,cam0,309,1,1,314.1219177246094
production,cam0,310,1,1,315.6907043457031
production,cam0,311,0,2,
production,cam0,312,1,2,
production,cam0,313,1,1,308.13519287109375
production,cam0,314,0,1,
production,cam0,315,0,1,
production,cam0,316,0,1,
production,cam0,317,0,1,
production,cam0,318,0,1,
production,cam0,319,1,1,290.480224609375
production,cam0,320,0,1,
production,cam0,321,0,1,
production,cam0,322,0,1,
production,cam0,323,0,1,
production,cam0,324,0,1,
production,cam0,325,0,1,
production,cam0,326,0,1,
production,cam0,327,0,1,
production,cam0,328,0,1,
production,cam0,329,0,1,
production,cam0,330,0,1,
production,cam0,331,0,1,
production,cam0,332,0,1,
production,cam0,333,0,1,
production,cam0,334,0,1,
production,cam0,335,0,1,
production,cam0,336,0,1,
production,cam0,337,0,2,
production,cam0,338,1,1,573.916259765625
production,cam0,339,0,1,
production,cam0,340,0,1,
production,cam0,341,0,1,
production,cam0,342,0,1,
production,cam0,343,0,1,
production,cam0,344,1,1,227.33535766601562
production,cam0,345,1,2,
production,cam0,346,1,1,226.11399841308594
production,cam0,347,1,1,222.56556701660156
production,cam0,348,0,1,
production,cam0,349,0,1,
production,cam0,350,0,1,
production,cam0,351,0,1,
production,cam0,352,1,1,530.4254150390625
production,cam0,353,1,1,524.6509399414062
production,cam0,354,1,1,515.4595336914062
production,cam0,355,0,1,
production,cam0,356,1,1,10.979422569274902
production,cam0,357,0,1,
production,cam0,358,1,1,4.687997817993164
production,cam0,359,0,1,
production,cam0,360,0,1,
production,cam0,361,1,1,0.6991357207298279
production,cam0,362,1,1,6.851346015930176
production,cam0,363,1,1,9.455536842346191
production,cam0,364,1,1,5.5866265296936035
production,cam0,365,1,1,2.444366216659546
production,cam0,366,1,1,4.539225101470947
production,cam0,367,1,1,5.348606109619141
production,cam0,368,1,1,4.973374366760254
production,cam0,369,1,1,0.5823451280593872
production,cam0,370,1,1,5.706905364990234
production,cam0,371,1,1,4.822259902954102
production,cam0,372,1,1,4.828732967376709
production,cam0,373,1,1,5.624875545501709
production,cam0,374,1,1,4.892807960510254
production,cam0,375,1,1,6.46880578994751
production,cam0,376,1,1,5.804044723510742
production,cam0,377,1,1,3.8157336711883545
production,cam0,378,1,1,7.143794536590576
production,cam0,379,1,1,1.617540955543518
production,cam0,380,1,1,3.5902915000915527
production,cam0,381,1,1,5.015548229217529
production,cam0,382,1,1,4.251352310180664
production,cam0,383,1,1,2.2819008827209473
production,cam0,384,1,1,4.254585266113281
production,cam0,385,1,1,2.531149387359619
production,cam0,386,1,1,2.9239437580108643
production,cam0,387,1,1,3.1433534622192383
production,cam0,388,1,1,3.7301127910614014
production,cam0,389,1,1,7.368523120880127
production,cam0,390,1,1,6.531111240386963
production,cam0,391,1,1,14.98569393157959
production,cam0,392,0,1,
production,cam0,393,1,1,5.638108253479004
production,cam0,394,1,1,8.326274871826172
production,cam0,395,1,1,54.35001754760742
production,cam0,396,1,1,61.30167007446289
production,cam0,397,0,1,
production,cam0,398,1,1,53.449642181396484
production,cam0,399,1,1,56.344608306884766
production,cam0,400,1,1,3.383418560028076
production,cam0,401,1,1,0.8535851836204529
production,cam0,402,1,1,0.8113073706626892
production,cam0,403,1,1,1.3128870725631714
production,cam0,404,1,1,0.6095786690711975
production,cam0,405,1,1,1.2468669414520264
production,cam0,406,1,1,1.7510244846343994
production,cam0,407,1,1,5.102587699890137
production,cam0,408,1,1,0.7507091760635376
production,cam0,409,1,1,1.953701138496399
production,cam0,410,1,1,5.415524005889893
production,cam0,411,1,1,7.643467426300049
production,cam0,412,1,1,7.779211521148682
production,cam0,413,1,1,8.705710411071777
production,cam0,414,1,1,11.5848388671875
production,cam0,415,1,1,6.378302097320557
production,cam0,416,1,1,5.516536712646484
production,cam0,417,1,1,4.75029993057251
production,cam0,418,1,1,2.133315324783325
production,cam0,419,1,1,0.5682972073554993
production,cam0,420,1,1,5.084795951843262
production,cam0,421,1,1,4.488393306732178
production,cam0,422,1,1,7.2313408851623535
production,cam0,423,1,1,6.815371513366699
production,cam0,424,1,1,2.2306599617004395
production,cam0,425,1,1,11.177445411682129
production,cam0,426,1,1,11.86152172088623
production,cam0,427,1,1,7.635736465454102
production,cam0,428,1,0,
production,cam0,429,1,0,
production,cam0,430,1,0,
production,cam0,431,1,0,
production,cam0,432,1,0,
production,cam0,433,1,1,21.014774322509766
production,cam0,434,0,1,
production,cam0,435,1,1,15.336098670959473
production,cam0,436,1,1,6.199920654296875
production,cam0,437,1,1,4.629971027374268
production,cam0,438,1,1,9.750654220581055
production,cam0,439,1,1,15.064179420471191
production,cam0,440,1,1,8.42080307006836
production,cam0,441,1,1,8.55510139465332
production,cam0,442,1,1,2.1602723598480225
production,cam0,443,1,1,11.540080070495605
production,cam0,444,1,1,9.35032844543457
production,cam0,445,1,1,2.622819185256958
production,cam0,446,1,1,11.467897415161133
production,cam0,447,1,1,8.687353134155273
production,cam0,448,1,1,4.386692523956299
production,cam0,449,1,1,7.710879325866699
production,cam0,450,1,1,7.037487506866455
production,cam0,451,1,1,6.033392429351807
production,cam0,452,1,1,5.362218379974365
production,cam0,453,1,1,1.353243112564087
production,cam0,454,1,1,2.5479795932769775
production,cam0,455,1,1,5.458196640014648
production,cam0,456,1,1,7.022949695587158
production,cam0,457,1,1,5.732818126678467
production,cam0,458,1,1,8.478670120239258
production,cam0,459,1,1,8.911920547485352
production,cam0,460,1,1,342.1846618652344
production,cam0,461,1,1,344.6166076660156
production,cam0,462,1,1,335.105224609375
production,cam0,463,1,1,335.3877868652344
production,cam0,464,0,1,
production,cam0,465,0,1,
production,cam0,466,0,2,
production,cam0,467,0,1,
production,cam0,468,0,1,
production,cam0,469,0,1,
production,cam0,470,0,1,
production,cam0,471,1,1,140.82720947265625
production,cam0,472,0,1,
production,cam0,473,0,1,
production,cam0,474,0,1,
production,cam0,475,0,1,
production,cam0,476,0,1,
production,cam0,477,0,1,
production,cam0,478,0,1,
production,cam0,479,0,1,
production,cam0,480,0,1,
production,cam0,481,0,1,
production,cam0,482,0,1,
production,cam0,483,0,1,
production,cam0,484,0,1,
production,cam0,485,0,1,
production,cam0,486,0,1,
production,cam0,487,0,1,
production,cam0,488,0,1,
production,cam0,489,0,1,
production,cam0,490,0,1,
production,cam0,491,0,1,
production,cam0,492,0,1,
production,cam0,493,0,1,
production,cam0,494,0,0,
production,cam0,495,0,0,
production,cam0,496,0,0,
production,cam0,497,0,0,
production,cam0,498,0,1,
production,cam0,499,0,0,
production,cam0,500,0,0,
production,cam0,501,0,0,
production,cam0,502,0,0,
production,cam0,503,0,0,
production,cam0,504,0,0,
production,cam0,505,0,1,
production,cam0,506,0,1,
production,cam0,507,0,1,
production,cam0,508,1,1,32.94636154174805
production,cam0,509,1,1,42.94823455810547
production,cam0,510,0,1,
production,cam0,511,0,1,
production,cam0,512,0,1,
production,cam0,513,0,1,
production,cam0,514,1,1,35.7900390625
production,cam0,515,1,1,31.987051010131836
production,cam0,516,0,1,
production,cam0,517,0,1,
production,cam0,518,0,1,
production,cam0,519,0,1,
production,cam0,520,0,1,
production,cam0,521,0,1,
production,cam0,522,0,1,
production,cam0,523,0,1,
production,cam0,524,0,1,
production,cam0,525,0,1,
production,cam0,526,0,1,
production,cam0,527,0,1,
production,cam0,528,0,1,
production,cam0,529,0,1,
production,cam0,530,0,1,
production,cam0,531,0,1,
production,cam0,532,0,1,
production,cam0,533,0,1,
production,cam0,534,0,1,
production,cam0,535,0,1,
production,cam0,536,0,1,
production,cam0,537,0,1,
production,cam0,538,0,1,
production,cam0,539,0,2,
production,cam0,540,0,2,
production,cam0,541,0,1,
production,cam0,542,1,1,572.9324340820312
production,cam0,543,0,1,
production,cam0,544,0,1,
production,cam0,545,0,1,
production,cam0,546,0,1,
production,cam0,547,0,1,
production,cam0,548,1,1,8.29156494140625
production,cam0,549,1,1,0.8196412324905396
production,cam0,550,0,1,
production,cam0,551,0,1,
production,cam0,552,0,1,
production,cam0,553,0,1,
production,cam0,554,0,1,
production,cam0,555,0,0,
production,cam0,556,0,0,
production,cam0,557,0,0,
production,cam0,558,0,0,
production,cam0,559,0,0,
production,cam0,560,0,1,
production,cam0,561,0,1,
production,cam0,562,0,1,
production,cam0,563,0,1,
production,cam0,564,0,1,
production,cam0,565,0,1,
production,cam0,566,0,1,
production,cam0,567,0,1,
production,cam0,568,0,1,
production,cam0,569,0,1,
production,cam0,570,1,1,10.215460777282715
production,cam0,571,1,1,12.181480407714844
production,cam0,572,0,1,
production,cam0,573,0,1,
production,cam0,574,0,1,
production,cam0,575,0,1,
production,cam0,576,1,1,8.331145286560059
production,cam0,577,1,1,2.2074573040008545
production,cam0,578,1,1,3.7333829402923584
production,cam0,579,1,1,4.648159503936768
production,cam0,580,1,1,5.8069562911987305
production,cam0,581,1,1,1.0326249599456787
production,cam0,582,1,1,1.4338345527648926
production,cam0,583,1,1,4.024040699005127
production,cam0,584,1,1,5.798696041107178
production,cam0,585,1,1,4.060292720794678
production,cam0,586,1,1,5.997905731201172
production,cam0,587,1,1,2.258430004119873
production,cam0,588,1,1,6.1910600662231445
production,cam0,589,1,1,4.537553787231445
production,cam0,590,1,1,3.7678380012512207
production,cam0,591,1,1,5.175560474395752
production,cam0,592,1,1,4.03917932510376
production,cam0,593,1,1,6.698906898498535
production,cam0,594,1,1,6.282711505889893
production,cam0,595,1,1,3.6612813472747803
production,cam0,596,1,1,2.3510875701904297
production,cam0,597,1,1,1.9334146976470947
production,cam0,598,1,1,1.6099474430084229
production,cam0,599,1,1,1.9661051034927368
production,cam0,600,1,1,1.4169024229049683
production,cam0,601,1,1,4.669450283050537
production,cam0,602,1,1,3.316636562347412
production,cam0,603,1,1,2.275028944015503
production,cam0,604,1,1,3.923316240310669
production,cam0,605,1,1,2.0224103927612305
production,cam0,606,1,1,3.7263474464416504
production,cam0,607,1,1,0.9699280261993408
production,cam0,608,1,1,1.376606822013855
production,cam0,609,1,1,3.5293962955474854
production,cam0,610,1,1,2.5575194358825684
production,cam0,611,1,1,3.7814347743988037
production,cam0,612,1,1,6.742212772369385
production,cam0,613,1,1,6.986462116241455
production,cam0,614,1,1,5.604337215423584
production,cam0,615,1,1,0.8276167511940002
production,cam0,616,1,1,3.677238702774048
production,cam0,617,1,1,4.4902167320251465
production,cam0,618,1,1,10.357053756713867
production,cam0,619,1,1,6.104401111602783
production,cam0,620,1,1,21.842138290405273
production,cam0,621,1,1,18.698396682739258
production,cam0,622,1,0,
production,cam0,623,1,1,8.98030948638916
production,cam0,624,1,1,13.189087867736816
production,cam0,625,1,1,5.338955402374268
production,cam0,626,1,1,4.1873297691345215
production,cam0,627,1,1,5.520806789398193
production,cam0,628,1,1,2.470977783203125
production,cam0,629,1,1,4.223339080810547
production,cam0,630,1,1,6.253188610076904
production,cam0,631,1,1,4.417890548706055
production,cam0,632,1,2,
production,cam0,633,1,2,
production,cam0,634,1,2,
production,cam0,635,1,2,
production,cam0,636,0,1,
production,cam0,637,0,2,
production,cam0,638,0,2,
production,cam0,639,0,1,
production,cam0,640,0,1,
production,cam0,641,0,2,
production,cam0,642,0,1,
production,cam0,643,0,1,
production,cam0,644,1,1,5.865208625793457
production,cam0,645,0,1,
production,cam0,646,0,1,
production,cam0,647,0,1,
production,cam0,648,0,1,
production,cam0,649,0,1,
production,cam0,650,1,1,4.167253494262695
production,cam0,651,0,1,
production,cam0,652,0,2,
production,cam0,653,0,1,
production,cam0,654,0,1,
production,cam0,655,0,1,
production,cam0,656,0,1,
production,cam0,657,0,1,
production,cam0,658,0,1,
production,cam0,659,0,1,
production,cam0,660,0,1,
production,cam0,661,0,1,
production,cam0,662,0,1,
production,cam0,663,0,1,
production,cam0,664,0,1,
production,cam0,665,0,1,
production,cam0,666,0,1,
production,cam0,667,0,1,
production,cam0,668,0,1,
production,cam0,669,0,1,
production,cam0,670,0,1,
production,cam0,671,0,1,
production,cam0,672,0,1,
production,cam0,673,0,1,
production,cam0,674,0,1,
production,cam0,675,0,1,
production,cam0,676,1,1,2.825806140899658
production,cam0,677,1,1,11.028947830200195
production,cam0,678,0,1,
production,cam0,679,0,1,
production,cam0,680,0,1,
production,cam0,681,0,1,
production,cam0,682,1,1,3.511624813079834
production,cam0,683,1,1,1.7374211549758911
production,cam0,684,0,1,
production,cam0,685,0,1,
production,cam0,686,0,1,
production,cam0,687,0,1,
production,cam0,688,0,1,
production,cam0,689,0,1,
production,cam0,690,0,1,
production,cam0,691,0,2,
production,cam0,692,0,2,
production,cam0,693,0,1,
production,cam0,694,0,1,
production,cam0,695,0,1,
production,cam0,696,0,2,
production,cam0,697,0,2,
production,cam0,698,0,1,
production,cam0,699,0,1,
production,cam0,700,0,1,
production,cam0,701,0,1,
production,cam0,702,0,1,
production,cam0,703,0,1,
production,cam0,704,1,1,254.6970672607422
production,cam0,705,1,1,253.90121459960938
production,cam0,706,1,1,257.78570556640625
production,cam0,707,1,1,263.2897644042969
production,cam0,708,1,1,256.966552734375
production,cam0,709,1,1,254.44789123535156
production,cam0,710,1,1,257.42626953125
production,cam0,711,1,1,257.55810546875
production,cam0,712,0,1,
production,cam0,713,0,2,
production,cam0,714,0,1,
production,cam0,715,0,0,
production,cam0,716,0,0,
production,cam0,717,1,0,
production,cam0,718,1,0,
production,cam0,719,0,0,
production,cam0,720,0,0,
production,cam0,721,0,0,
production,cam0,722,0,0,
production,cam0,723,0,0,
production,cam0,724,0,1,
production,cam0,725,0,1,
production,cam0,726,0,1,
production,cam0,727,0,1,
production,cam0,728,0,1,
production,cam0,729,0,1,
production,cam0,730,0,1,
production,cam0,731,0,1,
production,cam0,732,0,1,
production,cam0,733,0,1,
production,cam0,734,0,1,
production,cam0,735,0,1,
production,cam0,736,0,1,
production,cam0,737,0,1,
production,cam0,738,0,1,
production,cam0,739,0,1,
production,cam0,740,0,1,
production,cam0,741,0,1,
production,cam0,742,0,1,
production,cam0,743,0,1,
production,cam0,744,0,1,
production,cam0,745,0,1,
production,cam0,746,0,1,
production,cam0,747,0,1,
production,cam0,748,0,1,
production,cam0,749,0,1,
production,cam0,750,0,1,
production,cam0,751,0,1,
production,cam0,752,0,1,
production,cam0,753,0,1,
production,cam0,754,0,1,
production,cam0,755,0,1,
production,cam0,756,0,1,
production,cam0,757,0,1,
production,cam0,758,0,1,
production,cam0,759,0,1,
production,cam0,760,0,1,
production,cam0,761,0,1,
production,cam0,762,0,1,
production,cam0,763,0,1,
production,cam0,764,0,1,
production,cam0,765,0,1,
production,cam0,766,0,1,
production,cam0,767,0,1,
production,cam0,768,0,2,
production,cam0,769,0,1,
production,cam0,770,0,1,
production,cam0,771,0,1,
production,cam0,772,0,1,
production,cam0,773,0,1,
production,cam0,774,0,1,
production,cam0,775,0,1,
production,cam0,776,0,1,
production,cam0,777,0,1,
production,cam0,778,0,1,
production,cam0,779,0,2,
production,cam0,780,0,1,
production,cam0,781,0,2,
production,cam0,782,0,1,
production,cam0,783,0,1,
production,cam0,784,0,1,
production,cam0,785,0,1,
production,cam0,786,0,1,
production,cam0,787,0,2,
production,cam0,788,0,1,
production,cam0,789,0,1,
production,cam0,790,0,1,
production,cam0,791,0,1,
production,cam0,792,0,1,
production,cam0,793,0,1,
production,cam0,794,0,1,
production,cam0,795,0,1,
production,cam0,796,0,2,
production,cam0,797,0,1,
production,cam0,798,0,1,
production,cam0,799,0,1,
production,cam0,800,0,1,
production,cam0,801,0,2,
production,cam0,802,0,1,
production,cam0,803,0,1,
production,cam0,804,1,1,599.9718627929688
production,cam0,805,1,2,
production,cam0,806,1,1,603.1554565429688
production,cam0,807,1,1,599.9215087890625
production,cam0,808,1,0,
production,cam0,809,1,0,
production,cam0,810,1,0,
production,cam0,811,1,0,
production,cam0,812,0,0,
production,cam0,813,0,0,
production,cam0,814,0,0,
production,cam0,815,0,1,
production,cam0,816,0,2,
production,cam0,817,0,2,
production,cam0,818,0,2,
production,cam0,819,0,1,
production,cam0,820,0,1,
production,cam0,821,0,1,
production,cam0,822,0,1,
production,cam0,823,0,1,
production,cam0,824,0,1,
production,cam0,825,0,1,
production,cam0,826,0,1,
production,cam0,827,0,1,
production,cam0,828,0,1,
production,cam0,829,0,1,
production,cam0,830,1,1,212.04571533203125
production,cam0,831,1,1,205.13404846191406
production,cam0,832,0,1,
production,cam0,833,1,1,207.5009002685547
production,cam0,834,0,1,
production,cam0,835,0,1,
production,cam0,836,0,1,
production,cam0,837,0,1,
production,cam0,838,0,1,
production,cam0,839,1,1,571.7353515625
production,cam0,840,0,1,
production,cam0,841,1,1,551.8311767578125
production,cam0,842,1,1,543.4951171875
production,cam0,843,1,2,
production,cam0,844,1,1,512.1956176757812
production,cam0,845,1,1,503.27423095703125
production,cam0,846,1,1,497.71197509765625
production,cam0,847,1,1,491.128662109375
production,cam0,848,1,1,482.987060546875
production,cam0,849,1,1,472.8309631347656
production,cam0,850,1,1,465.19049072265625
production,cam0,851,1,1,456.78240966796875
production,cam0,852,1,1,451.7195129394531
production,cam0,853,1,1,437.41778564453125
production,cam0,854,1,1,434.4037170410156
production,cam0,855,1,1,430.08782958984375
production,cam0,856,0,1,
production,cam0,857,1,1,8.161967277526855
production,cam0,858,1,1,2.5749430656433105
production,cam0,859,1,1,2.545785665512085
production,cam0,860,1,1,3.2519140243530273
production,cam0,861,0,1,
production,cam0,862,0,1,
production,cam0,863,0,1,
production,cam0,864,0,1,
production,cam0,865,1,1,4.046012878417969
production,cam0,866,1,1,11.05551528930664
production,cam0,867,1,1,14.05506706237793
production,cam0,868,1,1,4.738542079925537
production,cam0,869,1,1,3.542609691619873
production,cam0,870,0,1,
production,cam0,871,0,1,
production,cam0,872,0,1,
production,cam0,873,0,1,
production,cam0,874,1,1,10.26025390625
production,cam0,875,1,1,14.200597763061523
production,cam0,876,0,1,
production,cam0,877,0,1,
production,cam0,878,0,1,
production,cam0,879,0,1,
production,cam0,880,0,1,
production,cam0,881,0,1,
production,cam0,882,0,1,
production,cam0,883,0,1,
production,cam0,884,0,1,
production,cam0,885,0,1,
production,cam0,886,0,1,
production,cam0,887,0,1,
production,cam0,888,1,1,9.517457008361816
production,cam0,889,1,1,13.58249282836914
production,cam0,890,1,1,9.056612968444824
production,cam0,891,1,1,18.449338912963867
production,cam0,892,0,1,
production,cam0,893,0,1,
production,cam0,894,0,1,
production,cam0,895,1,1,35.91413116455078
production,cam0,896,1,1,61.95920944213867
production,cam0,897,0,1,
production,cam0,898,0,1,
production,cam0,899,0,1,
production,cam0,900,0,0,
production,cam0,901,1,0,
production,cam0,902,1,0,
production,cam0,903,1,0,
production,cam0,904,1,1,40.32024002075195
production,cam0,905,1,1,34.8777961730957
production,cam0,906,0,1,
production,cam0,907,0,1,
production,cam0,908,0,1,
production,cam0,909,1,1,6.308244705200195
production,cam0,910,1,1,19.87099266052246
production,cam0,911,0,1,
production,cam0,912,1,1,20.791641235351562
production,cam0,913,1,1,19.513629913330078
production,cam0,914,1,1,13.962892532348633
production,cam0,915,1,1,13.413792610168457
production,cam0,916,0,1,
production,cam0,917,0,2,
production,cam0,918,0,2,
production,cam0,919,0,1,
production,cam0,920,0,1,
production,cam0,921,0,1,
production,cam0,922,0,1,
production,cam0,923,0,1,
production,cam0,924,0,1,
production,cam0,925,0,1,
production,cam0,926,0,1,
production,cam0,927,0,1,
production,cam0,928,0,1,
production,cam0,929,0,2,
production,cam0,930,0,2,
production,cam0,931,0,2,
production,cam0,932,0,1,
production,cam0,933,0,1,
production,cam0,934,0,2,
production,cam0,935,0,2,
production,cam0,936,1,2,
production,cam0,937,0,2,
production,cam0,938,0,1,
production,cam0,939,0,2,
production,cam0,940,0,1,
production,cam0,941,0,1,
production,cam0,942,0,1,
production,cam0,943,0,1,
production,cam0,944,0,1,
production,cam0,945,0,1,
production,cam0,946,0,1,
production,cam0,947,0,1,
production,cam0,948,0,1,
production,cam0,949,0,2,
production,cam0,950,0,1,
production,cam0,951,0,1,
production,cam0,952,0,1,
production,cam0,953,0,1,
production,cam0,954,0,1,
production,cam0,955,0,1,
production,cam0,956,0,1,
production,cam0,957,0,1,
production,cam0,958,0,1,
production,cam0,959,0,1,
production,cam0,960,0,1,
production,cam0,961,0,1,
production,cam0,962,0,1,
production,cam0,963,0,1,
production,cam0,964,0,1,
production,cam0,965,0,1,
production,cam0,966,0,2,
production,cam0,967,0,1,
production,cam0,968,0,1,
production,cam0,969,0,1,
production,cam0,970,0,1,
production,cam0,971,0,1,
production,cam0,972,0,1,
production,cam0,973,0,1,
production,cam0,974,0,2,
production,cam0,975,0,1,
production,cam0,976,0,1,
production,cam0,977,0,1,
production,cam0,978,0,1,
production,cam0,979,0,1,
production,cam0,980,0,1,
production,cam0,981,0,2,
production,cam0,982,0,1,
production,cam0,983,0,0,
production,cam0,984,0,0,
production,cam0,985,0,0,
production,cam0,986,0,0,
production,cam0,987,0,0,
production,cam0,988,0,0,
production,cam0,989,0,0,
production,cam0,990,0,0,
production,cam0,991,0,0,
production,cam0,992,0,0,
production,cam0,993,0,0,
production,cam0,994,0,0,
production,cam0,995,0,0,
production,cam0,996,0,0,
production,cam0,997,0,0,
production,cam0,998,0,0,
production,cam0,999,0,0,
production,cam0,1000,0,0,
production,cam0,1001,0,0,
production,cam0,1002,0,0,
production,cam0,1003,0,0,
production,cam0,1004,0,0,
production,cam0,1005,0,0,
production,cam0,1006,0,0,
production,cam0,1007,0,0,
production,cam0,1008,0,0,
production,cam0,1009,0,0,
production,cam1,0,1,1,18.99488067626953
production,cam1,1,1,1,7.693137168884277
production,cam1,2,1,1,7.898390293121338
production,cam1,3,1,1,5.17338228225708
production,cam1,4,1,1,9.752951622009277
production,cam1,5,1,1,9.394042015075684
production,cam1,6,1,1,3.265535593032837
production,cam1,7,1,1,3.996694326400757
production,cam1,8,1,1,5.489838123321533
production,cam1,9,1,1,3.7234439849853516
production,cam1,10,1,1,5.075617790222168
production,cam1,11,1,1,0.9783807992935181
production,cam1,12,1,1,3.407552480697632
production,cam1,13,1,1,2.4689950942993164
production,cam1,14,1,1,2.1738202571868896
production,cam1,15,1,1,3.4401609897613525
production,cam1,16,1,1,2.176438570022583
production,cam1,17,1,1,3.6734814643859863
production,cam1,18,1,1,1.742335319519043
production,cam1,19,1,1,2.8111813068389893
production,cam1,20,1,1,1.0129413604736328
production,cam1,21,1,1,1.7169525623321533
production,cam1,22,1,1,2.419847249984741
production,cam1,23,1,1,5.540820598602295
production,cam1,24,1,1,4.635692596435547
production,cam1,25,1,1,3.9612860679626465
production,cam1,26,1,1,3.201580047607422
production,cam1,27,1,1,1.981773018836975
production,cam1,28,1,1,5.89476203918457
production,cam1,29,1,1,4.172593593597412
production,cam1,30,1,1,17.805099487304688
production,cam1,31,1,1,18.16387939453125
production,cam1,32,1,1,9.785272598266602
production,cam1,33,1,1,10.818772315979004
production,cam1,34,1,1,4.635563850402832
production,cam1,35,1,1,0.4536658525466919
production,cam1,36,0,1,
production,cam1,37,0,1,
production,cam1,38,0,1,
production,cam1,39,0,1,
production,cam1,40,0,1,
production,cam1,41,0,1,
production,cam1,42,0,1,
production,cam1,43,0,1,
production,cam1,44,0,1,
production,cam1,45,0,1,
production,cam1,46,0,1,
production,cam1,47,0,1,
production,cam1,48,0,1,
production,cam1,49,0,1,
production,cam1,50,0,1,
production,cam1,51,0,1,
production,cam1,52,0,1,
production,cam1,53,0,1,
production,cam1,54,0,1,
production,cam1,55,0,3,
production,cam1,56,0,1,
production,cam1,57,0,1,
production,cam1,58,0,1,
production,cam1,59,0,3,
production,cam1,60,0,1,
production,cam1,61,0,1,
production,cam1,62,0,1,
production,cam1,63,0,1,
production,cam1,64,0,1,
production,cam1,65,0,1,
production,cam1,66,0,1,
production,cam1,67,0,1,
production,cam1,68,0,1,
production,cam1,69,0,1,
production,cam1,70,0,1,
production,cam1,71,0,1,
production,cam1,72,0,1,
production,cam1,73,0,1,
production,cam1,74,0,1,
production,cam1,75,0,1,
production,cam1,76,0,1,
production,cam1,77,0,1,
production,cam1,78,0,1,
production,cam1,79,0,1,
production,cam1,80,0,1,
production,cam1,81,0,1,
production,cam1,82,0,1,
production,cam1,83,0,1,
production,cam1,84,1,1,36.78245544433594
production,cam1,85,0,1,
production,cam1,86,0,1,
production,cam1,87,0,1,
production,cam1,88,0,1,
production,cam1,89,0,1,
production,cam1,90,0,1,
production,cam1,91,0,1,
production,cam1,92,0,1,
production,cam1,93,0,1,
production,cam1,94,0,1,
production,cam1,95,0,1,
production,cam1,96,1,1,4.98643684387207
production,cam1,97,1,1,5.949311256408691
production,cam1,98,1,1,11.606157302856445
production,cam1,99,1,1,4.912258148193359
production,cam1,100,1,1,4.837391376495361
production,cam1,101,1,1,1.977245569229126
production,cam1,102,1,1,2.6902403831481934
production,cam1,103,1,1,2.378812313079834
production,cam1,104,0,1,
production,cam1,105,0,1,
production,cam1,106,0,1,
production,cam1,107,0,1,
production,cam1,108,0,1,
production,cam1,109,0,1,
production,cam1,110,0,1,
production,cam1,111,0,1,
production,cam1,112,0,1,
production,cam1,113,0,1,
production,cam1,114,0,1,
production,cam1,115,0,1,
production,cam1,116,0,1,
production,cam1,117,0,1,
production,cam1,118,0,1,
production,cam1,119,0,1,
production,cam1,120,0,1,
production,cam1,121,0,1,
production,cam1,122,0,1,
production,cam1,123,0,1,
production,cam1,124,0,1,
production,cam1,125,0,1,
production,cam1,126,0,1,
production,cam1,127,0,1,
production,cam1,128,0,1,
production,cam1,129,0,1,
production,cam1,130,0,1,
production,cam1,131,0,1,
production,cam1,132,0,1,
production,cam1,133,0,1,
production,cam1,134,0,1,
production,cam1,135,0,1,
production,cam1,136,1,1,5.230134963989258
production,cam1,137,1,1,1.3838081359863281
production,cam1,138,1,1,0.9721710681915283
production,cam1,139,1,1,3.0156099796295166
production,cam1,140,1,1,2.001098871231079
production,cam1,141,1,1,2.9220335483551025
production,cam1,142,1,1,6.9915056228637695
production,cam1,143,1,1,6.262914657592773
production,cam1,144,1,1,2.7052996158599854
production,cam1,145,1,1,3.820387840270996
production,cam1,146,1,1,4.753143787384033
production,cam1,147,1,1,4.320418834686279
production,cam1,148,1,1,6.140344142913818
production,cam1,149,1,1,2.7834808826446533
production,cam1,150,1,1,2.778850555419922
production,cam1,151,1,1,3.948610305786133
production,cam1,152,1,1,2.848522424697876
production,cam1,153,1,1,2.2026913166046143
production,cam1,154,1,1,4.729436874389648
production,cam1,155,1,1,2.4660696983337402
production,cam1,156,1,1,5.636926651000977
production,cam1,157,1,1,6.082086563110352
production,cam1,158,1,1,1.8399065732955933
production,cam1,159,1,1,5.873887538909912
production,cam1,160,1,1,6.852723598480225
production,cam1,161,1,1,2.146087169647217
production,cam1,162,1,1,2.0494790077209473
production,cam1,163,1,1,4.606789588928223
production,cam1,164,1,1,6.142662048339844
production,cam1,165,1,1,7.91468620300293
production,cam1,166,1,1,8.968489646911621
production,cam1,167,1,1,3.9450337886810303
production,cam1,168,1,1,4.771224498748779
production,cam1,169,1,1,4.054781913757324
production,cam1,170,1,1,2.9532690048217773
production,cam1,171,1,1,2.6911427974700928
production,cam1,172,1,1,1.5352431535720825
production,cam1,173,1,1,0.5078725218772888
production,cam1,174,1,1,3.9501898288726807
production,cam1,175,1,1,0.737857460975647
production,cam1,176,1,1,2.9550490379333496
production,cam1,177,1,1,2.369871139526367
production,cam1,178,1,1,1.5698878765106201
production,cam1,179,1,1,3.027287244796753
production,cam1,180,1,1,1.63413667678833
production,cam1,181,1,1,2.0004587173461914
production,cam1,182,1,1,1.8221899271011353
production,cam1,183,1,1,0.44878503680229187
production,cam1,184,1,1,2.7380266189575195
production,cam1,185,1,1,2.368765354156494
production,cam1,186,1,1,5.30020809173584
production,cam1,187,1,1,6.150800704956055
production,cam1,188,1,1,1.1956313848495483
production,cam1,189,1,1,0.7948614954948425
production,cam1,190,1,1,1.9710536003112793
production,cam1,191,1,1,4.965912818908691
production,cam1,192,1,1,2.721712112426758
production,cam1,193,1,1,3.8238306045532227
production,cam1,194,1,1,1.5871431827545166
production,cam1,195,1,1,1.4031288623809814
production,cam1,196,1,1,2.440647840499878
production,cam1,197,1,1,3.5937905311584473
production,cam1,198,1,1,1.9378787279129028
production,cam1,199,1,1,3.225759983062744
production,cam1,200,1,1,7.7160844802856445
production,cam1,201,1,1,5.240687847137451
production,cam1,202,1,1,8.002158164978027
production,cam1,203,1,1,6.121377944946289
production,cam1,204,1,1,3.7666873931884766
production,cam1,205,1,1,3.133012533187866
production,cam1,206,1,1,4.354291915893555
production,cam1,207,1,1,9.239544868469238
production,cam1,208,1,1,4.101795673370361
production,cam1,209,1,1,4.149216175079346
production,cam1,210,1,1,9.525266647338867
production,cam1,211,1,1,3.4611337184906006
production,cam1,212,1,1,7.966497421264648
production,cam1,213,1,1,4.664850234985352
production,cam1,214,1,1,9.069750785827637
production,cam1,215,1,1,4.725587368011475
production,cam1,216,1,1,10.825679779052734
production,cam1,217,1,1,1.9375790357589722
production,cam1,218,1,1,7.7452497482299805
production,cam1,219,1,1,12.627936363220215
production,cam1,220,1,1,7.0513410568237305
production,cam1,221,1,1,9.960890769958496
production,cam1,222,1,1,5.243144989013672
production,cam1,223,1,1,7.26548433303833
production,cam1,224,1,1,6.6072773933410645
production,cam1,225,1,1,5.559154510498047
production,cam1,226,1,1,4.393831253051758
production,cam1,227,1,1,5.853884696960449
production,cam1,228,1,1,3.7440106868743896
production,cam1,229,1,1,3.7360734939575195
production,cam1,230,1,1,2.485617160797119
production,cam1,231,1,1,1.9718116521835327
production,cam1,232,1,1,1.6055443286895752
production,cam1,233,1,1,4.452011585235596
production,cam1,234,1,1,3.470778226852417
production,cam1,235,1,1,1.9671950340270996
production,cam1,236,1,1,1.9685516357421875
production,cam1,237,1,1,2.4038445949554443
production,cam1,238,1,1,1.9181591272354126
production,cam1,239,1,1,0.6372750401496887
production,cam1,240,1,1,4.675798416137695
production,cam1,241,1,1,4.295533657073975
production,cam1,242,1,1,4.871597766876221
production,cam1,243,1,1,4.892100811004639
production,cam1,244,1,1,1.1501595973968506
production,cam1,245,1,1,1.7375526428222656
production,cam1,246,1,1,3.7310996055603027
production,cam1,247,1,1,8.601761817932129
production,cam1,248,1,1,9.997177124023438
production,cam1,249,1,1,13.087892532348633
production,cam1,250,1,1,11.025741577148438
production,cam1,251,1,1,10.336427688598633
production,cam1,252,1,1,6.898984909057617
production,cam1,253,1,1,7.678982257843018
production,cam1,254,1,1,12.569766998291016
production,cam1,255,1,1,10.077430725097656
production,cam1,256,0,1,
production,cam1,257,1,1,8.23431396484375
production,cam1,258,0,1,
production,cam1,259,0,1,
production,cam1,260,0,1,
production,cam1,261,1,1,8.052769660949707
production,cam1,262,0,1,
production,cam1,263,0,1,
production,cam1,264,0,1,
production,cam1,265,0,1,
production,cam1,266,0,1,
production,cam1,267,0,1,
production,cam1,268,0,1,
production,cam1,269,0,1,
production,cam1,270,0,1,
production,cam1,271,0,1,
production,cam1,272,0,1,
production,cam1,273,0,1,
production,cam1,274,0,1,
production,cam1,275,0,1,
production,cam1,276,0,1,
production,cam1,277,0,1,
production,cam1,278,0,3,
production,cam1,279,0,1,
production,cam1,280,0,1,
production,cam1,281,0,0,
production,cam1,282,0,1,
production,cam1,283,0,1,
production,cam1,284,0,1,
production,cam1,285,0,1,
production,cam1,286,0,1,
production,cam1,287,0,1,
production,cam1,288,0,1,
production,cam1,289,0,1,
production,cam1,290,0,1,
production,cam1,291,0,1,
production,cam1,292,0,1,
production,cam1,293,0,1,
production,cam1,294,0,1,
production,cam1,295,0,1,
production,cam1,296,1,1,455.26898193359375
production,cam1,297,0,1,
production,cam1,298,0,1,
production,cam1,299,0,1,
production,cam1,300,1,1,485.6978759765625
production,cam1,301,1,1,492.20257568359375
production,cam1,302,0,1,
production,cam1,303,0,1,
production,cam1,304,0,1,
production,cam1,305,0,1,
production,cam1,306,0,1,
production,cam1,307,0,1,
production,cam1,308,0,1,
production,cam1,309,0,1,
production,cam1,310,0,1,
production,cam1,311,0,1,
production,cam1,312,0,1,
production,cam1,313,0,1,
production,cam1,314,0,1,
production,cam1,315,0,1,
production,cam1,316,0,1,
production,cam1,317,0,1,
production,cam1,318,0,1,
production,cam1,319,0,1,
production,cam1,320,1,1,10.493746757507324
production,cam1,321,1,1,3.9397506713867188
production,cam1,322,1,1,5.04935359954834
production,cam1,323,0,1,
production,cam1,324,1,1,5.864894866943359
production,cam1,325,1,1,3.0375986099243164
production,cam1,326,1,1,4.075194835662842
production,cam1,327,1,1,4.276108741760254
production,cam1,328,1,1,2.3130688667297363
production,cam1,329,1,1,2.654482841491699
production,cam1,330,1,1,1.6514179706573486
production,cam1,331,1,1,5.3779616355896
production,cam1,332,1,1,3.770078659057617
production,cam1,333,1,1,6.121654987335205
production,cam1,334,1,1,8.33841609954834
production,cam1,335,1,1,8.702308654785156
production,cam1,336,0,1,
production,cam1,337,1,1,8.444795608520508
production,cam1,338,1,1,8.16015625
production,cam1,339,1,1,7.540469646453857
production,cam1,340,0,1,
production,cam1,341,0,1,
production,cam1,342,0,1,
production,cam1,343,0,1,
production,cam1,344,1,1,9.073823928833008
production,cam1,345,1,1,4.877835750579834
production,cam1,346,1,1,4.940067291259766
production,cam1,347,1,1,5.0394415855407715
production,cam1,348,1,1,5.426878929138184
production,cam1,349,1,1,4.089053153991699
production,cam1,350,1,1,3.766953706741333
production,cam1,351,1,1,1.3231689929962158
production,cam1,352,1,1,6.271541118621826
production,cam1,353,1,1,6.263150691986084
production,cam1,354,1,1,4.38059139251709
production,cam1,355,1,1,2.6732017993927
production,cam1,356,1,1,3.683286428451538
production,cam1,357,1,1,3.7876267433166504
production,cam1,358,1,1,4.7900896072387695
production,cam1,359,1,1,5.47798490524292
production,cam1,360,1,1,1.5547610521316528
production,cam1,361,1,1,2.79536509513855
production,cam1,362,1,1,5.876608848571777
production,cam1,363,1,1,3.4333438873291016
production,cam1,364,1,1,3.3075408935546875
production,cam1,365,1,1,6.242326259613037
production,cam1,366,1,1,3.506622314453125
production,cam1,367,1,1,2.484816312789917
production,cam1,368,1,1,6.992151260375977
production,cam1,369,1,1,3.619673252105713
production,cam1,370,1,1,4.295500755310059
production,cam1,371,1,1,3.3935179710388184
production,cam1,372,1,1,5.608265399932861
production,cam1,373,1,1,2.922024965286255
production,cam1,374,1,1,6.81785249710083
production,cam1,375,1,1,3.722048759460449
production,cam1,376,1,1,6.395337104797363
production,cam1,377,1,1,7.251888751983643
production,cam1,378,1,1,3.868011474609375
production,cam1,379,1,1,2.844505548477173
production,cam1,380,1,1,1.1994298696517944
production,cam1,381,1,1,3.1352856159210205
production,cam1,382,1,1,6.135466575622559
production,cam1,383,1,1,8.205192565917969
production,cam1,384,1,1,5.91166877746582
production,cam1,385,1,1,4.25847053527832
production,cam1,386,1,1,2.800647020339966
production,cam1,387,1,1,2.910698175430298
production,cam1,388,1,1,0.7963598370552063
production,cam1,389,1,1,3.5259342193603516
production,cam1,390,1,1,2.8137001991271973
production,cam1,391,1,1,1.0059682130813599
production,cam1,392,1,1,3.7041842937469482
production,cam1,393,1,1,2.751505136489868
production,cam1,394,1,1,1.3806122541427612
production,cam1,395,1,1,4.32694673538208
production,cam1,396,1,1,1.4183334112167358
production,cam1,397,1,1,2.4020299911499023
production,cam1,398,1,1,4.059958457946777
production,cam1,399,1,1,4.225161552429199
production,cam1,400,1,1,1.8574141263961792
production,cam1,401,1,1,1.4413021802902222
production,cam1,402,1,1,2.1105048656463623
production,cam1,403,1,1,3.8313283920288086
production,cam1,404,1,1,4.0643815994262695
production,cam1,405,1,1,5.253654956817627
production,cam1,406,1,1,2.3811841011047363
production,cam1,407,1,1,3.50121808052063
production,cam1,408,1,1,1.6795084476470947
production,cam1,409,1,1,0.9791116118431091
production,cam1,410,1,1,2.2190487384796143
production,cam1,411,1,1,1.1498788595199585
production,cam1,412,1,1,1.776075839996338
production,cam1,413,1,1,2.0550220012664795
production,cam1,414,1,1,2.577996015548706
production,cam1,415,1,1,0.8424713611602783
production,cam1,416,1,1,0.4501626193523407
production,cam1,417,1,1,2.1513938903808594
production,cam1,418,1,1,3.1447975635528564
production,cam1,419,1,1,6.456430912017822
production,cam1,420,1,1,6.276626110076904
production,cam1,421,1,1,5.300689697265625
production,cam1,422,1,1,6.284299373626709
production,cam1,423,1,1,6.590386390686035
production,cam1,424,1,1,8.042363166809082
production,cam1,425,1,1,5.1628851890563965
production,cam1,426,1,1,5.7522759437561035
production,cam1,427,1,1,8.354340553283691
production,cam1,428,1,1,4.623061656951904
production,cam1,429,1,1,10.053125381469727
production,cam1,430,1,1,4.646597385406494
production,cam1,431,1,1,6.543182849884033
production,cam1,432,1,1,7.32063102722168
production,cam1,433,1,1,14.071723937988281
production,cam1,434,1,1,14.30529499053955
production,cam1,435,1,1,12.427712440490723
production,cam1,436,1,1,8.631629943847656
production,cam1,437,1,1,2.684149980545044
production,cam1,438,1,1,3.7247085571289062
production,cam1,439,1,1,5.115993022918701
production,cam1,440,1,1,5.207083702087402
production,cam1,441,1,1,3.124859094619751
production,cam1,442,1,1,3.7090981006622314
production,cam1,443,1,1,3.546926736831665
production,cam1,444,1,1,2.225989580154419
production,cam1,445,1,1,1.5566655397415161
production,cam1,446,1,1,2.7768096923828125
production,cam1,447,1,1,2.977863073348999
production,cam1,448,1,1,5.574631214141846
production,cam1,449,1,1,4.301201343536377
production,cam1,450,1,1,1.0280259847640991
production,cam1,451,1,1,2.5833592414855957
production,cam1,452,1,1,1.4708611965179443
production,cam1,453,1,1,2.6355502605438232
production,cam1,454,1,1,2.7411673069000244
production,cam1,455,1,1,5.612438201904297
production,cam1,456,1,1,6.709743022918701
production,cam1,457,1,1,4.853536128997803
production,cam1,458,1,1,3.926523208618164
production,cam1,459,1,1,3.2013654708862305
production,cam1,460,1,1,2.3366901874542236
production,cam1,461,1,1,2.703559160232544
production,cam1,462,1,1,3.297842264175415
production,cam1,463,1,1,6.096761226654053
production,cam1,464,1,1,3.280111789703369
production,cam1,465,1,1,0.644061803817749
production,cam1,466,1,1,3.368762254714966
production,cam1,467,1,1,3.4037625789642334
production,cam1,468,1,1,5.785094738006592
production,cam1,469,1,1,4.520908355712891
production,cam1,470,1,1,3.6175801753997803
production,cam1,471,1,1,3.906541109085083
production,cam1,472,1,1,2.36779522895813
production,cam1,473,1,1,2.492172956466675
production,cam1,474,1,1,2.573747396469116
production,cam1,475,1,1,4.1549391746521
production,cam1,476,1,1,5.235212326049805
production,cam1,477,1,1,3.966948986053467
production,cam1,478,1,1,3.4200658798217773
production,cam1,479,1,1,4.120807647705078
production,cam1,480,1,1,7.119474411010742
production,cam1,481,1,1,5.651582717895508
production,cam1,482,1,1,4.829753398895264
production,cam1,483,1,1,7.104666709899902
production,cam1,484,0,1,
production,cam1,485,0,1,
production,cam1,486,0,1,
production,cam1,487,0,1,
production,cam1,488,0,1,
production,cam1,489,0,1,
production,cam1,490,0,1,
production,cam1,491,0,1,
production,cam1,492,0,1,
production,cam1,493,0,1,
production,cam1,494,0,1,
production,cam1,495,0,1,
production,cam1,496,0,1,
production,cam1,497,0,1,
production,cam1,498,0,1,
production,cam1,499,0,1,
production,cam1,500,0,1,
production,cam1,501,0,1,
production,cam1,502,0,1,
production,cam1,503,0,1,
production,cam1,504,0,1,
production,cam1,505,0,1,
production,cam1,506,0,1,
production,cam1,507,0,1,
production,cam1,508,0,1,
production,cam1,509,0,1,
production,cam1,510,0,1,
production,cam1,511,0,1,
production,cam1,512,0,1,
production,cam1,513,0,1,
production,cam1,514,0,1,
production,cam1,515,0,1,
production,cam1,516,0,1,
production,cam1,517,0,1,
production,cam1,518,0,1,
production,cam1,519,0,1,
production,cam1,520,1,1,9.587724685668945
production,cam1,521,1,1,12.34170150756836
production,cam1,522,0,1,
production,cam1,523,0,1,
production,cam1,524,0,1,
production,cam1,525,0,1,
production,cam1,526,0,1,
production,cam1,527,0,1,
production,cam1,528,0,1,
production,cam1,529,0,1,
production,cam1,530,0,1,
production,cam1,531,0,1,
production,cam1,532,0,1,
production,cam1,533,0,1,
production,cam1,534,1,1,674.7675170898438
production,cam1,535,1,2,
production,cam1,536,1,1,512.24267578125
production,cam1,537,1,1,440.24908447265625
production,cam1,538,1,1,371.31646728515625
production,cam1,539,1,1,323.03765869140625
production,cam1,540,1,1,301.6246643066406
production,cam1,541,1,1,308.91595458984375
production,cam1,542,1,1,336.7323303222656
production,cam1,543,0,1,
production,cam1,544,1,1,638.0934448242188
production,cam1,545,1,1,642.9239501953125
production,cam1,546,1,1,633.7553100585938
production,cam1,547,1,1,637.0575561523438
production,cam1,548,1,1,10.70031452178955
production,cam1,549,1,1,8.98023796081543
production,cam1,550,1,1,9.19240665435791
production,cam1,551,1,1,11.755831718444824
production,cam1,552,1,1,8.97668743133545
production,cam1,553,1,1,8.889331817626953
production,cam1,554,1,1,5.776012897491455
production,cam1,555,1,1,8.77430248260498
production,cam1,556,1,1,5.275003433227539
production,cam1,557,1,1,2.5871379375457764
production,cam1,558,1,1,4.549246311187744
production,cam1,559,1,1,3.3967113494873047
production,cam1,560,1,1,2.5443153381347656
production,cam1,561,1,1,0.9383477568626404
production,cam1,562,1,1,1.733454704284668
production,cam1,563,1,1,5.851748943328857
production,cam1,564,1,1,5.80484676361084
production,cam1,565,1,1,4.639629364013672
production,cam1,566,1,1,3.2817487716674805
production,cam1,567,1,1,3.0100185871124268
production,cam1,568,1,1,9.840960502624512
production,cam1,569,1,1,6.5579304695129395
production,cam1,570,1,1,4.681977272033691
production,cam1,571,1,1,4.694252967834473
production,cam1,572,1,1,8.508527755737305
production,cam1,573,1,1,4.972200870513916
production,cam1,574,1,1,1.711881399154663
production,cam1,575,1,1,10.19488525390625
production,cam1,576,1,1,4.209652423858643
production,cam1,577,1,1,0.5329071283340454
production,cam1,578,1,1,6.0633225440979
production,cam1,579,1,1,3.7073636054992676
production,cam1,580,1,1,8.07707405090332
production,cam1,581,1,1,2.0336341857910156
production,cam1,582,1,1,7.32998514175415
production,cam1,583,1,1,0.32875877618789673
production,cam1,584,1,1,5.227832317352295
production,cam1,585,1,1,7.659500598907471
production,cam1,586,1,1,2.9783825874328613
production,cam1,587,1,1,6.112947463989258
production,cam1,588,1,1,6.930648326873779
production,cam1,589,1,1,5.0293073654174805
production,cam1,590,1,1,1.8387141227722168
production,cam1,591,1,1,4.89560079574585
production,cam1,592,1,1,6.270571708679199
production,cam1,593,1,1,8.386497497558594
production,cam1,594,1,1,9.750903129577637
production,cam1,595,1,1,7.284974098205566
production,cam1,596,1,1,4.872884273529053
production,cam1,597,1,1,3.310041904449463
production,cam1,598,1,1,4.361936092376709
production,cam1,599,1,1,0.30012714862823486
production,cam1,600,1,1,2.8645334243774414
production,cam1,601,1,1,0.20796160399913788
production,cam1,602,1,1,2.3925859928131104
production,cam1,603,1,1,0.936642587184906
production,cam1,604,1,1,1.4119703769683838
production,cam1,605,1,1,3.823878049850464
production,cam1,606,1,1,2.804050922393799
production,cam1,607,1,1,4.879902362823486
production,cam1,608,1,1,1.3839269876480103
production,cam1,609,1,1,2.8663997650146484
production,cam1,610,1,1,1.7933158874511719
production,cam1,611,1,1,2.9827287197113037
production,cam1,612,1,1,7.242600917816162
production,cam1,613,1,1,13.605345726013184
production,cam1,614,1,1,21.619096755981445
production,cam1,615,1,1,23.10438346862793
production,cam1,616,0,1,
production,cam1,617,0,3,
production,cam1,618,0,3,
production,cam1,619,0,1,
production,cam1,620,0,1,
production,cam1,621,0,1,
production,cam1,622,1,1,31.871078491210938
production,cam1,623,1,1,26.364824295043945
production,cam1,624,0,1,
production,cam1,625,0,1,
production,cam1,626,0,1,
production,cam1,627,1,1,16.381071090698242
production,cam1,628,1,1,9.291719436645508
production,cam1,629,1,1,8.712804794311523
production,cam1,630,1,1,9.694270133972168
production,cam1,631,1,1,1.0793297290802002
production,cam1,632,1,1,3.2402355670928955
production,cam1,633,1,1,5.23293399810791
production,cam1,634,1,1,2.7958643436431885
production,cam1,635,1,1,4.111635684967041
production,cam1,636,1,1,5.614207744598389
production,cam1,637,1,1,1.7627527713775635
production,cam1,638,1,1,2.2488510608673096
production,cam1,639,1,1,0.7290964126586914
production,cam1,640,1,1,4.349071979522705
production,cam1,641,1,1,3.6485705375671387
production,cam1,642,1,1,1.3187663555145264
production,cam1,643,1,1,3.49920916557312
production,cam1,644,1,1,2.8213582038879395
production,cam1,645,1,1,2.499130964279175
production,cam1,646,1,1,2.5182905197143555
production,cam1,647,1,1,2.535630226135254
production,cam1,648,1,1,4.875927448272705
production,cam1,649,1,1,4.947458744049072
production,cam1,650,1,1,4.940677165985107
production,cam1,651,1,1,4.040124416351318
production,cam1,652,1,1,2.036181688308716
production,cam1,653,1,1,0.2369016408920288
production,cam1,654,1,1,3.5891127586364746
production,cam1,655,1,1,2.6047723293304443
production,cam1,656,1,1,1.813413381576538
production,cam1,657,1,1,3.2048099040985107
production,cam1,658,1,1,1.0527857542037964
production,cam1,659,1,1,2.0901005268096924
production,cam1,660,1,1,1.1805790662765503
production,cam1,661,1,1,6.780479907989502
production,cam1,662,1,1,8.461688041687012
production,cam1,663,1,1,7.624423980712891
production,cam1,664,1,1,6.23214054107666
production,cam1,665,1,1,4.457629203796387
production,cam1,666,1,1,2.9898626804351807
production,cam1,667,1,1,0.7508324980735779
production,cam1,668,1,1,2.6768624782562256
production,cam1,669,1,1,1.1119403839111328
production,cam1,670,1,1,2.3327012062072754
production,cam1,671,1,1,6.856404781341553
production,cam1,672,1,1,8.405020713806152
production,cam1,673,1,1,2.8111939430236816
production,cam1,674,1,1,6.65732479095459
production,cam1,675,1,1,9.81789493560791
production,cam1,676,0,1,
production,cam1,677,0,1,
production,cam1,678,0,1,
production,cam1,679,0,1,
production,cam1,680,1,1,10.353391647338867
production,cam1,681,1,1,9.201265335083008
production,cam1,682,1,1,4.859128952026367
production,cam1,683,1,1,3.47882342338562
production,cam1,684,1,1,6.020734786987305
production,cam1,685,1,1,2.6640942096710205
production,cam1,686,1,1,4.7834577560424805
production,cam1,687,1,1,2.713675022125244
production,cam1,688,1,1,11.628218650817871
production,cam1,689,1,1,5.229400634765625
production,cam1,690,1,1,5.4828314781188965
production,cam1,691,1,1,6.096147537231445
production,cam1,692,1,1,4.507962703704834
production,cam1,693,1,1,2.5128402709960938
production,cam1,694,1,1,4.398918151855469
production,cam1,695,1,1,4.19228982925415
production,cam1,696,0,1,
production,cam1,697,1,1,11.750324249267578
production,cam1,698,1,1,2.6364762783050537
production,cam1,699,1,1,4.1372904777526855
production,cam1,700,0,1,
production,cam1,701,1,1,1.5511585474014282
production,cam1,702,1,1,5.691742897033691
production,cam1,703,1,1,7.413361549377441
production,cam1,704,1,1,10.096383094787598
production,cam1,705,1,1,5.097501754760742
production,cam1,706,1,1,1.7099939584732056
production,cam1,707,1,1,2.420093297958374
production,cam1,708,1,1,10.504623413085938
production,cam1,709,1,1,8.056158065795898
production,cam1,710,1,1,4.967736721038818
production,cam1,711,1,1,3.9836854934692383
production,cam1,712,1,1,1.486291527748108
production,cam1,713,1,1,2.330382823944092
production,cam1,714,1,1,4.4413909912109375
production,cam1,715,1,1,3.2466540336608887
production,cam1,716,0,1,
production,cam1,717,0,1,
production,cam1,718,0,1,
production,cam1,719,0,0,
production,cam1,720,0,1,
production,cam1,721,0,1,
production,cam1,722,0,1,
production,cam1,723,0,1,
production,cam1,724,1,1,4.505152225494385
production,cam1,725,1,1,6.744241237640381
production,cam1,726,0,1,
production,cam1,727,0,1,
production,cam1,728,0,1,
production,cam1,729,0,1,
production,cam1,730,1,1,14.171137809753418
production,cam1,731,1,1,14.547287940979004
production,cam1,732,1,1,285.7857666015625
production,cam1,733,1,1,280.36614990234375
production,cam1,734,1,1,285.4663391113281
production,cam1,735,0,1,
production,cam1,736,0,1,
production,cam1,737,0,1,
production,cam1,738,0,1,
production,cam1,739,0,1,
production,cam1,740,0,1,
production,cam1,741,0,1,
production,cam1,742,0,1,
production,cam1,743,0,1,
production,cam1,744,0,1,
production,cam1,745,0,1,
production,cam1,746,0,1,
production,cam1,747,0,1,
production,cam1,748,0,1,
production,cam1,749,0,1,
production,cam1,750,0,2,
production,cam1,751,0,1,
production,cam1,752,0,1,
production,cam1,753,0,1,
production,cam1,754,0,1,
production,cam1,755,0,1,
production,cam1,756,0,0,
production,cam1,757,0,0,
production,cam1,758,1,0,
production,cam1,759,1,0,
production,cam1,760,1,0,
production,cam1,761,0,0,
production,cam1,762,0,0,
production,cam1,763,0,0,
production,cam1,764,0,0,
production,cam1,765,1,0,
production,cam1,766,1,0,
production,cam1,767,0,1,
production,cam1,768,1,1,303.17047119140625
production,cam1,769,1,1,306.5358581542969
production,cam1,770,1,1,307.27392578125
production,cam1,771,0,1,
production,cam1,772,0,1,
production,cam1,773,0,1,
production,cam1,774,1,1,323.2127990722656
production,cam1,775,1,1,321.8673095703125
production,cam1,776,0,1,
production,cam1,777,1,1,325.3481140136719
production,cam1,778,0,1,
production,cam1,779,0,1,
production,cam1,780,0,1,
production,cam1,781,0,1,
production,cam1,782,0,1,
production,cam1,783,0,1,
production,cam1,784,0,1,
production,cam1,785,0,1,
production,cam1,786,0,1,
production,cam1,787,0,1,
production,cam1,788,0,1,
production,cam1,789,0,1,
production,cam1,790,0,1,
production,cam1,791,0,1,
production,cam1,792,0,1,
production,cam1,793,0,1,
production,cam1,794,0,1,
production,cam1,795,0,1,
production,cam1,796,0,2,
production,cam1,797,0,2,
production,cam1,798,0,1,
production,cam1,799,0,1,
production,cam1,800,0,1,
production,cam1,801,0,1,
production,cam1,802,0,1,
production,cam1,803,0,1,
production,cam1,804,0,1,
production,cam1,805,0,1,
production,cam1,806,0,1,
production,cam1,807,0,1,
production,cam1,808,0,1,
production,cam1,809,0,1,
production,cam1,810,0,1,
production,cam1,811,0,1,
production,cam1,812,0,1,
production,cam1,813,0,1,
production,cam1,814,0,1,
production,cam1,815,0,1,
production,cam1,816,0,1,
production,cam1,817,0,1,
production,cam1,818,0,1,
production,cam1,819,0,1,
production,cam1,820,0,1,
production,cam1,821,0,1,
production,cam1,822,0,1,
production,cam1,823,0,1,
production,cam1,824,0,1,
production,cam1,825,0,1,
production,cam1,826,0,1,
production,cam1,827,0,1,
production,cam1,828,1,1,11.069665908813477
production,cam1,829,1,1,8.29721450805664
production,cam1,830,1,1,8.324540138244629
production,cam1,831,1,1,7.850252628326416
production,cam1,832,1,1,7.588021755218506
production,cam1,833,1,1,5.611991882324219
production,cam1,834,1,1,3.935006856918335
production,cam1,835,1,1,6.465341567993164
production,cam1,836,1,1,5.0621819496154785
production,cam1,837,1,1,1.0913560390472412
production,cam1,838,1,1,1.816269040107727
production,cam1,839,1,1,1.7647837400436401
production,cam1,840,1,1,1.6126312017440796
production,cam1,841,1,1,3.4128246307373047
production,cam1,842,1,1,3.471773862838745
production,cam1,843,1,1,4.191983699798584
production,cam1,844,1,1,5.169494152069092
production,cam1,845,1,1,4.032826900482178
production,cam1,846,1,1,5.080892562866211
production,cam1,847,1,1,2.949925661087036
production,cam1,848,1,1,3.8238024711608887
production,cam1,849,1,1,5.461084842681885
production,cam1,850,1,1,3.3881618976593018
production,cam1,851,1,1,5.75206995010376
production,cam1,852,1,1,1.2304505109786987
production,cam1,853,1,1,7.494410037994385
production,cam1,854,1,1,4.684094429016113
production,cam1,855,1,1,1.7661914825439453
production,cam1,856,1,1,3.7160165309906006
production,cam1,857,1,1,1.5947304964065552
production,cam1,858,1,1,2.7937495708465576
production,cam1,859,1,1,4.219204902648926
production,cam1,860,1,1,3.24900484085083
production,cam1,861,1,1,2.6929383277893066
production,cam1,862,1,1,2.1976351737976074
production,cam1,863,1,1,4.989643573760986
production,cam1,864,1,1,2.544286012649536
production,cam1,865,1,1,2.3154783248901367
production,cam1,866,1,1,2.609832525253296
production,cam1,867,1,1,3.895266532897949
production,cam1,868,1,1,5.40455961227417
production,cam1,869,1,1,4.238945484161377
production,cam1,870,1,1,2.6578993797302246
production,cam1,871,1,1,2.459285020828247
production,cam1,872,1,1,2.610100507736206
production,cam1,873,1,1,3.3208961486816406
production,cam1,874,1,1,3.886582374572754
production,cam1,875,1,1,5.66555643081665
production,cam1,876,1,1,6.5946526527404785
production,cam1,877,1,1,4.270941257476807
production,cam1,878,1,1,3.3470239639282227
production,cam1,879,1,1,7.977890968322754
production,cam1,880,1,1,6.679763317108154
production,cam1,881,1,1,3.9477932453155518
production,cam1,882,1,1,1.1384764909744263
production,cam1,883,1,1,8.301456451416016
production,cam1,884,1,1,6.335669040679932
production,cam1,885,1,1,4.804594039916992
production,cam1,886,1,1,7.618493556976318
production,cam1,887,1,1,6.534976482391357
production,cam1,888,1,1,4.318516254425049
production,cam1,889,1,1,1.6772843599319458
production,cam1,890,1,1,2.6416923999786377
production,cam1,891,1,1,12.027170181274414
production,cam1,892,1,1,5.164870738983154
production,cam1,893,1,1,4.413886070251465
production,cam1,894,1,1,1.3973015546798706
production,cam1,895,1,1,5.143521785736084
production,cam1,896,1,1,5.247567653656006
production,cam1,897,1,1,3.4232265949249268
production,cam1,898,1,1,1.7387158870697021
production,cam1,899,1,1,7.274913311004639
production,cam1,900,1,1,1.6531078815460205
production,cam1,901,1,1,8.354269981384277
production,cam1,902,1,1,2.7621355056762695
production,cam1,903,1,1,2.8343777656555176
production,cam1,904,1,1,2.999812364578247
production,cam1,905,1,1,1.218865990638733
production,cam1,906,1,1,6.0960893630981445
production,cam1,907,1,1,5.132562637329102
production,cam1,908,1,1,3.4041051864624023
production,cam1,909,1,1,3.949396848678589
production,cam1,910,1,1,2.5985240936279297
production,cam1,911,1,1,5.17097282409668
production,cam1,912,1,1,1.3953373432159424
production,cam1,913,1,1,3.234658718109131
production,cam1,914,1,1,3.9442315101623535
production,cam1,915,1,1,3.1245665550231934
production,cam1,916,1,1,3.7652385234832764
production,cam1,917,1,1,0.29893821477890015
production,cam1,918,1,1,0.7576794028282166
production,cam1,919,1,1,3.4390242099761963
production,cam1,920,1,1,2.9475224018096924
production,cam1,921,1,1,2.6341805458068848
production,cam1,922,1,1,2.1732165813446045
production,cam1,923,1,1,1.7037662267684937
production,cam1,924,1,1,2.2697627544403076
production,cam1,925,1,1,2.3223493099212646
production,cam1,926,1,1,8.818245887756348
production,cam1,927,1,1,5.5328898429870605
production,cam1,928,1,1,4.89915132522583
production,cam1,929,1,1,5.003283977508545
production,cam1,930,1,1,2.106236696243286
production,cam1,931,1,1,0.9409965872764587
production,cam1,932,1,1,3.0133631229400635
production,cam1,933,1,1,1.5917662382125854
production,cam1,934,1,1,2.5014286041259766
production,cam1,935,1,1,4.164768695831299
production,cam1,936,1,1,2.983001470565796
production,cam1,937,1,1,3.886225700378418
production,cam1,938,1,1,2.66337251663208
production,cam1,939,1,1,3.5177853107452393
production,cam1,940,1,1,4.463526248931885
production,cam1,941,1,1,2.6061887741088867
production,cam1,942,1,1,5.6891374588012695
production,cam1,943,1,1,5.99889612197876
production,cam1,944,0,1,
production,cam1,945,0,1,
production,cam1,946,0,1,
production,cam1,947,0,1,
production,cam1,948,0,1,
production,cam1,949,0,1,
production,cam1,950,0,1,
production,cam1,951,0,1,
production,cam1,952,0,1,
production,cam1,953,0,1,
production,cam1,954,0,1,
production,cam1,955,0,1,
production,cam1,956,0,1,
production,cam1,957,0,1,
production,cam1,958,0,1,
production,cam1,959,0,1,
production,cam1,960,0,1,
production,cam1,961,0,1,
production,cam1,962,1,1,130.70956420898438
production,cam1,963,1,1,131.5174560546875
production,cam1,964,1,1,136.3623504638672
production,cam1,965,0,1,
production,cam1,966,0,1,
production,cam1,967,0,1,
production,cam1,968,0,1,
production,cam1,969,0,1,
production,cam1,970,0,1,
production,cam1,971,0,1,
production,cam1,972,0,1,
production,cam1,973,0,1,
production,cam1,974,0,1,
production,cam1,975,0,1,
production,cam1,976,1,1,310.678955078125
production,cam1,977,1,1,312.4942932128906
production,cam1,978,1,1,313.779541015625
production,cam1,979,1,1,317.33062744140625
production,cam1,980,1,1,319.8088073730469
production,cam1,981,1,1,323.15753173828125
production,cam1,982,1,1,327.10400390625
production,cam1,983,1,1,328.421875
production,cam1,984,0,1,
production,cam1,985,1,1,328.6293029785156
production,cam1,986,1,1,322.1534118652344
production,cam1,987,0,1,
production,cam1,988,0,1,
production,cam1,989,0,1,
production,cam1,990,0,1,
production,cam1,991,1,1,328.0513916015625
production,cam1,992,1,1,324.2828369140625
production,cam1,993,1,1,327.7339172363281
production,cam1,994,0,1,
production,cam1,995,0,1,
production,cam1,996,1,1,136.55091857910156
production,cam1,997,1,1,150.67892456054688
production,cam1,998,1,1,154.6134490966797
production,cam1,999,1,1,140.9882354736328
production,cam1,1000,1,1,139.78677368164062
production,cam1,1001,1,1,140.01797485351562
production,cam1,1002,1,1,318.1083068847656
production,cam1,1003,1,1,323.8493957519531
production,cam1,1004,1,1,321.1235656738281
production,cam1,1005,1,1,323.6888427734375
production,cam1,1006,1,1,324.9981994628906
production,cam1,1007,1,0,
production,cam1,1008,1,0,
production,cam1,1009,0,0,
production,cam2,0,0,1,
production,cam2,1,0,1,
production,cam2,2,0,0,
production,cam2,3,0,1,
production,cam2,4,0,1,
production,cam2,5,0,1,
production,cam2,6,0,1,
production,cam2,7,0,1,
production,cam2,8,0,1,
production,cam2,9,0,1,
production,cam2,10,0,1,
production,cam2,11,0,1,
production,cam2,12,0,1,
production,cam2,13,0,1,
production,cam2,14,0,1,
production,cam2,15,0,1,
production,cam2,16,0,1,
production,cam2,17,0,1,
production,cam2,18,0,1,
production,cam2,19,0,1,
production,cam2,20,0,1,
production,cam2,21,0,1,
production,cam2,22,0,1,
production,cam2,23,0,1,
production,cam2,24,1,1,37.77301788330078
production,cam2,25,1,1,29.362606048583984
production,cam2,26,1,1,17.765026092529297
production,cam2,27,1,1,15.30327033996582
production,cam2,28,1,1,39.63825988769531
production,cam2,29,1,1,7.348820209503174
production,cam2,30,1,1,6.420067310333252
production,cam2,31,1,1,4.742565155029297
production,cam2,32,1,1,8.16472339630127
production,cam2,33,1,1,10.342498779296875
production,cam2,34,1,1,8.951118469238281
production,cam2,35,1,1,9.505187034606934
production,cam2,36,1,1,13.648127555847168
production,cam2,37,1,1,12.858470916748047
production,cam2,38,1,1,11.3252592086792
production,cam2,39,1,1,7.4261980056762695
production,cam2,40,0,1,
production,cam2,41,1,1,7.552426815032959
production,cam2,42,1,1,5.009477615356445
production,cam2,43,1,1,3.730222702026367
production,cam2,44,1,1,4.939053058624268
production,cam2,45,1,1,5.583641052246094
production,cam2,46,1,1,7.364691257476807
production,cam2,47,1,1,5.859218597412109
production,cam2,48,1,1,6.557140827178955
production,cam2,49,1,1,5.644728183746338
production,cam2,50,1,1,3.8825604915618896
production,cam2,51,1,1,6.4992780685424805
production,cam2,52,1,1,4.118414402008057
production,cam2,53,1,1,4.237699508666992
production,cam2,54,1,1,6.053845405578613
production,cam2,55,1,1,6.559131145477295
production,cam2,56,1,1,8.297615051269531
production,cam2,57,1,1,4.735938549041748
production,cam2,58,1,1,6.711948394775391
production,cam2,59,1,1,0.4294944107532501
production,cam2,60,1,1,4.111618518829346
production,cam2,61,1,1,5.953098297119141
production,cam2,62,1,1,3.289332151412964
production,cam2,63,1,1,1.5737590789794922
production,cam2,64,1,1,3.3988003730773926
production,cam2,65,1,1,4.925191402435303
production,cam2,66,1,1,4.239986896514893
production,cam2,67,1,1,1.6672073602676392
production,cam2,68,1,1,0.4610671103000641
production,cam2,69,1,1,0.8127953410148621
production,cam2,70,1,1,2.0935442447662354
production,cam2,71,1,1,4.900619029998779
production,cam2,72,1,1,15.521769523620605
production,cam2,73,1,1,9.329826354980469
production,cam2,74,1,1,6.041545867919922
production,cam2,75,1,1,6.334114074707031
production,cam2,76,1,1,7.9505534172058105
production,cam2,77,1,1,5.51922082901001
production,cam2,78,1,1,10.639262199401855
production,cam2,79,0,1,
production,cam2,80,1,1,7.139376163482666
production,cam2,81,1,1,4.461413383483887
production,cam2,82,1,1,4.2090840339660645
production,cam2,83,1,1,6.530827522277832
production,cam2,84,1,1,5.655808448791504
production,cam2,85,0,1,
production,cam2,86,1,1,5.599733352661133
production,cam2,87,1,1,4.530310153961182
production,cam2,88,1,1,4.860867500305176
production,cam2,89,1,1,3.2545459270477295
production,cam2,90,1,1,4.907044410705566
production,cam2,91,1,1,4.20102071762085
production,cam2,92,1,1,4.97751522064209
production,cam2,93,1,1,6.6059441566467285
production,cam2,94,1,1,3.468296766281128
production,cam2,95,1,1,1.51222825050354
production,cam2,96,1,1,3.837146759033203
production,cam2,97,1,1,1.2469878196716309
production,cam2,98,1,1,1.5968531370162964
production,cam2,99,1,1,2.547328233718872
production,cam2,100,1,1,1.8231620788574219
production,cam2,101,1,1,2.112605094909668
production,cam2,102,1,1,3.1535584926605225
production,cam2,103,1,1,3.3309664726257324
production,cam2,104,1,1,2.7511510848999023
production,cam2,105,1,1,5.643556594848633
production,cam2,106,1,1,6.802095890045166
production,cam2,107,1,1,7.957952976226807
production,cam2,108,1,1,1.9093341827392578
production,cam2,109,1,1,7.919384002685547
production,cam2,110,1,1,7.653285980224609
production,cam2,111,1,1,7.453010559082031
production,cam2,112,1,1,8.811441421508789
production,cam2,113,1,1,11.078445434570312
production,cam2,114,0,1,
production,cam2,115,0,1,
production,cam2,116,0,1,
production,cam2,117,0,1,
production,cam2,118,0,1,
production,cam2,119,0,1,
production,cam2,120,0,1,
production,cam2,121,1,1,304.5066223144531
production,cam2,122,0,1,
production,cam2,123,0,1,
production,cam2,124,0,1,
production,cam2,125,0,1,
production,cam2,126,0,1,
production,cam2,127,0,1,
production,cam2,128,0,1,
production,cam2,129,0,1,
production,cam2,130,0,1,
production,cam2,131,0,1,
production,cam2,132,0,1,
production,cam2,133,1,1,10.483597755432129
production,cam2,134,1,1,9.773560523986816
production,cam2,135,1,1,9.937767028808594
production,cam2,136,1,1,9.652383804321289
production,cam2,137,0,1,
production,cam2,138,0,1,
production,cam2,139,0,1,
production,cam2,140,1,1,10.949944496154785
production,cam2,141,1,1,9.649175643920898
production,cam2,142,1,1,12.866949081420898
production,cam2,143,0,1,
production,cam2,144,1,1,11.455952644348145
production,cam2,145,1,1,11.152344703674316
production,cam2,146,1,1,8.136743545532227
production,cam2,147,1,1,7.434179306030273
production,cam2,148,1,1,12.201988220214844
production,cam2,149,1,1,8.512421607971191
production,cam2,150,1,1,7.484399795532227
production,cam2,151,1,1,11.675532341003418
production,cam2,152,1,1,9.38837718963623
production,cam2,153,1,1,4.9315009117126465
production,cam2,154,1,1,3.612403631210327
production,cam2,155,1,1,9.21005916595459
production,cam2,156,1,1,7.74941873550415
production,cam2,157,1,1,8.573906898498535
production,cam2,158,1,1,15.111547470092773
production,cam2,159,1,1,11.317848205566406
production,cam2,160,1,1,12.544046401977539
production,cam2,161,0,1,
production,cam2,162,0,1,
production,cam2,163,0,1,
production,cam2,164,0,2,
production,cam2,165,0,1,
production,cam2,166,0,2,
production,cam2,167,0,1,
production,cam2,168,0,1,
production,cam2,169,0,1,
production,cam2,170,0,2,
production,cam2,171,0,1,
production,cam2,172,0,1,
production,cam2,173,1,1,5.1638312339782715
production,cam2,174,1,1,8.222026824951172
production,cam2,175,0,1,
production,cam2,176,0,1,
production,cam2,177,1,1,0.4919874668121338
production,cam2,178,1,1,7.446238040924072
production,cam2,179,1,1,8.416930198669434
production,cam2,180,1,1,13.312796592712402
production,cam2,181,1,1,11.507201194763184
production,cam2,182,1,1,9.616211891174316
production,cam2,183,0,1,
production,cam2,184,0,1,
production,cam2,185,0,1,
production,cam2,186,0,1,
production,cam2,187,0,1,
production,cam2,188,0,1,
production,cam2,189,0,1,
production,cam2,190,0,1,
production,cam2,191,0,1,
production,cam2,192,0,1,
production,cam2,193,0,1,
production,cam2,194,0,1,
production,cam2,195,0,1,
production,cam2,196,0,1,
production,cam2,197,0,1,
production,cam2,198,0,1,
production,cam2,199,0,1,
production,cam2,200,0,1,
production,cam2,201,0,1,
production,cam2,202,0,1,
production,cam2,203,0,1,
production,cam2,204,0,1,
production,cam2,205,0,1,
production,cam2,206,0,1,
production,cam2,207,0,1,
production,cam2,208,0,1,
production,cam2,209,0,1,
production,cam2,210,0,1,
production,cam2,211,0,1,
production,cam2,212,1,1,42.05868911743164
production,cam2,213,1,1,39.1444091796875
production,cam2,214,1,1,33.263275146484375
production,cam2,215,1,1,27.335735321044922
production,cam2,216,1,1,29.168188095092773
production,cam2,217,1,1,18.4572696685791
production,cam2,218,1,1,15.53954029083252
production,cam2,219,1,1,26.45793342590332
production,cam2,220,1,1,17.70509147644043
production,cam2,221,1,1,14.724547386169434
production,cam2,222,1,1,12.658675193786621
production,cam2,223,1,0,
production,cam2,224,0,0,
production,cam2,225,0,1,
production,cam2,226,0,1,
production,cam2,227,0,1,
production,cam2,228,0,1,
production,cam2,229,0,1,
production,cam2,230,0,0,
production,cam2,231,0,0,
production,cam2,232,0,0,
production,cam2,233,0,0,
production,cam2,234,0,0,
production,cam2,235,0,0,
production,cam2,236,1,0,
production,cam2,237,1,1,29.660558700561523
production,cam2,238,1,1,18.221641540527344
production,cam2,239,0,1,
production,cam2,240,1,1,22.649211883544922
production,cam2,241,1,1,39.16716384887695
production,cam2,242,1,1,47.3851203918457
production,cam2,243,1,1,59.48773956298828
production,cam2,244,0,2,
production,cam2,245,0,2,
production,cam2,246,0,1,
production,cam2,247,0,1,
production,cam2,248,0,1,
production,cam2,249,0,2,
production,cam2,250,0,1,
production,cam2,251,1,1,88.1061782836914
production,cam2,252,0,1,
production,cam2,253,0,1,
production,cam2,254,0,1,
production,cam2,255,0,1,
production,cam2,256,0,1,
production,cam2,257,0,1,
production,cam2,258,0,1,
production,cam2,259,0,1,
production,cam2,260,1,1,15.563220977783203
production,cam2,261,1,1,9.044540405273438
production,cam2,262,1,1,6.680958271026611
production,cam2,263,1,1,8.804012298583984
production,cam2,264,1,1,6.979261875152588
production,cam2,265,1,1,4.157070159912109
production,cam2,266,1,1,3.337783098220825
production,cam2,267,1,1,3.5336990356445312
production,cam2,268,1,1,1.7712949514389038
production,cam2,269,1,1,2.2292094230651855
production,cam2,270,1,1,4.589787483215332
production,cam2,271,1,1,2.275441884994507
production,cam2,272,1,1,4.441875457763672
production,cam2,273,1,1,7.596804141998291
production,cam2,274,1,1,2.077916383743286
production,cam2,275,1,1,6.334747791290283
production,cam2,276,1,1,6.4335737228393555
production,cam2,277,1,1,2.3761842250823975
production,cam2,278,1,1,3.0820627212524414
production,cam2,279,1,1,3.0793585777282715
production,cam2,280,1,1,3.3331048488616943
production,cam2,281,1,1,6.828017234802246
production,cam2,282,1,1,3.4129343032836914
production,cam2,283,1,1,1.4140886068344116
production,cam2,284,1,1,5.248902320861816
production,cam2,285,1,1,7.485527038574219
production,cam2,286,1,1,10.820273399353027
production,cam2,287,1,1,14.270549774169922
production,cam2,288,0,1,
production,cam2,289,0,1,
production,cam2,290,0,1,
production,cam2,291,0,1,
production,cam2,292,0,1,
production,cam2,293,0,3,
production,cam2,294,0,3,
production,cam2,295,0,3,
production,cam2,296,0,3,
production,cam2,297,0,3,
production,cam2,298,0,1,
production,cam2,299,1,1,7.172284126281738
production,cam2,300,1,1,8.889283180236816
production,cam2,301,1,1,1.4128727912902832
production,cam2,302,1,1,1.186212420463562
production,cam2,303,1,1,4.437270641326904
production,cam2,304,1,1,5.940491676330566
production,cam2,305,1,1,2.2068192958831787
production,cam2,306,1,1,2.33223819732666
production,cam2,307,1,1,17.809480667114258
production,cam2,308,1,1,18.54868507385254
production,cam2,309,1,1,20.507741928100586
production,cam2,310,1,1,41.75152587890625
production,cam2,311,1,1,64.44361877441406
production,cam2,312,1,1,11.970854759216309
production,cam2,313,1,1,4.973877429962158
production,cam2,314,1,1,2.972252130508423
production,cam2,315,1,1,2.4069366455078125
production,cam2,316,1,1,1.7054156064987183
production,cam2,317,1,1,3.780226230621338
production,cam2,318,1,1,1.5216748714447021
production,cam2,319,1,1,3.887641191482544
production,cam2,320,1,1,4.215219974517822
production,cam2,321,1,1,3.531893253326416
production,cam2,322,1,1,3.6714069843292236
production,cam2,323,1,1,1.9299105405807495
production,cam2,324,1,1,4.196911334991455
production,cam2,325,1,1,5.47844934463501
production,cam2,326,1,1,2.6694939136505127
production,cam2,327,1,1,3.9945194721221924
production,cam2,328,1,1,3.3390557765960693
production,cam2,329,1,1,2.6787309646606445
production,cam2,330,1,1,2.578298330307007
production,cam2,331,1,1,0.9475734233856201
production,cam2,332,1,1,1.778969645500183
production,cam2,333,1,1,3.701373338699341
production,cam2,334,1,1,5.0902323722839355
production,cam2,335,1,1,5.54505729675293
production,cam2,336,1,1,4.058028697967529
production,cam2,337,1,1,5.6510210037231445
production,cam2,338,1,1,5.971288204193115
production,cam2,339,1,1,7.614531517028809
production,cam2,340,1,1,3.8465452194213867
production,cam2,341,1,1,6.546663284301758
production,cam2,342,1,1,3.51613450050354
production,cam2,343,1,1,1.7624881267547607
production,cam2,344,1,1,4.235606670379639
production,cam2,345,1,1,4.187751293182373
production,cam2,346,1,1,4.935170650482178
production,cam2,347,1,1,6.870554447174072
production,cam2,348,1,1,7.0775957107543945
production,cam2,349,1,1,7.054599761962891
production,cam2,350,1,1,7.943331718444824
production,cam2,351,1,1,4.620706081390381
production,cam2,352,0,1,
production,cam2,353,0,1,
production,cam2,354,0,1,
production,cam2,355,0,1,
production,cam2,356,0,1,
production,cam2,357,0,1,
production,cam2,358,0,1,
production,cam2,359,0,1,
production,cam2,360,0,1,
production,cam2,361,0,1,
production,cam2,362,0,1,
production,cam2,363,0,1,
production,cam2,364,0,1,
production,cam2,365,0,2,
production,cam2,366,0,1,
production,cam2,367,0,1,
production,cam2,368,0,2,
production,cam2,369,0,1,
production,cam2,370,0,0,
production,cam2,371,0,0,
production,cam2,372,0,0,
production,cam2,373,0,0,
production,cam2,374,0,0,
production,cam2,375,0,0,
production,cam2,376,0,1,
production,cam2,377,0,1,
production,cam2,378,0,1,
production,cam2,379,0,1,
production,cam2,380,0,1,
production,cam2,381,0,1,
production,cam2,382,0,0,
production,cam2,383,0,0,
production,cam2,384,0,0,
production,cam2,385,0,0,
production,cam2,386,0,0,
production,cam2,387,0,0,
production,cam2,388,0,0,
production,cam2,389,0,0,
production,cam2,390,0,0,
production,cam2,391,0,0,
production,cam2,392,0,0,
production,cam2,393,0,0,
production,cam2,394,0,0,
production,cam2,395,0,0,
production,cam2,396,0,0,
production,cam2,397,0,0,
production,cam2,398,0,0,
production,cam2,399,0,0,
production,cam2,400,0,0,
production,cam2,401,0,0,
production,cam2,402,0,0,
production,cam2,403,0,0,
production,cam2,404,0,1,
production,cam2,405,0,1,
production,cam2,406,0,1,
production,cam2,407,0,1,
production,cam2,408,0,1,
production,cam2,409,0,1,
production,cam2,410,0,1,
production,cam2,411,0,1,
production,cam2,412,0,1,
production,cam2,413,0,1,
production,cam2,414,0,1,
production,cam2,415,1,1,40.058982849121094
production,cam2,416,1,1,42.40620422363281
production,cam2,417,1,1,31.511722564697266
production,cam2,418,0,1,
production,cam2,419,0,1,
production,cam2,420,1,1,33.14729309082031
production,cam2,421,1,1,35.40861892700195
production,cam2,422,1,1,36.07982635498047
production,cam2,423,1,1,33.69941711425781
production,cam2,424,1,1,29.23813247680664
production,cam2,425,1,1,22.11001968383789
production,cam2,426,1,1,22.816286087036133
production,cam2,427,1,1,29.273889541625977
production,cam2,428,1,1,27.168054580688477
production,cam2,429,1,1,29.31924057006836
production,cam2,430,1,1,20.221309661865234
production,cam2,431,1,1,18.812654495239258
production,cam2,432,1,1,19.734127044677734
production,cam2,433,1,1,21.701169967651367
production,cam2,434,1,1,26.485851287841797
production,cam2,435,1,1,22.994991302490234
production,cam2,436,0,1,
production,cam2,437,1,2,
production,cam2,438,1,1,25.32945442199707
production,cam2,439,1,1,26.863004684448242
production,cam2,440,0,1,
production,cam2,441,0,1,
production,cam2,442,0,1,
production,cam2,443,0,1,
production,cam2,444,1,1,48.26042556762695
production,cam2,445,1,1,48.66437911987305
production,cam2,446,1,1,50.59122085571289
production,cam2,447,1,1,61.07887268066406
production,cam2,448,1,2,
production,cam2,449,1,1,47.38938522338867
production,cam2,450,1,1,61.48820495605469
production,cam2,451,1,1,60.35100173950195
production,cam2,452,1,1,60.96509552001953
production,cam2,453,1,1,59.94930648803711
production,cam2,454,1,1,62.15140914916992
production,cam2,455,1,1,62.27619171142578
production,cam2,456,1,1,70.22723388671875
production,cam2,457,0,1,
production,cam2,458,0,1,
production,cam2,459,0,1,
production,cam2,460,0,1,
production,cam2,461,0,1,
production,cam2,462,0,1,
production,cam2,463,0,1,
production,cam2,464,1,1,9.426595687866211
production,cam2,465,1,1,4.871580123901367
production,cam2,466,0,1,
production,cam2,467,0,1,
production,cam2,468,0,1,
production,cam2,469,1,1,12.153841972351074
production,cam2,470,1,1,7.2259039878845215
production,cam2,471,1,1,6.694738864898682
production,cam2,472,1,1,7.311605453491211
production,cam2,473,1,1,4.928618431091309
production,cam2,474,1,1,6.215461254119873
production,cam2,475,1,1,4.078940391540527
production,cam2,476,1,1,5.3440375328063965
production,cam2,477,1,1,2.533353328704834
production,cam2,478,1,1,1.757489800453186
production,cam2,479,1,1,2.9874885082244873
production,cam2,480,1,1,2.7198026180267334
production,cam2,481,1,1,6.646480083465576
production,cam2,482,1,1,3.1763858795166016
production,cam2,483,1,1,8.7443208694458
production,cam2,484,1,1,6.684890270233154
production,cam2,485,1,1,2.673640251159668
production,cam2,486,1,1,3.7100236415863037
production,cam2,487,1,1,0.7590665817260742
production,cam2,488,1,1,5.707149028778076
production,cam2,489,1,1,6.6206793785095215
production,cam2,490,1,1,2.8563120365142822
production,cam2,491,1,1,5.9817304611206055
production,cam2,492,1,1,6.660215377807617
production,cam2,493,1,1,4.35496187210083
production,cam2,494,1,1,2.6704559326171875
production,cam2,495,1,1,7.201923847198486
production,cam2,496,1,1,10.929526329040527
production,cam2,497,1,1,10.506169319152832
production,cam2,498,1,1,9.696338653564453
production,cam2,499,1,1,8.244048118591309
production,cam2,500,1,1,8.024124145507812
production,cam2,501,1,1,7.869781970977783
production,cam2,502,1,1,5.27392053604126
production,cam2,503,1,1,7.313896179199219
production,cam2,504,1,1,1.4070864915847778
production,cam2,505,1,1,3.899017095565796
production,cam2,506,1,1,5.914382457733154
production,cam2,507,1,1,1.9119621515274048
production,cam2,508,1,1,1.0373324155807495
production,cam2,509,1,1,1.510353922843933
production,cam2,510,1,1,3.8848137855529785
production,cam2,511,1,1,2.5266120433807373
production,cam2,512,1,1,1.9293560981750488
production,cam2,513,1,1,5.674063205718994
production,cam2,514,1,1,4.717715263366699
production,cam2,515,1,1,3.475168228149414
production,cam2,516,1,1,12.067790985107422
production,cam2,517,1,1,17.205455780029297
production,cam2,518,1,1,22.482006072998047
production,cam2,519,1,1,38.4436149597168
production,cam2,520,0,1,
production,cam2,521,0,1,
production,cam2,522,0,1,
production,cam2,523,0,1,
production,cam2,524,1,1,19.27473258972168
production,cam2,525,1,1,16.026399612426758
production,cam2,526,1,1,8.92809772491455
production,cam2,527,1,1,10.152113914489746
production,cam2,528,1,1,4.1356096267700195
production,cam2,529,1,1,1.2862979173660278
production,cam2,530,1,1,5.104854583740234
production,cam2,531,1,1,2.393476963043213
production,cam2,532,1,1,2.363811731338501
production,cam2,533,1,1,3.5175344944000244
production,cam2,534,1,1,2.9757797718048096
production,cam2,535,1,1,4.808270454406738
production,cam2,536,1,1,6.953590393066406
production,cam2,537,1,1,1.5887017250061035
production,cam2,538,1,1,0.7301236987113953
production,cam2,539,1,1,2.9217066764831543
production,cam2,540,1,1,4.029808044433594
production,cam2,541,1,1,6.555337429046631
production,cam2,542,1,1,10.253547668457031
production,cam2,543,1,1,11.663979530334473
production,cam2,544,1,1,2.315828561782837
production,cam2,545,1,1,4.651412010192871
production,cam2,546,1,1,2.2027249336242676
production,cam2,547,1,1,9.905041694641113
production,cam2,548,0,1,
production,cam2,549,0,1,
production,cam2,550,0,1,
production,cam2,551,0,1,
production,cam2,552,0,1,
production,cam2,553,0,1,
production,cam2,554,0,1,
production,cam2,555,0,1,
production,cam2,556,0,1,
production,cam2,557,0,1,
production,cam2,558,0,1,
production,cam2,559,0,1,
production,cam2,560,1,1,551.6912231445312
production,cam2,561,0,1,
production,cam2,562,0,1,
production,cam2,563,0,1,
production,cam2,564,0,1,
production,cam2,565,0,1,
production,cam2,566,0,1,
production,cam2,567,0,1,
production,cam2,568,0,1,
production,cam2,569,0,1,
production,cam2,570,0,1,
production,cam2,571,0,1,
production,cam2,572,0,1,
production,cam2,573,0,1,
production,cam2,574,0,1,
production,cam2,575,0,0,
production,cam2,576,0,0,
production,cam2,577,0,0,
production,cam2,578,0,0,
production,cam2,579,0,0,
production,cam2,580,0,0,
production,cam2,581,0,1,
production,cam2,582,0,1,
production,cam2,583,0,1,
production,cam2,584,0,1,
production,cam2,585,0,1,
production,cam2,586,0,1,
production,cam2,587,0,1,
production,cam2,588,0,2,
production,cam2,589,0,2,
production,cam2,590,0,1,
production,cam2,591,0,2,
production,cam2,592,0,1,
production,cam2,593,0,1,
production,cam2,594,0,1,
production,cam2,595,0,1,
production,cam2,596,0,1,
production,cam2,597,0,0,
production,cam2,598,0,1,
production,cam2,599,0,1,
production,cam2,600,0,1,
production,cam2,601,1,2,
production,cam2,602,1,1,24.274778366088867
production,cam2,603,0,1,
production,cam2,604,0,2,
production,cam2,605,0,2,
production,cam2,606,0,1,
production,cam2,607,1,1,32.08007049560547
production,cam2,608,1,1,25.96424102783203
production,cam2,609,1,1,27.129575729370117
production,cam2,610,1,1,32.776554107666016
production,cam2,611,0,1,
production,cam2,612,0,2,
production,cam2,613,0,2,
production,cam2,614,0,1,
production,cam2,615,0,1,
production,cam2,616,1,1,30.954814910888672
production,cam2,617,1,1,33.33672332763672
production,cam2,618,1,1,29.193758010864258
production,cam2,619,0,1,
production,cam2,620,1,1,28.00226402282715
production,cam2,621,1,1,28.129703521728516
production,cam2,622,1,1,23.6490535736084
production,cam2,623,1,1,20.1101131439209
production,cam2,624,1,1,14.0078706741333
production,cam2,625,1,1,10.632519721984863
production,cam2,626,1,1,9.393081665039062
production,cam2,627,1,1,10.428011894226074
production,cam2,628,1,1,5.1257781982421875
production,cam2,629,1,1,4.699635028839111
production,cam2,630,1,1,3.678396701812744
production,cam2,631,1,1,5.895930767059326
production,cam2,632,1,1,9.760583877563477
production,cam2,633,1,1,6.759667873382568
production,cam2,634,1,1,6.756529808044434
production,cam2,635,1,1,7.147250175476074
production,cam2,636,1,1,7.566544532775879
production,cam2,637,1,1,1.8041257858276367
production,cam2,638,1,1,5.876272678375244
production,cam2,639,1,1,5.564811706542969
production,cam2,640,1,1,10.438285827636719
production,cam2,641,1,1,8.147882461547852
production,cam2,642,1,1,5.56458044052124
production,cam2,643,1,1,6.590075969696045
production,cam2,644,1,1,10.41224193572998
production,cam2,645,1,1,7.224663734436035
production,cam2,646,1,1,7.087410926818848
production,cam2,647,0,1,
production,cam2,648,0,1,
production,cam2,649,0,1,
production,cam2,650,0,1,
production,cam2,651,0,1,
production,cam2,652,0,1,
production,cam2,653,0,1,
production,cam2,654,0,1,
production,cam2,655,0,1,
production,cam2,656,0,1,
production,cam2,657,0,1,
production,cam2,658,0,1,
production,cam2,659,0,1,
production,cam2,660,0,1,
production,cam2,661,0,1,
production,cam2,662,1,1,298.469482421875
production,cam2,663,0,1,
production,cam2,664,0,1,
production,cam2,665,0,1,
production,cam2,666,0,1,
production,cam2,667,0,1,
production,cam2,668,0,1,
production,cam2,669,0,1,
production,cam2,670,0,1,
production,cam2,671,0,1,
production,cam2,672,0,1,
production,cam2,673,0,1,
production,cam2,674,0,1,
production,cam2,675,0,1,
production,cam2,676,0,1,
production,cam2,677,1,1,164.86849975585938
production,cam2,678,1,1,161.87188720703125
production,cam2,679,0,1,
production,cam2,680,1,1,154.675048828125
production,cam2,681,1,1,158.47598266601562
production,cam2,682,1,1,147.66871643066406
production,cam2,683,0,1,
production,cam2,684,1,1,11.661602973937988
production,cam2,685,1,1,2.5781705379486084
production,cam2,686,1,1,7.871933460235596
production,cam2,687,1,1,7.156672477722168
production,cam2,688,1,1,11.358038902282715
production,cam2,689,1,1,7.806650161743164
production,cam2,690,1,1,5.932611465454102
production,cam2,691,1,1,7.054630279541016
production,cam2,692,1,1,7.000694274902344
production,cam2,693,1,1,4.404056549072266
production,cam2,694,1,1,8.02657413482666
production,cam2,695,1,1,5.272417068481445
production,cam2,696,1,1,5.1738786697387695
production,cam2,697,1,1,5.941112041473389
production,cam2,698,1,1,6.041231155395508
production,cam2,699,1,1,6.4866414070129395
production,cam2,700,1,1,4.822482585906982
production,cam2,701,1,1,2.1584982872009277
production,cam2,702,1,1,3.0237083435058594
production,cam2,703,1,1,7.295055389404297
production,cam2,704,1,1,4.308533668518066
production,cam2,705,1,1,8.094075202941895
production,cam2,706,1,1,4.098111152648926
production,cam2,707,1,1,2.3292524814605713
production,cam2,708,1,1,5.218551158905029
production,cam2,709,1,1,5.155994415283203
production,cam2,710,1,1,3.4991250038146973
production,cam2,711,1,1,3.289354085922241
production,cam2,712,1,1,1.8560073375701904
production,cam2,713,1,1,2.4926631450653076
production,cam2,714,1,1,5.013031482696533
production,cam2,715,1,1,2.488679885864258
production,cam2,716,1,1,2.63175630569458
production,cam2,717,1,1,2.046365737915039
production,cam2,718,1,1,4.488687515258789
production,cam2,719,1,1,2.7619950771331787
production,cam2,720,1,1,5.667373180389404
production,cam2,721,1,1,3.31207275390625
production,cam2,722,1,1,4.397917747497559
production,cam2,723,1,1,3.1979379653930664
production,cam2,724,1,1,0.8827727437019348
production,cam2,725,1,1,2.2045955657958984
production,cam2,726,1,1,2.0522892475128174
production,cam2,727,1,1,3.8380024433135986
production,cam2,728,1,1,2.9671552181243896
production,cam2,729,1,1,4.118991374969482
production,cam2,730,1,1,2.841343402862549
production,cam2,731,1,1,3.705704927444458
production,cam2,732,1,1,1.7611699104309082
production,cam2,733,1,1,3.0028343200683594
production,cam2,734,1,1,2.091651201248169
production,cam2,735,1,1,2.85225248336792
production,cam2,736,1,1,1.333309531211853
production,cam2,737,1,1,2.1321980953216553
production,cam2,738,1,1,2.4343669414520264
production,cam2,739,1,1,1.5358747243881226
production,cam2,740,1,1,2.543795347213745
production,cam2,741,1,1,3.3051092624664307
production,cam2,742,1,1,0.4556904435157776
production,cam2,743,1,1,1.7474051713943481
production,cam2,744,1,1,4.164612293243408
production,cam2,745,1,1,1.4550894498825073
production,cam2,746,1,1,1.6293753385543823
production,cam2,747,1,1,2.395265817642212
production,cam2,748,1,1,5.561293125152588
production,cam2,749,1,1,5.070982456207275
production,cam2,750,1,1,1.167009711265564
production,cam2,751,1,1,4.904196739196777
production,cam2,752,1,1,1.375853419303894
production,cam2,753,1,1,7.625782489776611
production,cam2,754,1,1,9.260054588317871
production,cam2,755,1,1,6.5561933517456055
production,cam2,756,1,1,5.868895053863525
production,cam2,757,1,1,1.7767192125320435
production,cam2,758,1,1,1.238782286643982
production,cam2,759,1,1,3.05989408493042
production,cam2,760,1,1,2.916257858276367
production,cam2,761,1,1,3.669696807861328
production,cam2,762,1,1,4.529806613922119
production,cam2,763,1,1,4.099287986755371
production,cam2,764,1,1,9.443212509155273
production,cam2,765,1,1,1.2176539897918701
production,cam2,766,1,1,1.4389864206314087
production,cam2,767,1,1,2.0261878967285156
production,cam2,768,1,1,3.9649815559387207
production,cam2,769,1,1,2.3886301517486572
production,cam2,770,1,1,3.4344120025634766
production,cam2,771,1,1,8.475223541259766
production,cam2,772,1,1,0.5492422580718994
production,cam2,773,1,1,5.442958831787109
production,cam2,774,1,1,5.2270708084106445
production,cam2,775,1,1,4.829397201538086
production,cam2,776,1,1,3.345660448074341
production,cam2,777,1,1,7.558932304382324
production,cam2,778,1,1,12.410136222839355
production,cam2,779,1,1,12.194082260131836
production,cam2,780,1,1,4.515051364898682
production,cam2,781,1,1,11.294672012329102
production,cam2,782,1,1,10.337859153747559
production,cam2,783,1,1,16.09951400756836
production,cam2,784,1,1,7.3893890380859375
production,cam2,785,1,1,15.261985778808594
production,cam2,786,1,1,3.837672710418701
production,cam2,787,1,1,6.05819845199585
production,cam2,788,1,1,3.6773343086242676
production,cam2,789,1,1,4.253471374511719
production,cam2,790,1,1,1.2235920429229736
production,cam2,791,1,1,4.931115627288818
production,cam2,792,1,1,2.9996163845062256
production,cam2,793,1,1,2.5645229816436768
production,cam2,794,1,1,12.40726375579834
production,cam2,795,1,1,21.23526382446289
production,cam2,796,1,1,407.9504699707031
production,cam2,797,1,1,405.2519226074219
production,cam2,798,1,1,400.6814270019531
production,cam2,799,1,1,396.99896240234375
production,cam2,800,1,1,389.2445068359375
production,cam2,801,0,1,
production,cam2,802,0,1,
production,cam2,803,0,1,
production,cam2,804,1,1,17.05740737915039
production,cam2,805,1,1,3.8558592796325684
production,cam2,806,1,1,5.893940448760986
production,cam2,807,1,1,3.1043972969055176
production,cam2,808,1,1,336.0289611816406
production,cam2,809,1,1,338.7867431640625
production,cam2,810,1,1,334.9070129394531
production,cam2,811,1,1,331.1921691894531
production,cam2,812,1,1,327.54376220703125
production,cam2,813,1,1,324.4183654785156
production,cam2,814,1,1,321.9504089355469
production,cam2,815,1,1,323.7934265136719
production,cam2,816,1,1,3.0045218467712402
production,cam2,817,1,1,1.7025820016860962
production,cam2,818,1,1,6.079647064208984
production,cam2,819,1,1,10.70949935913086
production,cam2,820,1,1,7.58275032043457
production,cam2,821,1,1,10.33525276184082
production,cam2,822,1,1,8.589466094970703
production,cam2,823,1,1,6.320968151092529
production,cam2,824,1,1,3.1065564155578613
production,cam2,825,1,1,1.5881068706512451
production,cam2,826,1,1,0.46543022990226746
production,cam2,827,1,1,6.309617519378662
production,cam2,828,1,1,5.115480422973633
production,cam2,829,1,1,4.263651371002197
production,cam2,830,1,1,6.155694961547852
production,cam2,831,1,1,7.398312568664551
production,cam2,832,1,1,5.957812309265137
production,cam2,833,1,1,5.101055145263672
production,cam2,834,1,1,4.302512168884277
production,cam2,835,1,1,7.621960163116455
production,cam2,836,1,1,8.429304122924805
production,cam2,837,1,1,4.104899883270264
production,cam2,838,1,1,0.94642174243927
production,cam2,839,1,1,3.8522112369537354
production,cam2,840,1,1,8.066947937011719
production,cam2,841,1,1,4.5699968338012695
production,cam2,842,1,1,6.768925666809082
production,cam2,843,1,1,4.269615173339844
production,cam2,844,1,1,303.8909606933594
production,cam2,845,1,1,312.4955139160156
production,cam2,846,1,2,
production,cam2,847,1,1,328.2713623046875
production,cam2,848,1,1,336.70025634765625
production,cam2,849,1,1,343.0568542480469
production,cam2,850,1,1,353.9377136230469
production,cam2,851,1,1,363.3258972167969
production,cam2,852,1,1,374.6408386230469
production,cam2,853,1,1,386.843505859375
production,cam2,854,1,1,388.94757080078125
production,cam2,855,1,1,387.4578857421875
production,cam2,856,1,1,400.29010009765625
production,cam2,857,1,1,401.0809326171875
production,cam2,858,1,1,402.6455993652344
production,cam2,859,1,1,412.69049072265625
production,cam2,860,1,1,420.9854736328125
production,cam2,861,1,1,436.5389709472656
production,cam2,862,1,1,431.1342468261719
production,cam2,863,1,1,434.1094970703125
production,cam2,864,1,1,447.0334167480469
production,cam2,865,1,1,449.7872009277344
production,cam2,866,1,1,448.9064025878906
production,cam2,867,0,1,
production,cam2,868,0,1,
production,cam2,869,0,1,
production,cam2,870,0,1,
production,cam2,871,0,1,
production,cam2,872,0,1,
production,cam2,873,0,1,
production,cam2,874,0,1,
production,cam2,875,0,1,
production,cam2,876,0,1,
production,cam2,877,0,1,
production,cam2,878,0,1,
production,cam2,879,0,1,
production,cam2,880,0,1,
production,cam2,881,0,1,
production,cam2,882,0,1,
production,cam2,883,0,1,
production,cam2,884,0,1,
production,cam2,885,0,1,
production,cam2,886,0,1,
production,cam2,887,0,1,
production,cam2,888,0,1,
production,cam2,889,0,1,
production,cam2,890,0,1,
production,cam2,891,0,1,
production,cam2,892,0,1,
production,cam2,893,0,1,
production,cam2,894,0,1,
production,cam2,895,0,1,
production,cam2,896,0,1,
production,cam2,897,0,1,
production,cam2,898,0,1,
production,cam2,899,0,1,
production,cam2,900,1,1,423.0512390136719
production,cam2,901,1,1,416.9197998046875
production,cam2,902,1,1,413.1270446777344
production,cam2,903,1,1,408.17584228515625
production,cam2,904,1,1,410.1625671386719
production,cam2,905,1,1,414.0967102050781
production,cam2,906,0,1,
production,cam2,907,0,1,
production,cam2,908,0,1,
production,cam2,909,0,1,
production,cam2,910,0,1,
production,cam2,911,0,1,
production,cam2,912,1,1,58.047767639160156
production,cam2,913,0,1,
production,cam2,914,0,1,
production,cam2,915,0,1,
production,cam2,916,0,1,
production,cam2,917,1,1,51.59729766845703
production,cam2,918,1,1,49.35887908935547
production,cam2,919,1,1,51.72419357299805
production,cam2,920,0,1,
production,cam2,921,0,1,
production,cam2,922,0,1,
production,cam2,923,0,1,
production,cam2,924,1,1,51.71783447265625
production,cam2,925,1,1,52.40088653564453
production,cam2,926,1,1,58.37932205200195
production,cam2,927,1,1,58.84418869018555
production,cam2,928,0,1,
production,cam2,929,0,1,
production,cam2,930,0,1,
production,cam2,931,0,1,
production,cam2,932,0,1,
production,cam2,933,1,1,63.597198486328125
production,cam2,934,1,1,67.38717651367188
production,cam2,935,1,1,66.18565368652344
production,cam2,936,0,1,
production,cam2,937,0,1,
production,cam2,938,0,1,
production,cam2,939,0,1,
production,cam2,940,0,1,
production,cam2,941,1,1,251.31849670410156
production,cam2,942,1,1,248.24661254882812
production,cam2,943,1,1,252.39346313476562
production,cam2,944,0,1,
production,cam2,945,0,1,
production,cam2,946,0,1,
production,cam2,947,0,1,
production,cam2,948,0,1,
production,cam2,949,0,1,
production,cam2,950,0,1,
production,cam2,951,1,1,225.6389617919922
production,cam2,952,1,1,222.1700897216797
production,cam2,953,1,1,225.86666870117188
production,cam2,954,1,1,225.529541015625
production,cam2,955,1,1,218.2029266357422
production,cam2,956,0,1,
production,cam2,957,0,1,
production,cam2,958,0,1,
production,cam2,959,0,1,
production,cam2,960,0,1,
production,cam2,961,0,1,
production,cam2,962,0,1,
production,cam2,963,0,1,
production,cam2,964,1,1,7.807799339294434
production,cam2,965,1,1,9.281148910522461
production,cam2,966,1,1,6.266794681549072
production,cam2,967,1,1,4.71212911605835
production,cam2,968,1,1,9.458747863769531
production,cam2,969,1,1,3.458516836166382
production,cam2,970,1,1,4.820079326629639
production,cam2,971,1,1,6.512824058532715
production,cam2,972,1,1,8.159602165222168
production,cam2,973,1,1,8.390250205993652
production,cam2,974,1,1,8.19362735748291
production,cam2,975,1,1,9.633426666259766
production,cam2,976,1,1,8.008931159973145
production,cam2,977,1,1,7.583357334136963
production,cam2,978,1,1,6.474252700805664
production,cam2,979,1,1,4.858839988708496
production,cam2,980,1,1,7.873627185821533
production,cam2,981,1,1,8.440608978271484
production,cam2,982,1,1,7.055716037750244
production,cam2,983,1,1,5.070469379425049
production,cam2,984,1,1,8.782746315002441
production,cam2,985,1,1,12.137598037719727
production,cam2,986,1,1,5.986074447631836
production,cam2,987,1,1,3.9696567058563232
production,cam2,988,1,1,4.1435112953186035
production,cam2,989,1,1,5.88162088394165
production,cam2,990,1,1,5.9202561378479
production,cam2,991,1,1,2.5756478309631348
production,cam2,992,1,1,3.531480312347412
production,cam2,993,1,1,3.582490921020508
production,cam2,994,1,1,3.229712724685669
production,cam2,995,1,1,4.163024425506592
production,cam2,996,1,1,2.4830596446990967
production,cam2,997,1,1,3.7249462604522705
production,cam2,998,1,1,5.668210029602051
production,cam2,999,1,1,1.6167137622833252
production,cam2,1000,1,1,5.283527851104736
production,cam2,1001,1,1,3.470194101333618
production,cam2,1002,1,1,0.5352116823196411
production,cam2,1003,1,1,7.277919769287109
production,cam2,1004,1,1,6.958599090576172
production,cam2,1005,1,1,9.172645568847656
production,cam2,1006,1,1,7.725644111633301
production,cam2,1007,1,1,9.812763214111328
production,cam2,1008,1,1,10.58100414276123
production,cam2,1009,1,1,11.222926139831543
