camera,frame,rank,cache_x,cache_y,cache_score,cache_valid,source_x,source_y,source_score,source_valid,matched_source_rank_20px
cam0,0,0,909.0887451171875,280.3182678222656,0.4532957673072815,True,885.9622802734375,374.9947204589844,0.42683252692222595,True,-1
cam0,0,1,1049.81591796875,284.1069030761719,0.229811429977417,True,1099.6898193359375,306.6595764160156,0.3322257697582245,True,-1
cam0,0,2,1017.3506469726562,378.20306396484375,0.1381995677947998,True,1097.6495361328125,207.49635314941406,0.257858544588089,True,3
cam0,0,3,693.4185180664062,477.5570068359375,0.09227100014686584,True,1007.9942626953125,365.5414733886719,0.18527564406394958,True,5
cam0,0,4,708.8411254882812,407.8493957519531,0.0821235403418541,True,955.5643310546875,244.9772186279297,0.15051141381263733,True,-1
cam0,0,5,704.8554077148438,247.74215698242188,0.07507643848657608,True,691.7476806640625,479.3613586425781,0.11984555423259735,True,-1
cam0,0,6,555.0140991210938,397.02215576171875,0.05138618126511574,True,1483.6961669921875,260.2132873535156,0.06082195043563843,True,-1
cam0,0,7,518.5955200195312,229.4456329345703,0.04826545715332031,True,437.931640625,251.4539794921875,0.05977974832057953,True,-1
cam0,1,0,909.1685180664062,275.8429870605469,0.4537883996963501,True,883.4266967773438,371.4997253417969,0.43413281440734863,True,4
cam0,1,1,1050.51171875,276.9259338378906,0.21712398529052734,True,1105.1123046875,208.468994140625,0.3362705111503601,True,-1
cam0,1,2,1120.8192138671875,304.4308166503906,0.17808057367801666,True,1094.8343505859375,299.7049865722656,0.3134234845638275,True,-1
cam0,1,3,1032.720703125,379.34466552734375,0.12566111981868744,True,1008.5787353515625,371.8597717285156,0.17046129703521729,True,-1
cam0,1,4,690.5173950195312,481.1081848144531,0.11662185192108154,True,912.0941162109375,272.5362243652344,0.15634946525096893,True,5
cam0,1,5,544.382080078125,398.6689453125,0.06278041005134583,True,691.0263671875,482.40301513671875,0.15136584639549255,True,-1
cam0,1,6,703.3092041015625,251.73118591308594,0.05987999588251114,True,652.2974853515625,529.0023193359375,0.11303427070379257,True,-1
cam0,1,7,711.0820922851562,405.6089172363281,0.0590474009513855,True,1482.668701171875,259.4389953613281,0.06766270846128464,True,-1
cam0,2,0,908.2518920898438,276.55908203125,0.5190578699111938,True,883.7777099609375,368.612060546875,0.48863694071769714,True,5
cam0,2,1,1047.8870849609375,279.73431396484375,0.2469022572040558,True,1053.406982421875,275.1581726074219,0.33850914239883423,True,1
cam0,2,2,889.9933471679688,361.281494140625,0.20404177904129028,True,1104.9825439453125,207.80113220214844,0.30091145634651184,True,0
cam0,2,3,1114.185791015625,301.1295166015625,0.19457346200942993,True,1010.6578369140625,387.2878112792969,0.15719079971313477,True,-1
cam0,2,4,1036.14599609375,374.2089538574219,0.13455726206302643,True,694.9053344726562,480.7141418457031,0.14219513535499573,True,-1
cam0,2,5,693.06591796875,481.50897216796875,0.10703538358211517,True,906.2363891601562,272.5722351074219,0.13716331124305725,True,4
cam0,2,6,794.1155395507812,414.9018859863281,0.06437141448259354,True,653.3812866210938,525.2943725585938,0.09580104798078537,True,-1
cam0,2,7,1072.5543212890625,487.468994140625,0.06386455148458481,True,433.57421875,253.72972106933594,0.06976170092821121,True,-1
cam0,3,0,909.093017578125,276.57147216796875,0.5640726685523987,True,889.6077270507812,368.4977111816406,0.5923672318458557,True,3
cam0,3,1,1045.412841796875,278.95440673828125,0.2773354947566986,True,1047.714111328125,272.55816650390625,0.3894387185573578,True,1
cam0,3,2,883.1605834960938,365.4827575683594,0.2599700689315796,True,1105.5982666015625,201.00367736816406,0.25139522552490234,True,0
cam0,3,3,1129.02880859375,299.7347717285156,0.18718525767326355,True,910.491943359375,268.5274353027344,0.16421280801296234,True,-1
cam0,3,4,1034.81201171875,375.4251403808594,0.13095790147781372,True,1014.3404541015625,393.8918762207031,0.1560712605714798,True,-1
cam0,3,5,685.4619140625,471.9831237792969,0.08352266252040863,True,690.9097290039062,474.80279541015625,0.12212002277374268,True,5
cam0,3,6,799.1415405273438,412.33258056640625,0.0661935806274414,True,426.4181823730469,246.01637268066406,0.06996744871139526,True,-1
cam0,3,7,539.5230712890625,399.5771179199219,0.06277567148208618,True,1502.3125,257.9889831542969,0.04630337283015251,True,-1
cam0,4,0,910.9017944335938,279.32373046875,0.5435211062431335,True,887.4110107421875,369.5074768066406,0.6339056491851807,True,4
cam0,4,1,883.4124145507812,368.07928466796875,0.28597167134284973,True,1049.9837646484375,271.0798645019531,0.39012670516967773,True,0
cam0,4,2,1048.2384033203125,279.06512451171875,0.25427889823913574,True,1120.3687744140625,201.8040771484375,0.195969358086586,True,1
cam0,4,3,1121.3387451171875,298.770263671875,0.1883469671010971,True,1031.4613037109375,378.4952697753906,0.16346102952957153,True,-1
cam0,4,4,1081.47021484375,217.2023468017578,0.15857577323913574,True,909.37158203125,260.36981201171875,0.13008475303649902,True,-1
cam0,4,5,1040.4931640625,367.13824462890625,0.12621913850307465,True,688.4508666992188,472.30084228515625,0.10140974074602127,True,3
cam0,4,6,679.0858764648438,469.590087890625,0.07498034834861755,True,658.305419921875,513.1240844726562,0.09542729705572128,True,5
cam0,4,7,802.515380859375,409.4987487792969,0.0681409016251564,True,420.5579528808594,226.9001922607422,0.06154794618487358,True,-1
cam0,5,0,909.6301879882812,280.5499267578125,0.5716423392295837,True,888.2122802734375,369.8490905761719,0.6473243832588196,True,-1
cam0,5,1,883.8613891601562,365.790771484375,0.2728983759880066,True,1047.6431884765625,269.74530029296875,0.4679533839225769,True,0
cam0,5,2,1043.7716064453125,280.6363525390625,0.26734423637390137,True,1132.662841796875,199.38772583007812,0.17724889516830444,True,1
cam0,5,3,1124.31103515625,300.5469970703125,0.1827056109905243,True,887.5867919921875,235.01898193359375,0.14515629410743713,True,-1
cam0,5,4,1060.93798828125,496.3428039550781,0.08531679213047028,True,1034.195068359375,371.702880859375,0.1412300169467926,True,-1
cam0,5,5,674.995849609375,467.19525146484375,0.0685158222913742,True,659.2272338867188,513.7317504882812,0.10720912367105484,True,6
cam0,5,6,536.4520263671875,398.8125,0.05581667274236679,True,678.1405029296875,469.0896301269531,0.10327164828777313,True,-1
cam0,5,7,657.7794189453125,510.80657958984375,0.052047643810510635,True,423.3205261230469,201.5006561279297,0.06256823241710663,True,5
cam0,6,0,913.9522705078125,282.28955078125,0.5826485753059387,True,886.567138671875,359.6680603027344,0.7001399993896484,True,-1
cam0,6,1,882.0385131835938,363.9908752441406,0.30542245507240295,True,1048.1444091796875,272.2455139160156,0.3555973172187805,True,0
cam0,6,2,1082.6649169921875,212.4546356201172,0.2382514923810959,True,887.9556274414062,234.2838592529297,0.22191289067268372,True,-1
cam0,6,3,1015.5264892578125,311.0942687988281,0.2122860550880432,True,677.3193359375,468.143798828125,0.11059296131134033,True,-1
cam0,6,4,666.2705078125,460.1470031738281,0.07520335167646408,True,648.2734375,527.1746215820312,0.11007042229175568,True,3
cam0,6,5,1213.893798828125,449.8230895996094,0.049690015614032745,True,1030.040771484375,385.8829040527344,0.10721608251333237,True,6
cam0,6,6,1070.94970703125,490.4311828613281,0.04599762335419655,True,1206.03125,463.8066101074219,0.045145392417907715,True,-1
cam0,6,7,606.6678466796875,342.9541320800781,0.04506019502878189,True,414.7339172363281,227.56097412109375,0.04102340713143349,True,-1
cam0,7,0,912.5407104492188,283.748046875,0.5225948691368103,True,883.1765747070312,360.24237060546875,0.6782421469688416,True,-1
cam0,7,1,884.1551513671875,360.03875732421875,0.3686726689338684,True,1046.581298828125,269.2396545410156,0.393627792596817,True,0
cam0,7,2,1082.342041015625,209.47476196289062,0.2878013253211975,True,888.417236328125,233.6953582763672,0.26936519145965576,True,-1
cam0,7,3,1013.4971313476562,314.2001647949219,0.2415435016155243,True,677.6638793945312,468.2884521484375,0.1180892363190651,True,-1
cam0,7,4,674.6018676757812,468.09552001953125,0.07860959321260452,True,649.4229736328125,528.3457641601562,0.11538030952215195,True,3
cam0,7,5,605.4651489257812,336.13623046875,0.05259540304541588,True,1031.6126708984375,386.1058349609375,0.11287762224674225,True,-1
cam0,7,6,434.3204040527344,261.1761169433594,0.04291363060474396,True,406.5243835449219,235.2983856201172,0.06895550340414047,True,-1
cam0,7,7,1215.717041015625,453.3226013183594,0.04095374792814255,True,1206.43017578125,468.14410400390625,0.03641165420413017,True,7
cam0,8,0,911.671630859375,284.84747314453125,0.4208276867866516,True,882.9614868164062,360.3126220703125,0.6719388365745544,True,-1
cam0,8,1,883.4154052734375,359.48309326171875,0.3585241138935089,True,1051.32177734375,276.5458679199219,0.331789493560791,True,0
cam0,8,2,1017.9985961914062,314.7562561035156,0.2814176380634308,True,1100.232421875,220.26486206054688,0.19902610778808594,True,-1
cam0,8,3,1088.2542724609375,207.26593017578125,0.2460554540157318,True,887.2725830078125,236.25706481933594,0.1877659559249878,True,2
cam0,8,4,665.3348388671875,462.6830139160156,0.09333586692810059,True,676.3394165039062,467.7090759277344,0.12819570302963257,True,4
cam0,8,5,604.365234375,340.5487976074219,0.04888781160116196,True,1029.283447265625,379.93408203125,0.11884582787752151,True,-1
cam0,8,6,434.9482727050781,268.7059631347656,0.04518953710794449,True,646.2686157226562,526.5455322265625,0.10163519531488419,True,-1
cam0,8,7,707.3112182617188,366.7505798339844,0.034116003662347794,True,421.1141662597656,252.0485382080078,0.06425825506448746,True,-1
cam0,9,0,882.4500732421875,361.067138671875,0.3872015178203583,True,887.1015625,361.60845947265625,0.674586296081543,True,0
cam0,9,1,905.9252319335938,287.2471618652344,0.3676081895828247,True,1053.395263671875,278.9278259277344,0.30429938435554504,True,-1
cam0,9,2,1011.16064453125,314.2228088378906,0.3044924736022949,True,1102.1483154296875,221.05599975585938,0.21418476104736328,True,-1
cam0,9,3,1096.91064453125,209.80038452148438,0.22201891243457794,True,887.0447998046875,236.5416259765625,0.14015117287635803,True,2
cam0,9,4,675.9638671875,466.4839172363281,0.1084279790520668,True,930.8012084960938,218.57147216796875,0.13782677054405212,True,5
cam0,9,5,1116.766357421875,437.9478759765625,0.08199968934059143,True,676.492431640625,465.4415283203125,0.11914759129285812,True,-1
cam0,9,6,603.724853515625,336.185302734375,0.05022374540567398,True,647.0889282226562,523.4909057617188,0.10251428931951523,True,-1
cam0,9,7,435.49810791015625,259.5384826660156,0.04767714440822601,True,432.51483154296875,254.45521545410156,0.06474130600690842,True,7
cam0,10,0,1071.082763671875,265.2818908691406,0.4139731228351593,True,883.5789184570312,358.8869934082031,0.5286018252372742,True,-1
cam0,10,1,886.2554931640625,362.46044921875,0.35216712951660156,True,1102.484130859375,224.63775634765625,0.26323530077934265,True,0
cam0,10,2,900.2474365234375,283.8379821777344,0.21828211843967438,True,682.1158447265625,465.7948913574219,0.2106597125530243,True,-1
cam0,10,3,1000.7232666015625,310.4390869140625,0.21371330320835114,True,1145.412353515625,306.1025695800781,0.16457994282245636,True,-1
cam0,10,4,674.1934204101562,463.6539001464844,0.1538962423801422,True,1020.8385620117188,390.61224365234375,0.145645409822464,True,2
cam0,10,5,1009.1451416015625,397.17578125,0.13389834761619568,True,619.7343139648438,525.3508911132812,0.09687034040689468,True,4
cam0,10,6,710.8621215820312,370.3052062988281,0.09303436428308487,True,935.5615234375,224.3387451171875,0.09464321285486221,True,-1
cam0,10,7,615.4833374023438,524.5358276367188,0.07833463698625565,True,425.345947265625,252.01145935058594,0.04556833207607269,True,5
cam0,11,0,1069.226318359375,261.22100830078125,0.4672479033470154,True,893.6595458984375,362.5094299316406,0.5533672571182251,True,-1
cam0,11,1,887.9932250976562,360.611572265625,0.3858449459075928,True,1099.2928466796875,227.6367645263672,0.3090800642967224,True,0
cam0,11,2,983.4895629882812,316.72320556640625,0.25552898645401,True,689.0396728515625,470.084716796875,0.20164081454277039,True,-1
cam0,11,3,895.2798461914062,274.0718994140625,0.23071032762527466,True,1013.2866821289062,396.313720703125,0.1706668883562088,True,-1
cam0,11,4,679.06494140625,463.0520324707031,0.15129487216472626,True,932.7252197265625,225.97056579589844,0.0957370176911354,True,2
cam0,11,5,1005.835205078125,398.6154479980469,0.1349077820777893,True,619.129638671875,527.478515625,0.09153509885072708,True,3
cam0,11,6,710.8394165039062,372.9579772949219,0.09156859666109085,True,411.89031982421875,238.32916259765625,0.07028976082801819,True,-1
cam0,11,7,611.7205200195312,522.8992919921875,0.08491376787424088,True,1512.6181640625,623.4717407226562,0.043586134910583496,True,5
cam0,12,0,1071.9931640625,263.96966552734375,0.47048816084861755,True,890.2109375,361.69989013671875,0.5509433150291443,True,-1
cam0,12,1,899.1455688476562,365.3566589355469,0.3871921896934509,True,1097.9329833984375,231.99415588378906,0.30962783098220825,True,0
cam0,12,2,973.684326171875,313.9908752441406,0.2778264284133911,True,689.2142333984375,472.81048583984375,0.21803493797779083,True,-1
cam0,12,3,898.614013671875,274.8492736816406,0.21764270961284637,True,1013.9003295898438,397.18353271484375,0.16322815418243408,True,-1
cam0,12,4,688.58056640625,468.5435485839844,0.15725252032279968,True,618.2357788085938,527.9417114257812,0.1043926328420639,True,2
cam0,12,5,1006.2409057617188,397.3884582519531,0.14261285960674286,True,403.94970703125,235.11045837402344,0.07222350686788559,True,3
cam0,12,6,610.253173828125,521.8726196289062,0.10013322532176971,True,1515.050537109375,622.97705078125,0.048258524388074875,True,4
cam0,12,7,707.4918823242188,375.0445251464844,0.07859376817941666,True,287.2342834472656,464.1268005371094,0.042815912514925,True,-1
cam0,13,0,1075.2725830078125,262.0642395019531,0.4539945423603058,True,890.1494140625,362.6578369140625,0.545793354511261,True,-1
cam0,13,1,890.9930419921875,362.8305358886719,0.3657790422439575,True,953.260009765625,321.0425720214844,0.2901391386985779,True,0
cam0,13,2,972.7695922851562,311.4603271484375,0.31145745515823364,True,1099.5185546875,240.4663543701172,0.28499412536621094,True,-1
cam0,13,3,897.2379150390625,273.0617980957031,0.22678114473819733,True,679.6260375976562,460.9054870605469,0.23982876539230347,True,-1
cam0,13,4,675.4743041992188,460.11383056640625,0.1742745041847229,True,1012.4461669921875,389.9147033691406,0.13845418393611908,True,3
cam0,13,5,1003.032958984375,397.9868469238281,0.1299784779548645,True,408.6827392578125,233.6576385498047,0.06193220987915993,True,4
cam0,13,6,691.3877563476562,364.8245849609375,0.06944945454597473,True,681.3636474609375,367.28533935546875,0.049714766442775726,True,6
cam0,13,7,1586.1492919921875,277.07373046875,0.05050818249583244,True,278.13909912109375,468.3698425292969,0.0410543717443943,True,-1
cam0,14,0,1074.4495849609375,264.2092590332031,0.3716607689857483,True,884.213623046875,360.9497985839844,0.4196096956729889,True,-1
cam0,14,1,885.0054321289062,362.5385437011719,0.35660573840141296,True,679.4149780273438,462.87945556640625,0.2938246428966522,True,0
cam0,14,2,981.118896484375,310.9054260253906,0.24303731322288513,True,955.6402587890625,316.32061767578125,0.2708030939102173,True,-1
cam0,14,3,900.7011108398438,277.81317138671875,0.23748359084129333,True,1101.78515625,274.6005859375,0.21072380244731903,True,-1
cam0,14,4,675.8540649414062,460.58709716796875,0.22632183134555817,True,1018.6533203125,391.5445861816406,0.16290658712387085,True,1
cam0,14,5,1014.9195556640625,394.5549621582031,0.1699548214673996,True,621.9850463867188,528.0897827148438,0.10963723808526993,True,4
cam0,14,6,614.113525390625,524.7979736328125,0.08177664875984192,True,683.6898193359375,372.5107421875,0.05449112504720688,True,5
cam0,14,7,673.5743408203125,365.39990234375,0.05273750051856041,True,408.2161865234375,234.11451721191406,0.05031706392765045,True,6
cam0,15,0,1075.298095703125,268.0322265625,0.3897692561149597,True,883.0070190429688,364.5962829589844,0.4185258746147156,True,-1
cam0,15,1,883.487060546875,366.2264709472656,0.34619373083114624,True,689.8699951171875,470.8830261230469,0.27670934796333313,True,0
cam0,15,2,901.8785400390625,277.70758056640625,0.27660709619522095,True,960.5653686523438,319.00811767578125,0.2417851686477661,True,-1
cam0,15,3,985.7257080078125,316.88720703125,0.26599517464637756,True,1100.125,268.976806640625,0.21156126260757446,True,-1
cam0,15,4,676.501708984375,460.8241882324219,0.20261147618293762,True,1029.4617919921875,371.32379150390625,0.18611101806163788,True,1
cam0,15,5,1027.6580810546875,381.1009216308594,0.1624131053686142,True,402.34149169921875,233.2241973876953,0.08744200319051743,True,4
cam0,15,6,286.4989013671875,459.2989501953125,0.061057694256305695,True,285.4365234375,459.2886047363281,0.056642740964889526,True,6
cam0,15,7,807.3112182617188,410.1330261230469,0.05587470903992653,True,677.4227294921875,368.7174072265625,0.04773539677262306,True,-1
cam0,16,0,1079.55615234375,263.7445068359375,0.36307650804519653,True,885.894287109375,365.33123779296875,0.4110023081302643,True,4
cam0,16,1,886.907470703125,365.17596435546875,0.3317360579967499,True,690.2207641601562,473.26934814453125,0.27793774008750916,True,0
cam0,16,2,987.2610473632812,314.36767578125,0.2847464382648468,True,972.6058349609375,321.4332580566406,0.21455658972263336,True,2
cam0,16,3,904.687255859375,281.6531982421875,0.2706731855869293,True,1037.61767578125,367.1116027832031,0.1961117833852768,True,-1
cam0,16,4,674.7830200195312,461.0229187011719,0.19608546793460846,True,1096.7808837890625,273.7560119628906,0.18978576362133026,True,1
cam0,16,5,1158.7696533203125,297.81573486328125,0.1652737259864807,True,617.07763671875,524.3461303710938,0.11704038083553314,True,-1
cam0,16,6,1031.34130859375,381.4384460449219,0.15694724023342133,True,401.151123046875,238.83499145507812,0.08212734758853912,True,3
cam0,16,7,965.4465942382812,405.6167907714844,0.15102162957191467,True,285.9245300292969,456.326416015625,0.07676485180854797,True,-1
cam0,17,0,1093.406982421875,240.9760284423828,0.3138543963432312,True,886.6504516601562,369.7521667480469,0.3933164179325104,True,-1
cam0,17,1,992.6190795898438,307.9586181640625,0.3065657913684845,True,666.632568359375,459.3221435546875,0.240995392203331,True,-1
cam0,17,2,886.4515991210938,367.7510681152344,0.30288946628570557,True,1039.514404296875,363.2032470703125,0.19911184906959534,True,0
cam0,17,3,903.7412109375,277.2674865722656,0.25428900122642517,True,988.593017578125,329.45574951171875,0.19536443054676056,True,-1
cam0,17,4,672.1419677734375,453.80816650390625,0.18321561813354492,True,1099.2593994140625,281.46881103515625,0.1864837408065796,True,1
cam0,17,5,962.864501953125,404.7615661621094,0.1450604349374771,True,398.3068542480469,240.34303283691406,0.08040159940719604,True,-1
cam0,17,6,286.7403564453125,459.87158203125,0.053211621940135956,True,286.91864013671875,456.3597717285156,0.06658037006855011,True,6
cam0,17,7,1631.049560546875,583.07763671875,0.04112320765852928,True,490.825927734375,487.2712707519531,0.049167558550834656,True,-1
cam0,18,0,1000.8325805664062,307.9405822753906,0.309394508600235,True,883.3076782226562,362.55853271484375,0.350151926279068,True,-1
cam0,18,1,1026.578369140625,375.7750244140625,0.22820024192333221,True,687.3519897460938,482.1112060546875,0.2804843783378601,True,2
cam0,18,2,906.2012329101562,277.092041015625,0.21851882338523865,True,1043.380859375,381.92889404296875,0.21954451501369476,True,-1
cam0,18,3,695.3810424804688,478.15887451171875,0.21093839406967163,True,1062.480712890625,274.9899597167969,0.21101857721805573,True,1
cam0,18,4,890.654052734375,363.4595642089844,0.20197592675685883,True,623.5687866210938,520.6724243164062,0.19342820346355438,True,0
cam0,18,5,621.6387939453125,518.4302978515625,0.16799992322921753,True,1228.7633056640625,255.4823455810547,0.09985674172639847,True,4
cam0,18,6,812.9923706054688,412.4821472167969,0.12072966247797012,True,488.9455261230469,486.29742431640625,0.07991804927587509,True,-1
cam0,18,7,680.89599609375,262.6302185058594,0.0775684118270874,True,632.3359985351562,251.17677307128906,0.07055790722370148,True,-1
cam0,19,0,1006.1935424804688,308.0750427246094,0.3226386606693268,True,885.6524047851562,363.3603515625,0.4080081284046173,True,-1
cam0,19,1,693.8499145507812,473.2442321777344,0.2524215877056122,True,693.8679809570312,475.26812744140625,0.32109105587005615,True,1
cam0,19,2,1013.8319091796875,380.5821533203125,0.2378453016281128,True,1060.109619140625,270.1923522949219,0.23567356169223785,True,-1
cam0,19,3,891.9915161132812,365.31072998046875,0.22297357022762299,True,1034.423583984375,381.6934509277344,0.23000535368919373,True,0
cam0,19,4,1094.18408203125,300.25,0.21402615308761597,True,1118.1104736328125,298.1068115234375,0.20176392793655396,True,-1
cam0,19,5,1101.4259033203125,213.57762145996094,0.21386785805225372,True,1234.523193359375,250.59275817871094,0.10386811196804047,True,-1
cam0,19,6,909.7100219726562,273.1478576660156,0.2106247991323471,True,941.2487182617188,240.6043243408203,0.08306311070919037,True,-1
cam0,19,7,634.4530639648438,521.4530029296875,0.20516277849674225,True,490.40472412109375,485.0039978027344,0.08160235732793808,True,-1
cam0,20,0,1017.5732421875,311.9301452636719,0.3219776153564453,True,883.4865112304688,363.2421569824219,0.41000911593437195,True,-1
cam0,20,1,691.8142700195312,471.1702575683594,0.24332094192504883,True,690.9845581054688,473.1723327636719,0.320843368768692,True,1
cam0,20,2,1010.5982666015625,382.4403381347656,0.23535767197608948,True,1029.7376708984375,382.59356689453125,0.2240859866142273,True,2
cam0,20,3,1113.7569580078125,305.5267028808594,0.21161484718322754,True,1088.846435546875,230.44964599609375,0.21736997365951538,True,5
cam0,20,4,1100.0487060546875,217.9387969970703,0.20923475921154022,True,1066.1014404296875,271.5330505371094,0.21334218978881836,True,3
cam0,20,5,893.2250366210938,370.1346740722656,0.1938866674900055,True,1120.3721923828125,300.464111328125,0.19957904517650604,True,0
cam0,20,6,634.2107543945312,518.49560546875,0.15918855369091034,True,490.2700500488281,486.0401611328125,0.11464890092611313,True,-1
cam0,20,7,812.7353515625,417.9061279296875,0.15619298815727234,True,1236.5263671875,253.66380310058594,0.09486906975507736,True,-1
cam0,21,0,1021.3629150390625,310.50885009765625,0.32097670435905457,True,885.0093383789062,366.4983825683594,0.37627872824668884,True,-1
cam0,21,1,1003.0999755859375,381.1385803222656,0.23488740622997284,True,670.9230346679688,472.3295593261719,0.3001280725002289,True,-1
cam0,21,2,1126.7889404296875,305.8713684082031,0.20947614312171936,True,1065.142822265625,276.9725036621094,0.2158641368150711,True,4
cam0,21,3,689.0072631835938,471.8124084472656,0.2070142775774002,True,1023.2118530273438,376.99920654296875,0.21524864435195923,True,1
cam0,21,4,1100.3131103515625,215.8000946044922,0.20348705351352692,True,1125.9366455078125,298.62042236328125,0.1898326724767685,True,-1
cam0,21,5,893.97607421875,368.6929626464844,0.16221338510513306,True,489.519775390625,486.7131042480469,0.1354665756225586,True,0
cam0,21,6,810.8485107421875,419.87847900390625,0.1335507333278656,True,1235.552001953125,257.6142883300781,0.10026339441537857,True,-1
cam0,21,7,705.7236328125,250.2782745361328,0.125425323843956,True,628.2816772460938,248.51988220214844,0.06842974573373795,True,-1
cam0,22,0,1031.7037353515625,306.72943115234375,0.32444044947624207,True,689.5997314453125,481.5636291503906,0.3327091932296753,True,-1
cam0,22,1,681.1769409179688,472.8883361816406,0.23535321652889252,True,883.2466430664062,365.80889892578125,0.2764803469181061,True,0
cam0,22,2,1003.1539916992188,389.04638671875,0.23488740622997284,True,995.0609130859375,410.4008483886719,0.24270570278167725,True,-1
cam0,22,3,1126.515869140625,302.7955627441406,0.2328120917081833,True,1079.65380859375,276.840576171875,0.23056399822235107,True,-1
cam0,22,4,708.3258056640625,248.4561309814453,0.15563924610614777,True,608.5327758789062,520.3521728515625,0.14248505234718323,True,-1
cam0,22,5,609.9447021484375,520.2205810546875,0.11032868921756744,True,488.79119873046875,488.4078063964844,0.11685725301504135,True,4
cam0,22,6,896.2639770507812,362.188232421875,0.1085437685251236,True,709.2363891601562,328.6778564453125,0.07632453739643097,True,1
cam0,22,7,549.781005859375,368.6553039550781,0.07371944934129715,True,431.1731872558594,262.5238952636719,0.06177067011594772,True,-1
cam0,23,0,1054.838134765625,290.3652038574219,0.35303032398223877,True,684.613525390625,478.4146728515625,0.3330093324184418,True,-1
cam0,23,1,1006.26123046875,387.111328125,0.2434895932674408,True,885.3541870117188,370.20758056640625,0.3200862407684326,True,-1
cam0,23,2,956.2932739257812,294.1014709472656,0.2312595695257187,True,982.2835083007812,420.69769287109375,0.2755816876888275,True,-1
cam0,23,3,1141.533447265625,301.7654724121094,0.22522945702075958,True,1091.048583984375,261.4369201660156,0.24291221797466278,True,-1
cam0,23,4,681.5620727539062,480.195556640625,0.21742600202560425,True,606.3626098632812,519.2490844726562,0.1732201725244522,True,0
cam0,23,5,705.4729614257812,251.73106384277344,0.13909409940242767,True,488.01580810546875,487.73846435546875,0.13550454378128052,True,-1
cam0,23,6,606.6320190429688,518.2160034179688,0.1283167451620102,True,432.4659729003906,260.6513977050781,0.06650332361459732,True,4
cam0,23,7,902.1905517578125,361.15093994140625,0.11617359519004822,True,705.6151123046875,333.4063720703125,0.06052343547344208,True,1
cam0,24,0,1058.095458984375,294.4834899902344,0.3659154772758484,True,883.3079833984375,367.157958984375,0.31888625025749207,True,3
cam0,24,1,956.4092407226562,293.1733093261719,0.23146142065525055,True,682.8624877929688,477.9805603027344,0.3025539219379425,True,-1
cam0,24,2,1002.8226928710938,391.58428955078125,0.2291954904794693,True,979.994873046875,429.64117431640625,0.2763604521751404,True,-1
cam0,24,3,679.430908203125,459.7452697753906,0.2208043485879898,True,1071.247314453125,285.1670837402344,0.25727200508117676,True,1
cam0,24,4,1147.325439453125,297.39495849609375,0.18956013023853302,True,607.2025756835938,517.8142700195312,0.18168386816978455,True,-1
cam0,24,5,606.0484619140625,517.6251831054688,0.14902712404727936,True,488.5465087890625,487.44970703125,0.15259946882724762,True,4
cam0,24,6,909.48046875,360.4796447753906,0.10866956412792206,True,279.6997375488281,461.5258483886719,0.07197285443544388,True,-1
cam0,24,7,701.42724609375,259.57037353515625,0.10357820242643356,True,303.1641540527344,360.61181640625,0.06386738270521164,True,-1
cam0,25,0,1057.6881103515625,297.5384521484375,0.35981205105781555,True,671.8287963867188,471.386474609375,0.3068197965621948,True,3
cam0,25,1,677.6272583007812,459.56500244140625,0.24362462759017944,True,884.8290405273438,368.0612487792969,0.27261772751808167,True,0
cam0,25,2,1011.6068725585938,382.30584716796875,0.19477896392345428,True,972.6810913085938,436.4369812011719,0.261819064617157,True,-1
cam0,25,3,1161.0335693359375,324.7823181152344,0.17712947726249695,True,1068.9598388671875,289.53619384765625,0.2400457262992859,True,-1
cam0,25,4,607.7625122070312,520.1590576171875,0.12557144463062286,True,609.6337280273438,519.9920654296875,0.16131249070167542,True,4
cam0,25,5,698.63427734375,273.03106689453125,0.09525851160287857,True,488.4869079589844,486.9130554199219,0.16085372865200043,True,-1
cam0,25,6,488.8254699707031,486.66851806640625,0.08912528306245804,True,281.9442138671875,461.9794616699219,0.06561651080846786,True,5
cam0,25,7,820.60888671875,402.3062438964844,0.0672881156206131,True,388.2592468261719,225.62054443359375,0.06528410315513611,True,-1
cam0,26,0,671.568603515625,455.5799560546875,0.47621092200279236,True,670.8635864257812,455.3848876953125,0.46107688546180725,True,0
cam0,26,1,1054.928955078125,273.6075439453125,0.27052536606788635,True,972.3869018554688,435.8798522949219,0.1358259618282318,True,-1
cam0,26,2,1012.7885131835938,375.595458984375,0.16751812398433685,True,488.6229553222656,487.9334716796875,0.13483473658561707,True,-1
cam0,26,3,487.52960205078125,488.08404541015625,0.0770515725016594,True,1061.2994384765625,294.1647644042969,0.09584622085094452,True,2
cam0,26,4,607.8721923828125,529.6961059570312,0.0706716924905777,True,884.3983154296875,356.3027038574219,0.06252185255289078,True,-1
cam0,26,5,710.1243286132812,299.41754150390625,0.05781837925314903,True,385.2338562011719,227.33041381835938,0.06036733463406563,True,-1
cam0,26,6,610.8533935546875,315.8042297363281,0.05532001703977585,True,612.8307495117188,227.95899963378906,0.04386235028505325,True,-1
cam0,26,7,879.2503051757812,290.99053955078125,0.05386342480778694,True,719.9224853515625,277.8501281738281,0.027180811390280724,True,-1
cam0,27,0,673.3455200195312,437.2041931152344,0.49401697516441345,True,674.4254760742188,437.2840270996094,0.48366108536720276,True,0
cam0,27,1,1054.1263427734375,264.4877014160156,0.254976361989975,True,488.9662780761719,489.1798400878906,0.1305089145898819,True,-1
cam0,27,2,1011.738037109375,376.7798767089844,0.18504081666469574,True,973.6751708984375,430.76678466796875,0.11416638642549515,True,-1
cam0,27,3,1201.073486328125,277.5992736816406,0.0921560749411583,True,1059.0928955078125,290.608642578125,0.09230616688728333,True,-1
cam0,27,4,488.0362854003906,486.3333435058594,0.07806296646595001,True,883.73779296875,356.4400634765625,0.0631924420595169,True,1
cam0,27,5,721.21142578125,302.1203308105469,0.05045877397060394,True,386.6050109863281,227.18972778320312,0.05327344685792923,True,-1
cam0,27,6,646.8910522460938,279.7452087402344,0.03563707694411278,True,608.531494140625,228.48638916015625,0.03491277992725372,True,-1
cam0,27,7,816.9918212890625,405.620361328125,0.029101397842168808,True,0.0,1079.0,0.021357553079724312,True,-1
cam0,28,0,674.8070678710938,428.5323181152344,0.5835565328598022,True,674.2830810546875,428.21514892578125,0.5296554565429688,True,0
cam0,28,1,1055.468505859375,268.7563171386719,0.26363328099250793,True,488.38470458984375,488.5692138671875,0.14767348766326904,True,-1
cam0,28,2,1012.3828125,377.5882873535156,0.1721470057964325,True,973.3801879882812,421.8211975097656,0.09361854940652847,True,-1
cam0,28,3,1202.82373046875,279.72845458984375,0.10618866235017776,True,1063.4403076171875,288.1327209472656,0.0833171010017395,True,-1
cam0,28,4,1141.5989990234375,328.9088439941406,0.09166164696216583,True,884.1639404296875,360.3621520996094,0.05503110960125923,True,-1
cam0,28,5,488.20928955078125,487.08026123046875,0.09097987413406372,True,389.48443603515625,225.68328857421875,0.052574511617422104,True,1
cam0,28,6,888.4862060546875,368.9820251464844,0.06122911348938942,True,608.504150390625,228.57435607910156,0.026721537113189697,True,4
cam0,28,7,726.1547241210938,304.4213562011719,0.050750166177749634,True,0.0,1079.0,0.01969643495976925,True,-1
cam0,29,0,669.1829833984375,416.748779296875,0.667933464050293,True,669.8458862304688,416.8874816894531,0.6245166659355164,True,0
cam0,29,1,1056.418701171875,266.71185302734375,0.23742994666099548,True,647.45703125,531.3778076171875,0.15590065717697144,True,-1
cam0,29,2,1012.4872436523438,377.1106872558594,0.14419926702976227,True,488.54193115234375,487.6861877441406,0.13958755135536194,True,3
cam0,29,3,1204.997314453125,278.93609619140625,0.1143273115158081,True,1022.0458984375,376.0111389160156,0.07018397003412247,True,-1
cam0,29,4,1143.52197265625,330.3128967285156,0.08984798938035965,True,1076.601806640625,291.324951171875,0.06639917194843292,True,-1
cam0,29,5,490.4250793457031,485.8949279785156,0.08656789362430573,True,883.8300170898438,362.20538330078125,0.04285765811800957,True,2
cam0,29,6,911.3784790039062,303.1129455566406,0.06822396069765091,True,391.348876953125,222.2318572998047,0.032677698880434036,True,-1
cam0,29,7,889.0451049804688,372.45697021484375,0.056622885167598724,True,1245.6937255859375,426.0038757324219,0.022361526265740395,True,5
cam0,30,0,678.980224609375,420.1996765136719,0.617614209651947,True,678.913818359375,421.56744384765625,0.5449549555778503,True,0
cam0,30,1,1104.2138671875,215.28712463378906,0.12745143473148346,True,626.2269287109375,528.5293579101562,0.1174246147274971,True,-1
cam0,30,2,1067.113525390625,273.1846923828125,0.12432584911584854,True,488.500732421875,491.2842712402344,0.11528567224740982,True,-1
cam0,30,3,1153.3748779296875,321.3458557128906,0.11077303439378738,True,1094.611083984375,287.03558349609375,0.07017800956964493,True,-1
cam0,30,4,912.4922485351562,288.342529296875,0.08860782533884048,True,1047.35107421875,371.15191650390625,0.05979154258966446,True,-1
cam0,30,5,1029.164306640625,375.5794372558594,0.08098915219306946,True,577.1998901367188,245.6574249267578,0.04104877635836601,True,4
cam0,30,6,666.4703979492188,314.15948486328125,0.05736372619867325,True,676.0543212890625,325.19158935546875,0.038427114486694336,True,6
cam0,30,7,887.3012084960938,371.1130676269531,0.043399371206760406,True,885.189208984375,362.9306335449219,0.036785367876291275,True,7
cam0,31,0,671.9924926757812,412.470947265625,0.5239076614379883,True,682.345458984375,438.7126770019531,0.5154240727424622,True,-1
cam0,31,1,1068.628173828125,266.8215026855469,0.12415754050016403,True,487.2458801269531,487.08526611328125,0.12335440516471863,True,3
cam0,31,2,1161.326171875,313.1531982421875,0.11980928480625153,True,618.95556640625,532.4404907226562,0.11659060418605804,True,-1
cam0,31,3,1103.163330078125,211.36338806152344,0.11919042468070984,True,1077.5445556640625,275.8115539550781,0.06923674046993256,True,-1
cam0,31,4,909.9496459960938,286.2212219238281,0.09279227256774902,True,1048.1253662109375,373.9278259277344,0.04992542043328285,True,-1
cam0,31,5,623.8677978515625,524.3602294921875,0.08989240974187851,True,883.896240234375,360.3255920410156,0.047698043286800385,True,2
cam0,31,6,1019.1927490234375,373.3381652832031,0.07902058959007263,True,576.1015625,239.03561401367188,0.037513941526412964,True,-1
cam0,31,7,884.7783203125,369.1152648925781,0.05413927510380745,True,305.5620422363281,221.921875,0.03135249391198158,True,5
cam0,32,0,682.8876953125,438.19329833984375,0.5356795191764832,True,689.1397094726562,451.9736328125,0.577922523021698,True,0
cam0,32,1,1168.53515625,309.7171630859375,0.1372910439968109,True,490.72894287109375,486.1695861816406,0.1523534059524536,True,-1
cam0,32,2,1081.0941162109375,262.882080078125,0.125843346118927,True,606.0075073242188,517.90966796875,0.12458599358797073,True,3
cam0,32,3,620.0936889648438,527.3677368164062,0.09297992289066315,True,1079.8343505859375,274.88507080078125,0.07903648167848587,True,2
cam0,32,4,910.0960693359375,282.1610412597656,0.09183114022016525,True,883.9261474609375,361.1285705566406,0.06539430469274521,True,-1
cam0,32,5,1019.041748046875,374.4007568359375,0.07847074419260025,True,1047.9522705078125,372.1406555175781,0.049872856587171555,True,-1
cam0,32,6,882.8920288085938,365.93389892578125,0.06888506561517715,True,306.7966613769531,222.0950469970703,0.041918955743312836,True,4
cam0,32,7,489.3740539550781,477.3511657714844,0.06055169552564621,True,579.3771362304688,239.70706176757812,0.03429752215743065,True,1
cam0,33,0,679.7866821289062,438.31671142578125,0.6591674089431763,True,679.236083984375,439.1586608886719,0.690593421459198,True,0
cam0,33,1,1078.7774658203125,270.38519287109375,0.15438105165958405,True,487.1438293457031,485.2049560546875,0.17344164848327637,True,3
cam0,33,2,1171.067138671875,305.35101318359375,0.14203673601150513,True,608.903076171875,516.5994873046875,0.11179280281066895,True,-1
cam0,33,3,906.3483276367188,279.064453125,0.08624713867902756,True,1083.20556640625,273.6065673828125,0.08240348845720291,True,-1
cam0,33,4,490.9085388183594,475.2565002441406,0.08250543475151062,True,885.0873413085938,363.2247619628906,0.060206878930330276,True,1
cam0,33,5,1023.2644653320312,374.554443359375,0.07419919967651367,True,575.6185302734375,240.6977081298828,0.035701923072338104,True,-1
cam0,33,6,885.6409912109375,365.8388671875,0.07028564810752869,True,642.5172119140625,249.00332641601562,0.03395799919962883,True,4
cam0,33,7,622.0347900390625,525.8333129882812,0.07016095519065857,True,304.20208740234375,219.3765106201172,0.033451393246650696,True,2
cam0,34,0,678.4105834960938,430.9931945800781,0.3769988417625427,True,678.4790649414062,432.27130126953125,0.42710480093955994,True,0
cam0,34,1,1074.65380859375,268.14007568359375,0.30609095096588135,True,1104.7567138671875,258.78265380859375,0.31683915853500366,True,-1
cam0,34,2,1015.9930419921875,309.3416748046875,0.21686740219593048,True,487.5191650390625,483.1944885253906,0.20355021953582764,True,-1
cam0,34,3,1037.2332763671875,380.70703125,0.1888972967863083,True,607.5662231445312,513.3482666015625,0.15209096670150757,True,4
cam0,34,4,944.8518676757812,301.81781005859375,0.16825133562088013,True,1036.8670654296875,369.2362060546875,0.1417631208896637,True,-1
cam0,34,5,1167.8863525390625,306.30560302734375,0.15407241880893707,True,891.4400024414062,358.0292663574219,0.07119601219892502,True,-1
cam0,34,6,820.575927734375,387.41497802734375,0.09985896944999695,True,587.6392822265625,235.23394775390625,0.06853345781564713,True,-1
cam0,34,7,618.0090942382812,525.8764038085938,0.08344854414463043,True,433.79278564453125,253.1676025390625,0.06227939575910568,True,3
cam0,35,0,677.6142578125,430.2362060546875,0.4323894679546356,True,678.5435180664062,431.9864196777344,0.4762395918369293,True,0
cam0,35,1,1070.3914794921875,262.0060729980469,0.302517831325531,True,1106.9075927734375,259.6668395996094,0.3455376625061035,True,-1
cam0,35,2,1006.4427490234375,311.697509765625,0.21884135901927948,True,486.5101623535156,483.2181396484375,0.23246295750141144,True,-1
cam0,35,3,1038.2730712890625,380.08367919921875,0.20491623878479004,True,621.7301025390625,526.471435546875,0.1603468805551529,True,4
cam0,35,4,917.2406616210938,288.55841064453125,0.1835421621799469,True,1031.0477294921875,371.0746765136719,0.15251660346984863,True,-1
cam0,35,5,1158.17041015625,301.834228515625,0.17526860535144806,True,891.4498291015625,362.9120178222656,0.08119547367095947,True,-1
cam0,35,6,823.9442749023438,380.1658020019531,0.14757369458675385,True,416.0415344238281,248.6631622314453,0.07823141664266586,True,-1
cam0,35,7,888.60595703125,358.4518737792969,0.09324466437101364,True,579.1231689453125,240.8168182373047,0.07495035231113434,True,5
cam0,36,0,678.8056030273438,426.4417419433594,0.4339085519313812,True,677.800048828125,430.0021057128906,0.4480924606323242,True,0
cam0,36,1,1069.12060546875,264.078125,0.2934928238391876,True,1109.0072021484375,259.85748291015625,0.32391127943992615,True,-1
cam0,36,2,1009.8060302734375,312.54779052734375,0.23733952641487122,True,488.2789001464844,480.6453552246094,0.2440323531627655,True,-1
cam0,36,3,1043.6595458984375,379.0205078125,0.21136337518692017,True,618.1041870117188,520.8014526367188,0.16367432475090027,True,4
cam0,36,4,918.6483154296875,289.669921875,0.20271800458431244,True,1041.7152099609375,374.24945068359375,0.15551458299160004,True,-1
cam0,36,5,823.2405395507812,380.6788330078125,0.1959959715604782,True,888.9215087890625,369.6892395019531,0.09541875123977661,True,-1
cam0,36,6,1157.3653564453125,300.6287536621094,0.1826394498348236,True,409.54534912109375,248.0533905029297,0.07603604346513748,True,-1
cam0,36,7,889.3458862304688,359.55145263671875,0.09852510690689087,True,588.736572265625,232.5045623779297,0.06200508773326874,True,5
cam0,37,0,671.3842163085938,420.84710693359375,0.4010636508464813,True,676.0487670898438,422.702392578125,0.4466261863708496,True,0
cam0,37,1,1067.3231201171875,270.4513244628906,0.30362117290496826,True,1109.4627685546875,262.3011474609375,0.3285463750362396,True,-1
cam0,37,2,1007.04638671875,313.8339538574219,0.26826900243759155,True,488.32269287109375,473.9955139160156,0.22652962803840637,True,-1
cam0,37,3,922.4429931640625,289.2012939453125,0.21175357699394226,True,620.9214477539062,520.9666137695312,0.1643228530883789,True,-1
cam0,37,4,1041.2061767578125,375.8162841796875,0.19168142974376678,True,1039.865966796875,371.608642578125,0.15273378789424896,True,4
cam0,37,5,825.3080444335938,380.8685302734375,0.17586307227611542,True,886.7921752929688,371.48199462890625,0.09237360954284668,True,-1
cam0,37,6,1150.43017578125,294.3453369140625,0.15477366745471954,True,408.07440185546875,250.70716857910156,0.08468131721019745,True,-1
cam0,37,7,621.259033203125,519.0573120117188,0.0885983482003212,True,591.18017578125,231.7208251953125,0.053577862679958344,True,3
cam0,38,0,1003.62646484375,313.7840576171875,0.3917372524738312,True,1008.315673828125,315.6861267089844,0.4678103029727936,True,0
cam0,38,1,1090.859619140625,294.107666015625,0.32372069358825684,True,672.8829956054688,416.7298889160156,0.35495829582214355,True,-1
cam0,38,2,671.2334594726562,413.7990417480469,0.30141615867614746,True,1108.50048828125,262.1875,0.267653226852417,True,1
cam0,38,3,916.2063598632812,290.0113220214844,0.19894355535507202,True,635.8289794921875,520.0007934570312,0.12648767232894897,True,-1
cam0,38,4,821.850830078125,380.93212890625,0.10873132944107056,True,490.267822265625,469.1466369628906,0.11934514343738556,True,-1
cam0,38,5,620.9650268554688,521.6837768554688,0.06425394862890244,True,887.9063110351562,373.8093566894531,0.08354166150093079,True,3
cam0,38,6,664.6902465820312,524.1532592773438,0.06082436069846153,True,406.66949462890625,250.69757080078125,0.07592152059078217,True,-1
cam0,38,7,591.7144775390625,226.12637329101562,0.05941976234316826,True,676.171875,305.29718017578125,0.05322541296482086,True,-1
cam0,39,0,1002.339111328125,313.1153259277344,0.4546792209148407,True,1007.7189331054688,318.57171630859375,0.4897666871547699,True,0
cam0,39,1,1102.2933349609375,300.7245178222656,0.3645973801612854,True,675.517578125,410.686279296875,0.38708895444869995,True,-1
cam0,39,2,677.7760620117188,414.0359802246094,0.3430866301059723,True,1104.0662841796875,265.6979064941406,0.29714325070381165,True,1
cam0,39,3,926.7432250976562,289.98675537109375,0.21121597290039062,True,488.8146057128906,468.73809814453125,0.14122863113880157,True,-1
cam0,39,4,1101.5086669921875,211.10281372070312,0.16959358751773834,True,628.9537353515625,520.4911499023438,0.13755430281162262,True,-1
cam0,39,5,821.084228515625,385.0320739746094,0.08570309728384018,True,891.0252075195312,377.2854919433594,0.09938278049230576,True,-1
cam0,39,6,615.5789794921875,525.6258544921875,0.05722109600901604,True,407.7992248535156,252.16375732421875,0.08170511573553085,True,4
cam0,39,7,590.7088623046875,221.90664672851562,0.053385522216558456,True,677.6690063476562,301.4620056152344,0.04309837892651558,True,-1
cam0,40,0,1003.867919921875,312.4664001464844,0.4620782434940338,True,1008.1947631835938,319.80438232421875,0.4821207523345947,True,0
cam0,40,1,670.6249389648438,397.48992919921875,0.3660561740398407,True,669.1670532226562,398.31451416015625,0.43092915415763855,True,1
cam0,40,2,1106.74365234375,302.5845642089844,0.35201942920684814,True,1101.0030517578125,265.9300231933594,0.2611239552497864,True,-1
cam0,40,3,1099.3519287109375,209.63238525390625,0.16261978447437286,True,488.3698425292969,466.9959411621094,0.1695454865694046,True,-1
cam0,40,4,814.6348266601562,395.095947265625,0.0777675211429596,True,627.1985473632812,522.108154296875,0.13707272708415985,True,-1
cam0,40,5,663.6604614257812,526.3001708984375,0.06453201174736023,True,891.6522827148438,382.08636474609375,0.10241226851940155,True,-1
cam0,40,6,495.42510986328125,464.6264343261719,0.057093534618616104,True,399.0699768066406,232.00692749023438,0.06829027086496353,True,3
cam0,40,7,710.87744140625,284.69171142578125,0.045671749860048294,True,272.4108581542969,468.6421203613281,0.04838244989514351,True,-1
cam0,41,0,1010.0289916992188,314.364013671875,0.4499540328979492,True,1010.8296508789062,320.9566650390625,0.5244378447532654,True,0
cam0,41,1,668.4625244140625,395.8072204589844,0.416391521692276,True,668.9619140625,397.0958251953125,0.5003373622894287,True,1
cam0,41,2,1109.3282470703125,303.8063049316406,0.36119702458381653,True,1097.00732421875,268.0040283203125,0.23743782937526703,True,-1
cam0,41,3,1100.9737548828125,208.2086181640625,0.14934924244880676,True,490.7392272949219,466.09130859375,0.17345380783081055,True,-1
cam0,41,4,805.7845458984375,400.19757080078125,0.07169432938098907,True,633.9515991210938,527.31005859375,0.11298838257789612,True,-1
cam0,41,5,493.94976806640625,466.373046875,0.0702933594584465,True,893.1793823242188,383.9481201171875,0.08250444382429123,True,3
cam0,41,6,665.8099365234375,526.200927734375,0.05970558524131775,True,645.3721313476562,223.34942626953125,0.06062077730894089,True,-1
cam0,41,7,701.8999633789062,280.2527160644531,0.04631485417485237,True,408.0933532714844,239.5471649169922,0.05990913137793541,True,-1
cam0,42,0,671.840087890625,388.19659423828125,0.6586869955062866,True,670.7931518554688,388.836669921875,0.7357501983642578,True,0
cam0,42,1,1116.153076171875,304.5853576660156,0.23612752556800842,True,1012.2996826171875,318.2109069824219,0.12252390384674072,True,-1
cam0,42,2,1028.5172119140625,313.4043884277344,0.18706628680229187,True,634.2366333007812,526.9868774414062,0.07295699417591095,True,1
cam0,42,3,964.9251098632812,299.81805419921875,0.16688251495361328,True,646.6337890625,230.01197814941406,0.055850569158792496,True,-1
cam0,42,4,1089.1966552734375,218.9098663330078,0.11278039962053299,True,488.0994873046875,469.5788269042969,0.05411858856678009,True,-1
cam0,42,5,669.0840454101562,287.64434814453125,0.07382946461439133,True,445.02020263671875,253.85525512695312,0.03079419955611229,True,-1
cam0,42,6,606.2200317382812,519.5612182617188,0.07380669564008713,True,0.0,1079.0,0.02205032855272293,True,-1
cam0,42,7,1002.6835327148438,217.23036193847656,0.06387382000684738,True,1545.216552734375,375.9840393066406,0.021919479593634605,True,-1
cam0,43,0,670.0904541015625,381.35418701171875,0.6741985082626343,True,668.330078125,381.36376953125,0.7874318361282349,True,0
cam0,43,1,1112.7435302734375,302.2906494140625,0.2241491973400116,True,1012.5260620117188,315.8285827636719,0.10877883434295654,True,-1
cam0,43,2,1030.421142578125,312.21478271484375,0.1768668293952942,True,636.2808837890625,527.0177612304688,0.07049642503261566,True,1
cam0,43,3,966.77978515625,304.78509521484375,0.1662154197692871,True,664.8526000976562,245.8976287841797,0.05617782846093178,True,-1
cam0,43,4,1083.1092529296875,217.2030792236328,0.11965248733758926,True,488.2255554199219,471.2190856933594,0.04773363843560219,True,-1
cam0,43,5,663.75830078125,294.4410705566406,0.11021149903535843,True,411.8782958984375,245.78439331054688,0.034534014761447906,True,-1
cam0,43,6,607.0638427734375,518.68212890625,0.06633803248405457,True,834.1668090820312,381.7040710449219,0.01956806890666485,True,-1
cam0,43,7,1218.352294921875,252.82872009277344,0.06404254585504532,True,0.0,1079.0,0.019263753667473793,True,-1
cam0,44,0,671.4581909179688,378.83587646484375,0.6619249582290649,True,667.8147583007812,376.2161865234375,0.7818071842193604,True,0
cam0,44,1,1110.8482666015625,299.560791015625,0.19637735188007355,True,670.466064453125,245.75233459472656,0.0786421149969101,True,-1
cam0,44,2,968.001708984375,306.7540283203125,0.16562435030937195,True,1028.7034912109375,311.35418701171875,0.07421565800905228,True,-1
cam0,44,3,1032.3822021484375,309.0192565917969,0.15357331931591034,True,1165.7655029296875,324.45458984375,0.06451356410980225,True,2
cam0,44,4,1085.337158203125,217.4525909423828,0.13841955363750458,True,637.9676513671875,526.7220458984375,0.05783315747976303,True,-1
cam0,44,5,656.5704956054688,284.4853515625,0.11933042109012604,True,489.0381164550781,474.42730712890625,0.04795783758163452,True,-1
cam0,44,6,606.2789916992188,517.7474975585938,0.0809001475572586,True,410.10992431640625,243.87789916992188,0.04071957990527153,True,-1
cam0,44,7,1219.339599609375,254.54244995117188,0.05348354950547218,True,936.6466064453125,398.24505615234375,0.0376591756939888,True,-1
cam0,45,0,669.7205200195312,371.1539306640625,0.6923110485076904,True,669.7635498046875,370.5027160644531,0.8010222911834717,True,0
cam0,45,1,1102.197509765625,289.30615234375,0.17399486899375916,True,676.5081787109375,247.0351104736328,0.10533242672681808,True,2
cam0,45,2,965.060791015625,307.7806701660156,0.1666969358921051,True,1082.7288818359375,289.6924133300781,0.07747473567724228,True,-1
cam0,45,3,1037.9219970703125,298.8387756347656,0.16287767887115479,True,1170.917724609375,329.0090026855469,0.06477237492799759,True,-1
cam0,45,4,1086.15478515625,219.5786895751953,0.14912447333335876,True,678.6746215820312,503.87884521484375,0.06303369253873825,True,-1
cam0,45,5,667.5640258789062,258.3777770996094,0.09854071587324142,True,488.0947570800781,475.341796875,0.054593753069639206,True,1
cam0,45,6,611.061279296875,519.5291137695312,0.05854830890893936,True,603.24169921875,520.5599975585938,0.045268598943948746,True,6
cam0,45,7,661.9653930664062,514.2963256835938,0.05832069367170334,True,410.0962219238281,245.58624267578125,0.0327901728451252,True,4
cam0,46,0,667.07080078125,370.34393310546875,0.7150353789329529,True,668.8611450195312,368.08148193359375,0.8364281058311462,True,0
cam0,46,1,1086.0667724609375,216.0551300048828,0.19893066585063934,True,662.171142578125,246.70140075683594,0.11129052937030792,True,2
cam0,46,2,1045.9097900390625,292.4618835449219,0.19873416423797607,True,1099.367919921875,214.7513427734375,0.08559384942054749,True,-1
cam0,46,3,1059.979248046875,370.9363098144531,0.15135861933231354,True,1098.6077880859375,291.2769470214844,0.08109091222286224,True,4
cam0,46,4,957.333251953125,314.8381652832031,0.12161263823509216,True,1045.838134765625,371.81085205078125,0.0707501545548439,True,-1
cam0,46,5,882.2550048828125,362.6830749511719,0.10088059306144714,True,1165.552490234375,328.5525207519531,0.0704200491309166,True,-1
cam0,46,6,683.0781860351562,253.72964477539062,0.09485269337892532,True,487.59393310546875,480.9024963378906,0.058178700506687164,True,-1
cam0,46,7,1164.511474609375,334.1255187988281,0.09273605048656464,True,668.1098022460938,520.7183227539062,0.05423831567168236,True,5
cam0,47,0,666.2091064453125,366.3208312988281,0.7338407635688782,True,667.2418823242188,365.4654846191406,0.8573728799819946,True,0
cam0,47,1,1080.083740234375,212.5503692626953,0.20745034515857697,True,655.354736328125,243.13125610351562,0.1281658560037613,True,2
cam0,47,2,1047.3389892578125,292.36846923828125,0.19892418384552002,True,1096.8314208984375,210.80242919921875,0.10970766842365265,True,-1
cam0,47,3,882.973388671875,364.0352478027344,0.13613928854465485,True,1097.0938720703125,286.4017639160156,0.07056722790002823,True,-1
cam0,47,4,1062.6446533203125,370.06182861328125,0.13403312861919403,True,1043.0849609375,373.4765625,0.06708373874425888,True,4
cam0,47,5,969.2090454101562,307.0460510253906,0.12721683084964752,True,488.1045227050781,480.3004455566406,0.06285373121500015,True,-1
cam0,47,6,678.7418823242188,252.9227294921875,0.0979311540722847,True,862.7509155273438,325.4525146484375,0.06146926432847977,True,-1
cam0,47,7,1161.8857421875,332.84942626953125,0.09432841837406158,True,944.521240234375,229.93142700195312,0.05852171778678894,True,-1
cam0,48,0,665.6809692382812,366.6496887207031,0.6963657140731812,True,667.2652587890625,364.9180908203125,0.8359397053718567,True,0
cam0,48,1,1046.9591064453125,293.6625671386719,0.22258365154266357,True,1096.2451171875,205.41941833496094,0.11057502776384354,True,-1
cam0,48,2,1086.9503173828125,199.90908813476562,0.20823200047016144,True,642.1376342773438,243.4774932861328,0.09562018513679504,True,1
cam0,48,3,1061.3575439453125,368.94903564453125,0.14551183581352234,True,670.1295166015625,517.6874389648438,0.07767923176288605,True,4
cam0,48,4,884.2477416992188,358.1272277832031,0.14004075527191162,True,1054.166015625,369.3962097167969,0.07558990269899368,True,-1
cam0,48,5,976.8596801757812,300.9466857910156,0.12691637873649597,True,486.9134216308594,477.46783447265625,0.07270129770040512,True,-1
cam0,48,6,909.2880859375,282.45660400390625,0.08796648681163788,True,859.6611938476562,325.5453186035156,0.06795672327280045,True,-1
cam0,48,7,670.2140502929688,517.1071166992188,0.07486578077077866,True,945.2395629882812,226.53236389160156,0.05424674227833748,True,3
cam0,49,0,663.9472045898438,362.3929138183594,0.7202391624450684,True,666.6310424804688,356.6308898925781,0.8380334973335266,True,0
cam0,49,1,1047.0908203125,293.9053649902344,0.24497942626476288,True,1101.0841064453125,206.58529663085938,0.1164574846625328,True,-1
cam0,49,2,1088.2049560546875,232.54788208007812,0.19814284145832062,True,674.4925537109375,507.5648193359375,0.1021745502948761,True,-1
cam0,49,3,1089.341064453125,189.17681884765625,0.19424141943454742,True,487.29949951171875,468.0525817871094,0.08858729898929596,True,-1
cam0,49,4,980.5833129882812,299.4419860839844,0.1531658172607422,True,1059.8681640625,363.5243835449219,0.08185556530952454,True,-1
cam0,49,5,1063.69384765625,362.959716796875,0.1432032585144043,True,1107.7418212890625,302.6690979003906,0.07262171804904938,True,4
cam0,49,6,889.0004272460938,359.6932067871094,0.13465484976768494,True,650.2067260742188,233.96420288085938,0.07221212238073349,True,7
cam0,49,7,680.1002807617188,513.7430419921875,0.09282293915748596,True,881.0865478515625,346.9900817871094,0.06479459255933762,True,2
cam0,50,0,665.2900390625,359.24066162109375,0.6544345617294312,True,663.061279296875,357.61676025390625,0.7959007620811462,True,0
cam0,50,1,1080.1090087890625,262.87042236328125,0.31054404377937317,True,487.7763671875,464.7386474609375,0.20474380254745483,True,-1
cam0,50,2,974.7326049804688,302.8968505859375,0.16411647200584412,True,886.7013549804688,360.9439697265625,0.1358223557472229,True,-1
cam0,50,3,486.59075927734375,466.43463134765625,0.13516050577163696,True,1100.9761962890625,227.29995727539062,0.12546788156032562,True,1
cam0,50,4,884.916748046875,352.87738037109375,0.10431154072284698,True,675.835205078125,506.4169616699219,0.0905693918466568,True,2
cam0,50,5,1032.512939453125,390.43695068359375,0.09117162972688675,True,912.2828979492188,270.2892761230469,0.06596256047487259,True,-1
cam0,50,6,676.9539184570312,506.87255859375,0.06942341476678848,True,392.4572448730469,208.22718811035156,0.03768590837717056,True,4
cam0,50,7,1205.7000732421875,255.23162841796875,0.06178760901093483,True,1542.9132080078125,589.6195678710938,0.03094370663166046,True,-1
cam0,51,0,668.7887573242188,358.9891357421875,0.6908026933670044,True,666.3692626953125,357.2660827636719,0.8368911743164062,True,0
cam0,51,1,1075.957275390625,260.11199951171875,0.3545835316181183,True,486.3212585449219,469.1160583496094,0.2218354195356369,True,-1
cam0,51,2,964.936767578125,300.75439453125,0.1768002212047577,True,885.9573364257812,359.6562805175781,0.14626415073871613,True,-1
cam0,51,3,484.9196472167969,470.490234375,0.1521477848291397,True,1101.681396484375,231.1474609375,0.1363166719675064,True,1
cam0,51,4,884.8328247070312,359.7799987792969,0.14778992533683777,True,913.225830078125,263.19091796875,0.07829016447067261,True,2
cam0,51,5,1036.435302734375,393.0506896972656,0.0931621566414833,True,674.5682983398438,525.0000610351562,0.05835098773241043,True,-1
cam0,51,6,679.5897216796875,514.0750732421875,0.04758172109723091,True,389.88226318359375,202.40191650390625,0.05009031295776367,True,5
cam0,51,7,1584.7730712890625,427.5887451171875,0.044572725892066956,True,588.0219116210938,227.8443145751953,0.03657449781894684,True,-1
cam0,52,0,669.7484741210938,359.18035888671875,0.6486953496932983,True,666.7476196289062,357.83245849609375,0.8173718452453613,True,0
cam0,52,1,1069.5889892578125,265.2999267578125,0.3422977924346924,True,491.7128601074219,475.32879638671875,0.20760411024093628,True,-1
cam0,52,2,884.9103393554688,362.21148681640625,0.190103679895401,True,883.375732421875,360.4510192871094,0.16471761465072632,True,2
cam0,52,3,952.0335083007812,295.4071350097656,0.1680697351694107,True,1098.2637939453125,239.75152587890625,0.130439892411232,True,-1
cam0,52,4,491.1191101074219,474.9042663574219,0.1490883082151413,True,912.6592407226562,263.8307800292969,0.06440553814172745,True,1
cam0,52,5,1045.482666015625,398.22723388671875,0.09335146099328995,True,677.8109741210938,516.9689331054688,0.046172019094228745,True,-1
cam0,52,6,641.3882446289062,434.356201171875,0.051951341331005096,True,592.2725219726562,228.23590087890625,0.04049348831176758,True,-1
cam0,52,7,1584.3603515625,423.9768371582031,0.05072694644331932,True,392.7098083496094,205.33924865722656,0.037729036062955856,True,-1
cam0,53,0,667.5157470703125,357.21978759765625,0.6140878200531006,True,667.32177734375,357.3302001953125,0.775521993637085,True,0
cam0,53,1,1067.7574462890625,264.3623962402344,0.40162116289138794,True,486.2321472167969,471.475830078125,0.20186805725097656,True,-1
cam0,53,2,884.231689453125,358.0806579589844,0.2068534791469574,True,881.8634643554688,359.5723571777344,0.16071420907974243,True,2
cam0,53,3,954.9107055664062,299.3783264160156,0.17234201729297638,True,1102.38818359375,248.37281799316406,0.1351061463356018,True,-1
cam0,53,4,488.5332946777344,475.5718078613281,0.14734342694282532,True,1173.0428466796875,321.951416015625,0.0997689813375473,True,1
cam0,53,5,1050.817138671875,404.89996337890625,0.08397097140550613,True,910.0608520507812,262.94091796875,0.06986354291439056,True,-1
cam0,53,6,641.6912231445312,428.00164794921875,0.06136850267648697,True,665.9844360351562,504.0058288574219,0.05373132973909378,True,-1
cam0,53,7,667.6028442382812,504.15643310546875,0.05358486622571945,True,593.6036376953125,226.00914001464844,0.03957689553499222,True,6
cam0,54,0,667.8660278320312,338.0250244140625,0.8102404475212097,True,667.30712890625,337.3614501953125,0.8956882953643799,True,0
cam0,54,1,1067.221923828125,271.53729248046875,0.1526770144701004,True,484.487548828125,476.1889343261719,0.12305525690317154,True,-1
cam0,54,2,1079.0106201171875,215.6287841796875,0.1353541910648346,True,1173.353759765625,318.8539123535156,0.07510922849178314,True,-1
cam0,54,3,959.1585693359375,300.0859680175781,0.11122354865074158,True,880.9461669921875,361.49169921875,0.07026150077581406,True,-1
cam0,54,4,883.6502075195312,362.2860107421875,0.1051410362124443,True,679.531005859375,508.9527282714844,0.02825772389769554,True,3
cam0,54,5,482.6493835449219,478.1416015625,0.05425160005688667,True,913.2326049804688,258.0099792480469,0.025712717324495316,True,1
cam0,54,6,681.13330078125,507.6249694824219,0.034471429884433746,True,588.3985595703125,228.98585510253906,0.02047705464065075,True,4
cam0,54,7,635.3723754882812,428.99310302734375,0.029954422265291214,True,0.0,1079.0,0.0195225290954113,True,-1
cam0,55,0,670.9235229492188,327.62506103515625,0.7836054563522339,True,667.4200439453125,326.6864318847656,0.8922380208969116,True,0
cam0,55,1,1061.8857421875,270.38623046875,0.16160669922828674,True,484.354248046875,471.04058837890625,0.15188056230545044,True,-1
cam0,55,2,1085.76171875,200.19895935058594,0.14003817737102509,True,881.7785034179688,358.60675048828125,0.06611137092113495,True,-1
cam0,55,3,958.0278930664062,303.9253234863281,0.11046519875526428,True,1168.4854736328125,306.3777160644531,0.06281380355358124,True,-1
cam0,55,4,883.5325927734375,361.1817626953125,0.10191978514194489,True,1123.0516357421875,210.45053100585938,0.057069603353738785,True,2
cam0,55,5,483.6551513671875,469.703369140625,0.06356500834226608,True,681.78662109375,503.15838623046875,0.024625195190310478,True,1
cam0,55,6,1516.0130615234375,383.0298767089844,0.02619459666311741,True,982.3809814453125,282.3040771484375,0.023936232551932335,True,-1
cam0,55,7,681.0196533203125,504.202392578125,0.025494134053587914,True,618.962158203125,515.7929077148438,0.02383359707891941,True,5
cam0,56,0,665.2824096679688,325.1302185058594,0.7811310291290283,True,665.5548095703125,324.787353515625,0.9049814343452454,True,0
cam0,56,1,1060.3780517578125,282.1714782714844,0.15772464871406555,True,488.826904296875,476.82086181640625,0.1309763491153717,True,-1
cam0,56,2,1092.0576171875,195.1189422607422,0.15357886254787445,True,1157.1824951171875,295.9687194824219,0.06061806529760361,True,-1
cam0,56,3,956.607177734375,307.4136962890625,0.09470821917057037,True,1124.135498046875,204.407958984375,0.059606101363897324,True,-1
cam0,56,4,885.5071411132812,364.8403625488281,0.08351758867502213,True,883.6089477539062,361.43414306640625,0.0569942444562912,True,4
cam0,56,5,486.81231689453125,470.9989929199219,0.0659106969833374,True,680.7006225585938,502.4302978515625,0.027850940823554993,True,1
cam0,56,6,1632.2666015625,578.1875,0.034287046641111374,True,983.0003051757812,279.8036193847656,0.026648754253983498,True,-1
cam0,56,7,1520.337890625,383.08984375,0.03298424929380417,True,623.091796875,516.7427978515625,0.02433851547539234,True,-1
cam0,57,0,668.8863525390625,335.2243347167969,0.7700674533843994,True,669.1802368164062,326.6473693847656,0.9053811430931091,True,0
cam0,57,1,1070.4444580078125,286.9256896972656,0.15548597276210785,True,489.10089111328125,472.4422607421875,0.14496055245399475,True,-1
cam0,57,2,1093.2034912109375,200.65940856933594,0.15458078682422638,True,1129.875,203.25723266601562,0.06910424679517746,True,-1
cam0,57,3,953.9044189453125,308.9030456542969,0.09267139434814453,True,1118.54052734375,291.02740478515625,0.06079034134745598,True,-1
cam0,57,4,488.7728576660156,472.6355285644531,0.0744512528181076,True,883.50732421875,364.71099853515625,0.05015885457396507,True,1
cam0,57,5,889.9214477539062,366.5387878417969,0.06724989414215088,True,682.9896850585938,511.9981689453125,0.03437729924917221,True,4
cam0,57,6,1522.941650390625,380.7046813964844,0.04163209721446037,True,984.1224975585938,278.8782653808594,0.03124917298555374,True,-1
cam0,57,7,636.7877197265625,437.5346984863281,0.033771250396966934,True,574.4683837890625,230.1187744140625,0.020337296649813652,True,-1
cam0,58,0,669.2345581054688,328.82342529296875,0.8296612501144409,True,663.543212890625,324.22821044921875,0.9365497827529907,True,0
cam0,58,1,1169.6256103515625,320.08880615234375,0.14823496341705322,True,487.755615234375,472.9498291015625,0.08536626398563385,True,-1
cam0,58,2,1073.8590087890625,287.1593322753906,0.14180625975131989,True,1117.120361328125,286.4444885253906,0.04917190223932266,True,-1
cam0,58,3,954.603515625,297.98846435546875,0.06658381223678589,True,1127.6221923828125,217.94224548339844,0.03931134566664696,True,-1
cam0,58,4,1525.778564453125,383.6315612792969,0.04426322504878044,True,632.6407470703125,437.5367736816406,0.027917100116610527,True,-1
cam0,58,5,692.536376953125,509.8973083496094,0.033241692930459976,True,685.2720336914062,502.9926452636719,0.02689865417778492,True,5
cam0,58,6,631.3357543945312,434.26458740234375,0.03094327449798584,True,0.0,1079.0,0.018723949790000916,True,4
cam0,58,7,1629.954833984375,579.3292846679688,0.027384819462895393,True,1919.0,1079.0,0.017447372898459435,True,-1
cam0,59,0,672.736083984375,326.7875671386719,0.8025903701782227,True,662.8966674804688,321.3644104003906,0.9179756045341492,True,0
cam0,59,1,1169.2763671875,316.18975830078125,0.14091411232948303,True,485.3863220214844,472.42877197265625,0.10660484433174133,True,-1
cam0,59,2,1070.6787109375,274.34979248046875,0.11868913471698761,True,1120.476806640625,278.29107666015625,0.0481242761015892,True,-1
cam0,59,3,940.6075439453125,291.08331298828125,0.06927900016307831,True,669.53564453125,501.2482604980469,0.025792818516492844,True,-1
cam0,59,4,1527.66162109375,382.2763977050781,0.037431325763463974,True,635.9090576171875,428.9914245605469,0.022533396258950233,True,-1
cam0,59,5,486.0804443359375,470.9742126464844,0.03594527393579483,True,924.9801025390625,238.42172241210938,0.019345760345458984,True,1
cam0,59,6,919.412841796875,384.4492492675781,0.03390876203775406,True,0.0,1079.0,0.017921289429068565,True,-1
cam0,59,7,691.2068481445312,511.6079406738281,0.032521072775125504,True,1267.986572265625,457.13818359375,0.017848070710897446,True,-1
cam0,60,0,673.0726318359375,326.87335205078125,0.8039382100105286,True,669.2887573242188,319.9414978027344,0.8915728330612183,True,0
cam0,60,1,1166.63037109375,310.4161682128906,0.14298327267169952,True,488.1558837890625,473.62261962890625,0.08988738059997559,True,-1
cam0,60,2,1064.6932373046875,276.49029541015625,0.13102340698242188,True,1118.9412841796875,276.68304443359375,0.04364066198468208,True,-1
cam0,60,3,910.9480590820312,291.6279296875,0.06067066639661789,True,692.603271484375,514.4979858398438,0.02887919545173645,True,-1
cam0,60,4,952.1922607421875,301.6481628417969,0.0601239837706089,True,922.9002075195312,236.84007263183594,0.021767230704426765,True,-1
cam0,60,5,917.401123046875,379.42205810546875,0.03871287778019905,True,634.396484375,438.9866027832031,0.020863311365246773,True,-1
cam0,60,6,488.1005859375,469.9985656738281,0.03803087770938873,True,1268.5164794921875,457.0357360839844,0.01849316991865635,True,1
cam0,60,7,691.019287109375,512.1234741210938,0.03512973338365555,True,0.0,1079.0,0.017865724861621857,True,3
cam0,61,0,673.9155883789062,324.2832336425781,0.7975054979324341,True,666.359619140625,310.8194274902344,0.8606366515159607,True,0
cam0,61,1,1167.99365234375,303.61669921875,0.14957764744758606,True,487.7887878417969,466.7093811035156,0.09646017104387283,True,-1
cam0,61,2,1057.4468994140625,274.3266906738281,0.14646978676319122,True,1119.9849853515625,278.1903076171875,0.053066350519657135,True,-1
cam0,61,3,908.1943359375,301.3149108886719,0.07034491747617722,True,689.303955078125,516.13720703125,0.03579695150256157,True,-1
cam0,61,4,963.5205078125,302.1570129394531,0.06196209415793419,True,920.9691162109375,230.31716918945312,0.030586687847971916,True,-1
cam0,61,5,488.3144226074219,468.05230712890625,0.04787072166800499,True,894.9776611328125,366.6285705566406,0.02375323884189129,True,1
cam0,61,6,692.6675415039062,513.1094970703125,0.04264743626117706,True,298.8332214355469,321.0188293457031,0.020932232961058617,True,3
cam0,61,7,648.9398803710938,457.64349365234375,0.033734001219272614,True,378.04937744140625,199.80661010742188,0.018619192764163017,True,-1
cam0,62,0,676.1547241210938,323.6488342285156,0.7547121047973633,True,664.0839233398438,310.038818359375,0.8990800380706787,True,0
cam0,62,1,1065.7496337890625,270.9388732910156,0.1823820024728775,True,1172.657470703125,332.7513427734375,0.1080191358923912,True,-1
cam0,62,2,1122.9893798828125,296.7052917480469,0.17134523391723633,True,485.5349426269531,471.79962158203125,0.08734288066625595,True,-1
cam0,62,3,1168.8121337890625,311.5638427734375,0.16974064707756042,True,693.1677856445312,491.7891845703125,0.031717490404844284,True,-1
cam0,62,4,908.5630493164062,289.9590148925781,0.09218057990074158,True,1513.3526611328125,624.1611938476562,0.029496880248188972,True,-1
cam0,62,5,693.2744750976562,512.6868286132812,0.04808030277490616,True,648.6441040039062,460.74847412109375,0.02507013827562332,True,-1
cam0,62,6,485.871337890625,471.23052978515625,0.04716625064611435,True,891.3899536132812,369.3474426269531,0.024009253829717636,True,2
cam0,62,7,1140.7919921875,458.1071472167969,0.039398737251758575,True,923.7066040039062,232.15757751464844,0.021210402250289917,True,-1
cam0,63,0,672.646728515625,326.64154052734375,0.6204412579536438,True,668.1732177734375,312.36920166015625,0.8960884809494019,True,0
cam0,63,1,1090.161376953125,254.38624572753906,0.21072472631931305,True,1176.2042236328125,335.5960388183594,0.11007693409919739,True,-1
cam0,63,2,1171.598876953125,320.840087890625,0.15745368599891663,True,487.967041015625,469.8330383300781,0.07728981226682663,True,1
cam0,63,3,905.6971435546875,282.6187744140625,0.09612668305635452,True,1512.3348388671875,623.3153686523438,0.03388579189777374,True,-1
cam0,63,4,1041.318115234375,390.9942932128906,0.06619834154844284,True,633.6781005859375,527.4815063476562,0.03185064345598221,True,-1
cam0,63,5,891.6220703125,365.9925231933594,0.06101537123322487,True,693.576171875,490.0250549316406,0.031118515878915787,True,6
cam0,63,6,692.3245849609375,511.12774658203125,0.04385270178318024,True,888.7034301757812,372.2670593261719,0.027888072654604912,True,-1
cam0,63,7,487.2464904785156,471.014892578125,0.03915729746222496,True,666.377685546875,442.9089660644531,0.025108445435762405,True,2
cam0,64,0,674.3374633789062,316.2729797363281,0.5911682844161987,True,669.2377319335938,309.8760070800781,0.837157130241394,True,0
cam0,64,1,1100.804443359375,271.4154357910156,0.24041146039962769,True,1177.468505859375,333.4576416015625,0.11149010062217712,True,-1
cam0,64,2,1175.0277099609375,327.420654296875,0.14356303215026855,True,485.66522216796875,469.18798828125,0.08550354093313217,True,1
cam0,64,3,907.4402465820312,277.1054382324219,0.08717329055070877,True,1163.671630859375,261.2399597167969,0.05673570930957794,True,-1
cam0,64,4,1039.69873046875,398.166259765625,0.07415882498025894,True,1089.8895263671875,303.5020751953125,0.0552213154733181,True,-1
cam0,64,5,892.4850463867188,367.2458801269531,0.07013700902462006,True,636.4635620117188,525.8935546875,0.04969898983836174,True,-1
cam0,64,6,692.2269897460938,514.6957397460938,0.06300561875104904,True,1513.1728515625,622.2764282226562,0.03938250616192818,True,-1
cam0,64,7,649.617919921875,452.5353698730469,0.04996507614850998,True,650.388671875,453.6794128417969,0.03471533954143524,True,7
cam0,65,0,674.3145751953125,317.5910339355469,0.6236414313316345,True,672.7990112304688,312.2774658203125,0.844948410987854,True,0
cam0,65,1,1106.315673828125,271.2759094238281,0.2780363857746124,True,1177.1895751953125,333.9400634765625,0.11496565490961075,True,-1
cam0,65,2,1172.67236328125,330.17449951171875,0.13838179409503937,True,486.08477783203125,461.9776306152344,0.07358383387327194,True,1
cam0,65,3,913.1217041015625,281.2260437011719,0.07961688190698624,True,1093.9971923828125,304.3683776855469,0.060616668313741684,True,-1
cam0,65,4,892.9004516601562,368.2344970703125,0.07434599846601486,True,665.5948486328125,516.1162719726562,0.06034737825393677,True,6
cam0,65,5,666.27392578125,516.0889282226562,0.07117384672164917,True,663.4446411132812,439.30511474609375,0.05344919487833977,True,4
cam0,65,6,652.068603515625,424.02490234375,0.0668596401810646,True,885.6257934570312,374.2030334472656,0.03627617657184601,True,5
cam0,65,7,649.7616577148438,214.5641632080078,0.029410632327198982,True,965.458251953125,391.7030029296875,0.0356876477599144,True,-1
cam0,66,0,673.5823974609375,310.5829772949219,0.5222117304801941,True,666.1041259765625,311.1107177734375,0.8946853280067444,True,0
cam0,66,1,890.2669067382812,369.6571350097656,0.3060438334941864,True,1104.7808837890625,296.1158752441406,0.0639977902173996,True,6
cam0,66,2,1082.0054931640625,246.04647827148438,0.25769370794296265,True,483.1104736328125,470.18267822265625,0.05086228623986244,True,-1
cam0,66,3,971.35107421875,314.798583984375,0.11319240927696228,True,637.9111938476562,528.0889892578125,0.04364487901329994,True,-1
cam0,66,4,947.4175415039062,225.50889587402344,0.0672278106212616,True,649.0084228515625,459.3851013183594,0.03544216975569725,True,-1
cam0,66,5,652.6549072265625,426.02734375,0.06265924870967865,True,1516.514892578125,465.25250244140625,0.029487894847989082,True,-1
cam0,66,6,640.9135131835938,527.658447265625,0.04597414657473564,True,895.607421875,362.83953857421875,0.021466055884957314,True,3
cam0,66,7,484.35986328125,470.0459899902344,0.023585520684719086,True,0.0,1079.0,0.020592613145709038,True,2
cam0,67,0,673.7354736328125,312.2115478515625,0.5020065307617188,True,665.4324340820312,309.410400390625,0.8812196850776672,True,0
cam0,67,1,888.1337280273438,366.5845031738281,0.30083128809928894,True,1091.8958740234375,271.5381774902344,0.057366229593753815,True,7
cam0,67,2,1076.123046875,238.8629608154297,0.23519110679626465,True,663.8416748046875,519.4708862304688,0.04916917532682419,True,-1
cam0,67,3,955.6289672851562,309.7851257324219,0.10109633207321167,True,482.5411376953125,470.3105163574219,0.041122712194919586,True,-1
cam0,67,4,928.3525390625,230.9875946044922,0.07441119104623795,True,1514.1065673828125,461.37591552734375,0.03770028427243233,True,-1
cam0,67,5,647.4559936523438,424.5334167480469,0.05569276958703995,True,651.2760009765625,423.8851623535156,0.02899661660194397,True,5
cam0,67,6,660.5884399414062,521.144775390625,0.045730940997600555,True,972.9839477539062,389.3927307128906,0.026815123856067657,True,2
cam0,67,7,0.0,1078.5,0.020807744935154915,True,895.9627685546875,362.9938049316406,0.021813631057739258,True,-1
cam0,68,0,667.0782470703125,295.5186462402344,0.5399659276008606,True,662.7973022460938,305.80120849609375,0.8556460738182068,True,0
cam0,68,1,888.582763671875,359.6223449707031,0.32370129227638245,True,1082.3287353515625,276.1094970703125,0.05653844401240349,True,-1
cam0,68,2,1074.3116455078125,235.1513214111328,0.2307814657688141,True,1150.210205078125,300.2065734863281,0.05512956902384758,True,-1
cam0,68,3,953.3527221679688,308.49468994140625,0.10260331630706787,True,664.8391723632812,519.546630859375,0.05091532692313194,True,-1
cam0,68,4,925.8580322265625,230.78079223632812,0.07614260166883469,True,1515.2755126953125,461.418701171875,0.03415980562567711,True,-1
cam0,68,5,651.4578247070312,429.0283203125,0.05303969979286194,True,638.232666015625,443.328369140625,0.03187304362654686,True,5
cam0,68,6,666.5123291015625,519.0143432617188,0.044645845890045166,True,482.10333251953125,469.54559326171875,0.030923863872885704,True,3
cam0,68,7,0.0,1078.5,0.02029910869896412,True,971.2501831054688,387.9778137207031,0.028517557308077812,True,-1
cam0,69,0,664.9451293945312,294.4427795410156,0.5572932958602905,True,665.867919921875,296.0270080566406,0.84864741563797,True,0
cam0,69,1,888.1006469726562,365.6995544433594,0.3121737241744995,True,660.7830200195312,524.7341918945312,0.06553210318088531,True,7
cam0,69,2,1081.3431396484375,246.59686279296875,0.23098020255565643,True,1077.8265380859375,266.8556213378906,0.0604650117456913,True,-1
cam0,69,3,1025.3616943359375,312.665283203125,0.14563655853271484,True,1162.8013916015625,290.36865234375,0.05794091150164604,True,-1
cam0,69,4,920.1625366210938,229.17562866210938,0.07656106352806091,True,1172.02490234375,331.5647888183594,0.05615435540676117,True,-1
cam0,69,5,651.707763671875,428.89031982421875,0.0586664117872715,True,655.4945678710938,431.3558044433594,0.03513289988040924,True,5
cam0,69,6,668.6153564453125,522.0579223632812,0.05428875610232353,True,486.13104248046875,475.69732666015625,0.033652305603027344,True,1
cam0,69,7,485.6375427246094,479.5583801269531,0.02580242231488228,True,891.8125610351562,366.9247741699219,0.03241715952754021,True,6
cam0,70,0,665.8705444335938,295.0794982910156,0.5555622577667236,True,666.0042114257812,295.54302978515625,0.8350371718406677,True,0
cam0,70,1,1148.2332763671875,303.9886474609375,0.3252487778663635,True,1164.0828857421875,263.2769470214844,0.16515544056892395,True,-1
cam0,70,2,892.6734619140625,368.172119140625,0.20096856355667114,True,1173.534912109375,337.8797912597656,0.15482045710086823,True,3
cam0,70,3,1072.6468505859375,237.5975341796875,0.15874189138412476,True,891.5160522460938,365.71527099609375,0.10654142498970032,True,-1
cam0,70,4,1013.4495239257812,313.1134338378906,0.11197338253259659,True,670.668701171875,518.2957763671875,0.05550948902964592,True,-1
cam0,70,5,911.992431640625,230.62889099121094,0.07871908694505692,True,658.7354125976562,429.3187255859375,0.03583640605211258,True,-1
cam0,70,6,639.6895751953125,440.5458679199219,0.049320150166749954,True,489.5089111328125,480.18060302734375,0.023084938526153564,True,-1
cam0,70,7,673.77880859375,514.074951171875,0.04811124876141548,True,0.0,1079.0,0.020622504875063896,True,4
cam0,71,0,674.2301635742188,313.3419494628906,0.5328438878059387,True,667.1243286132812,295.4101867675781,0.8246341943740845,True,0
cam0,71,1,1152.7705078125,304.0624084472656,0.3107874393463135,True,1165.72314453125,259.82025146484375,0.20760706067085266,True,-1
cam0,71,2,890.0569458007812,369.00518798828125,0.20876544713974,True,1172.401123046875,339.552734375,0.16688035428524017,True,3
cam0,71,3,1072.3394775390625,236.2613983154297,0.1595396101474762,True,889.8969116210938,365.607666015625,0.13953526318073273,True,-1
cam0,71,4,1006.9526977539062,309.8729248046875,0.11342325806617737,True,658.2538452148438,529.3209228515625,0.052054278552532196,True,-1
cam0,71,5,903.603759765625,231.75631713867188,0.08524381369352341,True,650.8489379882812,428.5264587402344,0.03610335290431976,True,-1
cam0,71,6,649.6409301757812,429.35791015625,0.05488590523600578,True,484.7115783691406,480.70849609375,0.02025928534567356,True,5
cam0,71,7,1145.1014404296875,491.7425842285156,0.04302198812365532,True,0.0,1079.0,0.019040146842598915,True,-1
cam0,72,0,665.4934692382812,293.7128601074219,0.5256187915802002,True,668.7026977539062,313.56988525390625,0.8158022165298462,True,-1
cam0,72,1,1166.220947265625,327.95758056640625,0.2595077157020569,True,1164.930908203125,257.32830810546875,0.20385774970054626,True,2
cam0,72,2,890.1372680664062,365.9909362792969,0.19114950299263,True,1171.322998046875,340.6553039550781,0.1780107468366623,True,3
cam0,72,3,1084.3721923828125,227.7866668701172,0.15601816773414612,True,888.3409423828125,364.54888916015625,0.15505072474479675,True,-1
cam0,72,4,1003.4500122070312,308.3111877441406,0.11261406540870667,True,609.6742553710938,518.8344116210938,0.053414952009916306,True,-1
cam0,72,5,896.1986083984375,242.2842559814453,0.06934148818254471,True,651.9034423828125,429.22161865234375,0.038184743374586105,True,-1
cam0,72,6,650.5941162109375,434.2733154296875,0.06411430984735489,True,409.9798583984375,253.94557189941406,0.02303898148238659,True,5
cam0,72,7,1142.183837890625,489.9436950683594,0.05712540075182915,True,283.6469421386719,313.6461181640625,0.02202848345041275,True,-1
cam0,73,0,664.854736328125,294.66131591796875,0.523177444934845,True,673.2621459960938,307.59136962890625,0.8086850643157959,True,0
cam0,73,1,1130.0726318359375,286.0386962890625,0.2760127782821655,True,1161.5340576171875,256.5648193359375,0.24079781770706177,True,-1
cam0,73,2,1170.0162353515625,333.29718017578125,0.2426735758781433,True,1170.14013671875,342.4971923828125,0.17100636661052704,True,2
cam0,73,3,888.193115234375,364.81292724609375,0.16691990196704865,True,887.8233032226562,361.9020080566406,0.15842203795909882,True,3
cam0,73,4,1000.6182250976562,308.16455078125,0.0910693034529686,True,612.8682250976562,525.41650390625,0.0526222325861454,True,-1
cam0,73,5,889.8959350585938,251.25857543945312,0.07610726356506348,True,654.4923095703125,436.35797119140625,0.043945617973804474,True,-1
cam0,73,6,651.3560180664062,435.5956115722656,0.07487515360116959,True,660.272705078125,528.0738525390625,0.04289878159761429,True,5
cam0,73,7,1144.353515625,485.921875,0.061216045171022415,True,408.4912414550781,248.24569702148438,0.02718062698841095,True,-1
cam0,74,0,1172.9259033203125,339.4558410644531,0.2955331802368164,True,668.0385131835938,313.7221984863281,0.5891099572181702,True,2
cam0,74,1,665.9837036132812,301.50164794921875,0.2888714075088501,True,1163.0794677734375,255.32333374023438,0.26733022928237915,True,0
cam0,74,2,1117.3228759765625,286.40380859375,0.28310203552246094,True,1174.4091796875,341.3734436035156,0.2610505521297455,True,-1
cam0,74,3,1007.7112426757812,306.3775939941406,0.14498014748096466,True,885.4782104492188,362.93280029296875,0.18211497366428375,True,-1
cam0,74,4,886.4080200195312,368.3722839355469,0.138151615858078,True,653.9165649414062,438.6610412597656,0.07223392277956009,True,3
cam0,74,5,879.76611328125,260.75384521484375,0.12939101457595825,True,482.606201171875,473.730712890625,0.07087261974811554,True,-1
cam0,74,6,1039.2103271484375,383.8707275390625,0.11770482361316681,True,607.3475341796875,517.2786254882812,0.05451801046729088,True,-1
cam0,74,7,653.7351684570312,435.2582702636719,0.091641865670681,True,414.5576171875,254.48214721679688,0.04581885412335396,True,4
cam0,75,0,1112.96142578125,283.43017578125,0.30771389603614807,True,666.5794677734375,313.65673828125,0.5915541052818298,True,-1
cam0,75,1,1171.246826171875,337.6222839355469,0.2809261083602905,True,1161.4703369140625,256.88128662109375,0.2770181894302368,True,2
cam0,75,2,665.404052734375,303.6591491699219,0.27462661266326904,True,1172.2763671875,340.97833251953125,0.26553308963775635,True,0
cam0,75,3,889.128173828125,369.0685729980469,0.17476405203342438,True,885.2107543945312,363.6755676269531,0.20818352699279785,True,3
cam0,75,4,1003.0775756835938,311.8800354003906,0.13553421199321747,True,484.8731384277344,480.3592529296875,0.07450281828641891,True,-1
cam0,75,5,1040.5074462890625,385.3544006347656,0.12440206110477448,True,650.1111450195312,440.5582580566406,0.0697488859295845,True,6
cam0,75,6,882.239990234375,265.09259033203125,0.11435221880674362,True,1053.656982421875,376.9833984375,0.06846539676189423,True,-1
cam0,75,7,652.7835083007812,436.53472900390625,0.10158196091651917,True,294.34454345703125,320.3285217285156,0.05730472877621651,True,5
cam0,76,0,1171.1671142578125,335.66943359375,0.2867284119129181,True,667.9329833984375,312.6337890625,0.5594741702079773,True,1
cam0,76,1,1107.394775390625,292.2783203125,0.27210327982902527,True,1172.6116943359375,338.2742919921875,0.30184414982795715,True,-1
cam0,76,2,667.9525146484375,302.413818359375,0.2610369920730591,True,882.998046875,362.7447814941406,0.2385444939136505,True,0
cam0,76,3,887.7755737304688,371.1649475097656,0.18627308309078217,True,1154.3594970703125,271.0460205078125,0.21854443848133087,True,2
cam0,76,4,1002.095947265625,311.33221435546875,0.15329697728157043,True,655.7720336914062,437.9107360839844,0.07695778459310532,True,-1
cam0,76,5,1043.58251953125,385.7448425292969,0.1230379194021225,True,1049.89892578125,387.2005310058594,0.07232356816530228,True,5
cam0,76,6,864.6689453125,287.5232238769531,0.11402670294046402,True,486.10498046875,482.7925109863281,0.07159614562988281,True,-1
cam0,76,7,484.8568420410156,478.265625,0.10818561911582947,True,295.1396179199219,321.293701171875,0.06230629235506058,True,6
cam0,77,0,1100.37548828125,294.6937255859375,0.2904336452484131,True,660.828857421875,295.28717041015625,0.5198362469673157,True,-1
cam0,77,1,1164.8521728515625,329.0021057128906,0.2902078926563263,True,1169.5531005859375,335.60028076171875,0.3080454170703888,True,1
cam0,77,2,666.776123046875,299.2666320800781,0.24484319984912872,True,881.7197265625,359.7767028808594,0.24993856251239777,True,0
cam0,77,3,889.0652465820312,366.5161437988281,0.18297648429870605,True,661.70263671875,438.3423767089844,0.10249058157205582,True,2
cam0,77,4,1001.9928588867188,315.4105529785156,0.17827275395393372,True,483.75958251953125,487.06707763671875,0.09573433548212051,True,-1
cam0,77,5,873.5071411132812,285.55828857421875,0.13300956785678864,True,703.9545288085938,497.8465270996094,0.07376709580421448,True,-1
cam0,77,6,487.6969299316406,486.420166015625,0.1185414046049118,True,299.6502380371094,319.01446533203125,0.07203923165798187,True,4
cam0,77,7,659.3471069335938,434.7425537109375,0.1135735884308815,True,1047.0322265625,387.709716796875,0.07038746774196625,True,3
cam0,78,0,1103.582275390625,291.4631042480469,0.3888953626155853,True,666.0932006835938,295.34039306640625,0.5098560452461243,True,-1
cam0,78,1,666.334716796875,300.2579345703125,0.27341148257255554,True,1155.512451171875,285.6185302734375,0.2671230733394623,True,0
cam0,78,2,486.3230895996094,487.0482177734375,0.15982498228549957,True,1163.022216796875,333.97796630859375,0.2593630254268646,True,3
cam0,78,3,1034.0037841796875,381.1909484863281,0.1365729123353958,True,483.3842468261719,486.5626525878906,0.209528386592865,True,-1
cam0,78,4,891.4288940429688,361.8162841796875,0.1332322508096695,True,882.072265625,359.92236328125,0.1998811811208725,True,4
cam0,78,5,658.68115234375,429.6680603027344,0.1080218106508255,True,658.7412109375,439.8213806152344,0.09947066754102707,True,5
cam0,78,6,896.8394165039062,279.54632568359375,0.07980597764253616,True,917.0406494140625,229.72340393066406,0.07729724794626236,True,-1
cam0,78,7,699.28173828125,503.92034912109375,0.048024144023656845,True,694.758056640625,502.536865234375,0.07198009639978409,True,7
cam0,79,0,1106.690185546875,290.9396057128906,0.3526972532272339,True,672.545166015625,295.292236328125,0.5361470580101013,True,-1
cam0,79,1,664.3316650390625,302.4290466308594,0.2902485728263855,True,1157.0233154296875,282.0665283203125,0.2794886529445648,True,0
cam0,79,2,1031.4013671875,382.66815185546875,0.16646449267864227,True,879.6482543945312,357.7466125488281,0.22083836793899536,True,4
cam0,79,3,482.710693359375,487.81524658203125,0.15792565047740936,True,483.2674560546875,487.93280029296875,0.20868127048015594,True,3
cam0,79,4,892.26220703125,357.0325622558594,0.12306305766105652,True,1044.930419921875,387.8143615722656,0.10422422736883163,True,2
cam0,79,5,654.0028686523438,437.0460205078125,0.10116304457187653,True,917.13916015625,228.16641235351562,0.08367227017879486,True,6
cam0,79,6,896.9005126953125,281.8526306152344,0.08548156172037125,True,654.1168212890625,439.88671875,0.069553442299366,True,-1
cam0,79,7,435.48638916015625,259.43878173828125,0.052866380661726,True,437.0685119628906,261.75665283203125,0.06720046699047089,True,7
cam0,80,0,1102.723388671875,294.1531066894531,0.35331761837005615,True,668.3773193359375,294.99908447265625,0.5140782594680786,True,4
cam0,80,1,662.7655639648438,301.6116027832031,0.3148060441017151,True,879.5877075195312,361.5422058105469,0.24779927730560303,True,0
cam0,80,2,1167.803955078125,333.870361328125,0.27161264419555664,True,1163.8427734375,285.1363220214844,0.24535353481769562,True,-1
cam0,80,3,481.7398986816406,487.0591735839844,0.17427343130111694,True,482.02825927734375,488.0619812011719,0.21296468377113342,True,3
cam0,80,4,1031.26904296875,381.7384033203125,0.17373421788215637,True,1092.576416015625,308.38360595703125,0.18398353457450867,True,5
cam0,80,5,888.7319946289062,357.9251403808594,0.11624938994646072,True,1045.383544921875,391.96173095703125,0.10267303884029388,True,1
cam0,80,6,656.558349609375,429.1850280761719,0.09858518093824387,True,915.2180786132812,225.46627807617188,0.06929980963468552,True,7
cam0,80,7,903.4981079101562,293.5193176269531,0.08615119755268097,True,653.4951171875,441.4444885253906,0.06250184029340744,True,-1
cam0,81,0,1105.6839599609375,292.54559326171875,0.3490191698074341,True,669.1826171875,294.7164306640625,0.5004372000694275,True,5
cam0,81,1,662.2398071289062,307.3244934082031,0.328813761472702,True,880.5375366210938,358.6537170410156,0.2351144254207611,True,0
cam0,81,2,1168.9395751953125,339.1549072265625,0.2727656662464142,True,1173.1483154296875,334.5055236816406,0.23366622626781464,True,2
cam0,81,3,484.9104309082031,483.7972717285156,0.17757202684879303,True,1161.98828125,291.1540832519531,0.22495754063129425,True,4
cam0,81,4,1034.542236328125,375.4416198730469,0.1703827679157257,True,488.1706237792969,486.1968078613281,0.21443934738636017,True,-1
cam0,81,5,882.97216796875,356.3077087402344,0.11531481146812439,True,1097.5367431640625,303.4333801269531,0.17864303290843964,True,1
cam0,81,6,661.9669189453125,431.81597900390625,0.1090131402015686,True,1047.1614990234375,391.9810791015625,0.08877692371606827,True,7
cam0,81,7,903.5537109375,294.8381042480469,0.09148360043764114,True,663.6949462890625,449.56781005859375,0.07593455165624619,True,-1
cam0,82,0,674.4032592773438,307.3764343261719,0.5250751972198486,True,669.0393676757812,295.4883117675781,0.8209972977638245,True,0
cam0,82,1,1166.5322265625,336.7832336425781,0.24968835711479187,True,1173.7020263671875,333.2325744628906,0.1955856829881668,True,1
cam0,82,2,1036.4967041015625,376.32586669921875,0.12257678806781769,True,484.8152770996094,487.9525146484375,0.13932538032531738,True,-1
cam0,82,3,484.2656555175781,487.4617004394531,0.10918383300304413,True,879.7024536132812,362.262451171875,0.0810549259185791,True,2
cam0,82,4,934.2610473632812,317.44207763671875,0.07890429347753525,True,666.4273681640625,451.2549743652344,0.0495588481426239,True,-1
cam0,82,5,657.0834350585938,440.4851379394531,0.06655092537403107,True,616.7344970703125,520.2880249023438,0.03094681166112423,True,4
cam0,82,6,882.6461791992188,361.43408203125,0.06364543735980988,True,0.0,1079.0,0.02088870108127594,True,3
cam0,82,7,865.171142578125,286.8891296386719,0.049613162875175476,True,440.5780334472656,267.2852783203125,0.020620964467525482,True,-1
cam0,83,0,669.3084716796875,295.94976806640625,0.48890623450279236,True,672.8773193359375,306.3185729980469,0.8233930468559265,True,0
cam0,83,1,1159.744873046875,334.150146484375,0.2441207766532898,True,1161.9375,345.4452209472656,0.21152786910533905,True,1
cam0,83,2,1147.028564453125,293.6947937011719,0.2391345053911209,True,485.0020446777344,489.443603515625,0.14075957238674164,True,-1
cam0,83,3,1035.860595703125,374.2774658203125,0.12970726191997528,True,878.3313598632812,362.3915710449219,0.09057868272066116,True,-1
cam0,83,4,486.0174560546875,490.7901611328125,0.1062445268034935,True,673.9097290039062,441.8327941894531,0.03358175978064537,True,2
cam0,83,5,881.8252563476562,361.17755126953125,0.08433091640472412,True,701.2822265625,497.1404113769531,0.031654540449380875,True,3
cam0,83,6,933.763916015625,321.9100646972656,0.07529769837856293,True,624.6133422851562,518.9300537109375,0.024353360757231712,True,-1
cam0,83,7,655.4962158203125,442.89337158203125,0.05994166061282158,True,435.4259033203125,264.85675048828125,0.020561743527650833,True,4
cam0,84,0,666.431884765625,295.33624267578125,0.4628307819366455,True,672.7039794921875,306.910400390625,0.7829709053039551,True,0
cam0,84,1,1160.3419189453125,334.4925842285156,0.25075462460517883,True,1172.1265869140625,329.01397705078125,0.21291597187519073,True,1
cam0,84,2,1080.700439453125,241.76853942871094,0.17106443643569946,True,486.60162353515625,490.216796875,0.14494732022285461,True,-1
cam0,84,3,1084.0699462890625,300.78857421875,0.16751553118228912,True,878.1882934570312,362.6014709472656,0.10036851465702057,True,-1
cam0,84,4,487.2536926269531,487.0414123535156,0.13880731165409088,True,668.7325439453125,466.9992370605469,0.03832794353365898,True,2
cam0,84,5,1040.0533447265625,375.0088195800781,0.11321130394935608,True,629.7450561523438,517.1682739257812,0.02874382585287094,True,-1
cam0,84,6,882.263671875,362.7482604980469,0.10843465477228165,True,427.57305908203125,264.9307556152344,0.01918206177651882,True,3
cam0,84,7,984.5838012695312,258.6656494140625,0.08363524079322815,True,1620.1671142578125,464.0340270996094,0.018497930839657784,True,-1
cam0,85,0,669.367919921875,295.39459228515625,0.49125412106513977,True,672.8065185546875,304.8392028808594,0.7468222975730896,True,0
cam0,85,1,1164.7379150390625,332.46990966796875,0.25396615266799927,True,1171.2484130859375,332.72576904296875,0.22329677641391754,True,1
cam0,85,2,1084.7667236328125,242.58531188964844,0.19304269552230835,True,489.5731201171875,490.5439453125,0.13717493414878845,True,-1
cam0,85,3,489.6017150878906,489.5369567871094,0.13399650156497955,True,878.2819213867188,360.8551025390625,0.10189776867628098,True,2
cam0,85,4,883.645751953125,361.675048828125,0.10754599422216415,True,697.9585571289062,496.262939453125,0.04876216500997543,True,3
cam0,85,5,987.3041381835938,255.94332885742188,0.10297980159521103,True,667.6856689453125,460.8155822753906,0.04827352240681648,True,-1
cam0,85,6,664.5492553710938,431.25408935546875,0.07107415795326233,True,623.3859252929688,518.1925048828125,0.03492839261889458,True,-1
cam0,85,7,701.6256103515625,496.0079345703125,0.06274624913930893,True,1617.1575927734375,461.3752746582031,0.01950700953602791,True,4
cam0,86,0,671.1663208007812,309.2079162597656,0.6457080841064453,True,672.9410400390625,308.5236511230469,0.8906078934669495,True,0
cam0,86,1,1170.103271484375,332.9542236328125,0.1978198140859604,True,1174.5364990234375,331.6336364746094,0.17212212085723877,True,1
cam0,86,2,1099.89306640625,304.8001708984375,0.13632938265800476,True,489.7132873535156,489.50653076171875,0.1388285756111145,True,4
cam0,86,3,1086.365966796875,248.87657165527344,0.13606788218021393,True,880.0384521484375,360.7889099121094,0.08260014653205872,True,-1
cam0,86,4,488.38037109375,487.6710510253906,0.13344284892082214,True,1098.807373046875,297.9381103515625,0.07568652182817459,True,2
cam0,86,5,888.7227783203125,360.1856689453125,0.07852520793676376,True,700.4282836914062,496.7218017578125,0.03768806532025337,True,3
cam0,86,6,1029.227783203125,372.3373718261719,0.06304218620061874,True,655.1011352539062,453.6641845703125,0.036761004477739334,True,-1
cam0,86,7,920.5720825195312,264.50579833984375,0.05091185122728348,True,0.0,1079.0,0.019844453781843185,True,-1
cam0,87,0,675.61474609375,305.2928161621094,0.6249094605445862,True,675.5518798828125,309.9175109863281,0.9063762426376343,True,0
cam0,87,1,1164.44140625,331.1573486328125,0.2090100347995758,True,1173.107421875,331.46368408203125,0.17447619140148163,True,1
cam0,87,2,1087.8265380859375,243.78907775878906,0.14365629851818085,True,487.0193786621094,488.6912536621094,0.13919003307819366,True,-1
cam0,87,3,486.37969970703125,487.1524353027344,0.13175350427627563,True,1103.4984130859375,301.5018310546875,0.08197659254074097,True,2
cam0,87,4,1032.4222412109375,284.7431945800781,0.09804627299308777,True,880.6135864257812,361.4864807128906,0.08118872344493866,True,-1
cam0,87,5,888.19580078125,362.3423156738281,0.07779096812009811,True,679.8649291992188,472.8460998535156,0.03105616196990013,True,4
cam0,87,6,1030.9501953125,374.7293395996094,0.06345859915018082,True,0.0,1079.0,0.018005933612585068,True,-1
cam0,87,7,917.2647094726562,256.4838562011719,0.06126017868518829,True,1919.0,7.853085994720459,0.01691223308444023,True,-1
cam0,88,0,689.0393676757812,315.2626037597656,0.6447614431381226,True,677.875,312.4069519042969,0.8806037306785583,True,0
cam0,88,1,1166.8583984375,330.0831604003906,0.21142959594726562,True,1172.772705078125,327.8854064941406,0.16817408800125122,True,1
cam0,88,2,1108.613037109375,306.6933898925781,0.16747261583805084,True,487.5935363769531,488.3627624511719,0.14050543308258057,True,-1
cam0,88,3,485.96771240234375,486.8214416503906,0.13268235325813293,True,881.359375,363.22259521484375,0.08459851890802383,True,2
cam0,88,4,1087.4593505859375,243.2705078125,0.1250489056110382,True,682.6316528320312,469.26910400390625,0.03394341096282005,True,-1
cam0,88,5,887.3259887695312,362.37322998046875,0.08480093628168106,True,0.0,1079.0,0.017206372693181038,True,3
cam0,88,6,1030.942138671875,374.8167419433594,0.06911873817443848,True,1919.0,8.06887435913086,0.017171991989016533,True,-1
cam0,88,7,917.6557006835938,267.22052001953125,0.058949895203113556,True,0.0,18.936372756958008,0.016616888344287872,True,-1
cam0,89,0,688.7720336914062,315.0888671875,0.6676837205886841,True,677.1824340820312,310.5718078613281,0.8595718145370483,True,0
cam0,89,1,1165.736083984375,329.8188781738281,0.2063542604446411,True,1172.1810302734375,327.5715637207031,0.16387023031711578,True,1
cam0,89,2,1093.063232421875,228.67994689941406,0.13956090807914734,True,488.32366943359375,489.37799072265625,0.13295280933380127,True,-1
cam0,89,3,486.0190124511719,486.8168640136719,0.1154150515794754,True,880.4612426757812,362.31256103515625,0.07437238097190857,True,2
cam0,89,4,884.278076171875,362.1662292480469,0.07271549850702286,True,698.6573486328125,487.23626708984375,0.03538873419165611,True,3
cam0,89,5,699.4064331054688,489.24566650390625,0.06027630344033241,True,1514.0704345703125,462.2734069824219,0.02183813974261284,True,4
cam0,89,6,944.3643798828125,418.9486083984375,0.05567111819982529,True,0.0,1079.0,0.017061015591025352,True,-1
cam0,89,7,916.505126953125,284.04705810546875,0.05379031226038933,True,1919.0,7.668869972229004,0.016597069799900055,True,-1
cam0,90,0,690.9024047851562,318.4061584472656,0.6740303039550781,True,679.5852661132812,310.8781433105469,0.8786774277687073,True,0
cam0,90,1,1105.9476318359375,297.6143493652344,0.21361477673053741,True,1172.9268798828125,324.5053405761719,0.13322587311267853,True,-1
cam0,90,2,1171.7685546875,323.53277587890625,0.15164905786514282,True,621.68359375,525.0211181640625,0.038669783622026443,True,1
cam0,90,3,1096.9678955078125,226.3076934814453,0.12854182720184326,True,667.8483276367188,466.68353271484375,0.03692856431007385,True,-1
cam0,90,4,1034.3489990234375,375.1064453125,0.08828692883253098,True,487.64813232421875,490.935302734375,0.034916121512651443,True,-1
cam0,90,5,909.5135498046875,292.4856872558594,0.07143183052539825,True,880.3374633789062,362.6377258300781,0.02724548615515232,True,-1
cam0,90,6,856.0873413085938,308.934326171875,0.07106963545084,True,1513.931884765625,461.7403564453125,0.02218242920935154,True,-1
cam0,90,7,704.6173706054688,485.0661315917969,0.061599310487508774,True,0.0,1079.0,0.018353840336203575,True,-1
cam0,91,0,683.79541015625,329.2757873535156,0.6121162176132202,True,683.517822265625,322.5677490234375,0.867201566696167,True,0
cam0,91,1,1109.473876953125,285.83184814453125,0.2294493317604065,True,1171.63330078125,320.5126647949219,0.1433161497116089,True,-1
cam0,91,2,1031.531494140625,376.8489990234375,0.10224945098161697,True,487.3720397949219,491.4600830078125,0.04821229353547096,True,-1
cam0,91,3,858.505859375,306.8996276855469,0.07657475024461746,True,632.2046508789062,517.260009765625,0.04244447872042656,True,-1
cam0,91,4,903.8941650390625,292.6801452636719,0.07411697506904602,True,878.9215698242188,363.12445068359375,0.03662735968828201,True,-1
cam0,91,5,873.746826171875,362.53741455078125,0.06682971864938736,True,705.5493774414062,474.2403259277344,0.03127659484744072,True,4
cam0,91,6,665.9425048828125,444.55450439453125,0.05267554149031639,True,1566.3941650390625,375.33355712890625,0.025366254150867462,True,-1
cam0,91,7,705.474853515625,477.8688659667969,0.05158821493387222,True,1508.72998046875,460.95550537109375,0.019453618675470352,True,5
cam0,92,0,686.7392578125,329.43377685546875,0.6116767525672913,True,687.7528686523438,323.33465576171875,0.863376259803772,True,0
cam0,92,1,1110.73583984375,281.5280456542969,0.24089564383029938,True,1168.3720703125,323.6219787597656,0.13925200700759888,True,-1
cam0,92,2,1032.2247314453125,379.4413146972656,0.13381251692771912,True,487.477783203125,492.5596008300781,0.06132403388619423,True,-1
cam0,92,3,878.2782592773438,367.9645080566406,0.07649833709001541,True,632.9141845703125,517.0904541015625,0.04998050630092621,True,4
cam0,92,4,941.338623046875,320.038330078125,0.06869449466466904,True,879.73974609375,363.2337951660156,0.04883478581905365,True,-1
cam0,92,5,632.2855224609375,517.5728759765625,0.06657198816537857,True,675.4705200195312,455.71978759765625,0.03630119934678078,True,3
cam0,92,6,852.5977172851562,308.9002990722656,0.06423243135213852,True,1562.590576171875,374.5076904296875,0.029508698731660843,True,-1
cam0,92,7,895.7659301757812,292.7584228515625,0.06278549134731293,True,1188.445068359375,442.47760009765625,0.0219136830419302,True,-1
cam0,93,0,688.1094970703125,327.04541015625,0.5336830615997314,True,688.1322021484375,324.064453125,0.8586878180503845,True,0
cam0,93,1,1116.304443359375,277.964599609375,0.2915101945400238,True,1167.828857421875,324.20489501953125,0.14387410879135132,True,-1
cam0,93,2,1032.55029296875,378.41754150390625,0.1400092989206314,True,488.2742614746094,491.7474670410156,0.0725255087018013,True,-1
cam0,93,3,883.9515380859375,363.33892822265625,0.08622545748949051,True,636.6107177734375,517.578125,0.06022680923342705,True,4
cam0,93,4,674.8865966796875,439.421875,0.08518879860639572,True,880.9331665039062,363.2405090332031,0.05311436951160431,True,5
cam0,93,5,940.1707763671875,318.7962646484375,0.08350207656621933,True,671.2009887695312,453.34613037109375,0.04231782630085945,True,-1
cam0,93,6,634.9430541992188,515.816162109375,0.0801776871085167,True,1561.491943359375,375.2681579589844,0.03976478800177574,True,3
cam0,93,7,913.040771484375,230.3959503173828,0.04783928394317627,True,596.702880859375,220.6221160888672,0.02954213134944439,True,-1
cam0,94,0,681.58935546875,323.9581604003906,0.41738566756248474,True,689.242919921875,327.4799499511719,0.5381320714950562,True,0
cam0,94,1,1120.194091796875,280.3324890136719,0.3787720203399658,True,1167.177978515625,323.779296875,0.3069065511226654,True,-1
cam0,94,2,1028.752685546875,381.2542724609375,0.13455116748809814,True,633.67919921875,519.3402099609375,0.19331224262714386,True,-1
cam0,94,3,890.1241455078125,363.49951171875,0.1279592216014862,True,485.5523376464844,491.1279602050781,0.1476624310016632,True,4
cam0,94,4,634.0559692382812,522.34814453125,0.11589454114437103,True,885.5877075195312,367.37652587890625,0.13748480379581451,True,2
cam0,94,5,484.93450927734375,492.1600646972656,0.08786357939243317,True,704.918212890625,496.9985046386719,0.10020264238119125,True,3
cam0,94,6,668.6799926757812,450.4070739746094,0.08750949054956436,True,589.3336181640625,218.1651153564453,0.05047111213207245,True,-1
cam0,94,7,707.5101318359375,494.6338195800781,0.08242803066968918,True,1557.80908203125,374.0825500488281,0.04075157269835472,True,5
cam0,95,0,689.0504150390625,330.8890380859375,0.4518566131591797,True,689.4135131835938,330.6153869628906,0.5806279182434082,True,0
cam0,95,1,1121.66845703125,280.9208068847656,0.3765627145767212,True,1166.003173828125,325.77325439453125,0.3354267179965973,True,-1
cam0,95,2,889.5857543945312,364.5311279296875,0.14369753003120422,True,633.4964599609375,517.0263671875,0.20178020000457764,True,3
cam0,95,3,1030.1640625,380.4173889160156,0.13653405010700226,True,884.365966796875,368.65704345703125,0.1395060420036316,True,-1
cam0,95,4,633.4315795898438,519.2125244140625,0.1349385529756546,True,484.5256042480469,490.498046875,0.1367795169353485,True,2
cam0,95,5,484.4814453125,491.52374267578125,0.09028767049312592,True,705.8267211914062,496.6647033691406,0.08912894129753113,True,4
cam0,95,6,922.95751953125,233.27452087402344,0.08488420397043228,True,429.269287109375,261.64599609375,0.039450712502002716,True,-1
cam0,95,7,675.9926147460938,434.5655517578125,0.06589152663946152,True,1548.223876953125,372.3873596191406,0.03508785367012024,True,-1
cam0,96,0,691.0675048828125,332.9098205566406,0.5112333297729492,True,684.2515869140625,343.34857177734375,0.6070194244384766,True,0
cam0,96,1,1120.947021484375,283.6598205566406,0.39812445640563965,True,1168.525146484375,324.85516357421875,0.32888251543045044,True,-1
cam0,96,2,887.1380004882812,367.8358459472656,0.1611867994070053,True,634.8538818359375,516.4556274414062,0.18734320998191833,True,3
cam0,96,3,632.9484252929688,521.2054443359375,0.1342621147632599,True,883.8363647460938,367.8557434082031,0.14821510016918182,True,2
cam0,96,4,1032.001708984375,382.3787841796875,0.1255159229040146,True,482.8127746582031,487.6365051269531,0.14726850390434265,True,-1
cam0,96,5,482.9364318847656,487.5992126464844,0.12058030813932419,True,708.7530517578125,498.16253662109375,0.08261144161224365,True,4
cam0,96,6,1118.1173095703125,139.31948852539062,0.0663280263543129,True,434.31048583984375,268.9230651855469,0.03353528678417206,True,-1
cam0,96,7,680.0786743164062,454.3221130371094,0.06467553973197937,True,600.4490966796875,236.3611297607422,0.0306616872549057,True,-1
cam0,97,0,689.7907104492188,329.3270568847656,0.5320436954498291,True,683.078125,342.96734619140625,0.5210359692573547,True,0
cam0,97,1,1105.5396728515625,274.61431884765625,0.34085601568222046,True,1172.241455078125,325.88787841796875,0.3380706012248993,True,-1
cam0,97,2,886.0952758789062,367.6291809082031,0.15606145560741425,True,1130.1417236328125,253.9723358154297,0.20930500328540802,True,4
cam0,97,3,629.2194213867188,519.7625122070312,0.1311454027891159,True,633.2342529296875,517.6449584960938,0.19216926395893097,True,3
cam0,97,4,483.3830261230469,485.5770568847656,0.1278078854084015,True,886.041259765625,368.45294189453125,0.15290376543998718,True,5
cam0,97,5,1026.732177734375,380.5251159667969,0.11243163794279099,True,481.0303955078125,484.6246337890625,0.14541427791118622,True,-1
cam0,97,6,676.7689208984375,442.5412902832031,0.09323009848594666,True,679.4743041992188,443.5153503417969,0.11297465115785599,True,6
cam0,97,7,1118.3280029296875,128.875,0.0862274020910263,True,708.0977783203125,498.4835510253906,0.09973673522472382,True,-1
cam0,98,0,688.785888671875,339.2115478515625,0.7203338742256165,True,687.3270263671875,335.67376708984375,0.8200179934501648,True,0
cam0,98,1,1162.4520263671875,323.807373046875,0.27295687794685364,True,1173.232421875,324.2495422363281,0.25499969720840454,True,1
cam0,98,2,1025.2947998046875,300.20526123046875,0.1912170648574829,True,676.5933837890625,456.17626953125,0.12934818863868713,True,-1
cam0,98,3,1090.5093994140625,259.1062316894531,0.18520484864711761,True,631.0484619140625,513.3417358398438,0.12641969323158264,True,-1
cam0,98,4,675.5352172851562,453.7936096191406,0.15842236578464508,True,1095.39501953125,298.7835693359375,0.10449579358100891,True,2
cam0,98,5,892.1302490234375,374.7027587890625,0.11318102478981018,True,707.98046875,495.4994201660156,0.10338640213012695,True,6
cam0,98,6,1037.287109375,381.8389587402344,0.10708186030387878,True,886.5015869140625,371.56842041015625,0.0725284069776535,True,-1
cam0,98,7,628.0513305664062,515.95068359375,0.08085142821073532,True,480.956787109375,485.647705078125,0.07095680385828018,True,3
cam0,99,0,688.1982421875,343.72509765625,0.759581446647644,True,686.4857788085938,343.0700988769531,0.8734148144721985,True,0
cam0,99,1,1159.7508544921875,326.0482482910156,0.2775832712650299,True,1172.8665771484375,323.82232666015625,0.26463842391967773,True,1
cam0,99,2,1090.34765625,249.70326232910156,0.17958563566207886,True,630.4784545898438,524.0965576171875,0.09892172366380692,True,-1
cam0,99,3,1039.471435546875,300.2505798339844,0.17760992050170898,True,674.8653564453125,468.4985046386719,0.0894169956445694,True,-1
cam0,99,4,671.8024291992188,460.2848205566406,0.1462123990058899,True,481.50506591796875,486.8924255371094,0.07913203537464142,True,3
cam0,99,5,891.5339965820312,370.54620361328125,0.1369876116514206,True,884.2792358398438,369.95465087890625,0.06313841044902802,True,5
cam0,99,6,1027.59375,387.7005615234375,0.11809702962636948,True,522.657958984375,389.6335754394531,0.052602171897888184,True,-1
cam0,99,7,483.3268127441406,481.158447265625,0.06668966263532639,True,394.606201171875,221.6812286376953,0.03082798793911934,True,4
cam0,100,0,686.7945556640625,346.0887756347656,0.7519468069076538,True,687.6648559570312,345.5526123046875,0.8921589851379395,True,0
cam0,100,1,1159.6746826171875,327.4405822753906,0.27923583984375,True,1170.116455078125,324.4927978515625,0.27531394362449646,True,1
cam0,100,2,981.4649658203125,294.5224914550781,0.19336751103401184,True,626.1055297851562,525.7553100585938,0.11765284091234207,True,-1
cam0,100,3,663.5866088867188,464.1683654785156,0.19015192985534668,True,483.3433532714844,488.97735595703125,0.09646560251712799,True,-1
cam0,100,4,1093.6226806640625,251.9272918701172,0.16915985941886902,True,519.5048217773438,386.3558349609375,0.08720215409994125,True,-1
cam0,100,5,1035.290771484375,300.4045715332031,0.1550104171037674,True,882.6663818359375,365.7278747558594,0.05287403240799904,True,-1
cam0,100,6,892.0150756835938,367.5474548339844,0.15167824923992157,True,395.0115051269531,228.75125122070312,0.01864619553089142,True,5
cam0,100,7,1033.12890625,386.23712158203125,0.12042234092950821,True,0.0,1079.0,0.018212921917438507,True,-1
cam0,101,0,687.1576538085938,357.2286376953125,0.7651525139808655,True,689.855224609375,351.875244140625,0.897524893283844,True,0
cam0,101,1,1164.295654296875,327.12078857421875,0.2830047905445099,True,1168.360595703125,326.02838134765625,0.2507613003253937,True,1
cam0,101,2,665.1619262695312,463.46246337890625,0.2164338082075119,True,665.7188110351562,464.3433532714844,0.140033558011055,True,2
cam0,101,3,976.8153686523438,293.66412353515625,0.18783734738826752,True,624.5748291015625,524.5640258789062,0.11814617365598679,True,-1
cam0,101,4,891.8937377929688,367.4805908203125,0.12340182065963745,True,516.1713256835938,384.7230529785156,0.10405907034873962,True,6
cam0,101,5,1035.4169921875,381.0710754394531,0.11095167696475983,True,486.0134582519531,491.2354736328125,0.0783049613237381,True,-1
cam0,101,6,519.6144409179688,388.0770568847656,0.0845533236861229,True,881.65869140625,362.83038330078125,0.04014391824603081,True,4
cam0,101,7,624.5527954101562,527.4512329101562,0.07251013815402985,True,1132.21484375,466.00494384765625,0.028061259537935257,True,3
cam0,102,0,688.045654296875,357.14923095703125,0.8710405230522156,True,686.888671875,357.5420837402344,0.8991138339042664,True,0
cam0,102,1,663.1220703125,458.5322570800781,0.36775320768356323,True,664.2554931640625,456.6494445800781,0.2639331519603729,True,1
cam0,102,2,1170.0328369140625,325.8565673828125,0.07737655937671661,True,1168.9493408203125,331.2393493652344,0.09237269312143326,True,2
cam0,102,3,980.9385986328125,293.10546875,0.02632300555706024,True,485.479248046875,494.760986328125,0.050021976232528687,True,-1
cam0,102,4,483.6194763183594,492.60382080078125,0.02606314979493618,True,1035.467041015625,356.6109619140625,0.023557111620903015,True,3
cam0,102,5,1042.0499267578125,367.547607421875,0.024170061573386192,True,517.8616333007812,382.7854309082031,0.020576082170009613,True,4
cam0,102,6,887.9263305664062,367.3340759277344,0.02281184121966362,True,0.0,1079.0,0.017907479777932167,True,-1
cam0,102,7,585.2998657226562,227.4741668701172,0.019873378798365593,True,1919.0,1079.0,0.017121782526373863,True,-1
cam0,103,0,689.7642822265625,357.5879821777344,0.8903217315673828,True,689.3421630859375,354.3450622558594,0.9237483739852905,True,0
cam0,103,1,662.8568725585938,449.2588806152344,0.34212616086006165,True,662.7962646484375,448.8341064453125,0.22267991304397583,True,1
cam0,103,2,1171.0211181640625,322.4810791015625,0.08790063858032227,True,1169.1318359375,330.282470703125,0.1173315942287445,True,2
cam0,103,3,619.6897583007812,527.8250732421875,0.05613742396235466,True,620.9642944335938,528.36962890625,0.06453832983970642,True,3
cam0,103,4,484.8568420410156,489.5882873535156,0.020654721185564995,True,485.4795227050781,491.3830871582031,0.03424447402358055,True,4
cam0,103,5,1625.192626953125,380.4294128417969,0.019848549738526344,True,1033.8702392578125,352.3134765625,0.018202021718025208,True,-1
cam0,103,6,1043.139892578125,369.9079895019531,0.019255269318819046,True,1919.0,7.904277801513672,0.016965528950095177,True,5
cam0,103,7,970.7373046875,303.6191101074219,0.019204292446374893,True,0.0,18.984268188476562,0.01694094017148018,True,-1
cam0,104,0,692.5670776367188,355.8118591308594,0.8308165669441223,True,688.6259765625,358.0389404296875,0.9030721187591553,True,0
cam0,104,1,665.3272094726562,435.6124572753906,0.38144704699516296,True,665.140869140625,436.8697204589844,0.3124408721923828,True,1
cam0,104,2,1165.6767578125,322.12066650390625,0.10540421307086945,True,1168.3009033203125,328.79345703125,0.1391472965478897,True,2
cam0,104,3,607.1734008789062,527.9923706054688,0.06556707620620728,True,609.4721069335938,528.6714477539062,0.06689154356718063,True,3
cam0,104,4,1624.247802734375,380.3413391113281,0.02054724656045437,True,485.4831848144531,489.6922302246094,0.029081782326102257,True,-1
cam0,104,5,661.3583374023438,232.25054931640625,0.020353127270936966,True,1040.6937255859375,352.7757568359375,0.017312591895461082,True,-1
cam0,104,6,485.3126525878906,487.3426513671875,0.018519576638936996,True,1919.0,8.189589500427246,0.0171846654266119,True,4
cam0,104,7,1918.4998779296875,8.266053199768066,0.016879552975296974,True,0.0,18.84064483642578,0.016866976395249367,True,6
cam0,105,0,690.3131103515625,361.1580810546875,0.7609382271766663,True,693.9532470703125,356.87811279296875,0.8678761720657349,True,0
cam0,105,1,1167.2965087890625,322.76556396484375,0.1076233834028244,True,1170.84423828125,325.32708740234375,0.13456614315509796,True,1
cam0,105,2,606.0772705078125,525.9180908203125,0.07418941706418991,True,606.1791381835938,526.4309692382812,0.06863506138324738,True,2
cam0,105,3,1034.55029296875,288.1724853515625,0.040439628064632416,True,485.86590576171875,486.7949523925781,0.028809916228055954,True,-1
cam0,105,4,652.6390991210938,229.90675354003906,0.0316535048186779,True,589.2022705078125,229.2781524658203,0.01682736724615097,True,-1
cam0,105,5,1616.7606201171875,376.6839294433594,0.020726364105939865,True,1919.0,7.674908638000488,0.01665964163839817,True,-1
cam0,105,6,487.0066223144531,483.6651306152344,0.018305830657482147,True,0.0,18.668039321899414,0.01628631353378296,True,3
cam0,105,7,1918.4998779296875,7.611435890197754,0.016293862834572792,True,0.0,1079.0,0.015643693506717682,True,5
cam0,106,0,685.5811767578125,383.76788330078125,0.816341757774353,True,686.7622680664062,381.9089660644531,0.7846768498420715,True,0
cam0,106,1,596.2918701171875,519.2200317382812,0.07503172755241394,True,1170.78076171875,328.57244873046875,0.10690118372440338,True,2
cam0,106,2,1167.194580078125,326.4090270996094,0.06271679699420929,True,597.4662475585938,523.048095703125,0.08563203364610672,True,1
cam0,106,3,1117.0130615234375,281.60223388671875,0.05624278634786606,True,636.787841796875,250.7008514404297,0.025990460067987442,True,-1
cam0,106,4,711.4954223632812,283.29931640625,0.04252389818429947,True,871.4901733398438,356.6140441894531,0.023210227489471436,True,-1
cam0,106,5,1030.8665771484375,292.6488342285156,0.03801773488521576,True,799.9090576171875,336.5063781738281,0.02250734344124794,True,-1
cam0,106,6,836.9867553710938,322.30804443359375,0.03097192943096161,True,593.452880859375,230.35667419433594,0.02095773071050644,True,-1
cam0,106,7,652.6508178710938,230.5924072265625,0.02199648693203926,True,1919.0,1079.0,0.01707647182047367,True,-1
cam0,107,0,697.7618408203125,383.9999084472656,0.8941314220428467,True,697.2246704101562,380.71240234375,0.885380208492279,True,0
cam0,107,1,1172.3587646484375,323.02587890625,0.07440830022096634,True,1173.768310546875,327.6395263671875,0.12801368534564972,True,1
cam0,107,2,722.6849975585938,288.62335205078125,0.050994161516427994,True,607.0855712890625,519.7935791015625,0.05218566209077835,True,-1
cam0,107,3,605.1351318359375,519.1047973632812,0.035028960555791855,True,877.66259765625,358.416748046875,0.02949388138949871,True,2
cam0,107,4,1031.36669921875,298.73687744140625,0.03469863161444664,True,638.5022583007812,251.50315856933594,0.027351925149559975,True,-1
cam0,107,5,821.68310546875,322.92095947265625,0.030599597841501236,True,1919.0,7.873303413391113,0.016981694847345352,True,-1
cam0,107,6,1918.4998779296875,7.908473014831543,0.016904838383197784,True,0.0,19.02002716064453,0.01677258126437664,True,5
cam0,107,7,0.0,18.893186569213867,0.01673271134495735,True,1919.0,1079.0,0.015801282599568367,True,6
cam0,108,0,718.2828979492188,374.2808532714844,0.8897644281387329,True,717.0558471679688,377.75689697265625,0.8786587715148926,True,0
cam0,108,1,1166.1905517578125,324.1365966796875,0.08260580152273178,True,1167.8892822265625,326.50213623046875,0.12093760818243027,True,1
cam0,108,2,877.6492309570312,357.8240661621094,0.03834608197212219,True,879.9368286132812,360.70245361328125,0.04650517925620079,True,2
cam0,108,3,1918.4998779296875,7.968068599700928,0.017049720510840416,True,648.0712890625,245.0032501220703,0.02602836675941944,True,5
cam0,108,4,0.0,18.835208892822266,0.016740502789616585,True,624.4840087890625,518.9104614257812,0.02004324458539486,True,6
cam0,108,5,0.0,1078.5,0.015711544081568718,True,1919.0,7.997468948364258,0.017079336568713188,True,7
cam0,108,6,1918.4998779296875,1078.5,0.01554412953555584,True,0.0,19.010055541992188,0.01670338772237301,True,-1
cam0,108,7,607.6531372070312,518.1693725585938,0.011341100558638573,True,0.0,1079.0,0.015595202334225178,True,4
cam0,109,0,741.1011352539062,369.9372253417969,0.8066270351409912,True,745.8399047851562,367.523193359375,0.8501214385032654,True,0
cam0,109,1,1171.216552734375,322.55950927734375,0.07690669596195221,True,1167.8675537109375,322.6691589355469,0.1348588913679123,True,1
cam0,109,2,880.195556640625,360.2593994140625,0.0486212894320488,True,881.3353881835938,359.559814453125,0.0655260905623436,True,2
cam0,109,3,762.2091674804688,274.7568359375,0.03226890042424202,True,718.7493286132812,262.084228515625,0.023913269862532616,True,-1
cam0,109,4,1918.4998779296875,0.0,0.01647132821381092,True,653.9598999023438,245.68922424316406,0.021560683846473694,True,6
cam0,109,5,0.0,18.693994522094727,0.016222883015871048,True,638.1259765625,518.6463623046875,0.017029354348778725,True,7
cam0,109,6,0.0,1078.5,0.016012053936719894,True,1919.0,0.0,0.01649348810315132,True,-1
cam0,109,7,1918.4998779296875,1078.5,0.01566513441503048,True,0.0,18.628616333007812,0.016178073361516,True,-1
cam0,110,0,781.5159912109375,356.839111328125,0.8849412202835083,True,781.8385009765625,357.093017578125,0.8892835974693298,True,0
cam0,110,1,878.0765380859375,354.42431640625,0.056954432278871536,True,879.3328247070312,355.5189514160156,0.10809922218322754,True,1
cam0,110,2,1166.323486328125,329.3255920410156,0.05261655151844025,True,1172.0107421875,324.0513916015625,0.07395824790000916,True,2
cam0,110,3,714.1978759765625,480.4808654785156,0.022641869261860847,True,715.0331420898438,486.343505859375,0.02579762414097786,True,3
cam0,110,4,0.0,18.574846267700195,0.017101667821407318,True,0.0,1079.0,0.017059944570064545,True,5
cam0,110,5,1918.4998779296875,1078.5,0.016969814896583557,True,0.0,18.752174377441406,0.017029162496328354,True,6
cam0,110,6,0.0,1078.5,0.016955416649580002,True,1919.0,1079.0,0.01695284992456436,True,4
cam0,110,7,1918.4998779296875,0.0,0.01603989116847515,True,1919.0,0.0,0.01608799770474434,True,7
cam0,111,0,804.5546264648438,357.7094421386719,0.9177465438842773,True,804.868408203125,358.2862243652344,0.9150431752204895,True,0
cam0,111,1,725.8250122070312,406.174560546875,0.06867212057113647,True,1168.1656494140625,335.42095947265625,0.09002555161714554,True,2
cam0,111,2,1166.2845458984375,335.6524963378906,0.05562132969498634,True,722.9251708984375,405.5901794433594,0.05025991052389145,True,1
cam0,111,3,0.0,18.820011138916016,0.016854219138622284,True,712.9930419921875,493.9581298828125,0.021214913576841354,True,4
cam0,111,4,1918.4998779296875,7.722626686096191,0.016598742455244064,True,0.0,19.000490188598633,0.01685374416410923,True,5
cam0,111,5,0.0,1078.5,0.015936439856886864,True,1919.0,0.0,0.016822153702378273,True,6
cam0,111,6,1918.4998779296875,1078.5,0.01568104699254036,True,0.0,1079.0,0.01589338667690754,True,7
cam0,111,7,713.31005859375,495.8612976074219,0.015496770851314068,True,1919.0,1079.0,0.015597243793308735,True,3
cam0,112,0,826.5885009765625,356.6837463378906,0.903424859046936,True,826.4229736328125,357.1856384277344,0.9090810418128967,True,0
cam0,112,1,739.8816528320312,404.6629943847656,0.10301250219345093,True,1166.79638671875,337.87872314453125,0.09594105929136276,True,-1
cam0,112,2,1166.7158203125,338.4824523925781,0.05604371055960655,True,724.6830444335938,418.28509521484375,0.07516592741012573,True,1
cam0,112,3,1918.4998779296875,7.925788402557373,0.016884982585906982,True,1919.0,7.686975955963135,0.017076551914215088,True,3
cam0,112,4,0.0,18.817262649536133,0.016742710024118423,True,0.0,18.846479415893555,0.016701320186257362,True,4
cam0,112,5,0.0,1078.5,0.015882300212979317,True,0.0,1079.0,0.01564045622944832,True,5
cam0,112,6,1918.4998779296875,1078.5,0.01519867405295372,True,1919.0,1079.0,0.014949619770050049,True,6
cam0,112,7,1090.9222412109375,219.62326049804688,0.012323238886892796,True,0.0,76.66902923583984,0.01018010824918747,True,-1
cam0,113,0,847.4070434570312,357.0539855957031,0.8717181086540222,True,847.6996459960938,357.8953552246094,0.9005230069160461,True,0
cam0,113,1,753.3746948242188,407.745361328125,0.1474306434392929,True,751.7383422851562,409.1697692871094,0.126834899187088,True,1
cam0,113,2,1166.6767578125,335.5660705566406,0.050666444003582,True,1169.7095947265625,336.13726806640625,0.09596153348684311,True,2
cam0,113,3,0.0,1078.5,0.01638496294617653,True,1919.0,0.0,0.016636433079838753,True,5
cam0,113,4,1918.4998779296875,0.0,0.016351528465747833,True,0.0,18.641490936279297,0.016068898141384125,True,3
cam0,113,5,0.0,18.414472579956055,0.016020433977246284,True,0.0,1079.0,0.015924053266644478,True,4
cam0,113,6,1918.4998779296875,1078.5,0.015350012108683586,True,1919.0,1079.0,0.015033821575343609,True,6
cam0,113,7,608.013916015625,310.52239990234375,0.013926357962191105,True,764.7404174804688,150.1615447998047,0.010195278562605381,True,-1
cam0,114,0,867.5145263671875,346.9209899902344,0.8817563056945801,True,868.9710083007812,348.3074035644531,0.9088520407676697,True,0
cam0,114,1,739.8328247070312,410.1678771972656,0.07936246693134308,True,1167.2877197265625,338.4785461425781,0.10773228853940964,True,2
cam0,114,2,1165.3858642578125,338.6230163574219,0.057743627578020096,True,739.2489013671875,412.68621826171875,0.09350334107875824,True,1
cam0,114,3,0.0,1078.5,0.01827220432460308,True,0.0,1079.0,0.01774798333644867,True,3
cam0,114,4,0.0,18.815752029418945,0.017039982602000237,True,0.0,18.939464569091797,0.016902564093470573,True,4
cam0,114,5,1918.4998779296875,1078.5,0.01694888435304165,True,1919.0,1079.0,0.016596896573901176,True,5
cam0,114,6,1918.4998779296875,0.0,0.016073420643806458,True,1919.0,0.0,0.016243403777480125,True,6
cam0,114,7,1087.017822265625,215.35084533691406,0.011958979070186615,True,420.2088928222656,261.9094543457031,0.010712126269936562,True,-1
cam0,115,0,884.9332275390625,343.96466064453125,0.9193264842033386,True,885.18896484375,343.3691711425781,0.929222583770752,True,0
cam0,115,1,756.568115234375,432.1617126464844,0.06852738559246063,True,1165.423095703125,338.17578125,0.11239223927259445,True,2
cam0,115,2,1163.904541015625,341.97125244140625,0.06252024322748184,True,760.2321166992188,431.1661682128906,0.09107616543769836,True,1
cam0,115,3,0.0,18.987688064575195,0.0168574508279562,True,1919.0,0.0,0.01694861426949501,True,4
cam0,115,4,0.0,1078.5,0.016827242448925972,True,0.0,19.113426208496094,0.016746720299124718,True,5
cam0,115,5,1918.4998779296875,0.0,0.016810186207294464,True,0.0,1079.0,0.016432493925094604,True,3
cam0,115,6,1918.4998779296875,1078.5,0.015709826722741127,True,1919.0,1079.0,0.015316101722419262,True,6
cam0,115,7,1041.057861328125,306.69976806640625,0.01078016310930252,True,407.6254577636719,247.3692169189453,0.011865464970469475,True,-1
cam0,116,0,903.1852416992188,341.470703125,0.9321492910385132,True,906.4888916015625,342.5816955566406,0.9328479170799255,True,0
cam0,116,1,766.0632934570312,440.4471130371094,0.07799293100833893,True,771.8087768554688,439.9134216308594,0.11261487007141113,True,1
cam0,116,2,1164.10693359375,338.70953369140625,0.05959305912256241,True,1162.8489990234375,338.1047058105469,0.09830403327941895,True,2
cam0,116,3,1918.4998779296875,7.629058837890625,0.01691877469420433,True,1919.0,7.631097793579102,0.017110232263803482,True,3
cam0,116,4,0.0,18.80693244934082,0.01670929417014122,True,0.0,18.88512420654297,0.01663312502205372,True,4
cam0,116,5,0.0,1078.5,0.016394678503274918,True,0.0,1079.0,0.01610184647142887,True,5
cam0,116,6,1918.4998779296875,1078.5,0.01501831691712141,True,1919.0,1079.0,0.014761587604880333,True,6
cam0,116,7,970.9953002929688,216.52001953125,0.011156784370541573,True,402.88507080078125,243.59571838378906,0.014696693047881126,True,-1
cam0,117,0,921.0198364257812,342.31634521484375,0.9404579997062683,True,922.8916015625,342.6339111328125,0.928236186504364,True,0
cam0,117,1,770.5960693359375,450.90252685546875,0.07036872953176498,True,776.5308227539062,449.55194091796875,0.10254811495542526,True,1
cam0,117,2,1163.919677734375,339.06756591796875,0.054328206926584244,True,1162.6021728515625,339.2488098144531,0.09105842560529709,True,2
cam0,117,3,1918.4998779296875,0.0,0.016527395695447922,True,1919.0,0.0,0.016709325835108757,True,3
cam0,117,4,0.0,1078.5,0.016434451565146446,True,0.0,1079.0,0.016241833567619324,True,4
cam0,117,5,0.0,18.36627197265625,0.0159104373306036,True,0.0,18.377948760986328,0.015964634716510773,True,5
cam0,117,6,1918.4998779296875,1078.5,0.015057174488902092,True,394.77227783203125,233.95350646972656,0.015898989513516426,True,7
cam0,117,7,892.9998168945312,226.0469207763672,0.014498223550617695,True,1919.0,1079.0,0.014854701235890388,True,-1
cam0,118,0,935.6007690429688,340.4646301269531,0.9459357857704163,True,933.999267578125,340.2635803222656,0.9504714012145996,True,0
cam0,118,1,771.2528076171875,456.3145446777344,0.05128982663154602,True,771.287109375,455.0310974121094,0.07927531003952026,True,1
cam0,118,2,1162.6572265625,336.20965576171875,0.03519587218761444,True,1165.16162109375,332.5465393066406,0.06361982971429825,True,2
cam0,118,3,0.0,1078.5,0.01761186309158802,True,0.0,1079.0,0.01772855781018734,True,3
cam0,118,4,0.0,18.631563186645508,0.016819875687360764,True,0.0,18.71169662475586,0.01676313951611519,True,4
cam0,118,5,1918.4998779296875,0.0,0.016343148425221443,True,1919.0,0.0,0.016445422545075417,True,5
cam0,118,6,1918.4998779296875,1078.5,0.01632668264210224,True,1919.0,1079.0,0.016205310821533203,True,6
cam0,118,7,967.3018188476562,209.5873565673828,0.0106199961155653,True,394.77301025390625,234.09762573242188,0.011575539596378803,True,-1
cam0,119,0,951.1290893554688,340.0505676269531,0.9557979106903076,True,949.6199951171875,341.4389953613281,0.9478052258491516,True,0
cam0,119,1,763.1348876953125,465.5242614746094,0.046365417540073395,True,765.0902099609375,464.53692626953125,0.06636182218790054,True,1
cam0,119,2,1163.718505859375,333.98828125,0.034929998219013214,True,1164.964111328125,335.9258117675781,0.06137148290872574,True,2
cam0,119,3,1918.4998779296875,0.0,0.016975335776805878,True,1919.0,0.0,0.017072247341275215,True,3
cam0,119,4,0.0,1078.5,0.016877440735697746,True,0.0,1079.0,0.016770465299487114,True,4
cam0,119,5,0.0,18.973188400268555,0.016589496284723282,True,0.0,19.029821395874023,0.01662837713956833,True,5
cam0,119,6,1918.4998779296875,1078.5,0.0153611795976758,True,1919.0,1079.0,0.015133017674088478,True,6
cam0,119,7,899.8274536132812,246.34754943847656,0.012308343313634396,True,43.372314453125,0.0,0.011432960629463196,True,-1
cam0,120,0,961.9058837890625,339.5524597167969,0.943477213382721,True,963.0267333984375,340.61566162109375,0.9463170766830444,True,0
cam0,120,1,750.7977905273438,460.0470275878906,0.050599560141563416,True,748.669677734375,461.0191345214844,0.06978316605091095,True,1
cam0,120,2,1164.9107666015625,331.962646484375,0.03891928493976593,True,1167.734619140625,332.7073669433594,0.06069659814238548,True,2
cam0,120,3,902.3964233398438,248.6790008544922,0.01845141127705574,True,1919.0,0.0,0.01707991398870945,True,-1
cam0,120,4,1918.4998779296875,0.0,0.017026608809828758,True,0.0,1079.0,0.01664752885699272,True,3
cam0,120,5,0.0,1078.5,0.016914881765842438,True,0.0,18.92580795288086,0.016541438177227974,True,4
cam0,120,6,0.0,18.94998550415039,0.01649470254778862,True,1919.0,1079.0,0.014689893461763859,True,5
cam0,120,7,1918.4998779296875,1078.5,0.014853640459477901,True,43.67577362060547,0.0,0.011471613310277462,True,6
cam0,121,0,974.6085205078125,340.2649230957031,0.9273660182952881,True,973.6256103515625,341.3980712890625,0.9331530332565308,True,0
cam0,121,1,753.6466064453125,478.454833984375,0.05777367204427719,True,756.63818359375,478.1839294433594,0.07328972965478897,True,1
cam0,121,2,1164.0084228515625,334.9972229003906,0.05317876860499382,True,1164.81689453125,335.5614013671875,0.06987637281417847,True,2
cam0,121,3,900.0178833007812,242.36549377441406,0.025567471981048584,True,0.0,1079.0,0.01709219068288803,True,-1
cam0,121,4,0.0,1078.5,0.017555758357048035,True,1919.0,0.0,0.01666441559791565,True,3
cam0,121,5,1918.4998779296875,0.0,0.016601357609033585,True,871.3021240234375,383.13330078125,0.016576146706938744,True,4
cam0,121,6,878.2498779296875,381.5726013183594,0.016287168487906456,True,0.0,18.548053741455078,0.015832234174013138,True,5
cam0,121,7,0.0,18.516010284423828,0.015765534713864326,True,1919.0,1079.0,0.014771673828363419,True,6
cam0,122,0,984.6619262695312,341.9280700683594,0.9230806231498718,True,984.9745483398438,342.1495056152344,0.9368500709533691,True,0
cam0,122,1,750.9984130859375,480.0650329589844,0.037440720945596695,True,1165.3702392578125,333.2344055175781,0.04453032463788986,True,2
cam0,122,2,1163.66064453125,333.3848876953125,0.031162256374955177,True,745.2360229492188,474.4383239746094,0.04152894765138626,True,1
cam0,122,3,0.0,1078.5,0.020071981474757195,True,0.0,1079.0,0.01983245648443699,True,3
cam0,122,4,0.0,18.816919326782227,0.01667887717485428,True,0.0,18.736373901367188,0.016735386103391647,True,4
cam0,122,5,1918.4998779296875,1078.5,0.016496488824486732,True,1919.0,0.0,0.016418326646089554,True,6
cam0,122,6,1918.4998779296875,0.0,0.01637052185833454,True,1919.0,1079.0,0.016176078468561172,True,5
cam0,122,7,980.746337890625,223.7493896484375,0.013741842471063137,True,104.0653076171875,1079.0,0.010720607824623585,True,-1
cam0,123,0,998.3922729492188,340.32586669921875,0.9369342923164368,True,997.4833984375,341.1656188964844,0.9453920125961304,True,0
cam0,123,1,1162.150146484375,334.57110595703125,0.03147605434060097,True,1163.772216796875,334.40106201171875,0.040572844445705414,True,1
cam0,123,2,742.5191650390625,481.33734130859375,0.019007399678230286,True,742.5390014648438,484.9126281738281,0.024431906640529633,True,2
cam0,123,3,0.0,1078.5,0.0188351571559906,True,0.0,1079.0,0.018543321639299393,True,3
cam0,123,4,1918.4998779296875,0.0,0.017014913260936737,True,1919.0,0.0,0.017104513943195343,True,4
cam0,123,5,711.9275512695312,426.0091247558594,0.01665101945400238,True,0.0,18.927785873413086,0.016484171152114868,True,-1
cam0,123,6,0.0,19.006555557250977,0.016537915915250778,True,1919.0,1079.0,0.015250353142619133,True,5
cam0,123,7,1918.4998779296875,1078.5,0.015544472262263298,True,43.72366714477539,0.0,0.011388343758881092,True,6
cam0,124,0,1008.4837036132812,338.9900817871094,0.9360838532447815,True,1009.7430419921875,340.2003173828125,0.9426159262657166,True,0
cam0,124,1,1162.309814453125,330.59954833984375,0.027384089305996895,True,1163.0054931640625,324.85650634765625,0.03613068163394928,True,1
cam0,124,2,726.6712036132812,457.69512939453125,0.019161492586135864,True,726.4306030273438,457.36962890625,0.02120794914662838,True,2
cam0,124,3,0.0,1078.5,0.018621591851115227,True,700.93505859375,502.7121887207031,0.01858094520866871,True,4
cam0,124,4,1918.4998779296875,0.0,0.017136072739958763,True,0.0,1079.0,0.01819976605474949,True,5
cam0,124,5,0.0,18.839242935180664,0.016484107822179794,True,1919.0,0.0,0.0171819981187582,True,6
cam0,124,6,1918.4998779296875,1078.5,0.015111272223293781,True,0.0,18.89889144897461,0.016388360410928726,True,7
cam0,124,7,1011.2326049804688,217.58387756347656,0.011911025270819664,True,1919.0,1079.0,0.014862323179841042,True,-1
cam0,125,0,1019.36669921875,340.326416015625,0.922610878944397,True,1018.6033325195312,340.49163818359375,0.9358658194541931,True,0
cam0,125,1,1163.3079833984375,326.2870178222656,0.02852417714893818,True,1164.0008544921875,324.0291748046875,0.04009320214390755,True,1
cam0,125,2,723.6517944335938,449.2107238769531,0.02048594318330288,True,724.1318359375,453.68341064453125,0.025408249348402023,True,2
cam0,125,3,920.364990234375,292.39337158203125,0.01892930641770363,True,0.0,1079.0,0.0186152420938015,True,-1
cam0,125,4,0.0,1078.5,0.018897604197263718,True,1919.0,0.0,0.01674342341721058,True,3
cam0,125,5,1918.4998779296875,0.0,0.016758093610405922,True,682.4757690429688,525.4739990234375,0.016412382945418358,True,4
cam0,125,6,1010.0770263671875,213.99830627441406,0.016216620802879333,True,588.3539428710938,227.54806518554688,0.016307318583130836,True,-1
cam0,125,7,0.0,18.390422821044922,0.015724897384643555,True,0.0,18.717782974243164,0.015757279470562935,True,7
cam0,126,0,1027.5654296875,340.89447021484375,0.9283063411712646,True,1026.2432861328125,341.90087890625,0.9199082255363464,True,0
cam0,126,1,1167.103515625,325.34393310546875,0.02745951898396015,True,1166.0030517578125,325.3581237792969,0.036983244121074677,True,1
cam0,126,2,725.9661865234375,462.7862243652344,0.02430376224219799,True,723.3497924804688,447.2977294921875,0.03318482264876366,True,2
cam0,126,3,1008.9118041992188,203.49481201171875,0.02208937518298626,True,0.0,1079.0,0.021147171035408974,True,-1
cam0,126,4,0.0,1078.5,0.021132618188858032,True,683.7769775390625,528.0321044921875,0.020610421895980835,True,3
cam0,126,5,0.0,18.68499183654785,0.016705604270100594,True,882.6724853515625,360.0490417480469,0.018259719014167786,True,7
cam0,126,6,1918.4998779296875,0.0,0.0164619293063879,True,586.760009765625,223.9996795654297,0.01709049940109253,True,-1
cam0,126,7,1918.4998779296875,1078.5,0.016018584370613098,True,0.0,18.917804718017578,0.016710249707102776,True,-1
cam0,127,0,1037.769287109375,340.0552978515625,0.9299601912498474,True,1037.7674560546875,340.6717529296875,0.9319030046463013,True,0
cam0,127,1,1173.124755859375,329.6887512207031,0.02905493788421154,True,1167.8863525390625,325.6339111328125,0.04054497927427292,True,1
cam0,127,2,723.251220703125,463.7416687011719,0.01995217241346836,True,714.2750854492188,445.33642578125,0.03305867314338684,True,-1
cam0,127,3,0.0,1078.5,0.019823601469397545,True,682.3375854492188,527.1597290039062,0.02213604561984539,True,5
cam0,127,4,877.2233276367188,356.9168701171875,0.017676418647170067,True,879.2891845703125,357.4438171386719,0.0209820456802845,True,4
cam0,127,5,1918.4998779296875,0.0,0.016863584518432617,True,0.0,1079.0,0.01958492584526539,True,6
cam0,127,6,1013.3060913085938,201.64968872070312,0.01669256016612053,True,1919.0,0.0,0.01705770380795002,True,-1
cam0,127,7,0.0,18.851938247680664,0.016560669988393784,True,0.0,19.061588287353516,0.016522806137800217,True,7
cam0,128,0,1048.078857421875,341.1493225097656,0.9216481447219849,True,1047.6591796875,342.1498718261719,0.9298432469367981,True,0
cam0,128,1,722.8902587890625,449.52825927734375,0.027634017169475555,True,720.8202514648438,446.9603271484375,0.0361446775496006,True,1
cam0,128,2,878.0294189453125,357.0248718261719,0.026175590232014656,True,1174.8397216796875,337.28302001953125,0.0319778248667717,True,3
cam0,128,3,1171.4747314453125,328.3777160644531,0.02193136140704155,True,878.2900390625,360.66815185546875,0.029080649837851524,True,2
cam0,128,4,892.4122924804688,241.6889190673828,0.020146002992987633,True,683.1168212890625,520.7843627929688,0.025068698450922966,True,-1
cam0,128,5,0.0,1078.5,0.01941058784723282,True,0.0,1079.0,0.01901186816394329,True,5
cam0,128,6,1918.4998779296875,0.0,0.016967056319117546,True,1919.0,0.0,0.01706910878419876,True,6
cam0,128,7,0.0,18.768640518188477,0.016536099836230278,True,0.0,18.897859573364258,0.01647699810564518,True,7
cam0,129,0,1049.8343505859375,340.3317565917969,0.9058437943458557,True,1054.48046875,342.1352844238281,0.9158428907394409,True,0
cam0,129,1,876.460205078125,357.71319580078125,0.04367756471037865,True,725.6660766601562,443.5636901855469,0.046949852257966995,True,2
cam0,129,2,724.5169677734375,441.44512939453125,0.034346241503953934,True,875.7488403320312,361.78271484375,0.04433155804872513,True,1
cam0,129,3,892.474853515625,232.278076171875,0.03321641683578491,True,1176.8470458984375,340.706787109375,0.03567932918667793,True,-1
cam0,129,4,1173.8887939453125,331.24566650390625,0.023369133472442627,True,0.0,1079.0,0.019223341718316078,True,3
cam0,129,5,947.22802734375,318.603759765625,0.02072923071682453,True,1919.0,0.0,0.01667105033993721,True,-1
cam0,129,6,0.0,1078.5,0.01965295895934105,True,0.0,18.497817993164062,0.01580112613737583,True,4
cam0,129,7,1918.4998779296875,0.0,0.016641035676002502,True,1919.0,1079.0,0.014781782403588295,True,5
cam0,130,0,1059.9278564453125,340.812255859375,0.884423553943634,True,1062.6795654296875,342.1008605957031,0.8424666523933411,True,0
cam0,130,1,727.5079345703125,442.9906005859375,0.054519571363925934,True,717.31103515625,486.8496398925781,0.09420853853225708,True,-1
cam0,130,2,874.3746948242188,357.4988098144531,0.03584045171737671,True,880.4470825195312,358.5802001953125,0.09171033650636673,True,2
cam0,130,3,891.1322631835938,234.892822265625,0.03324965387582779,True,1173.6427001953125,344.2287292480469,0.0644197165966034,True,-1
cam0,130,4,1177.1400146484375,325.7774658203125,0.030178183689713478,True,586.2945556640625,226.38148498535156,0.023663649335503578,True,3
cam0,130,5,0.0,1078.5,0.02237728051841259,True,0.0,1079.0,0.0219291839748621,True,5
cam0,130,6,1918.4998779296875,1078.5,0.01667322963476181,True,515.2297973632812,270.1787414550781,0.018484173342585564,True,-1
cam0,130,7,0.0,18.720630645751953,0.016665533185005188,True,0.0,18.72010040283203,0.016710814088582993,True,7
cam0,131,0,1065.0113525390625,340.3212890625,0.8780926465988159,True,1067.4249267578125,340.3797302246094,0.8512461185455322,True,0
cam0,131,1,726.074951171875,444.0552978515625,0.04479043930768967,True,883.1234130859375,361.4252014160156,0.09658053517341614,True,-1
cam0,131,2,1168.3519287109375,333.5218811035156,0.03038681298494339,True,717.8291625976562,496.0403747558594,0.07524552941322327,True,3
cam0,131,3,875.3818359375,362.07177734375,0.028369497507810593,True,1170.530029296875,335.8307189941406,0.06338761746883392,True,1
cam0,131,4,892.083251953125,239.2308349609375,0.02753320150077343,True,515.177978515625,270.88446044921875,0.025649866089224815,True,-1
cam0,131,5,514.4242553710938,228.99923706054688,0.022154586389660835,True,586.276611328125,227.49366760253906,0.024180157110095024,True,-1
cam0,131,6,0.0,1078.5,0.020867126062512398,True,0.0,1079.0,0.02020365744829178,True,6
cam0,131,7,1070.4503173828125,225.706298828125,0.018015939742326736,True,413.8070983886719,254.09097290039062,0.019184457138180733,True,-1
cam0,132,0,1077.95751953125,341.52008056640625,0.8834140300750732,True,1079.7342529296875,341.5420837402344,0.8489763736724854,True,0
cam0,132,1,738.2456665039062,460.2799987792969,0.05363905802369118,True,881.931640625,363.3886413574219,0.11643604934215546,True,-1
cam0,132,2,878.515625,368.7309265136719,0.030008601024746895,True,724.7095947265625,497.63104248046875,0.09038693457841873,True,1
cam0,132,3,893.7777709960938,252.1558837890625,0.026438184082508087,True,1173.5321044921875,338.6544494628906,0.054262492805719376,True,-1
cam0,132,4,1178.3616943359375,340.51068115234375,0.025242965668439865,True,587.8047485351562,228.5229034423828,0.023143351078033447,True,3
cam0,132,5,921.5098266601562,300.1861267089844,0.025038976222276688,True,406.8031921386719,257.3799133300781,0.0197977963835001,True,-1
cam0,132,6,0.0,1078.5,0.020225008949637413,True,0.0,1079.0,0.0194244422018528,True,6
cam0,132,7,1074.3067626953125,225.6504669189453,0.019380999729037285,True,517.2163696289062,269.4709167480469,0.019180461764335632,True,-1
cam0,133,0,1080.3741455078125,341.3099670410156,0.8707531690597534,True,1080.2362060546875,341.1706848144531,0.8482195734977722,True,0
cam0,133,1,737.8545532226562,480.6059875488281,0.06769862771034241,True,881.5177001953125,359.49139404296875,0.1119697168469429,True,2
cam0,133,2,935.273193359375,299.5638732910156,0.034748274832963943,True,739.1790771484375,479.7715148925781,0.09920375049114227,True,-1
cam0,133,3,879.4791870117188,376.7125549316406,0.03423786163330078,True,1177.8309326171875,344.7421569824219,0.05735930800437927,True,1
cam0,133,4,1180.96044921875,341.1483459472656,0.027518412098288536,True,1085.88818359375,230.36903381347656,0.021744580939412117,True,3
cam0,133,5,1087.759033203125,218.54539489746094,0.026573773473501205,True,406.0388488769531,261.1514892578125,0.020302854478359222,True,4
cam0,133,6,0.0,1078.5,0.020422907546162605,True,0.0,1079.0,0.019455701112747192,True,6
cam0,133,7,1918.4998779296875,0.0,0.016664180904626846,True,796.72705078125,217.78224182128906,0.01667947880923748,True,-1
cam0,134,0,1086.18408203125,341.2822570800781,0.8990147709846497,True,1085.9959716796875,341.63916015625,0.9052857756614685,True,0
cam0,134,1,742.9127807617188,450.5126647949219,0.03969619423151016,True,745.1138916015625,462.35345458984375,0.06700331717729568,True,1
cam0,134,2,1180.0714111328125,344.361328125,0.028605297207832336,True,877.8306274414062,362.9088134765625,0.062192875891923904,True,3
cam0,134,3,1088.6829833984375,208.90216064453125,0.02509780414402485,True,1190.9798583984375,347.3296203613281,0.03309914842247963,True,-1
cam0,134,4,0.0,1078.5,0.023010792210698128,True,0.0,1079.0,0.02222321182489395,True,4
cam0,134,5,875.81591796875,363.3555908203125,0.0203438438475132,True,572.8118896484375,247.69366455078125,0.018293151631951332,True,2
cam0,134,6,962.0311279296875,293.5416259765625,0.018865307793021202,True,1919.0,1079.0,0.01670781336724758,True,-1
cam0,134,7,938.6294555664062,231.01951599121094,0.018577340990304947,True,0.0,18.785947799682617,0.01663370430469513,True,-1
cam0,135,0,1092.9996337890625,346.36859130859375,0.8689918518066406,True,1091.505859375,342.4708251953125,0.8725526928901672,True,0
cam0,135,1,742.8123779296875,450.8446960449219,0.042821649461984634,True,743.2510986328125,454.18475341796875,0.06775207817554474,True,1
cam0,135,2,1087.2803955078125,213.7894744873047,0.02274831011891365,True,875.3333129882812,360.948486328125,0.04799966886639595,True,-1
cam0,135,3,0.0,1078.5,0.021295171231031418,True,571.6995239257812,245.16796875,0.02535724826157093,True,4
cam0,135,4,1001.9827270507812,211.88101196289062,0.018616583198308945,True,0.0,1079.0,0.020376447588205338,True,-1
cam0,135,5,572.7372436523438,239.38113403320312,0.018043456599116325,True,1919.0,0.0,0.017002595588564873,True,3
cam0,135,6,874.76220703125,357.96282958984375,0.017139172181487083,True,0.0,18.994047164916992,0.016500961035490036,True,2
cam0,135,7,1918.4998779296875,0.0,0.016932573169469833,True,1919.0,1079.0,0.015665091574192047,True,5
cam0,136,0,1099.213134765625,349.1309509277344,0.8733584880828857,True,1098.6575927734375,348.52630615234375,0.8911924362182617,True,0
cam0,136,1,741.8042602539062,444.29473876953125,0.04661080986261368,True,743.4273071289062,470.4312438964844,0.07091665267944336,True,-1
cam0,136,2,0.0,1078.5,0.020480910316109657,True,875.7325439453125,365.4649963378906,0.033035941421985626,True,4
cam0,136,3,1006.6652221679688,209.18765258789062,0.01987626403570175,True,572.3076171875,247.7203826904297,0.02867911197245121,True,-1
cam0,136,4,1087.3485107421875,215.78504943847656,0.019811900332570076,True,0.0,1079.0,0.019578687846660614,True,-1
cam0,136,5,969.75048828125,293.6793518066406,0.018043916672468185,True,1919.0,0.0,0.017170149832963943,True,-1
cam0,136,6,1573.193359375,271.2485656738281,0.0173554215580225,True,0.0,18.8262882232666,0.016412019729614258,True,-1
cam0,136,7,1918.4998779296875,0.0,0.01715571992099285,True,1919.0,1079.0,0.015111824497580528,True,5
cam0,137,0,1103.9688720703125,350.74346923828125,0.9043281674385071,True,1104.543212890625,350.8987121582031,0.9080028533935547,True,0
cam0,137,1,749.7550659179688,440.45068359375,0.03987174853682518,True,735.4631958007812,486.3856201171875,0.07271828502416611,True,-1
cam0,137,2,982.1517333984375,298.1894226074219,0.025367209687829018,True,575.2811889648438,251.3870391845703,0.031242335215210915,True,-1
cam0,137,3,1075.0081787109375,225.74853515625,0.02199523150920868,True,874.2343139648438,366.12890625,0.028897669166326523,True,-1
cam0,137,4,995.5012817382812,199.85440063476562,0.021707305684685707,True,1008.8076171875,392.7064514160156,0.02114652469754219,True,-1
cam0,137,5,874.8126220703125,355.9541320800781,0.021099260076880455,True,0.0,1079.0,0.01946377567946911,True,3
cam0,137,6,0.0,1078.5,0.0203291866928339,True,1919.0,0.0,0.016797196120023727,True,5
cam0,137,7,1013.2885131835938,392.01568603515625,0.01928441785275936,True,0.0,18.224634170532227,0.015630416572093964,True,4
cam0,138,0,1108.529541015625,356.7251892089844,0.8156765103340149,True,1108.85107421875,357.1649169921875,0.8692023754119873,True,0
cam0,138,1,742.594970703125,484.953125,0.06733004003763199,True,742.9375,483.7476806640625,0.07586456090211868,True,1
cam0,138,2,979.5995483398438,301.71405029296875,0.05982228368520737,True,573.5960693359375,246.56568908691406,0.045820992439985275,True,-1
cam0,138,3,1083.58056640625,242.45359802246094,0.04861937090754509,True,0.0,1079.0,0.022336965426802635,True,-1
cam0,138,4,865.0214233398438,347.27764892578125,0.031951822340488434,True,1011.92724609375,392.8325500488281,0.02059149369597435,True,-1
cam0,138,5,1014.9682006835938,391.76739501953125,0.02703632041811943,True,761.5810546875,341.9764404296875,0.020361609756946564,True,4
cam0,138,6,734.81298828125,287.28070068359375,0.024236265569925308,True,792.4865112304688,194.11151123046875,0.020218316465616226,True,-1
cam0,138,7,629.7876586914062,223.76878356933594,0.02404898591339588,True,982.5914306640625,230.48289489746094,0.02012067288160324,True,-1
cam0,139,0,1111.275390625,347.9493103027344,0.782930314540863,True,1115.344482421875,351.78619384765625,0.8353661298751831,True,0
cam0,139,1,984.2432861328125,301.38323974609375,0.07015544921159744,True,742.2747192382812,486.91064453125,0.06695332378149033,True,7
cam0,139,2,1090.115478515625,241.31756591796875,0.05198010802268982,True,577.2328491210938,247.2608642578125,0.03876039385795593,True,-1
cam0,139,3,745.084228515625,484.17681884765625,0.05019465088844299,True,1022.1121215820312,394.98162841796875,0.02764689363539219,True,1
cam0,139,4,866.4461059570312,347.7915344238281,0.03087962605059147,True,417.94512939453125,259.0715026855469,0.026047011837363243,True,-1
cam0,139,5,731.6322631835938,288.1629638671875,0.025405853986740112,True,980.42431640625,243.1896209716797,0.023673832416534424,True,-1
cam0,139,6,1583.6419677734375,467.0617980957031,0.025369400158524513,True,1611.2647705078125,367.6361083984375,0.021784570068120956,True,-1
cam0,139,7,0.0,1078.5,0.021611904725432396,True,977.5797119140625,303.5556335449219,0.021076614037156105,True,-1
cam0,140,0,1111.31396484375,349.6872863769531,0.7490884065628052,True,1114.16943359375,354.3497009277344,0.7983129620552063,True,0
cam0,140,1,982.823486328125,298.9904479980469,0.06960563361644745,True,754.1307983398438,491.3095397949219,0.07102709263563156,True,6
cam0,140,2,743.421630859375,488.1639404296875,0.05954420194029808,True,417.4861755371094,260.4915466308594,0.029186099767684937,True,1
cam0,140,3,1119.8333740234375,193.8326416015625,0.05210007354617119,True,584.5089721679688,248.45748901367188,0.02861613593995571,True,-1
cam0,140,4,888.345947265625,318.5792541503906,0.036803387105464935,True,979.0684814453125,241.91958618164062,0.02647726982831955,True,-1
cam0,140,5,739.7492065429688,290.4559631347656,0.032277509570121765,True,755.209716796875,324.4962158203125,0.025961631909012794,True,-1
cam0,140,6,1584.0911865234375,467.7108154296875,0.02172999456524849,True,970.8951416015625,302.4289245605469,0.02442084066569805,True,-1
cam0,140,7,412.15472412109375,266.1275939941406,0.02116936817765236,True,1609.4676513671875,369.9539794921875,0.0228518545627594,True,2
cam0,141,0,1113.4339599609375,346.13739013671875,0.7411631345748901,True,1112.555419921875,347.61407470703125,0.7831761837005615,True,0
cam0,141,1,983.9481201171875,291.276123046875,0.08114201575517654,True,754.6156616210938,473.2762756347656,0.06596270203590393,True,-1
cam0,141,2,729.6779174804688,490.0462646484375,0.06348461657762527,True,754.575439453125,317.3782043457031,0.0367928110063076,True,-1
cam0,141,3,1127.3665771484375,183.9315948486328,0.04752742499113083,True,412.8759460449219,266.98468017578125,0.032755158841609955,True,-1
cam0,141,4,901.0576782226562,319.6368713378906,0.040203530341386795,True,967.8079833984375,303.6075744628906,0.031266748905181885,True,-1
cam0,141,5,745.3240966796875,300.7728576660156,0.0368628054857254,True,866.8731689453125,394.099853515625,0.03116762824356556,True,2
cam0,141,6,416.619384765625,269.2015686035156,0.022347114980220795,True,978.88623046875,238.02947998046875,0.030894143506884575,True,3
cam0,141,7,0.0,1078.5,0.021458636969327927,True,1605.0938720703125,370.4295959472656,0.022870788350701332,True,-1
cam0,142,0,1094.8424072265625,307.88250732421875,0.6476389169692993,True,1170.2176513671875,338.75390625,0.4334641396999359,True,1
cam0,142,1,1174.9595947265625,333.52960205078125,0.28573212027549744,True,1101.5718994140625,310.5813903808594,0.34858185052871704,True,0
cam0,142,2,986.4775390625,286.90863037109375,0.13998110592365265,True,772.9461059570312,489.3443908691406,0.15111044049263,True,6
cam0,142,3,771.3612670898438,489.3460998535156,0.10243149101734161,True,759.5078125,318.7945861816406,0.14653629064559937,True,2
cam0,142,4,745.510498046875,435.1872253417969,0.09979896247386932,True,724.4732666015625,505.8429870605469,0.12721900641918182,True,5
cam0,142,5,758.2531127929688,312.20111083984375,0.08896128833293915,True,746.3737182617188,436.62420654296875,0.11801762878894806,True,3
cam0,142,6,723.2586669921875,503.208740234375,0.08442699164152145,True,981.708740234375,304.36663818359375,0.07027821987867355,True,4
cam0,142,7,884.6212158203125,306.36126708984375,0.07520952820777893,True,411.65374755859375,259.4459228515625,0.06662885844707489,True,-1
cam0,143,0,1095.5013427734375,309.2737121582031,0.6608471870422363,True,1165.367919921875,334.14874267578125,0.4464769959449768,True,1
cam0,143,1,1173.090087890625,333.7899475097656,0.3020337224006653,True,1101.59765625,310.3045349121094,0.37588784098625183,True,0
cam0,143,2,987.1669921875,285.064208984375,0.14417873322963715,True,1048.044189453125,380.6664123535156,0.17789973318576813,True,-1
cam0,143,3,751.5914306640625,435.332763671875,0.098302461206913,True,759.3555908203125,316.9630432128906,0.14381256699562073,True,6
cam0,143,4,772.221435546875,495.29449462890625,0.08640003949403763,True,775.0286254882812,491.23162841796875,0.116719551384449,True,4
cam0,143,5,755.2203979492188,307.7638854980469,0.08440616726875305,True,725.4536743164062,509.28985595703125,0.11325356364250183,True,3
cam0,143,6,526.1083984375,230.66168212890625,0.08090012520551682,True,750.8856811523438,435.17315673828125,0.11249446868896484,True,-1
cam0,143,7,873.6444702148438,316.0777282714844,0.0652860775589943,True,413.28155517578125,256.1018371582031,0.07368512451648712,True,-1
cam0,144,0,1097.53564453125,310.4228210449219,0.6314336657524109,True,1157.5992431640625,333.13055419921875,0.42929720878601074,True,1
cam0,144,1,1173.020263671875,330.8474426269531,0.3076566457748413,True,1107.88427734375,311.64801025390625,0.37119147181510925,True,0
cam0,144,2,988.1058349609375,285.8594055175781,0.14622101187705994,True,782.2786865234375,489.6349182128906,0.15529438853263855,True,-1
cam0,144,3,751.3274536132812,420.0202941894531,0.11290217190980911,True,759.9315185546875,313.41339111328125,0.13799291849136353,True,6
cam0,144,4,782.6234741210938,494.0945129394531,0.10161752253770828,True,724.93408203125,507.9275207519531,0.13113316893577576,True,2
cam0,144,5,724.2672729492188,496.9209899902344,0.0842307060956955,True,979.16796875,384.5341796875,0.12156695127487183,True,4
cam0,144,6,863.95068359375,319.8465270996094,0.07651082426309586,True,751.7915649414062,426.55572509765625,0.11160798370838165,True,-1
cam0,144,7,754.3712158203125,308.11566162109375,0.07514771074056625,True,875.503662109375,391.3435974121094,0.059389255940914154,True,3
cam0,145,0,1098.98486328125,311.64556884765625,0.660374641418457,True,1172.6343994140625,326.43109130859375,0.4102309048175812,True,1
cam0,145,1,1174.0155029296875,331.1414489746094,0.29284003376960754,True,1103.6314697265625,312.93365478515625,0.4034760296344757,True,0
cam0,145,2,996.4385375976562,286.0476989746094,0.1589345782995224,True,782.1286010742188,485.00994873046875,0.17336739599704742,True,-1
cam0,145,3,752.4472045898438,423.3086242675781,0.13874651491641998,True,752.6005859375,426.7577819824219,0.14046651124954224,True,3
cam0,145,4,783.006103515625,486.8250427246094,0.1223502904176712,True,732.5350341796875,492.929931640625,0.12341667711734772,True,2
cam0,145,5,731.1307373046875,488.05609130859375,0.09633656591176987,True,760.19580078125,312.0739440917969,0.11549443006515503,True,4
cam0,145,6,868.02294921875,316.7834777832031,0.07492958009243011,True,973.361328125,385.2421875,0.11499714851379395,True,-1
cam0,145,7,753.1213989257812,305.0513610839844,0.07469097524881363,True,870.28369140625,391.0011291503906,0.058133505284786224,True,5
cam0,146,0,1076.775634765625,268.24884033203125,0.38373810052871704,True,1171.466796875,333.0113830566406,0.3924110233783722,True,-1
cam0,146,1,785.665283203125,484.33404541015625,0.14473547041416168,True,785.4932250976562,484.0675964355469,0.22921793162822723,True,1
cam0,146,2,756.1476440429688,421.7669372558594,0.1184416189789772,True,867.5263061523438,363.1995544433594,0.13584883511066437,True,-1
cam0,146,3,890.5106201171875,318.092041015625,0.11129467189311981,True,973.5650024414062,383.2261962890625,0.09173895418643951,True,-1
cam0,146,4,751.945068359375,311.63262939453125,0.07611510157585144,True,502.3659973144531,220.82806396484375,0.06382054835557938,True,6
cam0,146,5,588.5114135742188,230.98207092285156,0.07043381035327911,True,565.6626586914062,243.56565856933594,0.06345121562480927,True,-1
cam0,146,6,518.442138671875,244.4879608154297,0.0527421236038208,True,753.1136474609375,308.92877197265625,0.06205260753631592,True,-1
cam0,146,7,1483.008544921875,441.7518310546875,0.04367095232009888,True,800.1617431640625,208.6177215576172,0.04119088500738144,True,-1
cam0,147,0,1072.90625,267.44476318359375,0.38160789012908936,True,1161.256103515625,329.81610107421875,0.400796115398407,True,-1
cam0,147,1,1136.642333984375,322.97149658203125,0.3406616449356079,True,783.79638671875,481.92169189453125,0.19707319140434265,True,-1
cam0,147,2,1043.525634765625,382.7046203613281,0.16830137372016907,True,1051.8836669921875,379.3235778808594,0.18143458664417267,True,2
cam0,147,3,890.2294311523438,315.8478088378906,0.12559175491333008,True,868.8009033203125,365.2286071777344,0.16059935092926025,True,-1
cam0,147,4,783.9024658203125,481.3729248046875,0.12474731355905533,True,566.230224609375,242.33729553222656,0.08460266143083572,True,1
cam0,147,5,1202.5594482421875,248.79849243164062,0.10307785123586655,True,990.6787719726562,274.1329040527344,0.07657773047685623,True,-1
cam0,147,6,750.958251953125,314.39666748046875,0.08912530541419983,True,499.8309631347656,217.21189880371094,0.0736924260854721,True,7
cam0,147,7,585.5474243164062,230.5809783935547,0.08687982708215714,True,756.645263671875,312.8355407714844,0.06845387071371078,True,-1
cam0,148,0,1070.50390625,270.1052551269531,0.40918099880218506,True,1160.1380615234375,330.7021789550781,0.3824044466018677,True,-1
cam0,148,1,1158.501953125,331.6595153808594,0.3267427980899811,True,872.0856323242188,364.96551513671875,0.1936095803976059,True,0
cam0,148,2,1048.2962646484375,384.2022705078125,0.18861085176467896,True,1052.557373046875,378.1836242675781,0.18838712573051453,True,2
cam0,148,3,888.3577880859375,320.2652282714844,0.12121842801570892,True,782.4408569335938,475.26556396484375,0.1799587905406952,True,-1
cam0,148,4,779.7785034179688,472.50091552734375,0.11896739155054092,True,569.9950561523438,241.43426513671875,0.07697886228561401,True,3
cam0,148,5,754.0850219726562,315.4482727050781,0.09783193469047546,True,760.680419921875,313.1107482910156,0.07261395454406738,True,5
cam0,148,6,582.9175415039062,232.10379028320312,0.0800214633345604,True,986.8923950195312,265.0064392089844,0.06825421750545502,True,4
cam0,148,7,1490.0380859375,436.549072265625,0.05685298517346382,True,498.78509521484375,218.5877227783203,0.06385087221860886,True,-1
cam0,149,0,1069.2333984375,268.2557373046875,0.43328624963760376,True,1173.6309814453125,326.6150817871094,0.3814071714878082,True,-1
cam0,149,1,1161.5924072265625,331.9436950683594,0.364547461271286,True,1121.1153564453125,313.52850341796875,0.37872305512428284,True,0
cam0,149,2,1047.2440185546875,383.5013427734375,0.15772239863872528,True,868.3999633789062,363.76849365234375,0.18328449130058289,True,-1
cam0,149,3,771.2321166992188,446.88128662109375,0.12265748530626297,True,770.288330078125,426.3843994140625,0.16412775218486786,True,-1
cam0,149,4,869.6246948242188,351.861572265625,0.11706983298063278,True,566.3930053710938,239.63365173339844,0.09457806497812271,True,2
cam0,149,5,577.7525634765625,239.4119415283203,0.08398564159870148,True,760.6547241210938,316.2149658203125,0.06796737015247345,True,4
cam0,149,6,754.51416015625,314.4908752441406,0.07709591835737228,True,501.96685791015625,221.62109375,0.05380946397781372,True,5
cam0,149,7,1491.2064208984375,437.19415283203125,0.05447655916213989,True,799.8634643554688,557.8942260742188,0.05328725278377533,True,-1
cam0,150,0,1019.071533203125,293.68511962890625,0.30329522490501404,True,1172.4241943359375,328.7626953125,0.41571560502052307,True,-1
cam0,150,1,1073.11328125,267.06689453125,0.2901725471019745,True,1115.2684326171875,309.3243713378906,0.3718854486942291,True,-1
cam0,150,2,1165.9573974609375,326.1652526855469,0.28985652327537537,True,875.8773803710938,363.6941833496094,0.19062691926956177,True,0
cam0,150,3,1046.9432373046875,380.8903503417969,0.16854418814182281,True,564.4320068359375,243.82083129882812,0.152341827750206,True,-1
cam0,150,4,869.7047119140625,361.3992614746094,0.15201351046562195,True,772.2655639648438,458.6933898925781,0.14631125330924988,True,2
cam0,150,5,757.0702514648438,476.45062255859375,0.12557274103164673,True,1182.6495361328125,193.7904052734375,0.12117356061935425,True,-1
cam0,150,6,1181.7889404296875,187.31727600097656,0.09402640908956528,True,483.2313232421875,447.8874206542969,0.09809701889753342,True,5
cam0,150,7,576.1297607421875,238.8730926513672,0.07848887145519257,True,413.04534912109375,261.901611328125,0.06647283583879471,True,3
cam0,151,0,1075.0947265625,266.2328796386719,0.3245992362499237,True,1165.05224609375,329.83837890625,0.4310276210308075,True,-1
cam0,151,1,1119.985107421875,313.919189453125,0.30019813776016235,True,868.6891479492188,365.5382385253906,0.18412630259990692,True,-1
cam0,151,2,1015.9906616210938,294.4000244140625,0.2817513346672058,True,753.8455200195312,474.7528076171875,0.15257778763771057,True,-1
cam0,151,3,1045.85205078125,383.8351745605469,0.2072976529598236,True,567.4910278320312,241.20889282226562,0.14366009831428528,True,5
cam0,151,4,873.9793090820312,361.23809814453125,0.15414109826087952,True,1181.1710205078125,189.04022216796875,0.13429200649261475,True,1
cam0,151,5,753.349609375,472.9801025390625,0.1263294667005539,True,1047.2969970703125,376.0666198730469,0.1341627985239029,True,2
cam0,151,6,1180.191650390625,186.3111114501953,0.09875067323446274,True,487.7447509765625,449.840576171875,0.13213427364826202,True,4
cam0,151,7,580.820556640625,233.07066345214844,0.06971736997365952,True,418.1280822753906,255.52880859375,0.07142715156078339,True,3
cam0,152,0,1016.1783447265625,294.4562683105469,0.3082852065563202,True,1173.3250732421875,329.47442626953125,0.42690709233283997,True,-1
cam0,152,1,1071.7115478515625,274.1058044433594,0.2998826503753662,True,874.1006469726562,365.56341552734375,0.1718531996011734,True,-1
cam0,152,2,1171.0130615234375,332.3895263671875,0.2707045376300812,True,756.9500732421875,475.3387451171875,0.1590135097503662,True,0
cam0,152,3,1047.6475830078125,385.1500549316406,0.21088317036628723,True,486.59576416015625,442.2803955078125,0.15099726617336273,True,4
cam0,152,4,879.2590942382812,361.05731201171875,0.1450960636138916,True,1045.8912353515625,379.9800109863281,0.13392092287540436,True,1
cam0,152,5,869.7129516601562,307.20941162109375,0.13432928919792175,True,1181.7008056640625,189.79722595214844,0.1299375295639038,True,-1
cam0,152,6,757.2022705078125,468.14544677734375,0.13277658820152283,True,565.3572387695312,246.0793914794922,0.12568090856075287,True,2
cam0,152,7,1182.5445556640625,185.69375610351562,0.08898327499628067,True,1149.4627685546875,455.1491394042969,0.07935895025730133,True,5
cam0,153,0,1011.2169189453125,299.2231750488281,0.3094848096370697,True,1168.3775634765625,324.9769592285156,0.4493604004383087,True,-1
cam0,153,1,1098.072021484375,309.6175842285156,0.29415857791900635,True,756.8851928710938,474.4944763183594,0.18578146398067474,True,-1
cam0,153,2,1051.9974365234375,377.71746826171875,0.19346831738948822,True,484.1024475097656,443.8298645019531,0.1581203043460846,True,-1
cam0,153,3,874.7928466796875,299.01385498046875,0.1618102788925171,True,871.1092529296875,364.8965759277344,0.1449754685163498,True,-1
cam0,153,4,878.630615234375,362.2315368652344,0.1496235728263855,True,1179.742919921875,225.2080535888672,0.13003911077976227,True,3
cam0,153,5,759.2534790039062,474.43731689453125,0.1411937028169632,True,562.2166137695312,248.68849182128906,0.12670758366584778,True,1
cam0,153,6,1144.1375732421875,450.7964172363281,0.11264102905988693,True,1150.7999267578125,454.808349609375,0.07976359874010086,True,6
cam0,153,7,798.7449951171875,336.8775939941406,0.08799153566360474,True,431.7391357421875,250.40362548828125,0.04710940644145012,True,-1
cam0,154,0,1151.7117919921875,324.72088623046875,0.3547462821006775,True,1167.9210205078125,325.2647705078125,0.48126015067100525,True,0
cam0,154,1,886.9420166015625,298.6639709472656,0.23303382098674774,True,568.3056030273438,245.66744995117188,0.2059791535139084,True,-1
cam0,154,2,1051.549560546875,376.06024169921875,0.19212229549884796,True,870.049560546875,363.58319091796875,0.14154520630836487,True,-1
cam0,154,3,1004.4656982421875,307.53619384765625,0.12689848244190216,True,484.8929748535156,456.9193420410156,0.13856789469718933,True,-1
cam0,154,4,768.25048828125,470.5159606933594,0.0973796397447586,True,766.9449462890625,472.29827880859375,0.11061219871044159,True,4
cam0,154,5,996.6851196289062,200.5133514404297,0.08555550873279572,True,774.722412109375,427.6139221191406,0.09333956986665726,True,-1
cam0,154,6,774.4660034179688,428.3974914550781,0.08200909197330475,True,1149.088623046875,458.8556213378906,0.0810893252491951,True,5
cam0,154,7,585.0515747070312,221.29783630371094,0.07489020377397537,True,784.5655517578125,338.2137145996094,0.05364985391497612,True,-1
cam0,155,0,1120.1884765625,306.07501220703125,0.37673306465148926,True,1160.457275390625,323.86041259765625,0.48202988505363464,True,-1
cam0,155,1,882.7581176757812,293.10601806640625,0.22593632340431213,True,563.0631713867188,243.31863403320312,0.2085438072681427,True,-1
cam0,155,2,887.1229858398438,357.5901794433594,0.19739028811454773,True,876.6109619140625,365.5354309082031,0.1652248352766037,True,2
cam0,155,3,1056.35693359375,374.8770751953125,0.18317748606204987,True,488.04437255859375,466.724609375,0.14404264092445374,True,4
cam0,155,4,1002.05078125,305.8876037597656,0.13285425305366516,True,1042.1951904296875,373.54437255859375,0.11564575135707855,True,-1
cam0,155,5,994.890625,192.77305603027344,0.09247680753469467,True,760.5125122070312,474.7820129394531,0.10955065488815308,True,-1
cam0,155,6,774.8130493164062,421.9435729980469,0.08683773130178452,True,774.8523559570312,419.65521240234375,0.0980219691991806,True,6
cam0,155,7,770.4381103515625,472.95013427734375,0.08006010204553604,True,1147.2681884765625,458.7981262207031,0.07414610683917999,True,5
cam0,156,0,1107.9046630859375,301.10565185546875,0.3839207887649536,True,1160.6551513671875,324.08221435546875,0.47976309061050415,True,-1
cam0,156,1,888.3624877929688,354.2923889160156,0.21784448623657227,True,565.6791381835938,245.86660766601562,0.2139221727848053,True,2
cam0,156,2,781.0798950195312,438.12237548828125,0.09238801896572113,True,876.43603515625,362.247314453125,0.18624615669250488,True,4
cam0,156,3,995.7573852539062,192.2611541748047,0.08732985705137253,True,485.5014953613281,462.8641357421875,0.15288865566253662,True,-1
cam0,156,4,453.4645080566406,396.2045593261719,0.08144407719373703,True,773.4993896484375,420.2317810058594,0.1071704775094986,True,-1
cam0,156,5,751.6445922851562,287.32525634765625,0.06181011721491814,True,1152.0814208984375,451.3204345703125,0.057017482817173004,True,-1
cam0,156,6,712.546875,302.5168151855469,0.060549672693014145,True,774.3671875,319.2568664550781,0.05523228645324707,True,-1
cam0,156,7,563.4630126953125,239.0379638671875,0.06019238382577896,True,515.6576538085938,371.3905944824219,0.04143015295267105,True,1
cam0,157,0,1106.11669921875,300.6175842285156,0.3543463945388794,True,1162.781982421875,328.3879699707031,0.45369234681129456,True,-1
cam0,157,1,1156.8980712890625,332.5630187988281,0.34506702423095703,True,562.9786376953125,242.16201782226562,0.21910856664180756,True,0
cam0,157,2,890.3270874023438,358.827880859375,0.2213200032711029,True,879.9267578125,358.5580749511719,0.19005505740642548,True,2
cam0,157,3,448.5875244140625,400.0477600097656,0.11212550848722458,True,488.4095764160156,466.524658203125,0.16478192806243896,True,-1
cam0,157,4,775.1231079101562,420.901123046875,0.09723447263240814,True,773.607421875,415.9795227050781,0.1073780432343483,True,4
cam0,157,5,995.4276123046875,186.93865966796875,0.09022011607885361,True,773.5130615234375,466.26373291015625,0.10081547498703003,True,-1
cam0,157,6,711.6505737304688,297.3848876953125,0.07110678404569626,True,1017.8662719726562,363.1371154785156,0.08582067489624023,True,-1
cam0,157,7,559.8978271484375,244.41336059570312,0.0641159862279892,True,774.7557373046875,317.86968994140625,0.05699464678764343,True,1
cam0,158,0,1154.220703125,331.0611572265625,0.39764684438705444,True,884.7780151367188,360.852783203125,0.4692378342151642,True,1
cam0,158,1,894.0752563476562,359.9283447265625,0.23948203027248383,True,1158.1182861328125,329.45220947265625,0.44830322265625,True,0
cam0,158,2,961.0474853515625,301.9502258300781,0.170822873711586,True,568.1399536132812,242.69883728027344,0.143347829580307,True,-1
cam0,158,3,1034.507080078125,272.11968994140625,0.14848241209983826,True,777.3644409179688,476.9906311035156,0.1393917202949524,True,-1
cam0,158,4,983.9413452148438,249.41456604003906,0.13417939841747284,True,486.25360107421875,472.0169982910156,0.12475395947694778,True,-1
cam0,158,5,778.8901977539062,474.9156799316406,0.11360357701778412,True,777.1961669921875,421.76910400390625,0.1024160236120224,True,3
cam0,158,6,440.1819152832031,400.1778259277344,0.11210834980010986,True,779.3441162109375,336.54315185546875,0.05422588437795639,True,-1
cam0,158,7,776.7930297851562,421.99395751953125,0.10813244432210922,True,799.3255615234375,199.8769073486328,0.034476388245821,True,5
cam0,159,0,1155.3707275390625,327.0118103027344,0.3737216293811798,True,887.652587890625,361.8047180175781,0.4823707044124603,True,1
cam0,159,1,889.752197265625,361.5551452636719,0.27094602584838867,True,1158.3572998046875,328.43994140625,0.4625140428543091,True,0
cam0,159,2,953.5479125976562,299.44268798828125,0.16880157589912415,True,781.5870361328125,483.6140441894531,0.15835624933242798,True,-1
cam0,159,3,1042.2645263671875,274.1768798828125,0.1580359786748886,True,562.188232421875,244.29258728027344,0.1531488299369812,True,-1
cam0,159,4,780.6908569335938,482.46148681640625,0.11327847093343735,True,486.32073974609375,470.8860778808594,0.13755591213703156,True,2
cam0,159,5,442.88409423828125,401.73797607421875,0.09416694194078445,True,1104.617431640625,454.62664794921875,0.05521722137928009,True,-1
cam0,159,6,781.4219360351562,431.31658935546875,0.08596498519182205,True,826.9287109375,557.8884887695312,0.050711002200841904,True,-1
cam0,159,7,754.2874755859375,295.53302001953125,0.07834722101688385,True,800.16455078125,196.94085693359375,0.04258161038160324,True,-1
cam0,160,0,1153.3492431640625,326.68994140625,0.34442582726478577,True,889.9893188476562,356.7781066894531,0.4318157434463501,True,1
cam0,160,1,889.9757690429688,363.70355224609375,0.2803451120853424,True,1159.9998779296875,327.5464782714844,0.42369168996810913,True,0
cam0,160,2,952.7398071289062,295.2796936035156,0.22194400429725647,True,1106.4080810546875,306.50238037109375,0.32818371057510376,True,-1
cam0,160,3,785.5238647460938,477.89923095703125,0.1191745400428772,True,782.91552734375,480.5937805175781,0.16592590510845184,True,3
cam0,160,4,762.4592895507812,301.72186279296875,0.08701419085264206,True,487.4925842285156,470.2794189453125,0.13400349020957947,True,-1
cam0,160,5,484.07110595703125,467.6676940917969,0.07110090553760529,True,564.4551391601562,245.12518310546875,0.10482068359851837,True,4
cam0,160,6,450.28729248046875,405.36181640625,0.06021673232316971,True,826.845947265625,559.4169921875,0.06692318618297577,True,-1
cam0,160,7,703.3320922851562,428.7362976074219,0.04751219227910042,True,789.84765625,336.02008056640625,0.05266878381371498,True,-1
cam0,161,0,1123.5487060546875,299.6229248046875,0.33308151364326477,True,892.660888671875,357.2778625488281,0.41894057393074036,True,2
cam0,161,1,1162.5396728515625,324.50372314453125,0.3326602876186371,True,1171.1376953125,329.1103210449219,0.4186217188835144,True,1
cam0,161,2,887.5003662109375,361.9042663574219,0.27115070819854736,True,1107.3472900390625,306.875,0.3237224221229553,True,0
cam0,161,3,954.6714477539062,292.3631286621094,0.23035769164562225,True,785.3624877929688,473.27203369140625,0.1692604124546051,True,-1
cam0,161,4,1046.3001708984375,271.6709899902344,0.16832803189754486,True,783.5908203125,417.4267578125,0.13114488124847412,True,-1
cam0,161,5,785.1205444335938,471.51947021484375,0.13101530075073242,True,487.6277160644531,467.7550964355469,0.12142561376094818,True,3
cam0,161,6,763.1155395507812,308.4364013671875,0.09512939304113388,True,554.817138671875,244.3393096923828,0.1006019189953804,True,-1
cam0,161,7,486.1295471191406,465.14227294921875,0.07591024041175842,True,791.2691040039062,334.7967834472656,0.05976962298154831,True,5
cam0,162,0,1166.866943359375,325.0775146484375,0.4200557768344879,True,1171.213623046875,324.40753173828125,0.4584704041481018,True,0
cam0,162,1,887.1206665039062,363.7015380859375,0.20199406147003174,True,892.6550903320312,356.7513732910156,0.42136234045028687,True,1
cam0,162,2,970.4957275390625,298.0109558105469,0.17869128286838531,True,794.64697265625,486.61248779296875,0.19404274225234985,True,-1
cam0,162,3,760.2650756835938,307.0924072265625,0.17040269076824188,True,486.7271423339844,470.1217346191406,0.06559251248836517,True,-1
cam0,162,4,801.5223999023438,485.9474182128906,0.15067633986473083,True,528.332275390625,234.5301513671875,0.04774458706378937,True,2
cam0,162,5,1036.6385498046875,271.02838134765625,0.13620169460773468,True,795.8590087890625,198.25094604492188,0.03749240189790726,True,-1
cam0,162,6,1101.861328125,202.83065795898438,0.07252991199493408,True,1000.0119018554688,261.41015625,0.03738928958773613,True,-1
cam0,162,7,484.4854431152344,465.9630432128906,0.06040135771036148,True,0.0,1079.0,0.022214524447917938,True,3
cam0,163,0,1164.236328125,324.8636474609375,0.40313810110092163,True,1167.890625,327.00433349609375,0.44443538784980774,True,0
cam0,163,1,886.887451171875,365.7746276855469,0.20855525135993958,True,893.8974609375,361.9908752441406,0.4240139126777649,True,1
cam0,163,2,800.905029296875,479.1383972167969,0.17078453302383423,True,795.4577026367188,480.736572265625,0.20168285071849823,True,2
cam0,163,3,978.4912719726562,289.6651306152344,0.1705636829137802,True,780.2279663085938,414.3977355957031,0.11518304795026779,True,-1
cam0,163,4,759.2172241210938,308.80206298828125,0.16416336596012115,True,485.7435302734375,479.6049499511719,0.08223474770784378,True,-1
cam0,163,5,1042.81103515625,270.74725341796875,0.1513851135969162,True,526.6666870117188,232.64541625976562,0.05673850327730179,True,-1
cam0,163,6,482.7394714355469,467.2071533203125,0.07132242619991302,True,798.272216796875,197.6852569580078,0.05061212182044983,True,4
cam0,163,7,1100.5189208984375,204.6848907470703,0.06500191241502762,True,993.1336059570312,259.7814025878906,0.05054037272930145,True,-1
cam0,164,0,1165.8128662109375,326.6622619628906,0.3957144021987915,True,1168.5084228515625,328.2035827636719,0.46989405155181885,True,0
cam0,164,1,887.7083129882812,365.4698791503906,0.20538412034511566,True,894.8251342773438,361.873291015625,0.40622201561927795,True,1
cam0,164,2,799.77001953125,474.9703369140625,0.1799750030040741,True,795.959228515625,475.9493103027344,0.21352268755435944,True,2
cam0,164,3,756.4129638671875,303.9764709472656,0.16891856491565704,True,484.0816650390625,482.9079895019531,0.09748529642820358,True,-1
cam0,164,4,978.1236572265625,287.1788635253906,0.15673638880252838,True,989.6161499023438,260.6838684082031,0.05204576253890991,True,-1
cam0,164,5,481.0892333984375,469.24822998046875,0.07316780835390091,True,785.2623291015625,336.11602783203125,0.04462381452322006,True,3
cam0,164,6,549.7334594726562,252.0705108642578,0.05034279078245163,True,391.33489990234375,361.2452087402344,0.04413189738988876,True,-1
cam0,164,7,1538.091796875,369.9888916015625,0.042305879294872284,True,521.8365478515625,233.52113342285156,0.04163696989417076,True,-1
cam0,165,0,1168.983154296875,326.5299072265625,0.3536624312400818,True,1172.5015869140625,325.8843078613281,0.47109267115592957,True,0
cam0,165,1,1117.277099609375,295.95281982421875,0.30746567249298096,True,893.1895751953125,361.3915710449219,0.37419113516807556,True,-1
cam0,165,2,890.9463500976562,365.3572998046875,0.20325970649719238,True,791.9635009765625,474.6179504394531,0.21959426999092102,True,1
cam0,165,3,794.9562377929688,471.6295166015625,0.2011372148990631,True,482.9817810058594,483.5274963378906,0.09257281571626663,True,2
cam0,165,4,750.231689453125,301.7554626464844,0.16442938148975372,True,389.9108581542969,356.0604248046875,0.06948226690292358,True,-1
cam0,165,5,391.3932189941406,349.759765625,0.07428612560033798,True,989.6229858398438,260.5320129394531,0.060940153896808624,True,4
cam0,165,6,481.6089782714844,469.00982666015625,0.07161986827850342,True,802.0001220703125,200.51783752441406,0.04069770127534866,True,3
cam0,165,7,1539.412109375,372.6666259765625,0.04992818087339401,True,653.7159423828125,346.03656005859375,0.03874151408672333,True,-1
cam0,166,0,1175.6292724609375,324.7305603027344,0.37354376912117004,True,1170.2554931640625,328.7790222167969,0.45118215680122375,True,0
cam0,166,1,1037.4010009765625,271.40399169921875,0.22454629838466644,True,892.4951171875,361.86871337890625,0.22082945704460144,True,-1
cam0,166,2,796.342529296875,472.880126953125,0.22221529483795166,True,795.0127563476562,474.695068359375,0.2131781131029129,True,2
cam0,166,3,894.6631469726562,365.0565185546875,0.19812564551830292,True,997.7680053710938,249.7451934814453,0.08316163718700409,True,1
cam0,166,4,1087.5267333984375,359.4337158203125,0.16708283126354218,True,382.6391296386719,351.5506286621094,0.07821206748485565,True,-1
cam0,166,5,752.322509765625,302.3493957519531,0.09899871796369553,True,797.2022094726562,340.5201416015625,0.06802673637866974,True,-1
cam0,166,6,1265.3778076171875,378.79461669921875,0.06512843072414398,True,484.5404052734375,485.26849365234375,0.06453628093004227,True,-1
cam0,166,7,382.4180603027344,350.85980224609375,0.050560157746076584,True,572.202392578125,246.24217224121094,0.047336727380752563,True,4
cam0,167,0,1174.296875,324.9140319824219,0.39726734161376953,True,1175.7083740234375,323.9618835449219,0.47810137271881104,True,0
cam0,167,1,1030.612060546875,274.0927734375,0.25748464465141296,True,891.9526977539062,363.6388244628906,0.2518961727619171,True,-1
cam0,167,2,896.85595703125,363.09161376953125,0.2393466979265213,True,798.6712646484375,478.1160888671875,0.21239802241325378,True,1
cam0,167,3,797.4088134765625,471.3745422363281,0.22519494593143463,True,483.2553405761719,485.69183349609375,0.09911040216684341,True,2
cam0,167,4,1266.145263671875,378.6773681640625,0.07032035291194916,True,995.19677734375,244.2418212890625,0.07923422008752823,True,-1
cam0,167,5,747.5960083007812,301.01422119140625,0.06900353729724884,True,801.8195190429688,341.75250244140625,0.07535433769226074,True,-1
cam0,167,6,1541.6904296875,374.00616455078125,0.05595627799630165,True,379.2360534667969,350.8497619628906,0.06971774250268936,True,-1
cam0,167,7,565.7022094726562,257.869140625,0.04488268122076988,True,570.53662109375,243.87493896484375,0.05932989344000816,True,7
cam0,168,0,1172.6710205078125,321.80755615234375,0.38067156076431274,True,1175.582763671875,328.393310546875,0.43184196949005127,True,0
cam0,168,1,899.082763671875,363.8575744628906,0.2637607753276825,True,1123.7457275390625,292.418701171875,0.32553917169570923,True,2
cam0,168,2,1033.478271484375,278.4207458496094,0.26211655139923096,True,893.411865234375,362.55609130859375,0.27125459909439087,True,-1
cam0,168,3,800.6258544921875,475.288818359375,0.20549598336219788,True,798.3892211914062,475.02203369140625,0.19963453710079193,True,3
cam0,168,4,1266.0439453125,376.6875,0.07157434523105621,True,487.57489013671875,487.6742858886719,0.1104540079832077,True,-1
cam0,168,5,817.9014892578125,334.2264404296875,0.062390800565481186,True,1045.3922119140625,360.3028259277344,0.10796521604061127,True,6
cam0,168,6,752.3999633789062,301.5504455566406,0.056382231414318085,True,801.7715454101562,334.4927673339844,0.08235705643892288,True,-1
cam0,168,7,1543.5335693359375,369.7161560058594,0.044012412428855896,True,990.1261596679688,230.1423797607422,0.0674285888671875,True,-1
cam0,169,0,1173.8692626953125,320.8626403808594,0.42221274971961975,True,1181.6580810546875,325.4656982421875,0.4577465355396271,True,0
cam0,169,1,1034.791259765625,278.8190612792969,0.24823066592216492,True,893.7559814453125,365.03460693359375,0.26545193791389465,True,-1
cam0,169,2,900.7460327148438,364.31170654296875,0.23738855123519897,True,785.23828125,455.6122131347656,0.20523390173912048,True,1
cam0,169,3,783.8533935546875,453.2901916503906,0.22174294292926788,True,483.0667724609375,487.22015380859375,0.12372840940952301,True,2
cam0,169,4,814.12158203125,332.4951477050781,0.07757292687892914,True,1040.2222900390625,360.04486083984375,0.11527373641729355,True,5
cam0,169,5,986.7947998046875,399.0132751464844,0.07379758358001709,True,802.0303344726562,325.86151123046875,0.08416909724473953,True,-1
cam0,169,6,1266.55224609375,376.0716857910156,0.06442654132843018,True,563.8292846679688,243.42037963867188,0.07978615909814835,True,-1
cam0,169,7,691.1572265625,321.9259948730469,0.051875535398721695,True,984.1412963867188,221.11753845214844,0.061950262635946274,True,-1
cam0,170,0,1075.400146484375,254.16238403320312,0.3522864580154419,True,1188.41015625,324.67230224609375,0.3718700706958771,True,-1
cam0,170,1,1180.3941650390625,322.09002685546875,0.3400598168373108,True,1133.1229248046875,297.818359375,0.3235728144645691,True,0
cam0,170,2,899.8290405273438,367.76007080078125,0.1831037700176239,True,783.2152709960938,443.0973815917969,0.2565726339817047,True,3
cam0,170,3,785.1664428710938,445.247802734375,0.17651695013046265,True,895.4091796875,366.59576416015625,0.22993458807468414,True,2
cam0,170,4,823.3108520507812,329.653076171875,0.15861457586288452,True,1036.8470458984375,360.62237548828125,0.19401490688323975,True,7
cam0,170,5,1060.632080078125,370.5062561035156,0.1452697217464447,True,1045.6505126953125,272.107666015625,0.1486649066209793,True,-1
cam0,170,6,1497.3382568359375,548.7337036132812,0.04154282063245773,True,485.6315002441406,494.7469787597656,0.10984878987073898,True,-1
cam0,170,7,559.7166137695312,239.15077209472656,0.04014778882265091,True,805.8416137695312,338.00457763671875,0.09435100853443146,True,-1
cam0,171,0,1073.317138671875,247.11170959472656,0.42952051758766174,True,1189.8057861328125,321.8414611816406,0.3731583058834076,True,-1
cam0,171,1,1186.80615234375,317.4278564453125,0.3456299304962158,True,1136.4591064453125,296.1537170410156,0.37020301818847656,True,0
cam0,171,2,897.4173583984375,368.3775939941406,0.2216024398803711,True,895.2945556640625,366.5215759277344,0.2616378664970398,True,2
cam0,171,3,1057.195556640625,369.7228698730469,0.187552347779274,True,787.5111083984375,455.9224853515625,0.2524586021900177,True,-1
cam0,171,4,785.2144775390625,453.8857727050781,0.18064595758914948,True,1038.537109375,360.8116149902344,0.2293485552072525,True,3
cam0,171,5,823.6576538085938,327.6263122558594,0.16629846394062042,True,1049.248779296875,272.33380126953125,0.1546413004398346,True,-1
cam0,171,6,558.2928466796875,239.83859252929688,0.056522369384765625,True,483.6553649902344,489.5808410644531,0.1297963261604309,True,7
cam0,171,7,482.9888916015625,487.109130859375,0.04680531099438667,True,559.314697265625,241.24301147460938,0.09369446337223053,True,6
cam0,172,0,1071.9508056640625,250.98187255859375,0.43097108602523804,True,1186.4022216796875,324.2685241699219,0.3811027407646179,True,-1
cam0,172,1,1187.9632568359375,317.5086669921875,0.3640449345111847,True,895.6046752929688,368.4969787597656,0.2860008776187897,True,0
cam0,172,2,896.3294677734375,371.25482177734375,0.23632027208805084,True,790.7227783203125,444.430908203125,0.2621200382709503,True,1
cam0,172,3,787.6314697265625,444.3724670410156,0.2015894502401352,True,1040.68408203125,359.18646240234375,0.21517546474933624,True,2
cam0,172,4,1055.8292236328125,369.1513977050781,0.18620845675468445,True,485.24945068359375,486.0411071777344,0.14352555572986603,True,3
cam0,172,5,824.4190673828125,327.49139404296875,0.17250294983386993,True,811.1461181640625,340.4446105957031,0.08530034869909286,True,5
cam0,172,6,482.9917907714844,479.6529846191406,0.058188341557979584,True,557.58056640625,238.1978302001953,0.06574820727109909,True,4
cam0,172,7,738.0094604492188,292.0393371582031,0.042345236986875534,True,400.1956481933594,232.25889587402344,0.04144646227359772,True,-1
cam0,173,0,1064.2281494140625,244.3562774658203,0.4430268108844757,True,1184.567138671875,325.6753845214844,0.41275569796562195,True,-1
cam0,173,1,1182.05419921875,320.693359375,0.36506396532058716,True,894.72412109375,365.78094482421875,0.29885050654411316,True,0
cam0,173,2,895.6237182617188,368.3210144042969,0.21830102801322937,True,793.8727416992188,444.864990234375,0.28399887681007385,True,1
cam0,173,3,786.6219482421875,465.92041015625,0.19495883584022522,True,1121.1405029296875,295.4316101074219,0.27642491459846497,True,-1
cam0,173,4,826.4454345703125,327.2960510253906,0.15497000515460968,True,1044.065185546875,356.6277160644531,0.1596059501171112,True,-1
cam0,173,5,1056.9737548828125,368.396728515625,0.1541450470685959,True,484.4775085449219,483.6795349121094,0.13671797513961792,True,4
cam0,173,6,483.7692565917969,478.95135498046875,0.05549999326467514,True,557.3026733398438,236.8378143310547,0.05809446796774864,True,5
cam0,173,7,739.4116821289062,292.19671630859375,0.042870134115219116,True,319.8889465332031,309.71246337890625,0.04810764268040657,True,-1
cam0,174,0,1070.6187744140625,244.94261169433594,0.44081419706344604,True,1191.749755859375,322.5693359375,0.3898445963859558,True,-1
cam0,174,1,1193.6280517578125,318.5287780761719,0.27474403381347656,True,899.0682373046875,371.4862365722656,0.27512913942337036,True,0
cam0,174,2,1059.0091552734375,368.9364013671875,0.18542000651359558,True,1110.382568359375,297.507568359375,0.2549280524253845,True,-1
cam0,174,3,893.5400390625,374.02093505859375,0.1811213344335556,True,793.9550170898438,469.2169494628906,0.2279534786939621,True,1
cam0,174,4,792.5316162109375,473.2665710449219,0.1382475197315216,True,478.3920593261719,475.0555114746094,0.08475840836763382,True,3
cam0,174,5,826.1757202148438,321.3009033203125,0.10118205845355988,True,1121.560546875,139.7644500732422,0.06643211841583252,True,-1
cam0,174,6,480.7075500488281,472.499755859375,0.07544688880443573,True,326.0389099121094,308.51947021484375,0.06643185019493103,True,4
cam0,174,7,1550.8807373046875,372.9462890625,0.05034845694899559,True,567.5421752929688,229.75546264648438,0.047778114676475525,True,-1
cam0,175,0,1068.7413330078125,243.61094665527344,0.46149173378944397,True,1189.0828857421875,324.4569396972656,0.36184370517730713,True,-1
cam0,175,1,1190.873779296875,320.9413757324219,0.2829646170139313,True,894.1836547851562,366.8438415527344,0.32679951190948486,True,0
cam0,175,2,892.697509765625,370.82598876953125,0.2062879353761673,True,1118.0380859375,297.8263244628906,0.32385551929473877,True,1
cam0,175,3,1057.3846435546875,370.54388427734375,0.2056134045124054,True,789.9712524414062,473.9013671875,0.26947858929634094,True,-1
cam0,175,4,791.9618530273438,471.3731384277344,0.16597609221935272,True,1031.799072265625,266.68572998046875,0.1650160402059555,True,3
cam0,175,5,827.4923706054688,321.3470764160156,0.09791284799575806,True,477.21746826171875,472.16455078125,0.09509941935539246,True,-1
cam0,175,6,478.9404602050781,474.3511962890625,0.08402802795171738,True,1122.8748779296875,136.6440887451172,0.08737627416849136,True,5
cam0,175,7,819.8272705078125,552.9700317382812,0.06587795168161392,True,318.56494140625,311.0262145996094,0.07657812535762787,True,-1
cam0,176,0,1070.72314453125,244.9871063232422,0.44597330689430237,True,1188.589599609375,322.3553771972656,0.35873666405677795,True,-1
cam0,176,1,1189.2786865234375,320.4858093261719,0.27448123693466187,True,895.1641235351562,370.3008728027344,0.33339497447013855,True,0
cam0,176,2,1054.9698486328125,371.9801025390625,0.19748455286026,True,1124.416748046875,302.60430908203125,0.2956703305244446,True,-1
cam0,176,3,892.0269165039062,372.87078857421875,0.19534678757190704,True,793.4498901367188,475.5815124511719,0.2592267692089081,True,1
cam0,176,4,795.8922119140625,469.0487060546875,0.17205820977687836,True,1030.92626953125,262.8099365234375,0.16243140399456024,True,3
cam0,176,5,828.544189453125,314.04681396484375,0.10227298736572266,True,1125.626220703125,132.43511962890625,0.09829224646091461,True,-1
cam0,176,6,478.34442138671875,475.02777099609375,0.09417545795440674,True,476.8579406738281,470.74462890625,0.09433797001838684,True,6
cam0,176,7,819.4876708984375,552.404541015625,0.06838870793581009,True,310.5103759765625,317.54217529296875,0.09398695826530457,True,-1
cam0,177,0,1059.7413330078125,252.73338317871094,0.39554134011268616,True,1129.788330078125,302.6797790527344,0.372045636177063,True,-1
cam0,177,1,1120.973876953125,302.3445739746094,0.29695919156074524,True,1188.3974609375,321.89239501953125,0.35517677664756775,True,0
cam0,177,2,1187.61474609375,319.08892822265625,0.27367734909057617,True,892.0991821289062,371.982177734375,0.31860220432281494,True,1
cam0,177,3,887.152587890625,371.7011413574219,0.17921410501003265,True,793.9390258789062,475.4140319824219,0.2430373728275299,True,2
cam0,177,4,797.0068969726562,471.3805847167969,0.16535773873329163,True,1030.09716796875,263.0931396484375,0.1663169115781784,True,3
cam0,177,5,1054.9244384765625,371.3315734863281,0.15531288087368011,True,1121.4334716796875,127.8641128540039,0.1350390464067459,True,-1
cam0,177,6,830.3721923828125,313.9263916015625,0.11333239078521729,True,479.57183837890625,473.0703125,0.08394056558609009,True,-1
cam0,177,7,482.9764709472656,484.79052734375,0.09721965342760086,True,309.7999267578125,321.365478515625,0.0812617838382721,True,6
cam0,178,0,1116.064453125,300.9085388183594,0.3517734706401825,True,1118.7734375,303.76220703125,0.3526589572429657,True,0
cam0,178,1,1038.609619140625,270.3332824707031,0.31498515605926514,True,1181.2637939453125,325.0286865234375,0.33835259079933167,True,4
cam0,178,2,828.60986328125,317.2547607421875,0.22027258574962616,True,1119.5654296875,126.41712188720703,0.2133268266916275,True,-1
cam0,178,3,967.1522216796875,298.3432312011719,0.17472538352012634,True,801.7860107421875,473.2644958496094,0.20512327551841736,True,-1
cam0,178,4,884.3099975585938,367.3393859863281,0.13255135715007782,True,1037.1978759765625,275.64971923828125,0.19779953360557556,True,-1
cam0,178,5,801.9882202148438,474.24676513671875,0.12623074650764465,True,576.8707885742188,240.0828857421875,0.12663938105106354,True,3
cam0,178,6,1049.5572509765625,381.2898864746094,0.1221747174859047,True,806.605712890625,339.9653625488281,0.10983105003833771,True,-1
cam0,178,7,563.130859375,230.2884521484375,0.07546303421258926,True,299.4477844238281,320.8183288574219,0.08176379650831223,True,5
cam0,179,0,1044.9088134765625,276.2073669433594,0.3761656880378723,True,1121.26611328125,299.7659606933594,0.39387238025665283,True,-1
cam0,179,1,1119.6983642578125,297.03204345703125,0.36542370915412903,True,1191.9031982421875,319.159423828125,0.3788137137889862,True,0
cam0,179,2,1190.232666015625,319.04571533203125,0.2664342224597931,True,804.3485107421875,483.6119384765625,0.2196759283542633,True,1
cam0,179,3,827.4320068359375,319.3132629394531,0.21688774228096008,True,1124.7518310546875,133.2036590576172,0.1850145310163498,True,-1
cam0,179,4,969.8060913085938,300.3735656738281,0.16950774192810059,True,576.23291015625,239.54762268066406,0.13353340327739716,True,-1
cam0,179,5,885.6463623046875,366.51605224609375,0.14108607172966003,True,294.580078125,315.2920227050781,0.10756601393222809,True,7
cam0,179,6,804.2779541015625,484.5408630371094,0.1397225260734558,True,808.8423461914062,337.5989074707031,0.10707077383995056,True,2
cam0,179,7,1054.279541015625,384.3153991699219,0.13885246217250824,True,889.94482421875,370.98345947265625,0.09600139409303665,True,-1
cam0,180,0,1044.4708251953125,281.83172607421875,0.40240272879600525,True,1192.6978759765625,319.6393737792969,0.4003663957118988,True,-1
cam0,180,1,1123.470947265625,296.8757019042969,0.32017001509666443,True,1118.3861083984375,298.48052978515625,0.3988657593727112,True,1
cam0,180,2,1190.397216796875,318.9519348144531,0.3049454987049103,True,806.2459716796875,485.4350280761719,0.2571296989917755,True,0
cam0,180,3,826.7477416992188,319.5176696777344,0.23314157128334045,True,1123.7860107421875,137.11813354492188,0.17037858068943024,True,-1
cam0,180,4,806.1012573242188,484.95599365234375,0.15801584720611572,True,293.0827941894531,309.3721923828125,0.1404815912246704,True,2
cam0,180,5,885.4197998046875,366.89801025390625,0.13599015772342682,True,574.1748046875,239.1336212158203,0.11860485374927521,True,7
cam0,180,6,1045.9541015625,395.3621520996094,0.1272946447134018,True,808.6034545898438,332.90057373046875,0.11114101111888885,True,-1
cam0,180,7,487.30804443359375,483.6648254394531,0.07949164509773254,True,892.4215087890625,368.7107238769531,0.10574903339147568,True,-1
cam0,181,0,1040.1021728515625,282.54437255859375,0.4308592975139618,True,1190.0279541015625,319.39013671875,0.3930078446865082,True,-1
cam0,181,1,1121.994873046875,293.1922912597656,0.3441457748413086,True,1119.60400390625,296.6613464355469,0.3924199640750885,True,1
cam0,181,2,1187.9207763671875,319.6723937988281,0.3047802150249481,True,806.5331420898438,479.816650390625,0.23745691776275635,True,0
cam0,181,3,829.5990600585938,318.68963623046875,0.25478360056877136,True,1122.99560546875,140.52476501464844,0.16618339717388153,True,-1
cam0,181,4,805.06591796875,480.5998229980469,0.16279615461826324,True,292.071533203125,307.8147888183594,0.1343008130788803,True,2
cam0,181,5,1050.8875732421875,393.2304992675781,0.10441145300865173,True,567.4561767578125,239.2686767578125,0.12008953839540482,True,-1
cam0,181,6,569.570556640625,231.78570556640625,0.07817703485488892,True,892.5933837890625,364.05694580078125,0.10113414376974106,True,5
cam0,181,7,486.32012939453125,484.7208251953125,0.06938615441322327,True,811.2723388671875,330.78668212890625,0.09828643500804901,True,-1
cam0,182,0,1186.0628662109375,314.6624755859375,0.3357163667678833,True,1187.5137939453125,319.09637451171875,0.3912369906902313,True,0
cam0,182,1,1123.105712890625,300.86041259765625,0.29287558794021606,True,1119.9241943359375,295.775390625,0.3529454469680786,True,1
cam0,182,2,1037.2801513671875,286.6240234375,0.26555299758911133,True,807.573486328125,480.6733703613281,0.30838724970817566,True,-1
cam0,182,3,806.04052734375,480.3219299316406,0.2224780023097992,True,889.3731689453125,361.8695373535156,0.1913846880197525,True,2
cam0,182,4,830.0596923828125,322.5970153808594,0.211530402302742,True,820.9835815429688,338.4215087890625,0.11920632421970367,True,4
cam0,182,5,1075.43408203125,219.9315948486328,0.1798592358827591,True,563.37158203125,245.89820861816406,0.09915424138307571,True,-1
cam0,182,6,898.9785766601562,359.0877685546875,0.08336996287107468,True,483.3842468261719,484.96405029296875,0.08861479163169861,True,3
cam0,182,7,755.7584228515625,289.0459289550781,0.07037132233381271,True,292.11907958984375,312.7496643066406,0.06598291546106339,True,-1
cam0,183,0,1130.477783203125,309.11859130859375,0.35381245613098145,True,1174.4359130859375,320.3749694824219,0.3985220193862915,True,-1
cam0,183,1,1173.918701171875,317.68536376953125,0.35063669085502625,True,810.1177368164062,476.8037414550781,0.3172711431980133,True,0
cam0,183,2,1030.68017578125,279.6504821777344,0.2683591842651367,True,888.0953369140625,361.2438659667969,0.21886467933654785,True,-1
cam0,183,3,806.7920532226562,477.6770935058594,0.21519528329372406,True,562.928466796875,245.70748901367188,0.10877007991075516,True,1
cam0,183,4,828.2476196289062,323.8076477050781,0.19683633744716644,True,483.6622314453125,485.06744384765625,0.0985201746225357,True,-1
cam0,183,5,898.0328369140625,364.5354309082031,0.11084405332803726,True,288.5121154785156,314.2436828613281,0.07521209865808487,True,2
cam0,183,6,561.3623046875,236.31443786621094,0.053399160504341125,True,495.0068054199219,368.1695861816406,0.048006292432546616,True,3
cam0,183,7,484.15911865234375,485.1384582519531,0.04297861084342003,True,824.1994018554688,192.06723022460938,0.04608473181724548,True,4
cam0,184,0,1166.794921875,317.72918701171875,0.39011189341545105,True,1168.8927001953125,316.7764892578125,0.43881386518478394,True,0
cam0,184,1,1035.379150390625,281.13592529296875,0.2728608548641205,True,811.6852416992188,476.5775451660156,0.3262505531311035,True,-1
cam0,184,2,809.0457153320312,477.57135009765625,0.21773241460323334,True,891.9705200195312,360.2465515136719,0.23239417374134064,True,1
cam0,184,3,821.9982299804688,328.4844665527344,0.17895907163619995,True,483.5618591308594,483.99078369140625,0.10374682396650314,True,-1
cam0,184,4,896.7765502929688,362.3800964355469,0.13243544101715088,True,562.3258666992188,254.87161254882812,0.08540531247854233,True,2
cam0,184,5,892.5365600585938,284.6929626464844,0.10137172043323517,True,284.98297119140625,318.661865234375,0.07770910859107971,True,-1
cam0,184,6,483.5677185058594,482.5111389160156,0.04990226775407791,True,1150.39306640625,449.906494140625,0.05085202306509018,True,3
cam0,184,7,570.0215454101562,228.7845916748047,0.04508379101753235,True,834.6149291992188,555.216796875,0.049118515104055405,True,-1
cam0,185,0,1172.0809326171875,318.0546569824219,0.4657127559185028,True,1171.8948974609375,318.10443115234375,0.4921809434890747,True,0
cam0,185,1,1034.23681640625,277.385009765625,0.3052598237991333,True,808.5807495117188,476.1243591308594,0.32967403531074524,True,-1
cam0,185,2,807.2669677734375,474.4430236816406,0.22038309276103973,True,888.7687377929688,355.57952880859375,0.22753289341926575,True,1
cam0,185,3,819.156982421875,324.9609680175781,0.1558443158864975,True,481.7824401855469,482.5556335449219,0.1016114130616188,True,4
cam0,185,4,896.391357421875,356.6171569824219,0.14185768365859985,True,803.7941284179688,327.7373046875,0.0838250145316124,True,2
cam0,185,5,887.4564819335938,286.34942626953125,0.13759811222553253,True,564.7127075195312,245.64300537109375,0.07444693148136139,True,-1
cam0,185,6,1118.5540771484375,204.75140380859375,0.1327744871377945,True,287.37786865234375,323.31646728515625,0.055309467017650604,True,-1
cam0,185,7,479.86175537109375,479.24664306640625,0.050265487283468246,True,824.3948974609375,196.57415771484375,0.04668460041284561,True,3
cam0,186,0,1173.2384033203125,317.5727844238281,0.3737432658672333,True,1171.8768310546875,314.8430480957031,0.46572816371917725,True,0
cam0,186,1,1056.314208984375,282.9812316894531,0.3050781786441803,True,889.0816040039062,360.4051208496094,0.21976539492607117,True,-1
cam0,186,2,810.797607421875,474.646728515625,0.17791427671909332,True,811.802978515625,474.2088928222656,0.20375598967075348,True,2
cam0,186,3,889.864013671875,359.7821350097656,0.14925354719161987,True,807.6668701171875,328.4124450683594,0.09527608752250671,True,1
cam0,186,4,809.7720947265625,324.0955810546875,0.14911457896232605,True,477.5216369628906,477.8872985839844,0.07700813561677933,True,3
cam0,186,5,1119.3414306640625,202.49188232421875,0.14653930068016052,True,510.515380859375,278.3455810546875,0.07470574229955673,True,-1
cam0,186,6,888.0716552734375,294.50982666015625,0.1313157081604004,True,569.2511596679688,233.78431701660156,0.057716574519872665,True,-1
cam0,186,7,564.4202880859375,228.8233184814453,0.0671905130147934,True,812.5843505859375,199.74366760253906,0.04296109080314636,True,6
cam0,187,0,1166.0157470703125,314.84173583984375,0.4080619215965271,True,1167.0772705078125,310.3345642089844,0.4897797107696533,True,0
cam0,187,1,1056.423583984375,281.8232116699219,0.3620598316192627,True,813.0302734375,475.1445617675781,0.2327449917793274,True,-1
cam0,187,2,812.034912109375,475.01708984375,0.1904587298631668,True,886.74267578125,359.95013427734375,0.23055416345596313,True,1
cam0,187,3,805.3970947265625,320.2491455078125,0.15884417295455933,True,479.3558349609375,473.7560729980469,0.08153478801250458,True,-1
cam0,187,4,885.7152709960938,362.4216003417969,0.15842096507549286,True,574.6121215820312,232.16883850097656,0.07155952602624893,True,2
cam0,187,5,893.4776611328125,302.1297912597656,0.1513356864452362,True,509.6207275390625,277.73291015625,0.06948727369308472,True,-1
cam0,187,6,567.0120849609375,226.8582763671875,0.07712054997682571,True,813.9192504882812,197.82147216796875,0.047618232667446136,True,4
cam0,187,7,527.8297729492188,323.4697265625,0.05205274000763893,True,725.3406982421875,286.39080810546875,0.03785854950547218,True,-1
cam0,188,0,1163.8968505859375,316.8583068847656,0.4176757037639618,True,1170.930419921875,316.79962158203125,0.5136440992355347,True,0
cam0,188,1,1058.0863037109375,281.1474914550781,0.37636256217956543,True,814.8539428710938,478.2406311035156,0.2504040598869324,True,2
cam0,188,2,812.6620483398438,475.8551025390625,0.2063647210597992,True,1047.767333984375,280.5448303222656,0.21126598119735718,True,1
cam0,188,3,806.970947265625,319.8902893066406,0.15697555243968964,True,885.6574096679688,359.0831298828125,0.20962223410606384,True,-1
cam0,188,4,892.8439331054688,293.100341796875,0.14503450691699982,True,797.4954833984375,412.9586486816406,0.11522124707698822,True,-1
cam0,188,5,881.6996459960938,350.8579406738281,0.14471334218978882,True,481.8201904296875,473.5666809082031,0.09048084169626236,True,3
cam0,188,6,561.2354736328125,231.5537872314453,0.08058208227157593,True,575.5060424804688,233.2799530029297,0.07686124742031097,True,6
cam0,188,7,528.3909912109375,317.4889221191406,0.05721558630466461,True,511.20892333984375,277.2912902832031,0.06761185079813004,True,-1
cam0,189,0,1169.879638671875,315.3973693847656,0.4298803508281708,True,1173.595458984375,317.06939697265625,0.5306895971298218,True,0
cam0,189,1,1058.04345703125,282.51708984375,0.3491693437099457,True,812.0713500976562,473.108642578125,0.2540128231048584,True,2
cam0,189,2,813.3273315429688,471.2069396972656,0.22559870779514313,True,1048.09814453125,279.8534851074219,0.1986413598060608,True,1
cam0,189,3,899.6420288085938,283.810302734375,0.14973026514053345,True,876.44775390625,356.95904541015625,0.18169379234313965,True,-1
cam0,189,4,809.5324096679688,319.04193115234375,0.14745017886161804,True,795.7116088867188,413.88775634765625,0.12950201332569122,True,-1
cam0,189,5,879.3499145507812,344.0032958984375,0.14121107757091522,True,577.7701416015625,236.81674194335938,0.09112776070833206,True,3
cam0,189,6,971.4240112304688,254.73123168945312,0.12410332262516022,True,479.1868591308594,474.7539978027344,0.08058212697505951,True,-1
cam0,189,7,568.8400268554688,226.4100799560547,0.0791000947356224,True,243.8968505859375,306.45855712890625,0.06431379914283752,True,5
cam0,190,0,1166.3905029296875,314.2632751464844,0.530384361743927,True,1171.943115234375,317.2821960449219,0.5613446831703186,True,0
cam0,190,1,817.1823120117188,475.168212890625,0.19709151983261108,True,814.1229248046875,474.65692138671875,0.2431783378124237,True,1
cam0,190,2,1029.7196044921875,301.58056640625,0.192494735121727,True,819.1321411132812,331.31280517578125,0.1268363893032074,True,-1
cam0,190,3,820.1064453125,319.458251953125,0.12417717278003693,True,577.61181640625,238.3780975341797,0.11614599078893661,True,2
cam0,190,4,571.28662109375,227.0686492919922,0.06189137324690819,True,1173.0078125,232.2301483154297,0.08584204316139221,True,3
cam0,190,5,736.3782958984375,288.3403625488281,0.05985398590564728,True,478.4199523925781,474.6475524902344,0.04768474027514458,True,-1
cam0,190,6,1563.8759765625,424.63671875,0.04165925830602646,True,245.56692504882812,305.1372375488281,0.03807266429066658,True,-1
cam0,190,7,246.0367431640625,309.38446044921875,0.03180835023522377,True,465.2080383300781,259.1177978515625,0.03275659307837486,True,6
cam0,191,0,1164.1378173828125,314.0697937011719,0.5608418583869934,True,1167.2955322265625,318.07977294921875,0.5838371515274048,True,0
cam0,191,1,1018.077880859375,312.33477783203125,0.1995268166065216,True,815.251708984375,475.11199951171875,0.2444794774055481,True,-1
cam0,191,2,815.0051879882812,476.2840576171875,0.19785751402378082,True,822.0419311523438,332.94036865234375,0.11999591439962387,True,1
cam0,191,3,848.322265625,310.2720031738281,0.11079558730125427,True,574.1679077148438,241.13534545898438,0.11594254523515701,True,-1
cam0,191,4,879.60693359375,357.0268249511719,0.10632915049791336,True,1172.7056884765625,228.99288940429688,0.08934249728918076,True,-1
cam0,191,5,570.1988525390625,228.48812866210938,0.05963371694087982,True,479.45477294921875,473.9624328613281,0.04924166202545166,True,3
cam0,191,6,1568.4078369140625,425.2892761230469,0.05080808326601982,True,812.5303344726562,212.23851013183594,0.04810124635696411,True,-1
cam0,191,7,488.0901184082031,348.6608581542969,0.04017430916428566,True,451.2022399902344,261.58056640625,0.04186740517616272,True,-1
cam0,192,0,1162.083740234375,318.36663818359375,0.5800675749778748,True,1165.3641357421875,321.91668701171875,0.5862277746200562,True,0
cam0,192,1,1013.32568359375,309.4838562011719,0.23856039345264435,True,816.5859985351562,475.5829162597656,0.2421787828207016,True,-1
cam0,192,2,816.7809448242188,474.8070983886719,0.1789122074842453,True,817.1397094726562,328.533935546875,0.13014452159404755,True,1
cam0,192,3,869.9148559570312,291.3773498535156,0.1328667551279068,True,573.2198486328125,245.04185485839844,0.10590235888957977,True,-1
cam0,192,4,880.5372314453125,357.4102478027344,0.10253141820430756,True,1042.3603515625,342.9839782714844,0.10158280283212662,True,-1
cam0,192,5,571.5347900390625,233.7907257080078,0.050614748150110245,True,804.5362548828125,213.3263397216797,0.047710441052913666,True,3
cam0,192,6,1576.0831298828125,422.4201354980469,0.03876796364784241,True,480.45648193359375,476.5053405761719,0.04645829647779465,True,-1
cam0,192,7,1145.6044921875,139.6541290283203,0.038652583956718445,True,685.6740112304688,326.07171630859375,0.044547490775585175,True,-1
cam0,193,0,1165.21923828125,326.9449462890625,0.6097580194473267,True,1166.623779296875,327.6089172363281,0.6393849849700928,True,0
cam0,193,1,1007.5335083007812,309.1206359863281,0.21621131896972656,True,819.5121459960938,477.6964111328125,0.2078889012336731,True,-1
cam0,193,2,1090.14794921875,292.6976318359375,0.18101266026496887,True,814.8154296875,330.113525390625,0.12626531720161438,True,-1
cam0,193,3,816.9857788085938,472.9813537597656,0.1674516797065735,True,560.79833984375,252.80882263183594,0.11143197864294052,True,1
cam0,193,4,881.8762817382812,286.790283203125,0.13810321688652039,True,802.5818481445312,214.5532684326172,0.05660194903612137,True,-1
cam0,193,5,563.78759765625,243.891845703125,0.0588083453476429,True,680.6302490234375,327.5948791503906,0.05381624773144722,True,3
cam0,193,6,638.80712890625,236.0833740234375,0.03984244167804718,True,438.7930908203125,258.9661865234375,0.04225119575858116,True,-1
cam0,193,7,1146.427490234375,138.52708435058594,0.034774620085954666,True,481.4845886230469,475.3509521484375,0.041543733328580856,True,-1
cam0,194,0,1169.849853515625,319.7744445800781,0.46725621819496155,True,1165.837158203125,320.06427001953125,0.6622759103775024,True,0
cam0,194,1,1086.3453369140625,290.01092529296875,0.22658519446849823,True,816.7672729492188,476.2902526855469,0.16663530468940735,True,-1
cam0,194,2,996.517333984375,305.71484375,0.19924013316631317,True,809.8311157226562,329.71356201171875,0.1307932287454605,True,-1
cam0,194,3,820.4020385742188,330.75439453125,0.1395185887813568,True,556.82421875,249.2946319580078,0.10531067848205566,True,2
cam0,194,4,887.6828002929688,293.9783020019531,0.12175954133272171,True,802.0989990234375,209.0089874267578,0.05134788155555725,True,-1
cam0,194,5,815.8295288085938,472.3237609863281,0.11467939615249634,True,684.6642456054688,323.861572265625,0.03640172258019447,True,1
cam0,194,6,799.013671875,416.7088317871094,0.09326775372028351,True,435.7261657714844,259.9191589355469,0.035181641578674316,True,-1
cam0,194,7,643.2086181640625,232.27273559570312,0.051748789846897125,True,483.4376525878906,476.29150390625,0.032200317829847336,True,-1
cam0,195,0,1163.11181640625,320.5112609863281,0.45241203904151917,True,1155.7088623046875,321.9684753417969,0.6385876536369324,True,0
cam0,195,1,1076.94384765625,282.2867126464844,0.21894028782844543,True,815.72119140625,477.9991455078125,0.16260594129562378,True,-1
cam0,195,2,991.4885864257812,307.8373107910156,0.15971951186656952,True,811.20068359375,329.2716369628906,0.12349991500377655,True,-1
cam0,195,3,815.9551391601562,328.3428649902344,0.13310010731220245,True,555.9308471679688,245.21595764160156,0.11662784218788147,True,2
cam0,195,4,885.4978637695312,306.95257568359375,0.11247812956571579,True,483.893798828125,475.30963134765625,0.05264889821410179,True,-1
cam0,195,5,814.9913330078125,475.46844482421875,0.10544709116220474,True,801.4263916015625,205.09104919433594,0.05071771517395973,True,1
cam0,195,6,557.3028564453125,238.8492889404297,0.047631192952394485,True,435.4302062988281,259.2243347167969,0.03249288722872734,True,3
cam0,195,7,640.6868896484375,234.3115997314453,0.04177303984761238,True,257.6624755859375,270.9468078613281,0.02749776840209961,True,-1
cam0,196,0,1157.2301025390625,319.388427734375,0.4577997326850891,True,1154.8245849609375,323.0835266113281,0.6468759775161743,True,0
cam0,196,1,1061.2750244140625,276.64239501953125,0.20558039844036102,True,814.34228515625,479.4611511230469,0.1649017482995987,True,-1
cam0,196,2,981.1826782226562,297.3259582519531,0.17833343148231506,True,812.396484375,327.1722412109375,0.1288764476776123,True,-1
cam0,196,3,813.0070190429688,327.6666564941406,0.14962081611156464,True,556.67138671875,245.26466369628906,0.09032230079174042,True,2
cam0,196,4,886.3391723632812,319.9486389160156,0.11760588735342026,True,484.5216369628906,477.2633972167969,0.05836005508899689,True,-1
cam0,196,5,812.5313720703125,478.7779235839844,0.11018936336040497,True,255.5687713623047,270.515380859375,0.0315433070063591,True,1
cam0,196,6,553.864501953125,240.81393432617188,0.03655366972088814,True,1548.05322265625,455.3954162597656,0.028182683512568474,True,3
cam0,196,7,636.6464233398438,238.80332946777344,0.03633537143468857,True,500.0289001464844,375.1675109863281,0.026087870821356773,True,-1
cam0,197,0,1151.582763671875,319.85772705078125,0.46755310893058777,True,1155.241943359375,323.6817932128906,0.6286624073982239,True,0
cam0,197,1,1063.5843505859375,258.1997985839844,0.20125102996826172,True,813.1489868164062,470.65252685546875,0.1897369623184204,True,-1
cam0,197,2,809.105224609375,472.60247802734375,0.1469254493713379,True,812.2025146484375,327.49072265625,0.11764945834875107,True,1
cam0,197,3,815.0791625976562,327.9681396484375,0.14260561764240265,True,556.9666137695312,244.50363159179688,0.08601749688386917,True,2
cam0,197,4,887.1998291015625,334.6471252441406,0.13524532318115234,True,484.2288818359375,473.5123596191406,0.06822018325328827,True,-1
cam0,197,5,972.2192993164062,297.0243835449219,0.1352086067199707,True,987.1693115234375,368.889404296875,0.06278091669082642,True,-1
cam0,197,6,1131.655517578125,184.7481689453125,0.11148367822170258,True,250.34034729003906,262.2599792480469,0.036691293120384216,True,-1
cam0,197,7,667.6396484375,331.9469299316406,0.04184841364622116,True,1547.5556640625,452.6535949707031,0.03005739487707615,True,-1
cam0,198,0,1154.463623046875,325.96923828125,0.5412079095840454,True,1155.0635986328125,326.8510437011719,0.6953619122505188,True,0
cam0,198,1,891.7776489257812,332.609375,0.16017483174800873,True,813.4411010742188,473.0605163574219,0.19358675181865692,True,-1
cam0,198,2,817.6071166992188,330.4576110839844,0.1416155844926834,True,802.4656372070312,323.41015625,0.09149962663650513,True,2
cam0,198,3,812.804443359375,473.65423583984375,0.1406676471233368,True,484.7643127441406,476.0048522949219,0.06604456156492233,True,1
cam0,198,4,965.1198120117188,305.6025695800781,0.13442681729793549,True,791.350830078125,201.93109130859375,0.04560434818267822,True,-1
cam0,198,5,1131.644287109375,190.69163513183594,0.1176752895116806,True,1154.4208984375,213.9915771484375,0.044695284217596054,True,-1
cam0,198,6,799.2601318359375,409.8631286621094,0.08354006707668304,True,556.9376220703125,255.61148071289062,0.03964605927467346,True,-1
cam0,198,7,738.7444458007812,288.2480773925781,0.06154121458530426,True,497.93365478515625,269.4852294921875,0.036585792899131775,True,-1
cam0,199,0,1148.869384765625,323.0346374511719,0.5840924382209778,True,1153.09521484375,324.65802001953125,0.7182884812355042,True,0
cam0,199,1,901.898681640625,322.49041748046875,0.1518230140209198,True,807.2024536132812,482.13250732421875,0.20128285884857178,True,-1
cam0,199,2,805.7335815429688,481.1036071777344,0.14532597362995148,True,795.5016479492188,320.11309814453125,0.08428506553173065,True,1
cam0,199,3,825.8182373046875,323.00689697265625,0.1351071000099182,True,484.7225036621094,473.947998046875,0.08124357461929321,True,-1
cam0,199,4,1130.435791015625,185.41244506835938,0.1294269561767578,True,994.3250122070312,227.7477569580078,0.05923142284154892,True,-1
cam0,199,5,968.016845703125,308.023193359375,0.1259727030992508,True,983.3836059570312,310.5450134277344,0.05508515611290932,True,5
cam0,199,6,800.1439819335938,411.7940673828125,0.09495215862989426,True,501.20123291015625,270.8133544921875,0.049160394817590714,True,-1
cam0,199,7,730.8067016601562,293.4131164550781,0.0725308358669281,True,794.9231567382812,199.82315063476562,0.045777127146720886,True,-1
cam0,200,0,1153.3856201171875,326.45098876953125,0.5800318121910095,True,1154.252197265625,326.40618896484375,0.7308840751647949,True,0
cam0,200,1,904.5418090820312,312.4962158203125,0.16359226405620575,True,813.1336059570312,473.21875,0.1992722749710083,True,-1
cam0,200,2,825.6570434570312,324.43572998046875,0.1361405998468399,True,794.0489501953125,318.1614990234375,0.09113667160272598,True,-1
cam0,200,3,811.8096313476562,475.6955871582031,0.13370110094547272,True,486.5690612792969,474.94708251953125,0.08133366703987122,True,1
cam0,200,4,1084.428466796875,201.09959411621094,0.1320641040802002,True,999.7560424804688,222.36923217773438,0.05660136789083481,True,-1
cam0,200,5,802.7605590820312,413.0455627441406,0.09815189242362976,True,980.95166015625,319.86572265625,0.0488906167447567,True,-1
cam0,200,6,736.1492919921875,293.66644287109375,0.07545547932386398,True,507.01788330078125,232.49537658691406,0.041763365268707275,True,-1
cam0,200,7,485.6213073730469,472.7354736328125,0.02948693372309208,True,798.69482421875,203.07115173339844,0.037777628749608994,True,3
cam0,201,0,1150.685302734375,327.39630126953125,0.6065160036087036,True,1153.4498291015625,326.43634033203125,0.7678676843643188,True,0
cam0,201,1,1079.423828125,282.2837829589844,0.22380858659744263,True,809.8372802734375,472.3249816894531,0.1910628378391266,True,-1
cam0,201,2,909.1585083007812,312.1558837890625,0.1708659678697586,True,790.4688720703125,311.6490173339844,0.08583410829305649,True,-1
cam0,201,3,1093.040771484375,200.8556671142578,0.15913045406341553,True,487.3865051269531,476.4027404785156,0.08516310155391693,True,-1
cam0,201,4,809.458740234375,468.9472961425781,0.13602091372013092,True,999.3753662109375,218.318115234375,0.06582295149564743,True,1
cam0,201,5,979.7232055664062,277.7634582519531,0.12594403326511383,True,1002.0545654296875,359.0311584472656,0.05181209743022919,True,-1
cam0,201,6,820.9940795898438,328.757080078125,0.11795365065336227,True,512.049560546875,245.5929412841797,0.0502486377954483,True,-1
cam0,201,7,741.967041015625,294.5372619628906,0.08713444322347641,True,805.28271484375,202.0284881591797,0.04333309829235077,True,-1
cam0,202,0,1151.0478515625,324.4754333496094,0.5809701085090637,True,1151.2496337890625,325.4964599609375,0.8547089695930481,True,0
cam0,202,1,809.7542114257812,470.9944152832031,0.12148627638816833,True,812.2633666992188,470.1042785644531,0.11883937567472458,True,1
cam0,202,2,981.4193725585938,276.9230041503906,0.11654148995876312,True,789.4935913085938,315.67779541015625,0.06166447326540947,True,-1
cam0,202,3,915.900634765625,319.7960205078125,0.10531776398420334,True,513.8489379882812,244.62258911132812,0.032161958515644073,True,-1
cam0,202,4,753.7605590820312,304.56097412109375,0.09497497230768204,True,999.4949340820312,235.07334899902344,0.030527282506227493,True,-1
cam0,202,5,828.9395141601562,334.0477294921875,0.06816770136356354,True,483.77874755859375,472.1967468261719,0.03039158321917057,True,-1
cam0,202,6,516.2181396484375,255.04718017578125,0.0370892696082592,True,1461.396728515625,463.1549072265625,0.02977122738957405,True,3
cam0,202,7,653.326416015625,354.80712890625,0.027448691427707672,True,1061.875244140625,363.3756408691406,0.026688111945986748,True,-1
cam0,203,0,1147.7235107421875,327.416748046875,0.6194326877593994,True,1149.2666015625,327.7052001953125,0.8586191534996033,True,0
cam0,203,1,1080.714111328125,233.5521697998047,0.17577165365219116,True,810.5689086914062,476.44085693359375,0.11797428876161575,True,-1
cam0,203,2,912.3618774414062,327.626220703125,0.11152726411819458,True,792.6707153320312,318.0016784667969,0.05392320454120636,True,-1
cam0,203,3,808.5428466796875,474.7631530761719,0.10405971854925156,True,513.8976440429688,246.75860595703125,0.0371318981051445,True,1
cam0,203,4,982.4472045898438,274.72698974609375,0.08937880396842957,True,482.6048583984375,473.3017578125,0.03438534960150719,True,7
cam0,203,5,799.72314453125,414.9169006347656,0.08648592978715897,True,1461.77685546875,460.4306335449219,0.03408375754952431,True,-1
cam0,203,6,730.0228881835938,316.3135986328125,0.07889549434185028,True,793.1665649414062,205.0424346923828,0.027692846953868866,True,-1
cam0,203,7,835.70703125,326.214111328125,0.0764947161078453,True,996.538818359375,263.1925048828125,0.023984869942069054,True,-1
cam0,204,0,1140.0853271484375,327.10394287109375,0.6125550270080566,True,1144.221435546875,326.774658203125,0.8568021655082703,True,0
cam0,204,1,1081.37744140625,223.4435272216797,0.17254889011383057,True,805.8473510742188,477.1241760253906,0.12546370923519135,True,-1
cam0,204,2,909.8844604492188,322.2533264160156,0.11496923863887787,True,796.4522094726562,325.8841552734375,0.05204214155673981,True,-1
cam0,204,3,803.8926391601562,479.4330139160156,0.10069748759269714,True,482.7085266113281,474.43634033203125,0.03328055143356323,True,1
cam0,204,4,833.9473876953125,322.4882507324219,0.09961114823818207,True,549.8082275390625,262.85260009765625,0.03307593986392021,True,-1
cam0,204,5,800.1236572265625,416.4847412109375,0.08903375267982483,True,1467.8824462890625,461.8334045410156,0.029387006536126137,True,-1
cam0,204,6,729.2416381835938,315.12109375,0.07779926806688309,True,791.7049560546875,212.25906372070312,0.023990998044610023,True,-1
cam0,204,7,984.8781127929688,263.9874572753906,0.07367698103189468,True,1000.2388305664062,267.6883239746094,0.021276704967021942,True,7
cam0,205,0,1144.0926513671875,324.8032531738281,0.6223316192626953,True,1143.754638671875,325.94683837890625,0.8431094884872437,True,0
cam0,205,1,1079.274169921875,216.11468505859375,0.18228904902935028,True,806.9963989257812,480.6524353027344,0.122340627014637,True,-1
cam0,205,2,908.622314453125,315.6938171386719,0.11606407165527344,True,805.7412719726562,331.1338806152344,0.0444214828312397,True,-1
cam0,205,3,839.6576538085938,312.1968078613281,0.1113901436328888,True,555.8602294921875,262.0198059082031,0.04296427592635155,True,-1
cam0,205,4,804.2173461914062,460.4029235839844,0.11044599115848541,True,1045.442626953125,275.9322814941406,0.029689446091651917,True,-1
cam0,205,5,987.8399047851562,261.6994323730469,0.08833175152540207,True,797.6892700195312,214.69613647460938,0.02946435660123825,True,-1
cam0,205,6,726.915771484375,300.15411376953125,0.07025112956762314,True,1475.939697265625,459.2838134765625,0.024519775062799454,True,-1
cam0,205,7,556.8418579101562,261.2726135253906,0.049110665917396545,True,483.05584716796875,476.9121398925781,0.024303242564201355,True,3
cam0,206,0,1138.3704833984375,328.63623046875,0.6284177899360657,True,1145.1829833984375,325.9388732910156,0.8254839777946472,True,0
cam0,206,1,831.3231201171875,322.60968017578125,0.09812017530202866,True,804.9119262695312,478.9431457519531,0.10032782703638077,True,-1
cam0,206,2,804.1373291015625,472.1572265625,0.09124233573675156,True,811.997802734375,337.13409423828125,0.05535031855106354,True,1
cam0,206,3,894.7112426757812,288.42608642578125,0.0778331607580185,True,557.4777221679688,260.5515441894531,0.03971591964364052,True,-1
cam0,206,4,980.3663330078125,285.05828857421875,0.07578256726264954,True,1114.4266357421875,195.9255828857422,0.029322762042284012,True,-1
cam0,206,5,1078.566650390625,197.72669982910156,0.0677008181810379,True,719.9515991210938,264.8094482421875,0.02777646854519844,True,-1
cam0,206,6,1129.6531982421875,432.5063781738281,0.04771983623504639,True,799.4611206054688,219.5056610107422,0.0263501163572073,True,-1
cam0,206,7,710.3920288085938,291.5232238769531,0.041151318699121475,True,0.0,1079.0,0.02388818934559822,True,-1
cam0,207,0,1138.2542724609375,327.37652587890625,0.6445083022117615,True,1138.7337646484375,333.30511474609375,0.8098955154418945,True,0
cam0,207,1,827.2926025390625,324.0766906738281,0.09394913911819458,True,806.153076171875,474.2236328125,0.09209195524454117,True,2
cam0,207,2,973.2625732421875,302.7436218261719,0.08494748920202255,True,813.3373413085938,333.4561767578125,0.04853292554616928,True,-1
cam0,207,3,888.19921875,287.7007751464844,0.07970782369375229,True,552.2119140625,255.17442321777344,0.034893546253442764,True,-1
cam0,207,4,803.7003173828125,468.9501037597656,0.07609295845031738,True,1113.1513671875,192.10922241210938,0.03085528127849102,True,1
cam0,207,5,1089.4322509765625,204.18939208984375,0.05511976405978203,True,800.9888305664062,216.88059997558594,0.030476724728941917,True,-1
cam0,207,6,1133.2208251953125,435.7263488769531,0.03907804936170578,True,679.8047485351562,283.24578857421875,0.025172483175992966,True,-1
cam0,207,7,705.3011474609375,300.236572265625,0.03207014873623848,True,0.0,1079.0,0.022059539332985878,True,-1
cam0,208,0,1137.751953125,335.4841613769531,0.6608828902244568,True,1139.3369140625,335.1935729980469,0.7760961651802063,True,0
cam0,208,1,1057.34033203125,299.5765686035156,0.19070856273174286,True,804.7003173828125,475.0514221191406,0.10081019997596741,True,5
cam0,208,2,972.2532958984375,312.70880126953125,0.10815346986055374,True,813.6768188476562,330.9489440917969,0.04599383845925331,True,-1
cam0,208,3,824.4329833984375,328.1597595214844,0.09483026713132858,True,1107.955322265625,186.98721313476562,0.04324756935238838,True,2
cam0,208,4,804.4838256835938,470.7422180175781,0.08448224514722824,True,510.6737976074219,234.25384521484375,0.04123542085289955,True,1
cam0,208,5,887.0255737304688,293.1270751953125,0.07676924765110016,True,1043.293212890625,296.12554931640625,0.038164179772138596,True,-1
cam0,208,6,509.9656982421875,224.67984008789062,0.04817482456564903,True,791.6556396484375,223.66554260253906,0.027993101626634598,True,4
cam0,208,7,695.2594604492188,312.3716735839844,0.03641048073768616,True,683.1954345703125,286.2832946777344,0.024376913905143738,True,-1
cam0,209,0,1137.747802734375,337.1318054199219,0.6485924124717712,True,1139.8167724609375,335.6369934082031,0.7672881484031677,True,0
cam0,209,1,1051.36572265625,296.47918701171875,0.154314786195755,True,803.5798950195312,472.9740905761719,0.09659892320632935,True,4
cam0,209,2,977.6563110351562,315.47039794921875,0.10291073471307755,True,1104.868896484375,185.02081298828125,0.05293178930878639,True,-1
cam0,209,3,821.2943725585938,322.80230712890625,0.08946111053228378,True,507.3424987792969,228.93687438964844,0.04678358510136604,True,5
cam0,209,4,890.0921020507812,288.0058898925781,0.07999206334352493,True,1042.0452880859375,295.5408630371094,0.04513200744986534,True,-1
cam0,209,5,801.91455078125,465.5257568359375,0.07966617494821548,True,808.5477294921875,330.1070861816406,0.03932633996009827,True,1
cam0,209,6,891.9131469726562,365.92840576171875,0.05461782217025757,True,789.636474609375,224.41493225097656,0.02940209209918976,True,-1
cam0,209,7,505.9579162597656,220.59866333007812,0.05282675102353096,True,574.9197998046875,254.54605102539062,0.02701619453728199,True,3
cam0,210,0,1137.5526123046875,338.4486083984375,0.75106281042099,True,1138.56982421875,338.3162536621094,0.8472719788551331,True,0
cam0,210,1,1029.033203125,300.0190734863281,0.07157695293426514,True,803.1312866210938,469.6358337402344,0.08758541941642761,True,-1
cam0,210,2,802.1419677734375,459.3662414550781,0.05768269672989845,True,503.63751220703125,221.9645538330078,0.03681248053908348,True,1
cam0,210,3,1119.7591552734375,254.15464782714844,0.05685865879058838,True,798.5148315429688,331.94390869140625,0.03559752181172371,True,-1
cam0,210,4,794.0366821289062,415.0933837890625,0.05282372981309891,True,1108.9447021484375,191.93492126464844,0.02693387120962143,True,-1
cam0,210,5,804.784423828125,323.8553161621094,0.044544585049152374,True,0.0,1079.0,0.023260680958628654,True,3
cam0,210,6,756.8212280273438,293.69921875,0.042170632630586624,True,0.0,18.779802322387695,0.01656479388475418,True,-1
cam0,210,7,889.2216186523438,287.7386779785156,0.034282561391592026,True,1919.0,1079.0,0.0164750125259161,True,-1
cam0,211,0,1137.9610595703125,339.0953674316406,0.7435782551765442,True,1136.982666015625,339.8383483886719,0.8570126891136169,True,0
cam0,211,1,1028.0579833984375,306.2107238769531,0.0727681890130043,True,802.9534301757812,468.0732116699219,0.09244167804718018,True,-1
cam0,211,2,1103.880615234375,246.90347290039062,0.06689749658107758,True,502.41510009765625,223.252197265625,0.05094658210873604,True,-1
cam0,211,3,801.4486694335938,465.10589599609375,0.05611288547515869,True,799.651611328125,331.6391906738281,0.031593263149261475,True,1
cam0,211,4,790.2828369140625,412.61370849609375,0.05583762004971504,True,1117.14013671875,212.05294799804688,0.02448614500463009,True,-1
cam0,211,5,754.712646484375,299.35211181640625,0.037566881626844406,True,0.0,1079.0,0.0214831605553627,True,-1
cam0,211,6,815.7720947265625,326.21044921875,0.03463849425315857,True,1919.0,0.0,0.017157262191176414,True,3
cam0,211,7,888.1697998046875,291.8985290527344,0.031012851744890213,True,0.0,18.819608688354492,0.01647328771650791,True,-1
cam0,212,0,1136.502197265625,337.1451721191406,0.7214304208755493,True,1133.76171875,339.474365234375,0.8539390563964844,True,0
cam0,212,1,1097.0291748046875,245.24554443359375,0.08693856745958328,True,801.4347534179688,465.150390625,0.0781102105975151,True,-1
cam0,212,2,1030.9091796875,311.8283386230469,0.07829315960407257,True,503.34759521484375,222.65792846679688,0.05122484266757965,True,-1
cam0,212,3,795.963623046875,427.57159423828125,0.06337092816829681,True,802.3245849609375,329.6703796386719,0.03784486651420593,True,-1
cam0,212,4,749.5411987304688,302.26409912109375,0.04445704072713852,True,1115.86962890625,219.13668823242188,0.024824200198054314,True,-1
cam0,212,5,820.1305541992188,327.95172119140625,0.03888359293341637,True,0.0,1079.0,0.02068403549492359,True,3
cam0,212,6,0.0,1078.5,0.02135799638926983,True,1032.1593017578125,373.1878662109375,0.018455607816576958,True,5
cam0,212,7,513.28857421875,235.61358642578125,0.020949145779013634,True,1919.0,0.0,0.017262520268559456,True,2
cam0,213,0,1132.8419189453125,338.9444274902344,0.7374680638313293,True,1133.5635986328125,340.49169921875,0.8482528328895569,True,0
cam0,213,1,1097.3934326171875,247.85060119628906,0.11036606878042221,True,798.64794921875,452.7529296875,0.08972950279712677,True,4
cam0,213,2,1048.17529296875,306.47698974609375,0.08118636161088943,True,503.1549987792969,222.6886749267578,0.05105669051408768,True,-1
cam0,213,3,796.4205932617188,443.18829345703125,0.07068067789077759,True,803.3245239257812,330.1843566894531,0.04306817427277565,True,1
cam0,213,4,750.3995971679688,303.8822937011719,0.05202171579003334,True,1107.3453369140625,238.62554931640625,0.02479664236307144,True,-1
cam0,213,5,830.3617553710938,319.7178039550781,0.04881051555275917,True,994.4243774414062,367.3860778808594,0.024537893012166023,True,-1
cam0,213,6,520.779541015625,241.78314208984375,0.022740183398127556,True,0.0,1079.0,0.02066386118531227,True,-1
cam0,213,7,0.0,1078.5,0.021184613928198814,True,819.9627075195312,215.88238525390625,0.020471083000302315,True,6
cam0,214,0,1131.1171875,341.1603698730469,0.6320878267288208,True,1131.3309326171875,341.6643981933594,0.7739517092704773,True,0
cam0,214,1,1074.1866455078125,273.0149230957031,0.17834866046905518,True,799.6265869140625,443.8887023925781,0.1127515658736229,True,-1
cam0,214,2,797.5859985351562,451.6236572265625,0.11016607284545898,True,804.1241455078125,330.7440185546875,0.06483451277017593,True,1
cam0,214,3,896.4812622070312,273.241943359375,0.07240387052297592,True,501.6158752441406,224.37635803222656,0.05528124421834946,True,-1
cam0,214,4,887.2761840820312,358.671630859375,0.06764394044876099,True,743.0259399414062,278.1888427734375,0.046847935765981674,True,-1
cam0,214,5,958.113525390625,300.57855224609375,0.06708173453807831,True,1104.5018310546875,255.16001892089844,0.03282760828733444,True,-1
cam0,214,6,831.3350219726562,320.3608093261719,0.06265036761760712,True,761.5497436523438,159.41273498535156,0.030097663402557373,True,-1
cam0,214,7,728.2577514648438,313.6737060546875,0.05458436533808708,True,1126.4453125,112.0702133178711,0.024143541231751442,True,-1
cam0,215,0,1123.384033203125,350.0694580078125,0.648945152759552,True,1124.9521484375,351.0040283203125,0.7838579416275024,True,0
cam0,215,1,1072.124755859375,270.03155517578125,0.19688062369823456,True,798.5139770507812,449.3757019042969,0.09589289128780365,True,-1
cam0,215,2,787.5681762695312,410.9046325683594,0.10018042474985123,True,503.0705261230469,229.21401977539062,0.0606578066945076,True,-1
cam0,215,3,888.2122192382812,360.3627014160156,0.07466277480125427,True,802.9808959960938,327.3131408691406,0.0528714545071125,True,-1
cam0,215,4,895.7691650390625,274.7620849609375,0.07213994115591049,True,741.8933715820312,279.1642150878906,0.041423458606004715,True,-1
cam0,215,5,949.2958374023438,220.2467041015625,0.05200331285595894,True,1139.1148681640625,116.91353607177734,0.03742111101746559,True,-1
cam0,215,6,722.853515625,311.48431396484375,0.05028011277318001,True,1000.927978515625,363.5143127441406,0.03356623277068138,True,-1
cam0,215,7,520.6607666015625,238.84483337402344,0.03630872815847397,True,761.49951171875,163.2203369140625,0.029135899618268013,True,-1
cam0,216,0,1125.037841796875,357.27093505859375,0.6208260655403137,True,1125.6419677734375,355.98101806640625,0.7550402879714966,True,0
cam0,216,1,1076.8641357421875,264.689697265625,0.21138812601566315,True,795.36328125,455.6866149902344,0.10629848390817642,True,-1
cam0,216,2,792.4751586914062,453.78997802734375,0.10897233337163925,True,509.5745849609375,242.05918884277344,0.06531649827957153,True,1
cam0,216,3,888.6551513671875,362.8277893066406,0.08242549747228622,True,1141.671630859375,115.70198822021484,0.04947127401828766,True,-1
cam0,216,4,886.3134155273438,275.3890686035156,0.07245250791311264,True,808.043212890625,322.2707214355469,0.04894951358437538,True,-1
cam0,216,5,1000.593994140625,383.68975830078125,0.058047495782375336,True,992.9908447265625,376.2068786621094,0.034642335027456284,True,5
cam0,216,6,951.5109252929688,219.96510314941406,0.05104151740670204,True,760.4412231445312,170.7289581298828,0.025468546897172928,True,-1
cam0,216,7,722.8932495117188,313.12200927734375,0.044885117560625076,True,510.971923828125,366.2998352050781,0.024687061086297035,True,-1
cam0,217,0,1121.69140625,355.20947265625,0.6784148216247559,True,1123.27587890625,355.0693054199219,0.7728679776191711,True,0
cam0,217,1,1073.3052978515625,265.5778503417969,0.20003318786621094,True,797.0968627929688,455.4477844238281,0.12054814398288727,True,-1
cam0,217,2,795.3154907226562,453.65521240234375,0.11870001256465912,True,1138.024169921875,115.06391143798828,0.07034719735383987,True,1
cam0,217,3,884.628173828125,364.009765625,0.08862914144992828,True,509.8507080078125,240.49195861816406,0.05570334196090698,True,-1
cam0,217,4,879.9341430664062,280.7973327636719,0.08656736463308334,True,804.9348754882812,321.3132019042969,0.047500018030405045,True,-1
cam0,217,5,996.041259765625,386.114501953125,0.06193843111395836,True,994.1129150390625,387.98980712890625,0.03946279361844063,True,5
cam0,217,6,721.3659057617188,312.068115234375,0.04231885075569153,True,485.85595703125,470.4405822753906,0.02577541396021843,True,-1
cam0,217,7,1140.96435546875,116.42213439941406,0.03641393035650253,True,511.73455810546875,369.0111999511719,0.025406189262866974,True,2
cam0,218,0,1124.48291015625,352.27362060546875,0.4606521427631378,True,1122.287353515625,353.33807373046875,0.5184091329574585,True,0
cam0,218,1,823.305908203125,319.6337890625,0.13565951585769653,True,1036.912109375,365.3872985839844,0.23176151514053345,True,4
cam0,218,2,1095.6822509765625,227.20040893554688,0.11800096184015274,True,801.8863525390625,467.25408935546875,0.12360943853855133,True,7
cam0,218,3,800.5044555664062,465.3703918457031,0.10148485004901886,True,1144.807861328125,118.46566772460938,0.09770263731479645,True,2
cam0,218,4,954.9415893554688,219.83126831054688,0.05631756782531738,True,809.5418701171875,321.39453125,0.05360163748264313,True,-1
cam0,218,5,1144.123046875,118.29427337646484,0.04891591519117355,True,572.6323852539062,239.16561889648438,0.05113616958260536,True,3
cam0,218,6,667.5223388671875,287.34149169921875,0.034274980425834656,True,1548.0369873046875,380.9057922363281,0.03958442807197571,True,-1
cam0,218,7,722.0718994140625,297.7453308105469,0.03326211869716644,True,1108.2098388671875,215.23928833007812,0.038687653839588165,True,-1
cam0,219,0,1119.8607177734375,353.47039794921875,0.47234758734703064,True,1115.535888671875,354.7373962402344,0.5297807455062866,True,0
cam0,219,1,995.8645629882812,375.0668640136719,0.28772738575935364,True,999.4362182617188,370.30657958984375,0.24020546674728394,True,1
cam0,219,2,820.1873779296875,318.2943115234375,0.15780054032802582,True,801.2252807617188,472.25640869140625,0.12125246226787567,True,7
cam0,219,3,1096.103515625,231.55105590820312,0.10751434415578842,True,795.7167358398438,429.02166748046875,0.10550634562969208,True,-1
cam0,219,4,800.4256591796875,470.75946044921875,0.10545993596315384,True,1139.4034423828125,116.33521270751953,0.09031166881322861,True,2
cam0,219,5,795.6929931640625,431.960693359375,0.09271807968616486,True,572.9404296875,241.36537170410156,0.060316745191812515,True,3
cam0,219,6,953.2537231445312,217.95904541015625,0.05781107395887375,True,485.1645812988281,473.8059387207031,0.05205360800027847,True,-1
cam0,219,7,1143.5731201171875,117.5184326171875,0.05643441155552864,True,808.7244262695312,321.6860656738281,0.04992450773715973,True,4
cam0,220,0,1094.8880615234375,361.0294494628906,0.4204815924167633,True,1110.51708984375,357.42901611328125,0.4797170162200928,True,0
cam0,220,1,992.1477661132812,370.71990966796875,0.3166331350803375,True,994.31787109375,369.4573974609375,0.26272445917129517,True,1
cam0,220,2,825.541748046875,315.66741943359375,0.17899182438850403,True,799.697265625,470.0428771972656,0.12893123924732208,True,6
cam0,220,3,797.9738159179688,466.5429992675781,0.1086525171995163,True,795.0349731445312,429.91265869140625,0.12086591869592667,True,2
cam0,220,4,1116.663818359375,269.5002136230469,0.10370644927024841,True,576.9293823242188,243.0257568359375,0.058724746108055115,True,-1
cam0,220,5,1093.1177978515625,233.05113220214844,0.10250262171030045,True,1132.5704345703125,153.51760864257812,0.0581323504447937,True,-1
cam0,220,6,952.4509887695312,219.8487091064453,0.0543961301445961,True,811.3885498046875,322.3788757324219,0.05786542594432831,True,-1
cam0,220,7,573.9893188476562,245.36045837402344,0.05140290409326553,True,486.4385681152344,474.1289978027344,0.0574801042675972,True,4
cam0,221,0,1091.4737548828125,364.83013916015625,0.43319639563560486,True,1111.55419921875,362.4671630859375,0.4755341112613678,True,-1
cam0,221,1,984.7879028320312,369.5795593261719,0.3698866069316864,True,986.5324096679688,369.6678771972656,0.2917924225330353,True,1
cam0,221,2,823.5947265625,315.1034240722656,0.17814140021800995,True,1205.9404296875,379.92510986328125,0.17091797292232513,True,-1
cam0,221,3,794.9192504882812,464.8912658691406,0.1148315966129303,True,797.52587890625,468.62109375,0.12630076706409454,True,3
cam0,221,4,1089.9805908203125,235.81124877929688,0.09293372929096222,True,790.0114135742188,430.0460510253906,0.11640504002571106,True,-1
cam0,221,5,1126.0120849609375,278.60784912109375,0.0880042091012001,True,1126.0257568359375,167.5117950439453,0.0866875872015953,True,-1
cam0,221,6,714.955810546875,320.0933532714844,0.05892369896173477,True,575.1263427734375,242.10963439941406,0.06674381345510483,True,-1
cam0,221,7,906.1843872070312,261.27655029296875,0.05562622472643852,True,487.12103271484375,473.8139343261719,0.05697004869580269,True,-1
cam0,222,0,1091.0821533203125,363.6905517578125,0.41497281193733215,True,1168.369140625,339.5234069824219,0.35840511322021484,True,1
cam0,222,1,991.4823608398438,370.12847900390625,0.34379857778549194,True,1085.185791015625,366.13458251953125,0.3450637757778168,True,2
cam0,222,2,1095.541748046875,212.4322052001953,0.157647967338562,True,991.2950439453125,369.93865966796875,0.2757446765899658,True,-1
cam0,222,3,831.853515625,319.49761962890625,0.09683293104171753,True,783.5567626953125,413.44903564453125,0.1311497986316681,True,-1
cam0,222,4,796.572021484375,460.8740234375,0.08393698930740356,True,798.5910034179688,467.32684326171875,0.12813349068164825,True,4
cam0,222,5,713.7685546875,313.4748840332031,0.08098152279853821,True,1129.0657958984375,173.32363891601562,0.1175302267074585,True,-1
cam0,222,6,996.9307250976562,205.96063232421875,0.04193492978811264,True,487.6453552246094,474.0657653808594,0.09484023600816727,True,-1
cam0,222,7,518.5006713867188,222.51153564453125,0.0416802242398262,True,806.5070190429688,335.2571716308594,0.07352357357740402,True,-1
cam0,223,0,1115.768310546875,371.5242919921875,0.40908655524253845,True,1166.14404296875,342.8668212890625,0.4069477319717407,True,-1
cam0,223,1,1003.7258911132812,371.2851867675781,0.344720721244812,True,1063.7010498046875,362.47119140625,0.3975546658039093,True,-1
cam0,223,2,1094.5230712890625,211.9285888671875,0.20880772173404694,True,983.6221923828125,375.32568359375,0.2319520264863968,True,-1
cam0,223,3,1035.3118896484375,288.766845703125,0.09749229997396469,True,1126.421875,178.07513427734375,0.13273964822292328,True,-1
cam0,223,4,857.3457641601562,308.1380920410156,0.0903506949543953,True,782.54638671875,410.6714782714844,0.12351067364215851,True,-1
cam0,223,5,794.0275268554688,466.593994140625,0.0742570161819458,True,487.7416076660156,475.1883850097656,0.1200980693101883,True,-1
cam0,223,6,720.16748046875,301.5501403808594,0.06267566978931427,True,807.6856689453125,331.8369445800781,0.06406604498624802,True,-1
cam0,223,7,515.3048706054688,220.68333435058594,0.06225363165140152,True,512.637939453125,261.60382080078125,0.062272973358631134,True,-1
cam0,224,0,1032.261962890625,370.2359619140625,0.42555925250053406,True,1060.447998046875,366.1947326660156,0.4518767297267914,True,-1
cam0,224,1,1118.7020263671875,375.015869140625,0.3834703266620636,True,1169.589599609375,339.5740966796875,0.38731250166893005,True,-1
cam0,224,2,1098.077392578125,214.99305725097656,0.18064948916435242,True,783.0762329101562,408.9282531738281,0.14638186991214752,True,-1
cam0,224,3,1032.0721435546875,290.99127197265625,0.11550205945968628,True,488.26300048828125,475.5885009765625,0.12567202746868134,True,-1
cam0,224,4,861.1359252929688,311.0692138671875,0.08638133108615875,True,1126.7740478515625,180.13394165039062,0.09770385921001434,True,-1
cam0,224,5,784.5425415039062,463.20208740234375,0.08381909877061844,True,894.5628662109375,311.6768798828125,0.07621053606271744,True,-1
cam0,224,6,748.4443359375,294.4607238769531,0.06364123523235321,True,802.5604858398438,330.6226501464844,0.07402501255273819,True,-1
cam0,224,7,486.7062072753906,474.95355224609375,0.05687785521149635,True,515.8544921875,219.7089080810547,0.05418621748685837,True,3
cam0,225,0,1050.8544921875,365.6352233886719,0.4242309033870697,True,1056.494140625,365.3939208984375,0.48242369294166565,True,0
cam0,225,1,1128.0316162109375,382.87811279296875,0.39209842681884766,True,1177.049072265625,333.5754699707031,0.3944934010505676,True,-1
cam0,225,2,1093.59814453125,219.39320373535156,0.1956072300672531,True,784.6521606445312,412.2791748046875,0.15633343160152435,True,-1
cam0,225,3,1035.72314453125,289.4964599609375,0.1397676318883896,True,485.5556945800781,472.6845703125,0.13482826948165894,True,-1
cam0,225,4,785.9736328125,413.2077941894531,0.09607604146003723,True,1122.926513671875,184.1033477783203,0.10004375129938126,True,2
cam0,225,5,786.9541625976562,458.5430908203125,0.09402666985988617,True,894.26953125,308.2854919433594,0.08384060859680176,True,-1
cam0,225,6,858.1493530273438,322.1592712402344,0.0922064334154129,True,799.8762817382812,330.3285217285156,0.07840930670499802,True,-1
cam0,225,7,751.9658203125,291.603515625,0.07020534574985504,True,514.6217651367188,216.66891479492188,0.07073881477117538,True,-1
cam0,226,0,1116.0994873046875,371.24493408203125,0.4892900586128235,True,1169.66552734375,329.39495849609375,0.46546217799186707,True,1
cam0,226,1,1095.5062255859375,209.4387969970703,0.1684546023607254,True,1112.187744140625,379.3964538574219,0.2883886992931366,True,-1
cam0,226,2,781.9776611328125,416.29974365234375,0.10605984926223755,True,485.84710693359375,474.44427490234375,0.17729829251766205,True,3
cam0,226,3,1006.4996337890625,303.4541320800781,0.09889617562294006,True,781.9861450195312,414.4609375,0.16097895801067352,True,-1
cam0,226,4,859.5240478515625,354.226806640625,0.09649307280778885,True,1037.834716796875,280.3607177734375,0.08743984997272491,True,6
cam0,226,5,787.4269409179688,465.58294677734375,0.0870409607887268,True,799.9171752929688,327.8084411621094,0.08138515055179596,True,-1
cam0,226,6,916.7137451171875,260.1878967285156,0.06651584804058075,True,873.8660888671875,363.5940856933594,0.07270828634500504,True,-1
cam0,226,7,730.2568359375,275.8691101074219,0.05176795646548271,True,514.374267578125,218.54391479492188,0.05580425262451172,True,-1
cam0,227,0,1107.841552734375,373.63787841796875,0.574805498123169,True,1170.21484375,328.8368225097656,0.4283226430416107,True,1
cam0,227,1,1096.300537109375,207.6860809326172,0.17751625180244446,True,1104.36181640625,378.5800476074219,0.36836013197898865,True,-1
cam0,227,2,779.078857421875,414.3588562011719,0.10341308265924454,True,782.9137573242188,411.0011291503906,0.1971062868833542,True,2
cam0,227,3,875.501708984375,359.4035339355469,0.09490638226270676,True,485.9624938964844,474.8427734375,0.18711170554161072,True,6
cam0,227,4,1002.918701171875,302.5013732910156,0.0905189961194992,True,1037.353515625,278.3340148925781,0.08860205113887787,True,-1
cam0,227,5,905.7169799804688,266.1809387207031,0.08526597917079926,True,513.6228637695312,217.92221069335938,0.08447842299938202,True,-1
cam0,227,6,785.4452514648438,464.383056640625,0.08134252578020096,True,879.7578125,361.6941223144531,0.08423367142677307,True,-1
cam0,227,7,485.80328369140625,474.4528503417969,0.0689418688416481,True,799.30078125,328.12054443359375,0.06919290125370026,True,3
cam0,228,0,1106.2454833984375,369.4897155761719,0.6062024235725403,True,1174.91162109375,329.0295715332031,0.38406288623809814,True,1
cam0,228,1,1099.500244140625,212.5769500732422,0.17864109575748444,True,1104.796142578125,371.0086364746094,0.38271766901016235,True,6
cam0,228,2,784.0203857421875,415.2972106933594,0.12071564048528671,True,785.0343627929688,412.9842224121094,0.21239128708839417,True,2
cam0,228,3,897.8438110351562,362.91461181640625,0.10627361387014389,True,486.42083740234375,473.835205078125,0.19157472252845764,True,4
cam0,228,4,1005.87890625,305.3515625,0.09756551682949066,True,891.4124145507812,359.6592712402344,0.1030750721693039,True,-1
cam0,228,5,903.5833740234375,263.53912353515625,0.0879121646285057,True,1041.2293701171875,283.2902526855469,0.09716547280550003,True,-1
cam0,228,6,487.3916931152344,475.41607666015625,0.07456168532371521,True,1086.3685302734375,221.045166015625,0.06625702232122421,True,3
cam0,228,7,1202.76708984375,256.3235168457031,0.0489489883184433,True,770.2817993164062,300.50286865234375,0.06391126662492752,True,-1
cam0,229,0,1109.4425048828125,368.89898681640625,0.6162752509117126,True,1169.1873779296875,330.09796142578125,0.38123688101768494,True,1
cam0,229,1,1095.204345703125,216.3529815673828,0.15184076130390167,True,1108.2744140625,373.10577392578125,0.3798297941684723,True,7
cam0,229,2,787.4298706054688,456.2662048339844,0.11859484761953354,True,783.5204467773438,412.1416015625,0.21572503447532654,True,-1
cam0,229,3,894.9793090820312,362.6195983886719,0.11297807842493057,True,485.960205078125,480.0063781738281,0.18755264580249786,True,4
cam0,229,4,905.47119140625,264.432861328125,0.0847669169306755,True,900.9846801757812,355.09576416015625,0.11385239660739899,True,-1
cam0,229,5,1007.523193359375,300.94189453125,0.08277903497219086,True,1042.3172607421875,281.22772216796875,0.1063668355345726,True,-1
cam0,229,6,829.3868408203125,322.5944519042969,0.06362660229206085,True,760.1329956054688,292.1223449707031,0.07783318310976028,True,-1
cam0,229,7,487.8275451660156,477.24407958984375,0.06287012994289398,True,1089.07177734375,219.42120361328125,0.07731766998767853,True,3
cam0,230,0,1118.0213623046875,375.8317565917969,0.5915817022323608,True,1118.9052734375,376.770751953125,0.46561670303344727,True,0
cam0,230,1,1097.83544921875,252.29354858398438,0.17921695113182068,True,787.2879028320312,456.4582824707031,0.14521032571792603,True,-1
cam0,230,2,787.1378173828125,454.8760070800781,0.13151773810386658,True,782.8047485351562,415.2268981933594,0.13684989511966705,True,1
cam0,230,3,896.7316284179688,363.5272216796875,0.07537100464105606,True,893.9398193359375,363.4779052734375,0.09281782805919647,True,3
cam0,230,4,851.8587646484375,317.8009033203125,0.05687697231769562,True,763.2703857421875,300.88177490234375,0.08857172727584839,True,-1
cam0,230,5,769.9080810546875,305.6840515136719,0.048381734639406204,True,486.82586669921875,474.9238586425781,0.08076919615268707,True,4
cam0,230,6,490.3774108886719,476.43780517578125,0.030841872096061707,True,1041.6888427734375,282.3304138183594,0.07141100615262985,True,5
cam0,230,7,523.8358764648438,216.7687530517578,0.026408784091472626,True,813.8677978515625,195.34698486328125,0.0263474490493536,True,-1
cam0,231,0,1122.8612060546875,378.2646179199219,0.6135075688362122,True,1123.381591796875,383.7622375488281,0.5103411078453064,True,0
cam0,231,1,1095.0035400390625,245.42617797851562,0.16328316926956177,True,782.0455322265625,423.354248046875,0.13752759993076324,True,-1
cam0,231,2,782.1876220703125,425.08001708984375,0.1332639753818512,True,791.9349975585938,465.0303039550781,0.1290842741727829,True,1
cam0,231,3,1030.5694580078125,368.358154296875,0.1322576254606247,True,485.602783203125,472.6790771484375,0.10622643679380417,True,-1
cam0,231,4,855.56787109375,312.8700256347656,0.06242256611585617,True,879.2197875976562,359.5593566894531,0.08794288337230682,True,-1
cam0,231,5,946.5036010742188,319.6446228027344,0.06092366576194763,True,765.8142700195312,306.2890930175781,0.06891684979200363,True,-1
cam0,231,6,917.8814086914062,367.282470703125,0.05713403970003128,True,512.9125366210938,240.22967529296875,0.028743203729391098,True,-1
cam0,231,7,488.1437683105469,472.9128723144531,0.05207280069589615,True,1584.6607666015625,459.517333984375,0.028535570949316025,True,3
cam0,232,0,1126.5687255859375,384.6007995605469,0.6024892926216125,True,1124.6197509765625,388.0444641113281,0.5561026930809021,True,0
cam0,232,1,1100.7838134765625,253.6547393798828,0.16235233843326569,True,781.9017944335938,429.6510314941406,0.1452534794807434,True,-1
cam0,232,2,1025.3079833984375,367.92181396484375,0.15541721880435944,True,1043.7950439453125,359.7558898925781,0.14014498889446259,True,-1
cam0,232,3,782.5145263671875,431.10491943359375,0.13280652463436127,True,486.6170959472656,473.1888122558594,0.11537757515907288,True,1
cam0,232,4,852.683349609375,323.3565979003906,0.07076868414878845,True,865.8145751953125,355.3113708496094,0.10166183859109879,True,-1
cam0,232,5,488.6585998535156,473.9515075683594,0.07035376131534576,True,768.181884765625,311.4414978027344,0.05606580525636673,True,3
cam0,232,6,945.8621826171875,313.223388671875,0.06837861984968185,True,1580.541748046875,458.5726623535156,0.038481805473566055,True,-1
cam0,232,7,757.810302734375,308.5186462402344,0.04517838731408119,True,507.6293640136719,272.238525390625,0.0300961472094059,True,5
cam0,233,0,1132.489990234375,385.1004943847656,0.6152185201644897,True,1133.4912109375,385.6184387207031,0.5991274118423462,True,0
cam0,233,1,1103.869140625,259.22052001953125,0.17161448299884796,True,1046.20654296875,354.5403747558594,0.15241755545139313,True,-1
cam0,233,2,1021.1893920898438,368.5279541015625,0.16714660823345184,True,783.7236328125,428.3598937988281,0.14328742027282715,True,-1
cam0,233,3,784.8916625976562,423.42620849609375,0.15177606046199799,True,485.75244140625,472.6341247558594,0.1358698606491089,True,2
cam0,233,4,949.9849243164062,308.17095947265625,0.08470240235328674,True,861.1253662109375,355.5900573730469,0.1121242493391037,True,-1
cam0,233,5,488.3206481933594,473.8724060058594,0.082100048661232,True,1123.4534912109375,284.8163146972656,0.07942001521587372,True,3
cam0,233,6,850.9169921875,319.8257141113281,0.0765373706817627,True,773.9469604492188,315.5505065917969,0.05449119955301285,True,-1
cam0,233,7,757.9859619140625,305.9153747558594,0.052079711109399796,True,504.27642822265625,275.2100524902344,0.04100853577256203,True,6
cam0,234,0,1137.150634765625,387.39483642578125,0.4542461037635803,True,1137.820556640625,386.82159423828125,0.5283458828926086,True,0
cam0,234,1,487.2981872558594,472.3721923828125,0.14455948770046234,True,486.67596435546875,472.6212158203125,0.22920295596122742,True,1
cam0,234,2,790.9199829101562,451.52691650390625,0.13473466038703918,True,809.22265625,466.1133117675781,0.1536506861448288,True,-1
cam0,234,3,1025.9658203125,371.3970947265625,0.12088502198457718,True,858.7711791992188,360.84820556640625,0.13325200974941254,True,4
cam0,234,4,961.0866088867188,303.72509765625,0.08000792562961578,True,1026.2425537109375,367.7456359863281,0.10163082182407379,True,-1
cam0,234,5,751.77587890625,302.16485595703125,0.07507304847240448,True,785.0027465820312,325.7055969238281,0.06915507465600967,True,-1
cam0,234,6,839.4098510742188,322.13873291015625,0.07190568000078201,True,502.3213806152344,281.0549011230469,0.06054575741291046,True,-1
cam0,234,7,884.9490356445312,289.2216491699219,0.06107184663414955,True,489.4765319824219,379.0530700683594,0.0229740422219038,True,-1
cam0,235,0,1139.2996826171875,385.11810302734375,0.39919596910476685,True,1138.5482177734375,386.3550720214844,0.4854077994823456,True,0
cam0,235,1,487.0702209472656,472.2726745605469,0.156824991106987,True,487.2708435058594,473.7048645019531,0.24460965394973755,True,1
cam0,235,2,1033.2540283203125,369.43743896484375,0.13768349587917328,True,805.94873046875,467.92974853515625,0.18067939579486847,True,-1
cam0,235,3,804.9772338867188,464.7940673828125,0.13232405483722687,True,858.5598754882812,362.6328430175781,0.14989612996578217,True,2
cam0,235,4,780.4786376953125,414.1861572265625,0.1289251446723938,True,781.6140747070312,413.79388427734375,0.13520945608615875,True,4
cam0,235,5,965.9741821289062,306.1488037109375,0.08160281926393509,True,502.23004150390625,284.6131896972656,0.07874351739883423,True,-1
cam0,235,6,950.7109375,377.3494873046875,0.07134836167097092,True,785.238037109375,323.7959899902344,0.054930780082941055,True,-1
cam0,235,7,833.7902221679688,326.4641418457031,0.0706428810954094,True,1091.2994384765625,200.74713134765625,0.03487164154648781,True,-1
cam0,236,0,1136.1497802734375,384.54278564453125,0.3509245216846466,True,1135.2696533203125,386.5093994140625,0.4211357533931732,True,0
cam0,236,1,1168.6614990234375,337.4980163574219,0.3366919755935669,True,487.903564453125,471.79205322265625,0.2600346803665161,True,-1
cam0,236,2,486.5209045410156,470.3999938964844,0.16362625360488892,True,811.9771118164062,468.7146301269531,0.19892871379852295,True,1
cam0,236,3,808.8743286132812,466.3880615234375,0.14669224619865417,True,860.16015625,361.0994567871094,0.1588098406791687,True,2
cam0,236,4,776.478271484375,409.236083984375,0.14648346602916718,True,780.7621459960938,412.0872497558594,0.15672264993190765,True,4
cam0,236,5,970.7191772460938,308.46795654296875,0.08880448341369629,True,504.0881652832031,285.72906494140625,0.06207339093089104,True,-1
cam0,236,6,944.7699584960938,375.7118225097656,0.07784873992204666,True,821.5379638671875,557.442138671875,0.02747146598994732,True,-1
cam0,236,7,829.3185424804688,333.5661926269531,0.07698922604322433,True,484.56378173828125,379.1299133300781,0.02457525208592415,True,-1
cam0,237,0,1169.7542724609375,339.3077087402344,0.36933228373527527,True,1133.13427734375,381.30572509765625,0.4304203987121582,True,-1
cam0,237,1,486.2919921875,467.8577880859375,0.15191222727298737,True,487.6035461425781,463.23126220703125,0.24375952780246735,True,1
cam0,237,2,809.996337890625,465.9473876953125,0.14297252893447876,True,812.1934814453125,467.1688537597656,0.17234444618225098,True,2
cam0,237,3,780.14306640625,415.4793701171875,0.13938719034194946,True,860.8380737304688,358.32550048828125,0.15392227470874786,True,-1
cam0,237,4,970.1849365234375,306.128173828125,0.09730935841798782,True,782.0615234375,325.9216613769531,0.05452553182840347,True,-1
cam0,237,5,948.6000366210938,376.7257080078125,0.08818014711141586,True,503.6798400878906,285.5109558105469,0.05081033706665039,True,-1
cam0,237,6,829.542724609375,334.27960205078125,0.08734795451164246,True,481.9603576660156,376.6924133300781,0.029739951714873314,True,-1
cam0,237,7,747.80615234375,293.2915954589844,0.0600571446120739,True,1513.7586669921875,388.74005126953125,0.02037743106484413,True,-1
cam0,238,0,1169.4075927734375,332.72137451171875,0.3830893933773041,True,1106.616943359375,385.38775634765625,0.36269429326057434,True,2
cam0,238,1,1118.5572509765625,298.74176025390625,0.28013622760772705,True,487.3738098144531,465.9657897949219,0.212894007563591,True,-1
cam0,238,2,1147.6436767578125,387.6620788574219,0.26299044489860535,True,1176.2608642578125,324.1722717285156,0.21037767827510834,True,-1
cam0,238,3,804.6726684570312,472.5237121582031,0.18385359644889832,True,807.3280639648438,474.8675537109375,0.20305342972278595,True,3
cam0,238,4,816.9756469726562,330.6228332519531,0.10317447036504745,True,863.6183471679688,361.3253173828125,0.1964021623134613,True,-1
cam0,238,5,485.8556213378906,466.2768859863281,0.10018898546695709,True,789.91796875,331.4998779296875,0.08843778818845749,True,1
cam0,238,6,980.4859008789062,291.0594787597656,0.0883285254240036,True,503.66278076171875,283.19659423828125,0.068280890583992,True,-1
cam0,238,7,1097.922607421875,212.68727111816406,0.07782059162855148,True,1507.1043701171875,393.4112243652344,0.03427831828594208,True,-1
cam0,239,0,1170.247802734375,332.5780944824219,0.35992395877838135,True,1105.6619873046875,385.3553466796875,0.41029855608940125,True,4
cam0,239,1,805.1317749023438,475.2223815917969,0.20178276300430298,True,862.7698974609375,361.14862060546875,0.2756904065608978,True,2
cam0,239,2,485.6136474609375,465.7994689941406,0.09977515041828156,True,805.6015625,476.928466796875,0.21844050288200378,True,3
cam0,239,3,827.9700927734375,323.5293273925781,0.093279168009758,True,486.01324462890625,464.5137023925781,0.20834234356880188,True,-1
cam0,239,4,977.235595703125,290.7749938964844,0.0883842259645462,True,1175.93505859375,325.7154541015625,0.19007490575313568,True,-1
cam0,239,5,1102.2777099609375,215.60630798339844,0.0734647884964943,True,780.8626098632812,416.04766845703125,0.12482848763465881,True,-1
cam0,239,6,1031.6978759765625,372.00323486328125,0.0670178160071373,True,502.4935302734375,284.7201232910156,0.07033631950616837,True,-1
cam0,239,7,559.4443359375,215.49195861816406,0.04435039684176445,True,517.6422119140625,220.98130798339844,0.05064734071493149,True,-1
cam0,240,0,1171.3885498046875,330.5171813964844,0.36620032787323,True,1106.8380126953125,385.8280334472656,0.4221054017543793,True,-1
cam0,240,1,804.2076416015625,473.532958984375,0.22633501887321472,True,863.5047607421875,362.1227722167969,0.27193406224250793,True,2
cam0,240,2,829.2109985351562,317.37139892578125,0.11008519679307938,True,803.923583984375,474.0423889160156,0.22401319444179535,True,-1
cam0,240,3,976.0006713867188,291.15032958984375,0.09341086447238922,True,486.1485900878906,461.3536376953125,0.18177266418933868,True,-1
cam0,240,4,1029.9603271484375,373.7052001953125,0.07700169831514359,True,782.6300659179688,411.9066467285156,0.1416229009628296,True,-1
cam0,240,5,486.4027099609375,461.9658203125,0.07634525001049042,True,502.5743408203125,286.1466979980469,0.059205561876297,True,3
cam0,240,6,1102.398681640625,221.3767547607422,0.07190516591072083,True,519.0823974609375,221.10781860351562,0.05784253776073456,True,7
cam0,240,7,551.1577758789062,217.2030792236328,0.03614349663257599,True,1090.04736328125,213.9050750732422,0.04461422935128212,True,-1
cam0,241,0,1132.99560546875,380.9029541015625,0.36229434609413147,True,1109.524658203125,385.9123840332031,0.421528697013855,True,-1
cam0,241,1,1176.1741943359375,327.7329406738281,0.33972686529159546,True,859.5280151367188,361.4799499511719,0.24194185435771942,True,-1
cam0,241,2,804.7880859375,473.7881164550781,0.23650693893432617,True,807.0353393554688,472.79791259765625,0.23266690969467163,True,2
cam0,241,3,779.9368896484375,414.4585876464844,0.15270647406578064,True,780.3995361328125,411.78289794921875,0.16263124346733093,True,3
cam0,241,4,829.5269775390625,314.7271423339844,0.1166316345334053,True,488.4715881347656,462.6548156738281,0.1456543505191803,True,-1
cam0,241,5,1107.6072998046875,223.12660217285156,0.09167858958244324,True,1096.661376953125,297.7427673339844,0.0990467444062233,True,-1
cam0,241,6,974.4824829101562,289.9357604980469,0.08591513335704803,True,1161.2584228515625,248.02169799804688,0.09375681728124619,True,-1
cam0,241,7,1031.9117431640625,372.91094970703125,0.08131574839353561,True,518.038818359375,218.55567932128906,0.07482729852199554,True,-1
cam0,242,0,1173.78076171875,327.7012939453125,0.442476749420166,True,1175.7628173828125,328.7750549316406,0.39716607332229614,True,0
cam0,242,1,1130.78271484375,384.45697021484375,0.3400372266769409,True,1125.506591796875,382.8974304199219,0.37137216329574585,True,1
cam0,242,2,805.2612915039062,474.0329895019531,0.17985311150550842,True,806.1373291015625,472.5667419433594,0.25534266233444214,True,2
cam0,242,3,1015.0567016601562,305.8584289550781,0.10284672677516937,True,861.8914184570312,362.0459899902344,0.15770076215267181,True,-1
cam0,242,4,834.3458862304688,322.4901428222656,0.09120959043502808,True,519.3554077148438,222.32041931152344,0.055217962712049484,True,-1
cam0,242,5,728.108154296875,277.5906677246094,0.0366366021335125,True,781.9743041992188,325.9499816894531,0.047601815313100815,True,-1
cam0,242,6,686.1561889648438,289.618408203125,0.03649945184588432,True,505.7325744628906,281.8028564453125,0.036238428205251694,True,-1
cam0,242,7,1117.8660888671875,519.1250610351562,0.025930987671017647,True,802.18017578125,169.05899047851562,0.03381948545575142,True,-1
cam0,243,0,1171.7242431640625,331.5201110839844,0.4713653326034546,True,1175.09619140625,329.9028015136719,0.45911234617233276,True,0
cam0,243,1,805.9157104492188,473.7047119140625,0.16237510740756989,True,1125.6346435546875,383.53009033203125,0.405107319355011,True,2
cam0,243,2,1010.3192749023438,305.5162353515625,0.1249583512544632,True,804.580810546875,472.5770263671875,0.25265270471572876,True,-1
cam0,243,3,847.7077026367188,337.65167236328125,0.10185857117176056,True,858.7582397460938,360.621337890625,0.16318883001804352,True,-1
cam0,243,4,738.8475952148438,280.4400939941406,0.045423414558172226,True,517.6790161132812,218.6376190185547,0.08227486163377762,True,-1
cam0,243,5,547.2514038085938,236.90928649902344,0.03481085225939751,True,1000.9000854492188,331.3263244628906,0.051645394414663315,True,-1
cam0,243,6,1101.1273193359375,217.15493774414062,0.026670042425394058,True,776.6480102539062,315.934326171875,0.04223383590579033,True,-1
cam0,243,7,1116.2845458984375,519.1723022460938,0.026312870904803276,True,803.3329467773438,174.616455078125,0.03076782263815403,True,-1
cam0,244,0,1170.268798828125,336.5281677246094,0.49913284182548523,True,1178.328125,334.8681945800781,0.48121383786201477,True,0
cam0,244,1,803.1864013671875,470.5605163574219,0.17215876281261444,True,804.3802490234375,470.5326232910156,0.2153617888689041,True,1
cam0,244,2,1009.3517456054688,305.97125244140625,0.13446356356143951,True,860.928466796875,360.6918640136719,0.17030192911624908,True,-1
cam0,244,3,849.1417236328125,329.1719055175781,0.11802582442760468,True,1001.273193359375,329.6134948730469,0.06588709354400635,True,-1
cam0,244,4,747.25732421875,282.5754089355469,0.052901096642017365,True,519.8964233398438,223.2053985595703,0.06324310600757599,True,-1
cam0,244,5,548.6192626953125,233.1454620361328,0.030630210414528847,True,1163.94189453125,247.02589416503906,0.043898921459913254,True,-1
cam0,244,6,1121.505859375,521.7787475585938,0.0266440287232399,True,503.6776428222656,282.3376159667969,0.04155180603265762,True,-1
cam0,244,7,483.98663330078125,377.3612060546875,0.022231651470065117,True,777.3949584960938,315.0352478027344,0.04001583158969879,True,-1
cam0,245,0,1170.5584716796875,337.5062255859375,0.5558488368988037,True,1174.9896240234375,337.24224853515625,0.5369676351547241,True,0
cam0,245,1,800.9254150390625,469.407958984375,0.1663537323474884,True,798.6114501953125,470.12628173828125,0.2046077400445938,True,1
cam0,245,2,1005.1053466796875,299.7955627441406,0.13071119785308838,True,858.6422119140625,356.24884033203125,0.17725703120231628,True,-1
cam0,245,3,847.2968139648438,326.306884765625,0.11118531227111816,True,1000.138671875,325.3494567871094,0.08066777139902115,True,-1
cam0,245,4,739.4072875976562,277.42608642578125,0.05204471945762634,True,520.2967529296875,226.7466583251953,0.06543786078691483,True,-1
cam0,245,5,1001.2764892578125,395.65032958984375,0.04875430837273598,True,1165.446533203125,246.6969757080078,0.05860904976725578,True,-1
cam0,245,6,554.89794921875,232.20484924316406,0.027759496122598648,True,796.7124633789062,195.92588806152344,0.03305933251976967,True,-1
cam0,245,7,1124.7745361328125,522.54345703125,0.02475837431848049,True,0.0,1079.0,0.02031368389725685,True,-1
cam0,246,0,1170.551025390625,339.439697265625,0.45040154457092285,True,1174.1424560546875,336.63226318359375,0.5462934970855713,True,0
cam0,246,1,1000.8856811523438,310.5777587890625,0.1086559146642685,True,999.0529174804688,319.6273193359375,0.1670944094657898,True,1
cam0,246,2,797.0328979492188,473.3375244140625,0.08708209544420242,True,860.1558227539062,359.1905212402344,0.1520894467830658,True,3
cam0,246,3,849.156005859375,324.237548828125,0.07997602969408035,True,792.1663818359375,470.9323425292969,0.11679597198963165,True,-1
cam0,246,4,737.6810913085938,278.20721435546875,0.0668419674038887,True,1165.318115234375,252.1638641357422,0.11598604172468185,True,-1
cam0,246,5,773.4630126953125,411.71185302734375,0.06664574891328812,True,774.2735595703125,415.74755859375,0.08574117720127106,True,5
cam0,246,6,1040.187744140625,378.1541442871094,0.06152549013495445,True,763.8981323242188,309.28656005859375,0.07305587083101273,True,-1
cam0,246,7,1051.3939208984375,207.81703186035156,0.047898679971694946,True,445.0416259765625,371.5273132324219,0.04471327364444733,True,-1
cam0,247,0,1172.030029296875,338.1320495605469,0.3837559223175049,True,1170.879638671875,334.8148193359375,0.46998319029808044,True,0
cam0,247,1,983.71533203125,312.90899658203125,0.0963234230875969,True,1001.5899047851562,314.0173645019531,0.15785561501979828,True,1
cam0,247,2,791.5308837890625,472.34625244140625,0.09312807023525238,True,862.52490234375,358.2786865234375,0.1510169804096222,True,3
cam0,247,3,1053.204345703125,291.3969421386719,0.08870381861925125,True,790.6475830078125,473.1549987792969,0.13083627820014954,True,-1
cam0,247,4,1035.0003662109375,380.9152526855469,0.08222518861293793,True,775.0673217773438,417.2035827636719,0.0774078443646431,True,-1
cam0,247,5,855.1036987304688,330.86029052734375,0.07538142055273056,True,762.2376708984375,300.8633117675781,0.07597288489341736,True,-1
cam0,247,6,739.1172485351562,281.7852783203125,0.06157153099775314,True,441.26910400390625,373.5613098144531,0.06721299141645432,True,-1
cam0,247,7,771.852294921875,414.7288818359375,0.057263243943452835,True,539.7396240234375,231.29574584960938,0.046851590275764465,True,4
cam0,248,0,1179.744140625,335.59844970703125,0.3904787302017212,True,1177.33984375,328.1008605957031,0.47657346725463867,True,0
cam0,248,1,979.0845947265625,312.7605285644531,0.10034814476966858,True,1004.8917846679688,305.591796875,0.16920912265777588,True,-1
cam0,248,2,1053.8314208984375,291.9230651855469,0.10025534778833389,True,787.8199462890625,471.65911865234375,0.1448478102684021,True,-1
cam0,248,3,788.7760620117188,471.86444091796875,0.10002724081277847,True,866.5763549804688,358.5184020996094,0.13064934313297272,True,2
cam0,248,4,1028.059326171875,381.3891296386719,0.08966421335935593,True,762.3584594726562,300.2132263183594,0.09340660274028778,True,-1
cam0,248,5,857.8421020507812,333.6271667480469,0.08724229037761688,True,438.0674743652344,369.7703552246094,0.07247577607631683,True,-1
cam0,248,6,1015.54443359375,199.57823181152344,0.06065975874662399,True,1125.670166015625,184.2782745361328,0.06460510194301605,True,-1
cam0,248,7,737.8816528320312,283.6896057128906,0.05659695714712143,True,533.7310180664062,236.10333251953125,0.04275837540626526,True,-1
cam0,249,0,1175.0234375,332.24267578125,0.32929274439811707,True,1177.9053955078125,323.2456970214844,0.46079444885253906,True,0
cam0,249,1,977.7584838867188,311.9123840332031,0.10080364346504211,True,1008.3875122070312,303.62628173828125,0.1391635537147522,True,-1
cam0,249,2,876.1845092773438,319.4223327636719,0.09590190649032593,True,868.084716796875,358.1959533691406,0.11430024355649948,True,-1
cam0,249,3,786.5075073242188,466.9764404296875,0.09487532079219818,True,786.8220825195312,465.90106201171875,0.11028828471899033,True,3
cam0,249,4,1021.6512451171875,381.2684326171875,0.08712410926818848,True,1028.0018310546875,365.9001770019531,0.10768847167491913,True,4
cam0,249,5,773.0256958007812,412.8719482421875,0.07105624675750732,True,773.21826171875,411.1098937988281,0.09901979565620422,True,5
cam0,249,6,1004.2767333984375,200.45831298828125,0.06400533020496368,True,759.5432739257812,302.5381164550781,0.09504236280918121,True,-1
cam0,249,7,731.3711547851562,277.4349365234375,0.044100068509578705,True,1121.0501708984375,191.03895568847656,0.07896904647350311,True,-1
cam0,250,0,1173.180419921875,378.00579833984375,0.30201664566993713,True,1176.357421875,322.55670166015625,0.4986329674720764,True,1
cam0,250,1,1070.13330078125,226.1695098876953,0.13280801475048065,True,1158.59619140625,390.48480224609375,0.2614665627479553,True,-1
cam0,250,2,1011.8126220703125,307.9591369628906,0.1210954561829567,True,760.811767578125,300.4433898925781,0.14058275520801544,True,-1
cam0,250,3,847.7457885742188,337.5916442871094,0.12065871804952621,True,784.411376953125,468.1476135253906,0.14004090428352356,True,-1
cam0,250,4,902.91015625,327.41094970703125,0.11841297149658203,True,1042.332763671875,287.40875244140625,0.12037709355354309,True,-1
cam0,250,5,1014.052001953125,378.9211120605469,0.11177001893520355,True,1028.41162109375,367.8507385253906,0.11686614900827408,True,5
cam0,250,6,786.6987915039062,467.9956359863281,0.10393857210874557,True,903.2855224609375,362.1148986816406,0.11075376719236374,True,3
cam0,250,7,996.7864990234375,201.79872131347656,0.0825061947107315,True,779.9664916992188,406.77337646484375,0.11022405326366425,True,-1
cam0,251,0,1160.7620849609375,382.1632385253906,0.3325873911380768,True,1177.216552734375,322.6165771484375,0.5132049918174744,True,-1
cam0,251,1,1074.704833984375,229.6575927734375,0.17238514125347137,True,783.593994140625,468.6600341796875,0.1244908943772316,True,-1
cam0,251,2,1019.5292358398438,383.126708984375,0.12799252569675446,True,1028.4676513671875,373.82049560546875,0.1216222420334816,True,2
cam0,251,3,1011.2797241210938,310.9572448730469,0.11839219927787781,True,1031.201904296875,274.34716796875,0.11157196760177612,True,-1
cam0,251,4,850.0787353515625,335.511474609375,0.10562610626220703,True,768.3823852539062,312.9675598144531,0.10561373829841614,True,-1
cam0,251,5,906.59716796875,314.94842529296875,0.10527195781469345,True,899.9775390625,361.3177490234375,0.09105154871940613,True,-1
cam0,251,6,783.7139282226562,469.685546875,0.0864357128739357,True,561.6209716796875,256.4979248046875,0.06380761414766312,True,1
cam0,251,7,997.0108032226562,203.6568603515625,0.07863795757293701,True,824.1024780273438,181.56373596191406,0.045121513307094574,True,-1
cam0,252,0,1158.0523681640625,386.3042297363281,0.4000380039215088,True,1180.40673828125,326.7995300292969,0.4958516061306,True,-1
cam0,252,1,1076.010498046875,232.1627655029297,0.1687755584716797,True,1029.6905517578125,368.8487548828125,0.11251002550125122,True,-1
cam0,252,2,848.6707763671875,326.1293640136719,0.13100264966487885,True,781.6796264648438,449.2645263671875,0.11250634491443634,True,-1
cam0,252,3,1011.5359497070312,308.9741516113281,0.1308216005563736,True,772.2874145507812,317.0951232910156,0.10919035226106644,True,-1
cam0,252,4,907.0096435546875,316.9785461425781,0.10887449979782104,True,1041.9700927734375,273.9253234863281,0.08974987268447876,True,-1
cam0,252,5,1030.457275390625,379.18072509765625,0.10602005571126938,True,913.9555053710938,350.32330322265625,0.08683935552835464,True,1
cam0,252,6,782.2058715820312,456.77581787109375,0.07903129607439041,True,564.445556640625,254.92840576171875,0.08331085741519928,True,2
cam0,252,7,753.6954956054688,307.703125,0.0587652251124382,True,825.7844848632812,181.6284637451172,0.040905144065618515,True,-1
cam0,253,0,1156.849853515625,388.499755859375,0.40115880966186523,True,1183.576416015625,325.7618408203125,0.523916482925415,True,-1
cam0,253,1,1187.1199951171875,330.2937316894531,0.3191201984882355,True,776.8372802734375,453.0696105957031,0.12039078027009964,True,0
cam0,253,2,1076.271728515625,236.25897216796875,0.20970341563224792,True,829.9662475585938,321.6945495605469,0.1099623292684555,True,-1
cam0,253,3,1012.4872436523438,306.9842529296875,0.1535552442073822,True,775.6712646484375,316.4735412597656,0.10384400188922882,True,-1
cam0,253,4,844.6096801757812,321.3263854980469,0.1526622772216797,True,564.5044555664062,244.9449462890625,0.1007554903626442,True,2
cam0,253,5,1034.4537353515625,378.24737548828125,0.11251930892467499,True,827.2088623046875,182.07603454589844,0.04483256861567497,True,-1
cam0,253,6,777.82373046875,457.8477478027344,0.08447746187448502,True,669.8515625,363.89166259765625,0.04342135041952133,True,1
cam0,253,7,767.8941650390625,412.0255432128906,0.08059525489807129,True,812.9392700195312,550.8385620117188,0.041939154267311096,True,-1
cam0,254,0,1183.085205078125,326.01275634765625,0.3831751048564911,True,1186.1690673828125,328.97320556640625,0.3969494104385376,True,0
cam0,254,1,1011.923583984375,305.5602722167969,0.21490031480789185,True,1140.188720703125,380.76043701171875,0.30284661054611206,True,-1
cam0,254,2,839.0678100585938,325.4791564941406,0.1623820811510086,True,779.2055053710938,470.37115478515625,0.10331959277391434,True,-1
cam0,254,3,1078.7626953125,361.0867004394531,0.16011331975460052,True,760.508056640625,308.8092956542969,0.09444637596607208,True,-1
cam0,254,4,762.595947265625,408.1521911621094,0.09026657044887543,True,560.9185180664062,236.37460327148438,0.08267593383789062,True,-1
cam0,254,5,572.8439331054688,239.6304473876953,0.0865703597664833,True,937.4695434570312,378.3202819824219,0.05269618704915047,True,4
cam0,254,6,917.1266479492188,295.60406494140625,0.08588826656341553,True,826.8434448242188,179.8175506591797,0.050197500735521317,True,-1
cam0,254,7,779.4807739257812,468.4277648925781,0.08568225055932999,True,495.2731018066406,285.2523498535156,0.041009508073329926,True,2
cam0,255,0,1183.893798828125,324.1127624511719,0.35563182830810547,True,1134.5350341796875,374.8084716796875,0.3860112130641937,True,1
cam0,255,1,1144.6934814453125,384.05078125,0.3251892924308777,True,1187.5404052734375,327.802978515625,0.35514190793037415,True,0
cam0,255,2,1010.9071655273438,307.6642761230469,0.21352039277553558,True,779.64990234375,471.8976745605469,0.09985771775245667,True,-1
cam0,255,3,838.03955078125,320.2569580078125,0.17031210660934448,True,556.1993408203125,232.40072631835938,0.09260468184947968,True,-1
cam0,255,4,1101.50927734375,278.8428955078125,0.16457293927669525,True,771.9791870117188,410.1097106933594,0.07595574855804443,True,-1
cam0,255,5,766.7552490234375,406.3743591308594,0.08439046889543533,True,760.4181518554688,308.55291748046875,0.07197430729866028,True,4
cam0,255,6,569.3511962890625,236.71905517578125,0.08050636202096939,True,856.0037231445312,352.78375244140625,0.06414668262004852,True,3
cam0,255,7,779.0844116210938,470.216552734375,0.07993219792842865,True,830.1962890625,177.91006469726562,0.045890484005212784,True,2
cam0,256,0,1136.3721923828125,377.5403137207031,0.34780260920524597,True,1130.9088134765625,369.5557861328125,0.4626926779747009,True,0
cam0,256,1,1186.251220703125,324.47930908203125,0.30592212080955505,True,1192.695556640625,328.7531433105469,0.26858896017074585,True,1
cam0,256,2,827.046875,318.49090576171875,0.1822679489850998,True,770.3348999023438,470.99041748046875,0.11254153400659561,True,-1
cam0,256,3,1086.47119140625,273.3384704589844,0.17397764325141907,True,532.9715576171875,222.3534698486328,0.08067884296178818,True,-1
cam0,256,4,1005.772705078125,307.40399169921875,0.1696297526359558,True,765.6879272460938,315.749267578125,0.07437290251255035,True,-1
cam0,256,5,769.817626953125,467.73126220703125,0.09025323390960693,True,694.9380493164062,300.798095703125,0.06814680993556976,True,2
cam0,256,6,908.0043334960938,373.9827880859375,0.07609349489212036,True,852.8525390625,346.14385986328125,0.0648106038570404,True,-1
cam0,256,7,564.7512817382812,229.37307739257812,0.07102367281913757,True,303.3177185058594,322.8833312988281,0.0533389113843441,True,-1
cam0,257,0,1131.870849609375,376.4671936035156,0.4147208631038666,True,1127.9638671875,371.0328369140625,0.5451685190200806,True,0
cam0,257,1,1188.3148193359375,324.1023254394531,0.2967994213104248,True,1194.0565185546875,326.5514221191406,0.20997163653373718,True,1
cam0,257,2,1125.0103759765625,282.8318176269531,0.21468380093574524,True,763.93408203125,467.0487365722656,0.11445324867963791,True,3
cam0,257,3,824.723388671875,318.37933349609375,0.19768008589744568,True,1119.67431640625,284.3545227050781,0.11256494373083115,True,-1
cam0,257,4,762.2140502929688,467.9219055175781,0.09602298587560654,True,534.4364013671875,227.78414916992188,0.08276242762804031,True,2
cam0,257,5,901.28857421875,371.0345764160156,0.08302019536495209,True,689.5422973632812,300.8262939453125,0.08026131987571716,True,-1
cam0,257,6,957.3961181640625,236.0841827392578,0.07790569216012955,True,1046.59619140625,277.7398681640625,0.07930531352758408,True,-1
cam0,257,7,559.682861328125,237.43797302246094,0.07648718357086182,True,992.9883422851562,379.6195068359375,0.07182902842760086,True,-1
cam0,258,0,1124.7318115234375,371.716552734375,0.4996781647205353,True,1124.803466796875,372.0381164550781,0.65047687292099,True,0
cam0,258,1,1192.8590087890625,323.5455322265625,0.27523699402809143,True,766.5513916015625,464.1131286621094,0.10782385617494583,True,-1
cam0,258,2,1132.6910400390625,284.5666198730469,0.24998003244400024,True,684.2398071289062,298.5953369140625,0.09680510312318802,True,-1
cam0,258,3,818.6146850585938,327.2294006347656,0.20861807465553284,True,798.0630493164062,331.5304870605469,0.07104049623012543,True,-1
cam0,258,4,958.8692626953125,306.4369812011719,0.16143763065338135,True,520.7244873046875,227.9645538330078,0.07012524455785751,True,-1
cam0,258,5,1062.539306640625,257.9454040527344,0.1387847363948822,True,1039.524658203125,279.04541015625,0.06235899776220322,True,-1
cam0,258,6,952.2828369140625,226.75160217285156,0.09696917980909348,True,1178.127685546875,228.9126434326172,0.05307149142026901,True,-1
cam0,258,7,689.3800659179688,278.5026550292969,0.09666675329208374,True,812.0985717773438,191.79403686523438,0.05001118779182434,True,-1
cam0,259,0,1124.1798095703125,373.0079650878906,0.5326758623123169,True,1127.4873046875,369.2296447753906,0.6586442589759827,True,0
cam0,259,1,1192.028076171875,326.69610595703125,0.25692468881607056,True,681.5538940429688,294.2934875488281,0.10248880833387375,True,-1
cam0,259,2,1133.9683837890625,284.66107177734375,0.22440586984157562,True,771.781494140625,459.86865234375,0.0984470546245575,True,-1
cam0,259,3,818.44580078125,323.880615234375,0.21014654636383057,True,517.4827880859375,236.04798889160156,0.07538660615682602,True,-1
cam0,259,4,961.6361694335938,309.32757568359375,0.18316368758678436,True,801.342041015625,334.67437744140625,0.06600142270326614,True,-1
cam0,259,5,1058.223388671875,258.65106201171875,0.1526700109243393,True,1038.2501220703125,277.7405700683594,0.0627027228474617,True,-1
cam0,259,6,906.8638916015625,372.4422302246094,0.10812536627054214,True,1181.9913330078125,226.0897979736328,0.05835956707596779,True,-1
cam0,259,7,679.89111328125,284.750244140625,0.09842579066753387,True,815.058349609375,187.993408203125,0.048878468573093414,True,1
cam0,260,0,1128.09326171875,377.0194091796875,0.5073301196098328,True,1125.2254638671875,377.0914611816406,0.6245627403259277,True,0
cam0,260,1,1191.9610595703125,326.7060241699219,0.2478456050157547,True,772.98974609375,455.96221923828125,0.12997375428676605,True,-1
cam0,260,2,1135.1414794921875,281.267578125,0.1879352182149887,True,681.7614135742188,300.4007873535156,0.07817499339580536,True,-1
cam0,260,3,822.16064453125,323.06536865234375,0.18665055930614471,True,803.6641845703125,334.4840393066406,0.06694958359003067,True,-1
cam0,260,4,964.556884765625,309.35504150390625,0.17082375288009644,True,1038.2232666015625,278.03314208984375,0.061446383595466614,True,-1
cam0,260,5,1057.833984375,257.5308837890625,0.140238419175148,True,520.2716064453125,236.097900390625,0.06085936725139618,True,-1
cam0,260,6,903.4424438476562,370.7374267578125,0.11143789440393448,True,972.4052734375,365.11328125,0.0526927150785923,True,-1
cam0,260,7,773.6521606445312,448.1226806640625,0.10696724057197571,True,1181.5926513671875,224.75852966308594,0.05052720755338669,True,1
cam0,261,0,1125.33984375,377.9146423339844,0.48880696296691895,True,1124.9049072265625,382.0552062988281,0.6256304979324341,True,0
cam0,261,1,1187.869140625,325.4326477050781,0.26909226179122925,True,776.0510864257812,463.7787780761719,0.13934965431690216,True,-1
cam0,261,2,1134.880126953125,283.6664123535156,0.23335842788219452,True,680.3829956054688,301.5078125,0.0703350231051445,True,-1
cam0,261,3,820.7171020507812,321.3674621582031,0.16941459476947784,True,794.1083984375,334.2327880859375,0.06437846273183823,True,-1
cam0,261,4,963.9642944335938,307.9885559082031,0.15933272242546082,True,983.673583984375,370.6554260253906,0.05965156853199005,True,-1
cam0,261,5,771.267822265625,447.7608642578125,0.1286851465702057,True,1041.1217041015625,275.1943054199219,0.05666220933198929,True,1
cam0,261,6,1057.3563232421875,261.40960693359375,0.12649381160736084,True,1178.95458984375,227.4180145263672,0.0558600053191185,True,-1
cam0,261,7,675.7929077148438,284.936279296875,0.08991377800703049,True,416.3670654296875,229.5213165283203,0.049238596111536026,True,2
cam0,262,0,1127.1795654296875,373.8291320800781,0.40916281938552856,True,1124.52197265625,377.78631591796875,0.5131118297576904,True,0
cam0,262,1,1189.983642578125,326.5442199707031,0.2798026502132416,True,1195.2080078125,327.8956298828125,0.2154778242111206,True,1
cam0,262,2,1125.27490234375,295.11077880859375,0.2256007194519043,True,772.04736328125,464.5455017089844,0.18433226644992828,True,-1
cam0,262,3,1048.9901123046875,276.2200012207031,0.13653798401355743,True,785.8712768554688,337.25714111328125,0.11205316334962845,True,-1
cam0,262,4,581.7788696289062,239.4663848876953,0.1343550980091095,True,639.6098022460938,263.60205078125,0.09390310198068619,True,-1
cam0,262,5,691.8788452148438,308.3904113769531,0.1337193250656128,True,888.2686157226562,364.2469787597656,0.08217748999595642,True,-1
cam0,262,6,776.8946533203125,462.40411376953125,0.12075356394052505,True,795.8845825195312,207.70628356933594,0.07623106986284256,True,2
cam0,262,7,893.373046875,368.6212463378906,0.10520295053720474,True,496.2815856933594,273.9801330566406,0.07406653463840485,True,5
cam0,263,0,1125.088623046875,374.6544494628906,0.4674726128578186,True,1122.5462646484375,374.87481689453125,0.582862377166748,True,0
cam0,263,1,1186.6214599609375,325.05975341796875,0.2752934396266937,True,1192.025146484375,324.42431640625,0.22984623908996582,True,1
cam0,263,2,1126.4920654296875,291.7044372558594,0.23742793500423431,True,768.1929931640625,461.8003234863281,0.18684783577919006,True,-1
cam0,263,3,1048.455810546875,275.86334228515625,0.16108493506908417,True,785.0040283203125,335.0497741699219,0.09829596430063248,True,-1
cam0,263,4,692.1864013671875,307.4646911621094,0.14216922223567963,True,636.5449829101562,261.7859802246094,0.09522503614425659,True,-1
cam0,263,5,582.6900634765625,251.81991577148438,0.1336057186126709,True,494.72418212890625,272.13751220703125,0.09011781960725784,True,-1
cam0,263,6,771.519287109375,458.3714599609375,0.12479369342327118,True,388.9670715332031,217.29689025878906,0.0900745838880539,True,2
cam0,263,7,893.2776489257812,365.1463928222656,0.11944980174303055,True,888.6103515625,364.40185546875,0.08722661435604095,True,7
cam0,264,0,1126.260498046875,376.5760803222656,0.5063785314559937,True,1123.361083984375,374.54742431640625,0.6221003532409668,True,0
cam0,264,1,1188.48876953125,324.744140625,0.23844978213310242,True,1193.9835205078125,324.49481201171875,0.197525754570961,True,1
cam0,264,2,1129.4835205078125,286.93267822265625,0.20420974493026733,True,774.6681518554688,459.13372802734375,0.1612265557050705,True,-1
cam0,264,3,1049.1767578125,274.81396484375,0.20206120610237122,True,887.351806640625,364.9721374511719,0.09679332375526428,True,-1
cam0,264,4,693.4508666992188,308.6671142578125,0.15069419145584106,True,783.8400268554688,334.37518310546875,0.09580069780349731,True,-1
cam0,264,5,574.2965698242188,243.9648895263672,0.13208025693893433,True,391.44537353515625,217.40518188476562,0.09384915232658386,True,-1
cam0,264,6,896.242919921875,366.3183898925781,0.12022542953491211,True,493.9081726074219,272.846435546875,0.08714807033538818,True,3
cam0,264,7,774.3281860351562,458.0145568847656,0.11008395999670029,True,1171.1229248046875,226.87127685546875,0.08657301217317581,True,2
cam0,265,0,1124.6351318359375,378.65740966796875,0.4874325096607208,True,1124.292724609375,377.0429992675781,0.7560108304023743,True,0
cam0,265,1,1057.306884765625,277.88140869140625,0.2518269419670105,True,772.7500610351562,471.17999267578125,0.14134320616722107,True,-1
cam0,265,2,1121.2327880859375,287.28570556640625,0.24046207964420319,True,396.1095275878906,215.53250122070312,0.13044343888759613,True,6
cam0,265,3,1188.921630859375,325.5898132324219,0.22902743518352509,True,1197.053466796875,323.9056701660156,0.118623286485672,True,3
cam0,265,4,503.2857360839844,264.6738586425781,0.13994571566581726,True,501.6507568359375,269.95654296875,0.09740303456783295,True,4
cam0,265,5,689.484619140625,309.1873779296875,0.13134047389030457,True,625.552978515625,273.275390625,0.09389618039131165,True,-1
cam0,265,6,562.5194091796875,245.12921142578125,0.12840920686721802,True,1132.2144775390625,280.4716491699219,0.08118360489606857,True,-1
cam0,265,7,671.8115234375,420.5616455078125,0.12825022637844086,True,779.7228393554688,331.2965087890625,0.07664941996335983,True,-1
cam0,266,0,1125.2012939453125,381.5876770019531,0.4288923740386963,True,1124.2735595703125,383.04327392578125,0.6979579925537109,True,0
cam0,266,1,1116.4796142578125,290.76214599609375,0.25277453660964966,True,774.0719604492188,471.3369140625,0.1403682976961136,True,6
cam0,266,2,1188.4658203125,327.40740966796875,0.23802414536476135,True,416.4119873046875,225.10647583007812,0.10581999272108078,True,-1
cam0,266,3,673.74365234375,420.1086730957031,0.14929987490177155,True,517.5396118164062,259.9960632324219,0.10437577962875366,True,-1
cam0,266,4,515.0227661132812,252.44967651367188,0.13520726561546326,True,621.5982055664062,278.7591857910156,0.09175273030996323,True,3
cam0,266,5,976.359130859375,317.4015197753906,0.11599501222372055,True,773.6071166992188,325.2555847167969,0.07830310612916946,True,-1
cam0,266,6,773.7823486328125,469.765869140625,0.11148174852132797,True,1124.3740234375,280.1221923828125,0.07230326533317566,True,1
cam0,266,7,749.8327026367188,426.2237243652344,0.11006475239992142,True,1014.166015625,369.2303771972656,0.0660184845328331,True,-1
cam0,267,0,1126.969970703125,381.4568786621094,0.413665235042572,True,1124.9241943359375,387.0004577636719,0.63414466381073,True,0
cam0,267,1,1113.9208984375,289.9472961425781,0.28200462460517883,True,516.4336547851562,254.97750854492188,0.1294826865196228,True,3
cam0,267,2,1189.30615234375,327.8296813964844,0.2523587942123413,True,775.6799926757812,468.7139892578125,0.12431100755929947,True,-1
cam0,267,3,517.0567016601562,250.6274871826172,0.16542527079582214,True,1122.588623046875,279.4197082519531,0.0922771692276001,True,1
cam0,267,4,673.3214111328125,419.9229736328125,0.16251984238624573,True,419.64825439453125,226.02474975585938,0.09028792381286621,True,-1
cam0,267,5,754.6464233398438,422.21685791015625,0.12805978953838348,True,620.075439453125,279.5513000488281,0.08922016620635986,True,-1
cam0,267,6,777.8220825195312,469.3729553222656,0.12295116484165192,True,1033.9652099609375,364.7696228027344,0.07806649804115295,True,2
cam0,267,7,469.6708984375,410.91253662109375,0.11454802006483078,True,769.4896240234375,325.24072265625,0.06943680346012115,True,-1
cam0,268,0,1126.76171875,384.0316162109375,0.37835946679115295,True,1125.1275634765625,388.6944885253906,0.6334900259971619,True,0
cam0,268,1,1119.170654296875,291.6801452636719,0.29248327016830444,True,516.9874267578125,255.64991760253906,0.15125706791877747,True,4
cam0,268,2,1188.0892333984375,324.44952392578125,0.24236087501049042,True,778.2894897460938,471.18939208984375,0.13126413524150848,True,-1
cam0,268,3,518.9027099609375,256.05474853515625,0.19004961848258972,True,744.652099609375,429.0072937011719,0.12672112882137299,True,1
cam0,268,4,674.5852661132812,422.9198913574219,0.18464119732379913,True,1129.1751708984375,282.1986999511719,0.09659159928560257,True,-1
cam0,268,5,747.355712890625,430.2200012207031,0.14228184521198273,True,420.404052734375,229.6250457763672,0.0928187221288681,True,3
cam0,268,6,469.6732177734375,404.86639404296875,0.128022700548172,True,621.5090942382812,281.17681884765625,0.07712869346141815,True,-1
cam0,268,7,987.7103271484375,319.76141357421875,0.09742160141468048,True,1160.618408203125,70.04621124267578,0.06989961862564087,True,-1
cam0,269,0,1126.625244140625,379.15875244140625,0.3929821252822876,True,1125.4954833984375,388.22576904296875,0.588864266872406,True,0
cam0,269,1,1116.33154296875,288.14031982421875,0.28939178586006165,True,515.18212890625,251.98289489746094,0.14619839191436768,True,3
cam0,269,2,516.8051147460938,262.1419372558594,0.19495487213134766,True,761.9465942382812,438.45635986328125,0.12849435210227966,True,1
cam0,269,3,674.5187377929688,418.4272766113281,0.17561763525009155,True,1129.9410400390625,274.1897888183594,0.12460917979478836,True,-1
cam0,269,4,750.0682373046875,423.0704040527344,0.14137358963489532,True,422.2537536621094,228.1318817138672,0.08683919161558151,True,2
cam0,269,5,470.0242004394531,405.34539794921875,0.1300598680973053,True,1162.82373046875,64.71217346191406,0.07946929335594177,True,-1
cam0,269,6,637.222412109375,281.42047119140625,0.09670412540435791,True,767.105712890625,325.65594482421875,0.06311330944299698,True,7
cam0,269,7,855.9498291015625,353.9660949707031,0.08571118861436844,True,623.2342529296875,282.1732177734375,0.06286242604255676,True,-1
cam1,0,0,549.4678955078125,427.0790710449219,0.5400444865226746,True,562.6593627929688,426.34197998046875,0.44056713581085205,True,0
cam1,0,1,639.2158203125,399.928466796875,0.2783260941505432,True,734.215087890625,524.4002685546875,0.24681401252746582,True,-1
cam1,0,2,718.2925415039062,542.04833984375,0.16776354610919952,True,1061.5728759765625,279.3049621582031,0.23900236189365387,True,-1
cam1,0,3,1145.2344970703125,607.753173828125,0.13867390155792236,True,1129.81787109375,619.8355712890625,0.19765520095825195,True,3
cam1,0,4,592.521484375,229.87820434570312,0.12635457515716553,True,747.1517333984375,296.70147705078125,0.1761607676744461,True,-1
cam1,0,5,1527.247802734375,622.9662475585938,0.0922628864645958,True,486.3980712890625,732.70947265625,0.13682517409324646,True,-1
cam1,0,6,1664.091064453125,574.1508178710938,0.08858408778905869,True,592.0797729492188,525.9314575195312,0.10707218199968338,True,-1
cam1,0,7,559.1537475585938,638.7732543945312,0.08849409967660904,True,734.3340454101562,407.1337585449219,0.09752816706895828,True,-1
cam1,1,0,548.1168823242188,429.4649353027344,0.5573908090591431,True,552.054931640625,431.3038635253906,0.44128289818763733,True,0
cam1,1,1,627.3321533203125,398.71051025390625,0.2587833106517792,True,728.2047119140625,514.8688354492188,0.3420741558074951,True,-1
cam1,1,2,716.2634887695312,534.8200073242188,0.19286562502384186,True,1063.0400390625,275.0449523925781,0.22836166620254517,True,-1
cam1,1,3,1142.40283203125,605.5770263671875,0.1628236472606659,True,1133.0162353515625,610.1619262695312,0.22665618360042572,True,3
cam1,1,4,592.7109985351562,230.74362182617188,0.12418324500322342,True,758.7091674804688,300.25628662109375,0.14153961837291718,True,-1
cam1,1,5,456.7895202636719,530.31591796875,0.1134103536605835,True,336.15771484375,565.2227172851562,0.13684409856796265,True,-1
cam1,1,6,555.7557983398438,644.4633178710938,0.06635787338018417,True,483.9434509277344,731.4577026367188,0.1193438246846199,True,-1
cam1,1,7,1526.1370849609375,619.6895141601562,0.06205146759748459,True,816.5714721679688,387.45556640625,0.10274907946586609,True,-1
cam1,2,0,546.4150390625,428.1705017089844,0.5926181077957153,True,547.27880859375,432.6212158203125,0.5298812985420227,True,0
cam1,2,1,620.5995483398438,400.3578186035156,0.2422427237033844,True,729.4529418945312,518.1420288085938,0.3380608558654785,True,-1
cam1,2,2,644.0646362304688,483.451904296875,0.21862855553627014,True,1136.12939453125,602.2499389648438,0.25326570868492126,True,-1
cam1,2,3,1138.6103515625,598.7355346679688,0.21376079320907593,True,1060.0135498046875,277.5280456542969,0.20243553817272186,True,2
cam1,2,4,718.3350219726562,541.46484375,0.20202064514160156,True,763.4661865234375,304.10791015625,0.1462790071964264,True,-1
cam1,2,5,456.2364501953125,529.867431640625,0.13966064155101776,True,339.2720031738281,563.0549926757812,0.12083317339420319,True,-1
cam1,2,6,783.3001708984375,380.7986145019531,0.10359024256467819,True,813.404296875,390.1596374511719,0.10943959653377533,True,-1
cam1,2,7,598.4937744140625,223.53253173828125,0.10316547006368637,True,905.1539306640625,338.639892578125,0.09500148892402649,True,-1
cam1,3,0,549.1821899414062,427.644775390625,0.5239125490188599,True,552.3634643554688,431.80523681640625,0.5953130722045898,True,0
cam1,3,1,644.2410888671875,484.5336608886719,0.3261747360229492,True,730.1220092773438,521.9002685546875,0.30941155552864075,True,-1
cam1,3,2,618.0827026367188,408.2617492675781,0.25429195165634155,True,1141.2940673828125,607.2664184570312,0.2556987404823303,True,-1
cam1,3,3,645.0591430664062,345.4189147949219,0.22037504613399506,True,613.8693237304688,382.9302062988281,0.24060025811195374,True,-1
cam1,3,4,1139.5535888671875,600.3994140625,0.1842818260192871,True,1061.6611328125,272.94879150390625,0.17781281471252441,True,2
cam1,3,5,721.9891357421875,541.7140502929688,0.16613814234733582,True,751.7974243164062,383.6374206542969,0.15332166850566864,True,-1
cam1,3,6,773.2330322265625,371.29547119140625,0.14145788550376892,True,766.13330078125,304.18505859375,0.1528887152671814,True,-1
cam1,3,7,460.9130859375,528.358154296875,0.1342221051454544,True,333.9479675292969,562.7506713867188,0.13721221685409546,True,-1
cam1,4,0,552.6122436523438,426.0064697265625,0.556940495967865,True,550.580078125,434.97021484375,0.5834826231002808,True,0
cam1,4,1,645.239013671875,489.059326171875,0.3197753429412842,True,730.6461791992188,522.7639770507812,0.314932644367218,True,7
cam1,4,2,612.7200927734375,409.5433654785156,0.2921053171157837,True,1140.7655029296875,604.430419921875,0.22202558815479279,True,-1
cam1,4,3,639.6217041015625,313.8238220214844,0.22908863425254822,True,1062.1273193359375,267.3797912597656,0.14712724089622498,True,-1
cam1,4,4,1141.0142822265625,603.9396362304688,0.17097891867160797,True,763.639404296875,305.3221435546875,0.13383826613426208,True,2
cam1,4,5,723.3853149414062,531.3909912109375,0.14961637556552887,True,745.343017578125,380.6451416015625,0.13165754079818726,True,1
cam1,4,6,460.42596435546875,527.6326904296875,0.12336438149213791,True,457.5147399902344,684.4931640625,0.11943100392818451,True,-1
cam1,4,7,776.0200805664062,372.3299255371094,0.11914008855819702,True,641.0164794921875,490.9244689941406,0.11084464192390442,True,-1
cam1,5,0,555.9378662109375,426.7637939453125,0.5359603762626648,True,547.7987060546875,435.67254638671875,0.5125385522842407,True,0
cam1,5,1,646.4539184570312,487.4658508300781,0.32882431149482727,True,722.0980834960938,513.470458984375,0.36332428455352783,True,4
cam1,5,2,647.306396484375,339.1363830566406,0.22118394076824188,True,1139.2110595703125,602.5765991210938,0.18128681182861328,True,-1
cam1,5,3,1137.5458984375,602.1985473632812,0.164981409907341,True,751.3540649414062,394.5793762207031,0.17814311385154724,True,2
cam1,5,4,725.775634765625,490.5868835449219,0.15852902829647064,True,639.2666015625,495.8798522949219,0.1296660453081131,True,-1
cam1,5,5,457.2181396484375,530.23828125,0.13388592004776,True,1063.4654541015625,265.34625244140625,0.12874627113342285,True,-1
cam1,5,6,781.8585205078125,371.0522155761719,0.1201133131980896,True,755.5615234375,314.1595458984375,0.12162603437900543,True,-1
cam1,5,7,456.47149658203125,697.079345703125,0.09778821468353271,True,454.95623779296875,683.9354248046875,0.11776763945817947,True,7
cam1,6,0,611.20654296875,407.27984619140625,0.4412331283092499,True,725.3504028320312,510.8409729003906,0.4883739650249481,True,-1
cam1,6,1,648.8175659179688,495.03802490234375,0.3595734238624573,True,555.9043579101562,366.325927734375,0.40182363986968994,True,3
cam1,6,2,1140.2608642578125,598.406005859375,0.18883369863033295,True,545.2562866210938,435.2577819824219,0.27464935183525085,True,5
cam1,6,3,634.9741821289062,285.4360656738281,0.18297609686851501,True,647.4620971679688,495.8669738769531,0.2575436234474182,True,-1
cam1,6,4,770.3959350585938,369.86871337890625,0.16001684963703156,True,783.4735107421875,391.98260498046875,0.24555504322052002,True,-1
cam1,6,5,727.502197265625,516.5040283203125,0.15297454595565796,True,1140.6448974609375,600.753173828125,0.23653745651245117,True,0
cam1,6,6,848.0671997070312,378.325439453125,0.11074036359786987,True,755.5596923828125,307.8050231933594,0.1651403307914734,True,-1
cam1,6,7,1112.7430419921875,198.6964569091797,0.09386462718248367,True,1124.382080078125,194.64881896972656,0.14661374688148499,True,7
cam1,7,0,612.8567504882812,414.4291076660156,0.5149665474891663,True,727.116943359375,516.0617065429688,0.45140522718429565,True,-1
cam1,7,1,639.5581665039062,487.54638671875,0.28194761276245117,True,548.7327880859375,365.6206970214844,0.43964695930480957,True,3
cam1,7,2,555.5757446289062,356.2724914550781,0.24214628338813782,True,787.7222290039062,389.7311096191406,0.2772408425807953,True,1
cam1,7,3,1141.59228515625,596.3924560546875,0.19710804522037506,True,655.048583984375,493.9569091796875,0.2691023349761963,True,4
cam1,7,4,633.8815307617188,282.8958435058594,0.18130163848400116,True,1139.882080078125,601.7276611328125,0.2650815546512604,True,-1
cam1,7,5,727.542724609375,520.5477905273438,0.16272731125354767,True,544.5122680664062,434.576904296875,0.23743371665477753,True,0
cam1,7,6,770.3880615234375,366.63232421875,0.15308091044425964,True,756.6075439453125,305.0127258300781,0.20283986628055573,True,-1
cam1,7,7,847.1967163085938,373.7479553222656,0.11348603665828705,True,860.9212036132812,250.73548889160156,0.16121996939182281,True,-1
cam1,8,0,614.6312255859375,417.2164306640625,0.5764225125312805,True,550.1387329101562,361.5608215332031,0.5251988768577576,True,-1
cam1,8,1,555.18310546875,358.15765380859375,0.31782934069633484,True,732.8314208984375,521.636962890625,0.34498509764671326,True,0
cam1,8,2,1139.3140869140625,595.545166015625,0.20004361867904663,True,649.5713500976562,492.91357421875,0.3150775730609894,True,4
cam1,8,3,633.896240234375,277.3460693359375,0.1840520203113556,True,542.3504638671875,436.91644287109375,0.25317564606666565,True,-1
cam1,8,4,720.6912841796875,518.9442749023438,0.15794850885868073,True,1140.9124755859375,593.2201538085938,0.2530192732810974,True,1
cam1,8,5,761.9127197265625,364.3296813964844,0.1474926918745041,True,777.377197265625,379.205322265625,0.23234829306602478,True,-1
cam1,8,6,885.1783447265625,616.8478393554688,0.10877054184675217,True,860.6175537109375,255.19630432128906,0.1449432671070099,True,-1
cam1,8,7,845.6137084960938,368.667236328125,0.10743884742259979,True,758.0110473632812,302.0096130371094,0.14216473698616028,True,-1
cam1,9,0,612.5806884765625,423.7617492675781,0.6236201524734497,True,555.2035522460938,365.7868957519531,0.523881196975708,True,-1
cam1,9,1,555.7455444335938,360.1561279296875,0.2688245177268982,True,658.14404296875,495.5289001464844,0.34667617082595825,True,0
cam1,9,2,653.2606811523438,505.19970703125,0.19583119451999664,True,733.9893798828125,521.195556640625,0.2728694677352905,True,1
cam1,9,3,1140.84619140625,591.486572265625,0.18285048007965088,True,539.0631103515625,435.36944580078125,0.24523119628429413,True,5
cam1,9,4,704.526123046875,523.0969848632812,0.1782444715499878,True,781.6468505859375,387.03369140625,0.23202373087406158,True,-1
cam1,9,5,769.4957885742188,365.40142822265625,0.16238908469676971,True,1137.7559814453125,590.4125366210938,0.22434251010417938,True,-1
cam1,9,6,632.5176391601562,276.5570068359375,0.1370755434036255,True,862.72900390625,257.20703125,0.16881589591503143,True,-1
cam1,9,7,489.7603759765625,401.1133728027344,0.11623683571815491,True,436.6900634765625,534.5023803710938,0.13143567740917206,True,-1
cam1,10,0,614.988525390625,422.312744140625,0.4747442901134491,True,626.9402465820312,366.2782897949219,0.4661792814731598,True,-1
cam1,10,1,711.77197265625,519.7228393554688,0.4424693286418915,True,655.2481689453125,493.1236572265625,0.40770992636680603,True,-1
cam1,10,2,550.309326171875,365.39459228515625,0.338500440120697,True,733.3754272460938,524.2420654296875,0.3405592739582062,True,-1
cam1,10,3,1144.93310546875,595.2822265625,0.18851786851882935,True,1139.7271728515625,590.8609619140625,0.24579878151416779,True,3
cam1,10,4,490.5531311035156,398.7048645019531,0.1550838202238083,True,1191.4951171875,430.82861328125,0.16022177040576935,True,-1
cam1,10,5,1417.635009765625,427.2230224609375,0.11958692967891693,True,853.9719848632812,361.5006408691406,0.13432174921035767,True,-1
cam1,10,6,770.4209594726562,373.1244201660156,0.11604902148246765,True,860.9620361328125,266.44146728515625,0.12431622296571732,True,-1
cam1,10,7,845.6978149414062,358.1906433105469,0.11598774790763855,True,440.7523498535156,533.7568359375,0.12217400968074799,True,5
cam1,11,0,630.0777587890625,412.8605651855469,0.4014413356781006,True,625.6329345703125,369.78924560546875,0.5156439542770386,True,-1
cam1,11,1,720.80126953125,517.456298828125,0.3797105550765991,True,652.0083618164062,490.829345703125,0.48817625641822815,True,2
cam1,11,2,550.6383666992188,365.92425537109375,0.3483628034591675,True,737.06494140625,520.4031982421875,0.2550823986530304,True,-1
cam1,11,3,1138.98486328125,592.2576293945312,0.16991305351257324,True,1138.1220703125,589.7444458007812,0.23873142898082733,True,3
cam1,11,4,1421.7427978515625,424.4566955566406,0.14321072399616241,True,1192.34130859375,432.6890563964844,0.16844013333320618,True,-1
cam1,11,5,766.7460327148438,367.5308532714844,0.1429910510778427,True,846.7382202148438,361.2301330566406,0.1543341428041458,True,-1
cam1,11,6,844.4763793945312,356.14215087890625,0.12728779017925262,True,427.82977294921875,648.8984985351562,0.11730428785085678,True,5
cam1,11,7,782.3944091796875,280.9106140136719,0.12363466620445251,True,860.0065307617188,263.1101989746094,0.1106211394071579,True,-1
cam1,12,0,552.1805419921875,376.8839416503906,0.4094783663749695,True,629.6095581054688,372.7747497558594,0.5388303399085999,True,7
cam1,12,1,724.2478637695312,513.9441528320312,0.3757154643535614,True,654.5241088867188,490.71728515625,0.4238329231739044,True,2
cam1,12,2,654.2369995117188,403.5294494628906,0.3725179433822632,True,734.407470703125,520.1771240234375,0.2601326107978821,True,-1
cam1,12,3,646.8832397460938,489.7557678222656,0.25422850251197815,True,1134.3936767578125,596.9630126953125,0.2185233235359192,True,1
cam1,12,4,1135.791748046875,600.9694213867188,0.15142704546451569,True,1196.720458984375,430.9363708496094,0.17544147372245789,True,3
cam1,12,5,782.6277465820312,275.25677490234375,0.14926038682460785,True,781.48974609375,383.5190734863281,0.11681178957223892,True,-1
cam1,12,6,768.6868286132812,370.5882873535156,0.13327530026435852,True,844.7870483398438,367.1489562988281,0.10649643838405609,True,5
cam1,12,7,1427.0621337890625,423.7855529785156,0.1201944649219513,True,546.616943359375,361.2044677734375,0.0883135050535202,True,-1
cam1,13,0,546.6928100585938,387.1177673339844,0.40111738443374634,True,620.27490234375,368.4415283203125,0.5857570767402649,True,-1
cam1,13,1,725.3826293945312,515.8978271484375,0.37244540452957153,True,658.5744018554688,497.149658203125,0.42801597714424133,True,2
cam1,13,2,659.7615966796875,404.3332214355469,0.36673426628112793,True,726.7909545898438,517.7919921875,0.3997967839241028,True,-1
cam1,13,3,651.0840454101562,495.84686279296875,0.32745659351348877,True,1137.2882080078125,596.734619140625,0.20513871312141418,True,1
cam1,13,4,1135.8211669921875,592.2833251953125,0.15788471698760986,True,1204.13623046875,434.5999755859375,0.15424583852291107,True,3
cam1,13,5,780.5863647460938,275.17156982421875,0.14789795875549316,True,797.6876220703125,384.2224426269531,0.1312214881181717,True,-1
cam1,13,6,768.7719116210938,370.7045593261719,0.13271719217300415,True,437.071533203125,529.1422729492188,0.08425895869731903,True,-1
cam1,13,7,1432.1434326171875,424.8315124511719,0.13020412623882294,True,1270.7974853515625,152.19985961914062,0.07414773851633072,True,-1
cam1,14,0,659.0452880859375,497.28875732421875,0.5237364172935486,True,730.502197265625,511.7328796386719,0.6719052791595459,True,2
cam1,14,1,616.2509155273438,381.8604736328125,0.3266145586967468,True,621.0811767578125,359.33819580078125,0.4547683000564575,True,-1
cam1,14,2,733.2578735351562,511.1760559082031,0.2909853458404541,True,650.0786743164062,493.9308166503906,0.2644364535808563,True,0
cam1,14,3,1137.8134765625,590.0834350585938,0.20282915234565735,True,1141.26806640625,588.07421875,0.21133986115455627,True,3
cam1,14,4,781.2991943359375,283.05078125,0.1692793369293213,True,400.2918395996094,614.2421875,0.14257867634296417,True,-1
cam1,14,5,1118.07373046875,192.22349548339844,0.1288118213415146,True,1077.1793212890625,307.6380615234375,0.14104454219341278,True,-1
cam1,14,6,1149.666748046875,314.7640380859375,0.1007501557469368,True,425.8952331542969,546.7390747070312,0.09405147284269333,True,7
cam1,14,7,631.296142578125,261.8666076660156,0.0999549850821495,True,1152.073974609375,313.7528381347656,0.08770463615655899,True,-1
cam1,15,0,661.5751953125,499.75823974609375,0.5609610676765442,True,728.9701538085938,509.6117248535156,0.651422381401062,True,-1
cam1,15,1,612.9320678710938,395.1593017578125,0.37652429938316345,True,619.9829711914062,356.5525817871094,0.5135815739631653,True,-1
cam1,15,2,736.4281616210938,511.7528076171875,0.22117237746715546,True,1134.12548828125,588.8953247070312,0.1977260410785675,True,0
cam1,15,3,781.6825561523438,286.9602355957031,0.18159987032413483,True,1078.1800537109375,310.11956787109375,0.15456439554691315,True,-1
cam1,15,4,1136.600341796875,587.8239135742188,0.1771780103445053,True,398.0588073730469,615.1730346679688,0.14762572944164276,True,2
cam1,15,5,1120.68701171875,182.93362426757812,0.10179099440574646,True,1491.6015625,441.91644287109375,0.08764267712831497,True,-1
cam1,15,6,631.0592651367188,261.45599365234375,0.09021269530057907,True,423.99078369140625,547.9598388671875,0.0838240459561348,True,-1
cam1,15,7,1149.194580078125,314.327392578125,0.08584801107645035,True,787.8490600585938,366.70599365234375,0.08278287202119827,True,-1
cam1,16,0,665.1068115234375,502.7269287109375,0.558846652507782,True,729.0363159179688,508.5767822265625,0.6571316719055176,True,3
cam1,16,1,617.3387451171875,406.1850891113281,0.41209933161735535,True,618.9971923828125,355.34368896484375,0.4566165804862976,True,-1
cam1,16,2,1137.12939453125,587.4570922851562,0.1902945339679718,True,1137.1942138671875,588.7151489257812,0.2069055438041687,True,2
cam1,16,3,784.5050048828125,285.3939514160156,0.14071550965309143,True,654.522705078125,497.2630920410156,0.1979817897081375,True,-1
cam1,16,4,286.3446350097656,374.5716857910156,0.10264920443296432,True,394.2306213378906,613.1485595703125,0.1476859152317047,True,-1
cam1,16,5,407.6081237792969,625.178466796875,0.09502147883176804,True,1078.4112548828125,309.95147705078125,0.13793028891086578,True,4
cam1,16,6,842.797119140625,357.5315856933594,0.09112407267093658,True,774.658935546875,370.3662414550781,0.0855502337217331,True,-1
cam1,16,7,473.791259765625,410.5176086425781,0.08679045736789703,True,462.1714782714844,403.5739440917969,0.07385434955358505,True,7
cam1,17,0,667.255126953125,505.1358947753906,0.548065185546875,True,727.0596313476562,511.6614685058594,0.634035050868988,True,2
cam1,17,1,614.0355224609375,408.8088684082031,0.5033808350563049,True,620.3237915039062,360.0216369628906,0.41049495339393616,True,-1
cam1,17,2,763.3200073242188,520.0677490234375,0.20593607425689697,True,655.0318603515625,494.968994140625,0.2463424801826477,True,-1
cam1,17,3,1136.484130859375,578.2700805664062,0.16946926712989807,True,1134.953125,581.3394775390625,0.1890326738357544,True,3
cam1,17,4,771.4066162109375,311.1089172363281,0.11336660385131836,True,393.8583984375,613.0233154296875,0.16497954726219177,True,-1
cam1,17,5,471.8735046386719,409.55462646484375,0.1106022372841835,True,459.5264892578125,398.0893859863281,0.09138701856136322,True,5
cam1,17,6,844.75830078125,363.9785461425781,0.1092555969953537,True,770.5234985351562,372.031005859375,0.08340580761432648,True,-1
cam1,17,7,283.9712829589844,373.2574157714844,0.10656263679265976,True,1070.7269287109375,309.2546691894531,0.08202970027923584,True,-1
cam1,18,0,683.8864135742188,497.3812255859375,0.2806142568588257,True,731.1843872070312,512.950439453125,0.3463985025882721,True,-1
cam1,18,1,1139.072021484375,578.0658569335938,0.28030672669410706,True,1132.7392578125,585.3795166015625,0.2863277792930603,True,1
cam1,18,2,622.4550170898438,420.2182312011719,0.2464473396539688,True,560.7948608398438,379.70733642578125,0.22645483911037445,True,5
cam1,18,3,1043.9122314453125,303.50946044921875,0.1912832260131836,True,1166.11962890625,268.0518493652344,0.1777988076210022,True,4
cam1,18,4,1168.13134765625,267.5383605957031,0.17311595380306244,True,1048.787841796875,302.28472900390625,0.15433867275714874,True,3
cam1,18,5,632.18701171875,311.28369140625,0.12469841539859772,True,622.2413940429688,423.58563232421875,0.15371206402778625,True,-1
cam1,18,6,484.3938903808594,394.3482666015625,0.12307821214199066,True,458.5528259277344,398.8774719238281,0.13562186062335968,True,-1
cam1,18,7,844.646484375,365.41015625,0.11734959483146667,True,924.5014038085938,507.4793701171875,0.1251450479030609,True,-1
cam1,19,0,1143.0067138671875,577.831787109375,0.2902590036392212,True,731.1279907226562,514.7396240234375,0.36310693621635437,True,1
cam1,19,1,693.13232421875,489.1123352050781,0.27120155096054077,True,1134.4508056640625,567.4976196289062,0.2750616669654846,True,-1
cam1,19,2,1173.9468994140625,262.9971008300781,0.21357223391532898,True,571.6679077148438,394.4064025878906,0.2445923537015915,True,3
cam1,19,3,620.9453735351562,418.5854797363281,0.21080510318279266,True,1169.63427734375,269.3677062988281,0.2408239245414734,True,-1
cam1,19,4,1043.27294921875,304.7072448730469,0.2074541300535202,True,1044.6068115234375,305.3439025878906,0.15386265516281128,True,4
cam1,19,5,490.34393310546875,383.89080810546875,0.14170198142528534,True,395.4773864746094,606.1558227539062,0.13551878929138184,True,-1
cam1,19,6,455.1106872558594,525.66064453125,0.13382959365844727,True,922.7949829101562,499.0618591308594,0.12859848141670227,True,-1
cam1,19,7,632.50634765625,318.239501953125,0.13336367905139923,True,658.1300048828125,408.5331115722656,0.11455174535512924,True,-1
cam1,20,0,1135.2637939453125,566.6278686523438,0.27563369274139404,True,564.3888549804688,409.568115234375,0.34115687012672424,True,-1
cam1,20,1,697.5916748046875,490.4498291015625,0.25108563899993896,True,730.4642944335938,520.926513671875,0.3351028561592102,True,-1
cam1,20,2,621.3289184570312,417.71929931640625,0.19841304421424866,True,1136.6239013671875,592.69091796875,0.29491934180259705,True,-1
cam1,20,3,1170.1163330078125,265.6607971191406,0.1897219717502594,True,1170.8892822265625,263.79931640625,0.18073983490467072,True,3
cam1,20,4,493.71435546875,385.06439208984375,0.18961267173290253,True,673.2730712890625,412.1065673828125,0.14436353743076324,True,-1
cam1,20,5,1041.4696044921875,309.23687744140625,0.18568122386932373,True,919.3842163085938,499.0966491699219,0.14345063269138336,True,6
cam1,20,6,450.1293029785156,529.736083984375,0.15106965601444244,True,1043.1861572265625,307.5301818847656,0.13120046257972717,True,-1
cam1,20,7,630.6715087890625,315.7698669433594,0.11001240462064743,True,398.85333251953125,608.5933837890625,0.12498149275779724,True,-1
cam1,21,0,1138.265869140625,588.9808959960938,0.28087761998176575,True,563.2110595703125,419.845703125,0.3466736376285553,True,2
cam1,21,1,707.7346801757812,500.9622497558594,0.23772180080413818,True,728.1885375976562,517.784912109375,0.343946248292923,True,-1
cam1,21,2,494.1017761230469,387.2043151855469,0.1939270943403244,True,1138.3514404296875,590.2084350585938,0.29952967166900635,True,-1
cam1,21,3,1048.5860595703125,310.3604736328125,0.19119855761528015,True,397.70050048828125,608.2699584960938,0.17072543501853943,True,-1
cam1,21,4,1179.84326171875,266.39776611328125,0.1708596646785736,True,671.3597412109375,412.8083801269531,0.1596933752298355,True,5
cam1,21,5,443.5363464355469,533.26123046875,0.14398814737796783,True,1184.31494140625,268.8979797363281,0.146981880068779,True,-1
cam1,21,6,569.6646728515625,415.4184875488281,0.12818878889083862,True,921.2432250976562,498.4297790527344,0.12722298502922058,True,0
cam1,21,7,798.2470092773438,377.1249694824219,0.10899942368268967,True,1204.2728271484375,145.5758056640625,0.12307961285114288,True,-1
cam1,22,0,749.3112182617188,509.6464538574219,0.35012149810791016,True,715.4606323242188,532.8253173828125,0.4085513651371002,True,-1
cam1,22,1,1145.2257080078125,576.9261474609375,0.34479671716690063,True,1131.543701171875,551.38232421875,0.30539509654045105,True,-1
cam1,22,2,509.6195983886719,407.76513671875,0.23050367832183838,True,571.126220703125,414.5406799316406,0.21926896274089813,True,-1
cam1,22,3,695.02880859375,416.2516174316406,0.19467048346996307,True,1214.658447265625,228.57546997070312,0.11805533617734909,True,-1
cam1,22,4,773.5225219726562,369.8692626953125,0.18692702054977417,True,669.8246459960938,407.6242980957031,0.11757928133010864,True,-1
cam1,22,5,444.3042297363281,539.9828491210938,0.16510893404483795,True,858.3368530273438,267.0718078613281,0.08864159137010574,True,-1
cam1,22,6,705.73046875,291.29644775390625,0.1585124284029007,True,457.15167236328125,697.8286743164062,0.07751821726560593,True,-1
cam1,22,7,630.7520141601562,315.71826171875,0.14733321964740753,True,1281.8175048828125,434.9515075683594,0.07715249061584473,True,-1
cam1,23,0,759.1788330078125,505.4775695800781,0.4463987350463867,True,756.1724243164062,516.05126953125,0.48827219009399414,True,0
cam1,23,1,1144.841064453125,571.599365234375,0.3567642569541931,True,1134.773681640625,550.0704345703125,0.33973634243011475,True,-1
cam1,23,2,776.2516479492188,370.30328369140625,0.21953752636909485,True,571.4296875,417.2483215332031,0.20740996301174164,True,3
cam1,23,3,511.9885559082031,408.7792053222656,0.2149980068206787,True,784.0097045898438,367.21722412109375,0.13955999910831451,True,-1
cam1,23,4,440.7982482910156,537.5447387695312,0.1705895960330963,True,1212.6961669921875,223.9152374267578,0.11518734693527222,True,-1
cam1,23,5,598.1342163085938,387.79437255859375,0.1578717976808548,True,454.8641052246094,696.4560546875,0.10258937627077103,True,-1
cam1,23,6,626.0989379882812,322.5841979980469,0.14880207180976868,True,621.3990478515625,310.33209228515625,0.09444046765565872,True,6
cam1,23,7,710.1251831054688,287.3153076171875,0.1425507515668869,True,1281.3741455078125,429.1510925292969,0.08826486021280289,True,-1
cam1,24,0,761.71826171875,504.8299865722656,0.4653410315513611,True,754.3087768554688,510.1949157714844,0.46692097187042236,True,0
cam1,24,1,1135.67724609375,548.2858276367188,0.38200923800468445,True,1144.32373046875,560.0169677734375,0.3600989878177643,True,1
cam1,24,2,510.9606628417969,411.5096435546875,0.20642758905887604,True,570.593505859375,425.9812927246094,0.1746620237827301,True,-1
cam1,24,3,785.5133666992188,372.6184997558594,0.20113784074783325,True,790.4140625,371.4629211425781,0.146969735622406,True,3
cam1,24,4,619.3277587890625,314.8681335449219,0.17265519499778748,True,617.6649169921875,303.15985107421875,0.12821024656295776,True,4
cam1,24,5,613.5370483398438,393.50201416015625,0.17112106084823608,True,847.07080078125,249.28347778320312,0.10867535322904587,True,-1
cam1,24,6,453.9587707519531,533.6557006835938,0.15628847479820251,True,455.16253662109375,693.0117797851562,0.09522542357444763,True,-1
cam1,24,7,689.2135620117188,411.38818359375,0.1369028240442276,True,432.66851806640625,548.385009765625,0.06918389350175858,True,-1
cam1,25,0,757.1286010742188,501.4994812011719,0.5231596827507019,True,762.6141967773438,504.5697021484375,0.5546177625656128,True,0
cam1,25,1,1128.6593017578125,537.8585205078125,0.4087943732738495,True,1131.0718994140625,537.332763671875,0.3745405077934265,True,1
cam1,25,2,511.0516357421875,413.6003112792969,0.21666772663593292,True,566.7930297851562,427.3789978027344,0.1496700495481491,True,-1
cam1,25,3,780.66357421875,373.4262390136719,0.20844705402851105,True,615.7437133789062,377.6885070800781,0.1332196444272995,True,5
cam1,25,4,620.92333984375,313.8329772949219,0.16913193464279175,True,613.5247192382812,301.604736328125,0.12827883660793304,True,4
cam1,25,5,461.9403991699219,527.313232421875,0.16808053851127625,True,781.8953247070312,373.9183044433594,0.127224862575531,True,-1
cam1,25,6,619.0935668945312,387.2408142089844,0.161285862326622,True,852.976318359375,249.44351196289062,0.10290852934122086,True,3
cam1,25,7,709.90966796875,369.84722900390625,0.1452362835407257,True,950.9282836914062,604.1213989257812,0.0759747251868248,True,-1
cam1,26,0,1140.8389892578125,546.9465942382812,0.5742987394332886,True,1140.5718994140625,547.4456787109375,0.5692545771598816,True,0
cam1,26,1,759.0536499023438,499.7664794921875,0.36253923177719116,True,763.4144287109375,503.70562744140625,0.36656367778778076,True,1
cam1,26,2,771.3850708007812,374.28582763671875,0.14771242439746857,True,1123.6378173828125,263.03533935546875,0.08522160351276398,True,5
cam1,26,3,626.21142578125,402.87225341796875,0.14625021815299988,True,1283.7745361328125,367.96820068359375,0.08327271789312363,True,-1
cam1,26,4,625.6919555664062,314.0409851074219,0.11840634047985077,True,949.9307250976562,607.6181030273438,0.07405467331409454,True,-1
cam1,26,5,472.5174560546875,532.0413208007812,0.11339794099330902,True,783.5486450195312,374.5777587890625,0.06909798830747604,True,-1
cam1,26,6,653.58251953125,515.34326171875,0.10674959421157837,True,681.3076171875,313.31561279296875,0.053145505487918854,True,-1
cam1,26,7,518.0049438476562,417.03564453125,0.06293243914842606,True,1210.517822265625,194.4916534423828,0.04028506577014923,True,-1
cam1,27,0,1144.6484375,537.240234375,0.5361810922622681,True,1145.887939453125,536.8543090820312,0.5373061299324036,True,0
cam1,27,1,752.012939453125,501.9273681640625,0.3306800425052643,True,755.303955078125,508.3529357910156,0.33842790126800537,True,1
cam1,27,2,772.9389038085938,372.4411926269531,0.17192474007606506,True,1278.512939453125,366.62176513671875,0.10509355366230011,True,4
cam1,27,3,624.3342895507812,408.2297058105469,0.1649409830570221,True,1119.2686767578125,264.0380554199219,0.08335580676794052,True,-1
cam1,27,4,471.3311767578125,531.2177124023438,0.14138032495975494,True,777.6815185546875,377.9078063964844,0.07329528033733368,True,-1
cam1,27,5,626.322998046875,313.0972900390625,0.12856969237327576,True,1137.78662109375,86.78147888183594,0.05457437038421631,True,-1
cam1,27,6,650.8408813476562,511.9585266113281,0.12114859372377396,True,1602.2703857421875,306.9045104980469,0.04862089082598686,True,-1
cam1,27,7,511.4095458984375,413.6571350097656,0.07287205755710602,True,1123.6866455078125,162.27818298339844,0.044884007424116135,True,-1
cam1,28,0,1155.9827880859375,531.8966064453125,0.4914882183074951,True,1144.1688232421875,523.4008178710938,0.5292951464653015,True,0
cam1,28,1,745.4137573242188,506.2682189941406,0.25210097432136536,True,741.4739379882812,511.2873229980469,0.29851898550987244,True,1
cam1,28,2,618.162353515625,400.345458984375,0.17856627702713013,True,1279.7752685546875,356.91693115234375,0.10734611749649048,True,-1
cam1,28,3,473.6207275390625,530.737548828125,0.1509544849395752,True,785.8399658203125,389.43890380859375,0.07478771358728409,True,-1
cam1,28,4,779.7069702148438,372.7876281738281,0.1497166007757187,True,1116.138671875,267.2250671386719,0.06345747411251068,True,3
cam1,28,5,647.2186279296875,508.1539306640625,0.10999906808137894,True,648.7757568359375,461.7612609863281,0.06019818037748337,True,-1
cam1,28,6,626.3602905273438,308.7164001464844,0.10155720263719559,True,691.91064453125,268.9621276855469,0.05523234233260155,True,-1
cam1,28,7,542.343017578125,379.5888366699219,0.07254011183977127,True,1135.14306640625,82.1310806274414,0.05448446050286293,True,-1
cam1,29,0,1140.1990966796875,520.515869140625,0.520806074142456,True,1142.642578125,515.071044921875,0.547095000743866,True,0
cam1,29,1,736.3997802734375,511.0623474121094,0.22972948849201202,True,729.8173217773438,517.4364624023438,0.2975945472717285,True,1
cam1,29,2,617.78173828125,395.1551513671875,0.19109158217906952,True,1282.7261962890625,358.225830078125,0.08041498064994812,True,-1
cam1,29,3,472.75482177734375,528.0748291015625,0.11803983896970749,True,693.6243896484375,262.712158203125,0.07834368944168091,True,-1
cam1,29,4,649.0831909179688,504.6208801269531,0.11687058955430984,True,786.9346313476562,394.0398864746094,0.06982865929603577,True,-1
cam1,29,5,785.20703125,372.3583679199219,0.10908219963312149,True,1103.8314208984375,266.15264892578125,0.058790482580661774,True,-1
cam1,29,6,1123.824462890625,614.428955078125,0.08800197392702103,True,1126.02685546875,617.1283569335938,0.057083871215581894,True,6
cam1,29,7,625.5092163085938,305.1990966796875,0.08530984073877335,True,629.1624755859375,478.7220458984375,0.05632353201508522,True,-1
cam1,30,0,1140.1590576171875,507.5108337402344,0.5880248546600342,True,1142.568359375,507.3697814941406,0.5498692393302917,True,0
cam1,30,1,1124.61669921875,601.637451171875,0.17571307718753815,True,730.4405517578125,516.600341796875,0.2648843228816986,True,2
cam1,30,2,1091.049072265625,264.3815002441406,0.08957823365926743,True,1126.5472412109375,601.5315551757812,0.21077841520309448,True,3
cam1,30,3,1119.5718994140625,162.6113739013672,0.0773785188794136,True,1090.6885986328125,270.251220703125,0.08506447821855545,True,5
cam1,30,4,619.5855712890625,396.75714111328125,0.06316757947206497,True,696.7734375,259.4071960449219,0.08380033075809479,True,-1
cam1,30,5,789.2109985351562,391.25018310546875,0.029512960463762283,True,1124.4207763671875,161.37109375,0.06081371009349823,True,7
cam1,30,6,727.9288330078125,515.7957763671875,0.02885356731712818,True,858.7952270507812,283.12274169921875,0.04134745895862579,True,1
cam1,30,7,862.8281860351562,306.32928466796875,0.02706943452358246,True,789.4026489257812,396.5218200683594,0.03497862443327904,True,-1
cam1,31,0,1135.6441650390625,494.4228210449219,0.6175079941749573,True,1136.0858154296875,499.54754638671875,0.5516654253005981,True,0
cam1,31,1,1124.872314453125,595.0709838867188,0.1757303774356842,True,730.6040649414062,516.66796875,0.262784868478775,True,2
cam1,31,2,1091.82373046875,263.8500671386719,0.0799555554986,True,1128.2034912109375,593.9505004882812,0.2279852032661438,True,4
cam1,31,3,618.2222290039062,397.2316589355469,0.07769305258989334,True,689.0615234375,308.13134765625,0.08520455658435822,True,-1
cam1,31,4,1052.636474609375,220.09033203125,0.061782803386449814,True,1089.1072998046875,266.59490966796875,0.07231300324201584,True,-1
cam1,31,5,1120.6025390625,157.29339599609375,0.05528145655989647,True,1127.4656982421875,157.39674377441406,0.05328676849603653,True,5
cam1,31,6,710.0975952148438,379.5234680175781,0.04052542895078659,True,859.8475952148438,288.8922424316406,0.051043156534433365,True,7
cam1,31,7,861.0075073242188,303.95556640625,0.04010428115725517,True,704.1173095703125,372.344970703125,0.047083064913749695,True,6
cam1,32,0,1134.3116455078125,489.8729248046875,0.721266508102417,True,1135.996826171875,491.1956787109375,0.6085156798362732,True,0
cam1,32,1,1129.2371826171875,575.902099609375,0.1649242639541626,True,732.0936279296875,519.1222534179688,0.27967673540115356,True,2
cam1,32,2,616.7954711914062,397.3734436035156,0.10319221019744873,True,1129.930908203125,576.6060791015625,0.2672320306301117,True,-1
cam1,32,3,1068.0533447265625,219.41036987304688,0.07972104847431183,True,694.1181030273438,306.22540283203125,0.10920552164316177,True,-1
cam1,32,4,706.1177978515625,373.7858581542969,0.05246349051594734,True,912.931640625,491.6647644042969,0.07276222854852676,True,-1
cam1,32,5,599.8486938476562,261.0790100097656,0.05066666007041931,True,765.562744140625,394.4046936035156,0.054957251995801926,True,-1
cam1,32,6,861.7021484375,302.1454772949219,0.04384494572877884,True,862.8740234375,292.0007629394531,0.05268140882253647,True,6
cam1,32,7,728.0223388671875,516.8204345703125,0.03948396444320679,True,1042.6884765625,459.8158874511719,0.04240531846880913,True,1
cam1,33,0,1127.8875732421875,486.78729248046875,0.742741584777832,True,1127.6097412109375,487.8083801269531,0.5868674516677856,True,0
cam1,33,1,1127.1474609375,564.9168701171875,0.19351448118686676,True,1127.904296875,564.7098999023438,0.3173415958881378,True,1
cam1,33,2,1072.2431640625,215.73440551757812,0.09772782027721405,True,733.2638549804688,516.9557495117188,0.2564217150211334,True,6
cam1,33,3,617.966064453125,397.1209716796875,0.08309992402791977,True,912.1135864257812,492.15313720703125,0.08314567804336548,True,-1
cam1,33,4,717.0042724609375,376.61761474609375,0.05255270004272461,True,691.5765380859375,309.1546630859375,0.08256712555885315,True,-1
cam1,33,5,729.2456665039062,519.3328247070312,0.046857573091983795,True,738.7442626953125,386.0183410644531,0.07450740784406662,True,2
cam1,33,6,590.9010009765625,258.98077392578125,0.045495204627513885,True,1073.5699462890625,214.75196838378906,0.04454049468040466,True,-1
cam1,33,7,856.9632568359375,376.3944091796875,0.03793439641594887,True,1192.88330078125,181.90557861328125,0.041800543665885925,True,-1
cam1,34,0,1113.0438232421875,480.8619689941406,0.5871778130531311,True,1109.6102294921875,483.0023498535156,0.5095204710960388,True,0
cam1,34,1,1124.2528076171875,550.5016479492188,0.3121322691440582,True,1124.54345703125,550.5700073242188,0.422054648399353,True,1
cam1,34,2,1075.245361328125,217.5031280517578,0.1307649463415146,True,736.7412109375,519.7135009765625,0.09086547046899796,True,6
cam1,34,3,583.0355834960938,255.50599670410156,0.045451365411281586,True,907.5154418945312,489.51409912109375,0.0808524340391159,True,-1
cam1,34,4,1101.8421630859375,306.88067626953125,0.04070457071065903,True,1195.257568359375,183.83358764648438,0.06780578196048737,True,-1
cam1,34,5,856.4525146484375,375.9373474121094,0.03778998553752899,True,739.124755859375,387.1925048828125,0.06485585123300552,True,-1
cam1,34,6,579.5328369140625,492.2005920410156,0.03337118774652481,True,1068.22119140625,212.5566864013672,0.04499094933271408,True,-1
cam1,34,7,861.4576416015625,283.1627502441406,0.02993767336010933,True,1064.4979248046875,296.98175048828125,0.04381457343697548,True,-1
cam1,35,0,1110.7496337890625,480.0247802734375,0.6258054971694946,True,1110.8397216796875,483.0691833496094,0.5265724658966064,True,0
cam1,35,1,1073.2406005859375,223.24708557128906,0.102644182741642,True,725.5819091796875,392.98193359375,0.1428327113389969,True,-1
cam1,35,2,1099.347900390625,306.1493835449219,0.05809755250811577,True,727.7803955078125,519.2509155273438,0.13015274703502655,True,-1
cam1,35,3,576.1135864257812,248.6429901123047,0.05591055750846863,True,1200.3367919921875,190.5576934814453,0.12953147292137146,True,-1
cam1,35,4,528.849609375,304.5192565917969,0.04487008973956108,True,1078.4715576171875,300.7428894042969,0.06528573483228683,True,-1
cam1,35,5,726.1468505859375,519.2991333007812,0.042441193014383316,True,858.5692138671875,276.51446533203125,0.051150038838386536,True,2
cam1,35,6,574.8885498046875,495.866943359375,0.03772445768117905,True,911.3141479492188,493.9834899902344,0.05043233558535576,True,-1
cam1,35,7,729.0844116210938,394.32232666015625,0.03648584708571434,True,1039.299072265625,159.11520385742188,0.04141804575920105,True,1
cam1,36,0,1111.8037109375,472.29541015625,0.6658638715744019,True,1114.8753662109375,474.2392883300781,0.5716456770896912,True,0
cam1,36,1,1072.295166015625,225.7526092529297,0.07221446931362152,True,716.946044921875,393.8993835449219,0.13074345886707306,True,-1
cam1,36,2,526.8003540039062,304.1481018066406,0.06624194979667664,True,1206.2464599609375,199.97030639648438,0.11013936996459961,True,-1
cam1,36,3,1097.275146484375,307.364990234375,0.06169147789478302,True,729.3336181640625,522.3295288085938,0.10342419892549515,True,4
cam1,36,4,622.3043823242188,424.2166748046875,0.0595058836042881,True,1089.166259765625,305.66925048828125,0.06061490252614021,True,-1
cam1,36,5,578.176513671875,249.36085510253906,0.05268201604485512,True,1041.2261962890625,162.00265502929688,0.05851574242115021,True,-1
cam1,36,6,572.6254272460938,492.01031494140625,0.04223528131842613,True,858.2896728515625,275.85479736328125,0.04706587269902229,True,-1
cam1,36,7,576.0861206054688,192.4325714111328,0.0370120108127594,True,918.7951049804688,495.8087158203125,0.042189326137304306,True,-1
cam1,37,0,1113.7630615234375,471.09063720703125,0.6183351278305054,True,1113.9508056640625,471.7565002441406,0.5257290005683899,True,0
cam1,37,1,622.9995727539062,424.7060241699219,0.07856030762195587,True,714.9221801757812,398.4518737792969,0.12258151173591614,True,-1
cam1,37,2,1060.32958984375,245.9035186767578,0.07371023297309875,True,728.8426513671875,522.3827514648438,0.0955883339047432,True,-1
cam1,37,3,1098.1119384765625,305.6860046386719,0.06610067188739777,True,1204.54248046875,199.87330627441406,0.08327363431453705,True,5
cam1,37,4,520.4805908203125,304.8830871582031,0.06454573571681976,True,1043.4696044921875,163.73802185058594,0.07296028733253479,True,-1
cam1,37,5,575.1104736328125,188.12046813964844,0.04847719147801399,True,1091.9395751953125,308.11102294921875,0.06243032589554787,True,-1
cam1,37,6,561.7468872070312,512.7079467773438,0.0435151681303978,True,860.7042846679688,273.0792236328125,0.040726322680711746,True,-1
cam1,37,7,1146.66650390625,192.375244140625,0.03718116879463196,True,894.8843383789062,336.41522216796875,0.03620534390211105,True,-1
cam1,38,0,1119.9317626953125,491.29779052734375,0.7972756028175354,True,1119.482177734375,487.3689880371094,0.7838605046272278,True,0
cam1,38,1,1097.440673828125,314.1563415527344,0.0807821974158287,True,1090.475341796875,309.27203369140625,0.09077973663806915,True,1
cam1,38,2,516.8573608398438,305.66888427734375,0.03615415096282959,True,1043.58642578125,165.7454071044922,0.03733668848872185,True,-1
cam1,38,3,0.0,1078.5,0.020861338824033737,True,893.2562255859375,337.51654052734375,0.03226928040385246,True,4
cam1,38,4,1040.3687744140625,186.0116729736328,0.019522005692124367,True,0.0,1079.0,0.021441912278532982,True,-1
cam1,38,5,1918.4998779296875,1078.5,0.018040398135781288,True,1186.92529296875,194.65447998046875,0.020579753443598747,True,-1
cam1,38,6,576.7078857421875,189.63198852539062,0.017101453617215157,True,614.6461181640625,382.0849304199219,0.01947319693863392,True,-1
cam1,38,7,555.7093505859375,528.6477661132812,0.016787441447377205,True,693.2684326171875,250.52024841308594,0.018236493691802025,True,-1
cam1,39,0,1121.0985107421875,486.7420349121094,0.884986162185669,True,1120.3336181640625,484.43719482421875,0.868663489818573,True,0
cam1,39,1,1089.59814453125,308.6725158691406,0.05201222375035286,True,1088.293701171875,309.88775634765625,0.058281056582927704,True,1
cam1,39,2,0.0,1078.5,0.01864190213382244,True,1042.6180419921875,163.41583251953125,0.026314400136470795,True,5
cam1,39,3,736.5477294921875,343.44970703125,0.017865672707557678,True,894.9698486328125,338.698486328125,0.02427585795521736,True,-1
cam1,39,4,517.7943115234375,304.12872314453125,0.01725374534726143,True,850.6383056640625,379.64617919921875,0.01945851743221283,True,-1
cam1,39,5,1918.4998779296875,1078.5,0.016865022480487823,True,0.0,1079.0,0.018460644409060478,True,-1
cam1,39,6,1918.4998779296875,8.830700874328613,0.016837745904922485,True,1173.32470703125,189.839599609375,0.01700766384601593,True,-1
cam1,39,7,0.0,17.922941207885742,0.015984805300831795,True,618.0609130859375,377.27105712890625,0.016756169497966766,True,-1
cam1,40,0,1121.244384765625,479.294189453125,0.8955755233764648,True,1120.7628173828125,479.13153076171875,0.8783908486366272,True,0
cam1,40,1,1087.695068359375,309.02685546875,0.03672346472740173,True,1086.3468017578125,307.8173522949219,0.044854141771793365,True,1
cam1,40,2,733.8870239257812,349.4263610839844,0.027559852227568626,True,0.0,1079.0,0.021867025643587112,True,-1
cam1,40,3,0.0,1078.5,0.018551498651504517,True,604.025634765625,283.79730224609375,0.021354805678129196,True,2
cam1,40,4,1918.4998779296875,0.0,0.017641671001911163,True,894.2913818359375,339.4515380859375,0.021054966375231743,True,-1
cam1,40,5,1001.665283203125,214.2136688232422,0.016279712319374084,True,1042.7496337890625,157.92269897460938,0.020459190011024475,True,-1
cam1,40,6,1918.4998779296875,1078.5,0.01624991185963154,True,848.3447265625,390.2647399902344,0.01971849985420704,True,-1
cam1,40,7,0.0,18.37590980529785,0.015753034502267838,True,667.9999389648438,245.8530731201172,0.017649207264184952,True,-1
cam1,41,0,1122.61865234375,465.9892272949219,0.9100934267044067,True,1120.3724365234375,467.68585205078125,0.9130229353904724,True,0
cam1,41,1,729.858642578125,363.26458740234375,0.026241200044751167,True,740.7677612304688,397.5108947753906,0.03243384137749672,True,-1
cam1,41,2,1090.93212890625,311.7185974121094,0.020049352198839188,True,1046.5096435546875,156.06260681152344,0.02604224719107151,True,4
cam1,41,3,1147.57275390625,194.0523223876953,0.01946595124900341,True,603.2540893554688,278.6496887207031,0.022841550409793854,True,-1
cam1,41,4,603.7977294921875,275.00579833984375,0.018694214522838593,True,1088.4757080078125,314.03680419921875,0.02175452746450901,True,3
cam1,41,5,0.0,1078.5,0.01825513318181038,True,893.4392700195312,338.0359191894531,0.021189799532294273,True,6
cam1,41,6,1918.4998779296875,1078.5,0.017424924299120903,True,0.0,1079.0,0.01883830316364765,True,-1
cam1,41,7,998.741455078125,213.1787109375,0.016938582062721252,True,999.0399169921875,213.61170959472656,0.01868991181254387,True,7
cam1,42,0,1123.49365234375,453.58721923828125,0.9158046245574951,True,1121.2391357421875,454.1451721191406,0.9112046957015991,True,0
cam1,42,1,0.0,1078.5,0.020345354452729225,True,742.3928833007812,393.4090881347656,0.03424106165766716,True,3
cam1,42,2,1918.4998779296875,1078.5,0.017831752076745033,True,1048.334228515625,141.53379821777344,0.020176680758595467,True,4
cam1,42,3,1000.7332153320312,212.1619110107422,0.0173476655036211,True,0.0,1079.0,0.01999608613550663,True,-1
cam1,42,4,1918.4998779296875,0.0,0.016813205555081367,True,1919.0,1079.0,0.01772642508149147,True,6
cam1,42,5,0.0,18.890493392944336,0.01611827127635479,True,0.0,18.33390235900879,0.01660146750509739,True,5
cam1,42,6,1147.689453125,191.60203552246094,0.01312763337045908,True,1919.0,8.688484191894531,0.016483258455991745,True,-1
cam1,42,7,1101.791748046875,576.0905151367188,0.012998735532164574,True,1076.5025634765625,560.7723388671875,0.015892036259174347,True,-1
cam1,43,0,1123.093017578125,442.6211242675781,0.9271097779273987,True,1121.7325439453125,442.0684509277344,0.9140478372573853,True,0
cam1,43,1,0.0,1078.5,0.017847292125225067,True,743.7169189453125,394.4310302734375,0.03326176479458809,True,2
cam1,43,2,1918.4998779296875,9.593360900878906,0.01765052229166031,True,0.0,1079.0,0.017915280535817146,True,3
cam1,43,3,1918.4998779296875,1078.5,0.016549956053495407,True,1919.0,8.803746223449707,0.01771051436662674,True,5
cam1,43,4,1007.0765380859375,194.2889862060547,0.016158398240804672,True,1284.3353271484375,50.542137145996094,0.017335597425699234,True,7
cam1,43,5,0.0,18.330150604248047,0.016004333272576332,True,1919.0,1079.0,0.016529874876141548,True,6
cam1,43,6,1284.259521484375,48.582191467285156,0.013406231068074703,True,0.0,18.705427169799805,0.016045505180954933,True,4
cam1,43,7,1117.2457275390625,155.55758666992188,0.012214228510856628,True,1012.9569091796875,192.53561401367188,0.014870445244014263,True,-1
cam1,44,0,1121.0445556640625,434.74163818359375,0.9380431175231934,True,1121.34375,435.20013427734375,0.9199612736701965,True,0
cam1,44,1,1005.4677734375,193.92779541015625,0.018408603966236115,True,741.431884765625,393.86834716796875,0.05180215463042259,True,7
cam1,44,2,1918.4998779296875,0.0,0.017528187483549118,True,58.7193489074707,655.2945556640625,0.025124311447143555,True,3
cam1,44,3,0.0,1078.5,0.01735154166817665,True,1919.0,0.0,0.01844203472137451,True,4
cam1,44,4,1918.4998779296875,1078.5,0.016884200274944305,True,0.0,1079.0,0.017888637259602547,True,5
cam1,44,5,0.0,19.076459884643555,0.015826158225536346,True,1919.0,1079.0,0.01685003936290741,True,6
cam1,44,6,768.114013671875,367.3249816894531,0.014900391921401024,True,0.0,18.419422149658203,0.01669471338391304,True,-1
cam1,44,7,1116.3046875,155.0433807373047,0.013052670285105705,True,1011.9641723632812,191.8871612548828,0.015463704243302345,True,-1
cam1,45,0,1122.3477783203125,421.7719421386719,0.9308697581291199,True,1123.6881103515625,422.5166320800781,0.9201455116271973,True,0
cam1,45,1,1004.67822265625,200.0170440673828,0.01830645278096199,True,736.8302612304688,386.3271484375,0.04940067604184151,True,7
cam1,45,2,0.0,1078.5,0.0182813610881567,True,47.670597076416016,668.6797485351562,0.029082298278808594,True,3
cam1,45,3,763.008056640625,366.00006103515625,0.017129473388195038,True,0.0,1079.0,0.017899658530950546,True,-1
cam1,45,4,1918.4998779296875,0.0,0.01683671958744526,True,1919.0,0.0,0.01652742549777031,True,4
cam1,45,5,1918.4998779296875,1078.5,0.016810784116387367,True,1919.0,1079.0,0.01640637218952179,True,5
cam1,45,6,0.0,19.468542098999023,0.01547927875071764,True,0.0,18.36931037902832,0.016027335077524185,True,6
cam1,45,7,1077.2005615234375,560.9319458007812,0.01338287815451622,True,1002.4108276367188,188.7165069580078,0.015671759843826294,True,-1
cam1,46,0,1121.546630859375,413.9002380371094,0.9239622354507446,True,1122.8770751953125,413.0941162109375,0.9134176969528198,True,0
cam1,46,1,0.0,1078.5,0.019976086914539337,True,730.792724609375,381.656005859375,0.044161245226860046,True,4
cam1,46,2,1009.7880859375,198.81597900390625,0.0193825364112854,True,1106.4881591796875,302.39129638671875,0.030250972136855125,True,3
cam1,46,3,1918.4998779296875,1078.5,0.017338838428258896,True,1010.17626953125,199.36509704589844,0.023712515830993652,True,5
cam1,46,4,1918.4998779296875,0.0,0.017085805535316467,True,0.0,1079.0,0.020196639001369476,True,6
cam1,46,5,0.0,18.68210220336914,0.016221337020397186,True,1919.0,1079.0,0.017092527821660042,True,7
cam1,46,6,738.51318359375,373.2533874511719,0.016010964289307594,True,1919.0,0.0,0.016792746260762215,True,1
cam1,46,7,1075.87744140625,561.52978515625,0.013891909271478653,True,0.0,18.10862159729004,0.016418088227510452,True,-1
cam1,47,0,1121.1795654296875,402.6842956542969,0.9253430962562561,True,1122.5145263671875,403.5198059082031,0.9154186248779297,True,0
cam1,47,1,0.0,1078.5,0.019045228138566017,True,725.4288330078125,370.07275390625,0.03561314940452576,True,4
cam1,47,2,1918.4998779296875,0.0,0.016734618693590164,True,1103.8914794921875,306.291015625,0.026623006910085678,True,5
cam1,47,3,1918.4998779296875,1078.5,0.01618364453315735,True,1130.4970703125,107.16138458251953,0.021359866484999657,True,7
cam1,47,4,0.0,19.422107696533203,0.01601351983845234,True,0.0,1079.0,0.018696213141083717,True,6
cam1,47,5,728.8714599609375,366.6167907714844,0.013264983892440796,True,1919.0,0.0,0.01742330752313137,True,1
cam1,47,6,1091.6165771484375,500.5369873046875,0.011974776163697243,True,0.0,19.014692306518555,0.016555553302168846,True,-1
cam1,47,7,1096.906982421875,575.5617065429688,0.011770131066441536,True,1919.0,1079.0,0.016413800418376923,True,-1
cam1,48,0,1122.150390625,389.43499755859375,0.928098201751709,True,1122.189208984375,389.84259033203125,0.9097474217414856,True,0
cam1,48,1,0.0,1078.5,0.018696313723921776,True,1125.140380859375,105.55437469482422,0.028222516179084778,True,3
cam1,48,2,1918.4998779296875,8.798172950744629,0.017780931666493416,True,731.6519775390625,377.5984802246094,0.018877418711781502,True,4
cam1,48,3,1918.4998779296875,1078.5,0.017197908833622932,True,0.0,1079.0,0.018450526520609856,True,5
cam1,48,4,0.0,18.62095069885254,0.01616804301738739,True,1919.0,8.69330883026123,0.01774105243384838,True,6
cam1,48,5,1088.494384765625,489.14581298828125,0.012259109877049923,True,1919.0,1079.0,0.01698310486972332,True,-1
cam1,48,6,1073.0963134765625,188.70262145996094,0.01211952418088913,True,0.0,18.89129066467285,0.016564149409532547,True,-1
cam1,48,7,43.85830307006836,0.0,0.011753746308386326,True,1664.3221435546875,578.3724975585938,0.016102980822324753,True,-1
cam1,49,0,1123.939208984375,384.2366943359375,0.9316131472587585,True,1122.7900390625,385.4259033203125,0.9207012057304382,True,0
cam1,49,1,1077.3216552734375,180.851806640625,0.020133165642619133,True,1123.0391845703125,104.92996215820312,0.021941350772976875,True,-1
cam1,49,2,0.0,1078.5,0.019605562090873718,True,0.0,1079.0,0.019438866525888443,True,2
cam1,49,3,1918.4998779296875,1078.5,0.016997773200273514,True,1919.0,8.924013137817383,0.017124159261584282,True,4
cam1,49,4,1918.4998779296875,0.0,0.016986217349767685,True,1919.0,1079.0,0.017099177464842796,True,3
cam1,49,5,0.0,17.886167526245117,0.015435107052326202,True,0.0,17.860334396362305,0.015914693474769592,True,5
cam1,49,6,1088.7867431640625,532.480224609375,0.013231477700173855,True,605.0701293945312,0.0,0.015575984492897987,True,-1
cam1,49,7,763.91552734375,348.2723388671875,0.013123221695423126,True,998.2675170898438,194.95594787597656,0.015459720976650715,True,-1
cam1,50,0,1125.1715087890625,374.6727600097656,0.9316359162330627,True,1124.2314453125,374.0192565917969,0.9327820539474487,True,0
cam1,50,1,0.0,1078.5,0.021211639046669006,True,0.0,1079.0,0.020915528759360313,True,1
cam1,50,2,1072.8934326171875,172.81442260742188,0.018935909494757652,True,1919.0,1079.0,0.017084462568163872,True,-1
cam1,50,3,1918.4998779296875,1078.5,0.01715497113764286,True,1919.0,8.387544631958008,0.016451556235551834,True,2
cam1,50,4,1918.4998779296875,0.0,0.016524961218237877,True,0.0,18.168691635131836,0.016023531556129456,True,3
cam1,50,5,0.0,17.982271194458008,0.015926705673336983,True,1001.4747314453125,177.03575134277344,0.015506851486861706,True,4
cam1,50,6,1088.849365234375,479.9309997558594,0.013904065825045109,True,1089.2772216796875,481.7628173828125,0.014521105214953423,True,6
cam1,50,7,1555.6900634765625,654.0068359375,0.013832599855959415,True,1119.9595947265625,101.80377960205078,0.01421328354626894,True,-1
cam1,51,0,1123.751220703125,370.4696350097656,0.9315901398658752,True,1120.3284912109375,369.7484436035156,0.9397710561752319,True,0
cam1,51,1,0.0,1078.5,0.019033873453736305,True,0.0,1079.0,0.018841922283172607,True,1
cam1,51,2,1918.4998779296875,7.851779937744141,0.016672559082508087,True,1919.0,9.467965126037598,0.01667638309299946,True,2
cam1,51,3,1918.4998779296875,1078.5,0.016666539013385773,True,891.90087890625,336.6141662597656,0.01666584610939026,True,4
cam1,51,4,0.0,18.60500144958496,0.015624862164258957,True,1919.0,1079.0,0.016665829345583916,True,5
cam1,51,5,605.4620361328125,231.7578125,0.013854877091944218,True,0.0,18.01057243347168,0.015915097668766975,True,-1
cam1,51,6,1071.3565673828125,172.76951599121094,0.01357597392052412,True,0.0,425.1832580566406,0.014729402028024197,True,-1
cam1,51,7,1089.2916259765625,478.079833984375,0.011602128855884075,True,999.3347778320312,170.8155975341797,0.014186810702085495,True,-1
cam1,52,0,1124.0211181640625,359.2266845703125,0.9365276098251343,True,1123.343017578125,358.9737548828125,0.9375703930854797,True,0
cam1,52,1,0.0,1078.5,0.01868044212460518,True,0.0,1079.0,0.018823377788066864,True,1
cam1,52,2,1918.4998779296875,1078.5,0.017047522589564323,True,1919.0,8.64598560333252,0.01695217378437519,True,3
cam1,52,3,1918.4998779296875,8.233717918395996,0.016944682225584984,True,1919.0,1079.0,0.01694723218679428,True,2
cam1,52,4,0.0,18.813234329223633,0.015590612776577473,True,0.0,18.129196166992188,0.015797173604369164,True,4
cam1,52,5,1088.4012451171875,486.6223449707031,0.013119962066411972,True,1075.5787353515625,560.9695434570312,0.014505207538604736,True,6
cam1,52,6,1077.0155029296875,560.2724609375,0.012046972289681435,True,1089.7132568359375,487.27337646484375,0.013216937892138958,True,5
cam1,52,7,42.78857421875,0.0,0.011311886832118034,True,1555.814697265625,655.119384765625,0.011910106055438519,True,-1
cam1,53,0,1122.6942138671875,353.5881042480469,0.9324563145637512,True,1123.222900390625,354.5265197753906,0.9347712397575378,True,0
cam1,53,1,0.0,1078.5,0.01927890256047249,True,0.0,1079.0,0.019851215183734894,True,1
cam1,53,2,1918.4998779296875,7.751548767089844,0.016833489760756493,True,577.2026977539062,244.68881225585938,0.016601217910647392,True,3
cam1,53,3,1918.4998779296875,1078.5,0.016506720334291458,True,1919.0,8.302412033081055,0.016302669420838356,True,5
cam1,53,4,0.0,19.556835174560547,0.015729090198874474,True,0.0,18.06549072265625,0.015940383076667786,True,4
cam1,53,5,848.4890747070312,348.8734436035156,0.014902513474225998,True,1919.0,1079.0,0.015777762979269028,True,-1
cam1,53,6,1075.334228515625,561.005126953125,0.013926893472671509,True,1074.1937255859375,560.9572143554688,0.015010319650173187,True,6
cam1,53,7,1092.2501220703125,475.49639892578125,0.013491127640008926,True,1091.9381103515625,473.8362731933594,0.014958660118281841,True,7
cam1,54,0,1124.4969482421875,343.9844055175781,0.9295555949211121,True,1125.4759521484375,343.7258605957031,0.9287906885147095,True,0
cam1,54,1,0.0,1078.5,0.02150748297572136,True,0.0,1079.0,0.023699622601270676,True,1
cam1,54,2,1918.4998779296875,1078.5,0.01769060082733631,True,1919.0,1079.0,0.01784844510257244,True,2
cam1,54,3,1918.4998779296875,0.0,0.01704004406929016,True,1919.0,9.334745407104492,0.016357965767383575,True,3
cam1,54,4,0.0,18.616212844848633,0.01604047790169716,True,0.0,18.155832290649414,0.016336839646100998,True,4
cam1,54,5,1091.16162109375,472.3839111328125,0.0157930888235569,True,1090.3763427734375,473.1925964355469,0.015313621610403061,True,5
cam1,54,6,1074.2265625,562.264892578125,0.013773085549473763,True,1074.440185546875,562.3057861328125,0.01404104009270668,True,6
cam1,54,7,43.031253814697266,0.0,0.01123874168843031,True,921.3079833984375,246.39620971679688,0.01327421236783266,True,-1
cam1,55,0,1120.27685546875,337.91204833984375,0.9341393709182739,True,1121.5521240234375,337.294189453125,0.9382789731025696,True,0
cam1,55,1,0.0,1078.5,0.01950903795659542,True,0.0,1079.0,0.019937796518206596,True,1
cam1,55,2,1918.4998779296875,0.0,0.017125723883509636,True,1677.1810302734375,306.2099304199219,0.01797601208090782,True,3
cam1,55,3,1918.4998779296875,1078.5,0.01671922393143177,True,1919.0,0.0,0.017390171065926552,True,4
cam1,55,4,0.0,17.94792366027832,0.015811452642083168,True,1919.0,1079.0,0.016609245911240578,True,5
cam1,55,5,0.0,395.0751037597656,0.011651735752820969,True,0.0,18.191526412963867,0.016291407868266106,True,-1
cam1,55,6,44.61637878417969,0.0,0.011532356031239033,True,484.36334228515625,531.0350952148438,0.015333855524659157,True,-1
cam1,55,7,1253.9739990234375,278.209716796875,0.011288270354270935,True,30.858091354370117,427.031494140625,0.014811381697654724,True,-1
cam1,56,0,1123.7608642578125,327.80682373046875,0.9308117032051086,True,1123.0726318359375,326.534423828125,0.9301458597183228,True,0
cam1,56,1,0.0,1078.5,0.019123293459415436,True,1417.192626953125,426.1689758300781,0.021429620683193207,True,2
cam1,56,2,1918.4998779296875,8.1409912109375,0.01731978915631771,True,0.0,1079.0,0.0193912573158741,True,3
cam1,56,3,1918.4998779296875,1078.5,0.016612252220511436,True,1919.0,7.78681755065918,0.016704626381397247,True,4
cam1,56,4,0.0,18.789976119995117,0.016099920496344566,True,1919.0,1079.0,0.016446201130747795,True,5
cam1,56,5,802.617431640625,821.0477294921875,0.011906728148460388,True,0.0,19.413005828857422,0.016310011968016624,True,-1
cam1,56,6,1253.7322998046875,274.7138977050781,0.011904556304216385,True,1028.7745361328125,166.12417602539062,0.015240552835166454,True,-1
cam1,56,7,44.56975173950195,0.0,0.01146749872714281,True,1677.6912841796875,313.4883728027344,0.013935953378677368,True,-1
cam1,57,0,1120.747314453125,326.8252868652344,0.9265930652618408,True,1123.377685546875,325.819580078125,0.934286892414093,True,0
cam1,57,1,0.0,1078.5,0.019340338185429573,True,1028.4605712890625,167.92193603515625,0.02307737059891224,True,2
cam1,57,2,1483.1776123046875,640.3768920898438,0.01696167141199112,True,0.0,1079.0,0.017965395003557205,True,-1
cam1,57,3,1918.4998779296875,0.0,0.016582272946834564,True,864.2146606445312,282.3092956542969,0.017406433820724487,True,5
cam1,57,4,1918.4998779296875,1078.5,0.01599636673927307,True,1919.0,1079.0,0.017062215134501457,True,4
cam1,57,5,0.0,19.225055694580078,0.015326541848480701,True,1919.0,0.0,0.016036774963140488,True,6
cam1,57,6,1074.6610107421875,567.0208129882812,0.011901325546205044,True,0.0,19.323402404785156,0.015704195946455002,True,-1
cam1,57,7,212.14065551757812,367.21038818359375,0.011373080313205719,True,1420.7200927734375,642.5484619140625,0.014848757535219193,True,-1
cam1,58,0,1122.709228515625,323.74285888671875,0.9194251298904419,True,1123.015869140625,320.611328125,0.925362765789032,True,0
cam1,58,1,0.0,1078.5,0.021201375871896744,True,1030.287841796875,166.40097045898438,0.020416000857949257,True,2
cam1,58,2,1918.4998779296875,1078.5,0.017078593373298645,True,0.0,1079.0,0.020031969994306564,True,6
cam1,58,3,1918.4998779296875,8.873517036437988,0.016974683851003647,True,864.6641845703125,281.3001708984375,0.018447130918502808,True,4
cam1,58,4,0.0,17.881938934326172,0.01632029004395008,True,1919.0,0.0,0.0177000742405653,True,7
cam1,58,5,1091.504638671875,545.8707275390625,0.011675383895635605,True,1756.7088623046875,370.0422058105469,0.016939448192715645,True,-1
cam1,58,6,44.41056823730469,0.0,0.01154591515660286,True,1919.0,1079.0,0.01666625216603279,True,-1
cam1,58,7,1127.562744140625,200.90682983398438,0.011044589802622795,True,0.0,18.11418914794922,0.016475560143589973,True,-1
cam1,59,0,1121.0050048828125,313.05975341796875,0.9217436909675598,True,1121.914794921875,311.35955810546875,0.9235553741455078,True,0
cam1,59,1,0.0,1078.5,0.020484402775764465,True,151.72328186035156,595.4923706054688,0.024446602910757065,True,4
cam1,59,2,1283.4974365234375,47.403717041015625,0.01936609297990799,True,1041.759033203125,167.5226287841797,0.023964080959558487,True,3
cam1,59,3,1918.4998779296875,0.0,0.017653606832027435,True,1283.79833984375,51.23402786254883,0.022924372926354408,True,5
cam1,59,4,1918.4998779296875,1078.5,0.016193844377994537,True,0.0,1079.0,0.019652968272566795,True,7
cam1,59,5,1675.66748046875,243.37551879882812,0.0159860048443079,True,1919.0,0.0,0.017758751288056374,True,6
cam1,59,6,0.0,19.53510093688965,0.015882054343819618,True,1675.6285400390625,242.50863647460938,0.016826871782541275,True,-1
cam1,59,7,1145.480224609375,122.13410949707031,0.01253272220492363,True,1919.0,1079.0,0.016216164454817772,True,-1
cam1,60,0,1121.4630126953125,307.0353698730469,0.9328051805496216,True,1121.6217041015625,307.0821533203125,0.9317766427993774,True,0
cam1,60,1,0.0,1078.5,0.023017752915620804,True,1041.271484375,167.67478942871094,0.023255135864019394,True,2
cam1,60,2,1918.4998779296875,0.0,0.016767604276537895,True,0.0,1079.0,0.019557563588023186,True,3
cam1,60,3,0.0,19.368995666503906,0.016003184020519257,True,1919.0,8.308340072631836,0.016638290137052536,True,5
cam1,60,4,1918.4998779296875,1078.5,0.015848834067583084,True,1919.0,1079.0,0.016036037355661392,True,4
cam1,60,5,848.8368530273438,367.0650939941406,0.012278136797249317,True,0.0,19.007488250732422,0.015918241813778877,True,-1
cam1,60,6,798.44873046875,834.7534790039062,0.011557882651686668,True,861.0878295898438,278.81317138671875,0.013872765935957432,True,-1
cam1,60,7,44.309471130371094,0.0,0.011500410735607147,True,1688.9610595703125,216.67385864257812,0.012906736694276333,True,-1
cam1,61,0,1124.22265625,301.80279541015625,0.9212594628334045,True,1123.533447265625,301.4599304199219,0.9209874868392944,True,0
cam1,61,1,846.0457763671875,366.2004089355469,0.026460086926817894,True,845.3733520507812,370.78607177734375,0.02832663804292679,True,1
cam1,61,2,0.0,1078.5,0.023661645129323006,True,496.3216247558594,430.9506530761719,0.02424641139805317,True,4
cam1,61,3,1918.4998779296875,8.27231216430664,0.016451610252261162,True,1010.9877319335938,178.36219787597656,0.021943863481283188,True,6
cam1,61,4,1066.4083251953125,139.70091247558594,0.016169818118214607,True,0.0,1079.0,0.020952356979250908,True,5
cam1,61,5,497.0753479003906,436.259033203125,0.01570223458111286,True,1059.7098388671875,149.50880432128906,0.01873200759291649,True,2
cam1,61,6,1918.4998779296875,1078.5,0.015625325962901115,True,1919.0,8.728549003601074,0.016830775886774063,True,-1
cam1,61,7,0.0,18.593135833740234,0.01547637302428484,True,0.0,17.95075225830078,0.015759771689772606,True,7
cam1,62,0,1119.8798828125,296.0610046386719,0.9104902744293213,True,1120.0870361328125,296.6763610839844,0.9102981686592102,True,0
cam1,62,1,1064.537109375,133.5308837890625,0.032619670033454895,True,846.8644409179688,376.5440979003906,0.04400602728128433,True,2
cam1,62,2,0.0,1078.5,0.022233963012695312,True,1063.0665283203125,132.86181640625,0.030545160174369812,True,5
cam1,62,3,846.6301879882812,363.88232421875,0.019815616309642792,True,697.5291748046875,372.2854919433594,0.030337855219841003,True,1
cam1,62,4,698.5638427734375,368.15679931640625,0.019408944994211197,True,496.3017272949219,434.8713073730469,0.025569092482328415,True,3
cam1,62,5,1918.4998779296875,0.0,0.016779305413365364,True,0.0,1079.0,0.0220292080193758,True,-1
cam1,62,6,1918.4998779296875,1078.5,0.016528107225894928,True,732.1786499023438,515.7274780273438,0.021238964051008224,True,-1
cam1,62,7,0.0,19.26019859313965,0.01634451188147068,True,1006.1314086914062,193.84327697753906,0.019859006628394127,True,-1
cam1,63,0,1118.720947265625,295.19512939453125,0.9067440032958984,True,1117.9515380859375,296.4762878417969,0.9048543572425842,True,0
cam1,63,1,1060.1705322265625,137.20069885253906,0.04126368835568428,True,1058.58154296875,138.46456909179688,0.03534979373216629,True,1
cam1,63,2,0.0,1078.5,0.02002120018005371,True,845.9324951171875,385.75677490234375,0.03163532912731171,True,6
cam1,63,3,704.8418579101562,373.3888244628906,0.018245304003357887,True,701.154052734375,375.3511047363281,0.02696673944592476,True,3
cam1,63,4,1918.4998779296875,7.816377639770508,0.01682337559759617,True,734.2235717773438,516.6365356445312,0.02288958989083767,True,-1
cam1,63,5,1918.4998779296875,1078.5,0.01625707931816578,True,1004.1925659179688,201.99151611328125,0.020153015851974487,True,-1
cam1,63,6,0.0,19.530654907226562,0.015943357720971107,True,0.0,1079.0,0.01954604499042034,True,-1
cam1,63,7,849.2681274414062,363.5582580566406,0.01419991347938776,True,496.49822998046875,436.60565185546875,0.01815275102853775,True,-1
cam1,64,0,1118.2103271484375,294.4237365722656,0.8977909088134766,True,1120.247802734375,296.3744201660156,0.9004344940185547,True,0
cam1,64,1,1061.037109375,138.29869079589844,0.027907954528927803,True,734.4252319335938,404.9699401855469,0.042300544679164886,True,4
cam1,64,2,710.7332153320312,375.93707275390625,0.020964860916137695,True,1008.1793212890625,200.53726196289062,0.027528228238224983,True,-1
cam1,64,3,0.0,1078.5,0.019672509282827377,True,734.7409057617188,518.0862426757812,0.023255357518792152,True,7
cam1,64,4,1918.4998779296875,7.934995174407959,0.017038224264979362,True,1057.1495361328125,143.69215393066406,0.021549496799707413,True,-1
cam1,64,5,0.0,18.387067794799805,0.015916472300887108,True,653.4071044921875,470.76336669921875,0.020276863127946854,True,-1
cam1,64,6,1918.4998779296875,1078.5,0.015495448373258114,True,835.6618041992188,389.02459716796875,0.01918061450123787,True,-1
cam1,64,7,785.17919921875,196.7112579345703,0.013121487572789192,True,0.0,1079.0,0.01892920397222042,True,-1
cam1,65,0,1121.0242919921875,290.21429443359375,0.9072780013084412,True,1118.109375,292.5693664550781,0.9018450379371643,True,0
cam1,65,1,729.1871337890625,391.6060791015625,0.023967210203409195,True,737.2429809570312,397.7991027832031,0.07421109080314636,True,1
cam1,65,2,0.0,1078.5,0.02033734694123268,True,1003.99365234375,199.40896606445312,0.03810163959860802,True,5
cam1,65,3,626.8707275390625,418.4343566894531,0.01843385398387909,True,1362.3568115234375,190.86231994628906,0.021887579932808876,True,-1
cam1,65,4,1061.0006103515625,143.63430786132812,0.0184047631919384,True,654.3614501953125,460.99444580078125,0.021872956305742264,True,-1
cam1,65,5,1122.2069091796875,159.38609313964844,0.01753748580813408,True,0.0,1079.0,0.019448088482022285,True,-1
cam1,65,6,1918.4998779296875,8.060900688171387,0.01676969602704048,True,731.078857421875,518.7901611328125,0.01875002682209015,True,-1
cam1,65,7,1918.4998779296875,1078.5,0.01635422185063362,True,1786.7169189453125,641.1323852539062,0.016974207013845444,True,-1
cam1,66,0,1117.0318603515625,285.1301574707031,0.8851737976074219,True,1116.77001953125,282.1075439453125,0.882236659526825,True,0
cam1,66,1,729.5960693359375,419.1532897949219,0.030365021899342537,True,733.2384033203125,394.45037841796875,0.15117527544498444,True,-1
cam1,66,2,1121.098876953125,167.8607177734375,0.022975614294409752,True,865.85107421875,297.6344909667969,0.04912213236093521,True,-1
cam1,66,3,658.4974365234375,413.23919677734375,0.022153524681925774,True,644.4402465820312,213.5787811279297,0.0339587926864624,True,-1
cam1,66,4,0.0,1078.5,0.02187531813979149,True,495.9773254394531,422.73919677734375,0.033671312034130096,True,-1
cam1,66,5,645.802490234375,214.98675537109375,0.021410567685961723,True,1001.850341796875,204.854248046875,0.032842159271240234,True,3
cam1,66,6,1004.96142578125,193.1942138671875,0.021397558972239494,True,999.6209716796875,94.68187713623047,0.030888322740793228,True,5
cam1,66,7,0.0,17.74334144592285,0.016840104013681412,True,499.2289123535156,527.9930419921875,0.027526922523975372,True,-1
cam1,67,0,1117.2021484375,278.8775329589844,0.876850962638855,True,1117.615478515625,278.4317932128906,0.8943763375282288,True,0
cam1,67,1,729.01513671875,425.5240478515625,0.03970010578632355,True,737.15087890625,390.3336486816406,0.14022186398506165,True,-1
cam1,67,2,665.7899780273438,408.984375,0.029373446479439735,True,494.4421081542969,428.0213623046875,0.061906442046165466,True,-1
cam1,67,3,1009.697265625,173.52284240722656,0.02542932890355587,True,864.1726684570312,295.5339660644531,0.05139734223484993,True,-1
cam1,67,4,420.5086975097656,649.294921875,0.021993497386574745,True,423.1494140625,652.6456298828125,0.03847154602408409,True,4
cam1,67,5,0.0,1078.5,0.020469684153795242,True,995.2710571289062,101.4199447631836,0.03383877873420715,True,-1
cam1,67,6,1118.6890869140625,169.63980102539062,0.017058489844202995,True,999.5944213867188,199.17294311523438,0.03311043232679367,True,-1
cam1,67,7,1918.4998779296875,7.846382141113281,0.01700449176132679,True,509.75,528.9798583984375,0.03247988596558571,True,-1
cam1,68,0,1113.830078125,276.36181640625,0.8738504648208618,True,1116.289794921875,275.565185546875,0.8838199377059937,True,0
cam1,68,1,727.0633544921875,425.3366394042969,0.03881502524018288,True,737.9835815429688,386.1222839355469,0.12470127642154694,True,-1
cam1,68,2,1006.0057373046875,169.91429138183594,0.027812018990516663,True,499.16778564453125,431.8359680175781,0.07375208288431168,True,-1
cam1,68,3,422.7412414550781,649.0921020507812,0.026266291737556458,True,862.0794067382812,295.62701416015625,0.047717828303575516,True,4
cam1,68,4,665.3978271484375,407.8730163574219,0.02614503912627697,True,423.84185791015625,652.026611328125,0.03738641366362572,True,-1
cam1,68,5,1101.900390625,65.83522033691406,0.02118990384042263,True,982.716064453125,128.8116455078125,0.026428725570440292,True,-1
cam1,68,6,0.0,1078.5,0.019734643399715424,True,1464.9013671875,376.20587158203125,0.026370186358690262,True,-1
cam1,68,7,1918.4998779296875,0.0,0.017320828512310982,True,517.087646484375,517.7536010742188,0.02348613366484642,True,-1
cam1,69,0,1118.3861083984375,281.75146484375,0.8760045170783997,True,1120.3302001953125,265.6739501953125,0.8474643230438232,True,0
cam1,69,1,1010.3297729492188,166.09190368652344,0.03962937369942665,True,502.3427734375,429.3169860839844,0.0999806597828865,True,5
cam1,69,2,727.6309814453125,426.50762939453125,0.031909458339214325,True,740.3300170898438,388.0639953613281,0.09429024159908295,True,-1
cam1,69,3,664.5342407226562,409.06561279296875,0.023665154352784157,True,858.7893676757812,286.736083984375,0.04425787553191185,True,-1
cam1,69,4,424.51922607421875,647.1354370117188,0.022147241979837418,True,483.2838134765625,735.74267578125,0.0386386401951313,True,-1
cam1,69,5,0.0,1078.5,0.021156713366508484,True,1008.1914672851562,151.31446838378906,0.031026821583509445,True,-1
cam1,69,6,499.6219177246094,433.4429626464844,0.020246237516403198,True,635.3870239257812,384.1893615722656,0.03095911629498005,True,1
cam1,69,7,1101.5169677734375,64.58455657958984,0.019679371267557144,True,1244.62060546875,276.0181579589844,0.029864396899938583,True,-1
cam1,70,0,1117.534423828125,282.2382507324219,0.7245197296142578,True,1120.0623779296875,282.4280090332031,0.6009427905082703,True,0
cam1,70,1,503.5885009765625,430.7048645019531,0.2438860535621643,True,507.5495300292969,432.285400390625,0.39142993092536926,True,1
cam1,70,2,660.3143920898438,511.62548828125,0.11075787246227264,True,653.331787109375,498.70172119140625,0.2573291063308716,True,2
cam1,70,3,617.7777099609375,299.2867431640625,0.08015646785497665,True,707.4951171875,402.9538879394531,0.13520634174346924,True,-1
cam1,70,4,714.0761108398438,411.418701171875,0.0676601231098175,True,857.9119873046875,272.5162658691406,0.11125043779611588,True,3
cam1,70,5,1023.4654541015625,196.47161865234375,0.06617450714111328,True,1028.4619140625,189.5230712890625,0.09144073724746704,True,5
cam1,70,6,486.60125732421875,307.1914367675781,0.06384022533893585,True,482.79278564453125,732.8526611328125,0.07665011286735535,True,-1
cam1,70,7,783.6305541992188,374.6647644042969,0.052189670503139496,True,1163.8680419921875,191.5478515625,0.07202905416488647,True,-1
cam1,71,0,1118.964111328125,281.4366455078125,0.7225006222724915,True,1121.4171142578125,282.09344482421875,0.6475653648376465,True,0
cam1,71,1,509.7022399902344,428.3442077636719,0.21730820834636688,True,507.6160888671875,432.0293273925781,0.3703204393386841,True,1
cam1,71,2,654.3021850585938,505.4449462890625,0.14139069616794586,True,653.1924438476562,494.5638427734375,0.2266664057970047,True,2
cam1,71,3,617.3705444335938,303.93609619140625,0.08875273913145065,True,712.7929077148438,400.6310729980469,0.13703496754169464,True,-1
cam1,71,4,709.7166137695312,408.3760986328125,0.06503452360630035,True,856.6268310546875,274.9081726074219,0.11054026335477829,True,3
cam1,71,5,1027.3997802734375,186.22337341308594,0.06404409557580948,True,1218.35302734375,178.68807983398438,0.08635498583316803,True,-1
cam1,71,6,615.485595703125,402.029052734375,0.06106681749224663,True,478.3853759765625,523.6456909179688,0.07487311959266663,True,7
cam1,71,7,473.04803466796875,527.574462890625,0.05632363632321358,True,618.3389282226562,400.8375549316406,0.07000622898340225,True,6
cam1,72,0,1120.3109130859375,281.2197265625,0.6891597509384155,True,1121.54150390625,281.60540771484375,0.6306580901145935,True,0
cam1,72,1,503.6159973144531,427.3877868652344,0.18159745633602142,True,508.8832702636719,439.0975646972656,0.37932825088500977,True,1
cam1,72,2,650.2325439453125,502.8118591308594,0.12330027669668198,True,647.75244140625,495.2367858886719,0.2041318267583847,True,2
cam1,72,3,1041.556640625,180.38833618164062,0.06320139020681381,True,714.8843383789062,397.6766052246094,0.12285678088665009,True,-1
cam1,72,4,477.1298828125,526.6790771484375,0.060053519904613495,True,860.5107421875,275.1405334472656,0.09390957653522491,True,6
cam1,72,5,616.6756591796875,310.4264221191406,0.05965906009078026,True,1213.7874755859375,178.91676330566406,0.08649418503046036,True,-1
cam1,72,6,613.525390625,398.7128601074219,0.056436192244291306,True,488.3888854980469,526.3151245117188,0.08334143459796906,True,-1
cam1,72,7,716.1472778320312,396.4573059082031,0.05406423285603523,True,571.6657104492188,495.7867431640625,0.07354047894477844,True,3
cam1,73,0,1121.2242431640625,263.8911437988281,0.7395329475402832,True,1119.2635498046875,266.3372802734375,0.6452662348747253,True,0
cam1,73,1,502.02032470703125,421.6167297363281,0.1912502497434616,True,507.0771789550781,436.31060791015625,0.45021212100982666,True,1
cam1,73,2,641.7128295898438,499.4836120605469,0.1107284352183342,True,648.6202392578125,492.2953186035156,0.19399888813495636,True,2
cam1,73,3,789.3550415039062,410.3258361816406,0.07899107784032822,True,717.10400390625,398.52301025390625,0.10727610439062119,True,-1
cam1,73,4,1277.718017578125,46.497596740722656,0.07768865674734116,True,488.71807861328125,530.5857543945312,0.1001524031162262,True,-1
cam1,73,5,624.8591918945312,404.48492431640625,0.07442858070135117,True,1004.2459716796875,192.62034606933594,0.09651702642440796,True,-1
cam1,73,6,490.9482727050781,527.363037109375,0.07052310556173325,True,860.9984130859375,279.9582824707031,0.0779186263680458,True,4
cam1,73,7,1037.696044921875,178.7529754638672,0.0701899453997612,True,575.0230712890625,495.35028076171875,0.07787658274173737,True,-1
cam1,74,0,1120.3590087890625,264.59332275390625,0.7088491916656494,True,1119.1422119140625,265.1720275878906,0.7300439476966858,True,0
cam1,74,1,641.7781982421875,493.4051513671875,0.3954145014286041,True,642.238525390625,492.0175476074219,0.30431056022644043,True,1
cam1,74,2,791.6791381835938,405.7241516113281,0.14432141184806824,True,1000.1498413085938,206.9947052001953,0.17249929904937744,True,5
cam1,74,3,498.5381164550781,530.239990234375,0.05455388128757477,True,728.0113525390625,531.5252685546875,0.08059331774711609,True,-1
cam1,74,4,729.4801635742188,287.8825378417969,0.05256007984280586,True,506.8146667480469,428.1400451660156,0.07652922719717026,True,-1
cam1,74,5,973.9137573242188,490.2785339355469,0.0425734743475914,True,792.9436645507812,404.8558654785156,0.06533744931221008,True,-1
cam1,74,6,1005.91845703125,205.65945434570312,0.03579002246260643,True,845.7030639648438,360.7481689453125,0.06473769247531891,True,2
cam1,74,7,1103.0142822265625,485.7986755371094,0.03536416217684746,True,593.7385864257812,372.6080322265625,0.06290040910243988,True,-1
cam1,75,0,1120.58154296875,265.48614501953125,0.6853798627853394,True,1120.7615966796875,265.396728515625,0.6928225755691528,True,0
cam1,75,1,644.6471557617188,490.871337890625,0.4019666314125061,True,639.9152221679688,492.90167236328125,0.3197653591632843,True,1
cam1,75,2,795.259521484375,401.6829528808594,0.14653334021568298,True,989.4871215820312,200.68145751953125,0.1562003344297409,True,4
cam1,75,3,734.7073364257812,394.96124267578125,0.12281002104282379,True,728.2408447265625,529.2144775390625,0.08734502643346786,True,-1
cam1,75,4,727.7794799804688,287.1288757324219,0.052353374660015106,True,797.41162109375,400.8875427246094,0.07264360785484314,True,-1
cam1,75,5,786.7599487304688,528.9474487304688,0.04816257953643799,True,799.9398193359375,230.7738037109375,0.06598307192325592,True,-1
cam1,75,6,495.1981201171875,528.9099731445312,0.04495511204004288,True,582.8135986328125,371.77691650390625,0.06329230964183807,True,-1
cam1,75,7,975.83984375,495.8493347167969,0.04357432946562767,True,508.21624755859375,426.03515625,0.060853250324726105,True,-1
cam1,76,0,1121.5430908203125,266.7663269042969,0.6623892188072205,True,1118.94091796875,265.03533935546875,0.6323434710502625,True,0
cam1,76,1,640.2609252929688,496.12322998046875,0.4234195947647095,True,641.2607421875,494.6441650390625,0.3533087968826294,True,1
cam1,76,2,736.5999755859375,393.6827392578125,0.13863149285316467,True,994.1895751953125,208.31163024902344,0.155761256814003,True,-1
cam1,76,3,797.4813232421875,402.3244323730469,0.10976852476596832,True,729.5110473632812,527.430419921875,0.10270838439464569,True,-1
cam1,76,4,621.6571044921875,399.6968994140625,0.10589542984962463,True,573.1810302734375,371.8648681640625,0.08663821220397949,True,-1
cam1,76,5,976.2969970703125,494.3231201171875,0.048015568405389786,True,511.81201171875,428.6246337890625,0.06112159788608551,True,-1
cam1,76,6,790.9747314453125,522.4931030273438,0.04616192355751991,True,866.1942138671875,274.5556945800781,0.06069374084472656,True,-1
cam1,76,7,728.31396484375,286.609130859375,0.04334699735045433,True,807.6050415039062,228.8026885986328,0.05838055908679962,True,-1
cam1,77,0,1119.18896484375,269.65234375,0.7160647511482239,True,1119.7918701171875,269.8797607421875,0.6858243942260742,True,0
cam1,77,1,639.4107666015625,495.05865478515625,0.42569318413734436,True,641.0870361328125,493.5472106933594,0.3213820457458496,True,1
cam1,77,2,735.6224975585938,393.6264343261719,0.13090354204177856,True,727.7080688476562,522.904296875,0.14892952144145966,True,-1
cam1,77,3,620.1796264648438,403.4125671386719,0.11488564312458038,True,994.0595092773438,205.39761352539062,0.10831251740455627,True,-1
cam1,77,4,796.1025390625,397.8106384277344,0.06986221671104431,True,563.3457641601562,369.0090026855469,0.10180160403251648,True,-1
cam1,77,5,976.8375854492188,494.49407958984375,0.04905940964818001,True,864.1630249023438,276.5685119628906,0.06163020059466362,True,7
cam1,77,6,544.3790893554688,303.235595703125,0.04769052565097809,True,1211.716552734375,106.07672882080078,0.061029668897390366,True,-1
cam1,77,7,796.1428833007812,516.1661376953125,0.04535919800400734,True,976.843505859375,494.4568176269531,0.058489833027124405,True,-1
cam1,78,0,1120.420654296875,264.28253173828125,0.7497177124023438,True,1122.4677734375,264.5887451171875,0.6171701550483704,True,0
cam1,78,1,645.3672485351562,491.8125915527344,0.31778645515441895,True,641.2793579101562,492.1512451171875,0.2726099491119385,True,1
cam1,78,2,615.3305053710938,407.42108154296875,0.1270485371351242,True,727.1676635742188,523.2447509765625,0.1583780199289322,True,-1
cam1,78,3,741.44482421875,397.38653564453125,0.08042266219854355,True,741.3992919921875,397.8469543457031,0.12986840307712555,True,3
cam1,78,4,546.1714477539062,300.87445068359375,0.07095874100923538,True,554.0301513671875,371.1624450683594,0.09261906147003174,True,-1
cam1,78,5,936.5034790039062,336.5856018066406,0.052454907447099686,True,861.7188720703125,277.6839294433594,0.0852915495634079,True,-1
cam1,78,6,594.9012451171875,213.11102294921875,0.05001678690314293,True,1210.1314697265625,104.59138488769531,0.08374936878681183,True,-1
cam1,78,7,973.8171997070312,496.6271667480469,0.040860578417778015,True,663.5562133789062,425.44000244140625,0.06634220480918884,True,-1
cam1,79,0,1120.279052734375,264.369873046875,0.7863573431968689,True,1121.066650390625,265.537353515625,0.682870090007782,True,0
cam1,79,1,638.1908569335938,497.9714660644531,0.30716076493263245,True,635.1605834960938,496.7444152832031,0.3049364686012268,True,1
cam1,79,2,741.1240234375,394.9663391113281,0.1021953895688057,True,740.1857299804688,395.26068115234375,0.1840222030878067,True,2
cam1,79,3,617.521240234375,411.06463623046875,0.0989408865571022,True,728.5225219726562,522.3870239257812,0.18241563439369202,True,-1
cam1,79,4,932.8366088867188,336.87188720703125,0.04461267590522766,True,552.8110961914062,368.74072265625,0.09426815062761307,True,-1
cam1,79,5,546.5219116210938,300.4170837402344,0.04197476804256439,True,859.8241577148438,269.52227783203125,0.08484625071287155,True,-1
cam1,79,6,980.2817993164062,508.72039794921875,0.03237983211874962,True,1141.9893798828125,151.93626403808594,0.06277403235435486,True,-1
cam1,79,7,858.9349365234375,281.18804931640625,0.027712715789675713,True,1010.2538452148438,146.43869018554688,0.05919021740555763,True,5
cam1,80,0,1120.2161865234375,265.0922546386719,0.8213313817977905,True,1120.7108154296875,265.7115783691406,0.7025952935218811,True,0
cam1,80,1,637.9775390625,499.3543395996094,0.3072913587093353,True,636.5343017578125,494.7545471191406,0.32744085788726807,True,1
cam1,80,2,611.7056274414062,369.48773193359375,0.10920175164937973,True,743.6639404296875,392.8881530761719,0.20849505066871643,True,-1
cam1,80,3,745.0459594726562,392.231689453125,0.08322291821241379,True,734.1956787109375,522.7767944335938,0.19142553210258484,True,2
cam1,80,4,1132.3282470703125,172.52694702148438,0.06743878871202469,True,857.8109741210938,264.7082214355469,0.10891155898571014,True,5
cam1,80,5,586.6464233398438,268.4545593261719,0.05133647099137306,True,1142.1495361328125,168.7134246826172,0.10245321691036224,True,-1
cam1,80,6,984.0706787109375,516.4796142578125,0.038172706961631775,True,551.295654296875,368.1547546386719,0.0850587710738182,True,-1
cam1,80,7,927.3362426757812,339.01568603515625,0.0312336515635252,True,1010.6299438476562,145.8785400390625,0.06500539928674698,True,-1
cam1,81,0,1120.1419677734375,265.1150207519531,0.8108220100402832,True,1117.516357421875,270.1906433105469,0.6438538432121277,True,0
cam1,81,1,637.9080200195312,498.5021667480469,0.31506991386413574,True,642.4590454101562,487.2950439453125,0.2809116542339325,True,1
cam1,81,2,1120.698486328125,176.89175415039062,0.14354395866394043,True,743.1354370117188,393.3272705078125,0.1949717253446579,True,-1
cam1,81,3,604.9794311523438,367.92901611328125,0.09437566250562668,True,735.654541015625,523.5352783203125,0.1768614798784256,True,-1
cam1,81,4,746.2155151367188,389.5749206542969,0.05758276209235191,True,1143.9713134765625,170.30044555664062,0.16816174983978271,True,2
cam1,81,5,584.6130981445312,265.162109375,0.046673890203237534,True,855.2431640625,261.5127258300781,0.08975718915462494,True,-1
cam1,81,6,985.51123046875,522.5299072265625,0.02932235226035118,True,1012.6158447265625,148.9559326171875,0.07432528585195541,True,-1
cam1,81,7,899.9005126953125,342.0333557128906,0.028378883376717567,True,632.7470703125,270.7120666503906,0.05921025574207306,True,-1
cam1,82,0,1118.74169921875,265.81182861328125,0.9004300236701965,True,1122.00732421875,281.6570129394531,0.8271737694740295,True,0
cam1,82,1,1128.1158447265625,173.42953491210938,0.08515338599681854,True,1122.0626220703125,174.0824432373047,0.36887654662132263,True,1
cam1,82,2,638.7704467773438,498.3832702636719,0.04832533746957779,True,1006.668701171875,144.53819274902344,0.05736080929636955,True,3
cam1,82,3,605.40625,361.5200500488281,0.03352634236216545,True,647.506103515625,482.8636169433594,0.04263158142566681,True,-1
cam1,82,4,546.6188354492188,429.0018005371094,0.03200548514723778,True,744.5048828125,386.079833984375,0.03494999185204506,True,-1
cam1,82,5,0.0,1078.5,0.022083302959799767,True,629.3604736328125,272.6238098144531,0.028539780527353287,True,-1
cam1,82,6,1108.9964599609375,504.6885070800781,0.020467150956392288,True,724.9932861328125,517.1546630859375,0.024606019258499146,True,-1
cam1,82,7,1011.117431640625,140.9646759033203,0.02039075829088688,True,891.7695922851562,337.36053466796875,0.02371191419661045,True,2
cam1,83,0,1115.595703125,279.6660461425781,0.8951416015625,True,1121.4310302734375,282.65185546875,0.8895602822303772,True,0
cam1,83,1,1123.314208984375,167.83120727539062,0.06884244084358215,True,1128.4434814453125,174.48651123046875,0.19439178705215454,True,1
cam1,83,2,636.916748046875,499.0039367675781,0.04071984067559242,True,1007.3462524414062,150.78126525878906,0.03793018311262131,True,3
cam1,83,3,606.7905883789062,353.7074279785156,0.022319719195365906,True,646.0278930664062,492.93951416015625,0.031846340745687485,True,-1
cam1,83,4,545.8980712890625,433.2228088378906,0.020920004695653915,True,800.8534545898438,385.9807434082031,0.024036576971411705,True,-1
cam1,83,5,0.0,1078.5,0.019217930734157562,True,737.0725708007812,394.4727783203125,0.021727729588747025,True,-1
cam1,83,6,1009.767822265625,145.4755859375,0.01907990872859955,True,1146.4141845703125,677.0440673828125,0.01878426782786846,True,2
cam1,83,7,805.4429931640625,395.7531433105469,0.01809142529964447,True,1112.7091064453125,504.753173828125,0.018515467643737793,True,4
cam1,84,0,1117.561767578125,282.30078125,0.9084213376045227,True,1118.9464111328125,283.3774719238281,0.9015972018241882,True,0
cam1,84,1,1121.373291015625,161.59381103515625,0.06854124367237091,True,1116.4002685546875,183.52044677734375,0.1245332583785057,True,-1
cam1,84,2,636.33935546875,501.3659362792969,0.05994272232055664,True,639.4360961914062,502.80816650390625,0.05474257841706276,True,2
cam1,84,3,806.33984375,397.0478210449219,0.024583125486969948,True,1012.0928955078125,142.90504455566406,0.03469863906502724,True,4
cam1,84,4,621.4664916992188,369.3508605957031,0.02360125444829464,True,806.212158203125,395.65435791015625,0.03426734730601311,True,-1
cam1,84,5,1011.020751953125,139.8780517578125,0.021551983430981636,True,0.0,1079.0,0.021628258749842644,True,3
cam1,84,6,544.8215942382812,430.1856689453125,0.020671246573328972,True,331.7357482910156,561.4714965820312,0.021596679463982582,True,-1
cam1,84,7,0.0,1078.5,0.0190329160541296,True,724.0761108398438,404.8191223144531,0.02125724032521248,True,5
cam1,85,0,1119.8525390625,282.85870361328125,0.9096712470054626,True,1119.2413330078125,284.5608215332031,0.9089634418487549,True,0
cam1,85,1,1116.4654541015625,159.2024383544922,0.08326119929552078,True,636.3663940429688,499.06854248046875,0.05689292028546333,True,-1
cam1,85,2,635.5983276367188,498.483154296875,0.06377178430557251,True,1102.8526611328125,190.55230712890625,0.04293135181069374,True,1
cam1,85,3,623.5952758789062,371.0132751464844,0.027188224717974663,True,700.0746459960938,526.2308349609375,0.029948323965072632,True,6
cam1,85,4,0.0,1078.5,0.021232780069112778,True,796.9751586914062,405.0863342285156,0.029444804415106773,True,-1
cam1,85,5,1008.4927368164062,140.6879119873047,0.02059994265437126,True,1010.8554077148438,195.83920288085938,0.028192583471536636,True,7
cam1,85,6,802.6377563476562,400.62078857421875,0.02013317123055458,True,615.5880126953125,371.1969909667969,0.026010766625404358,True,4
cam1,85,7,1918.4998779296875,8.438637733459473,0.01666525937616825,True,1010.8057250976562,142.291748046875,0.022842535749077797,True,-1
cam1,86,0,1119.4012451171875,279.69207763671875,0.9263179898262024,True,1121.42236328125,280.2757568359375,0.9274587035179138,True,0
cam1,86,1,1117.5802001953125,163.3477783203125,0.0262439027428627,True,1092.54638671875,512.9505615234375,0.027544444426894188,True,-1
cam1,86,2,0.0,1078.5,0.021898863837122917,True,1006.9563598632812,198.52679443359375,0.0251009464263916,True,3
cam1,86,3,1090.001220703125,516.4576416015625,0.01885310187935829,True,0.0,1079.0,0.021062901243567467,True,1
cam1,86,4,635.2980346679688,497.0675354003906,0.018436534330248833,True,622.0824584960938,374.4414978027344,0.020125478506088257,True,-1
cam1,86,5,1918.4998779296875,1078.5,0.016751479357481003,True,1108.178955078125,182.0885009765625,0.019784804433584213,True,7
cam1,86,6,1918.4998779296875,8.2825345993042,0.016534991562366486,True,792.8427124023438,403.7496643066406,0.01837192103266716,True,-1
cam1,86,7,0.0,18.25955581665039,0.01582052931189537,True,1919.0,1079.0,0.01716199889779091,True,-1
cam1,87,0,1119.031982421875,280.6736145019531,0.9323766827583313,True,1125.7506103515625,290.74212646484375,0.9354729652404785,True,0
cam1,87,1,0.0,1078.5,0.02008054032921791,True,620.4647827148438,377.7727966308594,0.02319657802581787,True,3
cam1,87,2,1120.8770751953125,169.2300262451172,0.017540287226438522,True,1091.449951171875,521.5714111328125,0.02033674716949463,True,-1
cam1,87,3,1918.4998779296875,0.0,0.01729455217719078,True,0.0,1079.0,0.019924834370613098,True,6
cam1,87,4,0.0,19.189455032348633,0.016654986888170242,True,122.83719635009766,559.7454833984375,0.018790505826473236,True,7
cam1,87,5,1918.4998779296875,1078.5,0.016628190875053406,True,785.815673828125,399.0462341308594,0.01875504106283188,True,-1
cam1,87,6,121.9458236694336,561.0994262695312,0.01630656234920025,True,1919.0,0.0,0.016984306275844574,True,4
cam1,87,7,1088.7786865234375,526.8133544921875,0.014979205094277859,True,0.0,18.73455047607422,0.01696995086967945,True,2
cam1,88,0,1125.6185302734375,292.42755126953125,0.9358595609664917,True,1122.074462890625,296.8517150878906,0.9441131949424744,True,0
cam1,88,1,1086.9395751953125,530.698974609375,0.02669588476419449,True,1088.026123046875,530.3285522460938,0.03514276072382927,True,1
cam1,88,2,0.0,1078.5,0.019369106739759445,True,621.472900390625,382.52685546875,0.03480897843837738,True,6
cam1,88,3,1918.4998779296875,8.579338073730469,0.017626512795686722,True,405.9712829589844,865.9793090820312,0.025303861126303673,True,7
cam1,88,4,406.3184814453125,865.6647338867188,0.01736965775489807,True,648.9691162109375,470.0108337402344,0.021291440352797508,True,3
cam1,88,5,1129.11572265625,180.34825134277344,0.016996148973703384,True,789.256103515625,399.5236511230469,0.021268978714942932,True,-1
cam1,88,6,1918.4998779296875,1078.5,0.016372010111808777,True,0.0,1079.0,0.018931591883301735,True,-1
cam1,88,7,0.0,18.291900634765625,0.015785042196512222,True,1919.0,8.572347640991211,0.017908655107021332,True,-1
cam1,89,0,1122.9827880859375,297.24786376953125,0.9319614171981812,True,1123.6571044921875,297.62493896484375,0.9385655522346497,True,0
cam1,89,1,1146.15771484375,180.64878845214844,0.02800743654370308,True,619.92724609375,386.66961669921875,0.03041165880858898,True,-1
cam1,89,2,0.0,1078.5,0.020805083215236664,True,1086.6978759765625,527.8330078125,0.023803334683179855,True,5
cam1,89,3,640.7444458007812,481.7315979003906,0.017227819189429283,True,1002.94921875,198.41766357421875,0.020673783496022224,True,4
cam1,89,4,1918.4998779296875,0.0,0.017113063484430313,True,641.8558959960938,470.72857666015625,0.02066633850336075,True,-1
cam1,89,5,612.9341430664062,396.1658630371094,0.016762197017669678,True,0.0,1079.0,0.020287495106458664,True,1
cam1,89,6,1079.5965576171875,533.1561279296875,0.016315100714564323,True,790.9844970703125,402.88909912109375,0.017840415239334106,True,2
cam1,89,7,1918.4998779296875,1078.5,0.01562870666384697,True,870.4447631835938,293.95977783203125,0.017693068832159042,True,-1
cam1,90,0,1120.5089111328125,294.9658508300781,0.9353143572807312,True,1123.04931640625,295.2611999511719,0.9464278221130371,True,0
cam1,90,1,1141.6256103515625,186.1180877685547,0.03547488525509834,True,621.293212890625,399.87750244140625,0.03152184188365936,True,-1
cam1,90,2,0.0,1078.5,0.0228527020663023,True,1085.2230224609375,537.3492431640625,0.025516515597701073,True,5
cam1,90,3,613.9196166992188,406.5014953613281,0.022329755127429962,True,468.5658264160156,744.0514526367188,0.02367435023188591,True,1
cam1,90,4,645.0912475585938,467.3188171386719,0.017944028601050377,True,999.1586303710938,194.95571899414062,0.022731250151991844,True,-1
cam1,90,5,1096.9815673828125,547.7703247070312,0.017678093165159225,True,0.0,1079.0,0.022632844746112823,True,2
cam1,90,6,468.3771667480469,743.8256225585938,0.01704912818968296,True,1919.0,1079.0,0.016826145350933075,True,3
cam1,90,7,1918.4998779296875,1078.5,0.01683490350842476,True,696.559326171875,522.60986328125,0.016713211312890053,True,6
cam1,91,0,1124.4239501953125,296.31732177734375,0.9285039305686951,True,1125.7725830078125,306.38287353515625,0.9365789294242859,True,0
cam1,91,1,1131.3505859375,186.921142578125,0.041189905256032944,True,620.8206176757812,407.8638916015625,0.03922709822654724,True,-1
cam1,91,2,610.3177490234375,409.2435302734375,0.03368598595261574,True,0.0,1079.0,0.019505217671394348,True,1
cam1,91,3,646.5176391601562,467.7459411621094,0.024753399193286896,True,1084.43896484375,548.9761352539062,0.019263483583927155,True,-1
cam1,91,4,498.7085876464844,669.8262329101562,0.021294765174388885,True,499.1153869628906,669.5421142578125,0.018490087240934372,True,4
cam1,91,5,0.0,1078.5,0.02052178792655468,True,892.2451782226562,338.0981140136719,0.01822158880531788,True,2
cam1,91,6,1918.4998779296875,7.71071195602417,0.01691032387316227,True,1299.7686767578125,288.21649169921875,0.016812259331345558,True,7
cam1,91,7,0.0,18.749055862426758,0.01595776528120041,True,1919.0,8.357606887817383,0.01653781533241272,True,-1
cam1,92,0,1122.308349609375,312.0635986328125,0.9262722730636597,True,1123.19189453125,312.32012939453125,0.9324525594711304,True,0
cam1,92,1,1122.9581298828125,190.370361328125,0.045618653297424316,True,617.145751953125,412.3479919433594,0.04506770893931389,True,5
cam1,92,2,646.3006591796875,468.5249328613281,0.03205467388033867,True,920.8057250976562,413.8902587890625,0.021178528666496277,True,-1
cam1,92,3,614.389892578125,414.2142333984375,0.03033929131925106,True,731.4666748046875,519.1876220703125,0.02080700546503067,True,1
cam1,92,4,543.8945922851562,595.0848999023438,0.025050777941942215,True,0.0,1079.0,0.019434913992881775,True,7
cam1,92,5,0.0,1078.5,0.020151983946561813,True,1114.2523193359375,191.52847290039062,0.018384713679552078,True,4
cam1,92,6,1918.4998779296875,0.0,0.017218682914972305,True,1919.0,0.0,0.01787649467587471,True,6
cam1,92,7,0.0,19.61949348449707,0.016487177461385727,True,543.5662841796875,594.4727172851562,0.017752522602677345,True,-1
cam1,93,0,1120.2310791015625,309.8880615234375,0.9264523386955261,True,1121.21875,310.254638671875,0.928100049495697,True,0
cam1,93,1,1121.3150634765625,194.6836700439453,0.054089777171611786,True,620.3966064453125,425.9986267089844,0.039407432079315186,True,3
cam1,93,2,631.3807983398438,458.72119140625,0.03670535236597061,True,737.5755615234375,517.0202026367188,0.031893547624349594,True,-1
cam1,93,3,0.0,1078.5,0.021235227584838867,True,1112.470703125,197.82574462890625,0.028487171977758408,True,5
cam1,93,4,1061.0079345703125,573.8670043945312,0.01759820431470871,True,1061.5582275390625,573.2836303710938,0.024197030812501907,True,4
cam1,93,5,1918.4998779296875,0.0,0.017035620287060738,True,0.0,1079.0,0.021332601085305214,True,-1
cam1,93,6,543.9630126953125,595.8528442382812,0.01586342602968216,True,917.1860961914062,418.45831298828125,0.02030540071427822,True,-1
cam1,93,7,0.0,18.755964279174805,0.01551662478595972,True,1006.9405517578125,154.2635955810547,0.01904517412185669,True,-1
cam1,94,0,1125.087890625,321.9237365722656,0.9337814450263977,True,1126.2110595703125,323.2538757324219,0.9428344368934631,True,0
cam1,94,1,621.5284423828125,454.64117431640625,0.04206796735525131,True,621.7553100585938,452.3631286621094,0.03461888059973717,True,1
cam1,94,2,1063.9588623046875,572.3640747070312,0.023580584675073624,True,1060.654541015625,568.3064575195312,0.03170640021562576,True,2
cam1,94,3,783.3958129882812,247.3831329345703,0.02294764667749405,True,1129.2164306640625,594.3306274414062,0.0236064363270998,True,-1
cam1,94,4,1112.84033203125,192.72042846679688,0.02209315076470375,True,1107.2598876953125,197.34483337402344,0.023191537708044052,True,4
cam1,94,5,671.5127563476562,386.9681396484375,0.02154509164392948,True,0.0,1079.0,0.02203306555747986,True,-1
cam1,94,6,0.0,1078.5,0.021524988114833832,True,743.2994384765625,516.2307739257812,0.02199585735797882,True,5
cam1,94,7,1129.0523681640625,594.5158081054688,0.019865671172738075,True,1027.017333984375,11.314820289611816,0.017597554251551628,True,3
cam1,95,0,1120.3441162109375,326.5575256347656,0.9398831129074097,True,1122.822998046875,327.46966552734375,0.9433274269104004,True,0
cam1,95,1,666.7048950195312,382.5256652832031,0.030544769018888474,True,1087.223876953125,590.3771362304688,0.024019582197070122,True,-1
cam1,95,2,0.0,1078.5,0.019795779138803482,True,0.0,1079.0,0.02117486111819744,True,2
cam1,95,3,778.7432250976562,247.6691436767578,0.01899896375834942,True,1134.7762451171875,605.743896484375,0.020116377621889114,True,-1
cam1,95,4,1133.4041748046875,606.5550537109375,0.018861351534724236,True,1919.0,9.988935470581055,0.01788358762860298,True,3
cam1,95,5,1088.1729736328125,589.9212646484375,0.018038632348179817,True,623.5570678710938,452.6415100097656,0.01782013103365898,True,1
cam1,95,6,1918.4998779296875,9.695857048034668,0.017805814743041992,True,1919.0,1079.0,0.01709376648068428,True,4
cam1,95,7,1918.4998779296875,1078.5,0.016333553940057755,True,0.0,18.460956573486328,0.01633756048977375,True,6
cam1,96,0,1120.0457763671875,325.8258056640625,0.9544318914413452,True,1121.75,326.0315856933594,0.9508065581321716,True,0
cam1,96,1,666.7576293945312,382.02337646484375,0.03585359454154968,True,647.5698852539062,470.53021240234375,0.028532931581139565,True,-1
cam1,96,2,0.0,1078.5,0.020006844773888588,True,0.0,1079.0,0.020459599792957306,True,2
cam1,96,3,1918.4998779296875,0.0,0.017403678968548775,True,1919.0,0.0,0.017881125211715698,True,3
cam1,96,4,1918.4998779296875,1078.5,0.01717538945376873,True,0.0,18.20352554321289,0.016759665682911873,True,6
cam1,96,5,0.0,18.222314834594727,0.016316523775458336,True,1143.5982666015625,583.8274536132812,0.016585499048233032,True,4
cam1,96,6,1143.82421875,584.40380859375,0.015690123662352562,True,1919.0,1079.0,0.016312161460518837,True,5
cam1,96,7,765.3381958007812,247.5349578857422,0.014258986338973045,True,1117.62353515625,155.38743591308594,0.016295092180371284,True,-1
cam1,97,0,1123.92529296875,337.9513854980469,0.9380730986595154,True,1125.8876953125,339.12261962890625,0.9427639245986938,True,0
cam1,97,1,671.1705322265625,377.0385437011719,0.022266464307904243,True,647.9540405273438,471.277587890625,0.03374950960278511,True,-1
cam1,97,2,745.24169921875,248.1402587890625,0.021795328706502914,True,1138.7532958984375,575.955078125,0.020144924521446228,True,-1
cam1,97,3,0.0,1078.5,0.020112181082367897,True,0.0,1079.0,0.01917901635169983,True,3
cam1,97,4,1143.4193115234375,578.9155883789062,0.01994551718235016,True,936.0250244140625,785.9476318359375,0.01723817177116871,True,2
cam1,97,5,647.0001220703125,472.12823486328125,0.0195572879165411,True,1919.0,0.0,0.016621345654129982,True,1
cam1,97,6,120.9117431640625,612.1284790039062,0.018878037109971046,True,1919.0,1079.0,0.01600763015449047,True,-1
cam1,97,7,1918.4998779296875,0.0,0.016788212582468987,True,0.0,18.003543853759766,0.015789339318871498,True,5
cam1,98,0,1125.950927734375,346.0731506347656,0.9422427415847778,True,1122.5777587890625,341.3446044921875,0.943565845489502,True,0
cam1,98,1,1134.037841796875,576.4446411132812,0.01992574706673622,True,1138.5140380859375,577.2164916992188,0.01984420046210289,True,1
cam1,98,2,0.0,1078.5,0.019891560077667236,True,0.0,1079.0,0.018397986888885498,True,2
cam1,98,3,783.2666625976562,184.96505737304688,0.019114021211862564,True,1919.0,1079.0,0.01786549761891365,True,7
cam1,98,4,1918.4998779296875,1078.5,0.01731005124747753,True,648.03369140625,475.561767578125,0.01653192937374115,True,3
cam1,98,5,1918.4998779296875,0.0,0.016843808814883232,True,0.0,17.718544006347656,0.01625247299671173,True,6
cam1,98,6,0.0,18.180700302124023,0.016270002350211143,True,1919.0,10.267196655273438,0.016000915318727493,True,5
cam1,98,7,223.21791076660156,404.4689636230469,0.014921145513653755,True,784.69677734375,184.67677307128906,0.01531972736120224,True,-1
cam1,99,0,1120.6162109375,353.9445495605469,0.9496633410453796,True,1125.922119140625,355.6889343261719,0.9521611332893372,True,0
cam1,99,1,0.0,1078.5,0.01858644187450409,True,0.0,1079.0,0.017959928140044212,True,1
cam1,99,2,1918.4998779296875,0.0,0.016742419451475143,True,1919.0,0.0,0.016773030161857605,True,2
cam1,99,3,1134.1807861328125,571.9278564453125,0.016550956293940544,True,0.0,18.40184783935547,0.01656630076467991,True,4
cam1,99,4,1918.4998779296875,1078.5,0.01627713441848755,True,1135.8740234375,564.3507080078125,0.01639140397310257,True,5
cam1,99,5,0.0,18.246397018432617,0.016192864626646042,True,1919.0,1079.0,0.015918847173452377,True,3
cam1,99,6,1115.3206787109375,616.218017578125,0.015085559338331223,True,1108.9246826171875,628.9172973632812,0.015825409442186356,True,6
cam1,99,7,221.9468994140625,405.727294921875,0.013999794609844685,True,221.95765686035156,403.0044860839844,0.015578857623040676,True,7
cam1,100,0,1125.6649169921875,358.5330505371094,0.9458844065666199,True,1121.0059814453125,356.3399658203125,0.9542715549468994,True,0
cam1,100,1,0.0,1078.5,0.017783179879188538,True,121.65126037597656,182.05477905273438,0.017734521999955177,True,2
cam1,100,2,1918.4998779296875,7.8972086906433105,0.01692001335322857,True,0.0,1079.0,0.017025668174028397,True,3
cam1,100,3,1918.4998779296875,1078.5,0.016785623505711555,True,1919.0,8.811853408813477,0.01689450815320015,True,5
cam1,100,4,0.0,18.441123962402344,0.01625995524227619,True,0.0,17.85915184020996,0.01668555662035942,True,4
cam1,100,5,1135.76318359375,560.513916015625,0.01592748425900936,True,1919.0,1079.0,0.01632669009268284,True,6
cam1,100,6,223.43739318847656,406.7973327636719,0.013044373132288456,True,1135.060302734375,560.926025390625,0.015360220335423946,True,7
cam1,100,7,875.7073974609375,802.8865966796875,0.011507297866046429,True,224.39712524414062,406.1875915527344,0.01469819713383913,True,-1
cam1,101,0,1122.85595703125,366.14959716796875,0.9514646530151367,True,1123.3546142578125,367.8706970214844,0.9523000121116638,True,0
cam1,101,1,1131.455810546875,530.8621826171875,0.019647926092147827,True,863.904541015625,285.6387939453125,0.02196461334824562,True,3
cam1,101,2,0.0,1078.5,0.018568720668554306,True,0.0,1079.0,0.020049909129738808,True,2
cam1,101,3,1918.4998779296875,9.009207725524902,0.016447922214865685,True,1132.9285888671875,531.0436401367188,0.01964149810373783,True,4
cam1,101,4,1918.4998779296875,1078.5,0.016422607004642487,True,1919.0,8.539814949035645,0.016916316002607346,True,5
cam1,101,5,0.0,17.694564819335938,0.015521468594670296,True,1919.0,1079.0,0.016179529950022697,True,6
cam1,101,6,865.7261962890625,802.538330078125,0.014849754981696606,True,0.0,17.696928024291992,0.016080083325505257,True,7
cam1,101,7,1872.2420654296875,610.2594604492188,0.013498218730092049,True,867.0536499023438,801.7372436523438,0.015922976657748222,True,-1
cam1,102,0,1126.140380859375,373.8310852050781,0.9503722786903381,True,1122.1876220703125,371.23114013671875,0.9471008777618408,True,0
cam1,102,1,0.0,1078.5,0.01962829940021038,True,640.9644165039062,469.99334716796875,0.019908949732780457,True,3
cam1,102,2,1918.4998779296875,0.0,0.01699105091392994,True,1146.5596923828125,546.7117919921875,0.01972433179616928,True,4
cam1,102,3,1918.4998779296875,1078.5,0.01673988439142704,True,0.0,1079.0,0.01905343495309353,True,6
cam1,102,4,1146.54931640625,549.8361206054688,0.016401756554841995,True,1919.0,0.0,0.01717221736907959,True,2
cam1,102,5,0.0,18.454557418823242,0.016259940341114998,True,0.0,17.950956344604492,0.01635720580816269,True,5
cam1,102,6,1108.66748046875,544.297119140625,0.014813892543315887,True,1919.0,1079.0,0.01629268378019333,True,-1
cam1,102,7,905.3345947265625,805.696044921875,0.011430266313254833,True,863.0018310546875,286.3971862792969,0.01569865457713604,True,-1
cam1,103,0,1125.026611328125,383.6258544921875,0.9478036165237427,True,1123.4666748046875,384.2254943847656,0.9463440775871277,True,0
cam1,103,1,1161.0343017578125,545.5997314453125,0.022435128688812256,True,1159.3310546875,544.728515625,0.022903285920619965,True,1
cam1,103,2,0.0,1078.5,0.017380379140377045,True,0.0,1079.0,0.017447127029299736,True,2
cam1,103,3,1918.4998779296875,0.0,0.017098983749747276,True,1919.0,0.0,0.017204245552420616,True,3
cam1,103,4,1918.4998779296875,1078.5,0.016588503494858742,True,1919.0,1079.0,0.01713062822818756,True,4
cam1,103,5,0.0,20.259334564208984,0.01586909219622612,True,638.509033203125,460.6021423339844,0.016520574688911438,True,6
cam1,103,6,812.4468383789062,815.5986328125,0.011585615575313568,True,0.0,19.00736427307129,0.016104362905025482,True,-1
cam1,103,7,43.58079147338867,0.0,0.011313961818814278,True,43.876731872558594,671.8690795898438,0.015325384214520454,True,-1
cam1,104,0,1123.9295654296875,386.493896484375,0.9508451819419861,True,1123.78271484375,386.7796325683594,0.950549840927124,True,0
cam1,104,1,1153.7708740234375,518.3345947265625,0.03442747890949249,True,1154.0435791015625,518.2310791015625,0.03630534186959267,True,1
cam1,104,2,0.0,1078.5,0.01749744638800621,True,644.8814086914062,459.75421142578125,0.02020643651485443,True,3
cam1,104,3,1918.4998779296875,1078.5,0.01741824671626091,True,0.0,1079.0,0.017628386616706848,True,5
cam1,104,4,1918.4998779296875,0.0,0.01714135892689228,True,1919.0,9.177878379821777,0.017203977331519127,True,4
cam1,104,5,0.0,18.674116134643555,0.01597040332853794,True,1919.0,1079.0,0.01682734303176403,True,6
cam1,104,6,786.829345703125,821.7695922851562,0.012318386696279049,True,0.0,18.38724708557129,0.01627649925649166,True,-1
cam1,104,7,45.37288284301758,0.0,0.01129731722176075,True,863.127197265625,276.6678771972656,0.014462796039879322,True,-1
cam1,105,0,1124.012451171875,402.6987609863281,0.9378235936164856,True,1125.213623046875,402.0690002441406,0.9340370297431946,True,0
cam1,105,1,1145.3935546875,512.5391845703125,0.02819042094051838,True,638.0773315429688,468.5375671386719,0.02882551960647106,True,2
cam1,105,2,0.0,1078.5,0.01795504055917263,True,1145.220947265625,512.252197265625,0.027354197576642036,True,3
cam1,105,3,1918.4998779296875,8.45621109008789,0.01701684296131134,True,0.0,1079.0,0.018501564860343933,True,4
cam1,105,4,1918.4998779296875,1078.5,0.016436031088232994,True,1919.0,8.759288787841797,0.0169234462082386,True,5
cam1,105,5,0.0,18.106414794921875,0.015392187051475048,True,1919.0,1079.0,0.015998078510165215,True,6
cam1,105,6,1679.668701171875,273.9980163574219,0.012263036333024502,True,0.0,17.471193313598633,0.01574726216495037,True,-1
cam1,105,7,1237.7252197265625,136.88876342773438,0.011766260489821434,True,815.5447998046875,336.79949951171875,0.014187383465468884,True,-1
cam1,106,0,1120.610107421875,402.3940734863281,0.944517970085144,True,1121.4754638671875,402.7082214355469,0.9390169978141785,True,0
cam1,106,1,0.0,1078.5,0.02024889923632145,True,693.9315185546875,282.02691650390625,0.02459600195288658,True,2
cam1,106,2,694.8963012695312,278.0610656738281,0.018065784126520157,True,0.0,1079.0,0.02097717858850956,True,1
cam1,106,3,1918.4998779296875,1078.5,0.01649853214621544,True,1006.3092041015625,224.44589233398438,0.020194578915834427,True,5
cam1,106,4,1918.4998779296875,8.45235824584961,0.016468817368149757,True,1919.0,0.0,0.017306363210082054,True,4
cam1,106,5,0.0,20.653348922729492,0.015666479244828224,True,1919.0,1079.0,0.016422154381871223,True,6
cam1,106,6,755.7489624023438,823.7039794921875,0.011686558835208416,True,0.0,18.59556770324707,0.016136202961206436,True,-1
cam1,106,7,1105.778564453125,655.2893676757812,0.011234348639845848,True,1004.22412109375,150.4454803466797,0.015450715087354183,True,-1
cam1,107,0,1112.714599609375,416.64794921875,0.9361161589622498,True,1112.869384765625,417.6599426269531,0.9348782300949097,True,0
cam1,107,1,0.0,1078.5,0.01890309900045395,True,1007.373046875,224.88291931152344,0.03154319152235985,True,2
cam1,107,2,1918.4998779296875,8.272997856140137,0.0175622571259737,True,0.0,1079.0,0.020311202853918076,True,5
cam1,107,3,1918.4998779296875,1078.5,0.016157859936356544,True,1002.8012084960938,163.8849334716797,0.01920950599014759,True,7
cam1,107,4,0.0,19.05234718322754,0.015470662154257298,True,688.9569702148438,284.1124267578125,0.017686333507299423,True,6
cam1,107,5,1104.4185791015625,589.1802368164062,0.011473717167973518,True,1919.0,0.0,0.017629170790314674,True,-1
cam1,107,6,1009.7379760742188,222.89706420898438,0.011213816702365875,True,0.0,18.644775390625,0.01615786738693714,True,1
cam1,107,7,1918.4998779296875,75.26358032226562,0.011134449392557144,True,1919.0,1079.0,0.01610935851931572,True,-1
cam1,108,0,1095.500732421875,420.9265441894531,0.9391566514968872,True,1095.815673828125,421.05078125,0.9355193972587585,True,0
cam1,108,1,0.0,1078.5,0.01858891174197197,True,1004.0436401367188,173.6576690673828,0.035310909152030945,True,2
cam1,108,2,1918.4998779296875,0.0,0.017003096640110016,True,0.0,1079.0,0.018904028460383415,True,3
cam1,108,3,1918.4998779296875,1078.5,0.01639394834637642,True,1919.0,0.0,0.017037376761436462,True,5
cam1,108,4,0.0,19.5511531829834,0.015928365290164948,True,0.0,19.09918785095215,0.016138898208737373,True,4
cam1,108,5,1046.824951171875,206.04794311523438,0.01289155799895525,True,1919.0,1079.0,0.01585444249212742,True,-1
cam1,108,6,45.76131820678711,0.0,0.011210094206035137,True,1079.95458984375,519.75244140625,0.014400726184248924,True,-1
cam1,108,7,88.71748352050781,1078.5,0.011040100827813148,True,1764.7125244140625,401.6405029296875,0.012771758250892162,True,-1
cam1,109,0,1068.6419677734375,422.6767883300781,0.9446897506713867,True,1068.4891357421875,420.372802734375,0.9446665644645691,True,0
cam1,109,1,1006.7100830078125,172.11085510253906,0.021552210673689842,True,1007.4411010742188,169.3676300048828,0.07163584977388382,True,1
cam1,109,2,0.0,1078.5,0.01942034624516964,True,0.0,1079.0,0.018729371950030327,True,2
cam1,109,3,1918.4998779296875,7.7873358726501465,0.01675448752939701,True,544.34765625,640.7281494140625,0.017537057399749756,True,4
cam1,109,4,1918.4998779296875,1078.5,0.015657585114240646,True,1919.0,8.115957260131836,0.01664368249475956,True,7
cam1,109,5,0.0,17.26717185974121,0.01549218874424696,True,637.8321533203125,474.3104553222656,0.016194984316825867,True,6
cam1,109,6,638.724853515625,476.7941589355469,0.01463123969733715,True,0.0,17.8337345123291,0.01601294055581093,True,5
cam1,109,7,1132.59326171875,195.32420349121094,0.014028356410562992,True,1919.0,1079.0,0.015202129259705544,True,-1
cam1,110,0,1038.3558349609375,425.2454833984375,0.9415864944458008,True,1040.32177734375,417.79998779296875,0.9414351582527161,True,0
cam1,110,1,0.0,1078.5,0.019124988466501236,True,1009.1087646484375,173.80563354492188,0.06355611979961395,True,3
cam1,110,2,1918.4998779296875,1078.5,0.016813009977340698,True,636.75634765625,477.94647216796875,0.02298450656235218,True,4
cam1,110,3,1918.4998779296875,0.0,0.016230616718530655,True,0.0,1079.0,0.02082376554608345,True,6
cam1,110,4,0.0,18.5913028717041,0.016192743554711342,True,1919.0,1079.0,0.016876110807061195,True,5
cam1,110,5,1010.3585205078125,170.25277709960938,0.01534438319504261,True,0.0,18.90162467956543,0.016682403162121773,True,1
cam1,110,6,1086.4046630859375,155.1682891845703,0.015122182667255402,True,1919.0,7.846553325653076,0.016350746154785156,True,-1
cam1,110,7,1071.05224609375,208.96803283691406,0.01340460404753685,True,894.818115234375,346.0031433105469,0.015981774777173996,True,-1
cam1,111,0,1020.05126953125,427.1727600097656,0.9496427774429321,True,1020.7550659179688,427.4653015136719,0.9521372318267822,True,0
cam1,111,1,1088.7181396484375,150.4875946044922,0.02693120390176773,True,1006.5861206054688,192.15794372558594,0.05821102857589722,True,2
cam1,111,2,0.0,1078.5,0.017910724505782127,True,1091.4610595703125,146.54881286621094,0.025346841663122177,True,3
cam1,111,3,1918.4998779296875,8.396871566772461,0.016879789531230927,True,0.0,1079.0,0.01888093166053295,True,6
cam1,111,4,1918.4998779296875,1078.5,0.016306990757584572,True,1116.9627685546875,490.66851806640625,0.018590904772281647,True,-1
cam1,111,5,0.0,19.230051040649414,0.01600123755633831,True,637.540771484375,492.7132263183594,0.017673736438155174,True,7
cam1,111,6,1117.5655517578125,494.71417236328125,0.01519471313804388,True,1919.0,8.024931907653809,0.016735441982746124,True,4
cam1,111,7,850.5816040039062,362.2796936035156,0.012017185799777508,True,0.0,18.530447006225586,0.016211941838264465,True,-1
cam1,112,0,998.41845703125,430.913818359375,0.9571536183357239,True,999.8485717773438,431.56011962890625,0.9567292928695679,True,0
cam1,112,1,1115.45263671875,502.4205017089844,0.020054267719388008,True,1004.7720336914062,193.83583068847656,0.050937823951244354,True,2
cam1,112,2,847.052001953125,352.9329528808594,0.01805778220295906,True,1114.5947265625,502.271484375,0.020672587677836418,True,-1
cam1,112,3,1073.7015380859375,193.1195068359375,0.017963610589504242,True,42.72683334350586,641.2008666992188,0.018881436437368393,True,-1
cam1,112,4,1918.4998779296875,1078.5,0.017488807439804077,True,0.0,1079.0,0.018306301906704903,True,5
cam1,112,5,0.0,1078.5,0.017467591911554337,True,1919.0,1079.0,0.017666436731815338,True,4
cam1,112,6,1918.4998779296875,8.173267364501953,0.016965385526418686,True,633.1220092773438,496.92706298828125,0.01721711829304695,True,7
cam1,112,7,1103.353271484375,542.07275390625,0.015627313405275345,True,1919.0,8.866209030151367,0.016955113038420677,True,-1
cam1,113,0,981.8853149414062,430.8973388671875,0.9490779042243958,True,981.1947021484375,430.77825927734375,0.9539520740509033,True,0
cam1,113,1,1115.9688720703125,516.6436157226562,0.021554920822381973,True,1002.8583984375,199.8997039794922,0.042364928871393204,True,2
cam1,113,2,1071.246826171875,190.99551391601562,0.018715763464570045,True,1110.3199462890625,516.6290893554688,0.02086237445473671,True,-1
cam1,113,3,0.0,1078.5,0.01842058077454567,True,0.0,1079.0,0.017777059227228165,True,3
cam1,113,4,1918.4998779296875,0.0,0.016190266236662865,True,637.3450927734375,487.1382751464844,0.01655462197959423,True,5
cam1,113,5,1918.4998779296875,1078.5,0.015770018100738525,True,1919.0,0.0,0.01648024283349514,True,7
cam1,113,6,0.0,18.155973434448242,0.015533683821558952,True,0.0,17.84968376159668,0.01577109284698963,True,6
cam1,113,7,847.9170532226562,360.67486572265625,0.014303572475910187,True,1919.0,1079.0,0.015741800889372826,True,-1
cam1,114,0,965.3004150390625,430.59588623046875,0.9594337940216064,True,965.8078002929688,431.0331115722656,0.9582993984222412,True,0
cam1,114,1,876.8627319335938,772.8284912109375,0.04861728101968765,True,877.6589965820312,773.9590454101562,0.03319743648171425,True,1
cam1,114,2,0.0,1078.5,0.018307095393538475,True,1114.539794921875,529.1553955078125,0.02001558430492878,True,3
cam1,114,3,1113.787353515625,528.84033203125,0.01749439723789692,True,0.0,1079.0,0.018466858193278313,True,2
cam1,114,4,1918.4998779296875,0.0,0.01748482696712017,True,859.9645385742188,278.13787841796875,0.01802023872733116,True,5
cam1,114,5,0.0,18.17643928527832,0.0165858194231987,True,1919.0,0.0,0.01753230206668377,True,7
cam1,114,6,1918.4998779296875,1078.5,0.01651761680841446,True,1919.0,1079.0,0.016649754717946053,True,6
cam1,114,7,833.1143188476562,372.9822082519531,0.015754418447613716,True,0.0,17.69097328186035,0.016403762623667717,True,-1
cam1,115,0,948.9761352539062,432.6789855957031,0.9537255764007568,True,949.3975219726562,432.6793212890625,0.9532198309898376,True,0
cam1,115,1,907.9502563476562,715.0602416992188,0.021886320784687996,True,907.917724609375,715.293212890625,0.018240870907902718,True,1
cam1,115,2,1918.4998779296875,8.248804092407227,0.016957635059952736,True,1919.0,8.532844543457031,0.017215292900800705,True,2
cam1,115,3,0.0,1078.5,0.016181154176592827,True,0.0,1079.0,0.016852527856826782,True,3
cam1,115,4,1918.4998779296875,1078.5,0.016170227900147438,True,1919.0,1079.0,0.016171487048268318,True,4
cam1,115,5,0.0,18.923725128173828,0.015838343650102615,True,0.0,18.465356826782227,0.01596761681139469,True,5
cam1,115,6,1106.759521484375,542.6954956054688,0.013615929521620274,True,1103.6146240234375,544.2854614257812,0.014176351018249989,True,6
cam1,115,7,843.097412109375,367.9136962890625,0.0129069983959198,True,862.7030029296875,277.8505859375,0.01415986754000187,True,-1
cam1,116,0,934.0435791015625,434.22186279296875,0.9591160416603088,True,934.2158203125,433.2975158691406,0.9542654752731323,True,0
cam1,116,1,937.4456176757812,669.0733642578125,0.01764589361846447,True,938.0106201171875,669.611572265625,0.017258184030652046,True,1
cam1,116,2,1918.4998779296875,8.788866996765137,0.01731646992266178,True,1919.0,9.882726669311523,0.017207857221364975,True,2
cam1,116,3,0.0,18.98520851135254,0.016582077369093895,True,0.0,18.751953125,0.016419675201177597,True,3
cam1,116,4,1918.4998779296875,1078.5,0.016064360737800598,True,0.0,1079.0,0.015919720754027367,True,5
cam1,116,5,0.0,1078.5,0.015304931439459324,True,1919.0,1079.0,0.0157880000770092,True,4
cam1,116,6,1096.1212158203125,545.668212890625,0.013822898268699646,True,1095.5428466796875,541.5894165039062,0.015283782035112381,True,6
cam1,116,7,830.8931274414062,390.0865478515625,0.011877166107296944,True,867.8408813476562,288.19671630859375,0.013386454433202744,True,-1
cam1,117,0,919.0748291015625,438.80902099609375,0.953224778175354,True,919.9552612304688,438.8392639160156,0.9490992426872253,True,0
cam1,117,1,1918.4998779296875,0.0,0.016757238656282425,True,1919.0,0.0,0.016384832561016083,True,1
cam1,117,2,0.0,1078.5,0.01646135002374649,True,0.0,19.254650115966797,0.016299717128276825,True,3
cam1,117,3,1918.4998779296875,1078.5,0.016208361834287643,True,0.0,1079.0,0.01612415537238121,True,4
cam1,117,4,981.4959716796875,609.69970703125,0.015765639021992683,True,1919.0,1079.0,0.015849139541387558,True,-1
cam1,117,5,0.0,19.749767303466797,0.015614312142133713,True,468.5018005371094,531.248046875,0.014711517840623856,True,2
cam1,117,6,1088.5404052734375,543.1771850585938,0.014491915702819824,True,1288.4215087890625,622.1226196289062,0.0145693589001894,True,7
cam1,117,7,843.3462524414062,364.59832763671875,0.013786103576421738,True,1086.0634765625,542.0850830078125,0.014356658793985844,True,-1
cam1,118,0,907.3485717773438,441.2760314941406,0.9606004953384399,True,907.2835083007812,439.662841796875,0.9429482221603394,True,0
cam1,118,1,1015.281494140625,561.0091552734375,0.026454376056790352,True,1016.4324951171875,561.3827514648438,0.0291786827147007,True,1
cam1,118,2,0.0,18.96367073059082,0.01693677343428135,True,1311.5401611328125,243.04542541503906,0.01853223517537117,True,5
cam1,118,3,0.0,1078.5,0.0167470034211874,True,406.7232360839844,0.0,0.017670558765530586,True,4
cam1,118,4,1918.4998779296875,1078.5,0.016742700710892677,True,0.0,1079.0,0.017394008114933968,True,6
cam1,118,5,1918.4998779296875,0.0,0.016475407406687737,True,0.0,18.949975967407227,0.01731044240295887,True,-1
cam1,118,6,846.49609375,351.9690246582031,0.01438917126506567,True,1919.0,1079.0,0.017068998888134956,True,7
cam1,118,7,1132.8486328125,673.6708984375,0.011431663297116756,True,846.6663208007812,349.31195068359375,0.01661631092429161,True,-1
cam1,119,0,896.7828979492188,447.1421203613281,0.9575847387313843,True,896.9517211914062,447.269287109375,0.9506834149360657,True,0
cam1,119,1,1045.5234375,505.84930419921875,0.0319521389901638,True,1047.9913330078125,507.6710205078125,0.03511352464556694,True,1
cam1,119,2,1918.4998779296875,7.597891807556152,0.017069293186068535,True,1919.0,8.074010848999023,0.017051957547664642,True,2
cam1,119,3,1918.4998779296875,1078.5,0.01634140871465206,True,0.0,19.329614639282227,0.016451239585876465,True,4
cam1,119,4,0.0,19.416217803955078,0.016298677772283554,True,1919.0,1079.0,0.016213517636060715,True,3
cam1,119,5,0.0,1078.5,0.015740331262350082,True,0.0,1079.0,0.015585885383188725,True,5
cam1,119,6,43.502166748046875,0.0,0.011351419612765312,True,635.8956298828125,500.92352294921875,0.01204859558492899,True,-1
cam1,119,7,91.36717224121094,1078.5,0.010607892647385597,True,487.3125,375.1712341308594,0.011684494093060493,True,-1
cam1,120,0,885.2666015625,444.8556823730469,0.9612216353416443,True,885.8172607421875,444.9797058105469,0.9535759091377258,True,0
cam1,120,1,1092.9779052734375,443.7093811035156,0.05785156786441803,True,1106.730224609375,442.3090515136719,0.12739674746990204,True,1
cam1,120,2,1918.4998779296875,0.0,0.017332373186945915,True,1421.017822265625,273.9028625488281,0.018818728625774384,True,3
cam1,120,3,0.0,19.382802963256836,0.016571661457419395,True,1919.0,8.336631774902344,0.0167851522564888,True,5
cam1,120,4,1918.4998779296875,1078.5,0.01644018478691578,True,0.0,1079.0,0.016475019976496696,True,6
cam1,120,5,0.0,1078.5,0.015775978565216064,True,0.0,18.594038009643555,0.016280239447951317,True,4
cam1,120,6,1918.4998779296875,137.42628479003906,0.010975083336234093,True,1919.0,1079.0,0.01616903580725193,True,-1
cam1,120,7,1096.8875732421875,671.3230590820312,0.01078430749475956,True,1253.25341796875,278.094482421875,0.012308296747505665,True,-1
cam1,121,0,871.5042114257812,446.5825500488281,0.9573429226875305,True,872.4653930664062,445.6897888183594,0.9468649625778198,True,0
cam1,121,1,1150.24853515625,380.1312255859375,0.35960718989372253,True,1149.3233642578125,380.1464538574219,0.5185551047325134,True,1
cam1,121,2,1075.25439453125,519.31982421875,0.021975668147206306,True,1073.7418212890625,518.7103881835938,0.033628400415182114,True,2
cam1,121,3,1085.044189453125,561.1846313476562,0.019727416336536407,True,0.0,1079.0,0.016959041357040405,True,-1
cam1,121,4,1918.4998779296875,0.0,0.01697516068816185,True,1919.0,8.6303071975708,0.016843372955918312,True,4
cam1,121,5,0.0,1078.5,0.016267484053969383,True,1919.0,1079.0,0.016356484964489937,True,3
cam1,121,6,0.0,18.342153549194336,0.016232779249548912,True,0.0,17.874420166015625,0.01623021997511387,True,6
cam1,121,7,1918.4998779296875,1078.5,0.016070013865828514,True,1765.6282958984375,288.97247314453125,0.01317819207906723,True,5
cam1,122,0,866.0969848632812,447.29595947265625,0.9349045753479004,True,869.4788818359375,450.82806396484375,0.9203079342842102,True,0
cam1,122,1,1187.83935546875,311.0513610839844,0.43280184268951416,True,1188.0743408203125,311.34844970703125,0.2735525071620941,True,1
cam1,122,2,1918.4998779296875,0.0,0.017415642738342285,True,1919.0,0.0,0.0170174241065979,True,2
cam1,122,3,1918.4998779296875,1078.5,0.01702055335044861,True,0.0,18.682836532592773,0.016728060320019722,True,4
cam1,122,4,0.0,18.123823165893555,0.016996324062347412,True,1919.0,1079.0,0.016572384163737297,True,3
cam1,122,5,0.0,1078.5,0.015995705500245094,True,861.8466796875,259.3427734375,0.016367850825190544,True,6
cam1,122,6,1076.333251953125,546.935546875,0.013939066790044308,True,0.0,1079.0,0.016191329807043076,True,7
cam1,122,7,1830.736572265625,216.26478576660156,0.012985484674572945,True,1076.978271484375,543.4331665039062,0.01609485223889351,True,-1
cam1,123,0,855.13232421875,449.4331359863281,0.9265580177307129,True,855.2349243164062,448.2826232910156,0.9114794731140137,True,0
cam1,123,1,1239.9151611328125,245.33963012695312,0.36035194993019104,True,1236.210205078125,244.7683868408203,0.15318094193935394,True,1
cam1,123,2,1918.4998779296875,9.498361587524414,0.017655840143561363,True,1186.1009521484375,321.27423095703125,0.03657485917210579,True,5
cam1,123,3,1330.12158203125,351.4769287109375,0.01702190190553665,True,1284.2276611328125,102.69768524169922,0.0269008856266737,True,-1
cam1,123,4,0.0,18.774913787841797,0.016022078692913055,True,823.1658935546875,290.5448303222656,0.020435191690921783,True,7
cam1,123,5,1918.4998779296875,1078.5,0.01592652127146721,True,1919.0,11.165914535522461,0.017582392320036888,True,-1
cam1,123,6,0.0,1078.5,0.015797937288880348,True,0.0,1079.0,0.016543997451663017,True,6
cam1,123,7,1284.2320556640625,105.32515716552734,0.012586003169417381,True,0.0,19.19493293762207,0.01638789288699627,True,3
cam1,124,0,847.08837890625,454.5244445800781,0.9333596229553223,True,846.5203857421875,454.4052734375,0.9148944616317749,True,0
cam1,124,1,1294.2138671875,189.09262084960938,0.20866316556930542,True,1282.556396484375,185.07974243164062,0.06920657306909561,True,1
cam1,124,2,1918.4998779296875,8.3989896774292,0.017430158331990242,True,1230.022216796875,249.86102294921875,0.047911547124385834,True,7
cam1,124,3,0.0,1078.5,0.016743525862693787,True,821.4520874023438,286.28155517578125,0.03635966777801514,True,6
cam1,124,4,816.9578857421875,289.0982360839844,0.016651364043354988,True,1204.6771240234375,428.3143005371094,0.03336484730243683,True,3
cam1,124,5,0.0,19.357995986938477,0.01608950085937977,True,1075.757080078125,530.8654174804688,0.021175023168325424,True,-1
cam1,124,6,1918.4998779296875,1078.5,0.01558446604758501,True,0.0,1079.0,0.018122538924217224,True,-1
cam1,124,7,1074.198974609375,529.7515258789062,0.015567122958600521,True,1919.0,8.686022758483887,0.017736606299877167,True,5
cam1,125,0,839.1001586914062,458.1071472167969,0.9221128225326538,True,840.1740112304688,457.7818298339844,0.9111936092376709,True,0
cam1,125,1,1345.2176513671875,109.55915832519531,0.14198410511016846,True,1332.7418212890625,111.93842315673828,0.0694170892238617,True,1
cam1,125,2,1285.6697998046875,186.27420043945312,0.04110261797904968,True,1283.8677978515625,186.18026733398438,0.03387291729450226,True,2
cam1,125,3,1070.3758544921875,538.434814453125,0.02096562646329403,True,1204.3441162109375,429.0361328125,0.033463332802057266,True,5
cam1,125,4,1087.6116943359375,588.9603881835938,0.017072468996047974,True,844.4758911132812,275.58648681640625,0.031311728060245514,True,-1
cam1,125,5,1918.4998779296875,7.795339584350586,0.016932819038629532,True,1074.0072021484375,539.9067993164062,0.028107674792408943,True,-1
cam1,125,6,0.0,18.316984176635742,0.01574581302702427,True,1268.3797607421875,297.7825622558594,0.024844331666827202,True,-1
cam1,125,7,1918.4998779296875,1078.5,0.01567934639751911,True,1222.4130859375,238.1267852783203,0.019827818498015404,True,-1
cam1,126,0,838.0809326171875,462.6089782714844,0.9430716037750244,True,838.1416625976562,463.0204772949219,0.9301512241363525,True,0
cam1,126,1,1390.2659912109375,32.530982971191406,0.037363409996032715,True,1390.630126953125,31.931781768798828,0.03974272310733795,True,1
cam1,126,2,1079.986083984375,580.3697509765625,0.0186188742518425,True,854.4494018554688,270.25048828125,0.025387365370988846,True,-1
cam1,126,3,0.0,1078.5,0.016821041703224182,True,1074.03857421875,547.353759765625,0.025263475254178047,True,7
cam1,126,4,0.0,19.33458709716797,0.016723260283470154,True,1142.123779296875,682.5509033203125,0.019816506654024124,True,-1
cam1,126,5,1918.4998779296875,7.712050437927246,0.016454186290502548,True,819.2659301757812,336.7745056152344,0.01921968348324299,True,-1
cam1,126,6,843.0984497070312,361.6994934082031,0.016397632658481598,True,636.3343505859375,496.84185791015625,0.018771762028336525,True,-1
cam1,126,7,1918.4998779296875,1078.5,0.015921669080853462,True,0.0,1079.0,0.01854049786925316,True,-1
cam1,127,0,827.0123901367188,461.78594970703125,0.9493929147720337,True,827.0597534179688,462.0220947265625,0.9392609596252441,True,0
cam1,127,1,1918.4998779296875,0.0,0.017855770885944366,True,855.9026489257812,249.90623474121094,0.01991816982626915,True,4
cam1,127,2,0.0,1078.5,0.0165556613355875,True,1075.7801513671875,580.4010620117188,0.019515538588166237,True,7
cam1,127,3,0.0,19.063234329223633,0.01606130786240101,True,576.123291015625,499.30706787109375,0.018815845251083374,True,6
cam1,127,4,1918.4998779296875,1078.5,0.014793592505156994,True,1919.0,0.0,0.017839478328824043,True,-1
cam1,127,5,1075.161865234375,585.1759643554688,0.014284518547356129,True,1455.8916015625,374.224365234375,0.01757427304983139,True,2
cam1,127,6,835.00048828125,364.11163330078125,0.0129048777744174,True,0.0,18.0357666015625,0.016479069367051125,True,-1
cam1,127,7,1454.320556640625,369.6770935058594,0.01188661064952612,True,0.0,1079.0,0.016383470967411995,True,5
cam1,128,0,820.8175048828125,462.7359924316406,0.9295773506164551,True,824.248291015625,467.2161865234375,0.915511965751648,True,0
cam1,128,1,1918.4998779296875,0.0,0.01689235493540764,True,577.9556884765625,494.9547424316406,0.021334487944841385,True,6
cam1,128,2,0.0,18.595983505249023,0.016180388629436493,True,1462.36181640625,374.50323486328125,0.020864833146333694,True,-1
cam1,128,3,0.0,1078.5,0.01570308208465576,True,856.188232421875,248.97410583496094,0.020667938515543938,True,-1
cam1,128,4,1918.4998779296875,1078.5,0.015097645111382008,True,920.7769165039062,499.49810791015625,0.019230810925364494,True,-1
cam1,128,5,1461.681396484375,373.00225830078125,0.013287002220749855,True,892.43115234375,340.2406005859375,0.017288805916905403,True,2
cam1,128,6,1918.4998779296875,58.136329650878906,0.012778175994753838,True,1919.0,0.0,0.01677188090980053,True,-1
cam1,128,7,1086.80078125,620.0267333984375,0.01241251640021801,True,1083.1956787109375,592.7302856445312,0.016177300363779068,True,-1
cam1,129,0,811.8303833007812,465.4223937988281,0.9367234110832214,True,812.2857666015625,469.1698303222656,0.9244499802589417,True,0
cam1,129,1,1465.630126953125,361.8736877441406,0.023234650492668152,True,893.7556762695312,336.55303955078125,0.035116810351610184,True,6
cam1,129,2,831.9196166992188,362.0234069824219,0.017911892384290695,True,923.995849609375,497.1648864746094,0.028948470950126648,True,3
cam1,129,3,1918.4998779296875,8.109925270080566,0.016658704727888107,True,817.7105712890625,374.1885681152344,0.026317477226257324,True,-1
cam1,129,4,0.0,1078.5,0.01646902598440647,True,858.7948608398438,260.13555908203125,0.024548809975385666,True,-1
cam1,129,5,0.0,18.14234733581543,0.015625787898898125,True,1082.4407958984375,603.6277465820312,0.022188691422343254,True,-1
cam1,129,6,1078.988525390625,605.4953002929688,0.015334739349782467,True,1465.8035888671875,358.54644775390625,0.02077864296734333,True,5
cam1,129,7,1918.4998779296875,1078.5,0.014285264536738396,True,576.7838134765625,489.8515319824219,0.017613915726542473,True,-1
cam1,130,0,808.418212890625,474.9421081542969,0.938991904258728,True,808.1796264648438,476.7893981933594,0.9371961951255798,True,0
cam1,130,1,831.0101928710938,362.8183898925781,0.02330869995057583,True,890.098388671875,337.8646545410156,0.03012952394783497,True,3
cam1,130,2,1073.558837890625,606.8876953125,0.01865171082317829,True,1084.0548095703125,606.394775390625,0.023967906832695007,True,2
cam1,130,3,0.0,1078.5,0.016925152391195297,True,820.0693359375,373.38714599609375,0.021024657413363457,True,4
cam1,130,4,0.0,18.68221092224121,0.016752202063798904,True,0.0,1079.0,0.01737358793616295,True,6
cam1,130,5,1918.4998779296875,1078.5,0.01660127379000187,True,1919.0,0.0,0.016846682876348495,True,7
cam1,130,6,1918.4998779296875,7.683056831359863,0.016303563490509987,True,0.0,19.246265411376953,0.016728129237890244,True,5
cam1,130,7,1122.041259765625,680.8344116210938,0.012808733619749546,True,1919.0,1079.0,0.01629144698381424,True,-1
cam1,131,0,804.2872314453125,477.5751647949219,0.9516643285751343,True,805.4234008789062,478.6907043457031,0.9499116539955139,True,0
cam1,131,1,837.2752075195312,366.3809509277344,0.0233084075152874,True,802.6431884765625,335.5772399902344,0.021658075973391533,True,-1
cam1,131,2,736.4474487304688,169.6747283935547,0.02232282981276512,True,737.7161254882812,168.652099609375,0.020046204328536987,True,2
cam1,131,3,1918.4998779296875,0.0,0.01685493066906929,True,857.0593872070312,274.6824951171875,0.01851922646164894,True,6
cam1,131,4,0.0,17.955944061279297,0.0161256305873394,True,889.05712890625,338.94281005859375,0.018372036516666412,True,-1
cam1,131,5,0.0,1078.5,0.01590071991086006,True,1084.4608154296875,607.7620849609375,0.017203373834490776,True,-1
cam1,131,6,1918.4998779296875,1078.5,0.015848953276872635,True,1919.0,7.883363246917725,0.016947884112596512,True,7
cam1,131,7,1088.2435302734375,666.8591918945312,0.013894869945943356,True,1919.0,1079.0,0.01649010181427002,True,-1
cam1,132,0,796.6824951171875,478.2011413574219,0.9470086097717285,True,797.7207641601562,478.6745300292969,0.9478835463523865,True,0
cam1,132,1,843.6787109375,360.7755432128906,0.03249124810099602,True,810.4078369140625,332.4031982421875,0.025344017893075943,True,-1
cam1,132,2,734.0265502929688,170.74859619140625,0.02195844240486622,True,739.5824584960938,168.9209747314453,0.020470714196562767,True,2
cam1,132,3,0.0,1078.5,0.016921520233154297,True,514.9197998046875,430.1719970703125,0.018967412412166595,True,-1
cam1,132,4,1918.4998779296875,0.0,0.016842182725667953,True,855.5277709960938,276.7188415527344,0.01857099123299122,True,6
cam1,132,5,0.0,17.446208953857422,0.01600346900522709,True,1063.206787109375,591.7899780273438,0.01821552962064743,True,-1
cam1,132,6,1918.4998779296875,1078.5,0.015156309120357037,True,1919.0,8.826817512512207,0.017401263117790222,True,-1
cam1,132,7,861.4501953125,75.9183120727539,0.014565984718501568,True,630.2568969726562,383.0513610839844,0.017009451985359192,True,-1
cam1,133,0,793.8536987304688,479.3955078125,0.933050811290741,True,791.7820434570312,478.5843811035156,0.9346827864646912,True,0
cam1,133,1,735.1441040039062,171.02066040039062,0.02802315540611744,True,620.6968994140625,397.1340026855469,0.027864864096045494,True,-1
cam1,133,2,846.2800903320312,356.6322326660156,0.027761856094002724,True,514.6495971679688,433.8650207519531,0.027550283819437027,True,6
cam1,133,3,634.3125610351562,502.11761474609375,0.023304184898734093,True,946.6986083984375,496.2529296875,0.02750551514327526,True,-1
cam1,133,4,1061.4169921875,574.5276489257812,0.022315219044685364,True,1062.4404296875,574.4860229492188,0.025891821831464767,True,4
cam1,133,5,245.1227569580078,381.9884338378906,0.019407683983445168,True,803.581298828125,327.20440673828125,0.025293877348303795,True,-1
cam1,133,6,940.3351440429688,497.5049133300781,0.018688244745135307,True,848.2970581054688,351.03729248046875,0.024180470034480095,True,3
cam1,133,7,636.7986450195312,385.4335021972656,0.01743340864777565,True,860.7764892578125,273.1346740722656,0.01981869526207447,True,1
cam1,134,0,783.0594482421875,477.84954833984375,0.9330994486808777,True,783.7965087890625,477.1242980957031,0.9194743037223816,True,0
cam1,134,1,796.3473510742188,314.5240173339844,0.03893363103270531,True,1098.0096435546875,603.9647216796875,0.045956872403621674,True,-1
cam1,134,2,737.6341552734375,167.66146850585938,0.022190827876329422,True,1240.364990234375,278.09967041015625,0.03211591765284538,True,4
cam1,134,3,1096.4964599609375,603.5169067382812,0.019385550171136856,True,784.6415405273438,295.3088684082031,0.025781167671084404,True,1
cam1,134,4,512.1597290039062,426.9294128417969,0.017222678288817406,True,739.4110107421875,165.99319458007812,0.02250901237130165,True,-1
cam1,134,5,0.0,17.864192962646484,0.016915643587708473,True,308.0558166503906,212.3665313720703,0.022292042151093483,True,-1
cam1,134,6,0.0,1078.5,0.01685943454504013,True,879.9498291015625,339.2579040527344,0.02132013998925686,True,-1
cam1,134,7,1918.4998779296875,1078.5,0.016660578548908234,True,1552.1134033203125,649.8170166015625,0.0207668524235487,True,-1
cam1,135,0,778.4263916015625,482.60565185546875,0.9398990869522095,True,778.1693115234375,484.20428466796875,0.9255762100219727,True,0
cam1,135,1,790.343994140625,308.8070068359375,0.0430380254983902,True,1092.8087158203125,610.8093872070312,0.043457332998514175,True,-1
cam1,135,2,1089.8531494140625,613.8085327148438,0.02177623100578785,True,1043.3262939453125,592.8102416992188,0.03369036316871643,True,1
cam1,135,3,1547.8089599609375,651.060546875,0.01938001997768879,True,1544.33203125,650.1051025390625,0.032029278576374054,True,3
cam1,135,4,1048.199951171875,593.6883544921875,0.018789274618029594,True,1029.4091796875,637.26025390625,0.02736196666955948,True,2
cam1,135,5,739.0103149414062,167.50552368164062,0.017614370211958885,True,361.201416015625,535.4174194335938,0.02537805773317814,True,-1
cam1,135,6,553.6163940429688,482.9089660644531,0.01726001314818859,True,1460.4288330078125,416.5961608886719,0.024463804438710213,True,-1
cam1,135,7,0.0,16.38520622253418,0.017183084040880203,True,891.0709838867188,338.18377685546875,0.023135125637054443,True,-1
cam1,136,0,776.3673095703125,489.03216552734375,0.9426683783531189,True,777.8134155273438,489.2687072753906,0.934160590171814,True,0
cam1,136,1,791.88330078125,314.9093933105469,0.05249476060271263,True,1086.749267578125,607.8555908203125,0.04877858981490135,True,-1
cam1,136,2,1550.3089599609375,652.3104248046875,0.034709636121988297,True,1550.27099609375,652.8147583007812,0.044342003762722015,True,2
cam1,136,3,1727.504150390625,428.31292724609375,0.02776437997817993,True,1458.5137939453125,415.2925720214844,0.03560010716319084,True,-1
cam1,136,4,1085.634521484375,608.4561767578125,0.027280550450086594,True,360.0546875,537.811279296875,0.03105291724205017,True,1
cam1,136,5,1041.104248046875,589.6994018554688,0.0238740686327219,True,776.8276977539062,347.7176208496094,0.02759840153157711,True,-1
cam1,136,6,548.9323120117188,473.30877685546875,0.020505093038082123,True,1094.7115478515625,307.7583923339844,0.026728520169854164,True,-1
cam1,136,7,1918.4998779296875,10.502115249633789,0.0180815402418375,True,878.9671020507812,503.7294616699219,0.02441198006272316,True,-1
cam1,137,0,772.11572265625,489.6357116699219,0.9425708055496216,True,774.802001953125,490.3790283203125,0.9219977855682373,True,0
cam1,137,1,783.72998046875,310.9847106933594,0.051098037511110306,True,1547.743896484375,656.5263061523438,0.05732640624046326,True,-1
cam1,137,2,1550.271484375,654.7792358398438,0.043305959552526474,True,1038.4078369140625,590.7483520507812,0.051490332931280136,True,1
cam1,137,3,1043.4930419921875,592.4231567382812,0.027284858748316765,True,1284.1304931640625,197.4127960205078,0.05017648637294769,True,2
cam1,137,4,497.632080078125,437.5376892089844,0.027098465710878372,True,646.2501220703125,487.6527099609375,0.03855438530445099,True,-1
cam1,137,5,637.7613525390625,498.90411376953125,0.026279594749212265,True,784.7017822265625,346.8459167480469,0.03390934690833092,True,4
cam1,137,6,1284.3123779296875,197.30979919433594,0.02441350370645523,True,1461.127685546875,417.8168029785156,0.03377356007695198,True,3
cam1,137,7,1748.0069580078125,440.3256530761719,0.024287192150950432,True,816.854248046875,211.21868896484375,0.03244553506374359,True,-1
cam1,138,0,767.0050048828125,491.183349609375,0.9304561018943787,True,769.5001220703125,491.2353820800781,0.9123262166976929,True,0
cam1,138,1,1068.1142578125,578.4525756835938,0.02598412334918976,True,1057.356201171875,566.2433471679688,0.057830486446619034,True,1
cam1,138,2,781.3216552734375,322.7236022949219,0.0201188363134861,True,785.5303344726562,314.8841247558594,0.04508733004331589,True,2
cam1,138,3,471.0940856933594,531.1846313476562,0.01876634731888771,True,966.7789916992188,495.9230041503906,0.04465528205037117,True,-1
cam1,138,4,0.0,1078.5,0.01860135607421398,True,1284.942626953125,196.34793090820312,0.042932502925395966,True,-1
cam1,138,5,497.040283203125,435.73236083984375,0.017557164654135704,True,634.3453979492188,499.47869873046875,0.037870269268751144,True,-1
cam1,138,6,1548.996337890625,652.8953247070312,0.017371635884046555,True,882.4200439453125,336.9476013183594,0.030091091990470886,True,-1
cam1,138,7,1918.4998779296875,1078.5,0.017037376761436462,True,1285.013671875,90.51133728027344,0.027898801490664482,True,-1
cam1,139,0,763.5225830078125,493.0036926269531,0.9325716495513916,True,763.2982788085938,493.38848876953125,0.9099910855293274,True,0
cam1,139,1,1014.099365234375,624.180419921875,0.021532705053687096,True,1048.69677734375,562.0136108398438,0.06269042938947678,True,2
cam1,139,2,1050.759033203125,565.9148559570312,0.021428531035780907,True,1015.8851928710938,623.5531005859375,0.056339509785175323,True,1
cam1,139,3,1557.685302734375,653.4356079101562,0.01803070306777954,True,786.724365234375,313.64642333984375,0.055930718779563904,True,-1
cam1,139,4,1918.4998779296875,8.930639266967773,0.017060576006770134,True,961.304931640625,492.9456787109375,0.04131004214286804,True,-1
cam1,139,5,0.0,1078.5,0.01620476506650448,True,883.6041259765625,337.0858154296875,0.03530685231089592,True,-1
cam1,139,6,782.1220703125,324.1473083496094,0.01615501008927822,True,1287.1435546875,86.748779296875,0.035235702991485596,True,3
cam1,139,7,0.0,18.602140426635742,0.016076242551207542,True,634.6814575195312,502.9817810058594,0.03522631153464317,True,-1
cam1,140,0,758.50634765625,493.0680847167969,0.928686797618866,True,763.2933349609375,500.3630065917969,0.9027093648910522,True,0
cam1,140,1,1053.335205078125,564.3671875,0.021238360553979874,True,1285.506591796875,79.86195373535156,0.05931350216269493,True,2
cam1,140,2,1016.1668090820312,627.0213012695312,0.019154051318764687,True,1047.2388916015625,565.1076049804688,0.05582217499613762,True,-1
cam1,140,3,468.5216064453125,531.7584838867188,0.01769520714879036,True,926.0593872070312,503.7760314941406,0.050136301666498184,True,-1
cam1,140,4,1918.4998779296875,0.0,0.01754794828593731,True,787.904541015625,307.41900634765625,0.04906013607978821,True,-1
cam1,140,5,636.303466796875,502.6250305175781,0.01631207764148712,True,635.8473510742188,503.62762451171875,0.03603526949882507,True,5
cam1,140,6,0.0,1078.5,0.016217997297644615,True,861.4099731445312,277.27191162109375,0.02797537110745907,True,-1
cam1,140,7,0.0,18.03948402404785,0.01609976962208748,True,1009.7168579101562,194.92520141601562,0.02641880512237549,True,-1
cam1,141,0,751.9766235351562,500.0931701660156,0.9232787489891052,True,751.4998779296875,500.7209777832031,0.9050106406211853,True,0
cam1,141,1,1045.7637939453125,565.1001586914062,0.02250307984650135,True,922.3687744140625,500.5464782714844,0.068155437707901,True,-1
cam1,141,2,780.7235717773438,350.19671630859375,0.019489817321300507,True,1290.0948486328125,84.7972412109375,0.06278035789728165,True,-1
cam1,141,3,636.8438720703125,497.2000427246094,0.019092412665486336,True,1083.602783203125,590.4310302734375,0.05797163024544716,True,5
cam1,141,4,842.9393920898438,349.8533020019531,0.01764124073088169,True,1030.916259765625,591.1510620117188,0.05039028450846672,True,-1
cam1,141,5,467.2790222167969,530.9645385742188,0.01675468683242798,True,645.1471557617188,488.44219970703125,0.039553649723529816,True,-1
cam1,141,6,1918.4998779296875,8.27644157409668,0.0164653267711401,True,804.5479125976562,307.1234130859375,0.035173553973436356,True,-1
cam1,141,7,0.0,1078.5,0.016026552766561508,True,1371.2833251953125,188.12962341308594,0.03423748165369034,True,-1
cam1,142,0,751.66455078125,503.90093994140625,0.9333639740943909,True,749.318359375,505.94512939453125,0.9099091291427612,True,0
cam1,142,1,1057.3946533203125,563.800048828125,0.04128069803118706,True,919.7116088867188,497.0860595703125,0.08543738722801208,True,-1
cam1,142,2,1014.7601318359375,622.6297607421875,0.031719986349344254,True,1014.818359375,621.1376342773438,0.08161298930644989,True,2
cam1,142,3,769.9710693359375,352.0850830078125,0.020724501460790634,True,1080.1336669921875,592.8392944335938,0.07803643494844437,True,-1
cam1,142,4,0.0,1078.5,0.018451882526278496,True,861.2703247070312,274.0230407714844,0.06569071114063263,True,-1
cam1,142,5,645.3472900390625,487.72271728515625,0.017317524179816246,True,1288.3287353515625,93.64911651611328,0.03285001590847969,True,7
cam1,142,6,547.8045654296875,432.6390075683594,0.016851650550961494,True,1053.8138427734375,456.6769714355469,0.03098924458026886,True,-1
cam1,142,7,1918.4998779296875,1078.5,0.016678227111697197,True,635.2439575195312,495.174560546875,0.026927441358566284,True,-1
cam1,143,0,749.1092529296875,504.60540771484375,0.9455041289329529,True,748.3905639648438,504.791015625,0.9259381294250488,True,0
cam1,143,1,1073.66162109375,593.4551391601562,0.04090419039130211,True,1075.0225830078125,597.8511962890625,0.07568930089473724,True,1
cam1,143,2,1285.739013671875,93.02599334716797,0.022697390988469124,True,1012.4306640625,614.8335571289062,0.06864596158266068,True,5
cam1,143,3,339.1353454589844,395.154052734375,0.022578265517950058,True,919.9232177734375,495.72821044921875,0.055509574711322784,True,-1
cam1,143,4,772.5157470703125,337.4582824707031,0.021876350045204163,True,857.7481079101562,273.0164794921875,0.053336892277002335,True,-1
cam1,143,5,391.2521667480469,374.3304443359375,0.021203873679041862,True,1285.6937255859375,92.4358901977539,0.0444982573390007,True,-1
cam1,143,6,1031.8826904296875,435.72015380859375,0.01817595772445202,True,1052.10546875,454.25665283203125,0.027983034029603004,True,-1
cam1,143,7,637.4114990234375,500.3962097167969,0.017856145277619362,True,1100.5511474609375,683.6257934570312,0.027011318132281303,True,-1
cam1,144,0,747.8446655273438,506.61358642578125,0.9447702169418335,True,744.9163208007812,507.3552551269531,0.9300181269645691,True,0
cam1,144,1,1042.2274169921875,561.1409912109375,0.041656557470560074,True,1075.4244384765625,601.5243530273438,0.06920395791530609,True,-1
cam1,144,2,764.1068115234375,331.8023376464844,0.027588197961449623,True,855.6458129882812,271.59161376953125,0.06499012559652328,True,-1
cam1,144,3,348.05316162109375,384.06866455078125,0.022762857377529144,True,1009.7894897460938,611.2801513671875,0.062311429530382156,True,-1
cam1,144,4,1286.8575439453125,93.65734100341797,0.020756004378199577,True,922.2910766601562,496.9886474609375,0.039554156363010406,True,5
cam1,144,5,646.4580688476562,498.4999694824219,0.018514610826969147,True,1285.811767578125,92.03213500976562,0.03417099267244339,True,-1
cam1,144,6,1036.1995849609375,442.68408203125,0.018316103145480156,True,578.198974609375,667.1640625,0.03160738945007324,True,-1
cam1,144,7,773.9515380859375,196.9754180908203,0.018229171633720398,True,1357.5181884765625,188.994140625,0.029140466824173927,True,-1
cam1,145,0,742.4808349609375,507.64154052734375,0.9373144507408142,True,738.9225463867188,507.174072265625,0.9213067889213562,True,0
cam1,145,1,1044.0269775390625,565.0795288085938,0.047547001391649246,True,1031.3720703125,594.1220092773438,0.07765030115842819,True,-1
cam1,145,2,762.4953002929688,325.98651123046875,0.029797250404953957,True,1066.8236083984375,582.8746337890625,0.07587189972400665,True,-1
cam1,145,3,1074.73779296875,666.6099853515625,0.027218781411647797,True,857.3533935546875,282.6589660644531,0.06279988586902618,True,4
cam1,145,4,647.8861083984375,496.8995056152344,0.026623286306858063,True,1077.140625,668.8004760742188,0.048333000391721725,True,-1
cam1,145,5,1284.7713623046875,90.63848114013672,0.02517833188176155,True,575.24609375,663.8639526367188,0.041320107877254486,True,7
cam1,145,6,1746.009521484375,698.3250122070312,0.02384687215089798,True,933.8682250976562,496.4024963378906,0.03317924216389656,True,-1
cam1,145,7,662.9401245117188,249.31419372558594,0.021569738164544106,True,1283.0654296875,89.86920928955078,0.03268162161111832,True,-1
cam1,146,0,737.8733520507812,514.2569580078125,0.9066820740699768,True,735.1398315429688,512.7171020507812,0.8844919204711914,True,0
cam1,146,1,1039.93896484375,562.9728393554688,0.0493980348110199,True,1011.073974609375,605.3444213867188,0.08492077142000198,True,-1
cam1,146,2,1013.0681762695312,601.7223510742188,0.04918495938181877,True,857.8971557617188,271.65496826171875,0.06216456741094589,True,1
cam1,146,3,664.40771484375,254.8894805908203,0.035616640001535416,True,861.8360595703125,350.40008544921875,0.04679160937666893,True,-1
cam1,146,4,647.90673828125,492.4576721191406,0.028774356469511986,True,543.2676391601562,369.38970947265625,0.03988078981637955,True,-1
cam1,146,5,856.4539794921875,350.51934814453125,0.025848034769296646,True,1403.5006103515625,433.321533203125,0.033015113323926926,True,3
cam1,146,6,1086.1363525390625,693.1911010742188,0.021689118817448616,True,1312.14599609375,284.73846435546875,0.03005698136985302,True,-1
cam1,146,7,1401.968994140625,427.3393859863281,0.019894622266292572,True,1086.0592041015625,667.3015747070312,0.028593406081199646,True,5
cam1,147,0,737.2709350585938,514.1488037109375,0.9038112163543701,True,736.8787841796875,514.8707275390625,0.8987335562705994,True,0
cam1,147,1,1015.7789306640625,591.32275390625,0.054267968982458115,True,1002.5739135742188,605.2249755859375,0.09564338624477386,True,1
cam1,147,2,647.2394409179688,497.5090637207031,0.03403395414352417,True,853.3757934570312,270.3873596191406,0.05593066290020943,True,6
cam1,147,3,775.538818359375,188.41697692871094,0.032473139464855194,True,1402.388916015625,430.14349365234375,0.05494881793856621,True,-1
cam1,147,4,1403.3934326171875,427.0917053222656,0.03098922222852707,True,852.6947631835938,351.6440734863281,0.05048977583646774,True,3
cam1,147,5,1286.784912109375,92.46722412109375,0.028402842581272125,True,542.9185180664062,370.0354919433594,0.036156848073005676,True,-1
cam1,147,6,731.4891357421875,290.2467956542969,0.02615532837808132,True,645.8486938476562,496.2982482910156,0.03594500198960304,True,-1
cam1,147,7,851.9967651367188,350.703857421875,0.025881217792630196,True,1081.5279541015625,673.3251953125,0.03240731358528137,True,4
cam1,148,0,732.5912475585938,509.7651672363281,0.8921309113502502,True,733.20068359375,511.0295104980469,0.8939937353134155,True,0
cam1,148,1,1030.8756103515625,605.472412109375,0.05375492200255394,True,1037.194091796875,606.412841796875,0.0931151881814003,True,1
cam1,148,2,772.5148315429688,186.62635803222656,0.03779872879385948,True,1003.9771728515625,603.9412841796875,0.09230490773916245,True,-1
cam1,148,3,728.0814208984375,288.7337951660156,0.036118920892477036,True,1404.8677978515625,429.5350646972656,0.0652913823723793,True,-1
cam1,148,4,649.9967651367188,492.206787109375,0.033502452075481415,True,857.6205444335938,264.1535949707031,0.04480043798685074,True,-1
cam1,148,5,1291.6480712890625,94.34569549560547,0.03349173069000244,True,1291.9326171875,92.61962890625,0.03970886394381523,True,5
cam1,148,6,335.68072509765625,555.6466674804688,0.03260760381817818,True,849.3206787109375,354.349853515625,0.03435478359460831,True,-1
cam1,148,7,1404.7158203125,427.1153259277344,0.032376255840063095,True,549.1177368164062,370.64813232421875,0.03332526981830597,True,3
cam1,149,0,730.884765625,507.9381408691406,0.9071788191795349,True,731.0421142578125,508.33001708984375,0.9073992967605591,True,0
cam1,149,1,1054.3221435546875,603.9552001953125,0.051372308284044266,True,1002.2549438476562,605.6167602539062,0.10762423276901245,True,-1
cam1,149,2,1285.837890625,104.52106475830078,0.04582906886935234,True,1412.9866943359375,437.31890869140625,0.062228817492723465,True,3
cam1,149,3,335.8139343261719,557.83544921875,0.03943916782736778,True,1286.105712890625,104.41935729980469,0.057648077607154846,True,-1
cam1,149,4,784.8518676757812,368.59454345703125,0.0353301502764225,True,860.6199951171875,263.39483642578125,0.04263990372419357,True,-1
cam1,149,5,794.637939453125,226.67233276367188,0.0352172777056694,True,715.725341796875,305.77734375,0.0416911356151104,True,-1
cam1,149,6,286.3786926269531,373.6829528808594,0.027300085872411728,True,553.7359619140625,371.6182556152344,0.040488459169864655,True,-1
cam1,149,7,1407.3709716796875,431.2429504394531,0.025416716933250427,True,780.5016479492188,199.99232482910156,0.03485234081745148,True,2
cam1,150,0,724.6675415039062,506.4441223144531,0.8939607739448547,True,725.1236572265625,507.38848876953125,0.902030348777771,True,0
cam1,150,1,1065.466796875,593.4705810546875,0.05963035672903061,True,1063.8974609375,596.1439208984375,0.08703961223363876,True,1
cam1,150,2,794.8367309570312,239.63687133789062,0.04455215111374855,True,995.70947265625,609.8814086914062,0.06816905736923218,True,4
cam1,150,3,1460.5467529296875,377.1075744628906,0.041272006928920746,True,711.7512817382812,316.1773681640625,0.05226561799645424,True,5
cam1,150,4,1060.2109375,311.3981018066406,0.03910282254219055,True,797.906005859375,232.02735900878906,0.0471588671207428,True,-1
cam1,150,5,777.015625,371.3636169433594,0.029464876279234886,True,1461.267822265625,381.5845642089844,0.04121049493551254,True,-1
cam1,150,6,334.6355285644531,556.4638061523438,0.02484957128763199,True,964.9476318359375,335.97705078125,0.03767304867506027,True,-1
cam1,150,7,1284.460205078125,101.36954498291016,0.023677624762058258,True,864.4942016601562,274.7825622558594,0.03636148199439049,True,-1
cam1,151,0,726.8800659179688,505.46820068359375,0.8962175846099854,True,727.4979858398438,506.21307373046875,0.9084365963935852,True,0
cam1,151,1,792.8803100585938,245.06781005859375,0.07831523567438126,True,794.0587768554688,243.19070434570312,0.07263319194316864,True,1
cam1,151,2,1460.9766845703125,374.044677734375,0.058076296001672745,True,1064.6458740234375,593.479736328125,0.07090413570404053,True,6
cam1,151,3,1066.360107421875,589.5473022460938,0.05605427920818329,True,1001.39306640625,607.5121459960938,0.06182103604078293,True,2
cam1,151,4,334.8837890625,557.215576171875,0.0409456267952919,True,706.2144165039062,336.87811279296875,0.05146500840783119,True,-1
cam1,151,5,779.109619140625,363.522216796875,0.039674390107393265,True,863.8814697265625,278.97015380859375,0.04450339823961258,True,-1
cam1,151,6,1058.26806640625,310.2796936035156,0.038640331476926804,True,1461.8182373046875,374.72314453125,0.04138893634080887,True,-1
cam1,151,7,308.05926513671875,428.83978271484375,0.034171272069215775,True,1142.680908203125,298.35748291015625,0.03945734724402428,True,-1
cam1,152,0,725.1502075195312,497.0606689453125,0.9036509394645691,True,726.357421875,497.9317321777344,0.9086329936981201,True,0
cam1,152,1,791.1114501953125,244.15731811523438,0.07110094279050827,True,1017.5352783203125,606.1661376953125,0.08891803026199341,True,2
cam1,152,2,1056.3572998046875,602.9051513671875,0.06192956119775772,True,787.3394775390625,252.95724487304688,0.08800952881574631,True,-1
cam1,152,3,1461.484619140625,373.49481201171875,0.05747681111097336,True,700.4117431640625,345.4737243652344,0.049639422446489334,True,-1
cam1,152,4,315.33282470703125,428.4063415527344,0.045312780886888504,True,435.39202880859375,667.271484375,0.04197761416435242,True,-1
cam1,152,5,772.5114135742188,367.24066162109375,0.04323754832148552,True,1143.0382080078125,298.7057800292969,0.039858389645814896,True,-1
cam1,152,6,335.78179931640625,554.13525390625,0.041664399206638336,True,865.2503051757812,283.0127868652344,0.037620026618242264,True,-1
cam1,152,7,1057.5054931640625,306.1939392089844,0.03269466012716293,True,1058.627685546875,308.43914794921875,0.03134714812040329,True,7
cam1,153,0,725.8612060546875,492.429931640625,0.9078989624977112,True,726.0319213867188,492.7828369140625,0.9022504091262817,True,0
cam1,153,1,1462.458251953125,370.930908203125,0.060226920992136,True,788.5593872070312,265.810791015625,0.08462142199277878,True,-1
cam1,153,2,1053.405029296875,601.259765625,0.0541813038289547,True,1027.7252197265625,601.3677368164062,0.07698924094438553,True,-1
cam1,153,3,727.3143310546875,275.76025390625,0.05069097504019737,True,701.9619140625,346.40625,0.047534409910440445,True,-1
cam1,153,4,765.839599609375,368.52813720703125,0.04379666596651077,True,839.1324462890625,140.68115234375,0.041293781250715256,True,-1
cam1,153,5,794.912353515625,244.16334533691406,0.04313773661851883,True,431.6853942871094,666.76220703125,0.04036400467157364,True,-1
cam1,153,6,457.84283447265625,406.5917663574219,0.03790418803691864,True,1146.0078125,299.8123474121094,0.03932138904929161,True,-1
cam1,153,7,903.196533203125,498.8421936035156,0.03494293987751007,True,1145.1219482421875,199.32711791992188,0.030402319505810738,True,-1
cam1,154,0,719.1182861328125,492.57366943359375,0.919274628162384,True,717.7012329101562,493.0888366699219,0.8899487257003784,True,0
cam1,154,1,725.847900390625,280.40850830078125,0.03573891893029213,True,742.3414306640625,378.8485412597656,0.1037265956401825,True,-1
cam1,154,2,765.4802856445312,353.4388427734375,0.033195339143276215,True,1057.364501953125,588.884033203125,0.04974442347884178,True,-1
cam1,154,3,1057.233154296875,589.1217041015625,0.033110156655311584,True,1147.1461181640625,196.02590942382812,0.04157765582203865,True,2
cam1,154,4,1393.569580078125,434.17333984375,0.027233906090259552,True,1008.8260498046875,97.84481811523438,0.0405910424888134,True,-1
cam1,154,5,1147.3040771484375,192.86624145507812,0.02535232901573181,True,983.1553344726562,606.8783569335938,0.039425358176231384,True,3
cam1,154,6,981.23974609375,605.6845703125,0.021444309502840042,True,889.8341674804688,337.7474670410156,0.0330752395093441,True,5
cam1,154,7,1055.4722900390625,666.1747436523438,0.020090365782380104,True,1146.1636962890625,296.1722412109375,0.03132069855928421,True,-1
cam1,155,0,719.8399658203125,488.2550048828125,0.9287946820259094,True,719.3231811523438,489.21868896484375,0.9094908833503723,True,0
cam1,155,1,766.9296264648438,349.4230651855469,0.03509731963276863,True,742.330322265625,383.0397033691406,0.10646271705627441,True,-1
cam1,155,2,1147.9171142578125,193.4390869140625,0.028746353462338448,True,1383.754150390625,428.5545654296875,0.055976320058107376,True,5
cam1,155,3,1386.3138427734375,429.1565246582031,0.0278026070445776,True,1017.2677001953125,104.68937683105469,0.05450718104839325,True,2
cam1,155,4,1057.053466796875,583.162109375,0.025576910004019737,True,1054.6400146484375,586.9389038085938,0.05139154940843582,True,4
cam1,155,5,1010.6329345703125,618.8308715820312,0.020114708691835403,True,1147.4759521484375,195.35926818847656,0.044844962656497955,True,-1
cam1,155,6,766.8250732421875,270.6365661621094,0.018981290981173515,True,988.2228393554688,605.9483642578125,0.04210080951452255,True,-1
cam1,155,7,0.0,1078.5,0.017961036413908005,True,881.198974609375,338.7147521972656,0.029995182529091835,True,-1
cam1,156,0,717.566162109375,489.0202331542969,0.9127058982849121,True,717.7195434570312,489.91949462890625,0.8936075568199158,True,0
cam1,156,1,764.0184936523438,352.53143310546875,0.04225634038448334,True,741.1156005859375,384.94647216796875,0.13251565396785736,True,-1
cam1,156,2,1053.3106689453125,586.3519287109375,0.025898125022649765,True,1054.1663818359375,589.9724731445312,0.05844451114535332,True,2
cam1,156,3,773.56298828125,274.9436950683594,0.025726957246661186,True,1382.467041015625,427.3086853027344,0.056993115693330765,True,-1
cam1,156,4,1009.6602172851562,618.8949584960938,0.025555245578289032,True,1039.1536865234375,101.6490478515625,0.05570864677429199,True,5
cam1,156,5,1148.464111328125,192.35971069335938,0.024716615676879883,True,1014.1884765625,617.9287109375,0.051802363246679306,True,6
cam1,156,6,1387.8489990234375,427.4726867675781,0.024676650762557983,True,1147.05029296875,194.5238037109375,0.04251135140657425,True,3
cam1,156,7,1466.7125244140625,377.54205322265625,0.01747097820043564,True,849.535400390625,501.5058288574219,0.02725987695157528,True,-1
cam1,157,0,715.4124755859375,484.3244323730469,0.92433762550354,True,713.486328125,483.77130126953125,0.9007290005683899,True,0
cam1,157,1,766.1976928710938,360.8074645996094,0.0628325492143631,True,738.3853149414062,384.1607971191406,0.19701693952083588,True,-1
cam1,157,2,777.9019165039062,278.32421875,0.038673121482133865,True,1051.71533203125,592.0757446289062,0.058521222323179245,True,6
cam1,157,3,1010.763671875,611.2203979492188,0.0360710471868515,True,1039.6826171875,102.79815673828125,0.04956686869263649,True,-1
cam1,157,4,1053.277587890625,590.7060546875,0.033486753702163696,True,1131.669677734375,186.22547912597656,0.04647789150476456,True,2
cam1,157,5,850.7908325195312,353.3214416503906,0.02388370782136917,True,1378.0555419921875,425.2742004394531,0.044854748994112015,True,-1
cam1,157,6,1148.1585693359375,193.24232482910156,0.019460223615169525,True,782.2608642578125,275.1453857421875,0.03166606277227402,True,4
cam1,157,7,243.4139862060547,382.7514953613281,0.016720430925488472,True,614.908447265625,524.6695556640625,0.029407860711216927,True,-1
cam1,158,0,712.7152709960938,477.9747009277344,0.925563395023346,True,712.3772583007812,477.7501525878906,0.8947537541389465,True,0
cam1,158,1,778.7960815429688,279.0688171386719,0.04476776719093323,True,734.809326171875,380.3048400878906,0.14457449316978455,True,5
cam1,158,2,845.0881958007812,352.8697509765625,0.03379489853978157,True,1053.98193359375,579.4501953125,0.06446418166160583,True,-1
cam1,158,3,767.550537109375,365.2378845214844,0.033793460577726364,True,980.528076171875,599.7577514648438,0.05590933561325073,True,-1
cam1,158,4,1052.7919921875,576.0485229492188,0.032942596822977066,True,1208.607666015625,215.56771850585938,0.03676050156354904,True,2
cam1,158,5,1000.2554321289062,604.72265625,0.03268887475132942,True,784.1082763671875,276.9407958984375,0.0299721397459507,True,-1
cam1,158,6,379.54486083984375,387.49761962890625,0.023390881717205048,True,1458.2825927734375,373.784423828125,0.028753181919455528,True,7
cam1,158,7,0.0,1078.5,0.017255419865250587,True,374.24365234375,390.2424011230469,0.02735130302608013,True,-1
cam1,159,0,711.2938842773438,477.4581604003906,0.934496283531189,True,711.23828125,477.32977294921875,0.9024115204811096,True,0
cam1,159,1,775.7241821289062,274.0812683105469,0.06942018866539001,True,733.0091552734375,377.7201232910156,0.11541038006544113,True,-1
cam1,159,2,776.5751342773438,359.5368347167969,0.0432589016854763,True,982.97802734375,598.4955444335938,0.06222645565867424,True,-1
cam1,159,3,846.36083984375,356.053955078125,0.03686676546931267,True,1040.143310546875,618.2687377929688,0.05295379087328911,True,-1
cam1,159,4,372.9102478027344,391.60894775390625,0.033549923449754715,True,1050.893798828125,574.5490112304688,0.04841962084174156,True,7
cam1,159,5,982.4215698242188,598.2515258789062,0.032669857144355774,True,1210.8909912109375,216.72055053710938,0.03660673648118973,True,2
cam1,159,6,1052.0899658203125,572.3631591796875,0.03022904321551323,True,1460.2548828125,373.8919372558594,0.03550086170434952,True,4
cam1,159,7,774.3994140625,190.2468719482422,0.025589559227228165,True,368.9611511230469,393.2556457519531,0.03354692459106445,True,-1
cam1,160,0,709.9757690429688,476.9915466308594,0.9270221590995789,True,711.09765625,475.4611511230469,0.9035771489143372,True,0
cam1,160,1,777.7154541015625,274.79656982421875,0.05838172882795334,True,728.3065185546875,367.76513671875,0.09233330190181732,True,-1
cam1,160,2,780.51904296875,353.0538635253906,0.03699622303247452,True,978.2827758789062,595.6044311523438,0.053054627031087875,True,-1
cam1,160,3,249.906005859375,381.69903564453125,0.03424016386270523,True,1050.693603515625,604.2952270507812,0.043073128908872604,True,5
cam1,160,4,776.8528442382812,191.61488342285156,0.03415544703602791,True,1464.390869140625,376.1440124511719,0.042294248938560486,True,-1
cam1,160,5,1008.2911987304688,601.98828125,0.033585380762815475,True,250.3776397705078,381.3693542480469,0.03276180475950241,True,-1
cam1,160,6,1025.6959228515625,549.9967041015625,0.032940514385700226,True,371.33758544921875,391.8004455566406,0.03267177566885948,True,-1
cam1,160,7,375.5393981933594,388.0585632324219,0.03214602917432785,True,1091.9530029296875,206.55068969726562,0.030512375757098198,True,6
cam1,161,0,707.7335205078125,476.59051513671875,0.9262346625328064,True,706.4216918945312,475.4018859863281,0.8996391892433167,True,0
cam1,161,1,784.3700561523438,192.9181671142578,0.0591130293905735,True,727.79345703125,366.5538024902344,0.10365843027830124,True,5
cam1,161,2,1012.9647827148438,594.940673828125,0.04692797735333443,True,1014.30078125,594.0020141601562,0.07296966761350632,True,2
cam1,161,3,780.7110595703125,273.928466796875,0.04506224766373634,True,1464.1495361328125,373.0591125488281,0.050606418401002884,True,-1
cam1,161,4,250.95323181152344,380.04290771484375,0.04413825646042824,True,554.2130737304688,308.0047607421875,0.04400719702243805,True,-1
cam1,161,5,1029.0986328125,549.4807739257812,0.036451224237680435,True,802.9075317382812,193.78399658203125,0.043275367468595505,True,-1
cam1,161,6,773.06103515625,347.00933837890625,0.0349939689040184,True,1406.063232421875,698.0785522460938,0.04290188476443291,True,-1
cam1,161,7,374.2743225097656,380.05340576171875,0.02396896481513977,True,351.7237243652344,384.39739990234375,0.04109623655676842,True,-1
cam1,162,0,709.3550415039062,474.025146484375,0.9309640526771545,True,704.5082397460938,475.3940734863281,0.8676024079322815,True,0
cam1,162,1,785.40771484375,188.74716186523438,0.05290780961513519,True,725.5680541992188,364.1044616699219,0.22357706725597382,True,-1
cam1,162,2,1042.373291015625,589.0789794921875,0.043996743857860565,True,1038.619384765625,653.7275390625,0.08237028867006302,True,3
cam1,162,3,1093.0377197265625,306.3603210449219,0.02888069488108158,True,1043.147216796875,594.2467041015625,0.07293717563152313,True,-1
cam1,162,4,854.7662963867188,346.1440734863281,0.021173929795622826,True,348.1546936035156,379.4787902832031,0.05265822261571884,True,-1
cam1,162,5,980.634033203125,414.63995361328125,0.020790917798876762,True,480.42083740234375,731.2579345703125,0.04651990905404091,True,-1
cam1,162,6,1117.9757080078125,530.2359619140625,0.020449085161089897,True,1121.2169189453125,532.2152099609375,0.046423811465501785,True,6
cam1,162,7,529.85595703125,304.6635437011719,0.019193578511476517,True,1359.4114990234375,186.43910217285156,0.03775709867477417,True,-1
cam1,163,0,706.5236206054688,474.70025634765625,0.9305167198181152,True,704.7098388671875,474.649658203125,0.8865246176719666,True,0
cam1,163,1,794.593017578125,216.03033447265625,0.05251054838299751,True,726.547119140625,365.6251525878906,0.13052688539028168,True,-1
cam1,163,2,1043.3782958984375,589.5462646484375,0.03954150527715683,True,1041.9681396484375,658.454833984375,0.07606159150600433,True,-1
cam1,163,3,334.460205078125,566.0514526367188,0.032307133078575134,True,342.307861328125,376.7209167480469,0.059180401265621185,True,5
cam1,163,4,1092.6849365234375,300.61456298828125,0.02786586992442608,True,1123.586181640625,530.6686401367188,0.05392057076096535,True,-1
cam1,163,5,845.6568603515625,353.9487609863281,0.024877116084098816,True,336.2003479003906,559.0401000976562,0.05157841742038727,True,-1
cam1,163,6,305.72930908203125,399.5216064453125,0.024274148046970367,True,428.4003601074219,655.6376953125,0.04403514042496681,True,-1
cam1,163,7,1120.0118408203125,530.0498046875,0.024161940440535545,True,907.4002075195312,497.9039306640625,0.042569324374198914,True,4
cam1,164,0,704.1827392578125,473.9129638671875,0.9188146591186523,True,707.0994262695312,477.8279724121094,0.866190493106842,True,0
cam1,164,1,810.766357421875,223.74781799316406,0.06941567361354828,True,731.5333251953125,365.1181335449219,0.12340203672647476,True,-1
cam1,164,2,334.969970703125,556.884521484375,0.054503992199897766,True,336.9844970703125,560.0261840820312,0.08072566241025925,True,2
cam1,164,3,1048.0242919921875,590.9439086914062,0.03889802098274231,True,1043.3978271484375,663.0029907226562,0.07392177730798721,True,4
cam1,164,4,1039.2935791015625,663.8021850585938,0.03347155079245567,True,1047.064697265625,595.248046875,0.06327565759420395,True,3
cam1,164,5,995.0123291015625,604.8846435546875,0.03333590179681778,True,344.0029602050781,379.2395935058594,0.054246462881565094,True,6
cam1,164,6,303.74761962890625,400.19989013671875,0.033231738954782486,True,991.5027465820312,603.8317260742188,0.052082616835832596,True,-1
cam1,164,7,254.373779296875,380.97137451171875,0.030535610392689705,True,1357.282958984375,186.5728759765625,0.04967597499489784,True,-1
cam1,165,0,703.7372436523438,471.8553771972656,0.9229002594947815,True,703.3641357421875,473.3101501464844,0.8802839517593384,True,0
cam1,165,1,805.1378784179688,218.36526489257812,0.05873142182826996,True,736.041748046875,370.7771301269531,0.134735107421875,True,-1
cam1,165,2,336.26141357421875,560.3374633789062,0.057608749717473984,True,336.4873046875,560.9854125976562,0.08653023093938828,True,2
cam1,165,3,1044.19873046875,666.5555419921875,0.04922310635447502,True,996.56689453125,599.0833740234375,0.08531113713979721,True,4
cam1,165,4,994.8583374023438,595.1470336914062,0.0482044592499733,True,1045.6644287109375,662.8119506835938,0.08463854342699051,True,3
cam1,165,5,1041.80419921875,579.5072631835938,0.043311264365911484,True,1040.72119140625,583.1004638671875,0.07087517529726028,True,5
cam1,165,6,766.3836059570312,346.3572692871094,0.02774938754737377,True,1137.164794921875,530.69873046875,0.05181607976555824,True,-1
cam1,165,7,248.7926025390625,380.99945068359375,0.02725978195667267,True,1038.091064453125,97.98536682128906,0.04793522134423256,True,-1
cam1,166,0,698.1250610351562,473.904296875,0.8961775302886963,True,699.31201171875,478.80169677734375,0.8617952466011047,True,0
cam1,166,1,1046.26025390625,660.4227294921875,0.12055018544197083,True,1046.2373046875,657.9859619140625,0.16105081140995026,True,1
cam1,166,2,771.2073974609375,261.7447509765625,0.054504603147506714,True,766.255126953125,517.326171875,0.1416696310043335,True,-1
cam1,166,3,708.9510498046875,179.9143524169922,0.04805629327893257,True,1135.564453125,536.7410888671875,0.09588854759931564,True,-1
cam1,166,4,1040.6466064453125,577.8745727539062,0.04667859524488449,True,991.4606323242188,595.3068237304688,0.0645371749997139,True,5
cam1,166,5,996.8865356445312,594.8029174804688,0.043185994029045105,True,1042.6610107421875,580.8955688476562,0.06164931133389473,True,4
cam1,166,6,334.5381164550781,568.49609375,0.04203468933701515,True,421.1667175292969,646.3380737304688,0.05782774090766907,True,-1
cam1,166,7,248.07244873046875,380.3885803222656,0.027688032016158104,True,862.2365112304688,500.7186584472656,0.03884846717119217,True,-1
cam1,167,0,696.8816528320312,478.6152038574219,0.8809933662414551,True,698.5325927734375,479.0741882324219,0.8697004914283752,True,0
cam1,167,1,1051.1181640625,668.2191772460938,0.11309662461280823,True,1048.1729736328125,664.6901245117188,0.1502271294593811,True,1
cam1,167,2,775.234619140625,512.65087890625,0.09168628603219986,True,768.510498046875,518.0347290039062,0.12537463009357452,True,2
cam1,167,3,333.84197998046875,574.0709228515625,0.07465492933988571,True,1140.7745361328125,534.41796875,0.11336402595043182,True,4
cam1,167,4,771.910888671875,267.7601318359375,0.05992346256971359,True,335.3114318847656,573.5393676757812,0.07018006592988968,True,-1
cam1,167,5,717.06201171875,178.74603271484375,0.03937354311347008,True,423.3262634277344,646.5184326171875,0.06615126878023148,True,-1
cam1,167,6,249.6743927001953,385.2512512207031,0.0370454415678978,True,780.8675537109375,83.2125015258789,0.0629596933722496,True,-1
cam1,167,7,1033.7213134765625,574.061767578125,0.03568148612976074,True,1355.3707275390625,184.50521850585938,0.05321413278579712,True,-1
cam1,168,0,696.9855346679688,478.7909240722656,0.862293004989624,True,696.3659057617188,479.23291015625,0.853888750076294,True,0
cam1,168,1,789.2753295898438,508.5035705566406,0.1319909393787384,True,1048.0087890625,665.4924926757812,0.12471365928649902,True,-1
cam1,168,2,1049.47216796875,666.0723266601562,0.0952487587928772,True,1139.002197265625,527.5237426757812,0.10426552593708038,True,1
cam1,168,3,336.10858154296875,572.1170043945312,0.0704231858253479,True,767.3092041015625,517.6776123046875,0.10002323985099792,True,5
cam1,168,4,772.1725463867188,274.47467041015625,0.0673077329993248,True,424.0888977050781,648.8277587890625,0.09761561453342438,True,-1
cam1,168,5,249.59600830078125,385.9649963378906,0.04695698991417885,True,335.7618713378906,569.40234375,0.07176283746957779,True,-1
cam1,168,6,1028.7291259765625,574.7431640625,0.03812960162758827,True,781.8067626953125,80.17436981201172,0.06143992394208908,True,-1
cam1,168,7,732.2568359375,179.97972106933594,0.03480435907840729,True,1349.3968505859375,187.45211791992188,0.06027925759553909,True,-1
cam1,169,0,697.621337890625,472.07513427734375,0.8531068563461304,True,696.77392578125,478.8100891113281,0.8440036773681641,True,0
cam1,169,1,806.6229248046875,510.0489807128906,0.20701970160007477,True,1046.736572265625,662.7813720703125,0.1779824197292328,True,-1
cam1,169,2,1049.4637451171875,664.4090576171875,0.11388835310935974,True,1138.5701904296875,527.8035278320312,0.09450402110815048,True,1
cam1,169,3,772.3289794921875,276.77862548828125,0.07060275971889496,True,426.1378173828125,646.89208984375,0.08650065213441849,True,-1
cam1,169,4,330.6396179199219,569.2088623046875,0.06412189453840256,True,996.9380493164062,592.7349243164062,0.07347952574491501,True,-1
cam1,169,5,1552.657958984375,654.0404663085938,0.045170433819293976,True,1458.841064453125,683.1458129882812,0.07057467103004456,True,-1
cam1,169,6,1037.0423583984375,553.543212890625,0.043677203357219696,True,918.597900390625,493.4970703125,0.06338343769311905,True,7
cam1,169,7,999.5747680664062,591.8133544921875,0.0402492955327034,True,1036.5087890625,554.1790161132812,0.05994296073913574,True,4
cam1,170,0,687.2750244140625,467.4225769042969,0.8684666752815247,True,690.0211181640625,471.2937316894531,0.7587748169898987,True,0
cam1,170,1,1016.3770141601562,432.06976318359375,0.16560375690460205,True,1019.3682250976562,433.5050964355469,0.19190475344657898,True,1
cam1,170,2,1048.6036376953125,666.2015380859375,0.16078050434589386,True,1049.0750732421875,666.1053466796875,0.18109197914600372,True,2
cam1,170,3,810.9623413085938,507.4320983886719,0.10900315642356873,True,1460.2645263671875,370.78839111328125,0.17626379430294037,True,-1
cam1,170,4,479.6613464355469,528.473876953125,0.07319808006286621,True,718.4190063476562,390.89703369140625,0.1332153081893921,True,-1
cam1,170,5,772.0195922851562,305.6710205078125,0.06407681107521057,True,924.3638916015625,498.3731384277344,0.10532919317483902,True,-1
cam1,170,6,1002.5056762695312,535.1851196289062,0.061143312603235245,True,999.0235595703125,224.666015625,0.10403680056333542,True,-1
cam1,170,7,840.7782592773438,358.59356689453125,0.05926806107163429,True,774.1499633789062,517.7177124023438,0.10353649407625198,True,-1
cam1,171,0,690.9195556640625,466.92840576171875,0.842113196849823,True,687.5291137695312,474.8163757324219,0.6993774175643921,True,0
cam1,171,1,1013.6351928710938,433.21551513671875,0.17410466074943542,True,1015.8531494140625,433.58087158203125,0.2101159542798996,True,1
cam1,171,2,1047.54736328125,658.16259765625,0.16975095868110657,True,1048.7349853515625,661.8572387695312,0.1915625035762787,True,2
cam1,171,3,812.4038696289062,508.90875244140625,0.10788006335496902,True,1458.9508056640625,369.25433349609375,0.1340521275997162,True,-1
cam1,171,4,485.4930725097656,528.2734375,0.08942339569330215,True,713.8687133789062,392.0855712890625,0.1195439025759697,True,-1
cam1,171,5,1030.87890625,559.452392578125,0.0632946714758873,True,925.1112670898438,498.02593994140625,0.11782163381576538,True,-1
cam1,171,6,263.7439880371094,381.3836975097656,0.05884644761681557,True,773.5256958007812,518.7975463867188,0.10185041278600693,True,-1
cam1,171,7,1002.3529663085938,211.8929443359375,0.05618111416697502,True,1001.7315063476562,220.4543914794922,0.0915428176522255,True,7
cam1,172,0,699.60791015625,474.2447204589844,0.8199779391288757,True,691.4840087890625,479.2975769042969,0.6444796919822693,True,0
cam1,172,1,1012.2334594726562,425.5611877441406,0.21564704179763794,True,1013.0997924804688,427.6567687988281,0.22424396872520447,True,1
cam1,172,2,1052.2200927734375,663.4537963867188,0.15365765988826752,True,1051.395263671875,661.7152099609375,0.21706704795360565,True,2
cam1,172,3,820.3094482421875,507.84991455078125,0.11720599979162216,True,706.0206298828125,399.1600341796875,0.1276860237121582,True,-1
cam1,172,4,488.9107360839844,525.3504028320312,0.09198176860809326,True,1460.3748779296875,369.5711669921875,0.12369247525930405,True,7
cam1,172,5,966.6795043945312,496.0757751464844,0.08397076278924942,True,925.8206787109375,497.9154052734375,0.10896746814250946,True,-1
cam1,172,6,264.54876708984375,379.891357421875,0.07097605615854263,True,1001.4409790039062,215.4722137451172,0.10358176380395889,True,-1
cam1,172,7,1030.0343017578125,564.0343017578125,0.0573120079934597,True,485.69891357421875,527.4962158203125,0.08704406023025513,True,-1
cam1,173,0,690.4375610351562,469.84100341796875,0.814502477645874,True,689.356689453125,474.9179382324219,0.600266695022583,True,0
cam1,173,1,1007.4226684570312,427.89544677734375,0.22032096982002258,True,710.4305419921875,395.2813415527344,0.25082701444625854,True,2
cam1,173,2,1050.823974609375,662.538818359375,0.14860902726650238,True,1005.6846313476562,427.4412841796875,0.2047104835510254,True,3
cam1,173,3,819.6589965820312,505.950439453125,0.10978229343891144,True,1044.5146484375,657.2593383789062,0.19935636222362518,True,-1
cam1,173,4,970.685546875,493.9483642578125,0.0942743793129921,True,1463.78857421875,368.5784606933594,0.1531490534543991,True,5
cam1,173,5,490.966064453125,524.2391967773438,0.09247412532567978,True,965.80859375,494.9337463378906,0.13075420260429382,True,-1
cam1,173,6,698.6023559570312,378.0662841796875,0.079967200756073,True,769.9313354492188,516.3555908203125,0.11599050462245941,True,-1
cam1,173,7,1025.281005859375,565.1121826171875,0.0656537115573883,True,1002.124755859375,219.9860076904297,0.0953390970826149,True,-1
cam1,174,0,686.50927734375,463.27655029296875,0.7134669423103333,True,732.3516235351562,413.54296875,0.5008338689804077,True,1
cam1,174,1,968.8762817382812,488.8070983886719,0.12338827550411224,True,681.4871215820312,472.6302490234375,0.43142905831336975,True,2
cam1,174,2,1010.412353515625,430.0115661621094,0.1084846779704094,True,964.389892578125,486.3539733886719,0.26856473088264465,True,7
cam1,174,3,1386.4814453125,428.5236511230469,0.10531521588563919,True,1465.7781982421875,366.8196716308594,0.1570257991552353,True,-1
cam1,174,4,1011.0623168945312,619.080078125,0.08201660960912704,True,767.3549194335938,514.7349243164062,0.1424209177494049,True,-1
cam1,174,5,698.884033203125,379.1220703125,0.0677841454744339,True,704.938232421875,557.390625,0.1227528527379036,True,-1
cam1,174,6,840.5753173828125,353.3641662597656,0.06727345287799835,True,1072.686279296875,397.3404846191406,0.11036185175180435,True,-1
cam1,174,7,496.91766357421875,526.2027587890625,0.0661790668964386,True,1011.0144653320312,429.4298095703125,0.10318697988986969,True,-1
cam1,175,0,691.0906982421875,464.6960144042969,0.6898127794265747,True,730.4773559570312,419.3835144042969,0.5942127108573914,True,1
cam1,175,1,965.0087280273438,488.9651184082031,0.15286143124103546,True,680.2820434570312,478.864501953125,0.3799627423286438,True,2
cam1,175,2,1383.9915771484375,427.9210510253906,0.13166846334934235,True,956.0052490234375,485.2751770019531,0.3243454098701477,True,-1
cam1,175,3,1009.6276245117188,435.7188720703125,0.10437595844268799,True,703.8628540039062,557.8523559570312,0.24369512498378754,True,-1
cam1,175,4,1022.2028198242188,625.1456909179688,0.0875207856297493,True,1070.580322265625,390.3408508300781,0.1429559886455536,True,-1
cam1,175,5,1022.6717529296875,566.2342529296875,0.0787513330578804,True,1466.954345703125,367.0210266113281,0.11182820051908493,True,7
cam1,175,6,575.2186889648438,491.0992126464844,0.07445793598890305,True,575.4252319335938,487.728515625,0.09077247977256775,True,6
cam1,175,7,840.3253784179688,357.6397399902344,0.07312600314617157,True,1020.7973022460938,565.2418823242188,0.0892779529094696,True,-1
cam1,176,0,691.5570068359375,466.0121765136719,0.6849105358123779,True,733.0256958007812,423.774169921875,0.4443821907043457,True,-1
cam1,176,1,1389.9315185546875,428.5257568359375,0.1302708387374878,True,701.0814819335938,560.1685791015625,0.2850308418273926,True,-1
cam1,176,2,963.7427368164062,488.92138671875,0.12013287842273712,True,954.8491821289062,479.957275390625,0.2752130329608917,True,2
cam1,176,3,566.7597045898438,491.50836181640625,0.10125109553337097,True,1067.895751953125,380.3867492675781,0.1657366305589676,True,4
cam1,176,4,1000.771728515625,430.20977783203125,0.09934865683317184,True,569.4507446289062,488.5675964355469,0.10192624479532242,True,-1
cam1,176,5,707.8707885742188,553.3294677734375,0.09644859284162521,True,1024.3114013671875,564.556396484375,0.09493860602378845,True,1
cam1,176,6,1023.8150024414062,567.356689453125,0.08280682563781738,True,956.1903076171875,576.6492309570312,0.09420596063137054,True,5
cam1,176,7,1027.5513916015625,636.19189453125,0.07258392870426178,True,1466.157470703125,345.67138671875,0.08719837665557861,True,-1
cam1,177,0,685.5597534179688,462.742431640625,0.7101092338562012,True,684.1179809570312,479.3882141113281,0.4897913932800293,True,0
cam1,177,1,1389.78955078125,427.32574462890625,0.13401834666728973,True,737.3212890625,424.8509521484375,0.39796319603919983,True,-1
cam1,177,2,564.1593627929688,488.2682189941406,0.11070331186056137,True,953.63232421875,486.6671447753906,0.2313646674156189,True,-1
cam1,177,3,1024.69677734375,563.5831909179688,0.09987932443618774,True,700.6436767578125,560.7459106445312,0.2076292186975479,True,6
cam1,177,4,817.748046875,380.2463684082031,0.09927787631750107,True,1063.3463134765625,370.7059326171875,0.15826453268527985,True,-1
cam1,177,5,960.4140014648438,491.3759765625,0.08614188432693481,True,956.2061157226562,574.6842041015625,0.11348293721675873,True,2
cam1,177,6,1038.3106689453125,662.2515869140625,0.08234531432390213,True,1024.76953125,561.5831298828125,0.10547192394733429,True,-1
cam1,177,7,700.8388061523438,558.9251098632812,0.08061351627111435,True,1471.5987548828125,329.2641906738281,0.1013808473944664,True,3
cam1,178,0,685.8997192382812,462.7375793457031,0.8630973696708679,True,688.67138671875,464.861328125,0.7928207516670227,True,0
cam1,178,1,1025.545166015625,563.5637817382812,0.07509218156337738,True,1231.969970703125,249.30616760253906,0.10645674914121628,True,2
cam1,178,2,1524.50390625,426.9844055175781,0.06467696279287338,True,1024.82861328125,566.6556396484375,0.09945765882730484,True,-1
cam1,178,3,1013.1298217773438,276.9787902832031,0.05166579782962799,True,865.2451171875,277.4606628417969,0.0907735526561737,True,-1
cam1,178,4,1038.676513671875,663.9588623046875,0.0496075339615345,True,955.5077514648438,575.69775390625,0.07102123647928238,True,-1
cam1,178,5,251.3341522216797,381.3472900390625,0.047777194529771805,True,702.5171508789062,563.0597534179688,0.063608817756176,True,-1
cam1,178,6,819.5083618164062,375.425048828125,0.04606381431221962,True,705.3916015625,243.93206787109375,0.05810871720314026,True,-1
cam1,178,7,541.2404174804688,428.9127197265625,0.043617792427539825,True,826.3240966796875,99.960693359375,0.04970889911055565,True,-1
cam1,179,0,689.38330078125,460.96728515625,0.8869001269340515,True,692.1321411132812,463.8700866699219,0.8358632922172546,True,0
cam1,179,1,1012.5482177734375,276.5494689941406,0.06719731539487839,True,1236.756591796875,246.87161254882812,0.14045730233192444,True,-1
cam1,179,2,248.3688201904297,380.9790954589844,0.056327562779188156,True,983.771240234375,521.5117797851562,0.09123654663562775,True,-1
cam1,179,3,1030.9403076171875,651.4547729492188,0.05596740171313286,True,862.6509399414062,281.3928527832031,0.08065985143184662,True,-1
cam1,179,4,985.4925537109375,524.3491821289062,0.05317184329032898,True,830.40625,108.70054626464844,0.07864607125520706,True,2
cam1,179,5,1021.7716064453125,563.767578125,0.052811071276664734,True,1022.2667236328125,567.5343017578125,0.07123564183712006,True,5
cam1,179,6,817.434326171875,368.857421875,0.04761466756463051,True,1072.795166015625,183.76116943359375,0.061064064502716064,True,-1
cam1,179,7,540.3148193359375,429.3011474609375,0.04754018411040306,True,704.4059448242188,565.3245239257812,0.056998010724782944,True,-1
cam1,180,0,695.1438598632812,460.2078552246094,0.8999220132827759,True,696.0670166015625,463.40447998046875,0.856508195400238,True,0
cam1,180,1,1030.1851806640625,658.4138793945312,0.07125645130872726,True,1235.658203125,246.01901245117188,0.12128034234046936,True,6
cam1,180,2,1446.00537109375,425.59991455078125,0.07109087705612183,True,981.1851196289062,517.0220336914062,0.10399903357028961,True,-1
cam1,180,3,541.0755004882812,425.79180908203125,0.06417370587587357,True,865.0383911132812,277.50030517578125,0.10030366480350494,True,-1
cam1,180,4,816.0947875976562,372.75274658203125,0.05855869501829147,True,826.1063842773438,109.40126037597656,0.06149895489215851,True,-1
cam1,180,5,250.46762084960938,384.4169616699219,0.058061547577381134,True,709.5653686523438,561.5150756835938,0.0590413399040699,True,-1
cam1,180,6,1012.8651733398438,275.44769287109375,0.05600644275546074,True,1030.9674072265625,660.275146484375,0.05195344612002373,True,-1
cam1,180,7,981.6001586914062,517.0828247070312,0.05422740802168846,True,782.3878784179688,284.74725341796875,0.04324290156364441,True,2
cam1,181,0,700.7942504882812,461.5122375488281,0.886873185634613,True,699.382080078125,464.4690856933594,0.8663427233695984,True,0
cam1,181,1,1448.6495361328125,424.6018981933594,0.08819980919361115,True,983.0131225585938,515.8077392578125,0.1054554134607315,True,-1
cam1,181,2,542.401123046875,427.5724182128906,0.07646214216947556,True,1241.513671875,244.88140869140625,0.10530366748571396,True,-1
cam1,181,3,1025.1036376953125,661.8533935546875,0.07368972152471542,True,858.385009765625,276.86199951171875,0.08991550654172897,True,6
cam1,181,4,982.3603515625,515.1162719726562,0.0534413680434227,True,825.2752685546875,111.09379577636719,0.07252468168735504,True,1
cam1,181,5,766.8268432617188,313.7044982910156,0.052871331572532654,True,957.511962890625,571.0755615234375,0.0674077495932579,True,-1
cam1,181,6,807.5442504882812,373.2649230957031,0.05269232019782066,True,1025.9986572265625,661.4866333007812,0.06010395660996437,True,-1
cam1,181,7,253.43727111816406,382.112060546875,0.047434575855731964,True,787.2931518554688,289.3083801269531,0.05088960751891136,True,-1
cam1,182,0,703.04833984375,461.8032531738281,0.9074178338050842,True,704.2449951171875,463.89288330078125,0.887049674987793,True,0
cam1,182,1,839.10205078125,361.5769958496094,0.02624683640897274,True,915.2199096679688,497.38494873046875,0.06518086791038513,True,-1
cam1,182,2,770.8002319335938,309.4295349121094,0.024987608194351196,True,982.4290161132812,516.9459838867188,0.048490259796381,True,-1
cam1,182,3,787.3834838867188,180.90081787109375,0.021830549463629723,True,858.5584716796875,274.8429870605469,0.042506780475378036,True,4
cam1,182,4,1024.48876953125,657.161376953125,0.021739352494478226,True,788.4794311523438,170.90122985839844,0.036379825323820114,True,5
cam1,182,5,0.0,1078.5,0.01871236227452755,True,1024.6103515625,655.780517578125,0.028276551514863968,True,-1
cam1,182,6,1918.4998779296875,1078.5,0.018526168540120125,True,333.4170837402344,394.3838195800781,0.027022162452340126,True,-1
cam1,182,7,1001.5807495117188,543.3995361328125,0.017371268942952156,True,905.3157348632812,337.4341735839844,0.024673543870449066,True,-1
cam1,183,0,709.0650634765625,460.4722595214844,0.9358924627304077,True,709.64111328125,462.5824279785156,0.9020484089851379,True,0
cam1,183,1,787.2263793945312,177.60403442382812,0.04635009914636612,True,917.6110229492188,498.1832275390625,0.09696847945451736,True,2
cam1,183,2,840.446044921875,362.7279052734375,0.02766011655330658,True,786.2728271484375,172.28579711914062,0.05048053711652756,True,-1
cam1,183,3,330.0392761230469,394.3133544921875,0.020781857892870903,True,999.3604125976562,539.6755981445312,0.04222779721021652,True,4
cam1,183,4,1010.3170776367188,557.7435913085938,0.02020142413675785,True,332.67779541015625,390.3388366699219,0.04214008152484894,True,-1
cam1,183,5,1918.4998779296875,0.0,0.017513372004032135,True,863.17431640625,275.5672912597656,0.02312982641160488,True,-1
cam1,183,6,772.1142578125,322.6632995605469,0.017360543832182884,True,1004.0338134765625,429.3152160644531,0.02312980405986309,True,-1
cam1,183,7,1918.4998779296875,1078.5,0.017255451530218124,True,1217.847900390625,103.01973724365234,0.020900564268231392,True,-1
cam1,184,0,714.8123168945312,458.1141357421875,0.9223001003265381,True,714.3513793945312,458.4037170410156,0.8886862397193909,True,0
cam1,184,1,785.7490844726562,180.24652099609375,0.060363538563251495,True,916.8974609375,499.8472900390625,0.12797196209430695,True,3
cam1,184,2,334.1416015625,399.62530517578125,0.0314796082675457,True,334.1826477050781,398.5763244628906,0.05171842500567436,True,2
cam1,184,3,838.9927368164062,358.4595642089844,0.028802338987588882,True,785.3381958007812,178.5576171875,0.04541857913136482,True,-1
cam1,184,4,992.86572265625,533.5642700195312,0.022002123296260834,True,1000.6199951171875,425.99371337890625,0.024129098281264305,True,-1
cam1,184,5,1754.843994140625,380.53631591796875,0.020897988229990005,True,1206.8560791015625,101.85618591308594,0.022924350574612617,True,-1
cam1,184,6,1918.4998779296875,9.026447296142578,0.01740097813308239,True,1071.8355712890625,395.74090576171875,0.0217030830681324,True,-1
cam1,184,7,0.0,1078.5,0.017163336277008057,True,567.0945434570312,375.8768310546875,0.021147778257727623,True,-1
cam1,185,0,717.7830810546875,459.4005432128906,0.9147420525550842,True,718.3090209960938,461.5551452636719,0.8773931264877319,True,0
cam1,185,1,781.6819458007812,183.95448303222656,0.04583875462412834,True,915.5869140625,497.9258117675781,0.14769737422466278,True,4
cam1,185,2,834.720458984375,357.7278137207031,0.03194007650017738,True,572.9566040039062,371.380859375,0.03539223223924637,True,-1
cam1,185,3,334.687744140625,399.6493225097656,0.028953148052096367,True,336.1250305175781,401.7090148925781,0.03536274656653404,True,3
cam1,185,4,916.8927612304688,497.6480712890625,0.02560783177614212,True,787.1694946289062,172.2198486328125,0.034929439425468445,True,1
cam1,185,5,585.4808959960938,373.345458984375,0.02527310512959957,True,1071.560546875,396.320068359375,0.021356241777539253,True,2
cam1,185,6,990.6043090820312,535.419677734375,0.021643223240971565,True,893.322265625,338.8443298339844,0.02037646621465683,True,-1
cam1,185,7,1754.9171142578125,380.672119140625,0.017540739849209785,True,1246.7640380859375,265.3846130371094,0.019410783424973488,True,-1
cam1,186,0,718.1023559570312,460.9330749511719,0.9278266429901123,True,719.4573974609375,463.55523681640625,0.8994214534759521,True,0
cam1,186,1,990.3571166992188,535.5153198242188,0.0213501937687397,True,920.1630249023438,494.24371337890625,0.08448641002178192,True,-1
cam1,186,2,838.8330688476562,360.4497375488281,0.0186616238206625,True,890.4276123046875,340.60150146484375,0.034995246678590775,True,-1
cam1,186,3,778.2866821289062,182.75454711914062,0.017323238775134087,True,576.3016357421875,369.80242919921875,0.0328422486782074,True,-1
cam1,186,4,1918.4998779296875,1078.5,0.01686747372150421,True,343.1058654785156,418.26190185546875,0.024571776390075684,True,-1
cam1,186,5,1918.4998779296875,0.0,0.01669449359178543,True,844.376220703125,151.3370819091797,0.022003667429089546,True,-1
cam1,186,6,0.0,1078.5,0.016647959128022194,True,589.0740356445312,669.3388671875,0.019943201914429665,True,7
cam1,186,7,0.0,18.240936279296875,0.01641974411904812,True,0.0,1079.0,0.01945735700428486,True,-1
cam1,187,0,725.4169921875,458.0296325683594,0.9349209070205688,True,725.3125,457.91986083984375,0.9290632009506226,True,0
cam1,187,1,786.203125,182.6888885498047,0.026454782113432884,True,912.6414184570312,489.5924377441406,0.07096530497074127,True,-1
cam1,187,2,838.9632568359375,360.6653137207031,0.02041449397802353,True,993.8888549804688,545.6080932617188,0.04771587997674942,True,3
cam1,187,3,0.0,1078.5,0.017074663192033768,True,844.8480224609375,360.6686096191406,0.03893474116921425,True,-1
cam1,187,4,1918.4998779296875,8.172383308410645,0.01690472848713398,True,344.3072204589844,436.2627258300781,0.037653058767318726,True,-1
cam1,187,5,0.0,18.135549545288086,0.016516756266355515,True,838.7864990234375,138.31602478027344,0.031499605625867844,True,-1
cam1,187,6,988.8062133789062,536.0054321289062,0.01637452282011509,True,1038.7152099609375,138.29598999023438,0.025592846795916557,True,2
cam1,187,7,1918.4998779296875,1078.5,0.01624239794909954,True,822.151123046875,72.26216125488281,0.02452211268246174,True,-1
cam1,188,0,731.1910400390625,452.8551940917969,0.9247303605079651,True,730.4389038085938,453.4603576660156,0.918828547000885,True,0
cam1,188,1,790.2859497070312,180.8961639404297,0.02927940897643566,True,937.3846435546875,496.9914245605469,0.07665632665157318,True,-1
cam1,188,2,714.7178955078125,280.9596252441406,0.020846229046583176,True,343.1535949707031,439.72515869140625,0.06484605371952057,True,-1
cam1,188,3,906.8299560546875,494.47259521484375,0.019354214891791344,True,1049.1295166015625,224.8603057861328,0.04739405959844589,True,-1
cam1,188,4,983.6627197265625,533.0239868164062,0.017844483256340027,True,846.5088500976562,359.2142028808594,0.03929281234741211,True,-1
cam1,188,5,844.1412353515625,358.2295837402344,0.017731182277202606,True,834.7660522460938,143.31002807617188,0.03198721632361412,True,4
cam1,188,6,1918.4998779296875,0.0,0.01679014042019844,True,1015.6541137695312,125.88259887695312,0.030718615278601646,True,-1
cam1,188,7,0.0,18.510208129882812,0.016100101172924042,True,814.5530395507812,71.8673095703125,0.029551826417446136,True,-1
cam1,189,0,733.702880859375,455.9857482910156,0.9224185347557068,True,733.4852905273438,456.7193908691406,0.9078818559646606,True,0
cam1,189,1,728.8997192382812,280.3026123046875,0.034100621938705444,True,934.0643920898438,494.7664794921875,0.055271584540605545,True,-1
cam1,189,2,901.927734375,497.571044921875,0.029758743941783905,True,327.3849182128906,438.91973876953125,0.05401996523141861,True,-1
cam1,189,3,1545.9676513671875,654.2246704101562,0.02364577166736126,True,945.5670776367188,551.5531616210938,0.0469178706407547,True,-1
cam1,189,4,793.9542846679688,185.2804412841797,0.019378457218408585,True,819.1243896484375,134.13169860839844,0.038374632596969604,True,-1
cam1,189,5,846.0408935546875,358.52294921875,0.01842525787651539,True,847.0991821289062,359.3647155761719,0.0354650653898716,True,5
cam1,189,6,986.8926391601562,534.3739013671875,0.01750035583972931,True,1045.773681640625,224.3212432861328,0.034471072256565094,True,-1
cam1,189,7,283.63995361328125,392.6134033203125,0.0169232077896595,True,803.903076171875,73.85060119628906,0.028963269665837288,True,-1
cam1,190,0,736.1801147460938,452.3309326171875,0.9334807395935059,True,737.4573364257812,453.76226806640625,0.9234153628349304,True,0
cam1,190,1,729.824951171875,284.7770080566406,0.03915349394083023,True,844.6773681640625,357.5442199707031,0.028522618114948273,True,4
cam1,190,2,1918.4998779296875,1078.5,0.01742611639201641,True,818.09912109375,134.1746368408203,0.02688802033662796,True,-1
cam1,190,3,0.0,17.540279388427734,0.01656908169388771,True,327.42626953125,437.07025146484375,0.025625793263316154,True,-1
cam1,190,4,0.0,1078.5,0.016359582543373108,True,730.7771606445312,286.23828125,0.0244886577129364,True,-1
cam1,190,5,1918.4998779296875,10.72575569152832,0.0162582378834486,True,806.774658203125,246.27052307128906,0.0212942473590374,True,-1
cam1,190,6,843.759521484375,357.72418212890625,0.015166803263127804,True,942.0684814453125,552.49951171875,0.020467670634388924,True,1
cam1,190,7,985.4739379882812,532.5291137695312,0.013791984878480434,True,983.85107421875,536.0366821289062,0.019846679642796516,True,7
cam1,191,0,741.9761352539062,448.7328186035156,0.9309468269348145,True,739.7158203125,448.269775390625,0.9259493947029114,True,0
cam1,191,1,730.8585205078125,285.3906555175781,0.025738129392266273,True,809.5540771484375,247.90309143066406,0.03255990892648697,True,5
cam1,191,2,1918.4998779296875,1078.5,0.016515051946043968,True,819.6773071289062,138.59689331054688,0.03142904117703438,True,-1
cam1,191,3,1918.4998779296875,7.898157119750977,0.016494346782565117,True,317.9985656738281,430.0729064941406,0.025852151215076447,True,6
cam1,191,4,0.0,18.08638572692871,0.01629171520471573,True,843.1624145507812,359.094970703125,0.025156134739518166,True,7
cam1,191,5,0.0,1078.5,0.01569124311208725,True,728.3872680664062,282.91412353515625,0.01707327738404274,True,-1
cam1,191,6,837.2164916992188,356.9656677246094,0.014624159783124924,True,1919.0,0.0,0.016455313190817833,True,4
cam1,191,7,816.8540649414062,276.1154479980469,0.011843361891806126,True,0.0,19.425212860107422,0.016388261690735817,True,-1
cam1,192,0,748.3972778320312,456.1831359863281,0.9378891587257385,True,748.411865234375,455.99163818359375,0.9267569184303284,True,0
cam1,192,1,1918.4998779296875,8.170001983642578,0.017028246074914932,True,814.8472900390625,152.6004180908203,0.045715637505054474,True,7
cam1,192,2,0.0,18.81865119934082,0.016284868121147156,True,316.6826171875,428.7926940917969,0.030610578134655952,True,-1
cam1,192,3,1918.4998779296875,1078.5,0.01561788935214281,True,842.751708984375,356.53521728515625,0.025928661227226257,True,-1
cam1,192,4,0.0,1078.5,0.014838771894574165,True,820.180908203125,268.5006408691406,0.0196901373565197,True,-1
cam1,192,5,821.247314453125,284.2288818359375,0.013290447182953358,True,554.2945556640625,650.7894287109375,0.018784254789352417,True,4
cam1,192,6,839.6255493164062,356.1550598144531,0.01241848524659872,True,1738.374267578125,593.6340942382812,0.01693142205476761,True,3
cam1,192,7,732.2716064453125,284.02667236328125,0.01126144826412201,True,1919.0,9.35649299621582,0.016515478491783142,True,-1
cam1,193,0,749.2366333007812,457.2055358886719,0.9380533695220947,True,749.5855712890625,458.2523498535156,0.9293815493583679,True,0
cam1,193,1,552.1591186523438,523.3629150390625,0.020582100376486778,True,808.3306884765625,155.01564025878906,0.03891646862030029,True,5
cam1,193,2,845.3622436523438,351.3624572753906,0.019825519993901253,True,848.199951171875,348.6774597167969,0.03279857337474823,True,2
cam1,193,3,820.3934326171875,288.1114807128906,0.017899179831147194,True,846.04150390625,278.64434814453125,0.03179779648780823,True,-1
cam1,193,4,0.0,17.26253890991211,0.016490263864398003,True,317.0169677734375,429.35760498046875,0.02664821408689022,True,6
cam1,193,5,0.0,1078.5,0.016258414834737778,True,557.2060546875,527.7852172851562,0.01879643090069294,True,7
cam1,193,6,1918.4998779296875,8.295090675354004,0.015776105225086212,True,0.0,17.496273040771484,0.017170341685414314,True,-1
cam1,193,7,1918.4998779296875,1078.5,0.01531351450830698,True,0.0,1079.0,0.015956448391079903,True,-1
cam1,194,0,752.6029052734375,452.85009765625,0.9196646809577942,True,756.46484375,452.1890869140625,0.8970159888267517,True,0
cam1,194,1,859.1030883789062,281.9995422363281,0.03396259993314743,True,853.5885009765625,285.2164611816406,0.07665117084980011,True,1
cam1,194,2,0.0,18.161888122558594,0.01682307757437229,True,845.2086181640625,349.54595947265625,0.02188274823129177,True,4
cam1,194,3,841.4051513671875,354.58782958984375,0.016570597887039185,True,0.0,1079.0,0.01747811771929264,True,2
cam1,194,4,1918.4998779296875,8.523409843444824,0.016410142183303833,True,0.0,18.07485580444336,0.01660831831395626,True,7
cam1,194,5,0.0,1078.5,0.01628882624208927,True,1919.0,1079.0,0.016081953421235085,True,3
cam1,194,6,1918.4998779296875,1078.5,0.016017578542232513,True,423.0146179199219,378.5246276855469,0.016061820089817047,True,5
cam1,194,7,1298.4705810546875,288.408203125,0.012966766022145748,True,1919.0,8.14233112335205,0.015950467437505722,True,-1
cam1,195,0,759.5667114257812,452.73529052734375,0.9210197925567627,True,758.5103759765625,448.24505615234375,0.8824840188026428,True,0
cam1,195,1,814.2188720703125,212.3411407470703,0.034897614270448685,True,810.6676635742188,217.309326171875,0.08205719292163849,True,1
cam1,195,2,859.7066040039062,275.50537109375,0.027561437338590622,True,861.7603149414062,276.00164794921875,0.048864759504795074,True,2
cam1,195,3,1918.4998779296875,0.0,0.016384011134505272,True,305.59478759765625,442.3645935058594,0.02187657542526722,True,5
cam1,195,4,0.0,18.86127471923828,0.016313806176185608,True,0.0,17.956451416015625,0.016793541610240936,True,4
cam1,195,5,0.0,1078.5,0.01579655148088932,True,1919.0,9.810110092163086,0.01645047590136528,True,7
cam1,195,6,1918.4998779296875,1078.5,0.015658752992749214,True,420.32989501953125,380.8727722167969,0.01639452576637268,True,-1
cam1,195,7,839.9229736328125,361.0967102050781,0.013036014512181282,True,0.0,1079.0,0.015423305332660675,True,-1
cam1,196,0,763.7528686523438,458.1153564453125,0.9138435125350952,True,761.6021118164062,463.6392822265625,0.8656788468360901,True,0
cam1,196,1,816.2184448242188,205.93853759765625,0.03853150084614754,True,810.4282836914062,215.94369506835938,0.0656675472855568,True,1
cam1,196,2,854.0396118164062,273.13360595703125,0.018886681646108627,True,711.107421875,526.9251708984375,0.04837511479854584,True,-1
cam1,196,3,1918.4998779296875,0.0,0.01704561337828636,True,728.6928100585938,366.4429016113281,0.031018128618597984,True,5
cam1,196,4,0.0,17.404071807861328,0.01630103960633278,True,305.5726318359375,444.340576171875,0.022238323464989662,True,6
cam1,196,5,0.0,1078.5,0.016277285292744637,True,1919.0,0.0,0.016972966492176056,True,7
cam1,196,6,483.3986511230469,530.7379760742188,0.01523218210786581,True,0.0,18.570114135742188,0.016485391184687614,True,-1
cam1,196,7,1918.4998779296875,1078.5,0.015007414855062962,True,0.0,1079.0,0.015908781439065933,True,-1
cam1,197,0,767.6340942382812,458.42437744140625,0.9171621203422546,True,764.0293579101562,459.86419677734375,0.8736386895179749,True,0
cam1,197,1,821.5069580078125,197.19027709960938,0.03728776425123215,True,727.374755859375,363.67071533203125,0.08289851248264313,True,-1
cam1,197,2,702.793701171875,348.10772705078125,0.020947877317667007,True,701.0016479492188,520.6661987304688,0.05097680538892746,True,-1
cam1,197,3,473.5650329589844,530.2796630859375,0.020549649372696877,True,813.3928833007812,220.3248748779297,0.044386982917785645,True,-1
cam1,197,4,656.0662841796875,500.3030700683594,0.018709808588027954,True,53.607479095458984,666.2164306640625,0.026736164465546608,True,-1
cam1,197,5,845.3412475585938,352.4570007324219,0.01842411607503891,True,313.6949157714844,442.7514343261719,0.020952608436346054,True,-1
cam1,197,6,1466.0623779296875,373.9109191894531,0.016830366104841232,True,1919.0,9.577016830444336,0.01672598160803318,True,-1
cam1,197,7,1918.4998779296875,9.711841583251953,0.016743486747145653,True,0.0,1079.0,0.016527246683835983,True,6
cam1,198,0,773.942626953125,456.643798828125,0.9183425903320312,True,771.2698974609375,459.2375793457031,0.9092313051223755,True,0
cam1,198,1,718.9200439453125,360.4064025878906,0.025847071781754494,True,721.7723388671875,364.9796142578125,0.06450583040714264,True,1
cam1,198,2,1918.4998779296875,1078.5,0.01706785336136818,True,701.4690551757812,272.4329528808594,0.026059657335281372,True,5
cam1,198,3,0.0,1078.5,0.01611066609621048,True,692.78759765625,516.8659057617188,0.020344028249382973,True,7
cam1,198,4,1918.4998779296875,8.124640464782715,0.016081705689430237,True,999.5789794921875,288.75921630859375,0.018137076869606972,True,-1
cam1,198,5,0.0,18.725130081176758,0.016057878732681274,True,1919.0,1079.0,0.01740032620728016,True,6
cam1,198,6,750.2709350585938,271.75665283203125,0.014726711437106133,True,0.0,18.157278060913086,0.016282569617033005,True,-1
cam1,198,7,329.21246337890625,550.412841796875,0.014444973319768906,True,0.0,1079.0,0.016224313527345657,True,-1
cam1,199,0,777.8450927734375,461.0934753417969,0.9184008240699768,True,778.22607421875,459.3822937011719,0.9108737707138062,True,0
cam1,199,1,719.3070068359375,361.4817810058594,0.05045170336961746,True,716.6888427734375,363.4590759277344,0.09614074975252151,True,1
cam1,199,2,1918.4998779296875,0.0,0.01697324402630329,True,724.1652221679688,280.01446533203125,0.026715127751231194,True,4
cam1,199,3,733.8267822265625,280.9446716308594,0.016573099419474602,True,29.921974182128906,243.73915100097656,0.01761683076620102,True,2
cam1,199,4,0.0,19.01655387878418,0.016392765566706657,True,1919.0,0.0,0.016915293410420418,True,5
cam1,199,5,0.0,1078.5,0.015898147597908974,True,0.0,18.844573974609375,0.016616856679320335,True,7
cam1,199,6,1918.4998779296875,1078.5,0.015596139244735241,True,983.2352905273438,563.04052734375,0.01598750613629818,True,-1
cam1,199,7,330.7834777832031,550.7173461914062,0.013431249186396599,True,0.0,1079.0,0.015980493277311325,True,-1
cam1,200,0,780.8069458007812,459.2488098144531,0.9283464550971985,True,781.179443359375,462.1064453125,0.9180358648300171,True,0
cam1,200,1,720.2110595703125,364.5864562988281,0.09844929724931717,True,720.623291015625,366.2689514160156,0.15287131071090698,True,1
cam1,200,2,728.6605224609375,286.1559143066406,0.02892741933465004,True,728.3045043945312,286.07647705078125,0.054796941578388214,True,2
cam1,200,3,1918.4998779296875,8.975564002990723,0.01692132093012333,True,317.01239013671875,428.6837158203125,0.02424967661499977,True,5
cam1,200,4,0.0,18.95827293395996,0.016149304807186127,True,1331.8914794921875,185.10345458984375,0.01745285838842392,True,7
cam1,200,5,0.0,1078.5,0.015260483138263226,True,1919.0,8.557443618774414,0.01708749681711197,True,-1
cam1,200,6,1918.4998779296875,1078.5,0.014895165339112282,True,880.2487182617188,334.8601989746094,0.016709694638848305,True,-1
cam1,200,7,322.5106506347656,551.1842651367188,0.014843023382127285,True,0.0,18.39773178100586,0.01639123633503914,True,-1
cam1,201,0,786.8080444335938,457.11004638671875,0.9157392382621765,True,790.6038208007812,458.6845397949219,0.912921667098999,True,0
cam1,201,1,720.5885009765625,369.3096008300781,0.13573522865772247,True,725.2368774414062,370.4283142089844,0.14866942167282104,True,1
cam1,201,2,730.1422729492188,285.6941833496094,0.03386346250772476,True,728.6328735351562,284.9470520019531,0.04944498836994171,True,2
cam1,201,3,0.0,1078.5,0.016534294933080673,True,314.10736083984375,429.95611572265625,0.02204877696931362,True,-1
cam1,201,4,1918.4998779296875,0.0,0.016430959105491638,True,683.2139892578125,512.8519287109375,0.02166050672531128,True,-1
cam1,201,5,1335.457275390625,193.01499938964844,0.016241369768977165,True,864.4871215820312,268.4009704589844,0.021331369876861572,True,-1
cam1,201,6,980.08544921875,560.11474609375,0.01572946086525917,True,882.2984619140625,339.2506408691406,0.01795721799135208,True,7
cam1,201,7,0.0,18.874431610107422,0.015327627770602703,True,978.4412231445312,559.961669921875,0.017230547964572906,True,-1
cam1,202,0,791.0077514648438,455.8520812988281,0.9315701127052307,True,792.8915405273438,459.8664245605469,0.925923764705658,True,0
cam1,202,1,713.18310546875,367.1199645996094,0.029751313850283623,True,968.7640991210938,548.109130859375,0.021092355251312256,True,4
cam1,202,2,762.11181640625,272.62432861328125,0.02581212855875492,True,859.8414306640625,284.7459411621094,0.020592300221323967,True,-1
cam1,202,3,1693.3250732421875,641.4940185546875,0.017277702689170837,True,559.5252685546875,305.3704833984375,0.01768542267382145,True,-1
cam1,202,4,1918.4998779296875,1078.5,0.017211446538567543,True,715.933349609375,365.957763671875,0.01759161986410618,True,5
cam1,202,5,0.0,1078.5,0.016748463734984398,True,1919.0,1079.0,0.017501790076494217,True,6
cam1,202,6,968.7963256835938,549.4290771484375,0.01659010350704193,True,0.0,1079.0,0.01707238331437111,True,1
cam1,202,7,1918.4998779296875,0.0,0.016206810250878334,True,1044.0810546875,335.8309326171875,0.01672341674566269,True,-1
cam1,203,0,797.6436157226562,459.7608337402344,0.9542725086212158,True,798.1829223632812,461.0963439941406,0.9357419013977051,True,0
cam1,203,1,757.9290161132812,259.97479248046875,0.020323509350419044,True,1919.0,7.842700004577637,0.01640155538916588,True,-1
cam1,203,2,712.1838989257812,367.34918212890625,0.018430903553962708,True,0.0,18.004989624023438,0.016266660764813423,True,-1
cam1,203,3,1918.4998779296875,8.992654800415039,0.016775373369455338,True,0.0,1079.0,0.01593935675919056,True,1
cam1,203,4,0.0,18.695066452026367,0.016090158373117447,True,865.808349609375,302.68829345703125,0.01567523181438446,True,2
cam1,203,5,0.0,1078.5,0.01604088395833969,True,1919.0,1079.0,0.015550464391708374,True,3
cam1,203,6,1918.4998779296875,1078.5,0.01531204767525196,True,953.3175659179688,517.6227416992188,0.014121877029538155,True,5
cam1,203,7,829.3699951171875,368.11224365234375,0.013019816018640995,True,636.7798461914062,701.86328125,0.013128361664712429,True,-1
cam1,204,0,807.255126953125,463.0050048828125,0.9381681680679321,True,808.3690795898438,462.7311706542969,0.8931602239608765,True,0
cam1,204,1,501.5923156738281,423.707275390625,0.017899615690112114,True,863.9539794921875,299.7374572753906,0.03195307403802872,True,-1
cam1,204,2,784.4819946289062,196.8634033203125,0.017006579786539078,True,797.2009887695312,369.4970703125,0.02707693912088871,True,3
cam1,204,3,1918.4998779296875,8.044544219970703,0.01679464429616928,True,784.5032348632812,195.71873474121094,0.0187384020537138,True,4
cam1,204,4,0.0,1078.5,0.01597564108669758,True,1919.0,0.0,0.017955318093299866,True,7
cam1,204,5,0.0,17.0658016204834,0.015911027789115906,True,0.0,17.898874282836914,0.016323719173669815,True,5
cam1,204,6,1918.4998779296875,1078.5,0.015233299694955349,True,1919.0,1079.0,0.015902159735560417,True,6
cam1,204,7,764.2237548828125,258.8667907714844,0.01504060160368681,True,0.0,1079.0,0.015820136293768883,True,-1
cam1,205,0,809.2377319335938,462.8822326660156,0.942474901676178,True,807.8660888671875,462.27490234375,0.8938992619514465,True,0
cam1,205,1,1694.3736572265625,595.2342529296875,0.022398727014660835,True,791.7740478515625,371.0614929199219,0.09525182843208313,True,3
cam1,205,2,732.044189453125,380.4130554199219,0.018585842102766037,True,878.0673828125,330.9234924316406,0.03659951686859131,True,-1
cam1,205,3,503.94891357421875,425.5231628417969,0.018346792086958885,True,1692.7239990234375,596.4705810546875,0.020196909084916115,True,-1
cam1,205,4,784.6661987304688,363.6749267578125,0.017683541402220726,True,786.8563232421875,176.0597381591797,0.01834961399435997,True,1
cam1,205,5,1918.4998779296875,7.865251541137695,0.01662585884332657,True,1919.0,8.14852237701416,0.017157666385173798,True,5
cam1,205,6,0.0,19.366079330444336,0.015721548348665237,True,0.0,1079.0,0.016218233853578568,True,7
cam1,205,7,0.0,1078.5,0.01571742445230484,True,0.0,18.005544662475586,0.01611461117863655,True,6
cam1,206,0,817.0057983398438,463.2770080566406,0.944538414478302,True,813.1964111328125,464.985595703125,0.9312660694122314,True,0
cam1,206,1,1692.975341796875,592.1524658203125,0.021182937547564507,True,797.6683959960938,368.3350524902344,0.05272577330470085,True,7
cam1,206,2,789.5762329101562,277.2099914550781,0.019883185625076294,True,855.8072509765625,275.8827209472656,0.02154320292174816,True,-1
cam1,206,3,1918.4998779296875,1078.5,0.01750483177602291,True,1919.0,0.0,0.01787598431110382,True,4
cam1,206,4,1918.4998779296875,0.0,0.017283588647842407,True,1919.0,1079.0,0.016909053549170494,True,3
cam1,206,5,829.4747924804688,333.0767517089844,0.017276868224143982,True,0.0,17.24171257019043,0.01641523838043213,True,-1
cam1,206,6,0.0,1078.5,0.016733307391405106,True,0.0,1079.0,0.01631118170917034,True,6
cam1,206,7,0.0,17.26777458190918,0.01594095677137375,True,1692.4454345703125,592.2222290039062,0.015589602291584015,True,5
cam1,207,0,824.6251831054688,466.5956115722656,0.9515436291694641,True,824.0232543945312,465.3833923339844,0.9365187287330627,True,0
cam1,207,1,800.2861938476562,257.1659851074219,0.021716607734560966,True,815.0299072265625,362.7577209472656,0.04764062166213989,True,-1
cam1,207,2,1918.4998779296875,0.0,0.01696082204580307,True,849.7828979492188,284.98712158203125,0.019585713744163513,True,3
cam1,207,3,832.514404296875,348.4931945800781,0.01610027626156807,True,1919.0,8.070892333984375,0.017407264560461044,True,-1
cam1,207,4,1918.4998779296875,1078.5,0.0159282386302948,True,0.0,18.295204162597656,0.01613369770348072,True,6
cam1,207,5,0.0,18.70778465270996,0.01582670770585537,True,0.0,1079.0,0.015706738457083702,True,4
cam1,207,6,0.0,1078.5,0.01573284901678562,True,1919.0,1079.0,0.01565837860107422,True,5
cam1,207,7,1695.81591796875,593.4813232421875,0.014693786390125751,True,936.441650390625,574.6229858398438,0.01388606522232294,True,-1
cam1,208,0,832.1356201171875,470.4573059082031,0.9546077251434326,True,830.8929443359375,471.86236572265625,0.9483377933502197,True,0
cam1,208,1,810.6758422851562,252.95623779296875,0.028340615332126617,True,835.4407958984375,352.3374328613281,0.061746492981910706,True,-1
cam1,208,2,533.0421142578125,475.5094909667969,0.020342731848359108,True,536.5418090820312,474.2048645019531,0.026141736656427383,True,2
cam1,208,3,741.3494262695312,171.09378051757812,0.018685881048440933,True,739.5628662109375,170.12271118164062,0.025078531354665756,True,3
cam1,208,4,283.8226013183594,367.53485107421875,0.017850736156105995,True,858.2508544921875,271.91162109375,0.01880735531449318,True,-1
cam1,208,5,1918.4998779296875,0.0,0.01738850772380829,True,1919.0,0.0,0.017243998125195503,True,5
cam1,208,6,836.6300048828125,350.7977294921875,0.0173860564827919,True,0.0,1079.0,0.0164471585303545,True,1
cam1,208,7,0.0,18.267723083496094,0.01617041788995266,True,0.0,18.3707218170166,0.016314685344696045,True,7
cam1,209,0,838.82958984375,470.7982177734375,0.9420742392539978,True,838.9647216796875,470.96014404296875,0.939646303653717,True,0
cam1,209,1,800.968994140625,245.58399963378906,0.03137632831931114,True,848.4222412109375,339.9686584472656,0.09569399803876877,True,-1
cam1,209,2,1748.8648681640625,549.1529541015625,0.030165206640958786,True,492.28521728515625,531.2799072265625,0.02822260744869709,True,-1
cam1,209,3,530.0679931640625,482.6132507324219,0.026863576844334602,True,771.57470703125,303.5870666503906,0.024936392903327942,True,6
cam1,209,4,839.0028686523438,346.93524169921875,0.020919684320688248,True,744.3096923828125,387.4203186035156,0.0229451023042202,True,1
cam1,209,5,742.0661010742188,386.7211608886719,0.020405644550919533,True,745.603515625,177.39854431152344,0.022178392857313156,True,4
cam1,209,6,489.3201599121094,379.2742614746094,0.020268339663743973,True,532.6956787109375,476.2653503417969,0.02105821669101715,True,-1
cam1,209,7,751.602783203125,182.29470825195312,0.018557125702500343,True,632.3548583984375,428.89129638671875,0.01869342289865017,True,5
cam1,210,0,839.6168212890625,470.58843994140625,0.9423261284828186,True,839.8490600585938,469.738525390625,0.9373705983161926,True,0
cam1,210,1,785.6690673828125,247.82225036621094,0.029202450066804886,True,846.1820678710938,338.2502136230469,0.06684787571430206,True,-1
cam1,210,2,838.5953369140625,343.93670654296875,0.022377237677574158,True,773.947265625,290.6052551269531,0.03764757886528969,True,1
cam1,210,3,1747.83154296875,554.1688232421875,0.021501963958144188,True,955.1542358398438,549.7157592773438,0.02204485982656479,True,7
cam1,210,4,953.8563232421875,549.6094360351562,0.01969473995268345,True,1271.86181640625,293.2799987792969,0.021058106794953346,True,3
cam1,210,5,256.1665344238281,380.4215087890625,0.019654659554362297,True,980.190673828125,653.875244140625,0.02047649584710598,True,-1
cam1,210,6,980.058349609375,653.5801391601562,0.018850227817893028,True,1919.0,1079.0,0.01840611733496189,True,5
cam1,210,7,0.0,1078.5,0.017785171046853065,True,1752.024169921875,556.0114135742188,0.01777484454214573,True,-1
cam1,211,0,844.9772338867188,470.9293212890625,0.946801483631134,True,848.0281372070312,472.0243225097656,0.9444132447242737,True,0
cam1,211,1,843.2250366210938,343.2337341308594,0.03500271216034889,True,850.615966796875,341.985595703125,0.06647574156522751,True,1
cam1,211,2,483.0207824707031,421.3406066894531,0.028827553614974022,True,779.4195556640625,289.26495361328125,0.04313201084733009,True,-1
cam1,211,3,773.1807861328125,268.5909423828125,0.027060123160481453,True,773.2322998046875,213.31422424316406,0.02345973439514637,True,-1
cam1,211,4,776.5164184570312,223.95237731933594,0.025741497054696083,True,828.389404296875,111.14437103271484,0.019557924941182137,True,3
cam1,211,5,854.9420166015625,205.4236602783203,0.02069365791976452,True,1309.6854248046875,317.613525390625,0.019334275275468826,True,-1
cam1,211,6,1751.48046875,549.5435791015625,0.020560529083013535,True,1270.1669921875,288.01385498046875,0.018347464501857758,True,-1
cam1,211,7,1918.4998779296875,0.0,0.017556769773364067,True,1062.8099365234375,280.45733642578125,0.01832686737179756,True,-1
cam1,212,0,854.44970703125,475.44195556640625,0.9410117864608765,True,855.1286010742188,476.3994140625,0.9432622194290161,True,0
cam1,212,1,484.381591796875,422.3977355957031,0.04366319626569748,True,778.7529907226562,286.0104064941406,0.05659148097038269,True,3
cam1,212,2,843.0101318359375,342.288818359375,0.042948730289936066,True,854.2958374023438,337.05487060546875,0.05040229111909866,True,2
cam1,212,3,856.96875,201.6455078125,0.03256066143512726,True,483.4728698730469,435.22357177734375,0.022640634328126907,True,-1
cam1,212,4,772.4239501953125,273.4608459472656,0.03098003752529621,True,858.1239013671875,227.27618408203125,0.022602220997214317,True,1
cam1,212,5,1918.4998779296875,7.856957912445068,0.017232155427336693,True,830.1126708984375,111.36858367919922,0.021116703748703003,True,-1
cam1,212,6,0.0,18.545366287231445,0.0161298681050539,True,1178.94580078125,293.2987976074219,0.01938488706946373,True,-1
cam1,212,7,0.0,1078.5,0.015979472547769547,True,775.9296875,211.35488891601562,0.018708394840359688,True,-1
cam1,213,0,859.8661499023438,478.572265625,0.9385468363761902,True,861.7615966796875,479.53289794921875,0.9473854899406433,True,0
cam1,213,1,844.99951171875,346.1777648925781,0.07154113799333572,True,776.126220703125,279.36053466796875,0.06473788619041443,True,2
cam1,213,2,485.59893798828125,415.8194274902344,0.04327663779258728,True,857.2034912109375,336.2697448730469,0.0486634224653244,True,-1
cam1,213,3,774.4711303710938,273.31378173828125,0.034659937024116516,True,490.8327941894531,435.49420166015625,0.02687131240963936,True,1
cam1,213,4,859.07861328125,209.2376708984375,0.02825571969151497,True,724.5482177734375,407.0766296386719,0.025191888213157654,True,6
cam1,213,5,949.34375,575.2125244140625,0.016589101403951645,True,651.8563232421875,500.6767578125,0.020188912749290466,True,-1
cam1,213,6,1918.4998779296875,7.626369953155518,0.01658029668033123,True,854.7066650390625,227.84730529785156,0.019766321405768394,True,-1
cam1,213,7,0.0,1078.5,0.016536403447389603,True,574.835693359375,185.43527221679688,0.019593708217144012,True,-1
cam1,214,0,867.5474853515625,476.7502136230469,0.9355865120887756,True,869.8298950195312,480.4013977050781,0.9313958287239075,True,0
cam1,214,1,845.71533203125,344.88055419921875,0.0632246881723404,True,778.4268798828125,276.06561279296875,0.07607636600732803,True,2
cam1,214,2,776.695068359375,272.01171875,0.03982348367571831,True,848.017333984375,342.2485046386719,0.07321683317422867,True,1
cam1,214,3,767.478515625,195.4445343017578,0.028357958421111107,True,466.8692932128906,425.7710266113281,0.02954988367855549,True,-1
cam1,214,4,491.7171936035156,413.3797912597656,0.020070601254701614,True,962.9752197265625,646.9277954101562,0.023395735770463943,True,-1
cam1,214,5,946.7947387695312,531.3802490234375,0.017684336751699448,True,1463.369873046875,380.80865478515625,0.0187101811170578,True,-1
cam1,214,6,955.5690307617188,640.8133544921875,0.017236152663826942,True,0.0,1079.0,0.017534060403704643,True,4
cam1,214,7,0.0,1078.5,0.017224937677383423,True,858.9281005859375,211.08250427246094,0.01683957688510418,True,6
cam1,215,0,870.2064819335938,478.4223937988281,0.9424289464950562,True,871.0394897460938,482.13824462890625,0.9428194761276245,True,0
cam1,215,1,850.01416015625,346.00909423828125,0.05557674914598465,True,873.655517578125,330.2681884765625,0.08768847584724426,True,-1
cam1,215,2,761.0445556640625,195.09219360351562,0.03341737017035484,True,779.6661376953125,276.71380615234375,0.05128584802150726,True,-1
cam1,215,3,489.31787109375,419.2547302246094,0.03022974357008934,True,456.32855224609375,426.9678649902344,0.04833828657865524,True,-1
cam1,215,4,782.4307861328125,269.56671142578125,0.028009025380015373,True,857.7029418945312,199.345703125,0.026398256421089172,True,2
cam1,215,5,847.0801391601562,213.83816528320312,0.017716487869620323,True,1919.0,0.0,0.017310352995991707,True,4
cam1,215,6,1918.4998779296875,7.948917388916016,0.017159106209874153,True,0.0,1079.0,0.016430752351880074,True,5
cam1,215,7,0.0,1078.5,0.015860186889767647,True,952.7345581054688,607.7006225585938,0.016215767711400986,True,6
cam1,216,0,882.96142578125,487.3848571777344,0.9435972571372986,True,882.7483520507812,489.6949157714844,0.947253406047821,True,0
cam1,216,1,760.7214965820312,193.88455200195312,0.04060801863670349,True,879.865478515625,331.6230773925781,0.0762457326054573,True,-1
cam1,216,2,850.9120483398438,345.11016845703125,0.03534136340022087,True,450.79400634765625,427.4483642578125,0.058704353868961334,True,-1
cam1,216,3,591.4026489257812,275.58599853515625,0.029173195362091064,True,787.7382202148438,280.4403381347656,0.04773569852113724,True,-1
cam1,216,4,493.2542724609375,416.2044677734375,0.023640982806682587,True,854.1630859375,195.39971923828125,0.032799284905195236,True,-1
cam1,216,5,787.6644897460938,281.5539855957031,0.02086396887898445,True,783.9678344726562,197.76605224609375,0.02426692098379135,True,3
cam1,216,6,840.59130859375,197.01173400878906,0.018547432497143745,True,1287.101806640625,58.79975509643555,0.022284872829914093,True,4
cam1,216,7,1918.4998779296875,8.275863647460938,0.017201164737343788,True,1317.0313720703125,218.6944122314453,0.022092022001743317,True,-1
cam1,217,0,885.8154907226562,492.7381591796875,0.9493470191955566,True,886.9921875,493.83502197265625,0.9479598999023438,True,0
cam1,217,1,766.8630981445312,194.3235626220703,0.051946915686130524,True,887.8760986328125,330.76953125,0.06319807469844818,True,6
cam1,217,2,851.9741821289062,347.2016296386719,0.040764063596725464,True,441.94488525390625,427.79443359375,0.04458361491560936,True,-1
cam1,217,3,790.4168090820312,321.6166687011719,0.030418960377573967,True,844.9920654296875,192.45753479003906,0.037152934819459915,True,-1
cam1,217,4,592.4674682617188,272.2146911621094,0.025950297713279724,True,1315.702880859375,221.32144165039062,0.037002500146627426,True,-1
cam1,217,5,788.1469116210938,527.1111450195312,0.023037731647491455,True,799.921630859375,288.96929931640625,0.034493766725063324,True,-1
cam1,217,6,951.6981201171875,607.05029296875,0.01788380555808544,True,775.4314575195312,193.56243896484375,0.025257501751184464,True,-1
cam1,217,7,496.36358642578125,424.56561279296875,0.017766213044524193,True,428.8904724121094,589.1273193359375,0.02356950379908085,True,-1
cam1,218,0,893.4757690429688,496.1882019042969,0.9027542471885681,True,899.1082153320312,495.533935546875,0.8246843218803406,True,0
cam1,218,1,508.0433654785156,429.9766540527344,0.28196051716804504,True,502.2533874511719,428.9283447265625,0.14697547256946564,True,1
cam1,218,2,775.7753295898438,513.9683837890625,0.10096922516822815,True,776.3759765625,514.8372802734375,0.11481907218694687,True,2
cam1,218,3,483.29931640625,527.1873168945312,0.099870465695858,True,1314.402587890625,209.76327514648438,0.09561143815517426,True,-1
cam1,218,4,561.9243774414062,651.9263305664062,0.07351944595575333,True,888.7428588867188,337.05706787109375,0.08680462092161179,True,-1
cam1,218,5,779.2554321289062,319.63031005859375,0.06005881726741791,True,649.26416015625,462.4230041503906,0.08674060553312302,True,-1
cam1,218,6,848.3345947265625,89.58319091796875,0.056138716638088226,True,550.5609741210938,513.740234375,0.07246188074350357,True,-1
cam1,218,7,786.5990600585938,189.5326385498047,0.05488643795251846,True,843.081298828125,194.89500427246094,0.05520753189921379,True,-1
cam1,219,0,899.7196655273438,496.5484619140625,0.8916125297546387,True,904.6629638671875,498.7871398925781,0.8438801765441895,True,0
cam1,219,1,505.7752380371094,429.81451416015625,0.3023087680339813,True,496.7185974121094,430.509521484375,0.18860939145088196,True,1
cam1,219,2,563.0383911132812,652.0186157226562,0.12333332747220993,True,650.6243286132812,467.39666748046875,0.10207537561655045,True,-1
cam1,219,3,761.2407836914062,502.9989318847656,0.12253261357545853,True,769.2841796875,508.6763916015625,0.10201133787631989,True,3
cam1,219,4,483.2818603515625,527.9633178710938,0.1219099909067154,True,1300.887939453125,63.7264404296875,0.08427789062261581,True,-1
cam1,219,5,854.0193481445312,88.41349029541016,0.09226969629526138,True,550.3480834960938,494.81427001953125,0.08091767877340317,True,-1
cam1,219,6,817.2820434570312,181.82244873046875,0.06198668107390404,True,1320.4661865234375,207.94580078125,0.07557154446840286,True,-1
cam1,219,7,774.636474609375,309.7991638183594,0.04788438603281975,True,843.0184936523438,209.5819091796875,0.06461494415998459,True,-1
cam1,220,0,898.6340942382812,509.7872619628906,0.8483571410179138,True,905.1201171875,510.64520263671875,0.792820155620575,True,0
cam1,220,1,507.11773681640625,428.0414123535156,0.19536900520324707,True,494.7245788574219,432.6551208496094,0.19012388586997986,True,1
cam1,220,2,746.1799926757812,500.3839416503906,0.15214389562606812,True,1296.242919921875,49.34363555908203,0.12725776433944702,True,3
cam1,220,3,562.5667724609375,651.485595703125,0.14916211366653442,True,748.4053955078125,503.12646484375,0.11294122040271759,True,7
cam1,220,4,548.2555541992188,487.5917053222656,0.11948560178279877,True,547.8181762695312,490.6309814453125,0.09728630632162094,True,4
cam1,220,5,493.0982971191406,528.40673828125,0.07974480837583542,True,1355.89501953125,198.54966735839844,0.07453563809394836,True,-1
cam1,220,6,848.1604614257812,86.07189178466797,0.07656539231538773,True,649.3955688476562,460.03265380859375,0.07139582931995392,True,-1
cam1,220,7,816.3941040039062,182.3094024658203,0.05822724848985672,True,562.7012939453125,654.6176147460938,0.06215165555477142,True,-1
cam1,221,0,898.82421875,504.99267578125,0.729444146156311,True,902.4998779296875,504.88787841796875,0.6397092938423157,True,0
cam1,221,1,755.716064453125,505.4999084472656,0.1959242820739746,True,757.0662841796875,503.75421142578125,0.15941490232944489,True,1
cam1,221,2,509.9162902832031,431.92376708984375,0.16073478758335114,True,500.1156005859375,432.9818420410156,0.12822237610816956,True,2
cam1,221,3,547.67333984375,489.2528381347656,0.15955029428005219,True,552.48583984375,497.1766052246094,0.10423453897237778,True,3
cam1,221,4,836.9415283203125,87.24557495117188,0.13327905535697937,True,1287.8140869140625,64.08563232421875,0.09080993384122849,True,-1
cam1,221,5,557.5763549804688,649.1641235351562,0.12424951791763306,True,924.5359497070312,638.1432495117188,0.09065186232328415,True,-1
cam1,221,6,488.38897705078125,525.8170776367188,0.07383465766906738,True,813.8286743164062,388.862548828125,0.08046746253967285,True,-1
cam1,221,7,559.812744140625,191.5625457763672,0.06686510145664215,True,861.3363037109375,276.29931640625,0.07768099009990692,True,-1
cam1,222,0,905.496337890625,499.5208435058594,0.3030546307563782,True,905.6674194335938,494.9011535644531,0.25884804129600525,True,0
cam1,222,1,547.2764892578125,489.3685607910156,0.285426527261734,True,552.35595703125,301.5375061035156,0.2466236650943756,True,5
cam1,222,2,502.3423767089844,435.3104553222656,0.27486464381217957,True,862.4179077148438,274.6193542480469,0.23350736498832703,True,-1
cam1,222,3,580.4111328125,420.2697448730469,0.22447295486927032,True,924.4710083007812,637.90234375,0.1876918077468872,True,4
cam1,222,4,768.6072387695312,507.8819580078125,0.19603405892848969,True,574.3451538085938,430.3703308105469,0.18411967158317566,True,7
cam1,222,5,921.91552734375,642.2245483398438,0.11231168359518051,True,551.3772583007812,492.8356628417969,0.1585538685321808,True,3
cam1,222,6,853.3370361328125,80.3295669555664,0.11045432835817337,True,1347.658447265625,188.14111328125,0.13421066105365753,True,-1
cam1,222,7,473.99755859375,716.5624389648438,0.10363736003637314,True,757.426513671875,515.6912841796875,0.1261776089668274,True,-1
cam1,223,0,901.1171875,504.3160400390625,0.3538661599159241,True,904.671630859375,497.6394958496094,0.2903513014316559,True,0
cam1,223,1,576.4672241210938,426.31719970703125,0.2861638069152832,True,558.189453125,302.35955810546875,0.26894620060920715,True,4
cam1,223,2,549.8704223632812,501.1025695800781,0.2797446846961975,True,549.9660034179688,505.8996276855469,0.23025359213352203,True,2
cam1,223,3,506.87359619140625,429.6199645996094,0.26729053258895874,True,862.1370849609375,275.7183837890625,0.20865783095359802,True,-1
cam1,223,4,770.2232055664062,507.9902038574219,0.17711862921714783,True,573.413818359375,431.45709228515625,0.18898144364356995,True,6
cam1,223,5,553.98681640625,303.34576416015625,0.12464754283428192,True,936.2033081054688,615.145263671875,0.1561102420091629,True,1
cam1,223,6,474.1773376464844,711.8019409179688,0.11460348218679428,True,768.5726318359375,511.99017333984375,0.13940705358982086,True,-1
cam1,223,7,910.8924560546875,652.1636352539062,0.1099279597401619,True,1349.155029296875,186.30287170410156,0.13576486706733704,True,-1
cam1,224,0,895.110595703125,503.3640441894531,0.36822935938835144,True,557.390625,305.9454345703125,0.30232518911361694,True,1
cam1,224,1,552.3624877929688,505.7518615722656,0.3228367567062378,True,902.2363891601562,501.7976989746094,0.3007166385650635,True,3
cam1,224,2,502.3424377441406,424.61981201171875,0.2816682457923889,True,856.9548950195312,275.6689147949219,0.260667622089386,True,-1
cam1,224,3,610.2766723632812,401.92645263671875,0.2270757257938385,True,557.3925170898438,511.77734375,0.2505861520767212,True,-1
cam1,224,4,775.5910034179688,510.5639953613281,0.17019294202327728,True,936.7879028320312,628.3310546875,0.21367572247982025,True,-1
cam1,224,5,553.7513427734375,306.7041320800781,0.16445322334766388,True,573.0256958007812,430.32861328125,0.15473729372024536,True,0
cam1,224,6,858.3221435546875,583.6958618164062,0.1336439996957779,True,818.0909423828125,185.63540649414062,0.13059625029563904,True,-1
cam1,224,7,661.6151733398438,519.6293334960938,0.1291893720626831,True,1291.871337890625,59.8425407409668,0.12020856887102127,True,-1
cam1,225,0,879.5221557617188,495.1244812011719,0.4284362196922302,True,883.0421752929688,497.36260986328125,0.3146148920059204,True,0
cam1,225,1,606.4100952148438,398.6071472167969,0.3026460111141205,True,553.8892211914062,307.5542907714844,0.3067828416824341,True,-1
cam1,225,2,552.8306274414062,491.3251037597656,0.29910656809806824,True,928.5091552734375,625.9814453125,0.2328280657529831,True,-1
cam1,225,3,857.2581787109375,586.566162109375,0.1904236078262329,True,853.115234375,276.9057312011719,0.22895541787147522,True,6
cam1,225,4,553.778076171875,305.61322021484375,0.19036231935024261,True,566.0731811523438,430.00390625,0.21565130352973938,True,1
cam1,225,5,505.75946044921875,416.8548583984375,0.1877250224351883,True,561.5819091796875,511.9514465332031,0.17714829742908478,True,-1
cam1,225,6,930.2324829101562,618.615966796875,0.14361193776130676,True,856.2808227539062,579.37744140625,0.13079659640789032,True,2
cam1,225,7,793.2232055664062,509.65374755859375,0.14051973819732666,True,651.294189453125,467.09075927734375,0.12923453748226166,True,-1
cam1,226,0,880.3477783203125,497.8845520019531,0.4149443805217743,True,875.02099609375,493.7231750488281,0.5324301719665527,True,0
cam1,226,1,601.1437377929688,393.0125732421875,0.33656471967697144,True,561.9295654296875,507.0130310058594,0.2947142422199249,True,-1
cam1,226,2,858.286376953125,592.5758666992188,0.2708505392074585,True,859.2800903320312,595.0977172851562,0.2649580240249634,True,2
cam1,226,3,623.4722290039062,300.0413513183594,0.21002741158008575,True,901.4302978515625,652.041748046875,0.2418927699327469,True,-1
cam1,226,4,900.7210693359375,657.46142578125,0.20199337601661682,True,1094.790771484375,314.42254638671875,0.23199769854545593,True,3
cam1,226,5,559.5327758789062,487.2290954589844,0.16345252096652985,True,861.0106201171875,278.24713134765625,0.18473537266254425,True,1
cam1,226,6,657.6203002929688,471.7122497558594,0.15811407566070557,True,546.2149047851562,307.8370361328125,0.15986192226409912,True,-1
cam1,226,7,255.3844451904297,381.42529296875,0.15149042010307312,True,797.3530883789062,186.278076171875,0.11584074050188065,True,-1
cam1,227,0,887.8968505859375,509.6026916503906,0.4358116090297699,True,874.252197265625,493.0260925292969,0.5844799876213074,True,-1
cam1,227,1,601.2667236328125,391.1488952636719,0.2900751829147339,True,858.2678833007812,600.8737182617188,0.2809087038040161,True,-1
cam1,227,2,854.7771606445312,599.6785278320312,0.28605207800865173,True,558.864501953125,504.4169006347656,0.28050553798675537,True,1
cam1,227,3,547.0621337890625,425.2550048828125,0.278108686208725,True,904.4421997070312,651.505126953125,0.2655567526817322,True,-1
cam1,227,4,901.3855590820312,652.5620727539062,0.22229668498039246,True,1096.745361328125,321.7042541503906,0.20724625885486603,True,3
cam1,227,5,627.4479370117188,283.95965576171875,0.21520623564720154,True,858.7579956054688,276.88116455078125,0.1887190192937851,True,-1
cam1,227,6,569.7763671875,487.4267883300781,0.16846628487110138,True,540.0642700195312,307.8738708496094,0.1792890578508377,True,-1
cam1,227,7,516.6268920898438,616.5380859375,0.15873035788536072,True,1310.8031005859375,413.43560791015625,0.1170947402715683,True,-1
cam1,228,0,878.0565185546875,504.2488098144531,0.40606075525283813,True,875.4862670898438,500.6138000488281,0.5521424412727356,True,0
cam1,228,1,858.212890625,597.8466796875,0.3305577039718628,True,560.6452026367188,511.8951110839844,0.2854054272174835,True,2
cam1,228,2,551.802490234375,423.5589599609375,0.2939416468143463,True,858.809326171875,598.8864135742188,0.28526178002357483,True,-1
cam1,228,3,550.6383056640625,303.4602355957031,0.1984969824552536,True,900.2568969726562,654.0476684570312,0.2315216213464737,True,6
cam1,228,4,641.0774536132812,272.3698425292969,0.19773152470588684,True,1097.2088623046875,326.0929260253906,0.17789317667484283,True,-1
cam1,228,5,900.7658081054688,654.8989868164062,0.18123450875282288,True,853.6561889648438,276.5462646484375,0.17288856208324432,True,3
cam1,228,6,257.6098937988281,382.0994873046875,0.1683797687292099,True,536.3140869140625,306.16119384765625,0.1637040078639984,True,-1
cam1,228,7,569.5970458984375,494.0958251953125,0.16229431331157684,True,507.6811828613281,410.0403747558594,0.1277959644794464,True,1
cam1,229,0,857.2406005859375,604.12646484375,0.36851996183395386,True,871.9473876953125,500.2965087890625,0.42120659351348877,True,1
cam1,229,1,547.1614379882812,421.10443115234375,0.3308367133140564,True,859.0595703125,606.2221069335938,0.37822872400283813,True,3
cam1,229,2,892.845947265625,524.9546508789062,0.30707240104675293,True,557.708984375,511.73114013671875,0.2644313871860504,True,-1
cam1,229,3,635.4797973632812,267.76165771484375,0.22302241623401642,True,549.6830444335938,434.71759033203125,0.15805619955062866,True,7
cam1,229,4,565.1218872070312,496.923095703125,0.15934646129608154,True,1101.4818115234375,331.3550720214844,0.15048789978027344,True,2
cam1,229,5,486.4676208496094,527.2896118164062,0.1422557234764099,True,538.8884887695312,301.7518310546875,0.14266246557235718,True,-1
cam1,229,6,554.7400512695312,304.17877197265625,0.13467176258563995,True,1098.023193359375,206.89585876464844,0.11633745580911636,True,5
cam1,229,7,1099.560302734375,206.51119995117188,0.1334349513053894,True,645.0392456054688,270.7548522949219,0.11520511656999588,True,6
cam1,230,0,645.0508422851562,464.5768737792969,0.38776224851608276,True,647.2498779296875,473.0057067871094,0.41457775235176086,True,0
cam1,230,1,524.7825927734375,409.0879211425781,0.35340985655784607,True,556.7779541015625,517.2435913085938,0.3556736409664154,True,-1
cam1,230,2,643.5526123046875,265.8535461425781,0.20454196631908417,True,938.630615234375,492.3326721191406,0.2900122106075287,True,-1
cam1,230,3,857.4071044921875,601.2479858398438,0.16298256814479828,True,552.2526245117188,423.9143981933594,0.25973770022392273,True,5
cam1,230,4,1096.8621826171875,203.1798858642578,0.15213832259178162,True,544.8217163085938,305.6428527832031,0.1665918081998825,True,7
cam1,230,5,1356.6881103515625,396.61700439453125,0.14888109266757965,True,858.0160522460938,599.2882690429688,0.16295091807842255,True,-1
cam1,230,6,481.9050598144531,526.1798706054688,0.11770474165678024,True,942.1900024414062,647.0986328125,0.16188673675060272,True,-1
cam1,230,7,562.2999877929688,514.9196166992188,0.11393553018569946,True,1091.7568359375,204.9492645263672,0.1474228799343109,True,1
cam1,231,0,639.9142456054688,448.4290466308594,0.35037121176719666,True,559.9613647460938,524.6763305664062,0.4149990677833557,True,-1
cam1,231,1,527.9996948242188,406.2602844238281,0.3430589735507965,True,651.2151489257812,475.4892883300781,0.3196905255317688,True,3
cam1,231,2,855.2451782226562,605.4259643554688,0.19940343499183655,True,945.1332397460938,496.6490478515625,0.2687053382396698,True,6
cam1,231,3,643.3995361328125,259.98040771484375,0.17158329486846924,True,518.0350952148438,418.37237548828125,0.25961214303970337,True,-1
cam1,231,4,1358.5440673828125,398.5992126464844,0.16990487277507782,True,556.463623046875,423.0771789550781,0.25720158219337463,True,-1
cam1,231,5,1106.076171875,201.67800903320312,0.12912222743034363,True,545.5137939453125,305.1939392089844,0.1932508796453476,True,-1
cam1,231,6,887.0827026367188,527.13134765625,0.12696942687034607,True,850.9039306640625,597.8328247070312,0.19085775315761566,True,-1
cam1,231,7,562.2360229492188,515.1812744140625,0.12613944709300995,True,942.0613403320312,642.2838134765625,0.15547074377536774,True,0
cam1,232,0,520.7578125,407.99151611328125,0.3760718107223511,True,560.05322265625,523.1929931640625,0.36789262294769287,True,1
cam1,232,1,642.7899780273438,455.8872375488281,0.3619879186153412,True,531.3118286132812,413.1126708984375,0.3342791795730591,True,2
cam1,232,2,859.1228637695312,606.7361450195312,0.1897483915090561,True,649.1104736328125,469.1489562988281,0.29563429951667786,True,7
cam1,232,3,1361.873046875,401.9969787597656,0.17982757091522217,True,939.1918334960938,492.02618408203125,0.222727432847023,True,-1
cam1,232,4,636.8842163085938,260.7244567871094,0.16260890662670135,True,890.7259521484375,529.3804321289062,0.17283502221107483,True,-1
cam1,232,5,557.9217529296875,515.9496459960938,0.1470022350549698,True,940.4329223632812,647.6758422851562,0.16241584718227386,True,0
cam1,232,6,889.9591064453125,528.6376342773438,0.1468108594417572,True,550.0531616210938,307.53009033203125,0.15726707875728607,True,4
cam1,232,7,940.6852416992188,648.1256103515625,0.13356195390224457,True,860.3794555664062,605.5021362304688,0.15233032405376434,True,5
cam1,233,0,526.91455078125,410.391357421875,0.3995139002799988,True,525.7579956054688,415.4057922363281,0.3238827884197235,True,0
cam1,233,1,639.9649047851562,469.0304870605469,0.3816967308521271,True,649.525146484375,471.3143005371094,0.3038185238838196,True,1
cam1,233,2,855.20166015625,611.8037719726562,0.17946916818618774,True,569.93212890625,490.2494201660156,0.2857125699520111,True,7
cam1,233,3,1363.449951171875,404.3341979980469,0.17370259761810303,True,937.6260375976562,489.22442626953125,0.19034895300865173,True,-1
cam1,233,4,891.3154907226562,527.1997680664062,0.16050495207309723,True,894.3234252929688,528.4108276367188,0.1754956841468811,True,4
cam1,233,5,933.9216918945312,648.0015258789062,0.14977961778640747,True,553.7344970703125,304.8314514160156,0.17282237112522125,True,6
cam1,233,6,540.9362182617188,304.56475830078125,0.12485019862651825,True,936.6583862304688,649.4651489257812,0.170151486992836,True,5
cam1,233,7,556.152587890625,518.0598754882812,0.1213880255818367,True,857.26220703125,613.8203125,0.13052307069301605,True,-1
cam1,234,0,640.817138671875,466.97760009765625,0.6864641904830933,True,640.8018188476562,477.5685729980469,0.6032463312149048,True,0
cam1,234,1,1186.7039794921875,526.73876953125,0.2520212233066559,True,945.9971313476562,648.9989624023438,0.2686675190925598,True,-1
cam1,234,2,942.5816040039062,647.7515258789062,0.21713002026081085,True,1473.0107421875,387.7611083984375,0.14210845530033112,True,1
cam1,234,3,1357.1055908203125,409.3375244140625,0.21058650314807892,True,861.6387939453125,620.6898193359375,0.1407279372215271,True,5
cam1,234,4,858.5858764648438,621.1541137695312,0.17435583472251892,True,510.5490417480469,418.258544921875,0.13411766290664673,True,3
cam1,234,5,1459.953857421875,379.9510498046875,0.1454053372144699,True,1367.5423583984375,407.8442687988281,0.13381770253181458,True,2
cam1,234,6,338.61810302734375,580.9912719726562,0.13361145555973053,True,431.4971923828125,551.336181640625,0.1302792876958847,True,-1
cam1,234,7,893.8222045898438,531.0198974609375,0.1265840381383896,True,423.943359375,648.00732421875,0.11718038469552994,True,-1
cam1,235,0,641.4334106445312,474.35906982421875,0.6285188794136047,True,640.6307983398438,479.01910400390625,0.5312623977661133,True,0
cam1,235,1,1185.2220458984375,527.4129638671875,0.26118379831314087,True,944.5458984375,648.9406127929688,0.25318288803100586,True,-1
cam1,235,2,940.11572265625,648.5972900390625,0.209199920296669,True,1461.3153076171875,379.5405578613281,0.15749898552894592,True,1
cam1,235,3,1459.548583984375,376.94122314453125,0.20904988050460815,True,853.7879638671875,616.6145629882812,0.15673720836639404,True,2
cam1,235,4,1365.709228515625,405.00537109375,0.19603559374809265,True,429.3153991699219,550.406005859375,0.15125681459903717,True,7
cam1,235,5,854.4397583007812,617.1987915039062,0.18760496377944946,True,421.4542541503906,644.6172485351562,0.14722147583961487,True,3
cam1,235,6,897.3906860351562,531.732421875,0.14722631871700287,True,508.4039611816406,422.02691650390625,0.13982853293418884,True,-1
cam1,235,7,433.0180969238281,546.8248901367188,0.14300678670406342,True,1363.8541259765625,406.96099853515625,0.1310851275920868,True,4
cam1,236,0,643.3237915039062,469.305419921875,0.5872286558151245,True,652.0325927734375,472.30230712890625,0.4410051107406616,True,0
cam1,236,1,1191.4952392578125,521.509765625,0.24308188259601593,True,927.8453979492188,647.8658447265625,0.2728138566017151,True,-1
cam1,236,2,1362.8133544921875,407.2244567871094,0.22135791182518005,True,855.9336547851562,617.4677734375,0.1907508820295334,True,-1
cam1,236,3,1457.5142822265625,374.3542785644531,0.2010594755411148,True,1456.6832275390625,378.7222595214844,0.17258599400520325,True,3
cam1,236,4,937.3724365234375,651.1398315429688,0.19549505412578583,True,425.9371337890625,649.5985717773438,0.1509915143251419,True,1
cam1,236,5,855.1680297851562,617.9044799804688,0.18886378407478333,True,505.37353515625,429.815185546875,0.14426015317440033,True,2
cam1,236,6,339.1728820800781,565.4859619140625,0.14787748456001282,True,426.7788391113281,550.2869873046875,0.143331378698349,True,-1
cam1,236,7,894.724609375,533.6900024414062,0.14745064079761505,True,932.5631713867188,560.0779418945312,0.11787622421979904,True,-1
cam1,237,0,648.1061401367188,474.07659912109375,0.5935710668563843,True,657.9384765625,472.05780029296875,0.46377846598625183,True,0
cam1,237,1,1455.6781005859375,369.91546630859375,0.2655789256095886,True,935.7197265625,647.6988525390625,0.2836077809333801,True,2
cam1,237,2,1359.60400390625,408.18719482421875,0.23582355678081512,True,1458.033935546875,369.96466064453125,0.2037871778011322,True,-1
cam1,237,3,1189.270751953125,524.5484008789062,0.20544373989105225,True,715.7543334960938,525.5941162109375,0.20041164755821228,True,-1
cam1,237,4,936.1302490234375,646.7572021484375,0.20259752869606018,True,508.5651550292969,429.84503173828125,0.192173570394516,True,1
cam1,237,5,856.5450439453125,613.9735717773438,0.18670518696308136,True,858.0783081054688,613.0191650390625,0.19158878922462463,True,5
cam1,237,6,897.2904052734375,535.9932861328125,0.14931580424308777,True,427.15557861328125,550.0258178710938,0.14874646067619324,True,-1
cam1,237,7,430.31890869140625,544.0225830078125,0.14884474873542786,True,932.1065063476562,561.4420776367188,0.11703058332204819,True,6
cam1,238,0,653.5611572265625,479.5198059082031,0.8629119396209717,True,659.0077514648438,477.6143493652344,0.820487380027771,True,0
cam1,238,1,932.387939453125,648.5001831054688,0.155964657664299,True,932.2454223632812,648.9722900390625,0.12942929565906525,True,1
cam1,238,2,889.260986328125,536.6614990234375,0.11073386669158936,True,728.756591796875,367.2942810058594,0.0948009192943573,True,6
cam1,238,3,850.6251220703125,622.0509033203125,0.059672702103853226,True,860.039306640625,272.4349670410156,0.08930207788944244,True,7
cam1,238,4,426.73980712890625,542.753662109375,0.05315301567316055,True,334.8887939453125,552.9859008789062,0.07274357229471207,True,-1
cam1,238,5,336.6619567871094,556.9851684570312,0.04855220764875412,True,776.0388793945312,171.88792419433594,0.07242710888385773,True,4
cam1,238,6,1057.1656494140625,215.2030029296875,0.04422903433442116,True,892.5278930664062,541.253662109375,0.06315018236637115,True,-1
cam1,238,7,1251.427001953125,282.01544189453125,0.04033707454800606,True,858.7733764648438,612.6356811523438,0.061670638620853424,True,-1
cam1,239,0,658.0414428710938,477.9674377441406,0.8827935457229614,True,659.2305297851562,478.95013427734375,0.8552221655845642,True,0
cam1,239,1,932.0040893554688,653.601806640625,0.16993850469589233,True,932.1255493164062,651.4401245117188,0.15156318247318268,True,1
cam1,239,2,889.4048461914062,536.87158203125,0.12944990396499634,True,861.8504638671875,270.22344970703125,0.1054198369383812,True,4
cam1,239,3,858.8507080078125,611.9274291992188,0.06032823398709297,True,734.4335327148438,368.33990478515625,0.0800880566239357,True,-1
cam1,239,4,336.2411804199219,560.6287841796875,0.051543138921260834,True,892.332275390625,541.9580688476562,0.07810573279857635,True,5
cam1,239,5,1341.787109375,189.62100219726562,0.051294710487127304,True,333.28790283203125,554.6650390625,0.07706817984580994,True,-1
cam1,239,6,1247.1917724609375,279.6326904296875,0.050248872488737106,True,1458.138427734375,376.8192138671875,0.07310803979635239,True,-1
cam1,239,7,853.6989135742188,351.29132080078125,0.04846794530749321,True,817.5612182617188,173.64234924316406,0.06242450699210167,True,-1
cam1,240,0,659.1691284179688,477.6244812011719,0.8710770606994629,True,661.1614379882812,477.96502685546875,0.825049877166748,True,0
cam1,240,1,927.6353149414062,655.7593994140625,0.1761094629764557,True,927.3863525390625,655.7836303710938,0.13938261568546295,True,1
cam1,240,2,889.9263916015625,540.7816162109375,0.1364152580499649,True,331.8972473144531,552.0048217773438,0.10242997854948044,True,3
cam1,240,3,831.8524780273438,499.31256103515625,0.09381595253944397,True,890.4631958007812,545.0739135742188,0.0991818904876709,True,5
cam1,240,4,860.48291015625,619.0130615234375,0.058383457362651825,True,1456.1142578125,374.58355712890625,0.09130147099494934,True,-1
cam1,240,5,394.1175842285156,605.131591796875,0.057838305830955505,True,829.3831176757812,501.5469055175781,0.09001461416482925,True,-1
cam1,240,6,1343.54248046875,191.4204559326172,0.05540991947054863,True,863.2546997070312,266.6210021972656,0.0771312564611435,True,-1
cam1,240,7,335.7854309082031,565.6482543945312,0.04866103082895279,True,736.68310546875,368.1455383300781,0.07675275206565857,True,2
cam1,241,0,660.5625610351562,479.0328063964844,0.8543630242347717,True,660.6505126953125,479.7456970214844,0.8072346448898315,True,0
cam1,241,1,924.772705078125,653.860595703125,0.13866737484931946,True,1455.7821044921875,380.3549499511719,0.13199062645435333,True,3
cam1,241,2,824.7416381835938,500.8340148925781,0.11217251420021057,True,823.7649536132812,505.380859375,0.11820250004529953,True,2
cam1,241,3,889.8429565429688,540.0330200195312,0.10969295352697372,True,924.8773803710938,654.4547119140625,0.10555756092071533,True,6
cam1,241,4,1246.4119873046875,282.7309875488281,0.06228204444050789,True,331.2096252441406,552.4609985351562,0.10297141224145889,True,-1
cam1,241,5,1344.2333984375,192.90689086914062,0.055601704865694046,True,736.3787841796875,367.5886535644531,0.09771017730236053,True,-1
cam1,241,6,846.6327514648438,358.4986267089844,0.05519188940525055,True,894.3544921875,546.0958251953125,0.09389328956604004,True,-1
cam1,241,7,394.0194396972656,599.7874145507812,0.05165454000234604,True,863.244384765625,269.1182861328125,0.07106963545084,True,-1
cam1,242,0,660.8103637695312,476.8613586425781,0.8316715955734253,True,656.80322265625,479.2860412597656,0.8009544014930725,True,0
cam1,242,1,844.3812866210938,352.74627685546875,0.162991002202034,True,920.8165893554688,651.1920776367188,0.08465929329395294,True,6
cam1,242,2,920.7826538085938,650.9910278320312,0.13182076811790466,True,823.6135864257812,503.4176940917969,0.08207827806472778,True,1
cam1,242,3,543.592529296875,431.0693359375,0.09573576599359512,True,541.0596923828125,431.92205810546875,0.06984610110521317,True,3
cam1,242,4,890.6643676757812,529.404541015625,0.07795044034719467,True,754.1267700195312,392.4619140625,0.06645816564559937,True,-1
cam1,242,5,1252.6964111328125,283.7493896484375,0.05172529071569443,True,335.2365417480469,563.6658325195312,0.06368735432624817,True,-1
cam1,242,6,765.4447631835938,200.60772705078125,0.049760978668928146,True,845.5000610351562,355.17718505859375,0.05240105465054512,True,-1
cam1,242,7,820.617919921875,501.177490234375,0.042280346155166626,True,1311.158447265625,342.86572265625,0.04319797456264496,True,2
cam1,243,0,656.8356323242188,476.9178161621094,0.8694489598274231,True,659.21630859375,476.2184753417969,0.87947678565979,True,0
cam1,243,1,844.4059448242188,353.24713134765625,0.20684607326984406,True,333.4807434082031,557.7880249023438,0.0973406508564949,True,2
cam1,243,2,543.276123046875,432.99627685546875,0.11687376350164413,True,844.231201171875,359.6134948730469,0.0826585441827774,True,5
cam1,243,3,917.1666870117188,651.3801879882812,0.09162096679210663,True,820.4131469726562,501.2728271484375,0.07422055304050446,True,-1
cam1,243,4,893.6136474609375,530.1486206054688,0.08724385499954224,True,754.9931640625,393.5243835449219,0.05828067660331726,True,-1
cam1,243,5,337.04193115234375,562.3832397460938,0.06277941167354584,True,539.0632934570312,432.87939453125,0.056742943823337555,True,1
cam1,243,6,764.062255859375,199.9662628173828,0.06094994395971298,True,1311.677001953125,341.7706604003906,0.04842408001422882,True,-1
cam1,243,7,1659.121826171875,734.7415161132812,0.051460519433021545,True,1015.0709228515625,319.7984924316406,0.04709606245160103,True,-1
cam1,244,0,657.1807250976562,475.2337951660156,0.8748893737792969,True,659.2188720703125,475.7364807128906,0.9026714563369751,True,0
cam1,244,1,545.95654296875,430.31817626953125,0.17522239685058594,True,753.7733154296875,388.59088134765625,0.11758820712566376,True,4
cam1,244,2,845.7462158203125,355.3462219238281,0.1737804263830185,True,338.1822509765625,558.9418334960938,0.11153219640254974,True,3
cam1,244,3,889.8204345703125,525.2542114257812,0.09453655779361725,True,843.9168701171875,359.9932556152344,0.07544613629579544,True,-1
cam1,244,4,910.38232421875,651.9566650390625,0.08977250754833221,True,545.008544921875,433.2220153808594,0.06895854324102402,True,6
cam1,244,5,339.15155029296875,556.496337890625,0.07239647209644318,True,823.9266357421875,496.9853820800781,0.06410432606935501,True,2
cam1,244,6,1657.376708984375,736.7411499023438,0.06242113932967186,True,908.85400390625,650.6251220703125,0.061602748930454254,True,-1
cam1,244,7,765.3060302734375,200.6356658935547,0.05399922654032707,True,1311.2591552734375,343.0589904785156,0.048238128423690796,True,-1
cam1,245,0,657.8406982421875,478.1980285644531,0.8484666347503662,True,663.7244873046875,479.332275390625,0.8826490044593811,True,0
cam1,245,1,550.6088256835938,432.781005859375,0.1989029049873352,True,746.5988159179688,380.78314208984375,0.2067132443189621,True,2
cam1,245,2,845.710693359375,356.330810546875,0.17364251613616943,True,543.9403686523438,431.8500061035156,0.08546008914709091,True,4
cam1,245,3,883.8262939453125,525.6084594726562,0.10017450898885727,True,338.12750244140625,558.3211669921875,0.08108633756637573,True,7
cam1,245,4,901.7661743164062,650.0082397460938,0.0790407732129097,True,845.3367919921875,355.2503662109375,0.06668758392333984,True,-1
cam1,245,5,766.73779296875,376.5766906738281,0.0691104605793953,True,826.7213745117188,500.21490478515625,0.0579867921769619,True,-1
cam1,245,6,344.0516662597656,555.402587890625,0.06393949687480927,True,904.3843383789062,629.3854370117188,0.05664558336138725,True,3
cam1,245,7,1660.746337890625,734.330078125,0.05029408633708954,True,886.3056030273438,533.7872924804688,0.04669952020049095,True,-1
cam1,246,0,657.0536499023438,476.6319885253906,0.6475993990898132,True,668.816162109375,477.18096923828125,0.6580673456192017,True,0
cam1,246,1,838.2848510742188,352.60992431640625,0.39381009340286255,True,858.5238647460938,275.6143798828125,0.27093878388404846,True,-1
cam1,246,2,595.6702880859375,428.3905029296875,0.23348474502563477,True,548.4837036132812,430.1272888183594,0.20826442539691925,True,-1
cam1,246,3,888.6752319335938,527.0256958007812,0.09709366410970688,True,861.9694213867188,345.8555603027344,0.17026694118976593,True,6
cam1,246,4,903.8651123046875,656.8905029296875,0.09549328684806824,True,336.2676086425781,559.8760375976562,0.06489291787147522,True,-1
cam1,246,5,857.7562255859375,268.2519836425781,0.0770234763622284,True,755.3936157226562,389.68365478515625,0.06404098868370056,True,1
cam1,246,6,488.62188720703125,379.1272277832031,0.06833035498857498,True,891.2659912109375,535.8572998046875,0.053969450294971466,True,-1
cam1,246,7,423.4521789550781,644.2492065429688,0.06083739176392555,True,1669.794677734375,729.22509765625,0.04730883613228798,True,-1
cam1,247,0,658.35791015625,475.232421875,0.7051388025283813,True,664.603515625,476.2378845214844,0.6899420022964478,True,0
cam1,247,1,844.0049438476562,352.2351379394531,0.3584623336791992,True,850.7556762695312,283.98834228515625,0.31307926774024963,True,-1
cam1,247,2,603.8995361328125,417.0086364746094,0.2404245287179947,True,547.4680786132812,428.2836608886719,0.21894802153110504,True,-1
cam1,247,3,856.1820678710938,274.3112487792969,0.12041815370321274,True,333.8838195800781,553.7283935546875,0.08596998453140259,True,1
cam1,247,4,894.6160278320312,659.4444580078125,0.09176234155893326,True,1132.662109375,170.94363403320312,0.060449108481407166,True,-1
cam1,247,5,890.054443359375,527.240966796875,0.08182312548160553,True,757.9619750976562,392.7090759277344,0.05830834433436394,True,7
cam1,247,6,424.02593994140625,644.7017211914062,0.07901881635189056,True,1072.505126953125,267.40252685546875,0.053305234760046005,True,-1
cam1,247,7,490.2158203125,374.4537353515625,0.0721077248454094,True,891.1439208984375,533.9645385742188,0.0514044314622879,True,-1
cam1,248,0,656.90673828125,474.3642883300781,0.6933201551437378,True,662.0178833007812,470.79034423828125,0.6270588636398315,True,0
cam1,248,1,844.7627563476562,348.0239562988281,0.33554139733314514,True,854.5982055664062,274.6156311035156,0.42616772651672363,True,-1
cam1,248,2,604.1644897460938,417.5894775390625,0.18781034648418427,True,545.0355224609375,427.5615234375,0.22331656515598297,True,-1
cam1,248,3,860.1730346679688,270.7670593261719,0.13754013180732727,True,334.61700439453125,555.5073852539062,0.08590028434991837,True,1
cam1,248,4,895.3025512695312,529.942626953125,0.08496875315904617,True,827.5526733398438,496.1663513183594,0.06227528303861618,True,-1
cam1,248,5,881.7384643554688,643.089599609375,0.08468487858772278,True,880.3163452148438,641.6817626953125,0.05871051549911499,True,5
cam1,248,6,490.46661376953125,369.7943420410156,0.07971998304128647,True,768.2265625,300.8304748535156,0.05465054139494896,True,-1
cam1,248,7,409.9619140625,519.470947265625,0.0731762945652008,True,1071.3797607421875,272.3028564453125,0.04803578928112984,True,-1
cam1,249,0,656.4005126953125,473.9603271484375,0.7287597060203552,True,666.9326782226562,480.8402404785156,0.5790015459060669,True,0
cam1,249,1,852.8682250976562,357.578125,0.3429471552371979,True,852.0763549804688,277.32647705078125,0.35665786266326904,True,3
cam1,249,2,866.7786865234375,270.38726806640625,0.1060832142829895,True,535.5043334960938,425.5992736816406,0.2295055091381073,True,1
cam1,249,3,410.69134521484375,521.3776245117188,0.0921635851264,True,857.7763061523438,358.5284118652344,0.16265001893043518,True,-1
cam1,249,4,878.2639770507812,647.6757202148438,0.08727683871984482,True,828.7755737304688,497.2314758300781,0.08851777762174606,True,6
cam1,249,5,489.0842590332031,366.9464111328125,0.08470243960618973,True,336.04364013671875,559.6654663085938,0.08259902894496918,True,-1
cam1,249,6,896.5990600585938,527.2777099609375,0.08316341787576675,True,877.9710083007812,638.6754150390625,0.06798843294382095,True,-1
cam1,249,7,798.6948852539062,496.9555969238281,0.06805851310491562,True,1658.6422119140625,734.1853637695312,0.05072754621505737,True,-1
cam1,250,0,656.4747924804688,473.5732116699219,0.7550917267799377,True,673.6119384765625,474.45263671875,0.4530593752861023,True,0
cam1,250,1,847.6832275390625,344.9677734375,0.38684722781181335,True,861.3092651367188,273.637451171875,0.3460663855075836,True,3
cam1,250,2,426.310791015625,648.4617919921875,0.1784639209508896,True,956.0166625976562,489.69586181640625,0.2578018009662628,True,-1
cam1,250,3,410.1373291015625,527.7328491210938,0.12714026868343353,True,845.542236328125,359.0332336425781,0.17959143221378326,True,-1
cam1,250,4,885.1887817382812,540.8277587890625,0.10783647745847702,True,833.0198974609375,499.4872131347656,0.15152250230312347,True,-1
cam1,250,5,879.2649536132812,651.2931518554688,0.10760970413684845,True,890.664794921875,630.6812133789062,0.15017515420913696,True,-1
cam1,250,6,1003.8223876953125,167.87353515625,0.09998958557844162,True,348.2808532714844,378.17230224609375,0.13952960073947906,True,-1
cam1,250,7,940.6314697265625,492.5699462890625,0.09400566667318344,True,1663.4564208984375,730.3487548828125,0.08704806119203568,True,2
cam1,251,0,658.9843139648438,468.6335754394531,0.6834297180175781,True,661.9729614257812,466.44439697265625,0.49622562527656555,True,0
cam1,251,1,837.1397705078125,347.7059326171875,0.40360480546951294,True,959.1173095703125,484.6106262207031,0.2989228367805481,True,3
cam1,251,2,424.95831298828125,646.4599609375,0.19284144043922424,True,860.3388061523438,272.91119384765625,0.28105854988098145,True,-1
cam1,251,3,1338.24658203125,193.8837127685547,0.12007012218236923,True,838.0172119140625,352.8171691894531,0.23694488406181335,True,7
cam1,251,4,666.9912109375,395.4055480957031,0.1195986345410347,True,831.0400390625,501.7396545410156,0.17093707621097565,True,-1
cam1,251,5,878.7010498046875,547.6239013671875,0.11683878302574158,True,890.9168701171875,624.60400390625,0.14272217452526093,True,-1
cam1,251,6,451.7452087402344,526.1397705078125,0.11110993474721909,True,346.0956726074219,380.8386535644531,0.12743952870368958,True,-1
cam1,251,7,413.8280944824219,526.3652954101562,0.10855564475059509,True,1340.3358154296875,190.30206298828125,0.10282871872186661,True,-1
cam1,252,0,655.7052001953125,473.5987854003906,0.7392124533653259,True,657.0673828125,473.8018493652344,0.5829039216041565,True,0
cam1,252,1,837.3215942382812,349.2292785644531,0.3866817355155945,True,969.2947998046875,494.14520263671875,0.31491532921791077,True,3
cam1,252,2,428.0571594238281,646.2426147460938,0.1938583105802536,True,862.0374755859375,267.9692687988281,0.3093111515045166,True,-1
cam1,252,3,669.5470581054688,397.9130554199219,0.1437438726425171,True,847.2703857421875,359.4986877441406,0.21324630081653595,True,-1
cam1,252,4,1344.114013671875,187.1049346923828,0.14309006929397583,True,895.4354858398438,625.66943359375,0.16977441310882568,True,-1
cam1,252,5,458.2237548828125,526.5073852539062,0.13410097360610962,True,832.3780517578125,503.0802917480469,0.13285966217517853,True,-1
cam1,252,6,893.0062255859375,623.3411254882812,0.12490411102771759,True,362.8435363769531,561.3292236328125,0.11405616253614426,True,4
cam1,252,7,876.8465576171875,542.1158447265625,0.11266010254621506,True,635.4318237304688,383.18719482421875,0.10887676477432251,True,-1
cam1,253,0,657.1480102539062,474.6578674316406,0.6907035112380981,True,657.9759521484375,476.4091796875,0.5731288194656372,True,0
cam1,253,1,848.8795776367188,349.7012634277344,0.3572223484516144,True,852.7168579101562,261.71240234375,0.3249454200267792,True,3
cam1,253,2,421.54473876953125,645.4063720703125,0.17317818105220795,True,974.7322998046875,495.76397705078125,0.3124999403953552,True,-1
cam1,253,3,1346.9395751953125,186.8271484375,0.16651852428913116,True,856.2071533203125,361.3841552734375,0.2610427439212799,True,6
cam1,253,4,463.0326843261719,529.535400390625,0.15956911444664001,True,898.1549682617188,624.6285400390625,0.1678112894296646,True,-1
cam1,253,5,670.4210205078125,394.8307800292969,0.1558368057012558,True,622.4989624023438,375.651123046875,0.11356490850448608,True,-1
cam1,253,6,434.24847412109375,385.0704650878906,0.11885727196931839,True,1345.5343017578125,188.62464904785156,0.11177269369363785,True,-1
cam1,253,7,882.8428955078125,543.6097412109375,0.11519309133291245,True,899.8255615234375,543.7726440429688,0.11170215159654617,True,7
cam1,254,0,665.337890625,471.5309143066406,0.622047483921051,True,482.32965087890625,530.9715576171875,0.4484695792198181,True,1
cam1,254,1,500.8565979003906,530.0322265625,0.361005961894989,True,660.6663818359375,474.3652038574219,0.37113305926322937,True,0
cam1,254,2,670.467529296875,396.80517578125,0.30512747168540955,True,427.14703369140625,593.8534545898438,0.2519618570804596,True,-1
cam1,254,3,838.133056640625,350.2391357421875,0.2335871458053589,True,601.6818237304688,372.9771423339844,0.2447362244129181,True,4
cam1,254,4,419.057373046875,634.171630859375,0.18642346560955048,True,838.582763671875,347.3940734863281,0.20510758459568024,True,-1
cam1,254,5,1351.419677734375,188.47189331054688,0.1385527104139328,True,968.1734008789062,489.5549621582031,0.15538306534290314,True,-1
cam1,254,6,1124.93701171875,428.9219665527344,0.13405613601207733,True,1306.573974609375,355.8952331542969,0.12872852385044098,True,-1
cam1,254,7,1058.9071044921875,281.45465087890625,0.11613637208938599,True,1061.3868408203125,286.9490051269531,0.11758365482091904,True,7
cam1,255,0,671.27734375,468.2572021484375,0.6347989439964294,True,484.5263366699219,528.4608764648438,0.4679103493690491,True,1
cam1,255,1,503.91729736328125,532.1554565429688,0.4394228160381317,True,666.3834228515625,471.608642578125,0.2986651360988617,True,0
cam1,255,2,669.8408203125,391.4632263183594,0.2531455159187317,True,427.0367431640625,591.6724243164062,0.2730480432510376,True,-1
cam1,255,3,843.9468383789062,353.2172546386719,0.18995168805122375,True,586.1976928710938,368.2935791015625,0.2179437130689621,True,4
cam1,255,4,410.1966247558594,614.70751953125,0.18102668225765228,True,838.456787109375,351.21881103515625,0.17162807285785675,True,-1
cam1,255,5,1350.3536376953125,189.6878204345703,0.14492908120155334,True,808.3233032226562,397.1160583496094,0.15507109463214874,True,-1
cam1,255,6,1124.5357666015625,428.8431396484375,0.11773944646120071,True,966.28466796875,490.3856201171875,0.12698453664779663,True,-1
cam1,255,7,1061.0030517578125,279.39141845703125,0.11634891480207443,True,1061.7930908203125,287.514892578125,0.12363669276237488,True,7
cam1,256,0,669.541015625,471.32568359375,0.6779336333274841,True,499.7055969238281,535.3494262695312,0.4634724259376526,True,1
cam1,256,1,499.9530029296875,530.8941650390625,0.5089960694313049,True,667.1192626953125,470.0280456542969,0.25010770559310913,True,0
cam1,256,2,669.8884887695312,393.06982421875,0.1925753355026245,True,570.1574096679688,369.351806640625,0.24959777295589447,True,-1
cam1,256,3,405.8486328125,611.1598510742188,0.17669706046581268,True,434.27899169921875,593.7192993164062,0.24716001749038696,True,-1
cam1,256,4,846.8883666992188,350.6198425292969,0.15415488183498383,True,809.1410522460938,397.1606750488281,0.18811027705669403,True,-1
cam1,256,5,1354.834716796875,193.55743408203125,0.12450646609067917,True,1002.1983032226562,145.2398223876953,0.11492764949798584,True,-1
cam1,256,6,1125.75732421875,428.5328674316406,0.11789648234844208,True,1062.39794921875,281.6624755859375,0.11341986805200577,True,-1
cam1,256,7,1062.37548828125,279.4078063964844,0.10986833274364471,True,891.4209594726562,626.7741088867188,0.1078069806098938,True,6
cam1,257,0,670.678955078125,470.5223693847656,0.6212925910949707,True,495.90960693359375,537.4124145507812,0.5628016591072083,True,3
cam1,257,1,493.1678466796875,527.9576416015625,0.5703546404838562,True,570.4000854492188,376.773681640625,0.3083433508872986,True,0
cam1,257,2,400.05499267578125,612.3529663085938,0.1507376879453659,True,809.4900512695312,391.7411804199219,0.25677764415740967,True,-1
cam1,257,3,667.8236694335938,389.27392578125,0.14411553740501404,True,657.6392822265625,461.3265380859375,0.25471529364585876,True,-1
cam1,257,4,838.5047607421875,350.553466796875,0.1335579752922058,True,433.72943115234375,591.3732299804688,0.16048187017440796,True,-1
cam1,257,5,1063.164306640625,277.61175537109375,0.11514101922512054,True,999.3245849609375,146.5116424560547,0.13369670510292053,True,6
cam1,257,6,1357.7047119140625,208.5677947998047,0.11195271462202072,True,1061.2379150390625,276.94073486328125,0.12591005861759186,True,-1
cam1,257,7,780.5958251953125,261.6066589355469,0.10628606379032135,True,1291.06884765625,367.9130859375,0.09951769560575485,True,-1
cam1,258,0,666.748779296875,465.751220703125,0.6581512689590454,True,572.5665893554688,375.40179443359375,0.35616835951805115,True,1
cam1,258,1,557.6592407226562,522.1613159179688,0.35320040583610535,True,672.4378051757812,470.2966613769531,0.3340981900691986,True,4
cam1,258,2,775.659912109375,510.9796447753906,0.24717240035533905,True,826.7377319335938,374.87548828125,0.2934708297252655,True,-1
cam1,258,3,843.1553955078125,75.7551040649414,0.16389916837215424,True,494.9642028808594,536.9906616210938,0.17404766380786896,True,-1
cam1,258,4,841.6351928710938,358.2592468261719,0.11745814234018326,True,562.28662109375,524.9268188476562,0.15555782616138458,True,-1
cam1,258,5,793.4617309570312,258.5755920410156,0.11397148668766022,True,438.4676818847656,592.036376953125,0.15352563560009003,True,-1
cam1,258,6,503.59844970703125,409.94622802734375,0.08286657184362411,True,862.9467163085938,273.40496826171875,0.15317633748054504,True,-1
cam1,258,7,398.2366638183594,614.4688110351562,0.0751948133111,True,1061.6199951171875,278.6244201660156,0.1448114514350891,True,-1
cam1,259,0,673.89306640625,468.2682189941406,0.6072476506233215,True,584.0686645507812,375.963623046875,0.4167512357234955,True,1
cam1,259,1,554.3464965820312,521.5123291015625,0.38234952092170715,True,673.5870361328125,471.79376220703125,0.3855399489402771,True,7
cam1,259,2,774.0191650390625,507.178955078125,0.2976089119911194,True,830.19775390625,369.6305847167969,0.23322059214115143,True,-1
cam1,259,3,836.4624633789062,88.89533233642578,0.27168145775794983,True,436.1295166015625,586.42138671875,0.20433245599269867,True,5
cam1,259,4,846.301513671875,351.9788818359375,0.11637420207262039,True,861.1992797851562,271.2769470214844,0.1969931423664093,True,-1
cam1,259,5,787.980224609375,264.8895263671875,0.08108760416507721,True,836.5795288085938,89.66218566894531,0.168661430478096,True,-1
cam1,259,6,510.3775329589844,415.424072265625,0.07740534096956253,True,490.0965270996094,528.3145751953125,0.15818654000759125,True,-1
cam1,259,7,705.9186401367188,172.6922149658203,0.06872288882732391,True,554.2604370117188,523.0767822265625,0.15181125700473785,True,-1
cam1,260,0,665.5087890625,466.49053955078125,0.49530228972435,True,585.9400024414062,376.0111999511719,0.38361015915870667,True,1
cam1,260,1,765.7061157226562,503.4287109375,0.37465909123420715,True,666.3079833984375,468.38916015625,0.345685750246048,True,2
cam1,260,2,553.1801147460938,529.2721557617188,0.3523302376270294,True,765.0465087890625,507.54425048828125,0.21999430656433105,True,-1
cam1,260,3,854.4133911132812,94.13400268554688,0.25407376885414124,True,838.2061767578125,371.0040588378906,0.20818330347537994,True,6
cam1,260,4,597.8858032226562,404.1030578613281,0.20127202570438385,True,862.8898315429688,268.3883056640625,0.20538108050823212,True,-1
cam1,260,5,847.671875,357.0320129394531,0.15569819509983063,True,440.8418273925781,582.5239868164062,0.19780005514621735,True,3
cam1,260,6,512.497314453125,421.4198913574219,0.08450055122375488,True,855.6525268554688,89.76371002197266,0.1681002676486969,True,-1
cam1,260,7,706.7822265625,172.60202026367188,0.08035425841808319,True,494.695068359375,528.1961669921875,0.16242067515850067,True,-1
cam1,261,0,662.0223388671875,468.4935302734375,0.4108778238296509,True,590.3526611328125,380.4188232421875,0.41013798117637634,True,2
cam1,261,1,544.3906860351562,523.2098388671875,0.3546959161758423,True,859.8619995117188,263.6229248046875,0.2752777338027954,True,6
cam1,261,2,765.2284545898438,507.0555114746094,0.3477451503276825,True,668.3875732421875,471.29412841796875,0.24122624099254608,True,4
cam1,261,3,594.0438842773438,396.5600280761719,0.25892823934555054,True,836.6248168945312,370.23553466796875,0.22149813175201416,True,0
cam1,261,4,846.6970825195312,94.18070983886719,0.25366801023483276,True,761.790283203125,505.40191650390625,0.21272936463356018,True,7
cam1,261,5,842.743896484375,364.12371826171875,0.18442851305007935,True,437.16571044921875,580.580810546875,0.21111217141151428,True,3
cam1,261,6,818.7196044921875,171.8162384033203,0.10742634534835815,True,547.6072998046875,523.7005615234375,0.15536171197891235,True,-1
cam1,261,7,706.3154296875,168.0613250732422,0.08869631588459015,True,848.1075439453125,92.59395599365234,0.1516513228416443,True,-1
cam1,262,0,598.70263671875,393.171630859375,0.36195823550224304,True,843.6315307617188,364.1898193359375,0.34063729643821716,True,-1
cam1,262,1,656.9451904296875,475.9049987792969,0.3097837567329407,True,658.8753051757812,471.5264892578125,0.33043941855430603,True,1
cam1,262,2,844.5620727539062,351.7144775390625,0.29510506987571716,True,862.578857421875,269.50628662109375,0.31036439538002014,True,0
cam1,262,3,770.8380737304688,511.27099609375,0.19187919795513153,True,469.1744689941406,521.0068359375,0.18542994558811188,True,7
cam1,262,4,544.7255859375,524.3550415039062,0.14020340144634247,True,549.8887329101562,525.7455444335938,0.16573408246040344,True,4
cam1,262,5,487.21435546875,522.7637329101562,0.11354583501815796,True,434.8393249511719,589.7054443359375,0.13078872859477997,True,3
cam1,262,6,841.763916015625,90.6549072265625,0.10941027104854584,True,615.1893920898438,379.1378173828125,0.10677608847618103,True,-1
cam1,262,7,439.6035461425781,436.3995056152344,0.10374946892261505,True,760.7288818359375,510.64434814453125,0.09363467991352081,True,-1
cam1,263,0,657.539794921875,474.9676208496094,0.4126827120780945,True,862.8861694335938,265.0384521484375,0.3570059835910797,True,2
cam1,263,1,841.4823608398438,348.4381408691406,0.35477331280708313,True,845.2244262695312,370.5996398925781,0.3515143096446991,True,-1
cam1,263,2,598.8932495117188,386.76318359375,0.3297244906425476,True,660.9404296875,467.0950012207031,0.33302628993988037,True,6
cam1,263,3,769.0045776367188,515.8728637695312,0.20968669652938843,True,466.66217041015625,524.8751831054688,0.2570716440677643,True,7
cam1,263,4,541.4288940429688,527.1255493164062,0.16293449699878693,True,427.6949157714844,592.572265625,0.15305869281291962,True,5
cam1,263,5,484.3431396484375,520.59375,0.13913390040397644,True,544.7029418945312,525.8125,0.13415969908237457,True,3
cam1,263,6,852.8848266601562,254.3905029296875,0.12626375257968903,True,612.1652221679688,377.7876281738281,0.11126643419265747,True,0
cam1,263,7,853.9523315429688,93.01322937011719,0.12430095672607422,True,759.1942138671875,510.92724609375,0.09998201578855515,True,-1
cam1,264,0,666.3939819335938,472.02496337890625,0.5046882033348083,True,846.0891723632812,362.1989440917969,0.43533438444137573,True,2
cam1,264,1,598.1091918945312,391.0530700683594,0.4166414439678192,True,862.3029174804688,259.5451965332031,0.31152984499931335,True,5
cam1,264,2,840.2821044921875,352.0447082519531,0.3934365212917328,True,663.8106079101562,463.0552978515625,0.28935131430625916,True,0
cam1,264,3,762.852783203125,512.6791381835938,0.22113393247127533,True,464.0655822753906,523.9231567382812,0.27377185225486755,True,6
cam1,264,4,536.8838500976562,520.8333129882812,0.14612427353858948,True,425.875244140625,594.093994140625,0.22993898391723633,True,-1
cam1,264,5,484.17742919921875,516.6824340820312,0.13849107921123505,True,599.9314575195312,389.30120849609375,0.11139153689146042,True,-1
cam1,264,6,491.826904296875,421.1524353027344,0.11901088804006577,True,755.1592407226562,513.5936889648438,0.09309159219264984,True,-1
cam1,264,7,849.36376953125,93.33634185791016,0.10453686863183975,True,852.638671875,684.4658813476562,0.08985231816768646,True,-1
cam1,265,0,664.112548828125,467.7739562988281,0.408592164516449,True,467.211669921875,523.6624145507812,0.3840872347354889,True,2
cam1,265,1,846.0234375,353.50042724609375,0.3543882369995117,True,853.9398803710938,351.9222412109375,0.3731168806552887,True,1
cam1,265,2,623.9677734375,371.6100769042969,0.2686717212200165,True,667.274658203125,463.8182678222656,0.27876609563827515,True,-1
cam1,265,3,487.333984375,520.47509765625,0.25141164660453796,True,425.216796875,596.3653564453125,0.2455735057592392,True,-1
cam1,265,4,891.8290405273438,651.3380126953125,0.13495254516601562,True,727.5782470703125,386.7278747558594,0.1865803599357605,True,6
cam1,265,5,1312.2578125,355.0662841796875,0.1334226131439209,True,861.1484985351562,262.1990661621094,0.13318143784999847,True,-1
cam1,265,6,759.1599731445312,512.4976196289062,0.13019931316375732,True,890.4535522460938,653.1051635742188,0.09324507415294647,True,-1
cam1,265,7,401.7258605957031,367.7721862792969,0.12532947957515717,True,403.91168212890625,367.8384094238281,0.08997126668691635,True,7
cam1,266,0,840.3289184570312,349.473388671875,0.3779476284980774,True,474.1525573730469,525.5072631835938,0.39284420013427734,True,1
cam1,266,1,668.463134765625,463.3489990234375,0.3552006781101227,True,839.7411499023438,352.83306884765625,0.37319672107696533,True,2
cam1,266,2,488.1555480957031,523.4960327148438,0.28263360261917114,True,662.8140869140625,460.06640625,0.28427761793136597,True,0
cam1,266,3,625.7725219726562,371.607177734375,0.23723465204238892,True,424.0821838378906,594.7979736328125,0.20874913036823273,True,-1
cam1,266,4,1312.9486083984375,354.7073669433594,0.14588068425655365,True,724.3372192382812,384.98779296875,0.19447113573551178,True,-1
cam1,266,5,401.65728759765625,368.3199768066406,0.1381838321685791,True,889.1265258789062,658.4376220703125,0.10074622929096222,True,6
cam1,266,6,888.2564697265625,654.9617919921875,0.12597477436065674,True,406.98187255859375,367.9790344238281,0.09790395200252533,True,5
cam1,266,7,587.2307739257812,674.68505859375,0.11102189868688583,True,1056.6123046875,133.5277099609375,0.07815171033143997,True,-1
cam1,267,0,837.3907470703125,354.1130065917969,0.39189088344573975,True,475.2939147949219,523.5443725585938,0.4532117247581482,True,1
cam1,267,1,490.41827392578125,527.629638671875,0.3174053430557251,True,840.9886474609375,356.2400207519531,0.37309789657592773,True,0
cam1,267,2,667.8375854492188,462.2559814453125,0.24449625611305237,True,656.9723510742188,456.55078125,0.23740293085575104,True,2
cam1,267,3,637.8671875,350.1876220703125,0.2257639467716217,True,737.6143188476562,377.6989440917969,0.23222456872463226,True,6
cam1,267,4,595.777099609375,504.0867004394531,0.22537530958652496,True,421.1261291503906,590.8736572265625,0.1829376518726349,True,5
cam1,267,5,734.3536987304688,380.1299133300781,0.15482120215892792,True,603.730224609375,520.0836181640625,0.11966114491224289,True,3
cam1,267,6,1313.5220947265625,361.6959533691406,0.14955869317054749,True,639.0460205078125,351.9952392578125,0.09839977324008942,True,-1
cam1,267,7,1226.5772705078125,244.19033813476562,0.14875608682632446,True,1040.919677734375,181.2012481689453,0.09370934218168259,True,-1
cam1,268,0,854.6368408203125,359.1166687011719,0.4038953185081482,True,854.658935546875,361.7325134277344,0.47527560591697693,True,0
cam1,268,1,488.30303955078125,526.6454467773438,0.3478558659553528,True,487.6768493652344,531.4898071289062,0.46631014347076416,True,1
cam1,268,2,600.5819702148438,505.7954406738281,0.27586057782173157,True,738.4536743164062,376.8685302734375,0.27823400497436523,True,5
cam1,268,3,638.135498046875,361.296875,0.22437681257724762,True,426.2845764160156,590.3023071289062,0.18178550899028778,True,-1
cam1,268,4,669.412353515625,466.6712646484375,0.20417240262031555,True,651.2721557617188,454.2861633300781,0.16779446601867676,True,-1
cam1,268,5,734.2855224609375,381.1024169921875,0.19332696497440338,True,604.3711547851562,519.9320068359375,0.14985626935958862,True,2
cam1,268,6,397.4801940917969,368.72265625,0.17658214271068573,True,559.417236328125,374.7799072265625,0.11465179920196533,True,-1
cam1,268,7,1312.7396240234375,366.7939453125,0.16864986717700958,True,1031.2960205078125,174.61911010742188,0.09732324630022049,True,-1
cam1,269,0,853.3328247070312,360.14508056640625,0.39769604802131653,True,855.56103515625,358.55023193359375,0.47224730253219604,True,0
cam1,269,1,488.77349853515625,531.1085815429688,0.29834479093551636,True,492.2686767578125,540.2508544921875,0.4218091368675232,True,1
cam1,269,2,597.6604614257812,500.6748352050781,0.2960439622402191,True,742.0957641601562,375.0069885253906,0.30233675241470337,True,-1
cam1,269,3,400.2864685058594,369.9497985839844,0.2152245193719864,True,652.4378662109375,452.1507263183594,0.17297117412090302,True,6
cam1,269,4,736.0958251953125,378.23052978515625,0.19584114849567413,True,428.8214111328125,591.113525390625,0.13934984803199768,True,2
cam1,269,5,633.1901245117188,369.40582275390625,0.19205449521541595,True,608.816650390625,517.50537109375,0.13374494016170502,True,-1
cam1,269,6,1312.6339111328125,362.9076843261719,0.17727987468242645,True,402.6913757324219,368.0924377441406,0.11271008849143982,True,-1
cam1,269,7,887.7479248046875,659.7259521484375,0.13080798089504242,True,1283.97607421875,102.30062866210938,0.1055414155125618,True,-1
cam2,0,0,977.6948852539062,384.7100830078125,0.2637060880661011,True,985.4318237304688,393.9114074707031,0.48977720737457275,True,0
cam2,0,1,939.9940795898438,299.712158203125,0.2223058044910431,True,1295.1441650390625,581.1300048828125,0.1638757586479187,True,-1
cam2,0,2,838.1846313476562,309.52911376953125,0.1913398802280426,True,1330.5982666015625,313.4952697753906,0.15906761586666107,True,-1
cam2,0,3,1151.466064453125,275.52532958984375,0.15233413875102997,True,830.5347900390625,333.2392272949219,0.14071254432201385,True,-1
cam2,0,4,692.054443359375,172.5741424560547,0.11461347341537476,True,892.30712890625,457.41558837890625,0.11560023576021194,True,-1
cam2,0,5,664.1321411132812,323.2826843261719,0.09288903325796127,True,740.1620483398438,463.3443603515625,0.08314307034015656,True,-1
cam2,0,6,1228.2945556640625,153.5569305419922,0.07372218370437622,True,1104.20361328125,458.1006774902344,0.08233911544084549,True,-1
cam2,0,7,297.8721618652344,619.7493896484375,0.0509621687233448,True,1234.4583740234375,280.5793762207031,0.07755370438098907,True,-1
cam2,1,0,942.1251831054688,293.0215148925781,0.2976262867450714,True,989.4744262695312,395.78863525390625,0.5525660514831543,True,-1
cam2,1,1,979.3583374023438,387.7986755371094,0.24720704555511475,True,1329.258544921875,306.9718933105469,0.16908541321754456,True,0
cam2,1,2,838.5776977539062,310.96258544921875,0.20772893726825714,True,1295.2408447265625,579.161865234375,0.15397495031356812,True,-1
cam2,1,3,1140.7509765625,271.2923583984375,0.16428418457508087,True,832.2498779296875,330.238037109375,0.14402076601982117,True,-1
cam2,1,4,914.3619995117188,442.8548889160156,0.152182936668396,True,884.7052001953125,454.6065368652344,0.14120709896087646,True,-1
cam2,1,5,684.15576171875,179.755615234375,0.12330208718776703,True,683.0062866210938,187.69358825683594,0.09014423191547394,True,5
cam2,1,6,666.1767578125,317.3311767578125,0.076913982629776,True,1237.6591796875,278.6933898925781,0.08575353026390076,True,-1
cam2,1,7,1235.537353515625,273.9906005859375,0.07650306075811386,True,797.1132202148438,201.5812225341797,0.07221976667642593,True,6
cam2,2,0,942.0513305664062,295.9736022949219,0.3160843849182129,True,997.7120361328125,395.92578125,0.5528260469436646,True,-1
cam2,2,1,993.4734497070312,394.8730163574219,0.24300436675548553,True,1330.8673095703125,305.8199462890625,0.16925814747810364,True,0
cam2,2,2,846.1172485351562,308.8077087402344,0.2317330688238144,True,885.3460083007812,451.4003601074219,0.16714046895503998,True,-1
cam2,2,3,921.6758422851562,449.9998474121094,0.16060377657413483,True,874.5948486328125,327.5093688964844,0.13880476355552673,True,-1
cam2,2,4,1124.9404296875,279.0682373046875,0.11892224848270416,True,1293.284912109375,578.9808349609375,0.13267530500888824,True,-1
cam2,2,5,693.13134765625,176.1341094970703,0.10636955499649048,True,966.2535400390625,271.834228515625,0.11638149619102478,True,-1
cam2,2,6,998.9574584960938,203.75120544433594,0.0944000780582428,True,549.41943359375,454.9170837402344,0.1050305888056755,True,-1
cam2,2,7,737.7412719726562,222.39427185058594,0.07800016552209854,True,787.0426025390625,202.9771270751953,0.08993379026651382,True,-1
cam2,3,0,939.4782104492188,285.4737854003906,0.39769524335861206,True,1000.6354370117188,394.6012268066406,0.5461987853050232,True,-1
cam2,3,1,999.7720336914062,395.2044982910156,0.2192215919494629,True,889.905517578125,453.177734375,0.2169678658246994,True,0
cam2,3,2,850.5073852539062,306.75091552734375,0.19231219589710236,True,966.1887817382812,272.75567626953125,0.1369461864233017,True,-1
cam2,3,3,922.2633056640625,453.6568603515625,0.18458381295204163,True,1332.33349609375,304.72906494140625,0.1199069693684578,True,-1
cam2,3,4,1125.480224609375,277.44024658203125,0.13831649720668793,True,551.9025268554688,450.3128356933594,0.103482186794281,True,-1
cam2,3,5,687.1387329101562,182.77590942382812,0.10488857328891754,True,674.6343383789062,187.3486785888672,0.10330905765295029,True,5
cam2,3,6,784.9046630859375,201.60366821289062,0.09045031666755676,True,786.2655639648438,201.99819946289062,0.10044939815998077,True,6
cam2,3,7,285.38214111328125,620.2871704101562,0.07888935506343842,True,285.9980773925781,618.3483276367188,0.09768021106719971,True,7
cam2,4,0,940.0370483398438,283.07720947265625,0.3071099519729614,True,1001.8345947265625,394.51373291015625,0.5318604111671448,True,-1
cam2,4,1,1000.7770385742188,395.6258850097656,0.21542052924633026,True,893.7200927734375,456.49420166015625,0.17722268402576447,True,0
cam2,4,2,927.1278076171875,456.4154357910156,0.19763916730880737,True,965.6913452148438,275.04852294921875,0.14478440582752228,True,-1
cam2,4,3,939.4236450195312,351.167236328125,0.1920323371887207,True,839.4585571289062,329.8392028808594,0.13108929991722107,True,-1
cam2,4,4,849.3167724609375,307.35186767578125,0.1667405515909195,True,546.3004150390625,443.4627380371094,0.09250906109809875,True,-1
cam2,4,5,1123.956298828125,277.8490295410156,0.12061574310064316,True,781.128662109375,200.4925079345703,0.08309478312730789,True,-1
cam2,4,6,1020.1536865234375,319.2214660644531,0.1163044348359108,True,1040.7882080078125,283.83892822265625,0.0800318643450737,True,-1
cam2,4,7,787.4407348632812,201.02940368652344,0.0980835109949112,True,1332.516357421875,306.1395263671875,0.07981793582439423,True,5
cam2,5,0,943.4693603515625,278.2424621582031,0.3061511218547821,True,1004.7366943359375,397.16400146484375,0.4984583854675293,True,-1
cam2,5,1,929.1630249023438,455.7486267089844,0.2280489206314087,True,894.254638671875,454.3937683105469,0.23631112277507782,True,-1
cam2,5,2,939.8531494140625,352.89642333984375,0.22213032841682434,True,926.6629028320312,356.309814453125,0.215514674782753,True,2
cam2,5,3,1002.1635131835938,398.6011657714844,0.17006650567054749,True,967.3110961914062,289.13897705078125,0.12940600514411926,True,0
cam2,5,4,850.1492919921875,306.8585205078125,0.1686827689409256,True,544.9693603515625,432.3034973144531,0.11442149430513382,True,-1
cam2,5,5,1144.4376220703125,260.27508544921875,0.12352833896875381,True,838.9507446289062,328.04168701171875,0.10256025940179825,True,-1
cam2,5,6,786.6144409179688,197.3961639404297,0.12238219380378723,True,1190.3851318359375,453.4259338378906,0.10228569805622101,True,-1
cam2,5,7,699.1641235351562,376.7088623046875,0.10141558200120926,True,859.689453125,280.5307312011719,0.09997455030679703,True,-1
cam2,6,0,946.1905517578125,351.23553466796875,0.22940143942832947,True,1002.2494506835938,396.16168212890625,0.7416077852249146,True,-1
cam2,6,1,1014.0038452148438,310.1683044433594,0.1989191621541977,True,900.4891357421875,459.5533447265625,0.16219595074653625,True,-1
cam2,6,2,608.4054565429688,547.5504150390625,0.18317414820194244,True,615.3302001953125,548.1463012695312,0.1293218433856964,True,2
cam2,6,3,931.2686157226562,459.651123046875,0.16538451611995697,True,731.5468139648438,216.5935821533203,0.10965514183044434,True,-1
cam2,6,4,1209.1221923828125,172.34889221191406,0.15800343453884125,True,1188.117431640625,457.2530517578125,0.10395360738039017,True,-1
cam2,6,5,1256.645751953125,554.6885986328125,0.1400330662727356,True,547.3652954101562,427.3945007324219,0.08678818494081497,True,-1
cam2,6,6,940.3365478515625,256.59912109375,0.13431143760681152,True,673.4685668945312,188.63238525390625,0.08611730486154556,True,-1
cam2,6,7,1148.20068359375,248.50315856933594,0.10888717323541641,True,858.7403564453125,278.7803649902344,0.08156158775091171,True,-1
cam2,7,0,1010.372802734375,315.0150146484375,0.2269231677055359,True,1004.4685668945312,400.6037292480469,0.7298586964607239,True,-1
cam2,7,1,1008.4982299804688,396.0227966308594,0.21408239006996155,True,898.2045288085938,456.6446838378906,0.21193565428256989,True,0
cam2,7,2,944.0443115234375,355.0727233886719,0.21386124193668365,True,617.786865234375,549.8147583007812,0.14036840200424194,True,-1
cam2,7,3,610.169189453125,548.24365234375,0.16196049749851227,True,688.2045288085938,186.453125,0.10302489250898361,True,2
cam2,7,4,1257.9093017578125,557.8460693359375,0.1494063436985016,True,731.2409057617188,224.07748413085938,0.09761503338813782,True,-1
cam2,7,5,943.1468505859375,259.4942932128906,0.1453970968723297,True,853.7654418945312,288.0328369140625,0.09022538363933563,True,-1
cam2,7,6,933.1996459960938,462.0536193847656,0.13896818459033966,True,1190.7998046875,456.657958984375,0.08830375969409943,True,-1
cam2,7,7,1218.6904296875,163.3512420654297,0.1261829435825348,True,1028.197265625,280.5658874511719,0.07821812480688095,True,-1
cam2,8,0,1006.0028686523438,399.45416259765625,0.23074853420257568,True,1007.1091918945312,400.8557434082031,0.7037904858589172,True,0
cam2,8,1,1022.1163330078125,304.47344970703125,0.21027274429798126,True,905.6222534179688,445.4576721191406,0.18241851031780243,True,-1
cam2,8,2,947.6660766601562,353.0088195800781,0.20548319816589355,True,622.2976684570312,549.5928344726562,0.13570131361484528,True,-1
cam2,8,3,612.5193481445312,547.8421020507812,0.15297339856624603,True,1143.779296875,705.0449829101562,0.10720963031053543,True,2
cam2,8,4,1262.11181640625,560.07958984375,0.1451437771320343,True,850.9281616210938,283.89056396484375,0.08599837124347687,True,-1
cam2,8,5,937.842041015625,475.0518798828125,0.13695263862609863,True,1006.2312622070312,285.8468933105469,0.08574448525905609,True,-1
cam2,8,6,844.801513671875,275.8034973144531,0.11183077096939087,True,690.2156982421875,193.18788146972656,0.08155161887407303,True,4
cam2,8,7,942.9263305664062,259.82427978515625,0.10845381021499634,True,735.7144165039062,221.9048614501953,0.07487907260656357,True,-1
cam2,9,0,1005.2744750976562,401.4444274902344,0.2722773253917694,True,1004.3666381835938,399.0671081542969,0.6406961679458618,True,0
cam2,9,1,951.4959106445312,352.50286865234375,0.21432115137577057,True,905.65576171875,453.3778076171875,0.21890880167484283,True,-1
cam2,9,2,1020.326171875,304.0938720703125,0.20054323971271515,True,681.089599609375,182.77743530273438,0.12436676770448685,True,-1
cam2,9,3,887.8272094726562,321.5803527832031,0.16204297542572021,True,624.2630004882812,547.694091796875,0.11577167361974716,True,6
cam2,9,4,618.8771362304688,548.3934326171875,0.14881554245948792,True,1144.82275390625,705.180908203125,0.11169189214706421,True,3
cam2,9,5,1268.3358154296875,560.7027587890625,0.1422741562128067,True,1016.1372680664062,282.87890625,0.09868843108415604,True,-1
cam2,9,6,1359.39501953125,271.5775146484375,0.13394473493099213,True,869.6205444335938,323.58050537109375,0.09070205688476562,True,-1
cam2,9,7,681.8916625976562,183.4508056640625,0.12094713747501373,True,736.010498046875,226.8539276123047,0.07738925516605377,True,2
cam2,10,0,1011.0093383789062,397.9876708984375,0.3126734495162964,True,1002.9453125,400.3237609863281,0.5825393199920654,True,0
cam2,10,1,874.3019409179688,317.8969421386719,0.2627813220024109,True,668.712646484375,375.5964660644531,0.20521961152553558,True,4
cam2,10,2,950.12841796875,354.22784423828125,0.25195327401161194,True,627.1597290039062,534.432861328125,0.17268924415111542,True,-1
cam2,10,3,851.13671875,251.32945251464844,0.21703128516674042,True,1521.053955078125,461.54058837890625,0.13788270950317383,True,-1
cam2,10,4,1104.2767333984375,286.88519287109375,0.1268138587474823,True,862.043212890625,307.2814636230469,0.13738252222537994,True,6
cam2,10,5,671.5914306640625,183.08038330078125,0.12364141643047333,True,921.4801025390625,454.2496032714844,0.10978071391582489,True,7
cam2,10,6,626.6873779296875,545.6527099609375,0.12156884372234344,True,1115.4329833984375,274.77081298828125,0.08903982490301132,True,2
cam2,10,7,1265.2423095703125,557.68505859375,0.11348039656877518,True,684.3330688476562,186.00869750976562,0.08886772394180298,True,-1
cam2,11,0,1006.3767700195312,401.2504577636719,0.33580470085144043,True,1003.381591796875,399.7601013183594,0.6101230978965759,True,0
cam2,11,1,945.0535278320312,354.8735046386719,0.2776546776294708,True,674.2218627929688,371.677490234375,0.1864277422428131,True,-1
cam2,11,2,872.755859375,317.7059326171875,0.2645844519138336,True,615.34765625,517.1731567382812,0.16220378875732422,True,4
cam2,11,3,849.8969116210938,244.4380645751953,0.2341119647026062,True,1519.4708251953125,458.2726745605469,0.1561136692762375,True,-1
cam2,11,4,679.497314453125,183.64047241210938,0.1368890106678009,True,860.8505249023438,303.5544128417969,0.14822088181972504,True,5
cam2,11,5,1113.097900390625,274.7016296386719,0.12355678528547287,True,690.4188842773438,183.65711975097656,0.13999058306217194,True,6
cam2,11,6,986.1488037109375,214.55972290039062,0.11276975274085999,True,1112.919677734375,276.1423034667969,0.1129523292183876,True,-1
cam2,11,7,625.6976318359375,543.5794067382812,0.10739532858133316,True,920.5322875976562,453.8893127441406,0.10960236191749573,True,-1
cam2,12,0,1013.0919799804688,398.76995849609375,0.36010923981666565,True,1004.5191040039062,401.1932373046875,0.5903224349021912,True,0
cam2,12,1,945.7282104492188,355.0574645996094,0.2677754759788513,True,609.3397827148438,509.8717346191406,0.21918988227844238,True,-1
cam2,12,2,853.2639770507812,244.0239715576172,0.2366056740283966,True,685.4389038085938,373.3712463378906,0.1908015012741089,True,-1
cam2,12,3,869.448974609375,316.3321533203125,0.22883130609989166,True,1516.5933837890625,458.9744873046875,0.1630900353193283,True,4
cam2,12,4,684.5677490234375,181.6517333984375,0.13399578630924225,True,856.7752685546875,304.0817565917969,0.13533923029899597,True,5
cam2,12,5,1113.0078125,283.2802429199219,0.11322946846485138,True,689.5525512695312,184.8997039794922,0.1327691227197647,True,6
cam2,12,6,1243.560791015625,538.3778076171875,0.11150956898927689,True,1114.216552734375,280.03436279296875,0.10742048919200897,True,-1
cam2,12,7,626.618408203125,545.7015991210938,0.10814759880304337,True,1089.5489501953125,401.18524169921875,0.10243843495845795,True,-1
cam2,13,0,1014.974609375,401.21441650390625,0.3233458399772644,True,1010.0167236328125,402.8822326660156,0.6112066507339478,True,0
cam2,13,1,945.2591552734375,356.1960754394531,0.2948147654533386,True,692.6868896484375,371.1521301269531,0.20778493583202362,True,3
cam2,13,2,874.22265625,317.1289978027344,0.2044181376695633,True,609.5302734375,504.9617919921875,0.20050573348999023,True,-1
cam2,13,3,862.7572631835938,240.65408325195312,0.19205161929130554,True,942.1901245117188,354.5256652832031,0.17026454210281372,True,-1
cam2,13,4,680.558837890625,181.36471557617188,0.16313529014587402,True,950.8857421875,276.60443115234375,0.15071897208690643,True,7
cam2,13,5,910.1213989257812,435.8634948730469,0.14380046725273132,True,1521.18408203125,455.6947021484375,0.13128289580345154,True,-1
cam2,13,6,632.535888671875,550.5735473632812,0.11653436720371246,True,850.6300659179688,312.72064208984375,0.12528489530086517,True,-1
cam2,13,7,950.1766357421875,274.1097412109375,0.1098279282450676,True,688.8529663085938,186.92442321777344,0.12193898111581802,True,4
cam2,14,0,949.963134765625,272.0101623535156,0.3140169382095337,True,942.3024291992188,285.5321350097656,0.3536795377731323,True,0
cam2,14,1,881.2066040039062,317.40252685546875,0.29394856095314026,True,1016.2031860351562,458.85174560546875,0.2642931044101715,True,-1
cam2,14,2,949.0609741210938,352.3675537109375,0.2600681781768799,True,1027.7056884765625,399.3492736816406,0.2590387761592865,True,3
cam2,14,3,1019.0654296875,398.5401611328125,0.2050248682498932,True,950.5308837890625,355.16339111328125,0.20218712091445923,True,2
cam2,14,4,912.5242919921875,439.69183349609375,0.20215286314487457,True,703.3589477539062,376.9566650390625,0.1810726821422577,True,6
cam2,14,5,688.8018798828125,181.4864044189453,0.18145085871219635,True,687.60888671875,181.0026092529297,0.1502527892589569,True,5
cam2,14,6,1212.450927734375,298.5238952636719,0.15510815382003784,True,922.2017822265625,446.0517272949219,0.14090579748153687,True,-1
cam2,14,7,1150.9588623046875,245.2218017578125,0.1138269230723381,True,998.0778198242188,172.38645935058594,0.10805273056030273,True,-1
cam2,15,0,880.36181640625,312.716796875,0.3149492144584656,True,940.1749267578125,277.6520690917969,0.289217084646225,True,-1
cam2,15,1,951.50244140625,273.5919189453125,0.3076598644256592,True,1028.903564453125,399.540283203125,0.28427281975746155,True,0
cam2,15,2,953.5146484375,356.4659729003906,0.23703595995903015,True,947.8756713867188,357.5522155761719,0.21448978781700134,True,2
cam2,15,3,1026.7327880859375,399.6640319824219,0.20972615480422974,True,1009.1375122070312,460.0424499511719,0.21031543612480164,True,1
cam2,15,4,913.355712890625,442.7025451660156,0.18901793658733368,True,706.183349609375,371.1956787109375,0.20828892290592194,True,6
cam2,15,5,677.8176879882812,182.1134796142578,0.17509914934635162,True,683.0647583007812,182.85598754882812,0.15122808516025543,True,5
cam2,15,6,1202.7740478515625,293.12628173828125,0.1367131769657135,True,922.770751953125,448.7724609375,0.13406553864479065,True,-1
cam2,15,7,1356.3861083984375,268.9269104003906,0.09315132349729538,True,998.2271118164062,180.37640380859375,0.13186107575893402,True,-1
cam2,16,0,881.0182495117188,313.3881530761719,0.3511432707309723,True,1029.2047119140625,399.7342834472656,0.2819463908672333,True,-1
cam2,16,1,962.8296508789062,277.9289245605469,0.2900638282299042,True,946.1328735351562,278.1044921875,0.2626575231552124,True,1
cam2,16,2,953.4365234375,354.4425048828125,0.26429563760757446,True,947.8516235351562,355.6077880859375,0.24135220050811768,True,2
cam2,16,3,1031.69384765625,400.5123596191406,0.16799809038639069,True,1007.2144775390625,458.7786865234375,0.1895560622215271,True,0
cam2,16,4,671.8912353515625,182.3694610595703,0.1522589772939682,True,706.8323974609375,370.40325927734375,0.17702975869178772,True,5
cam2,16,5,911.5231323242188,443.5874328613281,0.14497578144073486,True,685.509033203125,178.4876251220703,0.15297754108905792,True,7
cam2,16,6,1186.7701416015625,297.38311767578125,0.1315300166606903,True,1000.8822631835938,194.04954528808594,0.12063425779342651,True,-1
cam2,16,7,1358.314453125,272.089111328125,0.09874752908945084,True,924.0706787109375,445.05987548828125,0.09756450355052948,True,-1
cam2,17,0,880.978515625,308.50518798828125,0.3126901686191559,True,1019.8034057617188,398.2852478027344,0.31239378452301025,True,-1
cam2,17,1,950.9114379882812,351.81170654296875,0.295635849237442,True,947.6848754882812,356.99725341796875,0.26371145248413086,True,1
cam2,17,2,967.578857421875,281.6490783691406,0.25454017519950867,True,942.2723388671875,279.4107666015625,0.24039529263973236,True,-1
cam2,17,3,1038.660400390625,401.79681396484375,0.15352536737918854,True,1009.3881225585938,462.2453918457031,0.1899060606956482,True,0
cam2,17,4,1189.59912109375,297.6760559082031,0.1485411524772644,True,710.5255126953125,375.434814453125,0.14564168453216553,True,-1
cam2,17,5,686.09765625,182.92884826660156,0.13699345290660858,True,1028.1014404296875,319.60235595703125,0.13128849864006042,True,6
cam2,17,6,912.6923217773438,445.8233337402344,0.12615644931793213,True,680.407958984375,174.13548278808594,0.12154122442007065,True,-1
cam2,17,7,1359.5399169921875,271.42584228515625,0.12160179018974304,True,1007.53271484375,194.76771545410156,0.10528174787759781,True,-1
cam2,18,0,949.5510864257812,353.50439453125,0.3237155079841614,True,949.9600830078125,355.404296875,0.287149041891098,True,0
cam2,18,1,860.578369140625,306.3833923339844,0.2874349057674408,True,693.361572265625,182.4122772216797,0.22663286328315735,True,2
cam2,18,2,919.8008422851562,285.0763854980469,0.28535065054893494,True,853.4651489257812,312.84100341796875,0.18322999775409698,True,-1
cam2,18,3,696.939697265625,192.4734344482422,0.16131755709648132,True,1021.1782836914062,398.1535949707031,0.17234039306640625,True,1
cam2,18,4,912.9099731445312,441.545166015625,0.14456672966480255,True,943.8045043945312,277.8374328613281,0.167936772108078,True,-1
cam2,18,5,1177.37548828125,291.21728515625,0.1349247843027115,True,1030.168212890625,317.6651306152344,0.1619901806116104,True,-1
cam2,18,6,994.1041259765625,213.19593811035156,0.11847834289073944,True,952.5367431640625,463.6927795410156,0.1254616230726242,True,-1
cam2,18,7,768.49609375,214.77919006347656,0.10404542088508606,True,705.591552734375,372.453125,0.09056941419839859,True,-1
cam2,19,0,947.7333374023438,353.6488037109375,0.3458288908004761,True,948.7381591796875,358.1694030761719,0.32836437225341797,True,0
cam2,19,1,915.967041015625,279.4737548828125,0.30020397901535034,True,688.7974853515625,181.32516479492188,0.24118302762508392,True,-1
cam2,19,2,862.8175659179688,311.4596252441406,0.2542451322078705,True,938.5119018554688,278.4705810546875,0.23866671323776245,True,4
cam2,19,3,698.3004760742188,192.0858917236328,0.16860736906528473,True,1014.9149780273438,398.0311279296875,0.21608932316303253,True,1
cam2,19,4,914.379638671875,441.3726806640625,0.16682277619838715,True,857.5001220703125,316.5570068359375,0.16900058090686798,True,-1
cam2,19,5,1175.21484375,289.2943115234375,0.13804645836353302,True,1027.45703125,314.81097412109375,0.1453542411327362,True,-1
cam2,19,6,1022.5332641601562,312.57098388671875,0.13635799288749695,True,953.2418823242188,460.0544738769531,0.14532560110092163,True,5
cam2,19,7,995.2180786132812,218.17153930664062,0.11157442629337311,True,297.18145751953125,620.306640625,0.1070329025387764,True,-1
cam2,20,0,942.1740112304688,350.7942199707031,0.35529351234436035,True,943.4728393554688,353.5867004394531,0.33135926723480225,True,0
cam2,20,1,926.41357421875,281.4643859863281,0.23671920597553253,True,942.3501586914062,276.9097900390625,0.2701704204082489,True,1
cam2,20,2,862.4580078125,312.74713134765625,0.233838751912117,True,1009.2584838867188,398.4496154785156,0.196603924036026,True,5
cam2,20,3,914.8683471679688,442.2279052734375,0.17623989284038544,True,687.36669921875,179.3558349609375,0.19656331837177277,True,-1
cam2,20,4,767.1246337890625,217.6507568359375,0.1490909308195114,True,741.6434936523438,215.1527557373047,0.19452527165412903,True,-1
cam2,20,5,696.989501953125,192.29014587402344,0.13283956050872803,True,854.9039916992188,321.1895751953125,0.14598585665225983,True,3
cam2,20,6,1174.00732421875,292.4998474121094,0.1036859005689621,True,1024.344970703125,312.1632385253906,0.13141633570194244,True,-1
cam2,20,7,991.0634155273438,209.23501586914062,0.09783845394849777,True,959.4583129882812,460.05926513671875,0.11309776455163956,True,-1
cam2,21,0,941.279541015625,351.41192626953125,0.398646742105484,True,944.1768798828125,354.5965881347656,0.37937358021736145,True,0
cam2,21,1,926.75048828125,283.4432678222656,0.2566879987716675,True,941.9036254882812,277.4264221191406,0.2697138786315918,True,1
cam2,21,2,865.9380493164062,306.9681091308594,0.1883886754512787,True,754.12841796875,213.43116760253906,0.2234102040529251,True,5
cam2,21,3,910.1578369140625,439.7117919921875,0.17195534706115723,True,692.0692138671875,181.99891662597656,0.2070399671792984,True,-1
cam2,21,4,766.95166015625,204.3251495361328,0.1678766906261444,True,1008.412109375,400.759033203125,0.203078493475914,True,2
cam2,21,5,692.6744384765625,187.72479248046875,0.1415570080280304,True,855.94189453125,319.7377624511719,0.11945399641990662,True,3
cam2,21,6,1271.001953125,191.60426330566406,0.10480743646621704,True,957.396484375,457.41473388671875,0.08460845798254013,True,-1
cam2,21,7,1177.879150390625,291.8347473144531,0.10252737998962402,True,683.0217895507812,376.8487243652344,0.0741930902004242,True,-1
cam2,22,0,940.0698852539062,346.4416198730469,0.47161200642585754,True,945.9948120117188,350.1167907714844,0.44991907477378845,True,0
cam2,22,1,766.9982299804688,199.39059448242188,0.21116869151592255,True,951.890625,277.7816162109375,0.23052658140659332,True,2
cam2,22,2,825.4080200195312,283.05181884765625,0.13079696893692017,True,758.4796752929688,206.41769409179688,0.20533885061740875,True,3
cam2,22,3,908.4741821289062,443.83203125,0.1291145235300064,True,810.460693359375,282.2017517089844,0.09014640748500824,True,-1
cam2,22,4,1000.7892456054688,505.69281005859375,0.09681732207536697,True,894.2997436523438,462.23785400390625,0.07528062164783478,True,-1
cam2,22,5,1013.41796875,191.85903930664062,0.09525410085916519,True,1204.681396484375,258.2180480957031,0.07293200492858887,True,-1
cam2,22,6,1153.19140625,254.0039520263672,0.06796550005674362,True,677.7923583984375,376.5932312011719,0.06624560058116913,True,-1
cam2,22,7,456.6654357910156,611.0238037109375,0.0679178461432457,True,728.322265625,457.1419372558594,0.06572960317134857,True,-1
cam2,23,0,939.5789794921875,345.4006652832031,0.4857136011123657,True,942.04052734375,352.06494140625,0.45465925335884094,True,0
cam2,23,1,760.395263671875,190.93722534179688,0.21296072006225586,True,948.62109375,280.1672058105469,0.23424768447875977,True,2
cam2,23,2,827.6380615234375,285.5823974609375,0.13494716584682465,True,761.7638549804688,190.74371337890625,0.21393071115016937,True,3
cam2,23,3,909.8450317382812,445.6653137207031,0.12185364961624146,True,826.1111450195312,279.25030517578125,0.1202421486377716,True,-1
cam2,23,4,994.8270263671875,211.88075256347656,0.10298440605401993,True,697.5756225585938,378.0649719238281,0.0791359394788742,True,-1
cam2,23,5,999.6314697265625,505.65338134765625,0.0958205908536911,True,1203.23828125,258.812255859375,0.0733463242650032,True,-1
cam2,23,6,1162.257568359375,247.1616668701172,0.08623892813920975,True,1379.2750244140625,428.44085693359375,0.06320422887802124,True,-1
cam2,23,7,688.5159912109375,189.77044677734375,0.07497230917215347,True,1358.031494140625,272.6193542480469,0.061579879373311996,True,-1
cam2,24,0,938.5552368164062,345.13177490234375,0.49703460931777954,True,943.0802612304688,349.767578125,0.44383445382118225,True,0
cam2,24,1,762.9508056640625,188.93019104003906,0.18175770342350006,True,765.4235229492188,195.08187866210938,0.18745766580104828,True,1
cam2,24,2,988.4995727539062,223.15907287597656,0.1379842460155487,True,815.8284301757812,283.02044677734375,0.15336260199546814,True,-1
cam2,24,3,820.823974609375,279.5218505859375,0.12019151449203491,True,704.7816162109375,377.98907470703125,0.08381620049476624,True,2
cam2,24,4,911.0467529296875,448.9980163574219,0.11294230073690414,True,1206.5760498046875,263.0240783691406,0.06787044554948807,True,-1
cam2,24,5,457.3663635253906,612.8517456054688,0.08316712826490402,True,1380.1243896484375,424.5113830566406,0.06031486764550209,True,-1
cam2,24,6,1160.4761962890625,252.49456787109375,0.08117606490850449,True,185.80056762695312,790.085205078125,0.0578932948410511,True,-1
cam2,24,7,684.7446899414062,196.70249938964844,0.07814257591962814,True,1160.1259765625,430.3874816894531,0.05523255839943886,True,-1
cam2,25,0,941.1649780273438,340.6471862792969,0.47925716638565063,True,948.6957397460938,347.51812744140625,0.4340799152851105,True,0
cam2,25,1,765.7532958984375,188.5094451904297,0.15508988499641418,True,955.3984985351562,276.0382385253906,0.18913769721984863,True,3
cam2,25,2,985.2324829101562,219.5634307861328,0.13782483339309692,True,813.8468627929688,277.5346984863281,0.16876021027565002,True,-1
cam2,25,3,816.2009887695312,277.713623046875,0.11692347377538681,True,763.882080078125,198.6958465576172,0.16531400382518768,True,2
cam2,25,4,1039.3668212890625,308.7218017578125,0.10539616644382477,True,1035.327392578125,306.0379333496094,0.08709844946861267,True,4
cam2,25,5,913.0396728515625,443.5955505371094,0.10213962197303772,True,706.7694702148438,380.13128662109375,0.0846809446811676,True,-1
cam2,25,6,1354.5150146484375,277.322509765625,0.1018029972910881,True,180.9376983642578,790.4172973632812,0.06638743728399277,True,-1
cam2,25,7,457.4971008300781,614.603759765625,0.09506349265575409,True,1314.124755859375,106.7193832397461,0.06601770967245102,True,-1
cam2,26,0,957.02783203125,346.7133483886719,0.48642775416374207,True,951.87451171875,347.9933776855469,0.5900681018829346,True,0
cam2,26,1,1038.10498046875,404.3421936035156,0.25623011589050293,True,805.5418090820312,281.896240234375,0.093357615172863,True,-1
cam2,26,2,813.8790283203125,277.9208679199219,0.08318925648927689,True,1315.481689453125,111.45846557617188,0.0479126013815403,True,1
cam2,26,3,1361.4241943359375,287.3775939941406,0.06061746925115585,True,1194.2962646484375,291.40496826171875,0.046630311757326126,True,5
cam2,26,4,456.7149353027344,612.0575561523438,0.05418841168284416,True,693.1512451171875,192.5663604736328,0.03513261675834656,True,-1
cam2,26,5,1156.6173095703125,260.1050720214844,0.044923584908246994,True,1347.2320556640625,280.1301574707031,0.033095505088567734,True,-1
cam2,26,6,832.2123413085938,212.06822204589844,0.043032482266426086,True,181.9364013671875,788.86328125,0.03180897608399391,True,-1
cam2,26,7,684.29541015625,189.24217224121094,0.031697873026132584,True,1322.70751953125,369.93072509765625,0.029173821210861206,True,4
cam2,27,0,944.0623779296875,340.0049133300781,0.5413147807121277,True,948.0237426757812,338.91949462890625,0.6568034887313843,True,0
cam2,27,1,1032.6846923828125,399.890869140625,0.28469446301460266,True,1022.6969604492188,396.54998779296875,0.28818970918655396,True,1
cam2,27,2,1361.6859130859375,279.3200378417969,0.06879827380180359,True,799.9691772460938,285.25335693359375,0.08018820732831955,True,7
cam2,27,3,913.3147583007812,442.66973876953125,0.06246073916554451,True,431.0176086425781,197.6948699951172,0.049658600240945816,True,-1
cam2,27,4,802.7503662109375,278.3776550292969,0.0590522475540638,True,1215.037109375,273.7406005859375,0.04754696786403656,True,2
cam2,27,5,1202.632080078125,286.042724609375,0.0511624775826931,True,1316.0230712890625,112.61896514892578,0.04754575714468956,True,4
cam2,27,6,454.8693542480469,611.7853393554688,0.046363573521375656,True,1324.7916259765625,371.5163879394531,0.03651018440723419,True,-1
cam2,27,7,1150.5855712890625,255.05172729492188,0.0446053110063076,True,1353.4705810546875,278.5271301269531,0.03418976441025734,True,-1
cam2,28,0,941.8328857421875,342.35321044921875,0.5308326482772827,True,947.0798950195312,347.4256591796875,0.6270256638526917,True,0
cam2,28,1,1030.03515625,392.2606506347656,0.2916402816772461,True,1020.178466796875,390.2464599609375,0.2650860548019409,True,1
cam2,28,2,1000.6135864257812,204.80638122558594,0.07217954844236374,True,431.968017578125,199.94630432128906,0.07826118171215057,True,7
cam2,28,3,1212.3267822265625,280.1974182128906,0.05941931530833244,True,790.8731689453125,288.1636657714844,0.061712589114904404,True,4
cam2,28,4,425.9562072753906,201.47373962402344,0.05627216771245003,True,1214.49267578125,272.7900695800781,0.05421139672398567,True,2
cam2,28,5,1363.3570556640625,283.7070617675781,0.05562277138233185,True,1329.9459228515625,366.2728271484375,0.05300230532884598,True,-1
cam2,28,6,458.31292724609375,616.2486572265625,0.05072597786784172,True,1338.5648193359375,107.77771759033203,0.05091242492198944,True,-1
cam2,28,7,792.0738525390625,277.59100341796875,0.04558335989713669,True,992.4487915039062,193.30642700195312,0.04312680661678314,True,3
cam2,29,0,943.5938720703125,333.4450378417969,0.5269519686698914,True,952.265380859375,343.7859191894531,0.6023807525634766,True,0
cam2,29,1,1024.626708984375,392.1157531738281,0.31829237937927246,True,1026.447998046875,386.3102722167969,0.29723015427589417,True,1
cam2,29,2,1040.245849609375,308.39776611328125,0.1173810288310051,True,434.44915771484375,199.55111694335938,0.07463099807500839,True,5
cam2,29,3,1210.90966796875,288.7183837890625,0.05711348354816437,True,785.7199096679688,293.64385986328125,0.05982058495283127,True,-1
cam2,29,4,1360.173828125,288.12896728515625,0.05361468717455864,True,772.239013671875,216.2801513671875,0.05901699140667915,True,-1
cam2,29,5,429.4929504394531,200.91355895996094,0.046644292771816254,True,1037.421142578125,307.9518127441406,0.05732577294111252,True,2
cam2,29,6,1008.1578979492188,211.00062561035156,0.04573061317205429,True,1331.02294921875,111.31803131103516,0.056132424622774124,True,-1
cam2,29,7,459.6742858886719,613.677490234375,0.04092732071876526,True,1329.4364013671875,367.5138244628906,0.05170160159468651,True,-1
cam2,30,0,1014.9678344726562,395.0365905761719,0.6245176792144775,True,1017.2417602539062,395.53753662109375,0.5320578217506409,True,0
cam2,30,1,938.2433471679688,332.86627197265625,0.48525622487068176,True,945.7247314453125,343.78948974609375,0.5029379725456238,True,1
cam2,30,2,1045.05126953125,306.8172912597656,0.0881899818778038,True,942.3631591796875,453.9366455078125,0.07628791034221649,True,-1
cam2,30,3,1354.7056884765625,287.51690673828125,0.042685892432928085,True,772.8572998046875,213.5586395263672,0.07234559208154678,True,-1
cam2,30,4,1271.2962646484375,241.73123168945312,0.039160456508398056,True,699.07666015625,375.92584228515625,0.06359397619962692,True,-1
cam2,30,5,424.6886291503906,194.93560791015625,0.03625723347067833,True,426.8481750488281,195.57437133789062,0.06227061524987221,True,5
cam2,30,6,688.164306640625,185.765380859375,0.03288624808192253,True,698.985595703125,548.81298828125,0.060594502836465836,True,-1
cam2,30,7,1208.3175048828125,287.8720703125,0.026651330292224884,True,1265.2161865234375,453.1106872558594,0.05674504488706589,True,-1
cam2,31,0,1018.7954711914062,390.59283447265625,0.5635022521018982,True,940.80322265625,333.3777770996094,0.5503212809562683,True,1
cam2,31,1,938.5660400390625,330.2494201660156,0.47830790281295776,True,1019.9122314453125,395.26580810546875,0.5223044753074646,True,0
cam2,31,2,852.5450439453125,258.6652526855469,0.1263815015554428,True,943.2966918945312,249.20606994628906,0.09914649277925491,True,-1
cam2,31,3,1045.857421875,307.2615051269531,0.08917471021413803,True,691.6715698242188,549.410888671875,0.07025146484375,True,-1
cam2,31,4,1271.7457275390625,239.35723876953125,0.045240968465805054,True,770.7797241210938,206.9158172607422,0.06964749842882156,True,-1
cam2,31,5,1357.409912109375,288.6601867675781,0.03691231459379196,True,1264.6246337890625,452.2300109863281,0.06902061402797699,True,-1
cam2,31,6,1008.8343505859375,194.26934814453125,0.036569442600011826,True,395.1026306152344,189.0783233642578,0.06674426048994064,True,-1
cam2,31,7,1262.358154296875,442.8871154785156,0.03180279582738876,True,938.5234985351562,456.00164794921875,0.06427805870771408,True,5
cam2,32,0,1018.3328247070312,395.0901184082031,0.5366332530975342,True,943.956298828125,336.22735595703125,0.5238913893699646,True,1
cam2,32,1,939.22412109375,334.64105224609375,0.4698004424571991,True,1020.6813354492188,395.4233703613281,0.4967661499977112,True,0
cam2,32,2,862.0695190429688,247.3776092529297,0.12340564280748367,True,945.7546997070312,250.1945037841797,0.10597624629735947,True,-1
cam2,32,3,1042.60986328125,307.7536315917969,0.10583719611167908,True,779.182861328125,200.7473602294922,0.08306172490119934,True,-1
cam2,32,4,1278.6358642578125,230.9468231201172,0.04498407989740372,True,392.59979248046875,184.54116821289062,0.08121757954359055,True,7
cam2,32,5,413.0617980957031,184.90257263183594,0.04019024968147278,True,1264.721435546875,450.1092529296875,0.07273358106613159,True,-1
cam2,32,6,1261.041015625,434.3474426269531,0.036589767783880234,True,682.4164428710938,549.3247680664062,0.06548608094453812,True,5
cam2,32,7,1358.4755859375,287.05596923828125,0.036167245358228683,True,1275.3140869140625,225.20899963378906,0.04769354686141014,True,-1
cam2,33,0,1022.0813598632812,393.24224853515625,0.5349811911582947,True,948.0260620117188,334.5085754394531,0.5136188864707947,True,1
cam2,33,1,946.4083862304688,333.1070861816406,0.5047131776809692,True,1024.8509521484375,400.1954650878906,0.4808223843574524,True,0
cam2,33,2,868.3511352539062,234.69947814941406,0.09184543788433075,True,742.861083984375,410.71832275390625,0.0795656144618988,True,6
cam2,33,3,848.37939453125,290.5838623046875,0.08674003183841705,True,772.3467407226562,199.36219787597656,0.07478858530521393,True,-1
cam2,33,4,1049.4974365234375,258.2273864746094,0.07502154260873795,True,1263.843505859375,441.4444274902344,0.060022689402103424,True,-1
cam2,33,5,742.4022216796875,411.692626953125,0.052127789705991745,True,393.2176513671875,183.54229736328125,0.05552554875612259,True,2
cam2,33,6,1274.784423828125,229.43447875976562,0.04648485407233238,True,873.7656860351562,220.33346557617188,0.05402854084968567,True,-1
cam2,33,7,665.3101806640625,318.2349853515625,0.04503204673528671,True,742.8776245117188,306.3603210449219,0.053191881626844406,True,-1
cam2,34,0,1028.4403076171875,395.11187744140625,0.548768162727356,True,1031.2711181640625,397.5002746582031,0.5630655884742737,True,0
cam2,34,1,948.64501953125,335.4306945800781,0.3130783438682556,True,950.545166015625,335.3800964355469,0.3142017424106598,True,1
cam2,34,2,1044.4385986328125,264.7779846191406,0.10678909718990326,True,1249.693115234375,412.9692687988281,0.1300896257162094,True,-1
cam2,34,3,1373.39990234375,259.3956604003906,0.08776390552520752,True,1373.999267578125,259.4808349609375,0.0730770081281662,True,3
cam2,34,4,736.5369262695312,407.0082702636719,0.08419429510831833,True,741.2757568359375,410.24969482421875,0.07059581577777863,True,4
cam2,34,5,667.8362426757812,317.6163635253906,0.05613095685839653,True,762.355712890625,201.8983612060547,0.06308182328939438,True,-1
cam2,34,6,682.7091674804688,179.88221740722656,0.05579136684536934,True,873.8198852539062,226.53553771972656,0.059565577656030655,True,-1
cam2,34,7,995.7999267578125,199.28338623046875,0.05578738451004028,True,283.84356689453125,606.4305419921875,0.058210622519254684,True,-1
cam2,35,0,1033.525390625,395.9815673828125,0.6317989826202393,True,1035.56591796875,395.7061767578125,0.6203036308288574,True,0
cam2,35,1,941.8692016601562,337.7646484375,0.3075280487537384,True,946.01123046875,329.71759033203125,0.2668171226978302,True,1
cam2,35,2,1028.15673828125,281.2996520996094,0.09418903291225433,True,1249.9715576171875,405.985107421875,0.12196309119462967,True,-1
cam2,35,3,1371.9105224609375,262.74774169921875,0.07639148086309433,True,285.22723388671875,607.216064453125,0.07748695462942123,True,7
cam2,35,4,726.9866333007812,389.22186279296875,0.07569075375795364,True,700.3013916015625,319.3615417480469,0.06960060447454453,True,-1
cam2,35,5,692.9993286132812,183.5862579345703,0.0734420120716095,True,768.6323852539062,208.1510772705078,0.06790129840373993,True,-1
cam2,35,6,284.100341796875,606.5447387695312,0.054070811718702316,True,626.7357177734375,549.4251098632812,0.06458766013383865,True,3
cam2,35,7,770.5619506835938,203.9904327392578,0.05075819417834282,True,1371.685791015625,262.0237731933594,0.05623964965343475,True,5
cam2,36,0,1039.373291015625,397.2789306640625,0.6485087871551514,True,1040.0267333984375,396.2889099121094,0.6385869383811951,True,0
cam2,36,1,939.40283203125,338.74884033203125,0.3005885183811188,True,949.0296020507812,325.0381774902344,0.2694493532180786,True,1
cam2,36,2,939.093505859375,265.51666259765625,0.16542892158031464,True,1261.409423828125,460.16754150390625,0.1165466234087944,True,-1
cam2,36,3,1029.798583984375,282.8575439453125,0.15395033359527588,True,1245.3697509765625,387.0860595703125,0.11174214631319046,True,-1
cam2,36,4,1372.3826904296875,263.6672058105469,0.0829969048500061,True,702.792724609375,321.84918212890625,0.094587542116642,True,-1
cam2,36,5,716.431884765625,382.1308898925781,0.07989951968193054,True,622.4852905273438,546.978515625,0.09248735010623932,True,-1
cam2,36,6,691.6625366210938,189.54510498046875,0.07288554310798645,True,766.8666381835938,211.1819610595703,0.08165287971496582,True,-1
cam2,36,7,409.4141845703125,187.16903686523438,0.06442930549383163,True,997.293212890625,203.22671508789062,0.07556810230016708,True,-1
cam2,37,0,1042.10009765625,395.1956481933594,0.6454163789749146,True,1042.248779296875,391.75927734375,0.6312118172645569,True,0
cam2,37,1,942.0280151367188,334.8772888183594,0.3039022982120514,True,942.098876953125,333.3975830078125,0.302092969417572,True,1
cam2,37,2,1035.3861083984375,283.0506286621094,0.18529118597507477,True,1266.88916015625,458.0458679199219,0.13845902681350708,True,-1
cam2,37,3,936.3722534179688,261.32281494140625,0.16752025485038757,True,1250.344970703125,380.2837829589844,0.1258096545934677,True,-1
cam2,37,4,1363.3642578125,275.890625,0.09099899977445602,True,699.3323364257812,330.8094787597656,0.10175084322690964,True,-1
cam2,37,5,819.8355712890625,287.9303283691406,0.0798359215259552,True,622.2745361328125,547.1278076171875,0.09607233107089996,True,-1
cam2,37,6,718.5701904296875,383.50628662109375,0.0790284276008606,True,766.2494506835938,213.62655639648438,0.08294683694839478,True,-1
cam2,37,7,682.7742309570312,186.3000946044922,0.06766115128993988,True,995.0665283203125,207.07431030273438,0.07384579628705978,True,-1
cam2,38,0,1048.84765625,391.0506286621094,0.46905773878097534,True,1047.8072509765625,387.1084289550781,0.5843634605407715,True,0
cam2,38,1,935.0650024414062,332.34014892578125,0.26232409477233887,True,934.8491821289062,331.0125427246094,0.291806161403656,True,1
cam2,38,2,1035.325927734375,284.38482666015625,0.23165957629680634,True,1264.3692626953125,460.1819763183594,0.1373816579580307,True,4
cam2,38,3,820.3377685546875,288.0496520996094,0.15315718948841095,True,858.9454956054688,244.28025817871094,0.11737750470638275,True,-1
cam2,38,4,974.8203735351562,204.8954620361328,0.09850497543811798,True,1040.705078125,282.0039367675781,0.11722432076931,True,-1
cam2,38,5,1358.2171630859375,281.02947998046875,0.09334169328212738,True,1354.3284912109375,280.8228454589844,0.09226620942354202,True,5
cam2,38,6,1126.25146484375,247.35105895996094,0.08847329020500183,True,768.086181640625,220.39320373535156,0.08654296398162842,True,-1
cam2,38,7,1228.56396484375,206.2821807861328,0.07520484924316406,True,1252.3494873046875,380.89398193359375,0.0641920268535614,True,-1
cam2,39,0,1049.529541015625,400.4927978515625,0.4795464277267456,True,1050.4197998046875,394.2317810058594,0.6105754971504211,True,0
cam2,39,1,938.020263671875,330.6520080566406,0.27576330304145813,True,937.81298828125,330.24005126953125,0.29796794056892395,True,1
cam2,39,2,1035.9085693359375,285.0240783691406,0.22448275983333588,True,1041.357666015625,279.2032775878906,0.12600085139274597,True,2
cam2,39,3,819.4221801757812,291.63543701171875,0.15644095838069916,True,858.5426025390625,244.8577880859375,0.10963542759418488,True,-1
cam2,39,4,983.8235473632812,213.7863311767578,0.10733533650636673,True,1356.5537109375,280.9369201660156,0.1075516864657402,True,-1
cam2,39,5,1356.3699951171875,278.1864318847656,0.09632926434278488,True,1263.80712890625,457.8262023925781,0.09247884154319763,True,4
cam2,39,6,1225.3634033203125,198.72560119628906,0.09284135699272156,True,765.838623046875,222.28179931640625,0.08873236179351807,True,-1
cam2,39,7,1124.345947265625,247.2203369140625,0.08987870067358017,True,1121.7818603515625,280.1259460449219,0.07721035927534103,True,-1
cam2,40,0,1056.9718017578125,399.781494140625,0.47817614674568176,True,1055.88671875,399.6781311035156,0.6210853457450867,True,0
cam2,40,1,939.9105834960938,328.19476318359375,0.28223010897636414,True,943.40673828125,327.54888916015625,0.27186068892478943,True,1
cam2,40,2,1037.272705078125,283.9748229980469,0.2266928106546402,True,1045.6712646484375,277.35748291015625,0.15101337432861328,True,2
cam2,40,3,985.18994140625,219.14511108398438,0.11197397112846375,True,852.6781005859375,254.05752563476562,0.11426165699958801,True,-1
cam2,40,4,821.3237915039062,295.4082946777344,0.110442154109478,True,1359.3203125,282.3226013183594,0.09841570258140564,True,-1
cam2,40,5,1356.446044921875,282.02349853515625,0.08633001893758774,True,758.9122924804688,226.35646057128906,0.09188368916511536,True,4
cam2,40,6,1117.875,251.8160400390625,0.08605711162090302,True,1118.7891845703125,280.83917236328125,0.07785198092460632,True,-1
cam2,40,7,1228.793212890625,197.15513610839844,0.0836452916264534,True,641.895263671875,549.94775390625,0.07410748302936554,True,-1
cam2,41,0,1058.0989990234375,399.7449951171875,0.4567580819129944,True,1053.991943359375,398.23272705078125,0.597501814365387,True,0
cam2,41,1,949.856689453125,328.30023193359375,0.3359386920928955,True,950.8009643554688,329.6407165527344,0.3310883343219757,True,1
cam2,41,2,1037.7813720703125,281.29962158203125,0.17711487412452698,True,855.3798828125,261.31982421875,0.13022831082344055,True,3
cam2,41,3,979.1166381835938,222.764892578125,0.14012771844863892,True,1046.203125,277.3353271484375,0.11821490526199341,True,-1
cam2,41,4,824.5179443359375,296.55462646484375,0.11712974309921265,True,766.9541015625,217.1134490966797,0.08692997694015503,True,-1
cam2,41,5,1113.474609375,262.3186340332031,0.1049356535077095,True,792.6441650390625,302.570068359375,0.08511396497488022,True,-1
cam2,41,6,1359.4656982421875,274.3049011230469,0.08448971062898636,True,1360.8221435546875,270.72503662109375,0.08380343019962311,True,6
cam2,41,7,664.3236694335938,192.16281127929688,0.06897540390491486,True,1119.217529296875,283.3879699707031,0.08038726449012756,True,-1
cam2,42,0,941.7025756835938,315.4797668457031,0.39661088585853577,True,1062.038330078125,401.4320983886719,0.3212108910083771,True,1
cam2,42,1,1063.83203125,403.08892822265625,0.3391924500465393,True,944.9004516601562,319.1094055175781,0.2693215012550354,True,0
cam2,42,2,863.9615478515625,242.55743408203125,0.22504495084285736,True,961.590087890625,461.4248962402344,0.2457933872938156,True,4
cam2,42,3,986.9447631835938,222.63162231445312,0.13962718844413757,True,786.3460083007812,291.36224365234375,0.15315258502960205,True,-1
cam2,42,4,1108.0899658203125,281.8529052734375,0.12087473273277283,True,861.4671020507812,259.5931701660156,0.1225120797753334,True,-1
cam2,42,5,771.4815063476562,318.7080078125,0.11538487672805786,True,1357.8570556640625,270.12017822265625,0.11509319394826889,True,-1
cam2,42,6,1360.781005859375,275.25518798828125,0.10062170773744583,True,665.9512329101562,376.6205139160156,0.09862297773361206,True,5
cam2,42,7,1188.1923828125,194.7997589111328,0.07333895564079285,True,1384.2080078125,549.344970703125,0.08258551359176636,True,-1
cam2,43,0,940.2109375,311.0687561035156,0.4125326871871948,True,1064.482666015625,401.98309326171875,0.3269307017326355,True,2
cam2,43,1,1063.5555419921875,402.1333312988281,0.331863135099411,True,957.324462890625,455.7554931640625,0.29973602294921875,True,0
cam2,43,2,867.1788330078125,242.6619873046875,0.23067380487918854,True,940.7794799804688,311.9049377441406,0.2760888934135437,True,6
cam2,43,3,988.9888916015625,222.0307159423828,0.183356374502182,True,789.0253295898438,282.49139404296875,0.1383146345615387,True,-1
cam2,43,4,1107.7034912109375,275.27264404296875,0.12275958061218262,True,1357.8780517578125,266.55780029296875,0.11401413381099701,True,-1
cam2,43,5,1360.500732421875,276.6490478515625,0.10730393975973129,True,1389.2623291015625,552.597412109375,0.11382722854614258,True,4
cam2,43,6,772.7868041992188,315.090087890625,0.10294804722070694,True,856.46484375,228.69956970214844,0.10164418071508408,True,-1
cam2,43,7,399.0570373535156,183.58578491210938,0.09061256051063538,True,666.7280883789062,375.862060546875,0.09663798660039902,True,-1
cam2,44,0,948.5447387695312,316.4842529296875,0.40728577971458435,True,960.0823364257812,456.3153076171875,0.3199682831764221,True,2
cam2,44,1,1081.1953125,406.47088623046875,0.2951246500015259,True,1069.915771484375,400.6434326171875,0.30424952507019043,True,1
cam2,44,2,865.687255859375,239.57862854003906,0.19388389587402344,True,941.163330078125,309.5884704589844,0.24089734256267548,True,-1
cam2,44,3,987.2005004882812,216.95074462890625,0.13995952904224396,True,789.3388061523438,284.0714111328125,0.18528662621974945,True,-1
cam2,44,4,1114.71875,274.50958251953125,0.12245376408100128,True,1360.163330078125,276.6280212402344,0.13009203970432281,True,-1
cam2,44,5,1360.4620361328125,274.4130554199219,0.11783839762210846,True,1394.120849609375,554.1068725585938,0.11656289547681808,True,4
cam2,44,6,416.65191650390625,186.8296356201172,0.10820873826742172,True,1132.105712890625,302.7309875488281,0.10478734970092773,True,-1
cam2,44,7,775.5996704101562,315.3662109375,0.10651663690805435,True,395.89715576171875,288.1139831542969,0.09904009103775024,True,-1
cam2,45,0,941.2792358398438,308.78753662109375,0.4305894672870636,True,956.0730590820312,456.3260803222656,0.30763185024261475,True,2
cam2,45,1,1083.2918701171875,401.34051513671875,0.23385940492153168,True,1082.57763671875,401.9638366699219,0.24857868254184723,True,1
cam2,45,2,860.9244384765625,242.34213256835938,0.15751130878925323,True,940.9563598632812,309.6194152832031,0.23944246768951416,True,-1
cam2,45,3,995.5584716796875,212.8770751953125,0.12651628255844116,True,789.0755004882812,278.0600280761719,0.18407751619815826,True,-1
cam2,45,4,1017.7356567382812,542.7706298828125,0.12215171754360199,True,1358.3201904296875,289.8908996582031,0.09965323656797409,True,5
cam2,45,5,1119.623046875,265.2472229003906,0.12114749103784561,True,1017.0874633789062,542.7908935546875,0.09486786276102066,True,-1
cam2,45,6,786.1957397460938,334.5208740234375,0.10054158419370651,True,822.2703247070312,218.35992431640625,0.09432816505432129,True,-1
cam2,45,7,789.6643676757812,281.63739013671875,0.09770932048559189,True,1135.94873046875,308.1167297363281,0.09255647659301758,True,3
cam2,46,0,947.4035034179688,304.85516357421875,0.5058749914169312,True,941.62548828125,295.79815673828125,0.4352620244026184,True,0
cam2,46,1,1092.586669921875,402.2530822753906,0.14187707006931305,True,956.4910278320312,455.7420959472656,0.23214998841285706,True,2
cam2,46,2,876.8385009765625,346.2615051269531,0.13335822522640228,True,1091.3399658203125,400.2146301269531,0.17980529367923737,True,-1
cam2,46,3,1019.737060546875,534.8909912109375,0.12861016392707825,True,1393.73681640625,554.1270751953125,0.16328872740268707,True,5
cam2,46,4,1184.5068359375,293.7130432128906,0.1168288141489029,True,791.2876586914062,278.4168395996094,0.13805478811264038,True,-1
cam2,46,5,856.4091186523438,279.1260070800781,0.11541086435317993,True,1023.5396728515625,537.5883178710938,0.11740586906671524,True,-1
cam2,46,6,794.986572265625,351.7453308105469,0.10192044824361801,True,677.63818359375,184.32945251464844,0.09334895014762878,True,-1
cam2,46,7,1363.0653076171875,270.9686279296875,0.09456301480531693,True,1331.0484619140625,302.1056823730469,0.0689176693558693,True,-1
cam2,47,0,945.9152221679688,303.4582214355469,0.5422905087471008,True,938.064208984375,295.2905578613281,0.5232120156288147,True,0
cam2,47,1,1184.143310546875,295.33038330078125,0.16440530121326447,True,943.8152465820312,454.8221435546875,0.19663995504379272,True,-1
cam2,47,2,876.9713134765625,348.212890625,0.14371977746486664,True,1395.8616943359375,552.7914428710938,0.172156423330307,True,-1
cam2,47,3,851.36962890625,290.3026428222656,0.13529467582702637,True,1092.0880126953125,401.9010009765625,0.1509370654821396,True,-1
cam2,47,4,1098.572265625,406.2874450683594,0.13299283385276794,True,789.8259887695312,274.7040710449219,0.1389390379190445,True,3
cam2,47,5,1020.3916625976562,536.2153930664062,0.12936580181121826,True,668.6767578125,180.73773193359375,0.12946349382400513,True,6
cam2,47,6,1357.470947265625,269.3960876464844,0.10526870936155319,True,1021.3511352539062,535.6795654296875,0.11333552747964859,True,-1
cam2,47,7,791.07421875,350.28900146484375,0.09772681444883347,True,1329.234130859375,300.8533935546875,0.10409989953041077,True,-1
cam2,48,0,940.3598022460938,302.2228088378906,0.46394529938697815,True,939.69580078125,294.2707214355469,0.5254573225975037,True,0
cam2,48,1,1186.5491943359375,305.14251708984375,0.13614846765995026,True,856.11767578125,275.1257629394531,0.15328961610794067,True,-1
cam2,48,2,848.922607421875,276.1298828125,0.12760110199451447,True,941.0693969726562,456.962890625,0.15115724503993988,True,1
cam2,48,3,875.9249877929688,351.7320556640625,0.12396892160177231,True,1402.66015625,557.5528564453125,0.1477644443511963,True,-1
cam2,48,4,1104.4962158203125,405.06817626953125,0.12069842219352722,True,669.4771118164062,182.74668884277344,0.11116176098585129,True,6
cam2,48,5,1022.637939453125,540.0225830078125,0.10446489602327347,True,768.7666015625,213.97833251953125,0.09945018589496613,True,-1
cam2,48,6,767.4762573242188,211.18988037109375,0.10363095998764038,True,1097.3878173828125,401.8110046386719,0.0993872582912445,True,5
cam2,48,7,1431.25537109375,672.4608764648438,0.09530743956565857,True,973.6489868164062,395.8780212402344,0.09918446838855743,True,-1
cam2,49,0,946.252685546875,301.693115234375,0.47624585032463074,True,938.0143432617188,295.4205322265625,0.5678675174713135,True,0
cam2,49,1,1190.7236328125,306.0455627441406,0.15330304205417633,True,854.4237670898438,274.8936767578125,0.20111164450645447,True,-1
cam2,49,2,846.3787841796875,297.855224609375,0.14914245903491974,True,1405.419189453125,558.60791015625,0.14611990749835968,True,-1
cam2,49,3,1349.65478515625,273.8603515625,0.11115430295467377,True,970.1522216796875,394.52734375,0.13373282551765442,True,7
cam2,49,4,750.748779296875,222.79164123535156,0.09588751196861267,True,940.6273803710938,459.43597412109375,0.11699404567480087,True,6
cam2,49,5,1023.1090698242188,546.7353515625,0.09176498651504517,True,667.8423461914062,178.5117645263672,0.1119375005364418,True,-1
cam2,49,6,1434.2120361328125,677.0289306640625,0.08410044014453888,True,763.3109741210938,208.13302612304688,0.1018078476190567,True,-1
cam2,49,7,1116.4434814453125,276.1740417480469,0.08208100497722626,True,1349.953857421875,290.2904357910156,0.09140550345182419,True,-1
cam2,50,0,939.1136474609375,296.17803955078125,0.6121894717216492,True,936.3924560546875,296.6617736816406,0.757537841796875,True,0
cam2,50,1,834.4989624023438,296.245361328125,0.12699159979820251,True,673.580322265625,178.9556884765625,0.12083567678928375,True,-1
cam2,50,2,1118.9329833984375,278.84912109375,0.12329094111919403,True,842.32861328125,272.6712951660156,0.10904153436422348,True,-1
cam2,50,3,1190.870361328125,303.5668640136719,0.11367370188236237,True,1360.13671875,279.21429443359375,0.09779296815395355,True,-1
cam2,50,4,1201.379150390625,242.2780303955078,0.09934242814779282,True,965.5986938476562,395.3958740234375,0.096390500664711,True,-1
cam2,50,5,1360.6300048828125,270.29266357421875,0.09544715285301208,True,765.1376342773438,205.2235565185547,0.09052692353725433,True,3
cam2,50,6,651.8822021484375,378.146240234375,0.08251095563173294,True,1103.193603515625,329.6050720214844,0.08554590493440628,True,-1
cam2,50,7,758.5120849609375,213.9989013671875,0.08163372427225113,True,712.1166381835938,445.1682434082031,0.06236426159739494,True,5
cam2,51,0,941.0115356445312,296.4619445800781,0.6058200001716614,True,938.5587158203125,296.8995361328125,0.7686840891838074,True,0
cam2,51,1,833.17333984375,297.3508605957031,0.16024184226989746,True,1359.2613525390625,272.2693786621094,0.11210956424474716,True,4
cam2,51,2,1118.97705078125,277.4831237792969,0.15796484053134918,True,675.2077026367188,178.9161834716797,0.11045699566602707,True,-1
cam2,51,3,1362.927978515625,270.16107177734375,0.10407168418169022,True,770.4447021484375,206.58816528320312,0.10717720538377762,True,1
cam2,51,4,1191.39306640625,305.6644287109375,0.09875620156526566,True,836.3345947265625,279.70465087890625,0.10294509679079056,True,-1
cam2,51,5,767.2430419921875,210.06503295898438,0.08600911498069763,True,967.8264770507812,393.123046875,0.09645500034093857,True,3
cam2,51,6,1203.3570556640625,238.37904357910156,0.08264975994825363,True,184.5207977294922,617.023193359375,0.08877146989107132,True,-1
cam2,51,7,1277.2412109375,246.7655792236328,0.0778765082359314,True,1101.1195068359375,326.2919006347656,0.08420801907777786,True,-1
cam2,52,0,943.140625,288.2892761230469,0.5705074667930603,True,938.3546752929688,296.4368591308594,0.7462019920349121,True,0
cam2,52,1,1121.916259765625,275.5063781738281,0.1533821076154709,True,771.7882690429688,206.79791259765625,0.12077243626117706,True,-1
cam2,52,2,832.7568969726562,301.0007019042969,0.15069492161273956,True,1358.0224609375,277.08111572265625,0.10441019386053085,True,-1
cam2,52,3,768.3187255859375,204.27587890625,0.09214340895414352,True,679.3489990234375,178.54730224609375,0.10227987915277481,True,1
cam2,52,4,1361.652099609375,275.7195129394531,0.0904618501663208,True,546.4822998046875,456.9739685058594,0.10165313631296158,True,2
cam2,52,5,1280.1114501953125,262.3315734863281,0.08744975924491882,True,188.5683135986328,615.2144165039062,0.09419212490320206,True,-1
cam2,52,6,399.0762023925781,282.7498779296875,0.06267555058002472,True,960.0703125,388.8863220214844,0.09136943519115448,True,-1
cam2,52,7,683.068359375,191.78208923339844,0.06135969236493111,True,1092.56640625,316.8058776855469,0.09000207483768463,True,3
cam2,53,0,938.0831298828125,280.65283203125,0.5344754457473755,True,939.015869140625,284.0390625,0.7443385720252991,True,0
cam2,53,1,1123.995361328125,268.748291015625,0.13027922809123993,True,549.6079711914062,459.9957275390625,0.13446743786334991,True,-1
cam2,53,2,832.4198608398438,296.0276184082031,0.1259990632534027,True,773.2542724609375,205.2263641357422,0.11644651740789413,True,-1
cam2,53,3,1270.3436279296875,270.9485168457031,0.10145372897386551,True,954.4840087890625,382.8652648925781,0.11402115970849991,True,-1
cam2,53,4,762.485107421875,204.0757293701172,0.09126082062721252,True,1361.189697265625,276.2685546875,0.11131637543439865,True,2
cam2,53,5,817.1964721679688,203.4652557373047,0.08574195951223373,True,674.8231811523438,172.23004150390625,0.10031159222126007,True,-1
cam2,53,6,1362.306884765625,279.5401916503906,0.08533670008182526,True,190.39059448242188,609.0597534179688,0.07967789471149445,True,4
cam2,53,7,1185.0013427734375,197.3744354248047,0.06835418939590454,True,719.3674926757812,433.62457275390625,0.07712628692388535,True,-1
cam2,54,0,937.7766723632812,280.8595886230469,0.698417067527771,True,936.0972900390625,281.68310546875,0.6659404635429382,True,0
cam2,54,1,764.8807373046875,205.67172241210938,0.09828140586614609,True,770.9846801757812,209.7631072998047,0.13153325021266937,True,1
cam2,54,2,814.2903442382812,206.8883819580078,0.09172569215297699,True,955.0995483398438,380.5951843261719,0.1186312586069107,True,-1
cam2,54,3,1270.561767578125,278.4102783203125,0.08661685883998871,True,546.9896850585938,460.4493408203125,0.09989528357982635,True,-1
cam2,54,4,195.6088104248047,615.084228515625,0.07917743176221848,True,192.26806640625,612.5406494140625,0.09916651248931885,True,4
cam2,54,5,1162.8389892578125,276.52716064453125,0.07369246333837509,True,694.1884765625,167.55714416503906,0.09007851779460907,True,-1
cam2,54,6,1156.156005859375,337.6635437011719,0.07252391427755356,True,1031.1033935546875,287.8296203613281,0.0706605389714241,True,-1
cam2,54,7,1123.2528076171875,257.02899169921875,0.07239645719528198,True,1288.119140625,566.7607421875,0.06961406022310257,True,-1
cam2,55,0,942.84423828125,280.86474609375,0.7687857747077942,True,941.4194946289062,281.5354309082031,0.7040600180625916,True,0
cam2,55,1,195.22265625,617.6915893554688,0.1339832991361618,True,191.97645568847656,615.3267822265625,0.13335414230823517,True,1
cam2,55,2,1267.9580078125,279.9928894042969,0.08734364062547684,True,766.759521484375,214.34921264648438,0.11836864799261093,True,-1
cam2,55,3,770.7223510742188,207.9315185546875,0.08444187045097351,True,957.5855102539062,381.98211669921875,0.09655573964118958,True,2
cam2,55,4,1114.178955078125,258.48016357421875,0.08221610635519028,True,549.0018310546875,460.3153991699219,0.09575791656970978,True,-1
cam2,55,5,814.5687866210938,205.57752990722656,0.080319844186306,True,1383.2225341796875,275.98345947265625,0.08756747841835022,True,-1
cam2,55,6,667.2695922851562,180.19664001464844,0.07981885969638824,True,1090.136474609375,289.79998779296875,0.08171651512384415,True,-1
cam2,55,7,1150.3270263671875,341.00897216796875,0.0668555349111557,True,699.0585327148438,168.76214599609375,0.0788397565484047,True,-1
cam2,56,0,939.5050659179688,280.2933044433594,0.7533431053161621,True,938.432861328125,280.0659484863281,0.6935276389122009,True,0
cam2,56,1,197.84368896484375,614.1507568359375,0.12909193336963654,True,201.231689453125,618.9421997070312,0.1775698959827423,True,1
cam2,56,2,671.4003295898438,180.5419464111328,0.09648812562227249,True,768.80908203125,212.31634521484375,0.10667609423398972,True,6
cam2,56,3,1111.423583984375,266.1990966796875,0.08052356541156769,True,1108.639892578125,286.646484375,0.09925208240747452,True,-1
cam2,56,4,950.5452270507812,389.7702331542969,0.07926250994205475,True,1331.44921875,577.803466796875,0.08793334662914276,True,-1
cam2,56,5,1269.989501953125,277.3218078613281,0.07588758319616318,True,1380.017578125,272.2555847167969,0.08324900269508362,True,-1
cam2,56,6,1150.8914794921875,346.299560546875,0.07194105535745621,True,683.21923828125,174.5469207763672,0.07403580099344254,True,-1
cam2,56,7,771.0386352539062,211.59982299804688,0.06647220253944397,True,550.140380859375,462.1366882324219,0.07346197962760925,True,2
cam2,57,0,938.2492065429688,281.06121826171875,0.7321258187294006,True,940.2929077148438,281.9839172363281,0.6922973394393921,True,0
cam2,57,1,690.844482421875,181.60467529296875,0.11496233195066452,True,197.58030700683594,620.2035522460938,0.13282975554466248,True,5
cam2,57,2,950.159912109375,378.2829895019531,0.10196429491043091,True,962.9189453125,359.3942565917969,0.11625611782073975,True,-1
cam2,57,3,196.46743774414062,620.8342895507812,0.09855791926383972,True,765.8052978515625,213.3482666015625,0.11049338430166245,True,1
cam2,57,4,1117.349365234375,275.1447448730469,0.0963539406657219,True,1118.4962158203125,277.1343078613281,0.10528057813644409,True,4
cam2,57,5,1349.0177001953125,273.2386474609375,0.07292179018259048,True,680.5703735351562,180.1553192138672,0.08743023127317429,True,-1
cam2,57,6,770.8563232421875,219.07298278808594,0.06913498789072037,True,857.5357666015625,266.2392578125,0.0866282507777214,True,3
cam2,57,7,839.8616943359375,377.7002868652344,0.06446697562932968,True,1334.823974609375,582.2553100585938,0.08537285029888153,True,-1
cam2,58,0,935.8181762695312,282.9190368652344,0.7082396149635315,True,938.462158203125,282.7921142578125,0.7238342761993408,True,0
cam2,58,1,691.8915405273438,181.7418975830078,0.15560683608055115,True,897.4756469726562,465.3050537109375,0.27695202827453613,True,4
cam2,58,2,261.06732177734375,653.3511352539062,0.09991760551929474,True,1031.18505859375,403.8177490234375,0.12458886206150055,True,-1
cam2,58,3,1128.1409912109375,284.56146240234375,0.08762212842702866,True,925.6053466796875,377.58642578125,0.08753048628568649,True,6
cam2,58,4,772.42822265625,218.6327667236328,0.07921004295349121,True,686.4505004882812,184.94740295410156,0.08628391474485397,True,5
cam2,58,5,945.5764770507812,377.91595458984375,0.07896813005208969,True,769.9354858398438,219.84402465820312,0.08196132630109787,True,3
cam2,58,6,1032.3487548828125,402.9096984863281,0.06661280244588852,True,1137.0113525390625,287.9423522949219,0.07798610627651215,True,2
cam2,58,7,815.66845703125,313.7455749511719,0.06058433651924133,True,1353.4029541015625,273.77618408203125,0.0712725892663002,True,-1
cam2,59,0,939.3204345703125,281.09783935546875,0.6822972893714905,True,939.3753662109375,282.1063537597656,0.7448703050613403,True,0
cam2,59,1,691.4659423828125,184.8710174560547,0.14122839272022247,True,897.4384155273438,457.2333679199219,0.30115580558776855,True,5
cam2,59,2,770.7906494140625,214.50123596191406,0.11739332973957062,True,1018.4203491210938,395.4969482421875,0.1138039082288742,True,3
cam2,59,3,1125.4468994140625,286.71319580078125,0.08451409637928009,True,769.7193603515625,214.97987365722656,0.10982781648635864,True,4
cam2,59,4,1026.987548828125,398.5211181640625,0.08262822777032852,True,1135.9273681640625,288.2297058105469,0.09930853545665741,True,2
cam2,59,5,923.2811889648438,376.7159423828125,0.07854148000478745,True,687.8042602539062,181.1024627685547,0.0887879729270935,True,-1
cam2,59,6,267.8497619628906,653.10693359375,0.07187171280384064,True,1351.7159423828125,273.966064453125,0.0828787088394165,True,-1
cam2,59,7,809.7192993164062,314.9249267578125,0.05609096959233284,True,1254.8336181640625,190.30899047851562,0.06939494609832764,True,-1
cam2,60,0,928.172119140625,269.8982238769531,0.6939880847930908,True,928.5738525390625,269.7195739746094,0.7039619088172913,True,0
cam2,60,1,694.687255859375,183.601806640625,0.12484578788280487,True,895.514892578125,448.8255920410156,0.4052477478981018,True,7
cam2,60,2,769.85400390625,215.24061584472656,0.11644227802753448,True,1023.4761962890625,398.21612548828125,0.11534417420625687,True,3
cam2,60,3,1128.950927734375,302.4461975097656,0.08752766996622086,True,767.775390625,214.97157287597656,0.10554730892181396,True,4
cam2,60,4,925.1256103515625,372.067138671875,0.0783822238445282,True,1140.3358154296875,291.25250244140625,0.09954115003347397,True,-1
cam2,60,5,906.7608642578125,455.3352355957031,0.06209218129515648,True,1350.663330078125,273.9676208496094,0.08724520355463028,True,1
cam2,60,6,1055.465576171875,400.3186340332031,0.059366364032030106,True,1252.9989013671875,191.31256103515625,0.07095235586166382,True,-1
cam2,60,7,243.7294158935547,660.7498779296875,0.0582532174885273,True,692.0130615234375,177.8505401611328,0.06813127547502518,True,-1
cam2,61,0,928.7808227539062,267.1412353515625,0.6689683794975281,True,931.9099731445312,270.6182861328125,0.6904948353767395,True,0
cam2,61,1,692.9918212890625,184.31826782226562,0.13594000041484833,True,899.0103759765625,446.36822509765625,0.40306293964385986,True,7
cam2,61,2,766.4312744140625,218.6813507080078,0.11155784130096436,True,1349.5758056640625,274.296142578125,0.09936109185218811,True,4
cam2,61,3,966.4777221679688,348.8891906738281,0.09720353782176971,True,1016.5001831054688,396.048583984375,0.09124688804149628,True,5
cam2,61,4,904.298095703125,452.4073486328125,0.07271746546030045,True,765.8468017578125,216.4761962890625,0.08763514459133148,True,1
cam2,61,5,1186.64111328125,300.33563232421875,0.07250171154737473,True,964.7060546875,350.4582214355469,0.08595623821020126,True,-1
cam2,61,6,1122.1444091796875,287.4919128417969,0.06938111782073975,True,1144.1927490234375,285.67266845703125,0.072258360683918,True,-1
cam2,61,7,1058.1968994140625,398.5152282714844,0.06312544643878937,True,690.7593994140625,179.11651611328125,0.06816630065441132,True,-1
cam2,62,0,928.9423217773438,266.1001892089844,0.6806131601333618,True,928.4563598632812,263.8116455078125,0.5691619515419006,True,0
cam2,62,1,264.17962646484375,650.5458374023438,0.17088927328586578,True,901.5523681640625,451.61224365234375,0.19262062013149261,True,-1
cam2,62,2,1185.721923828125,297.5805358886719,0.12369276583194733,True,951.8282470703125,382.26556396484375,0.18266575038433075,True,-1
cam2,62,3,952.2866821289062,378.232177734375,0.10856141895055771,True,1061.3116455078125,268.7878112792969,0.1458202451467514,True,2
cam2,62,4,768.8871459960938,211.2685089111328,0.0968572199344635,True,765.1668701171875,203.81700134277344,0.10519091784954071,True,4
cam2,62,5,836.2589111328125,312.4359436035156,0.08717746287584305,True,1066.237548828125,402.4768981933594,0.08691767603158951,True,-1
cam2,62,6,1057.57080078125,400.5234069824219,0.08033352345228195,True,789.792236328125,380.30047607421875,0.08241535723209381,True,5
cam2,62,7,1034.4344482421875,291.3861999511719,0.07209379225969315,True,1350.3087158203125,268.4588317871094,0.07335332781076431,True,-1
cam2,63,0,936.1647338867188,265.85662841796875,0.7369521260261536,True,941.0272216796875,267.3582763671875,0.6784893870353699,True,0
cam2,63,1,267.46441650390625,644.5293579101562,0.13771189749240875,True,954.8947143554688,380.0027160644531,0.20135727524757385,True,-1
cam2,63,2,1183.60595703125,301.4941711425781,0.13589930534362793,True,905.3562622070312,452.6761779785156,0.16116291284561157,True,-1
cam2,63,3,955.3208618164062,381.94708251953125,0.12048326432704926,True,1066.5706787109375,265.9405822753906,0.14927443861961365,True,1
cam2,63,4,771.6864013671875,211.1729736328125,0.10448368638753891,True,765.9022827148438,204.80564880371094,0.10939106345176697,True,4
cam2,63,5,606.99072265625,545.3380737304688,0.0984201431274414,True,1062.6173095703125,400.6271057128906,0.09287310391664505,True,7
cam2,63,6,835.1137084960938,309.4006652832031,0.09549703449010849,True,790.6930541992188,378.0018310546875,0.08824636042118073,True,-1
cam2,63,7,1056.181884765625,400.1443786621094,0.09044131636619568,True,606.9510498046875,544.43408203125,0.07993161678314209,True,5
cam2,64,0,932.3627319335938,267.0557861328125,0.7507880330085754,True,935.2982788085938,266.372314453125,0.6925152540206909,True,0
cam2,64,1,956.5394897460938,379.2441101074219,0.12986409664154053,True,954.6995239257812,379.02642822265625,0.2467292845249176,True,1
cam2,64,2,1183.717041015625,304.61669921875,0.12811081111431122,True,1069.7359619140625,268.7754211425781,0.18396443128585815,True,-1
cam2,64,3,1087.156005859375,278.9068603515625,0.11351517587900162,True,907.187255859375,453.08514404296875,0.13749732077121735,True,-1
cam2,64,4,257.26251220703125,651.3909912109375,0.09910448640584946,True,769.7601318359375,202.58815002441406,0.12140011042356491,True,-1
cam2,64,5,819.7935791015625,289.12359619140625,0.09828056395053864,True,1014.7555541992188,459.6773376464844,0.10130561143159866,True,-1
cam2,64,6,609.5870971679688,541.6177978515625,0.0945977121591568,True,1060.12939453125,401.0119323730469,0.0841740220785141,True,-1
cam2,64,7,1045.6773681640625,400.14935302734375,0.09200156480073929,True,1358.6561279296875,621.178466796875,0.08162841200828552,True,6
cam2,65,0,933.2005615234375,267.856689453125,0.7441892027854919,True,934.9125366210938,267.6679992675781,0.6925970315933228,True,0
cam2,65,1,955.2660522460938,374.83624267578125,0.16004008054733276,True,960.250244140625,377.49530029296875,0.26508504152297974,True,1
cam2,65,2,1191.7633056640625,302.4262390136719,0.11092832684516907,True,1073.7977294921875,272.5891418457031,0.1771964728832245,True,-1
cam2,65,3,1082.285400390625,275.9806823730469,0.11011311411857605,True,1016.8059692382812,456.7945556640625,0.12220676988363266,True,2
cam2,65,4,819.4818725585938,290.68878173828125,0.10918980091810226,True,772.3472290039062,206.13775634765625,0.1090964749455452,True,6
cam2,65,5,1040.1483154296875,400.1400146484375,0.10678030550479889,True,1357.537353515625,617.5404052734375,0.08574386686086655,True,-1
cam2,65,6,609.6665649414062,542.6165161132812,0.10091348737478256,True,816.7411499023438,283.9852600097656,0.08120695501565933,True,-1
cam2,65,7,250.774658203125,650.826416015625,0.08683118224143982,True,1270.4891357421875,216.45321655273438,0.0745069831609726,True,-1
cam2,66,0,928.9510498046875,267.92755126953125,0.6592596173286438,True,931.93017578125,267.3069152832031,0.7860137224197388,True,0
cam2,66,1,950.7584228515625,379.3954162597656,0.14125694334506989,True,949.0482177734375,381.7835388183594,0.1992204636335373,True,1
cam2,66,2,1230.295654296875,278.7713928222656,0.12454139441251755,True,1258.6134033203125,551.7196655273438,0.09215502440929413,True,-1
cam2,66,3,261.4445495605469,648.0165405273438,0.102810338139534,True,1017.8536987304688,457.056640625,0.08627253025770187,True,-1
cam2,66,4,1142.37109375,331.8118896484375,0.07372941076755524,True,1071.3123779296875,284.18878173828125,0.08445680141448975,True,-1
cam2,66,5,1347.33447265625,278.3345031738281,0.07063915580511093,True,773.196533203125,204.63352966308594,0.0806116908788681,True,-1
cam2,66,6,696.7105102539062,182.3232421875,0.06826850026845932,True,957.2980346679688,550.5890502929688,0.07920851558446884,True,7
cam2,66,7,1212.887451171875,195.63519287109375,0.06706473231315613,True,691.4497680664062,181.68838500976562,0.07173477113246918,True,-1
cam2,67,0,936.20556640625,265.9075927734375,0.6546734571456909,True,936.3236083984375,266.24359130859375,0.7595226764678955,True,0
cam2,67,1,940.6365356445312,391.6246032714844,0.12615394592285156,True,955.6785888671875,382.3647766113281,0.19596868753433228,True,1
cam2,67,2,1231.6494140625,283.2384948730469,0.12587110698223114,True,1260.7166748046875,550.2710571289062,0.11384743452072144,True,-1
cam2,67,3,256.982666015625,648.1940307617188,0.10963024199008942,True,769.09326171875,197.90542602539062,0.11128338426351547,True,7
cam2,67,4,1212.896728515625,198.758056640625,0.08750760555267334,True,675.5077514648438,181.71768188476562,0.086280457675457,True,-1
cam2,67,5,685.0740356445312,184.46690368652344,0.08460575342178345,True,959.4091186523438,551.4081420898438,0.08455798774957657,True,4
cam2,67,6,1142.6826171875,332.9167785644531,0.0817379578948021,True,1074.480712890625,282.6475524902344,0.0740368440747261,True,-1
cam2,67,7,1354.4619140625,268.1693420410156,0.07785657048225403,True,256.24456787109375,654.1599731445312,0.06843620538711548,True,-1
cam2,68,0,933.1548461914062,266.462646484375,0.6547397375106812,True,928.4288940429688,262.8426513671875,0.7336574196815491,True,0
cam2,68,1,1236.556884765625,286.6859130859375,0.12738412618637085,True,955.7981567382812,385.873779296875,0.21119289100170135,True,6
cam2,68,2,942.0735473632812,387.8467102050781,0.12350887060165405,True,765.3375244140625,201.2377166748047,0.1210540235042572,True,1
cam2,68,3,1133.7908935546875,333.2117004394531,0.08431246876716614,True,962.8487548828125,545.3392944335938,0.11537109315395355,True,-1
cam2,68,4,1214.9002685546875,199.33255004882812,0.0819430947303772,True,1268.217529296875,553.1676025390625,0.10418477654457092,True,-1
cam2,68,5,670.0523071289062,183.5737762451172,0.07573588937520981,True,1319.2139892578125,261.062744140625,0.07468657940626144,True,-1
cam2,68,6,253.42515563964844,662.9348754882812,0.07399310171604156,True,1245.0762939453125,287.2862854003906,0.06525304168462753,True,-1
cam2,68,7,1355.373291015625,268.0914611816406,0.07124633342027664,True,238.99452209472656,678.8756713867188,0.06297095119953156,True,-1
cam2,69,0,929.883544921875,268.8179016113281,0.6537050008773804,True,930.3477172851562,267.829833984375,0.7390617728233337,True,0
cam2,69,1,941.3970336914062,383.61309814453125,0.1341884732246399,True,956.0213623046875,384.3297119140625,0.18122005462646484,True,1
cam2,69,2,1233.7149658203125,286.2586364746094,0.11745426803827286,True,765.70751953125,203.2600555419922,0.12682387232780457,True,7
cam2,69,3,1206.6385498046875,195.7904510498047,0.10031530261039734,True,970.7831420898438,538.508056640625,0.10087314993143082,True,-1
cam2,69,4,682.6143188476562,187.81492614746094,0.08430497348308563,True,859.7459106445312,302.46875,0.07565265148878098,True,-1
cam2,69,5,765.5768432617188,210.62832641601562,0.08210176974534988,True,1329.385986328125,266.698974609375,0.06654920428991318,True,2
cam2,69,6,1131.3011474609375,332.94793701171875,0.07472799718379974,True,1276.2403564453125,555.236083984375,0.063104048371315,True,-1
cam2,69,7,1370.86181640625,255.29710388183594,0.0719662755727768,True,1242.0052490234375,283.9814758300781,0.060479678213596344,True,-1
cam2,70,0,929.8342895507812,267.4939270019531,0.709464430809021,True,934.3486938476562,267.54913330078125,0.7443426251411438,True,0
cam2,70,1,956.9808959960938,388.794921875,0.12267395853996277,True,1000.9690551757812,398.171875,0.14410917460918427,True,-1
cam2,70,2,835.4054565429688,301.8410949707031,0.09145460277795792,True,978.9672241210938,539.9337158203125,0.12247072905302048,True,-1
cam2,70,3,1384.0765380859375,434.53863525390625,0.08038656413555145,True,766.3358154296875,203.63621520996094,0.10168967396020889,True,-1
cam2,70,4,1285.679931640625,583.3382568359375,0.07813035696744919,True,954.0118408203125,454.9585876464844,0.0777227133512497,True,-1
cam2,70,5,1377.7913818359375,254.10317993164062,0.0776180848479271,True,1146.4681396484375,330.2300109863281,0.07117801159620285,True,-1
cam2,70,6,1232.7032470703125,290.39837646484375,0.07251617312431335,True,1270.3604736328125,454.4254150390625,0.049962710589170456,True,-1
cam2,70,7,257.797607421875,650.6068725585938,0.06967277079820633,True,680.8080444335938,199.08216857910156,0.04845667630434036,True,-1
cam2,71,0,935.33056640625,268.4468078613281,0.7021319270133972,True,936.6810302734375,267.4014892578125,0.6869605183601379,True,0
cam2,71,1,836.7384643554688,304.4428405761719,0.11286217719316483,True,853.5465698242188,299.00714111328125,0.2396107167005539,True,1
cam2,71,2,959.5867309570312,398.9264831542969,0.11099373549222946,True,988.3562622070312,394.73138427734375,0.18053928017616272,True,-1
cam2,71,3,768.1698608398438,205.42059326171875,0.07851282507181168,True,977.5945434570312,545.2058715820312,0.1329622119665146,True,4
cam2,71,4,1380.8267822265625,248.4829864501953,0.07739739120006561,True,766.3761596679688,201.7777862548828,0.10542069375514984,True,-1
cam2,71,5,1292.8154296875,581.3028564453125,0.07688074558973312,True,953.4035034179688,453.53973388671875,0.09426568448543549,True,-1
cam2,71,6,1234.7908935546875,289.570556640625,0.07503289729356766,True,1144.103271484375,325.8899841308594,0.08232446014881134,True,-1
cam2,71,7,1382.7559814453125,432.1632995605469,0.07423602044582367,True,198.56533813476562,621.8245849609375,0.07674572616815567,True,-1
cam2,72,0,943.9700927734375,266.57391357421875,0.6422079801559448,True,941.2080688476562,254.11007690429688,0.5532957315444946,True,0
cam2,72,1,961.3508911132812,395.9529724121094,0.13823072612285614,True,869.4342041015625,299.86224365234375,0.27125802636146545,True,-1
cam2,72,2,857.2411499023438,299.84423828125,0.1275966465473175,True,999.68603515625,404.3454895019531,0.2239883691072464,True,1
cam2,72,3,1296.5291748046875,579.3609008789062,0.11030255258083344,True,979.4736938476562,542.5371704101562,0.12779472768306732,True,-1
cam2,72,4,1387.1492919921875,247.33026123046875,0.09270215034484863,True,767.1299438476562,199.9549560546875,0.09909369796514511,True,-1
cam2,72,5,771.679931640625,201.9548797607422,0.08862931281328201,True,198.14126586914062,617.146728515625,0.09205940365791321,True,4
cam2,72,6,1235.84765625,289.67608642578125,0.06988771259784698,True,1142.3349609375,322.88720703125,0.08812568336725235,True,-1
cam2,72,7,1120.9114990234375,253.15432739257812,0.06566684693098068,True,428.4159851074219,366.1585388183594,0.067816361784935,True,-1
cam2,73,0,941.977294921875,268.6083984375,0.6354592442512512,True,943.0247192382812,256.9634094238281,0.4989847242832184,True,0
cam2,73,1,949.327880859375,371.2356262207031,0.15839321911334991,True,853.5816650390625,286.89935302734375,0.33173424005508423,True,-1
cam2,73,2,864.0227661132812,300.5232238769531,0.14514786005020142,True,996.1222534179688,398.18701171875,0.30035510659217834,True,1
cam2,73,3,1302.2030029296875,578.4613647460938,0.10113813728094101,True,1359.141357421875,618.9776611328125,0.0974045842885971,True,-1
cam2,73,4,772.9461059570312,209.47813415527344,0.08716350048780441,True,982.7178344726562,543.2192993164062,0.09435184299945831,True,5
cam2,73,5,1389.31689453125,248.1151885986328,0.08555522561073303,True,762.8360595703125,201.0042266845703,0.08325543254613876,True,-1
cam2,73,6,1113.48388671875,258.8003845214844,0.07238909602165222,True,1135.6353759765625,300.0234375,0.0696454867720604,True,-1
cam2,73,7,1236.9293212890625,285.7591857910156,0.06695910543203354,True,675.4874267578125,380.0947265625,0.0662795677781105,True,-1
cam2,74,0,883.9486694335938,304.42071533203125,0.4302276074886322,True,994.7635498046875,399.4505920410156,0.42635202407836914,True,-1
cam2,74,1,952.3115844726562,351.5880126953125,0.252743661403656,True,851.1080322265625,278.6448059082031,0.19885921478271484,True,-1
cam2,74,2,1102.3798828125,272.5418701171875,0.16263528168201447,True,960.7124633789062,327.5759582519531,0.19857901334762573,True,-1
cam2,74,3,1044.4063720703125,402.8103942871094,0.150483638048172,True,1349.5701904296875,619.468017578125,0.1725788116455078,True,-1
cam2,74,4,1342.7430419921875,281.5947570800781,0.09897689521312714,True,685.1959838867188,274.5769958496094,0.06649495661258698,True,-1
cam2,74,5,1303.716552734375,582.52587890625,0.07354482263326645,True,701.3390502929688,187.20086669921875,0.064169742166996,True,-1
cam2,74,6,1235.8438720703125,284.333984375,0.0695086345076561,True,980.7828369140625,552.0171508789062,0.06393035501241684,True,-1
cam2,74,7,772.4548950195312,214.64720153808594,0.054801858961582184,True,1142.603271484375,292.557861328125,0.059360798448324203,True,-1
cam2,75,0,884.3128662109375,304.5274963378906,0.5139992237091064,True,998.3175659179688,395.84228515625,0.45557594299316406,True,-1
cam2,75,1,951.3151245117188,356.25408935546875,0.2738424241542816,True,846.3611450195312,277.3020935058594,0.227725088596344,True,-1
cam2,75,2,1040.8814697265625,402.7859802246094,0.1860124170780182,True,955.3789672851562,333.32525634765625,0.19524803757667542,True,-1
cam2,75,3,1098.6435546875,273.2762451171875,0.17851659655570984,True,1359.2723388671875,627.357177734375,0.18648287653923035,True,-1
cam2,75,4,1349.760498046875,277.8315124511719,0.11081338673830032,True,950.4702758789062,245.6528778076172,0.0678938627243042,True,-1
cam2,75,5,1319.2650146484375,593.4728393554688,0.08224844187498093,True,614.0531005859375,547.7564086914062,0.06514492630958557,True,-1
cam2,75,6,770.3319091796875,215.36669921875,0.055779099464416504,True,677.9948120117188,192.93048095703125,0.06154302507638931,True,-1
cam2,75,7,1236.6790771484375,286.5146179199219,0.05365642532706261,True,1577.149658203125,656.964599609375,0.057722482830286026,True,-1
cam2,76,0,885.01318359375,308.3998107910156,0.5001382231712341,True,999.5135498046875,398.4819030761719,0.41070103645324707,True,-1
cam2,76,1,949.5028076171875,346.4742736816406,0.31367313861846924,True,956.0470581054688,339.219482421875,0.26199543476104736,True,1
cam2,76,2,1099.1180419921875,274.37109375,0.1921236664056778,True,843.5747680664062,283.7599182128906,0.19062015414237976,True,7
cam2,76,3,1043.4481201171875,403.5413513183594,0.17276276648044586,True,1360.8941650390625,623.0755615234375,0.16409923136234283,True,-1
cam2,76,4,1357.7117919921875,276.0817565917969,0.10907436907291412,True,1263.8515625,405.3360290527344,0.0722132995724678,True,-1
cam2,76,5,1321.2381591796875,589.6553344726562,0.07731500267982483,True,612.5379638671875,549.53515625,0.06888145953416824,True,-1
cam2,76,6,769.6818237304688,215.66966247558594,0.05771133303642273,True,1579.8524169921875,660.4303588867188,0.06752071529626846,True,-1
cam2,76,7,670.2453002929688,186.16448974609375,0.057599615305662155,True,1097.9837646484375,272.3136291503906,0.06741949170827866,True,-1
cam2,77,0,888.251220703125,308.006103515625,0.5668348073959351,True,1001.04296875,387.3006286621094,0.43380656838417053,True,-1
cam2,77,1,960.4600219726562,334.458740234375,0.30609866976737976,True,834.246826171875,287.1528625488281,0.20574356615543365,True,-1
cam2,77,2,1041.3067626953125,400.03082275390625,0.15290257334709167,True,1330.259765625,593.2589111328125,0.15562529861927032,True,-1
cam2,77,3,1094.055419921875,278.4053649902344,0.1517331451177597,True,1268.6729736328125,400.5414123535156,0.10263166576623917,True,5
cam2,77,4,1352.1749267578125,283.9558410644531,0.0820673257112503,True,909.8992309570312,458.9011535644531,0.09368103742599487,True,-1
cam2,77,5,1326.7088623046875,592.1683349609375,0.0739966481924057,True,1099.2109375,267.7142333984375,0.08036204427480698,True,2
cam2,77,6,1151.803466796875,425.2654113769531,0.06435349583625793,True,1038.114990234375,291.1795654296875,0.07865312695503235,True,-1
cam2,77,7,1236.5106201171875,286.1445617675781,0.05829443410038948,True,670.7581176757812,207.57513427734375,0.06985931098461151,True,-1
cam2,78,0,935.3446044921875,252.86773681640625,0.6044572591781616,True,933.9188232421875,257.1217956542969,0.3444885015487671,True,0
cam2,78,1,1028.0391845703125,399.4600524902344,0.22810517251491547,True,1000.2413940429688,397.2596435546875,0.3206368684768677,True,-1
cam2,78,2,929.6939086914062,380.4505615234375,0.1923130601644516,True,952.2274169921875,341.98614501953125,0.32005631923675537,True,-1
cam2,78,3,1098.7034912109375,272.008056640625,0.10544711351394653,True,833.5392456054688,296.182861328125,0.11573988199234009,True,5
cam2,78,4,798.4990844726562,341.83819580078125,0.06790751218795776,True,909.521240234375,482.8320617675781,0.10306798666715622,True,-1
cam2,78,5,1153.712158203125,333.1899719238281,0.053967755287885666,True,1094.5128173828125,276.9373779296875,0.0994642972946167,True,-1
cam2,78,6,1164.2100830078125,214.97219848632812,0.05105004087090492,True,1267.25244140625,402.3233642578125,0.08253193646669388,True,-1
cam2,78,7,1243.9300537109375,289.1167297363281,0.04827163740992546,True,605.3289794921875,546.03564453125,0.08034591376781464,True,-1
cam2,79,0,928.355712890625,254.58258056640625,0.7309975028038025,True,934.7340087890625,266.64520263671875,0.5046105980873108,True,0
cam2,79,1,1031.0804443359375,401.04345703125,0.240033820271492,True,1007.1701049804688,395.0132141113281,0.2909448742866516,True,-1
cam2,79,2,926.5798950195312,388.1650390625,0.2181973159313202,True,953.5282592773438,346.77215576171875,0.2669655382633209,True,-1
cam2,79,3,1099.52197265625,273.5108947753906,0.1294698417186737,True,822.2449340820312,304.12811279296875,0.13714288175106049,True,-1
cam2,79,4,796.7611083984375,342.31005859375,0.08283230662345886,True,1102.8033447265625,298.3093566894531,0.11093714088201523,True,-1
cam2,79,5,1162.0750732421875,216.68252563476562,0.05800994858145714,True,908.5709228515625,483.0227355957031,0.08616820722818375,True,-1
cam2,79,6,772.0346069335938,224.58151245117188,0.05455009639263153,True,1329.0771484375,599.4631958007812,0.07382625341415405,True,-1
cam2,79,7,1377.8802490234375,412.6692810058594,0.04148848354816437,True,572.4926147460938,311.2467346191406,0.0695064589381218,True,-1
cam2,80,0,931.2981567382812,266.00970458984375,0.7244290709495544,True,934.3182373046875,266.03955078125,0.5307408571243286,True,0
cam2,80,1,927.8554077148438,391.3828125,0.22265078127384186,True,957.0203247070312,353.39306640625,0.2776069641113281,True,-1
cam2,80,2,1036.939697265625,400.8776550292969,0.177292600274086,True,1007.4146728515625,395.6752624511719,0.2368243932723999,True,-1
cam2,80,3,1101.46435546875,275.16162109375,0.14296194911003113,True,832.2232666015625,306.82666015625,0.12705639004707336,True,4
cam2,80,4,792.9339599609375,341.29180908203125,0.08908496052026749,True,1099.8524169921875,287.319091796875,0.11050723493099213,True,-1
cam2,80,5,769.402099609375,217.6114501953125,0.05740596726536751,True,1039.8114013671875,308.3339538574219,0.08024722337722778,True,-1
cam2,80,6,209.0065155029297,770.4039306640625,0.04563238471746445,True,683.4552612304688,211.84046936035156,0.07174761593341827,True,-1
cam2,80,7,694.0598754882812,185.4208526611328,0.04180367290973663,True,563.9581298828125,313.7321472167969,0.06796442717313766,True,-1
cam2,81,0,932.1812133789062,266.3905334472656,0.7720956802368164,True,932.63134765625,266.93194580078125,0.5451756715774536,True,0
cam2,81,1,929.2973022460938,388.8738708496094,0.22688886523246765,True,950.064208984375,360.2660827636719,0.2674877941608429,True,-1
cam2,81,2,1036.5045166015625,404.15191650390625,0.16905108094215393,True,1011.381103515625,397.267578125,0.22020788490772247,True,-1
cam2,81,3,1104.1669921875,274.4971618652344,0.123521588742733,True,832.2766723632812,306.5796813964844,0.14081469178199768,True,6
cam2,81,4,791.33935546875,339.57574462890625,0.08610501140356064,True,1040.28759765625,308.66650390625,0.09326541423797607,True,-1
cam2,81,5,210.12171936035156,768.3428344726562,0.07108462601900101,True,202.53746032714844,762.3403930664062,0.09226071834564209,True,5
cam2,81,6,1158.2835693359375,224.79652404785156,0.06584355235099792,True,1098.1668701171875,285.61376953125,0.07594793289899826,True,-1
cam2,81,7,764.0870361328125,226.50401306152344,0.053482893854379654,True,563.4345092773438,312.7286376953125,0.07077068835496902,True,-1
cam2,82,0,933.58154296875,266.37744140625,0.7704758048057556,True,937.692138671875,266.3846130371094,0.5992007255554199,True,0
cam2,82,1,932.9677734375,388.481689453125,0.22783248126506805,True,937.6336059570312,387.44805908203125,0.28926220536231995,True,1
cam2,82,2,1028.108642578125,399.9334716796875,0.2008516937494278,True,1043.148681640625,311.2013854980469,0.1300967037677765,True,-1
cam2,82,3,1117.19873046875,280.1286315917969,0.06416915357112885,True,1272.3582763671875,212.0634307861328,0.0880720391869545,True,-1
cam2,82,4,812.3414916992188,312.532958984375,0.05761374905705452,True,1142.4208984375,295.5079040527344,0.05603722855448723,True,6
cam2,82,5,1255.9517822265625,197.7244415283203,0.05291662737727165,True,906.3935546875,522.8763427734375,0.0532805360853672,True,-1
cam2,82,6,1163.715576171875,225.9927978515625,0.05247674137353897,True,828.162353515625,306.25634765625,0.05317112058401108,True,-1
cam2,82,7,670.0950317382812,195.59632873535156,0.0509977713227272,True,686.0941162109375,186.23614501953125,0.052184462547302246,True,7
cam2,83,0,934.2504272460938,265.9552307128906,0.812992513179779,True,937.2913208007812,266.37054443359375,0.6862807869911194,True,0
cam2,83,1,1025.72998046875,398.1445007324219,0.2473200112581253,True,936.9556884765625,387.11859130859375,0.26011064648628235,True,-1
cam2,83,2,931.0869140625,391.8167419433594,0.21590638160705566,True,1053.056640625,401.26190185546875,0.17190136015415192,True,1
cam2,83,3,849.56591796875,374.283447265625,0.07026178389787674,True,1043.1767578125,305.74261474609375,0.15755990147590637,True,-1
cam2,83,4,1109.9105224609375,268.9981384277344,0.0684354156255722,True,1273.7135009765625,207.13136291503906,0.09092868119478226,True,-1
cam2,83,5,821.9275512695312,306.48297119140625,0.06388480961322784,True,685.6865844726562,178.9836883544922,0.07056813687086105,True,-1
cam2,83,6,669.5462036132812,188.73509216308594,0.057485852390527725,True,905.5167846679688,520.2914428710938,0.06573992222547531,True,5
cam2,83,7,1265.804443359375,203.37535095214844,0.05301637947559357,True,560.3633422851562,325.5059509277344,0.06477998942136765,True,4
cam2,84,0,934.3287353515625,266.1954040527344,0.8176314830780029,True,936.9241333007812,267.20330810546875,0.6436008810997009,True,0
cam2,84,1,1035.2498779296875,404.7236328125,0.2173546701669693,True,938.0691528320312,387.5638122558594,0.21255289018154144,True,2
cam2,84,2,931.7498779296875,390.0758972167969,0.17856928706169128,True,1031.676513671875,401.935302734375,0.17838555574417114,True,1
cam2,84,3,846.4124755859375,376.5704650878906,0.09175926446914673,True,1039.8321533203125,304.45855712890625,0.14785465598106384,True,-1
cam2,84,4,1110.6419677734375,271.2622985839844,0.08155253529548645,True,1278.7705078125,203.15016174316406,0.09472614526748657,True,7
cam2,84,5,1150.140380859375,347.14874267578125,0.06522245705127716,True,682.54931640625,266.1915283203125,0.08661572635173798,True,-1
cam2,84,6,823.221923828125,302.8829650878906,0.06470980495214462,True,690.9393310546875,182.061767578125,0.0840933546423912,True,-1
cam2,84,7,1217.5853271484375,277.23626708984375,0.05510491505265236,True,1125.6629638671875,282.8747253417969,0.0752871185541153,True,-1
cam2,85,0,932.890869140625,267.9638671875,0.8121593594551086,True,936.304443359375,269.4547424316406,0.588539183139801,True,0
cam2,85,1,1019.4139404296875,398.92681884765625,0.25660884380340576,True,1026.0548095703125,398.0469055175781,0.2353844940662384,True,1
cam2,85,2,933.49658203125,387.59515380859375,0.1471053659915924,True,936.3169555664062,372.89263916015625,0.20128506422042847,True,2
cam2,85,3,846.2252807617188,376.5174560546875,0.09629346430301666,True,1269.0294189453125,212.07525634765625,0.12474361807107925,True,-1
cam2,85,4,1105.548095703125,262.2212829589844,0.07038264721632004,True,698.1100463867188,174.14273071289062,0.09209847450256348,True,-1
cam2,85,5,820.8934326171875,303.05401611328125,0.06721141189336777,True,1034.80419921875,301.2984619140625,0.0907517746090889,True,7
cam2,85,6,1270.3055419921875,203.11329650878906,0.06584779173135757,True,676.8057250976562,266.9334716796875,0.0856119692325592,True,3
cam2,85,7,1217.3763427734375,274.4345397949219,0.06539766490459442,True,817.039306640625,292.6283264160156,0.07503253221511841,True,-1
cam2,86,0,928.963623046875,267.47332763671875,0.6966082453727722,True,929.1690063476562,267.4844970703125,0.594914436340332,True,0
cam2,86,1,1018.2808837890625,395.0342102050781,0.3527074456214905,True,1019.3228149414062,397.386962890625,0.2626201808452606,True,1
cam2,86,2,932.3167114257812,376.60406494140625,0.1459420770406723,True,1268.4505615234375,211.6751708984375,0.11967211961746216,True,-1
cam2,86,3,823.2811279296875,298.7965393066406,0.10189885646104813,True,901.0894775390625,456.3871765136719,0.0947156548500061,True,4
cam2,86,4,843.5499877929688,374.1950378417969,0.07936953008174896,True,824.0485229492188,295.39166259765625,0.09316374361515045,True,-1
cam2,86,5,1214.1038818359375,272.77587890625,0.06144088879227638,True,1242.5780029296875,128.610107421875,0.07107672095298767,True,-1
cam2,86,6,707.6856689453125,169.62171936035156,0.059733953326940536,True,279.23004150390625,636.3487548828125,0.0710047036409378,True,-1
cam2,86,7,1103.267822265625,259.9764404296875,0.058729130774736404,True,1115.357177734375,271.31378173828125,0.061582885682582855,True,7
cam2,87,0,931.651611328125,267.72589111328125,0.6767006516456604,True,931.4326171875,268.0505676269531,0.6540103554725647,True,0
cam2,87,1,1018.361083984375,393.1517639160156,0.3760976195335388,True,1018.3179321289062,394.9660339355469,0.29395607113838196,True,1
cam2,87,2,930.972900390625,373.037353515625,0.1388409435749054,True,822.0985107421875,291.74114990234375,0.10344594717025757,True,-1
cam2,87,3,822.8530883789062,297.41326904296875,0.1313839703798294,True,1240.9385986328125,128.56846618652344,0.0851849690079689,True,2
cam2,87,4,706.3840942382812,169.9591064453125,0.0752825066447258,True,1270.733642578125,216.1084442138672,0.08443404734134674,True,-1
cam2,87,5,1282.372314453125,226.20970153808594,0.06684039533138275,True,905.32177734375,454.6871032714844,0.08194799721240997,True,4
cam2,87,6,1098.2313232421875,286.3878173828125,0.05536729842424393,True,282.8619689941406,635.8062744140625,0.0781933143734932,True,7
cam2,87,7,284.0724792480469,635.69287109375,0.05303269252181053,True,1112.8966064453125,284.1118469238281,0.07236290723085403,True,6
cam2,88,0,931.2273559570312,267.25335693359375,0.6317703723907471,True,928.846435546875,266.3179016113281,0.6826230883598328,True,0
cam2,88,1,1017.6220703125,386.7818298339844,0.3877132534980774,True,1013.9579467773438,387.1388854980469,0.3130662739276886,True,1
cam2,88,2,936.7704467773438,368.3617858886719,0.15030263364315033,True,1108.995849609375,286.9246826171875,0.08945497125387192,True,-1
cam2,88,3,824.4027709960938,301.2770080566406,0.10774862766265869,True,818.4930419921875,292.3903503417969,0.08897152543067932,True,3
cam2,88,4,1286.9052734375,234.32781982421875,0.07289358228445053,True,1241.7327880859375,130.62582397460938,0.0834403783082962,True,-1
cam2,88,5,1095.4512939453125,290.51751708984375,0.07169606536626816,True,906.3822631835938,453.4893798828125,0.07148699462413788,True,2
cam2,88,6,698.9815063476562,175.83685302734375,0.06867130845785141,True,281.648193359375,626.3727416992188,0.07019678503274918,True,-1
cam2,88,7,590.4598999023438,317.5257263183594,0.06210227310657501,True,1272.7901611328125,282.213134765625,0.05915581062436104,True,-1
cam2,89,0,929.848876953125,267.35113525390625,0.6211358904838562,True,928.7612915039062,268.37738037109375,0.7304750084877014,True,0
cam2,89,1,1015.5301513671875,386.5120849609375,0.39087197184562683,True,1011.9908447265625,386.42388916015625,0.34055429697036743,True,1
cam2,89,2,938.0139770507812,363.9174499511719,0.15580113232135773,True,819.3419799804688,289.94464111328125,0.08874353021383286,True,-1
cam2,89,3,821.8233642578125,287.68310546875,0.10972480475902557,True,909.5435180664062,451.3045349121094,0.07641319930553436,True,2
cam2,89,4,1285.7108154296875,243.41419982910156,0.08657190948724747,True,1112.6492919921875,286.33331298828125,0.07287392765283585,True,-1
cam2,89,5,1099.796630859375,292.3363037109375,0.07610856741666794,True,1249.0274658203125,132.7255401611328,0.0676606073975563,True,4
cam2,89,6,1342.9356689453125,294.9378967285156,0.0666016936302185,True,1251.603515625,242.42723083496094,0.0649690181016922,True,-1
cam2,89,7,698.5691528320312,170.80528259277344,0.06158194690942764,True,283.6258239746094,626.8986206054688,0.059345465153455734,True,-1
cam2,90,0,929.825439453125,267.07757568359375,0.6858363151550293,True,927.0281982421875,268.2762451171875,0.7646448612213135,True,0
cam2,90,1,1012.6370849609375,387.03411865234375,0.4160125255584717,True,1010.8623657226562,386.8560485839844,0.4432418942451477,True,1
cam2,90,2,282.3951721191406,623.7611083984375,0.12334830313920975,True,283.48309326171875,622.096923828125,0.1749521940946579,True,2
cam2,90,3,813.6990356445312,286.6430358886719,0.08204562962055206,True,904.796142578125,455.3003845214844,0.08012109994888306,True,4
cam2,90,4,1275.291748046875,251.67312622070312,0.06586138904094696,True,810.9293823242188,287.4046630859375,0.057635530829429626,True,-1
cam2,90,5,851.5879516601562,369.4281921386719,0.06306204199790955,True,1244.2611083984375,248.3896484375,0.05613783374428749,True,-1
cam2,90,6,1028.0567626953125,303.5520935058594,0.05936459079384804,True,1276.9503173828125,562.5736694335938,0.04538607969880104,True,-1
cam2,90,7,1195.990234375,301.59613037109375,0.05644161254167557,True,1157.383544921875,413.4138488769531,0.04466570168733597,True,-1
cam2,91,0,931.560546875,268.11077880859375,0.7514392137527466,True,928.7717895507812,268.1886291503906,0.7816936373710632,True,0
cam2,91,1,1002.1123046875,395.10968017578125,0.40325087308883667,True,1000.2801513671875,394.8334045410156,0.519902765750885,True,1
cam2,91,2,941.4644165039062,365.2714538574219,0.17926505208015442,True,284.94134521484375,621.0616455078125,0.224897563457489,True,-1
cam2,91,3,285.7062072753906,619.6123046875,0.16830424964427948,True,908.393798828125,454.5909729003906,0.05894723907113075,True,2
cam2,91,4,848.208251953125,366.9610595703125,0.0666920468211174,True,1251.126708984375,262.76190185546875,0.055064886808395386,True,-1
cam2,91,5,1035.738525390625,297.88067626953125,0.06520398706197739,True,804.0584716796875,282.67913818359375,0.05285244807600975,True,-1
cam2,91,6,1268.4090576171875,562.3143310546875,0.06392692774534225,True,1272.69384765625,560.6790771484375,0.052325289696455,True,6
cam2,91,7,817.5938110351562,297.3682556152344,0.06296691298484802,True,1329.4200439453125,307.8777770996094,0.04532165452837944,True,5
cam2,92,0,927.9926147460938,267.646728515625,0.7523266077041626,True,926.918212890625,268.2041931152344,0.787504255771637,True,0
cam2,92,1,1002.4918212890625,398.54150390625,0.29189547896385193,True,999.9396362304688,386.83154296875,0.5096572041511536,True,1
cam2,92,2,954.9038696289062,354.7505798339844,0.1931663155555725,True,296.44488525390625,632.053955078125,0.205898255109787,True,-1
cam2,92,3,287.492919921875,624.3493041992188,0.16918432712554932,True,1272.2330322265625,560.6092529296875,0.06985732913017273,True,2
cam2,92,4,1270.4283447265625,560.924072265625,0.08453424274921417,True,1254.2498779296875,268.9359130859375,0.04780976474285126,True,3
cam2,92,5,1182.7965087890625,301.5809020996094,0.07181712239980698,True,1327.5980224609375,306.62054443359375,0.044202808290719986,True,-1
cam2,92,6,1041.8837890625,294.6568603515625,0.07109599560499191,True,801.991455078125,287.3983459472656,0.04226233437657356,True,-1
cam2,92,7,1254.2080078125,273.2918395996094,0.05600252375006676,True,772.5587158203125,234.4555206298828,0.039986588060855865,True,4
cam2,93,0,927.7124633789062,270.1898193359375,0.7647373080253601,True,928.098876953125,269.4532165527344,0.777638852596283,True,0
cam2,93,1,998.4931640625,400.4585876464844,0.29605498909950256,True,996.600830078125,397.21612548828125,0.5038628578186035,True,1
cam2,93,2,283.1725769042969,627.27880859375,0.14597734808921814,True,279.44268798828125,626.0225830078125,0.18951313197612762,True,2
cam2,93,3,1038.4326171875,295.58544921875,0.08841872960329056,True,1265.806640625,246.16307067871094,0.05552744120359421,True,-1
cam2,93,4,1253.7222900390625,269.34930419921875,0.0753524973988533,True,692.457275390625,188.86328125,0.04869034141302109,True,-1
cam2,93,5,1185.0784912109375,302.75994873046875,0.06969501078128815,True,1277.0164794921875,562.6105346679688,0.048413001000881195,True,-1
cam2,93,6,1274.1697998046875,560.8765258789062,0.05800281837582588,True,803.814697265625,290.4593505859375,0.04759397730231285,True,5
cam2,93,7,804.101806640625,293.6450500488281,0.050635796040296555,True,1330.8468017578125,305.6409606933594,0.04218226671218872,True,6
cam2,94,0,928.51806640625,275.03753662109375,0.8635533452033997,True,928.05859375,276.5195617675781,0.8460957407951355,True,0
cam2,94,1,1009.0248413085938,397.44488525390625,0.18303297460079193,True,1002.2351684570312,399.8941650390625,0.25655031204223633,True,1
cam2,94,2,1262.6058349609375,260.4430236816406,0.061328526586294174,True,278.03216552734375,631.852783203125,0.1019098088145256,True,-1
cam2,94,3,827.3018798828125,316.8965148925781,0.054009873420000076,True,696.1380004882812,373.7405090332031,0.0732717290520668,True,-1
cam2,94,4,1038.7669677734375,289.50872802734375,0.04927441477775574,True,692.76611328125,186.21597290039062,0.0676908865571022,True,-1
cam2,94,5,1178.287353515625,300.6940612792969,0.04853185638785362,True,1269.2166748046875,228.43019104003906,0.06284991651773453,True,-1
cam2,94,6,292.131591796875,649.6803588867188,0.04704170301556587,True,587.3572998046875,524.3720092773438,0.03857898712158203,True,-1
cam2,94,7,696.9337158203125,184.9894256591797,0.03747434914112091,True,772.0833129882812,210.375,0.03804684430360794,True,4
cam2,95,0,932.062744140625,279.1405944824219,0.8702282905578613,True,929.1483764648438,281.2146911621094,0.8330618739128113,True,0
cam2,95,1,1003.679443359375,398.3971252441406,0.27738291025161743,True,1006.9032592773438,397.14349365234375,0.28663936257362366,True,1
cam2,95,2,925.2332763671875,392.56903076171875,0.08960407227277756,True,292.0328369140625,647.388671875,0.10399986803531647,True,-1
cam2,95,3,1267.2861328125,221.70516967773438,0.05961703509092331,True,695.121826171875,372.7126770019531,0.07310985028743744,True,5
cam2,95,4,818.8675537109375,305.9981384277344,0.05070672184228897,True,676.1718139648438,187.6902618408203,0.05952062830328941,True,-1
cam2,95,5,290.0445556640625,655.8792724609375,0.04767744615674019,True,1265.3653564453125,235.85842895507812,0.0528259240090847,True,2
cam2,95,6,1158.8043212890625,272.07159423828125,0.04499545693397522,True,1120.683349609375,288.6629943847656,0.0420035645365715,True,-1
cam2,95,7,1037.7191162109375,290.23516845703125,0.04409642890095711,True,587.466064453125,524.9462890625,0.0370076559484005,True,-1
cam2,96,0,931.6854248046875,279.7200622558594,0.840458333492279,True,930.4111938476562,282.3511657714844,0.8211401700973511,True,0
cam2,96,1,1014.665283203125,385.0230407714844,0.29220786690711975,True,1017.4396362304688,386.127685546875,0.27458369731903076,True,1
cam2,96,2,937.158203125,380.5804443359375,0.10210166871547699,True,941.4534301757812,381.8203430175781,0.09259109199047089,True,2
cam2,96,3,817.428955078125,299.6064453125,0.06785376369953156,True,691.8475952148438,369.6999816894531,0.08225229382514954,True,-1
cam2,96,4,1152.965576171875,269.0471496582031,0.05192097648978233,True,291.7193908691406,645.1117553710938,0.07170823961496353,True,-1
cam2,96,5,1266.903076171875,249.1523895263672,0.04715491458773613,True,679.9373779296875,192.2635040283203,0.06466750055551529,True,6
cam2,96,6,276.41729736328125,679.61865234375,0.036068156361579895,True,1269.3370361328125,240.87733459472656,0.0558459535241127,True,-1
cam2,96,7,689.698486328125,192.73507690429688,0.03401227667927742,True,1121.398193359375,288.3292541503906,0.049074072390794754,True,5
cam2,97,0,931.5724487304688,282.4515380859375,0.855579137802124,True,931.2762451171875,283.9990234375,0.8279099464416504,True,0
cam2,97,1,1015.5288696289062,386.12127685546875,0.29389435052871704,True,1010.450439453125,393.60699462890625,0.28157860040664673,True,1
cam2,97,2,816.5775756835938,302.63031005859375,0.07015212625265121,True,682.4095458984375,377.5602111816406,0.07604875415563583,True,7
cam2,97,3,1254.748779296875,280.279541015625,0.04724375531077385,True,683.8379516601562,186.9675750732422,0.06674222648143768,True,-1
cam2,97,4,1146.0428466796875,264.5520324707031,0.046030133962631226,True,1270.1044921875,235.542724609375,0.05224624648690224,True,-1
cam2,97,5,1259.821533203125,214.32968139648438,0.040665458887815475,True,1116.697265625,285.67730712890625,0.04592689126729965,True,-1
cam2,97,6,766.4986572265625,210.43052673339844,0.03628259524703026,True,285.49176025390625,642.930908203125,0.04146912321448326,True,-1
cam2,97,7,694.565185546875,188.28321838378906,0.034372664988040924,True,831.129150390625,300.81829833984375,0.040584828704595566,True,3
cam2,98,0,929.148193359375,284.1688232421875,0.7460929751396179,True,931.4664306640625,285.78155517578125,0.7755308151245117,True,0
cam2,98,1,1022.686279296875,398.4056396484375,0.2555314600467682,True,1025.72119140625,397.5816955566406,0.1836649477481842,True,1
cam2,98,2,967.0332641601562,355.4148864746094,0.1745070368051529,True,955.7247314453125,370.0296325683594,0.11540800333023071,True,2
cam2,98,3,826.6289672851562,250.21157836914062,0.15525227785110474,True,830.2837524414062,247.8675994873047,0.09830145537853241,True,3
cam2,98,4,1245.4703369140625,288.5097961425781,0.07962937653064728,True,1243.8131103515625,315.3403015136719,0.09591591358184814,True,-1
cam2,98,5,761.0696411132812,201.68006896972656,0.03801187500357628,True,698.6808471679688,186.9037322998047,0.07360712438821793,True,-1
cam2,98,6,698.05859375,186.06239318847656,0.03418206423521042,True,1270.5406494140625,226.085693359375,0.0690191462635994,True,5
cam2,98,7,1339.7406005859375,331.2051086425781,0.034167081117630005,True,676.6817016601562,378.81793212890625,0.06130266934633255,True,-1
cam2,99,0,928.3939208984375,282.5754089355469,0.7351236939430237,True,929.1730346679688,282.16302490234375,0.7615596055984497,True,0
cam2,99,1,1016.3668212890625,404.00042724609375,0.23582233488559723,True,1029.0692138671875,396.6964111328125,0.20568440854549408,True,1
cam2,99,2,826.3695068359375,248.80726623535156,0.15262040495872498,True,824.8197631835938,246.38983154296875,0.12816071510314941,True,2
cam2,99,3,1240.0142822265625,286.766845703125,0.0871129035949707,True,1244.1424560546875,308.2278747558594,0.09833472967147827,True,-1
cam2,99,4,1366.8582763671875,229.42726135253906,0.03478417173027992,True,691.7989501953125,187.0399169921875,0.0853404775261879,True,-1
cam2,99,5,401.9242248535156,188.52120971679688,0.034008320420980453,True,1272.6500244140625,224.88233947753906,0.07036280632019043,True,6
cam2,99,6,1338.462646484375,331.5781555175781,0.03303315117955208,True,405.2768249511719,186.15072631835938,0.06724582612514496,True,-1
cam2,99,7,1132.36328125,258.6020812988281,0.032035522162914276,True,684.9278564453125,378.3034973144531,0.05448046326637268,True,-1
cam2,100,0,927.5720825195312,284.4041442871094,0.7673007845878601,True,928.324951171875,283.886962890625,0.7668588757514954,True,0
cam2,100,1,1021.5575561523438,398.4115295410156,0.22841399908065796,True,1037.558349609375,395.53271484375,0.1854008138179779,True,1
cam2,100,2,958.7381591796875,369.7041320800781,0.15585649013519287,True,954.6825561523438,368.9636535644531,0.1139197051525116,True,2
cam2,100,3,821.6953735351562,258.38916015625,0.13376213610172272,True,827.08154296875,252.2061309814453,0.10767385363578796,True,3
cam2,100,4,1242.2078857421875,286.12786865234375,0.09428843855857849,True,410.5351867675781,187.7350311279297,0.08425984531641006,True,5
cam2,100,5,412.3310241699219,190.76065063476562,0.04507148265838623,True,1245.5087890625,305.1739196777344,0.07869365066289902,True,4
cam2,100,6,1026.858642578125,292.8723449707031,0.04102223366498947,True,693.5059204101562,192.9143829345703,0.07506111264228821,True,-1
cam2,100,7,1124.9959716796875,262.4098205566406,0.03766298666596413,True,1273.83447265625,225.1438751220703,0.07192669808864594,True,-1
cam2,101,0,927.553955078125,287.4313659667969,0.7989643812179565,True,928.0114135742188,288.2840881347656,0.7906885743141174,True,0
cam2,101,1,1012.0348510742188,400.11187744140625,0.19248603284358978,True,1037.8323974609375,398.18341064453125,0.16397926211357117,True,-1
cam2,101,2,951.4396362304688,368.9244689941406,0.16313786804676056,True,820.8826904296875,275.47283935546875,0.10450103878974915,True,3
cam2,101,3,816.5844116210938,264.4365539550781,0.13176175951957703,True,949.543701171875,367.5329284667969,0.10293641686439514,True,2
cam2,101,4,1238.779541015625,284.98101806640625,0.11039851605892181,True,413.555419921875,184.72792053222656,0.09143932163715363,True,5
cam2,101,5,1025.721435546875,289.7215576171875,0.0552540086209774,True,1241.9569091796875,291.3080139160156,0.07447558641433716,True,-1
cam2,101,6,991.1791381835938,182.29135131835938,0.04799770191311836,True,1271.802490234375,219.9979705810547,0.0690593495965004,True,-1
cam2,101,7,413.5321350097656,187.12054443359375,0.0452733151614666,True,691.7244262695312,188.24989318847656,0.06620056927204132,True,4
cam2,102,0,930.7714233398438,293.8708801269531,0.5249068140983582,True,928.9596557617188,297.03631591796875,0.5413119196891785,True,0
cam2,102,1,1040.4940185546875,397.8468017578125,0.29233941435813904,True,1047.1260986328125,400.7294616699219,0.3573671579360962,True,1
cam2,102,2,1235.4249267578125,278.9551086425781,0.13615719974040985,True,945.8360595703125,460.1687316894531,0.18507908284664154,True,4
cam2,102,3,986.8056640625,181.11695861816406,0.13580089807510376,True,938.4676513671875,390.01171875,0.15130096673965454,True,-1
cam2,102,4,1017.496337890625,285.9577331542969,0.1260690987110138,True,1230.747314453125,283.2456970214844,0.10263717174530029,True,-1
cam2,102,5,1135.4354248046875,257.20111083984375,0.10959828644990921,True,1582.7244873046875,653.4176635742188,0.10178393125534058,True,-1
cam2,102,6,1215.3974609375,202.30731201171875,0.05696099251508713,True,1067.5279541015625,701.319091796875,0.08447712659835815,True,-1
cam2,102,7,830.0245361328125,273.79681396484375,0.053469616919755936,True,817.1851806640625,289.5006103515625,0.08326718211174011,True,-1
cam2,103,0,933.8755493164062,292.5377197265625,0.4882920980453491,True,934.6873779296875,296.2254943847656,0.5237463116645813,True,0
cam2,103,1,1052.1180419921875,403.19873046875,0.30272674560546875,True,1050.5404052734375,400.67425537109375,0.39801400899887085,True,1
cam2,103,2,1015.0811767578125,287.0929260253906,0.178362637758255,True,942.426513671875,461.6243896484375,0.2569349408149719,True,-1
cam2,103,3,1236.1572265625,279.75640869140625,0.13224077224731445,True,1585.05810546875,655.4120483398438,0.1064714714884758,True,5
cam2,103,4,986.7504272460938,177.33050537109375,0.13140258193016052,True,408.760498046875,186.13330078125,0.10539011657238007,True,-1
cam2,103,5,1135.49560546875,255.21202087402344,0.10258854925632477,True,1234.503173828125,283.46685791015625,0.09498689323663712,True,-1
cam2,103,6,1202.7462158203125,195.94593811035156,0.06357035785913467,True,1065.6614990234375,703.7323608398438,0.0913013219833374,True,-1
cam2,103,7,695.898681640625,172.87110900878906,0.05408931523561478,True,693.5653686523438,177.48956298828125,0.07771893590688705,True,7
cam2,104,0,932.1593627929688,293.6439514160156,0.4169074296951294,True,931.2090454101562,294.3298645019531,0.4956608712673187,True,0
cam2,104,1,1050.8433837890625,400.9087219238281,0.3184085786342621,True,1049.084716796875,401.05352783203125,0.4000331461429596,True,1
cam2,104,2,1014.2977905273438,286.5677185058594,0.20302464067935944,True,942.0120239257812,460.7701721191406,0.2701606750488281,True,-1
cam2,104,3,1237.5404052734375,277.9451599121094,0.1227651834487915,True,1067.06640625,702.078125,0.11696871370077133,True,4
cam2,104,4,1136.7879638671875,262.2142028808594,0.10187175869941711,True,1236.0318603515625,278.3406982421875,0.08514904230833054,True,-1
cam2,104,5,989.0350952148438,178.00064086914062,0.09847640991210938,True,409.51995849609375,191.37991333007812,0.08356640487909317,True,-1
cam2,104,6,1374.642578125,271.09686279296875,0.05346241965889931,True,690.49169921875,176.05618286132812,0.07484521716833115,True,-1
cam2,104,7,1250.5540771484375,412.4352722167969,0.052020296454429626,True,1114.7425537109375,280.9104919433594,0.0746968612074852,True,-1
cam2,105,0,933.0049438476562,296.5077819824219,0.4085485339164734,True,929.6879272460938,295.34619140625,0.4823315441608429,True,0
cam2,105,1,1053.3831787109375,397.7400817871094,0.3269447684288025,True,1053.224365234375,394.2745056152344,0.3976249694824219,True,1
cam2,105,2,1016.2054443359375,288.5022888183594,0.2109646201133728,True,944.2845458984375,457.8652038574219,0.24876804649829865,True,-1
cam2,105,3,934.230712890625,393.6408386230469,0.17036601901054382,True,1067.7711181640625,701.8554077148438,0.13095271587371826,True,-1
cam2,105,4,1236.6859130859375,277.9867858886719,0.09260017424821854,True,1630.319580078125,681.446044921875,0.08011444658041,True,6
cam2,105,5,1151.613525390625,258.4226379394531,0.09164948761463165,True,690.1265258789062,181.65875244140625,0.07587039470672607,True,-1
cam2,105,6,989.3817749023438,179.45289611816406,0.08930374681949615,True,1238.1644287109375,274.4968566894531,0.07369474321603775,True,-1
cam2,105,7,1373.8043212890625,276.5995788574219,0.07320011407136917,True,1363.920166015625,634.5029907226562,0.06415502727031708,True,-1
cam2,106,0,933.1058349609375,303.2367858886719,0.3641049563884735,True,943.6961059570312,462.8426208496094,0.3148011267185211,True,1
cam2,106,1,936.5278930664062,397.8905944824219,0.2246612310409546,True,933.5927734375,310.6715087890625,0.22480472922325134,True,3
cam2,106,2,1067.1912841796875,402.6150207519531,0.1901445835828781,True,1066.99853515625,402.93865966796875,0.19561564922332764,True,2
cam2,106,3,1037.0008544921875,296.2392578125,0.16014458239078522,True,944.8710327148438,384.3573303222656,0.18106713891029358,True,-1
cam2,106,4,1157.1732177734375,256.9691467285156,0.13420340418815613,True,856.1175537109375,299.5014343261719,0.09934042394161224,True,-1
cam2,106,5,1387.90380859375,277.89013671875,0.0892108902335167,True,1379.20556640625,646.625244140625,0.09309644997119904,True,-1
cam2,106,6,1269.89208984375,253.2327423095703,0.06267774850130081,True,854.8875122070312,226.17835998535156,0.08865129202604294,True,-1
cam2,106,7,1311.03955078125,384.29583740234375,0.04890650883316994,True,1068.9193115234375,700.9161376953125,0.0735519528388977,True,-1
cam2,107,0,931.5530395507812,311.779541015625,0.3533928096294403,True,947.0166015625,459.7928161621094,0.26387327909469604,True,1
cam2,107,1,1037.8946533203125,290.5730285644531,0.24091775715351105,True,933.4520874023438,311.7489318847656,0.23331008851528168,True,-1
cam2,107,2,934.89990234375,397.202392578125,0.23420891165733337,True,936.7623291015625,390.97479248046875,0.20086075365543365,True,2
cam2,107,3,1069.3919677734375,398.6349792480469,0.17484161257743835,True,1068.263916015625,400.5060729980469,0.1648365557193756,True,3
cam2,107,4,1160.345703125,262.306640625,0.166068434715271,True,1385.0213623046875,650.4819946289062,0.12473244220018387,True,-1
cam2,107,5,1385.7227783203125,276.03997802734375,0.08073142170906067,True,859.7322998046875,295.2655334472656,0.11183422058820724,True,-1
cam2,107,6,1391.8896484375,649.5003051757812,0.07548511028289795,True,1023.8713989257812,219.8065948486328,0.09347492456436157,True,4
cam2,107,7,1267.771728515625,247.00083923339844,0.06426850706338882,True,847.0888061523438,216.35455322265625,0.08766075223684311,True,-1
cam2,108,0,929.4652099609375,314.9552307128906,0.30025213956832886,True,936.1015625,387.802978515625,0.2774205505847931,True,2
cam2,108,1,936.3490600585938,386.4771423339844,0.24222123622894287,True,921.7918701171875,456.2626953125,0.2387913465499878,True,0
cam2,108,2,1036.8909912109375,293.4724426269531,0.2326660305261612,True,932.98974609375,322.98858642578125,0.22111207246780396,True,-1
cam2,108,3,949.9351196289062,223.48678588867188,0.14666010439395905,True,1068.519287109375,402.228271484375,0.12829522788524628,True,-1
cam2,108,4,1069.6778564453125,401.4058532714844,0.1406589299440384,True,1385.107421875,644.3131713867188,0.1054210364818573,True,3
cam2,108,5,1159.869140625,254.68409729003906,0.13941755890846252,True,1027.2867431640625,223.3080291748047,0.10449641942977905,True,-1
cam2,108,6,847.6856079101562,286.40582275390625,0.10947112739086151,True,1180.258544921875,447.049560546875,0.07276707887649536,True,-1
cam2,108,7,1392.8939208984375,645.5680541992188,0.07703346014022827,True,843.9423828125,221.50131225585938,0.06495847553014755,True,4
cam2,109,0,927.197509765625,314.337646484375,0.3056944012641907,True,935.0647583007812,387.00115966796875,0.3372555673122406,True,1
cam2,109,1,935.5347290039062,386.1764831542969,0.2790154218673706,True,927.5350952148438,316.547607421875,0.26454269886016846,True,0
cam2,109,2,1039.001953125,291.9721374511719,0.2229607105255127,True,907.8902587890625,456.9945373535156,0.22945280373096466,True,-1
cam2,109,3,958.8812255859375,225.49606323242188,0.17633864283561707,True,1070.5220947265625,402.27484130859375,0.11084048449993134,True,-1
cam2,109,4,1180.5159912109375,244.78944396972656,0.1356031745672226,True,1370.4521484375,625.051513671875,0.10962206870317459,True,-1
cam2,109,5,834.552978515625,274.1733093261719,0.12789008021354675,True,1022.0,218.62249755859375,0.08790333569049835,True,-1
cam2,109,6,1271.9559326171875,239.0614013671875,0.09596341848373413,True,1184.5701904296875,444.7420349121094,0.07519543170928955,True,-1
cam2,109,7,1074.7152099609375,400.32110595703125,0.09199994057416916,True,99.07035827636719,716.1751708984375,0.07147598266601562,True,3
cam2,110,0,904.9921264648438,311.2896728515625,0.6527296900749207,True,919.7294311523438,315.3579406738281,0.5268598198890686,True,0
cam2,110,1,935.7853393554688,395.3840026855469,0.17631413042545319,True,908.0863647460938,459.4285888671875,0.23065142333507538,True,2
cam2,110,2,906.3322143554688,457.560546875,0.1500301957130432,True,936.1943359375,393.69561767578125,0.19393780827522278,True,1
cam2,110,3,967.3070678710938,227.02963256835938,0.11311045289039612,True,1368.05712890625,631.1312866210938,0.16233457624912262,True,-1
cam2,110,4,816.822265625,273.5679016113281,0.0743551179766655,True,1255.9296875,256.5296325683594,0.0886007621884346,True,5
cam2,110,5,1035.9337158203125,289.70123291015625,0.06395217031240463,True,812.3233032226562,269.606201171875,0.05774044618010521,True,-1
cam2,110,6,1187.1583251953125,246.4644317626953,0.05490957200527191,True,760.2628173828125,329.26165771484375,0.04883857071399689,True,-1
cam2,110,7,1361.1640625,282.7814025878906,0.05164685100317001,True,1362.4051513671875,281.6452941894531,0.04811583459377289,True,7
cam2,111,0,904.0501098632812,316.9440002441406,0.7282676100730896,True,915.7001342773438,319.6123962402344,0.6233057975769043,True,0
cam2,111,1,908.0421752929688,455.88775634765625,0.18330158293247223,True,909.7698364257812,461.759765625,0.27633026242256165,True,1
cam2,111,2,966.2406005859375,226.76275634765625,0.10664951801300049,True,1384.207763671875,636.0394287109375,0.19584354758262634,True,-1
cam2,111,3,808.0315551757812,273.6377868652344,0.06005459278821945,True,1239.5511474609375,271.9137268066406,0.0679374486207962,True,7
cam2,111,4,1159.9404296875,281.49102783203125,0.05924302712082863,True,1264.4046630859375,454.5876770019531,0.06731380522251129,True,-1
cam2,111,5,1033.8609619140625,286.6012268066406,0.054502084851264954,True,1177.5328369140625,483.08734130859375,0.060694124549627304,True,-1
cam2,111,6,1359.3040771484375,281.4613342285156,0.04699122905731201,True,435.84320068359375,622.7398071289062,0.056198637932538986,True,-1
cam2,111,7,1164.312255859375,434.1588134765625,0.04018603637814522,True,801.5244140625,266.55645751953125,0.055287837982177734,True,-1
cam2,112,0,901.2120361328125,314.17181396484375,0.662419855594635,True,905.5574340820312,313.3467712402344,0.6029490232467651,True,0
cam2,112,1,907.4471435546875,452.2113342285156,0.17416834831237793,True,909.466552734375,461.1567687988281,0.29510828852653503,True,1
cam2,112,2,966.0859375,221.92408752441406,0.11317816376686096,True,1430.506591796875,686.634521484375,0.13266776502132416,True,-1
cam2,112,3,1156.9697265625,291.9217224121094,0.06518057733774185,True,1239.4407958984375,276.6016540527344,0.07755931466817856,True,-1
cam2,112,4,1031.6375732421875,290.420166015625,0.06462473422288895,True,1266.5020751953125,460.3081359863281,0.07202745974063873,True,-1
cam2,112,5,1354.8170166015625,276.99920654296875,0.046059392392635345,True,1359.3968505859375,279.6013488769531,0.06318105757236481,True,5
cam2,112,6,799.1649169921875,284.8488464355469,0.045941222459077835,True,773.00146484375,267.9560241699219,0.05771200358867645,True,-1
cam2,112,7,544.5326538085938,421.0367431640625,0.03690718486905098,True,772.7124633789062,219.70608520507812,0.05629590153694153,True,-1
cam2,113,0,902.4359130859375,310.2278137207031,0.7277180552482605,True,911.0838012695312,311.9224853515625,0.6067703366279602,True,0
cam2,113,1,908.5421142578125,449.8422546386719,0.14797765016555786,True,911.0955200195312,461.926025390625,0.2610386610031128,True,1
cam2,113,2,961.8660888671875,224.86495971679688,0.08127844333648682,True,1436.291015625,681.7852783203125,0.16087855398654938,True,-1
cam2,113,3,1158.4215087890625,289.07098388671875,0.05983860790729523,True,770.2435302734375,268.8403625488281,0.0729273334145546,True,-1
cam2,113,4,1034.2830810546875,283.7322082519531,0.05430371314287186,True,1271.0074462890625,469.369384765625,0.06469111144542694,True,-1
cam2,113,5,767.4683227539062,287.5377197265625,0.04673376306891441,True,1235.6688232421875,279.7066345214844,0.06229272857308388,True,3
cam2,113,6,788.0330200195312,364.7601318359375,0.039919864386320114,True,1357.768310546875,264.01220703125,0.058187443763017654,True,-1
cam2,113,7,1238.82080078125,276.15289306640625,0.03742145001888275,True,803.52587890625,352.05047607421875,0.05689265578985214,True,5
cam2,114,0,896.57568359375,312.0457763671875,0.8842536211013794,True,897.3679809570312,312.3663024902344,0.8486566543579102,True,0
cam2,114,1,1136.32373046875,278.1450500488281,0.020904142409563065,True,936.0006103515625,398.3351745605469,0.06170332804322243,True,-1
cam2,114,2,794.2518920898438,358.46624755859375,0.019404808059334755,True,918.5833129882812,455.0475158691406,0.05084124207496643,True,3
cam2,114,3,0.0,1078.5,0.019029418006539345,True,803.7264404296875,354.0307922363281,0.041506458073854446,True,-1
cam2,114,4,0.0,17.83629035949707,0.0177017655223608,True,761.269775390625,267.6217041015625,0.03404475376009941,True,-1
cam2,114,5,1918.4998779296875,1078.5,0.017314961180090904,True,1434.6651611328125,678.67724609375,0.02806837297976017,True,-1
cam2,114,6,1918.4998779296875,0.0,0.016899537295103073,True,1269.3997802734375,482.88836669921875,0.02690862864255905,True,-1
cam2,114,7,856.7830200195312,218.52906799316406,0.015721837058663368,True,1238.9737548828125,274.20849609375,0.024593621492385864,True,-1
cam2,115,0,893.9692993164062,310.0507507324219,0.9107774496078491,True,894.85009765625,310.4250183105469,0.8974574208259583,True,0
cam2,115,1,1122.7333984375,278.4667053222656,0.019044987857341766,True,912.857421875,461.7040100097656,0.036706581711769104,True,7
cam2,115,2,1918.4998779296875,0.0,0.018776321783661842,True,802.1881713867188,358.7495422363281,0.033320579677820206,True,-1
cam2,115,3,0.0,1078.5,0.01752324588596821,True,393.7676086425781,177.55978393554688,0.0229698084294796,True,-1
cam2,115,4,0.0,18.45163345336914,0.017185742035508156,True,1240.347412109375,276.6841735839844,0.022190822288393974,True,-1
cam2,115,5,1180.081298828125,248.48602294921875,0.01577465981245041,True,766.9783935546875,267.56719970703125,0.021043866872787476,True,-1
cam2,115,6,1918.4998779296875,1078.5,0.015715917572379112,True,316.5438232421875,595.5647583007812,0.020855827257037163,True,-1
cam2,115,7,313.3916320800781,594.8267822265625,0.015548047609627247,True,1118.3414306640625,281.13275146484375,0.020476801320910454,True,6
cam2,116,0,887.1773681640625,311.35888671875,0.9059622287750244,True,892.086181640625,314.4957275390625,0.9057096242904663,True,0
cam2,116,1,1918.4998779296875,0.0,0.023336516693234444,True,915.986572265625,458.8587341308594,0.02429301291704178,True,7
cam2,116,2,1124.387451171875,280.8204345703125,0.020118266344070435,True,1246.7459716796875,211.61061096191406,0.02372140809893608,True,-1
cam2,116,3,1330.75732421875,288.02410888671875,0.018466632813215256,True,774.7557373046875,249.2622528076172,0.023248502984642982,True,-1
cam2,116,4,0.0,1078.5,0.017527103424072266,True,1521.8544921875,701.7774047851562,0.022790569812059402,True,-1
cam2,116,5,1267.9696044921875,225.60671997070312,0.01697438210248947,True,312.49945068359375,597.8259887695312,0.02245325967669487,True,-1
cam2,116,6,0.0,19.1595458984375,0.01651749201118946,True,682.981201171875,377.441650390625,0.021523958072066307,True,-1
cam2,116,7,858.5123901367188,215.02313232421875,0.016488656401634216,True,1919.0,0.0,0.021183229982852936,True,-1
cam2,117,0,886.0554809570312,323.5711975097656,0.9015845656394958,True,886.9131469726562,321.6661071777344,0.8900183439254761,True,0
cam2,117,1,1270.137451171875,230.71109008789062,0.026488475501537323,True,1265.5404052734375,223.11988830566406,0.03153248876333237,True,1
cam2,117,2,1118.5899658203125,279.851806640625,0.022061560302972794,True,768.561279296875,245.1114501953125,0.02475859224796295,True,6
cam2,117,3,1328.239013671875,278.84063720703125,0.01955294795334339,True,679.1145629882812,378.1425476074219,0.024125942960381508,True,-1
cam2,117,4,0.0,1078.5,0.019114505499601364,True,1200.7579345703125,455.5317077636719,0.022833118215203285,True,-1
cam2,117,5,773.5774536132812,230.1112518310547,0.018492328003048897,True,418.9329833984375,189.61065673828125,0.020854433998465538,True,2
cam2,117,6,1015.2182006835938,288.3274841308594,0.01790120080113411,True,1117.6141357421875,280.9118347167969,0.01979103684425354,True,-1
cam2,117,7,1174.2061767578125,250.43411254882812,0.01696939393877983,True,1268.472412109375,555.2801513671875,0.019557112827897072,True,-1
cam2,118,0,879.1709594726562,319.9286193847656,0.9195151329040527,True,881.9703979492188,320.0723571777344,0.9040685296058655,True,0
cam2,118,1,1280.9521484375,243.77687072753906,0.023582234978675842,True,1282.29052734375,240.43869018554688,0.02184302918612957,True,1
cam2,118,2,0.0,1078.5,0.01830706000328064,True,771.0341796875,228.56385803222656,0.02119956724345684,True,3
cam2,118,3,1918.4998779296875,0.0,0.01731172390282154,True,0.0,1079.0,0.019161609932780266,True,7
cam2,118,4,1918.4998779296875,1078.5,0.01672682911157608,True,1196.9007568359375,456.422119140625,0.01868523843586445,True,5
cam2,118,5,0.0,18.501632690429688,0.01645013503730297,True,1919.0,1079.0,0.0173149686306715,True,6
cam2,118,6,1332.782958984375,281.383056640625,0.01563979499042034,True,0.0,18.64374351501465,0.016563620418310165,True,-1
cam2,118,7,771.018798828125,228.01316833496094,0.01508133765310049,True,1919.0,7.835677623748779,0.014944396913051605,True,2
cam2,119,0,872.4132080078125,324.9375,0.9259123206138611,True,870.4257202148438,325.9365539550781,0.9196221232414246,True,0
cam2,119,1,1280.2049560546875,242.15353393554688,0.02455613575875759,True,1281.9527587890625,240.76602172851562,0.03012850135564804,True,1
cam2,119,2,1918.4998779296875,9.687995910644531,0.01802929677069187,True,771.9141235351562,229.26409912109375,0.021590091288089752,True,-1
cam2,119,3,0.0,1078.5,0.017869355157017708,True,322.864013671875,591.5853271484375,0.01804390549659729,True,4
cam2,119,4,0.0,18.670644760131836,0.016481813043355942,True,0.0,1079.0,0.017665335908532143,True,6
cam2,119,5,771.5205688476562,224.09201049804688,0.01598428003489971,True,1016.2474365234375,289.3930969238281,0.017030782997608185,True,2
cam2,119,6,1918.4998779296875,1078.5,0.015819905325770378,True,0.0,19.447404861450195,0.01672794297337532,True,7
cam2,119,7,332.61224365234375,592.0931396484375,0.01563354954123497,True,1919.0,1079.0,0.015992045402526855,True,3
cam2,120,0,869.3794555664062,324.0516052246094,0.932925820350647,True,866.521240234375,326.1539001464844,0.9264817237854004,True,0
cam2,120,1,1021.5238647460938,300.8255920410156,0.019117271527647972,True,1016.7621459960938,296.9521179199219,0.02524426206946373,True,1
cam2,120,2,1278.866943359375,237.89463806152344,0.018967054784297943,True,1277.629638671875,235.037841796875,0.0218155849725008,True,2
cam2,120,3,1918.4998779296875,9.535292625427246,0.017404109239578247,True,331.1959228515625,590.6915893554688,0.018815137445926666,True,7
cam2,120,4,332.5164489746094,589.5071411132812,0.017297687008976936,True,1480.828857421875,154.11679077148438,0.01849236711859703,True,3
cam2,120,5,0.0,1078.5,0.017193099483847618,True,0.0,1079.0,0.01812373287975788,True,5
cam2,120,6,1326.3214111328125,283.22052001953125,0.016410166397690773,True,364.2547912597656,848.3591918945312,0.017862878739833832,True,-1
cam2,120,7,0.0,18.51161003112793,0.0160701721906662,True,1919.0,8.655495643615723,0.017250487580895424,True,-1
cam2,121,0,859.947021484375,325.03814697265625,0.9352482557296753,True,856.5604858398438,325.5014953613281,0.9379978775978088,True,0
cam2,121,1,1316.9254150390625,287.3434143066406,0.038381196558475494,True,1014.1181030273438,292.01666259765625,0.0403716005384922,True,2
cam2,121,2,1012.7149047851562,293.05242919921875,0.026767050847411156,True,1315.3262939453125,283.39715576171875,0.026079198345541954,True,1
cam2,121,3,338.0394287109375,593.3645629882812,0.022970471531152725,True,1269.23388671875,229.06201171875,0.02402619458734989,True,5
cam2,121,4,1265.460693359375,229.9246063232422,0.021106183528900146,True,1158.027587890625,243.9840545654297,0.02031519077718258,True,3
cam2,121,5,0.0,1078.5,0.018321145325899124,True,339.0155944824219,595.3973999023438,0.019633391872048378,True,6
cam2,121,6,847.5596923828125,218.01104736328125,0.018259743228554726,True,0.0,1079.0,0.018923098221421242,True,-1
cam2,121,7,1161.410888671875,247.3036346435547,0.01608593761920929,True,375.03643798828125,851.1410522460938,0.0186967384070158,True,4
cam2,122,0,855.237060546875,333.8415222167969,0.9123935103416443,True,856.19677734375,340.36712646484375,0.8292072415351868,True,0
cam2,122,1,328.4471130371094,587.7964477539062,0.062062766402959824,True,1154.9871826171875,248.3546600341797,0.04736333340406418,True,2
cam2,122,2,1316.498779296875,286.5699768066406,0.03535765781998634,True,325.3987731933594,590.6229858398438,0.04255099594593048,True,3
cam2,122,3,934.078857421875,388.212890625,0.030583711341023445,True,1314.7938232421875,278.5462341308594,0.028017697855830193,True,-1
cam2,122,4,1014.1912841796875,291.7606506347656,0.02188865654170513,True,1012.5030517578125,290.33514404296875,0.025209693238139153,True,4
cam2,122,5,1250.7962646484375,213.49188232421875,0.019973430782556534,True,1267.370849609375,431.1788330078125,0.021221917122602463,True,-1
cam2,122,6,0.0,1078.5,0.019231213256716728,True,0.0,1079.0,0.020032580941915512,True,6
cam2,122,7,1152.094482421875,248.65066528320312,0.01839529350399971,True,486.16204833984375,309.5038757324219,0.020007142797112465,True,1
cam2,123,0,847.9044799804688,336.799072265625,0.9185261130332947,True,846.5718994140625,338.23724365234375,0.8589649796485901,True,0
cam2,123,1,321.3022766113281,588.2720336914062,0.059881359338760376,True,322.53472900390625,590.2528686523438,0.047246966511011124,True,1
cam2,123,2,1315.1739501953125,288.6908264160156,0.028590770438313484,True,1160.051513671875,249.8813934326172,0.04349912703037262,True,-1
cam2,123,3,936.5242309570312,369.2779846191406,0.023060087114572525,True,936.1747436523438,366.7591857910156,0.03376677632331848,True,3
cam2,123,4,1030.7115478515625,304.1921081542969,0.02260410785675049,True,1266.1878662109375,427.2557373046875,0.028614751994609833,True,-1
cam2,123,5,0.0,1078.5,0.018176361918449402,True,1057.3128662109375,397.100830078125,0.021695546805858612,True,7
cam2,123,6,1918.4998779296875,11.077031135559082,0.01783725619316101,True,371.26708984375,851.6282958984375,0.020466551184654236,True,-1
cam2,123,7,1239.67919921875,217.13327026367188,0.01759948395192623,True,0.0,1079.0,0.018519777804613113,True,-1
cam2,124,0,839.3612060546875,339.76995849609375,0.9048384428024292,True,838.0039672851562,338.635986328125,0.8481237292289734,True,0
cam2,124,1,339.8771057128906,593.0568237304688,0.05287441983819008,True,341.6495361328125,593.7775268554688,0.05886770039796829,True,1
cam2,124,2,1039.0150146484375,304.6685791015625,0.02408057264983654,True,1178.6304931640625,248.92662048339844,0.03489500656723976,True,-1
cam2,124,3,1193.3870849609375,248.94012451171875,0.023405782878398895,True,937.2373046875,375.2153015136719,0.03178361803293228,True,2
cam2,124,4,1321.5169677734375,288.67498779296875,0.022351689636707306,True,1267.4456787109375,421.9436340332031,0.02990577183663845,True,-1
cam2,124,5,933.6809692382812,373.4495849609375,0.02228788286447525,True,378.0457458496094,172.14695739746094,0.026741567999124527,True,3
cam2,124,6,1918.4998779296875,0.0,0.01818387769162655,True,1063.07275390625,397.3492126464844,0.02389494702219963,True,-1
cam2,124,7,0.0,1078.5,0.01775994896888733,True,367.35784912109375,853.1366577148438,0.023026935756206512,True,-1
cam2,125,0,837.2015991210938,341.54327392578125,0.9031215310096741,True,836.7376708984375,339.986083984375,0.8538306951522827,True,0
cam2,125,1,340.33355712890625,594.110595703125,0.039063066244125366,True,341.95751953125,595.8766479492188,0.05750606209039688,True,1
cam2,125,2,936.1923828125,378.1715393066406,0.029919560998678207,True,939.73681640625,351.2705993652344,0.040528472512960434,True,-1
cam2,125,3,1034.9183349609375,304.81988525390625,0.027710722759366035,True,994.6320190429688,320.3997497558594,0.03515240550041199,True,-1
cam2,125,4,1191.2535400390625,250.81675720214844,0.026630353182554245,True,1183.68505859375,256.844482421875,0.03191579505801201,True,4
cam2,125,5,1255.890380859375,229.68492126464844,0.023139752447605133,True,1268.8812255859375,418.9736633300781,0.03184454143047333,True,-1
cam2,125,6,1333.242431640625,288.19287109375,0.020280564203858376,True,1235.6866455078125,276.132080078125,0.027008112519979477,True,-1
cam2,125,7,0.0,1078.5,0.017784487456083298,True,386.54705810546875,186.0353546142578,0.025531934574246407,True,-1
cam2,126,0,830.8280639648438,345.4110412597656,0.9287648797035217,True,828.9710083007812,341.7669677734375,0.8840129375457764,True,0
cam2,126,1,333.8725280761719,595.3956909179688,0.028074366971850395,True,332.8064270019531,599.3976440429688,0.04750100150704384,True,1
cam2,126,2,1239.42041015625,259.6054382324219,0.021681826561689377,True,936.12109375,260.57415771484375,0.040840234607458115,True,-1
cam2,126,3,0.0,1078.5,0.019668729975819588,True,951.4848022460938,362.330810546875,0.03335428610444069,True,7
cam2,126,4,937.2573852539062,376.8389587402344,0.01931348629295826,True,1225.8623046875,282.45941162109375,0.02930406481027603,True,-1
cam2,126,5,1918.4998779296875,1078.5,0.017518656328320503,True,776.6026611328125,210.30142211914062,0.024860940873622894,True,-1
cam2,126,6,1028.7718505859375,302.4305114746094,0.017200158908963203,True,1282.34619140625,225.1862030029297,0.020001361146569252,True,-1
cam2,126,7,1918.4998779296875,0.0,0.016550010070204735,True,0.0,1079.0,0.019398529082536697,True,-1
cam2,127,0,823.120361328125,354.232666015625,0.9202783703804016,True,822.0715942382812,353.4284362792969,0.8929709792137146,True,0
cam2,127,1,947.872314453125,362.6830139160156,0.0280795618891716,True,948.7125854492188,364.2197265625,0.04902945086359978,True,1
cam2,127,2,1240.9630126953125,251.293212890625,0.023856570944190025,True,328.8671875,608.444580078125,0.04377465695142746,True,-1
cam2,127,3,330.18878173828125,606.9822998046875,0.023439353331923485,True,927.6011962890625,258.0516357421875,0.04078301787376404,True,2
cam2,127,4,0.0,1078.5,0.018388882279396057,True,784.4138793945312,267.61541748046875,0.02806132100522518,True,-1
cam2,127,5,1115.840087890625,283.0033874511719,0.017927518114447594,True,1210.2181396484375,275.6289978027344,0.027070941403508186,True,-1
cam2,127,6,1027.115966796875,305.9112548828125,0.01718774065375328,True,1240.438720703125,322.0356140136719,0.027061592787504196,True,-1
cam2,127,7,0.0,18.389549255371094,0.016580786556005478,True,679.31103515625,183.52685546875,0.024006692692637444,True,-1
cam2,128,0,813.822021484375,355.0552673339844,0.9293266534805298,True,814.2933959960938,355.2820129394531,0.8923235535621643,True,0
cam2,128,1,942.6558837890625,359.0202941894531,0.035953205078840256,True,941.7976684570312,359.097412109375,0.06798729300498962,True,1
cam2,128,2,1263.6851806640625,252.84649658203125,0.021715497598052025,True,929.7659912109375,263.9356689453125,0.038629475980997086,True,-1
cam2,128,3,1116.6490478515625,280.4767761230469,0.020802751183509827,True,1240.0887451171875,326.84375,0.030625104904174805,True,6
cam2,128,4,1918.4998779296875,8.008875846862793,0.01898629032075405,True,790.04296875,244.50733947753906,0.027669494971632957,True,-1
cam2,128,5,0.0,1078.5,0.018026618286967278,True,1274.50537109375,229.94557189941406,0.026595044881105423,True,-1
cam2,128,6,1024.835693359375,304.0326843261719,0.01797385886311531,True,1119.4425048828125,284.8486633300781,0.023050827905535698,True,-1
cam2,128,7,341.5224914550781,610.7564086914062,0.016414206475019455,True,336.6264953613281,603.895751953125,0.022536959499120712,True,7
cam2,129,0,808.9126586914062,367.3180847167969,0.891599178314209,True,806.0665893554688,356.7684326171875,0.8626704812049866,True,0
cam2,129,1,938.85205078125,353.76239013671875,0.05434366315603256,True,939.5079345703125,362.02630615234375,0.08263271301984787,True,1
cam2,129,2,1256.0167236328125,241.425048828125,0.02924053929746151,True,932.176513671875,270.48358154296875,0.05202097073197365,True,-1
cam2,129,3,1025.0899658203125,298.82403564453125,0.02163173072040081,True,811.3584594726562,244.0250701904297,0.035809747874736786,True,-1
cam2,129,4,847.3817138671875,225.17291259765625,0.019681386649608612,True,1277.94873046875,228.8511199951172,0.0330195389688015,True,-1
cam2,129,5,0.0,1078.5,0.01849290542304516,True,1238.8499755859375,325.9390563964844,0.026608819141983986,True,-1
cam2,129,6,1114.825439453125,282.4637145996094,0.018389804288744926,True,1360.6658935546875,623.9617309570312,0.02303450182080269,True,7
cam2,129,7,1918.4998779296875,0.0,0.017422426491975784,True,1121.3604736328125,289.11627197265625,0.022327221930027008,True,-1
cam2,130,0,808.2518310546875,371.7885437011719,0.73291015625,True,808.4920654296875,371.817138671875,0.7146717309951782,True,0
cam2,130,1,938.2285766601562,355.1953125,0.10959824174642563,True,937.7388916015625,360.8563537597656,0.15254896879196167,True,1
cam2,130,2,1021.9949951171875,290.1566162109375,0.05922418087720871,True,925.8114013671875,271.0916442871094,0.09592809528112411,True,4
cam2,130,3,921.5874633789062,277.3544006347656,0.05873284116387367,True,1278.9219970703125,231.0004119873047,0.06667982041835785,True,2
cam2,130,4,1273.3509521484375,240.0467987060547,0.0526697002351284,True,1032.305419921875,292.8633728027344,0.06553855538368225,True,3
cam2,130,5,832.9832763671875,289.1609191894531,0.03609224408864975,True,1188.6309814453125,442.92498779296875,0.04649161547422409,True,-1
cam2,130,6,860.967529296875,246.67388916015625,0.034485477954149246,True,988.2901000976562,211.39002990722656,0.046056341379880905,True,-1
cam2,130,7,1256.191162109375,431.3502502441406,0.03335368633270264,True,772.9638671875,227.89785766601562,0.03723939508199692,True,-1
cam2,131,0,797.6986083984375,380.5650329589844,0.7173231244087219,True,797.8916015625,375.3204650878906,0.7095375061035156,True,0
cam2,131,1,933.5040893554688,362.2447814941406,0.13308297097682953,True,932.8250122070312,357.28271484375,0.18411946296691895,True,1
cam2,131,2,1030.218017578125,288.93414306640625,0.053292859345674515,True,926.4537963867188,269.0509948730469,0.0721217542886734,True,-1
cam2,131,3,1272.9810791015625,240.95262145996094,0.04894255846738815,True,1034.41650390625,313.0718688964844,0.06544425338506699,True,4
cam2,131,4,920.9741821289062,277.6625061035156,0.047398585826158524,True,1280.7489013671875,232.04270935058594,0.06164979562163353,True,2
cam2,131,5,1201.66943359375,277.3265380859375,0.034235164523124695,True,1180.301513671875,434.4659118652344,0.05998758226633072,True,-1
cam2,131,6,1170.3612060546875,429.4684143066406,0.03420163691043854,True,1362.697265625,622.0921020507812,0.04177958518266678,True,5
cam2,131,7,1180.9013671875,346.6668395996094,0.027305247262120247,True,696.9669189453125,181.3647003173828,0.04175945371389389,True,-1
cam2,132,0,793.1926879882812,387.9007568359375,0.7260534763336182,True,793.8252563476562,387.5699768066406,0.7196223139762878,True,0
cam2,132,1,929.4625244140625,365.5946350097656,0.15180592238903046,True,931.764404296875,362.6351318359375,0.21703200042247772,True,1
cam2,132,2,1030.89599609375,290.72711181640625,0.06865362823009491,True,1031.6329345703125,297.58642578125,0.07998794317245483,True,2
cam2,132,3,841.9580688476562,297.49493408203125,0.05572973191738129,True,1170.8343505859375,429.81744384765625,0.06669683754444122,True,-1
cam2,132,4,1275.04248046875,242.7255096435547,0.05132891237735748,True,328.19403076171875,318.4248046875,0.06104658916592598,True,6
cam2,132,5,911.2615356445312,276.087158203125,0.050406165421009064,True,931.0392456054688,275.0931701660156,0.05720403790473938,True,5
cam2,132,6,1171.2110595703125,428.7929382324219,0.043980732560157776,True,1282.6080322265625,238.15565490722656,0.05057057738304138,True,3
cam2,132,7,1115.593017578125,293.1640930175781,0.02778010629117489,True,703.695556640625,177.81361389160156,0.045950714498758316,True,-1
cam2,133,0,775.5770263671875,384.1842346191406,0.7345702052116394,True,775.9906616210938,383.7988586425781,0.7047836184501648,True,0
cam2,133,1,933.1189575195312,364.196044921875,0.21426507830619812,True,931.6089477539062,363.6067199707031,0.2562444806098938,True,1
cam2,133,2,912.6946411132812,279.8735656738281,0.09896083176136017,True,1031.8780517578125,299.31658935546875,0.08789583295583725,True,4
cam2,133,3,1027.72265625,288.4516906738281,0.08873315155506134,True,1168.9437255859375,428.01788330078125,0.07641994953155518,True,2
cam2,133,4,1228.9796142578125,223.96331787109375,0.054272204637527466,True,930.013916015625,275.3198547363281,0.07171033322811127,True,-1
cam2,133,5,1278.7718505859375,247.22073364257812,0.04897404462099075,True,1001.8423461914062,213.39418029785156,0.06195122376084328,True,-1
cam2,133,6,843.1813354492188,304.7873229980469,0.04753728583455086,True,712.6838989257812,330.5983581542969,0.05614932253956795,True,-1
cam2,133,7,1170.62548828125,426.9970397949219,0.04594222456216812,True,689.1265869140625,178.07095336914062,0.05274704471230507,True,3
cam2,134,0,773.8796997070312,386.6351013183594,0.904395580291748,True,774.555419921875,387.1224670410156,0.8852902054786682,True,0
cam2,134,1,1024.59326171875,288.97686767578125,0.09192049503326416,True,931.1904907226562,375.55780029296875,0.10228750109672546,True,3
cam2,134,2,934.465087890625,369.8973083496094,0.0834982693195343,True,1069.176513671875,700.7228393554688,0.09815067797899246,True,1
cam2,134,3,367.3930358886719,852.1058959960938,0.04153679311275482,True,1021.5629272460938,289.63214111328125,0.07586153596639633,True,7
cam2,134,4,1165.5562744140625,427.86810302734375,0.03485976904630661,True,1166.6102294921875,429.1441345214844,0.06417667865753174,True,4
cam2,134,5,1231.8956298828125,225.06634521484375,0.0332939550280571,True,1120.8338623046875,295.4878234863281,0.0403958261013031,True,-1
cam2,134,6,1121.0975341796875,296.9510498046875,0.03048691898584366,True,1004.6681518554688,218.89688110351562,0.036407776176929474,True,5
cam2,134,7,304.2068786621094,648.1000366210938,0.029794463887810707,True,366.1289367675781,852.6107177734375,0.032853543758392334,True,-1
cam2,135,0,763.0904541015625,398.5577087402344,0.896382749080658,True,767.219482421875,399.7989501953125,0.9001925587654114,True,0
cam2,135,1,1030.255859375,296.4536437988281,0.05719408020377159,True,1067.19580078125,701.4949951171875,0.06536019593477249,True,2
cam2,135,2,934.3375854492188,375.8421630859375,0.04008031263947487,True,1025.1002197265625,287.4339904785156,0.05273396521806717,True,3
cam2,135,3,1270.2078857421875,258.1347351074219,0.025791499763727188,True,932.5803833007812,380.4405822753906,0.052190788090229034,True,-1
cam2,135,4,670.0204467773438,185.2383270263672,0.02258453704416752,True,1167.0401611328125,431.271240234375,0.036629337817430496,True,-1
cam2,135,5,1262.59326171875,163.43359375,0.021171126514673233,True,1118.621826171875,293.0211181640625,0.03258110210299492,True,-1
cam2,135,6,1167.9305419921875,429.2754821777344,0.020263241603970528,True,271.58575439453125,726.034912109375,0.025968994945287704,True,4
cam2,135,7,286.37164306640625,624.4706420898438,0.019917871803045273,True,1010.509033203125,219.0631103515625,0.024285050109028816,True,-1
cam2,136,0,756.770263671875,410.4884338378906,0.9196304678916931,True,757.3904418945312,411.8638610839844,0.9318017959594727,True,0
cam2,136,1,934.5469360351562,387.4302978515625,0.02793201245367527,True,1070.5068359375,705.8535766601562,0.049144644290208817,True,2
cam2,136,2,1033.875,300.36749267578125,0.026443103328347206,True,931.4154052734375,374.0108947753906,0.04210834950208664,True,-1
cam2,136,3,1263.51416015625,249.1193084716797,0.025327643379569054,True,1016.6589965820312,289.9158020019531,0.02607841230928898,True,-1
cam2,136,4,635.116455078125,489.4450988769531,0.023837141692638397,True,1254.551025390625,217.3048553466797,0.025018027052283287,True,-1
cam2,136,5,290.0501708984375,683.0810546875,0.01961004175245762,True,1169.4306640625,427.6164855957031,0.024889925494790077,True,-1
cam2,136,6,0.0,1078.5,0.018444867804646492,True,994.9970092773438,377.4642028808594,0.022170592099428177,True,-1
cam2,136,7,1918.4998779296875,9.436321258544922,0.017457878217101097,True,1121.7073974609375,296.7082824707031,0.021203404292464256,True,-1
cam2,137,0,745.0886840820312,418.28753662109375,0.9318161606788635,True,744.1884765625,418.5787658691406,0.9385865330696106,True,0
cam2,137,1,630.3359375,494.2341613769531,0.03025643154978752,True,1072.413818359375,702.512939453125,0.04494671896100044,True,-1
cam2,137,2,1268.5518798828125,243.68515014648438,0.027500785887241364,True,926.3447265625,368.458740234375,0.04181181266903877,True,3
cam2,137,3,935.486083984375,377.38104248046875,0.02585565857589245,True,1264.46142578125,228.5885467529297,0.03154457360506058,True,2
cam2,137,4,1357.10888671875,274.5342712402344,0.02402782253921032,True,1002.3369750976562,292.7454833984375,0.025685172528028488,True,-1
cam2,137,5,1018.7119140625,301.5377502441406,0.02142677828669548,True,1119.9134521484375,287.0270080566406,0.024071844294667244,True,4
cam2,137,6,768.8318481445312,219.2177276611328,0.02025454305112362,True,762.40576171875,211.1584930419922,0.022922316566109657,True,6
cam2,137,7,682.6837158203125,192.0045623779297,0.019946640357375145,True,994.4671630859375,379.0266418457031,0.021554257720708847,True,-1
cam2,138,0,733.7059326171875,430.7702331542969,0.9480970501899719,True,733.59619140625,432.0807189941406,0.9487794637680054,True,0
cam2,138,1,1918.4998779296875,0.0,0.017878027632832527,True,1919.0,0.0,0.018783187493681908,True,1
cam2,138,2,0.0,1078.5,0.017658650875091553,True,933.822509765625,381.94573974609375,0.01855773851275444,True,3
cam2,138,3,769.7593994140625,223.8553924560547,0.017367713153362274,True,0.0,1079.0,0.0172585416585207,True,6
cam2,138,4,1918.4998779296875,1078.5,0.017061375081539154,True,1919.0,1079.0,0.01711473986506462,True,4
cam2,138,5,0.0,18.380067825317383,0.016584979370236397,True,0.0,20.06962776184082,0.016619950532913208,True,5
cam2,138,6,933.9429931640625,381.05126953125,0.01603207364678383,True,771.072265625,225.74440002441406,0.015996435657143593,True,2
cam2,138,7,624.9364013671875,496.1559753417969,0.015210740268230438,True,367.3923645019531,859.9517822265625,0.015289509668946266,True,-1
cam2,139,0,723.2142944335938,436.9477844238281,0.9569509625434875,True,722.802001953125,439.13232421875,0.9601233005523682,True,0
cam2,139,1,1918.4998779296875,0.0,0.017642099410295486,True,1919.0,0.0,0.018510915338993073,True,1
cam2,139,2,0.0,19.356327056884766,0.016918497160077095,True,0.0,18.569726943969727,0.016783561557531357,True,2
cam2,139,3,1918.4998779296875,1078.5,0.016021862626075745,True,0.0,1079.0,0.01653183624148369,True,5
cam2,139,4,0.0,1078.5,0.016010183840990067,True,1282.473388671875,231.3477325439453,0.016499901190400124,True,3
cam2,139,5,767.5549926757812,217.5348663330078,0.01465870812535286,True,1919.0,1079.0,0.016247831284999847,True,-1
cam2,139,6,374.07855224609375,853.8355712890625,0.012904470786452293,True,933.894775390625,389.6651916503906,0.015032671391963959,True,-1
cam2,139,7,1279.1126708984375,223.4176483154297,0.012144292704761028,True,517.0389404296875,306.4193420410156,0.013846754096448421,True,4
cam2,140,0,714.6283569335938,447.29736328125,0.9504789710044861,True,713.5946044921875,447.86236572265625,0.9498307704925537,True,0
cam2,140,1,1918.4998779296875,8.377838134765625,0.016291210427880287,True,1919.0,10.840571403503418,0.018063802272081375,True,1
cam2,140,2,0.0,19.061582565307617,0.016233738511800766,True,767.1867065429688,214.05996704101562,0.016925889998674393,True,4
cam2,140,3,1918.4998779296875,1078.5,0.015577920712530613,True,1281.4625244140625,236.01292419433594,0.01665264368057251,True,6
cam2,140,4,0.0,1078.5,0.015371843241155148,True,0.0,18.57791519165039,0.016259366646409035,True,5
cam2,140,5,768.2892456054688,219.38888549804688,0.014608591794967651,True,0.0,1079.0,0.01578645035624504,True,2
cam2,140,6,932.7510375976562,381.4241943359375,0.012370972894132137,True,1919.0,1079.0,0.015591857954859734,True,7
cam2,140,7,1272.3968505859375,223.48927307128906,0.012106428854167461,True,933.6815795898438,386.9927673339844,0.014442231506109238,True,3
cam2,141,0,703.200927734375,461.7821044921875,0.9498640894889832,True,703.1349487304688,461.69781494140625,0.9489125609397888,True,0
cam2,141,1,1918.4998779296875,8.700920104980469,0.017640214413404465,True,770.6158447265625,214.54969787597656,0.026316769421100616,True,3
cam2,141,2,776.023681640625,225.26271057128906,0.01746307499706745,True,1280.3966064453125,230.62828063964844,0.02104935050010681,True,1
cam2,141,3,0.0,1078.5,0.016485685482621193,True,1919.0,0.0,0.018977930769324303,True,7
cam2,141,4,0.0,18.959911346435547,0.016090460121631622,True,928.0978393554688,389.8952331542969,0.017956260591745377,True,-1
cam2,141,5,1918.4998779296875,1078.5,0.015805073082447052,True,372.2945861816406,257.21331787109375,0.017320722341537476,True,-1
cam2,141,6,1511.4052734375,701.6227416992188,0.014416828751564026,True,132.5266571044922,275.1388854980469,0.016789793968200684,True,-1
cam2,141,7,1274.0350341796875,221.42755126953125,0.01380418986082077,True,0.0,1079.0,0.016687465831637383,True,2
cam2,142,0,692.249267578125,474.7271423339844,0.9618644118309021,True,691.7435302734375,474.9508361816406,0.9610479474067688,True,0
cam2,142,1,1918.4998779296875,8.338787078857422,0.018521839752793312,True,1919.0,0.0,0.01926649734377861,True,1
cam2,142,2,1918.4998779296875,1078.5,0.01765798218548298,True,927.2352905273438,389.23779296875,0.018443835899233818,True,3
cam2,142,3,0.0,18.10616683959961,0.01668918877840042,True,1919.0,1079.0,0.01801682636141777,True,7
cam2,142,4,0.0,1078.5,0.01636381261050701,True,1361.8814697265625,277.2144470214844,0.017943257465958595,True,5
cam2,142,5,931.9912109375,377.6092529296875,0.015514255501329899,True,0.0,1079.0,0.016956329345703125,True,2
cam2,142,6,1918.4998779296875,105.49703979492188,0.013696304522454739,True,557.3814086914062,147.40158081054688,0.0167593602091074,True,-1
cam2,142,7,1510.2423095703125,0.0,0.013689330779016018,True,0.0,17.367076873779297,0.01658746786415577,True,-1
cam2,143,0,681.2294311523438,485.5202941894531,0.9532712697982788,True,680.5360107421875,486.90667724609375,0.9604676365852356,True,0
cam2,143,1,1918.4998779296875,0.0,0.01829819194972515,True,1919.0,0.0,0.017984062433242798,True,1
cam2,143,2,1918.4998779296875,1078.5,0.01680527813732624,True,1919.0,1079.0,0.016891349107027054,True,2
cam2,143,3,0.0,18.733352661132812,0.016530385240912437,True,0.0,17.624038696289062,0.016625016927719116,True,3
cam2,143,4,0.0,1078.5,0.016164803877472878,True,0.0,1079.0,0.01634865254163742,True,4
cam2,143,5,1918.4998779296875,69.3708267211914,0.01372536551207304,True,1088.1517333984375,459.00286865234375,0.0145222507417202,True,6
cam2,143,6,1724.7615966796875,0.0,0.013368549756705761,True,1919.0,73.83982849121094,0.013287834823131561,True,-1
cam2,143,7,924.265869140625,389.0500793457031,0.012591972947120667,True,923.1903686523438,387.72711181640625,0.01318775862455368,True,7
cam2,144,0,672.4055786132812,501.76702880859375,0.9476180672645569,True,670.7855224609375,497.0194091796875,0.945586085319519,True,0
cam2,144,1,1918.4998779296875,0.0,0.019147230312228203,True,1919.0,0.0,0.01705034263432026,True,1
cam2,144,2,0.0,18.225177764892578,0.016703356057405472,True,0.0,17.554473876953125,0.016913898289203644,True,2
cam2,144,3,0.0,1078.5,0.015802158042788506,True,0.0,1079.0,0.016586588695645332,True,3
cam2,144,4,1918.4998779296875,1078.5,0.015667716041207314,True,1919.0,1079.0,0.015275969170033932,True,4
cam2,144,5,1358.736328125,275.16424560546875,0.011698107235133648,True,1360.478271484375,278.0966796875,0.012243513017892838,True,5
cam2,144,6,1509.3980712890625,0.0,0.011402552947402,True,1738.7750244140625,0.0,0.012178312987089157,True,7
cam2,144,7,1614.489501953125,0.0,0.011076661758124828,True,1496.840087890625,0.0,0.012027199380099773,True,-1
cam2,145,0,658.1602172851562,512.0015869140625,0.9493423104286194,True,658.30126953125,511.64044189453125,0.9480117559432983,True,0
cam2,145,1,1735.6407470703125,380.28179931640625,0.01654527708888054,True,0.0,1079.0,0.01669406332075596,True,-1
cam2,145,2,0.0,1078.5,0.016231432557106018,True,0.0,17.477275848388672,0.016437001526355743,True,1
cam2,145,3,0.0,17.64431381225586,0.01596672460436821,True,1919.0,0.0,0.015954703092575073,True,2
cam2,145,4,1918.4998779296875,0.0,0.015674209222197533,True,1919.0,1079.0,0.01570846326649189,True,3
cam2,145,5,1918.4998779296875,1078.5,0.015591328963637352,True,738.7153930664062,214.45050048828125,0.015328952111303806,True,4
cam2,145,6,1356.8636474609375,284.83807373046875,0.013384402729570866,True,696.2435913085938,173.2882080078125,0.01361643522977829,True,-1
cam2,145,7,181.4429168701172,679.2030029296875,0.013372872024774551,True,181.38905334472656,678.777099609375,0.013326791115105152,True,7
cam2,146,0,644.0568237304688,527.2304077148438,0.9556127786636353,True,644.6456298828125,528.4776611328125,0.9545816779136658,True,0
cam2,146,1,166.20166015625,680.1799926757812,0.01991264522075653,True,166.17849731445312,681.0325927734375,0.020754488185048103,True,1
cam2,146,2,1918.4998779296875,0.0,0.017827661707997322,True,1919.0,0.0,0.018249565735459328,True,2
cam2,146,3,1918.4998779296875,1078.5,0.017671916633844376,True,1919.0,1079.0,0.01799263432621956,True,3
cam2,146,4,0.0,1078.5,0.01676229201257229,True,0.0,1079.0,0.01673148013651371,True,4
cam2,146,5,0.0,18.951745986938477,0.01646479219198227,True,0.0,19.324853897094727,0.016301071271300316,True,5
cam2,146,6,924.2367553710938,377.7748718261719,0.012890052981674671,True,957.7987060546875,461.8319396972656,0.014126949943602085,True,7
cam2,146,7,1268.6312255859375,241.73890686035156,0.012628372758626938,True,925.064208984375,378.15899658203125,0.013344495557248592,True,-1
cam2,147,0,632.8573608398438,540.469482421875,0.9520593285560608,True,633.3025512695312,540.7189331054688,0.9515594244003296,True,0
cam2,147,1,1918.4998779296875,8.764973640441895,0.01663435809314251,True,1919.0,9.630764961242676,0.016655953601002693,True,1
cam2,147,2,1918.4998779296875,1078.5,0.01626521907746792,True,0.0,16.87012481689453,0.016221854835748672,True,4
cam2,147,3,0.0,16.526803970336914,0.016236525028944016,True,0.0,1079.0,0.01613566465675831,True,2
cam2,147,4,0.0,1078.5,0.016142917796969414,True,1919.0,1079.0,0.015750616788864136,True,3
cam2,147,5,694.8843994140625,168.80221557617188,0.014237863011658192,True,953.2490234375,457.7336730957031,0.014396950602531433,True,-1
cam2,147,6,150.90061950683594,674.3218383789062,0.013116979971528053,True,163.69041442871094,678.9227905273438,0.014310088939964771,True,6
cam2,147,7,242.68505859375,638.98486328125,0.012481087818741798,True,240.442138671875,640.2800903320312,0.013144736178219318,True,7
cam2,148,0,622.0240478515625,548.8274536132812,0.9556563496589661,True,622.0669555664062,548.3846435546875,0.9543318152427673,True,0
cam2,148,1,1918.4998779296875,9.239039421081543,0.016868392005562782,True,0.0,1079.0,0.016337968409061432,True,3
cam2,148,2,0.0,18.26553726196289,0.01618916727602482,True,0.0,18.08440399169922,0.016318781301379204,True,2
cam2,148,3,0.0,1078.5,0.01611507311463356,True,1919.0,8.759893417358398,0.016132304444909096,True,1
cam2,148,4,1918.4998779296875,1078.5,0.01571768894791603,True,1919.0,1079.0,0.01590215228497982,True,4
cam2,148,5,694.2460327148438,173.84751892089844,0.013616818934679031,True,135.29806518554688,692.8313598632812,0.015442406758666039,True,-1
cam2,148,6,1271.4549560546875,229.3523712158203,0.013176494278013706,True,1280.0726318359375,244.88995361328125,0.014330859296023846,True,6
cam2,148,7,1674.6116943359375,355.991943359375,0.013089681975543499,True,926.182861328125,378.8487243652344,0.014164360240101814,True,-1
cam2,149,0,612.1953125,549.0941162109375,0.9538936018943787,True,612.2299194335938,549.0347290039062,0.9520952105522156,True,0
cam2,149,1,119.7090072631836,670.43115234375,0.01865297555923462,True,119.71394348144531,672.0890502929688,0.024160310626029968,True,1
cam2,149,2,696.39892578125,169.125,0.018643202260136604,True,1271.7398681640625,247.16323852539062,0.022594274953007698,True,4
cam2,149,3,1269.4173583984375,239.2551727294922,0.017966387793421745,True,925.921142578125,389.3257751464844,0.022504841908812523,True,2
cam2,149,4,1207.798828125,456.3951721191406,0.017386984080076218,True,695.153076171875,168.5945587158203,0.020280946046113968,True,-1
cam2,149,5,0.0,1078.5,0.01654040440917015,True,220.94371032714844,744.4486083984375,0.018192587420344353,True,7
cam2,149,6,1918.4998779296875,1078.5,0.016141055151820183,True,0.0,16.429197311401367,0.01684398204088211,True,-1
cam2,149,7,0.0,17.298748016357422,0.0158073790371418,True,0.0,1079.0,0.01643633097410202,True,6
cam2,150,0,597.0845947265625,546.0861206054688,0.9331637024879456,True,597.290283203125,546.305908203125,0.9392001628875732,True,0
cam2,150,1,1206.2890625,455.81561279296875,0.0369490310549736,True,928.5999145507812,384.71343994140625,0.042223379015922546,True,5
cam2,150,2,928.7846069335938,385.4408874511719,0.030097294598817825,True,101.9900894165039,668.736328125,0.028657374903559685,True,1
cam2,150,3,100.75153350830078,668.3558349609375,0.022618882358074188,True,1060.4974365234375,685.8721923828125,0.028183113783597946,True,2
cam2,150,4,1183.12158203125,210.1167449951172,0.02110966295003891,True,1063.0262451171875,404.7383728027344,0.022494763135910034,True,-1
cam2,150,5,1918.4998779296875,1078.5,0.017841611057519913,True,1204.5989990234375,456.162353515625,0.022350434213876724,True,-1
cam2,150,6,0.0,18.304851531982422,0.017047027125954628,True,565.1500244140625,410.4610595703125,0.019950855523347855,True,7
cam2,150,7,0.0,1078.5,0.016803143545985222,True,0.0,18.660043716430664,0.017940443009138107,True,-1
cam2,151,0,586.5546264648438,542.3046264648438,0.9433120489120483,True,585.802978515625,541.8991088867188,0.9433606266975403,True,0
cam2,151,1,1209.3621826171875,453.77423095703125,0.030525291338562965,True,931.0540771484375,387.907470703125,0.03202681988477707,True,3
cam2,151,2,930.1107177734375,390.40765380859375,0.03017631731927395,True,1063.606689453125,401.708984375,0.023533115163445473,True,1
cam2,151,3,1180.7220458984375,222.0142822265625,0.023655729368329048,True,1204.1456298828125,454.8482666015625,0.022434260696172714,True,-1
cam2,151,4,1252.400634765625,214.8611602783203,0.018151063472032547,True,1068.05029296875,694.5137329101562,0.02227054536342621,True,-1
cam2,151,5,927.048828125,269.4400329589844,0.01662418246269226,True,87.93212127685547,671.6078491210938,0.01781071163713932,True,6
cam2,151,6,0.0,18.631528854370117,0.016359208151698112,True,939.921142578125,274.12335205078125,0.01763751357793808,True,7
cam2,151,7,1918.4998779296875,1078.5,0.01615983247756958,True,0.0,18.323593139648438,0.016682207584381104,True,-1
cam2,152,0,574.1419067382812,537.7955932617188,0.9382875561714172,True,574.0115966796875,537.9422607421875,0.9421629309654236,True,0
cam2,152,1,1241.5120849609375,446.3134460449219,0.027583550661802292,True,932.3443603515625,388.2771301269531,0.02892434410750866,True,-1
cam2,152,2,931.8140258789062,389.3885192871094,0.02715986780822277,True,1068.727294921875,697.7024536132812,0.023248372599482536,True,1
cam2,152,3,1180.6129150390625,214.45201110839844,0.024668853729963303,True,1076.5279541015625,405.2403259277344,0.023052792996168137,True,-1
cam2,152,4,1918.4998779296875,0.0,0.021815165877342224,True,943.2623901367188,275.9143981933594,0.022433441132307053,True,6
cam2,152,5,921.364990234375,262.3324890136719,0.01832203008234501,True,800.0665893554688,362.6152648925781,0.021848376840353012,True,-1
cam2,152,6,1918.4998779296875,1078.5,0.01659942790865898,True,1919.0,0.0,0.019720790907740593,True,-1
cam2,152,7,0.0,1078.5,0.016061978414654732,True,1199.0302734375,453.0268859863281,0.01752261258661747,True,-1
cam2,153,0,564.0726928710938,538.1781616210938,0.9325999617576599,True,565.2332153320312,538.7642822265625,0.9306585192680359,True,0
cam2,153,1,935.8362426757812,389.656982421875,0.031911808997392654,True,927.0537109375,378.0206298828125,0.030312027782201767,True,1
cam2,153,2,1244.5860595703125,442.656005859375,0.031813014298677444,True,1121.8863525390625,276.8120422363281,0.028275491669774055,True,-1
cam2,153,3,912.156494140625,260.28533935546875,0.021364770829677582,True,1087.3359375,401.9539489746094,0.026954680681228638,True,-1
cam2,153,4,1918.4998779296875,0.0,0.02048644609749317,True,942.0411987304688,288.1424865722656,0.02654007077217102,True,-1
cam2,153,5,1179.5416259765625,224.8439483642578,0.019523287191987038,True,1556.9736328125,200.4031982421875,0.025839312002062798,True,-1
cam2,153,6,1145.507080078125,274.2804870605469,0.019342642277479172,True,878.4315185546875,228.12644958496094,0.024458277970552444,True,-1
cam2,153,7,968.3447875976562,230.77435302734375,0.018507765606045723,True,997.8532104492188,370.4844055175781,0.023585360497236252,True,-1
cam2,154,0,551.8094482421875,535.6143188476562,0.9477971196174622,True,551.6951293945312,535.900390625,0.9410238862037659,True,0
cam2,154,1,934.648193359375,391.7559814453125,0.03028358705341816,True,1091.6871337890625,400.87469482421875,0.05802850425243378,True,6
cam2,154,2,1556.25341796875,196.62307739257812,0.026989206671714783,True,998.9031982421875,366.73974609375,0.05076076462864876,True,4
cam2,154,3,892.2557373046875,230.18980407714844,0.02584134228527546,True,1123.0096435546875,279.9446716308594,0.049234725534915924,True,5
cam2,154,4,1348.0677490234375,282.92364501953125,0.0252656489610672,True,1548.9793701171875,198.17691040039062,0.04732877016067505,True,-1
cam2,154,5,1244.1746826171875,438.1606750488281,0.02010362781584263,True,877.4798583984375,228.53453063964844,0.039172280579805374,True,-1
cam2,154,6,1144.0013427734375,284.1356201171875,0.019989311695098877,True,935.1481323242188,391.70269775390625,0.033482130616903305,True,-1
cam2,154,7,1918.4998779296875,0.0,0.01955210603773594,True,1179.10205078125,204.26182556152344,0.02933996357023716,True,-1
cam2,155,0,537.1185913085938,535.1367797851562,0.9572708010673523,True,537.1243896484375,535.2568969726562,0.9498441815376282,True,0
cam2,155,1,1351.683349609375,277.7060852050781,0.027214037254452705,True,1093.197265625,399.98443603515625,0.05201007053256035,True,-1
cam2,155,2,932.3316040039062,383.8658142089844,0.025486178696155548,True,996.0146484375,364.52001953125,0.048551302403211594,True,5
cam2,155,3,1918.4998779296875,11.5875244140625,0.023078102618455887,True,1137.6510009765625,283.8656311035156,0.0433712974190712,True,-1
cam2,155,4,932.0855712890625,270.3697814941406,0.018023870885372162,True,1496.2943115234375,611.3952026367188,0.035011764615774155,True,-1
cam2,155,5,1144.376220703125,282.6751403808594,0.01752730831503868,True,936.0498657226562,383.40777587890625,0.03337220102548599,True,3
cam2,155,6,1918.4998779296875,1078.5,0.01722998172044754,True,1557.0693359375,201.1092987060547,0.03275788575410843,True,-1
cam2,155,7,0.0,1078.5,0.016575811430811882,True,875.9703369140625,227.26158142089844,0.029405126348137856,True,-1
cam2,156,0,522.6741333007812,535.7650146484375,0.9584804177284241,True,522.41259765625,535.2062377929688,0.9474196434020996,True,0
cam2,156,1,1353.965576171875,277.33929443359375,0.026504095643758774,True,1505.5657958984375,611.6058959960938,0.060767315328121185,True,-1
cam2,156,2,927.55078125,391.847900390625,0.024040846154093742,True,999.377197265625,358.10333251953125,0.04456270858645439,True,5
cam2,156,3,937.1170043945312,261.8758239746094,0.02019839733839035,True,1097.412353515625,399.1762390136719,0.04226922243833542,True,-1
cam2,156,4,1918.4998779296875,10.884539604187012,0.018332786858081818,True,1149.5635986328125,283.46746826171875,0.0339575856924057,True,-1
cam2,156,5,1012.3789672851562,294.7667236328125,0.01821235939860344,True,935.8627319335938,379.09967041015625,0.03312382102012634,True,-1
cam2,156,6,255.28897094726562,623.3765258789062,0.017230652272701263,True,1740.1153564453125,553.035888671875,0.028317859396338463,True,-1
cam2,156,7,0.0,1078.5,0.016901923343539238,True,941.9893188476562,463.5161437988281,0.02758597955107689,True,-1
cam2,157,0,506.87237548828125,536.5881958007812,0.9514223337173462,True,506.87530517578125,536.466796875,0.9345372319221497,True,0
cam2,157,1,1009.3919677734375,290.9818420410156,0.030535101890563965,True,1505.6895751953125,611.3994750976562,0.058393750339746475,True,4
cam2,157,2,1356.84375,276.0700378417969,0.029045255854725838,True,944.2994995117188,459.1200256347656,0.05041995644569397,True,-1
cam2,157,3,931.2142944335938,350.0042724609375,0.023625925183296204,True,1095.5294189453125,400.57177734375,0.0357835479080677,True,-1
cam2,157,4,940.9161376953125,259.8033752441406,0.01911274343729019,True,1008.7754516601562,294.0582275390625,0.03438738361001015,True,-1
cam2,157,5,252.13101196289062,624.0841674804688,0.017948266118764877,True,996.7408447265625,358.45697021484375,0.032860368490219116,True,-1
cam2,157,6,1137.55712890625,275.9444885253906,0.0179241094738245,True,932.9038696289062,379.9346008300781,0.031812142580747604,True,-1
cam2,157,7,0.0,1078.5,0.016436362639069557,True,705.834228515625,166.79563903808594,0.029123298823833466,True,-1
cam2,158,0,493.146240234375,536.180419921875,0.9579347968101501,True,492.7489318847656,535.7478637695312,0.9398982524871826,True,0
cam2,158,1,997.1444702148438,289.7028503417969,0.035115234553813934,True,945.759521484375,461.15472412109375,0.0767778605222702,True,2
cam2,158,2,1091.2415771484375,403.7403564453125,0.027960242703557014,True,1004.545654296875,289.9491271972656,0.06576517224311829,True,5
cam2,158,3,380.9815979003906,378.4711608886719,0.027699919417500496,True,1376.40673828125,283.7972717285156,0.04810024052858353,True,-1
cam2,158,4,1376.6055908203125,283.00537109375,0.021954238414764404,True,928.83837890625,382.0223388671875,0.04180397465825081,True,3
cam2,158,5,1918.4998779296875,1078.5,0.01887625642120838,True,1089.505126953125,405.3424377441406,0.039250656962394714,True,-1
cam2,158,6,1918.4998779296875,0.0,0.017633093520998955,True,707.259033203125,166.2581329345703,0.03488263487815857,True,-1
cam2,158,7,0.0,1078.5,0.01753810979425907,True,441.308349609375,451.9849853515625,0.03170380741357803,True,-1
cam2,159,0,477.3712463378906,535.7041015625,0.9542307257652283,True,477.7739562988281,535.2150268554688,0.9405579566955566,True,0
cam2,159,1,968.8758544921875,287.31243896484375,0.04322871193289757,True,1087.1419677734375,402.90472412109375,0.06460090726613998,True,-1
cam2,159,2,1091.5697021484375,400.10693359375,0.037824541330337524,True,936.1088256835938,461.2986755371094,0.060007039457559586,True,1
cam2,159,3,756.217041015625,306.74365234375,0.022750234231352806,True,1005.2543334960938,284.1427917480469,0.048732444643974304,True,6
cam2,159,4,1376.60205078125,276.0443115234375,0.022610407322645187,True,1384.8697509765625,280.586669921875,0.03979378566145897,True,4
cam2,159,5,927.5403442382812,381.49407958984375,0.02009660005569458,True,702.3232421875,166.26295471191406,0.031504739075899124,True,7
cam2,159,6,1102.360107421875,277.4302062988281,0.017748622223734856,True,757.4916381835938,308.8809509277344,0.031032558530569077,True,-1
cam2,159,7,0.0,697.5088500976562,0.017685256898403168,True,929.8666381835938,378.9285583496094,0.027495382353663445,True,-1
cam2,160,0,461.9778747558594,535.3239135742188,0.9582394361495972,True,462.2224426269531,535.9989624023438,0.9422584772109985,True,0
cam2,160,1,964.720458984375,283.6306457519531,0.04474702477455139,True,1092.4951171875,398.77825927734375,0.05472817271947861,True,-1
cam2,160,2,1092.8665771484375,400.3802795410156,0.04133300110697746,True,920.111083984375,479.0792541503906,0.048480141907930374,True,1
cam2,160,3,1100.5091552734375,278.2600402832031,0.02095125801861286,True,1269.2232666015625,458.1119689941406,0.043098583817481995,True,-1
cam2,160,4,1375.6961669921875,277.3352966308594,0.018676768988370895,True,1008.8063354492188,280.7324523925781,0.03528020903468132,True,6
cam2,160,5,1918.4998779296875,0.0,0.01837305724620819,True,856.0623779296875,376.6153259277344,0.03497498109936714,True,-1
cam2,160,6,923.9096069335938,379.34368896484375,0.01781991496682167,True,1380.509765625,274.76025390625,0.03189421817660332,True,-1
cam2,160,7,0.0,17.735836029052734,0.016363291069865227,True,704.4168090820312,169.1461639404297,0.02748679183423519,True,-1
cam2,161,0,446.44757080078125,536.0223999023438,0.9560659527778625,True,446.9944763183594,536.2163696289062,0.9440984129905701,True,0
cam2,161,1,941.66455078125,272.3978271484375,0.03674688562750816,True,858.7142944335938,378.8556213378906,0.08381477743387222,True,3
cam2,161,2,1094.4969482421875,399.54229736328125,0.028772752732038498,True,909.879638671875,486.6531677246094,0.05450713634490967,True,-1
cam2,161,3,1085.044677734375,289.21514892578125,0.028069134801626205,True,939.2261352539062,270.4164733886719,0.044149693101644516,True,-1
cam2,161,4,1276.6781005859375,287.1651611328125,0.023674026131629944,True,1269.7498779296875,457.5200500488281,0.04056200757622719,True,-1
cam2,161,5,1918.4998779296875,0.0,0.018335292115807533,True,698.9209594726562,167.07469177246094,0.0358089841902256,True,-1
cam2,161,6,798.290771484375,198.0109405517578,0.01693219318985939,True,824.7340087890625,308.8756103515625,0.03531435504555702,True,-1
cam2,161,7,702.5279541015625,165.6492919921875,0.016582675278186798,True,1394.12548828125,648.782470703125,0.03489009290933609,True,5
cam2,162,0,430.8436584472656,537.3923950195312,0.9567504525184631,True,431.2966613769531,537.2545166015625,0.9553630352020264,True,0
cam2,162,1,931.7327270507812,277.9417419433594,0.0465373694896698,True,856.6965942382812,378.814697265625,0.13757887482643127,True,2
cam2,162,2,1267.4952392578125,283.43115234375,0.02853819914162159,True,937.1155395507812,278.3967590332031,0.08586243540048599,True,-1
cam2,162,3,1068.9150390625,297.4841003417969,0.02555938996374607,True,905.6537475585938,488.5319519042969,0.05303477123379707,True,-1
cam2,162,4,1145.5560302734375,261.71185302734375,0.018497778102755547,True,831.9653930664062,305.4031677246094,0.043097611516714096,True,-1
cam2,162,5,1918.4998779296875,1078.5,0.01810608245432377,True,1287.736083984375,570.2899780273438,0.03640492632985115,True,-1
cam2,162,6,1918.4998779296875,0.0,0.017875073477625847,True,1391.4505615234375,647.8457641601562,0.03199480473995209,True,-1
cam2,162,7,858.9369506835938,313.87457275390625,0.01775074377655983,True,1421.935546875,273.4768981933594,0.029096513986587524,True,-1
cam2,163,0,410.12664794921875,538.7008666992188,0.9549538493156433,True,411.1919860839844,539.1400756835938,0.9495505690574646,True,0
cam2,163,1,922.2960205078125,285.83538818359375,0.04965632036328316,True,858.0200805664062,377.28851318359375,0.0930931493639946,True,2
cam2,163,2,1267.0185546875,270.83026123046875,0.029148010537028313,True,929.264404296875,281.36663818359375,0.08973114937543869,True,-1
cam2,163,3,1075.55029296875,290.8614196777344,0.028442829847335815,True,831.7131958007812,307.5771789550781,0.04570414498448372,True,-1
cam2,163,4,1167.8466796875,433.1627197265625,0.02014600671827793,True,1292.7479248046875,576.2493896484375,0.040036674588918686,True,-1
cam2,163,5,848.1278076171875,309.6276550292969,0.01948545128107071,True,904.6243286132812,487.3199462890625,0.03754759579896927,True,3
cam2,163,6,1196.380859375,215.25791931152344,0.019160084426403046,True,1422.338623046875,275.5984802246094,0.031109115108847618,True,-1
cam2,163,7,1918.4998779296875,1078.5,0.016579000279307365,True,1228.283447265625,211.1217041015625,0.030821673572063446,True,-1
cam2,164,0,389.4239196777344,542.8563232421875,0.9566109776496887,True,388.3343200683594,542.2643432617188,0.9496272206306458,True,0
cam2,164,1,917.9832763671875,296.43359375,0.04513449966907501,True,924.0521850585938,283.107177734375,0.08807802945375443,True,1
cam2,164,2,848.8175048828125,314.885498046875,0.02572665922343731,True,859.0311889648438,376.47210693359375,0.06871902942657471,True,-1
cam2,164,3,1101.9794921875,276.5212707519531,0.025395352393388748,True,1385.635986328125,639.9664306640625,0.04784252122044563,True,-1
cam2,164,4,1206.44189453125,213.2071075439453,0.025282002985477448,True,826.6956787109375,306.51031494140625,0.04144952818751335,True,-1
cam2,164,5,1163.468017578125,429.2256774902344,0.02470543421804905,True,1295.1771240234375,577.8201293945312,0.03896472975611687,True,-1
cam2,164,6,1256.2830810546875,271.7649841308594,0.02419281005859375,True,1420.30419921875,275.3899841308594,0.03184033930301666,True,-1
cam2,164,7,772.690185546875,215.922119140625,0.02110346592962742,True,900.1781616210938,484.9861145019531,0.030310282483696938,True,-1
cam2,165,0,371.3179626464844,548.548095703125,0.9481797814369202,True,371.2969665527344,548.7125244140625,0.941893994808197,True,0
cam2,165,1,927.39990234375,278.9383239746094,0.04430707171559334,True,931.1475830078125,279.6020202636719,0.10608639568090439,True,1
cam2,165,2,1135.62646484375,254.07342529296875,0.031178705394268036,True,1377.3226318359375,634.1995849609375,0.061460334807634354,True,-1
cam2,165,3,839.5474243164062,310.1586608886719,0.028401663526892662,True,823.4368286132812,298.95794677734375,0.04071818292140961,True,3
cam2,165,4,1268.478271484375,247.6240997314453,0.02776477113366127,True,933.2610473632812,360.8268737792969,0.03829353302717209,True,-1
cam2,165,5,1208.94189453125,211.96206665039062,0.0250035859644413,True,858.0703125,375.6090087890625,0.037028681486845016,True,-1
cam2,165,6,223.4256134033203,632.2708129882812,0.021924370899796486,True,1297.7022705078125,580.47998046875,0.03580484539270401,True,-1
cam2,165,7,1033.42724609375,290.902099609375,0.019609147682785988,True,1417.548828125,274.8083801269531,0.03561631590127945,True,-1
cam2,166,0,354.25006103515625,551.3981323242188,0.9357863664627075,True,353.9606018066406,552.508544921875,0.9385806918144226,True,0
cam2,166,1,927.323974609375,278.8134460449219,0.06272774189710617,True,931.9353637695312,281.8379821777344,0.07150418311357498,True,1
cam2,166,2,926.7097778320312,350.02642822265625,0.039978884160518646,True,936.490478515625,363.1029052734375,0.05279795825481415,True,2
cam2,166,3,1371.3414306640625,277.6385192871094,0.0371207594871521,True,1570.630615234375,697.2000122070312,0.0340709425508976,True,-1
cam2,166,4,1031.1866455078125,289.4272766113281,0.035700321197509766,True,1299.353271484375,578.9957885742188,0.03219058737158775,True,-1
cam2,166,5,844.7410278320312,297.72064208984375,0.03451742231845856,True,830.103759765625,311.1447448730469,0.03182736784219742,True,5
cam2,166,6,1152.01611328125,251.4702606201172,0.03273578733205795,True,1420.2147216796875,274.2106628417969,0.03160169720649719,True,-1
cam2,166,7,1275.19677734375,240.7806854248047,0.031697675585746765,True,1365.8516845703125,627.8047485351562,0.031182197853922844,True,-1
cam2,167,0,328.5274658203125,553.9276733398438,0.943515956401825,True,327.97845458984375,554.2049560546875,0.9421476721763611,True,0
cam2,167,1,925.9596557617188,274.48974609375,0.06725684553384781,True,1362.480224609375,625.7733764648438,0.061828356236219406,True,2
cam2,167,2,1358.9710693359375,288.0642395019531,0.04769544303417206,True,936.4423828125,285.54510498046875,0.0518406517803669,True,-1
cam2,167,3,1266.574951171875,219.19996643066406,0.04065871611237526,True,937.8854370117188,363.4095764160156,0.04348915442824364,True,-1
cam2,167,4,1032.392333984375,287.09808349609375,0.03634803742170334,True,979.5001220703125,356.6351318359375,0.04227543994784355,True,-1
cam2,167,5,1153.4034423828125,248.87374877929688,0.036194730550050735,True,1301.2509765625,574.9505615234375,0.04218905419111252,True,-1
cam2,167,6,995.5446166992188,213.32582092285156,0.029699860140681267,True,1618.6009521484375,677.4190063476562,0.04071676358580589,True,-1
cam2,167,7,835.9295043945312,288.6663513183594,0.02896764501929283,True,1093.0999755859375,552.8628540039062,0.03858022391796112,True,-1
cam2,168,0,301.7952880859375,561.4332275390625,0.9394239783287048,True,305.908935546875,554.6796264648438,0.934537410736084,True,0
cam2,168,1,924.915771484375,262.64697265625,0.050003208220005035,True,1360.6793212890625,625.0691528320312,0.056299950927495956,True,-1
cam2,168,2,196.87928771972656,647.3572998046875,0.04592285677790642,True,1615.5926513671875,673.7159423828125,0.05395026132464409,True,3
cam2,168,3,924.7792358398438,351.765625,0.03944076970219612,True,197.22608947753906,649.3233032226562,0.04662274196743965,True,-1
cam2,168,4,1350.3206787109375,301.31298828125,0.0376574732363224,True,961.673583984375,335.1541442871094,0.03796171024441719,True,-1
cam2,168,5,1611.8577880859375,673.55712890625,0.03751317411661148,True,1060.1815185546875,319.95947265625,0.036411069333553314,True,2
cam2,168,6,1267.2596435546875,219.13278198242188,0.032604534178972244,True,693.6649169921875,381.13671875,0.0359879806637764,True,-1
cam2,168,7,1169.864013671875,260.91314697265625,0.031687986105680466,True,1096.5604248046875,553.9745483398438,0.03322697430849075,True,-1
cam2,169,0,279.9647216796875,568.5379638671875,0.9393718242645264,True,282.27215576171875,568.33984375,0.9442262649536133,True,0
cam2,169,1,186.89013671875,636.7009887695312,0.07214365154504776,True,185.9527130126953,632.7052612304688,0.07837516814470291,True,1
cam2,169,2,930.4185791015625,264.3356018066406,0.06111114099621773,True,694.2144165039062,199.31956481933594,0.05978953838348389,True,-1
cam2,169,3,1614.1793212890625,670.1196899414062,0.05178214609622955,True,1616.2437744140625,671.9323120117188,0.0586736686527729,True,3
cam2,169,4,933.91015625,359.0245666503906,0.048714399337768555,True,981.8447265625,327.4015197753906,0.050803862512111664,True,-1
cam2,169,5,1348.0714111328125,305.6356201171875,0.047144822776317596,True,693.334228515625,380.7210693359375,0.0488319993019104,True,7
cam2,169,6,1017.7628784179688,291.627197265625,0.03570925071835518,True,1356.4002685546875,622.870361328125,0.04615063965320587,True,-1
cam2,169,7,996.0405883789062,226.32261657714844,0.03521770238876343,True,1359.21533203125,305.1893310546875,0.04604523256421089,True,-1
cam2,170,0,250.74365234375,569.3890380859375,0.8573552966117859,True,250.49473571777344,569.5281982421875,0.781452476978302,True,0
cam2,170,1,926.4019775390625,263.52081298828125,0.17463628947734833,True,977.0836181640625,319.6248779296875,0.1451493352651596,True,-1
cam2,170,2,932.5132446289062,351.7936096191406,0.11955688148736954,True,692.7145385742188,196.21702575683594,0.1094982773065567,True,-1
cam2,170,3,1350.727783203125,308.70941162109375,0.11603982746601105,True,819.2695922851562,286.01116943359375,0.1084413155913353,True,5
cam2,170,4,1220.051513671875,250.75743103027344,0.11272314935922623,True,1263.936767578125,460.1030578613281,0.0940510481595993,True,-1
cam2,170,5,815.5184326171875,292.5658264160156,0.1037428230047226,True,1359.3079833984375,304.40631103515625,0.09040496498346329,True,3
cam2,170,6,1261.323974609375,451.8639831542969,0.0998489260673523,True,825.5712280273438,333.5293884277344,0.08947979658842087,True,4
cam2,170,7,1159.906005859375,299.521484375,0.0945204496383667,True,691.1791381835938,375.4336242675781,0.08730308711528778,True,-1
cam2,171,0,225.00120544433594,580.5927124023438,0.8820982575416565,True,225.01060485839844,579.1287841796875,0.8276062607765198,True,0
cam2,171,1,927.7704467773438,259.6834716796875,0.14899417757987976,True,973.2332153320312,321.6774597167969,0.12237551063299179,True,2
cam2,171,2,1220.933837890625,256.3542785644531,0.14197897911071777,True,931.1802368164062,275.8643493652344,0.11937163770198822,True,-1
cam2,171,3,1349.542724609375,305.8654479980469,0.11943883448839188,True,829.811767578125,328.9446716308594,0.11704140156507492,True,-1
cam2,171,4,824.2892456054688,301.87493896484375,0.11291885375976562,True,311.97711181640625,616.3032836914062,0.09508540481328964,True,-1
cam2,171,5,1264.057373046875,443.92864990234375,0.10150004923343658,True,1262.7520751953125,458.471923828125,0.08439874649047852,True,5
cam2,171,6,933.3594970703125,358.8776550292969,0.09841535985469818,True,774.906494140625,214.16883850097656,0.06801546365022659,True,-1
cam2,171,7,1158.158935546875,305.0671081542969,0.08913831412792206,True,692.73486328125,195.12791442871094,0.06631597876548767,True,-1
cam2,172,0,205.54136657714844,585.189697265625,0.8582396507263184,True,205.4407958984375,591.0680541992188,0.8227043151855469,True,0
cam2,172,1,819.4241943359375,304.589599609375,0.17350657284259796,True,838.2035522460938,317.7933044433594,0.1449211984872818,True,-1
cam2,172,2,926.3836059570312,259.3846130371094,0.16080021858215332,True,978.905029296875,317.09918212890625,0.12200421839952469,True,3
cam2,172,3,1220.05322265625,259.81317138671875,0.1526642143726349,True,930.551025390625,271.4016418457031,0.11615991592407227,True,-1
cam2,172,4,1352.2208251953125,300.4936828613281,0.10927218198776245,True,309.6681213378906,612.740966796875,0.11389929056167603,True,-1
cam2,172,5,1266.5008544921875,437.9205627441406,0.10083192586898804,True,1266.3629150390625,455.5668640136719,0.097429558634758,True,5
cam2,172,6,1156.3729248046875,305.4031982421875,0.09891869872808456,True,774.7708740234375,208.48919677734375,0.0784139409661293,True,-1
cam2,172,7,928.0565185546875,366.7785949707031,0.09817913919687271,True,925.73583984375,384.5613708496094,0.07458572089672089,True,7
cam2,173,0,183.60110473632812,586.2506713867188,0.6808997988700867,True,195.3561553955078,608.6908569335938,0.6003952622413635,True,-1
cam2,173,1,821.3308715820312,302.1636047363281,0.17991188168525696,True,832.271484375,315.2880554199219,0.15067075192928314,True,1
cam2,173,2,1222.265625,258.0000915527344,0.13727746903896332,True,314.4189147949219,617.0463256835938,0.1365516483783722,True,-1
cam2,173,3,922.5633544921875,352.5048828125,0.11422309279441833,True,932.5477294921875,271.16094970703125,0.10749565809965134,True,-1
cam2,173,4,935.4583129882812,270.8607177734375,0.10862931609153748,True,1541.8609619140625,667.4166870117188,0.10679581761360168,True,3
cam2,173,5,1153.457763671875,301.6420593261719,0.09552761167287827,True,972.1284790039062,312.9935302734375,0.10526363551616669,True,-1
cam2,173,6,1265.4251708984375,430.36968994140625,0.09546463191509247,True,926.86572265625,380.5177001953125,0.08705930411815643,True,-1
cam2,173,7,1361.8865966796875,292.3722839355469,0.09006317704916,True,1265.6607666015625,455.2190856933594,0.07684985548257828,True,-1
cam2,174,0,172.43353271484375,583.0177612304688,0.3796635866165161,True,184.4109649658203,638.091064453125,0.3287651538848877,True,2
cam2,174,1,984.5516967773438,299.877197265625,0.35287249088287354,True,937.609619140625,337.8220520019531,0.2997204661369324,True,5
cam2,174,2,1146.173828125,293.54302978515625,0.1907477229833603,True,172.83311462402344,583.9132080078125,0.2950552999973297,True,-1
cam2,174,3,837.1644287109375,299.65966796875,0.1699489951133728,True,1001.4194946289062,381.0829772949219,0.23362207412719727,True,6
cam2,174,4,997.41796875,376.1414489746094,0.1306496411561966,True,897.1495361328125,457.05657958984375,0.17876791954040527,True,3
cam2,174,5,1220.3193359375,226.64385986328125,0.11202795058488846,True,998.8914184570312,290.0326232910156,0.1684134602546692,True,-1
cam2,174,6,710.3722534179688,375.6102294921875,0.09991320222616196,True,830.21142578125,305.3000793457031,0.16098009049892426,True,-1
cam2,174,7,689.5498657226562,186.4222869873047,0.09032770991325378,True,996.2908935546875,211.0784912109375,0.1601913720369339,True,-1
cam2,175,0,1001.9091796875,297.2981872558594,0.34775394201278687,True,934.912109375,339.9161682128906,0.31853270530700684,True,6
cam2,175,1,168.19622802734375,581.0067138671875,0.3007330596446991,True,186.2072296142578,650.1436157226562,0.2926119863986969,True,2
cam2,175,2,171.5001983642578,650.5972900390625,0.2701607346534729,True,168.34585571289062,583.442626953125,0.22953462600708008,True,1
cam2,175,3,1148.4150390625,294.3571472167969,0.20163507759571075,True,997.064453125,379.53564453125,0.19221530854701996,True,-1
cam2,175,4,846.4779052734375,299.44573974609375,0.15520109236240387,True,832.2772216796875,298.8393249511719,0.16455058753490448,True,4
cam2,175,5,89.95157623291016,640.1339111328125,0.13017457723617554,True,900.3472290039062,455.60467529296875,0.16314606368541718,True,-1
cam2,175,6,996.2512817382812,377.3262939453125,0.1206679493188858,True,999.3994140625,294.51287841796875,0.14420202374458313,True,3
cam2,175,7,1270.1962890625,368.3660888671875,0.11389119923114777,True,1233.0020751953125,206.34304809570312,0.12895230948925018,True,-1
cam2,176,0,85.22369384765625,635.3120727539062,0.440353125333786,True,84.81976318359375,637.427001953125,0.4519457221031189,True,0
cam2,176,1,999.0360107421875,292.7441101074219,0.3403557538986206,True,933.6057739257812,342.5714416503906,0.35533836483955383,True,-1
cam2,176,2,933.42919921875,343.7521667480469,0.22238940000534058,True,181.4985809326172,598.6602172851562,0.17010554671287537,True,1
cam2,176,3,1151.3321533203125,292.3276672363281,0.1855579912662506,True,897.8031005859375,456.8079833984375,0.15578670799732208,True,-1
cam2,176,4,932.59326171875,278.68182373046875,0.175758495926857,True,1236.5814208984375,203.2786865234375,0.15127527713775635,True,-1
cam2,176,5,181.5127410888672,591.2595825195312,0.17268499732017517,True,974.644287109375,247.6576385498047,0.13418704271316528,True,2
cam2,176,6,875.0958251953125,309.3083801269531,0.15501834452152252,True,687.6683959960938,376.0345458984375,0.1113678514957428,True,-1
cam2,176,7,165.80397033691406,649.441162109375,0.13401661813259125,True,842.429443359375,305.90869140625,0.10762061178684235,True,-1
cam2,177,0,54.55171585083008,657.2927856445312,0.4444916844367981,True,53.38140106201172,659.4110717773438,0.44459331035614014,True,0
cam2,177,1,1011.47119140625,292.1729736328125,0.2700929641723633,True,934.3179321289062,343.1858825683594,0.37867623567581177,True,-1
cam2,177,2,933.9449462890625,338.0640563964844,0.2356565296649933,True,905.03564453125,459.4525146484375,0.16365626454353333,True,1
cam2,177,3,933.9644775390625,277.8104553222656,0.19964180886745453,True,977.1155395507812,249.3568878173828,0.16099344193935394,True,-1
cam2,177,4,1150.414306640625,290.791015625,0.15513859689235687,True,182.07937622070312,614.228271484375,0.14778198301792145,True,-1
cam2,177,5,151.0489044189453,580.290283203125,0.12906384468078613,True,684.6904296875,370.60882568359375,0.1358264982700348,True,-1
cam2,177,6,153.9191436767578,621.126708984375,0.12008467316627502,True,1007.7698364257812,411.4151306152344,0.12823684513568878,True,-1
cam2,177,7,1264.8182373046875,372.1744689941406,0.11661396920681,True,848.2659301757812,372.1435852050781,0.1278330236673355,True,-1
cam2,178,0,75.47605895996094,629.2550048828125,0.5037381052970886,True,73.51639556884766,647.2948608398438,0.47951605916023254,True,0
cam2,178,1,934.426025390625,345.8011169433594,0.19397030770778656,True,149.0078887939453,594.9851684570312,0.28761929273605347,True,3
cam2,178,2,878.311767578125,309.2461242675781,0.16952557861804962,True,681.3688354492188,369.8138122558594,0.20131514966487885,True,-1
cam2,178,3,1030.5172119140625,290.56268310546875,0.1534707248210907,True,936.589599609375,349.971435546875,0.16697518527507782,True,-1
cam2,178,4,1252.51904296875,383.0339660644531,0.13605891168117523,True,1240.4271240234375,203.9415283203125,0.1577887237071991,True,-1
cam2,178,5,949.1625366210938,273.03662109375,0.12510421872138977,True,1418.7882080078125,272.7127990722656,0.11910650134086609,True,-1
cam2,178,6,1249.0252685546875,269.016845703125,0.10658852010965347,True,907.6753540039062,265.6522216796875,0.10999155789613724,True,-1
cam2,178,7,1199.3341064453125,209.41241455078125,0.10554394870996475,True,1363.941162109375,626.1837768554688,0.10876937210559845,True,-1
cam2,179,0,66.71971893310547,616.45751953125,0.6033255457878113,True,52.05730056762695,612.2005615234375,0.6431323289871216,True,0
cam2,179,1,937.020263671875,351.08544921875,0.17767907679080963,True,149.7820587158203,574.1774291992188,0.23710086941719055,True,3
cam2,179,2,1031.755615234375,294.68408203125,0.14657171070575714,True,162.8482666015625,642.1177978515625,0.20935498178005219,True,-1
cam2,179,3,885.6785278320312,309.2328796386719,0.13648560643196106,True,937.1572875976562,351.6235046386719,0.17609666287899017,True,-1
cam2,179,4,1251.98095703125,381.392822265625,0.13327056169509888,True,680.1992797851562,373.97296142578125,0.17268070578575134,True,-1
cam2,179,5,951.333984375,261.6587219238281,0.12688857316970825,True,1375.6068115234375,634.3270874023438,0.15116769075393677,True,-1
cam2,179,6,1205.3778076171875,204.03530883789062,0.11224129050970078,True,907.9318237304688,258.6119384765625,0.1281318962574005,True,-1
cam2,179,7,1242.6708984375,269.4234924316406,0.11059465259313583,True,1421.0250244140625,265.0465087890625,0.11838802695274353,True,-1
cam2,180,0,80.62958526611328,606.5001220703125,0.417767733335495,True,188.9650421142578,570.331787109375,0.39533093571662903,True,1
cam2,180,1,183.29550170898438,573.674072265625,0.3825286328792572,True,81.9007797241211,608.1842651367188,0.31508439779281616,True,0
cam2,180,2,933.2059936523438,356.22119140625,0.16649684309959412,True,928.26025390625,274.7958984375,0.1700279861688614,True,3
cam2,180,3,925.20849609375,254.5606689453125,0.12159187346696854,True,930.2999267578125,360.9842224121094,0.1595415621995926,True,-1
cam2,180,4,1253.247802734375,386.96160888671875,0.10471050441265106,True,678.7007446289062,372.1666564941406,0.14906619489192963,True,-1
cam2,180,5,1099.21728515625,280.5536804199219,0.09763963520526886,True,1382.8292236328125,637.2315063476562,0.1322851926088333,True,-1
cam2,180,6,1035.0748291015625,294.7574157714844,0.09387046843767166,True,1423.652587890625,263.6810302734375,0.10589299350976944,True,-1
cam2,180,7,1210.28515625,196.9405517578125,0.09092185646295547,True,1182.195068359375,277.2388000488281,0.09222240000963211,True,-1
cam2,181,0,215.1098175048828,552.912353515625,0.7003210783004761,True,218.0756378173828,563.3607177734375,0.6539934873580933,True,0
cam2,181,1,934.9375610351562,356.8788757324219,0.14880868792533875,True,931.1971435546875,276.7762756347656,0.2444486916065216,True,2
cam2,181,2,919.1472778320312,254.7715606689453,0.13303923606872559,True,926.63427734375,370.92498779296875,0.15945550799369812,True,-1
cam2,181,3,1092.294921875,276.3857727050781,0.12246054410934448,True,674.738525390625,377.97784423828125,0.14402565360069275,True,-1
cam2,181,4,1253.12158203125,406.71331787109375,0.1015566810965538,True,1386.1400146484375,640.88134765625,0.09570460021495819,True,5
cam2,181,5,1243.0904541015625,265.6487121582031,0.09147294610738754,True,1251.922607421875,411.1037292480469,0.09032198041677475,True,-1
cam2,181,6,136.7489013671875,637.4218139648438,0.0907253548502922,True,139.12490844726562,637.8275146484375,0.08897250890731812,True,6
cam2,181,7,832.3116455078125,300.9518127441406,0.08835949748754501,True,120.11337280273438,590.4234619140625,0.08563704043626785,True,-1
cam2,182,0,250.8923797607422,534.4732666015625,0.8708900213241577,True,251.60845947265625,533.8626098632812,0.8723301291465759,True,0
cam2,182,1,152.99603271484375,625.9400024414062,0.06732898950576782,True,921.8994750976562,282.8458557128906,0.1088692918419838,True,-1
cam2,182,2,110.89095306396484,623.6637573242188,0.0628543421626091,True,928.6199340820312,388.6673889160156,0.09290211647748947,True,-1
cam2,182,3,1681.5526123046875,376.7508239746094,0.055873431265354156,True,133.19065856933594,643.4686889648438,0.08641952276229858,True,-1
cam2,182,4,1264.3311767578125,227.49118041992188,0.046798817813396454,True,827.0657348632812,314.4075012207031,0.06672856211662292,True,-1
cam2,182,5,925.7244262695312,381.483642578125,0.04109489172697067,True,1347.1658935546875,614.6571044921875,0.058848876506090164,True,2
cam2,182,6,1257.02099609375,423.2164001464844,0.03821713104844093,True,1043.6903076171875,701.2789306640625,0.052010323852300644,True,7
cam2,182,7,1371.6302490234375,302.8703918457031,0.03632446750998497,True,1252.0269775390625,417.7998962402344,0.04324844852089882,True,-1
cam2,183,0,286.4533996582031,515.5408935546875,0.9155681729316711,True,285.6153869628906,516.4386596679688,0.9068384170532227,True,0
cam2,183,1,1687.2274169921875,379.8814392089844,0.06856729835271835,True,920.484619140625,277.3604736328125,0.12725690007209778,True,-1
cam2,183,2,1262.60693359375,223.3975372314453,0.048535097390413284,True,927.3406372070312,392.13885498046875,0.09196142107248306,True,-1
cam2,183,3,1043.9635009765625,284.9302062988281,0.03783085197210312,True,1354.60888671875,620.3318481445312,0.06844489276409149,True,-1
cam2,183,4,1372.7518310546875,302.2695007324219,0.03718792647123337,True,820.5672607421875,312.2960205078125,0.05334490165114403,True,-1
cam2,183,5,934.5672607421875,366.0578308105469,0.03545423597097397,True,1043.805419921875,703.3645629882812,0.04406307637691498,True,-1
cam2,183,6,1258.97607421875,422.24945068359375,0.029731977730989456,True,1251.8846435546875,423.7958679199219,0.0375337153673172,True,6
cam2,183,7,925.818359375,270.132080078125,0.027476925402879715,True,1265.7987060546875,203.60931396484375,0.03729166090488434,True,1
cam2,184,0,316.932373046875,500.3145751953125,0.9319277405738831,True,315.52203369140625,501.1766052246094,0.929245114326477,True,0
cam2,184,1,1259.9635009765625,229.91494750976562,0.06620418280363083,True,923.8474731445312,279.7451477050781,0.11838328093290329,True,5
cam2,184,2,1688.2254638671875,377.1636962890625,0.05376292020082474,True,1359.8536376953125,620.9308471679688,0.0996716320514679,True,-1
cam2,184,3,1039.4354248046875,284.2021179199219,0.04925447329878807,True,927.8270263671875,392.1654357910156,0.0788973718881607,True,-1
cam2,184,4,1363.31787109375,286.4715881347656,0.038439612835645676,True,1061.2952880859375,260.82305908203125,0.06461475789546967,True,-1
cam2,184,5,1376.1123046875,422.82659912109375,0.03723932430148125,True,1255.5616455078125,214.83335876464844,0.051502540707588196,True,-1
cam2,184,6,927.9690551757812,274.50665283203125,0.032767850905656815,True,819.6503295898438,315.95574951171875,0.04729994386434555,True,1
cam2,184,7,932.8875732421875,370.85772705078125,0.030205974355340004,True,1041.807861328125,703.3352661132812,0.04358731210231781,True,-1
cam2,185,0,343.5186767578125,490.43487548828125,0.9244658946990967,True,342.9696044921875,491.0499267578125,0.9250277876853943,True,0
cam2,185,1,1265.9207763671875,229.3801727294922,0.06326042115688324,True,1361.1090087890625,622.0447998046875,0.10181379318237305,True,4
cam2,185,2,1032.1356201171875,286.3302001953125,0.059769995510578156,True,931.425537109375,279.7938537597656,0.09120344370603561,True,-1
cam2,185,3,1373.5323486328125,426.0269775390625,0.04486072435975075,True,926.3570556640625,392.8303527832031,0.07504115998744965,True,-1
cam2,185,4,1358.27978515625,275.6053466796875,0.040735553950071335,True,1257.2508544921875,214.97845458984375,0.0718013271689415,True,-1
cam2,185,5,913.4307250976562,285.47784423828125,0.03555584326386452,True,953.720947265625,461.4714660644531,0.05552590265870094,True,2
cam2,185,6,1684.54833984375,375.9803771972656,0.0336485430598259,True,1066.5035400390625,263.6836853027344,0.04958871006965637,True,-1
cam2,185,7,241.78456115722656,549.7975463867188,0.03351336345076561,True,1044.169677734375,707.2175903320312,0.0404990091919899,True,-1
cam2,186,0,365.794921875,479.3678283691406,0.9237355589866638,True,364.8797607421875,480.76837158203125,0.9283358454704285,True,0
cam2,186,1,267.1082763671875,560.2095336914062,0.030673908069729805,True,1272.236572265625,225.54208374023438,0.060148678719997406,True,3
cam2,186,2,1257.63916015625,239.520751953125,0.028912942856550217,True,952.2365112304688,460.83709716796875,0.04432446509599686,True,-1
cam2,186,3,1686.3203125,375.0633544921875,0.024681879207491875,True,265.2432556152344,561.5477294921875,0.02931363694369793,True,-1
cam2,186,4,1361.589111328125,282.5163269042969,0.02286839298903942,True,438.5079345703125,391.2655944824219,0.02547651156783104,True,7
cam2,186,5,910.7153930664062,275.8389587402344,0.020769266411662102,True,925.6747436523438,383.92376708984375,0.021488875150680542,True,-1
cam2,186,6,924.5574951171875,384.1777648925781,0.02029239572584629,True,934.0010375976562,273.9342041015625,0.021131606772542,True,5
cam2,186,7,1918.4998779296875,1078.5,0.018034812062978745,True,1360.6021728515625,278.356201171875,0.020953360944986343,True,-1
cam2,187,0,389.2723388671875,469.4436340332031,0.9398288726806641,True,388.6861572265625,469.5323791503906,0.9306269288063049,True,0
cam2,187,1,1361.0128173828125,271.2726745605469,0.024264149367809296,True,1276.3590087890625,228.29498291015625,0.04724882170557976,True,-1
cam2,187,2,1670.9273681640625,380.22998046875,0.023793475702404976,True,952.32763671875,458.4324951171875,0.04012211412191391,True,-1
cam2,187,3,283.1740417480469,558.622802734375,0.023119213059544563,True,284.1048583984375,559.8773803710938,0.02436799556016922,True,3
cam2,187,4,1255.29150390625,241.5442352294922,0.019911663606762886,True,1919.0,11.023070335388184,0.0195450596511364,True,-1
cam2,187,5,1918.4998779296875,10.867691993713379,0.019184516742825508,True,0.0,18.71091079711914,0.017239587381482124,True,4
cam2,187,6,1604.12255859375,224.45538330078125,0.018597129732370377,True,1422.9771728515625,279.9936828613281,0.01685868389904499,True,-1
cam2,187,7,913.3275756835938,274.7956848144531,0.01698523759841919,True,928.8449096679688,389.8975524902344,0.01657623052597046,True,-1
cam2,188,0,409.69415283203125,464.0477600097656,0.9381973147392273,True,409.3174743652344,464.4658203125,0.9304459095001221,True,0
cam2,188,1,1360.2176513671875,268.55902099609375,0.025713134557008743,True,1274.1666259765625,234.6426544189453,0.052044060081243515,True,-1
cam2,188,2,1676.149169921875,381.5651550292969,0.024722127243876457,True,946.550537109375,458.7318115234375,0.025868836790323257,True,3
cam2,188,3,1254.7681884765625,254.4037322998047,0.024174753576517105,True,1682.27490234375,385.65869140625,0.023235317319631577,True,-1
cam2,188,4,284.4305114746094,561.199462890625,0.019439825788140297,True,924.8560180664062,394.4331359863281,0.019870691001415253,True,-1
cam2,188,5,1420.197509765625,276.9980773925781,0.01750328205525875,True,933.8037109375,353.2620849609375,0.018086722120642662,True,-1
cam2,188,6,924.022705078125,274.96466064453125,0.017474981024861336,True,1919.0,0.0,0.01765727810561657,True,-1
cam2,188,7,0.0,19.203216552734375,0.016629718244075775,True,1449.1072998046875,456.6402587890625,0.017075808718800545,True,-1
cam2,189,0,431.67584228515625,449.45037841796875,0.9299347996711731,True,432.0204162597656,450.312255859375,0.9299031496047974,True,0
cam2,189,1,316.4685363769531,545.911376953125,0.03368500620126724,True,1261.10498046875,247.46432495117188,0.047879863530397415,True,3
cam2,189,2,1684.52734375,379.7642517089844,0.022674011066555977,True,1680.3544921875,389.196533203125,0.02723289467394352,True,2
cam2,189,3,931.0289306640625,283.5401611328125,0.02142452448606491,True,316.9078674316406,548.1668090820312,0.0256948322057724,True,-1
cam2,189,4,1263.9276123046875,240.18313598632812,0.02069197967648506,True,934.4804077148438,356.73614501953125,0.02465064637362957,True,1
cam2,189,5,1918.4998779296875,0.0,0.01953728124499321,True,1054.663330078125,703.3646850585938,0.021678751334547997,True,7
cam2,189,6,1368.058349609375,262.19866943359375,0.01895565539598465,True,947.4718627929688,457.02508544921875,0.021187832579016685,True,-1
cam2,189,7,1633.24169921875,681.9896240234375,0.018043389543890953,True,1919.0,0.0,0.019327649846673012,True,-1
cam2,190,0,443.54217529296875,445.84478759765625,0.9139029383659363,True,447.1636657714844,443.1580505371094,0.9043518900871277,True,0
cam2,190,1,934.6856079101562,283.8141784667969,0.03210890665650368,True,1245.7239990234375,260.19378662109375,0.033642467111349106,True,4
cam2,190,2,933.328125,362.13336181640625,0.022960804402828217,True,1688.634521484375,378.26165771484375,0.03031724877655506,True,3
cam2,190,3,1235.127197265625,274.64959716796875,0.02224734053015709,True,935.5177001953125,352.8379211425781,0.029953433200716972,True,1
cam2,190,4,1676.6573486328125,374.8395080566406,0.020843755453824997,True,936.7265014648438,285.5213623046875,0.02581154555082321,True,2
cam2,190,5,307.3651428222656,519.4583129882812,0.01953570917248726,True,769.6024780273438,224.2930145263672,0.019858133047819138,True,-1
cam2,190,6,1918.4998779296875,1078.5,0.018234744668006897,True,653.3659057617188,459.29949951171875,0.019536955282092094,True,-1
cam2,190,7,0.0,18.279129028320312,0.017736148089170456,True,315.62261962890625,556.4971313476562,0.01888859272003174,True,-1
cam2,191,0,463.9239196777344,439.2006530761719,0.9399148225784302,True,465.09527587890625,437.0766296386719,0.9297494888305664,True,0
cam2,191,1,934.0070190429688,274.82330322265625,0.03292692080140114,True,1249.3775634765625,256.4653625488281,0.03426742181181908,True,4
cam2,191,2,1228.1341552734375,275.2937927246094,0.023049935698509216,True,933.474609375,355.8482360839844,0.0225202776491642,True,-1
cam2,191,3,1680.9390869140625,369.534423828125,0.02058505080640316,True,1690.2437744140625,378.76043701171875,0.02115003392100334,True,3
cam2,191,4,1918.4998779296875,8.84967041015625,0.019299933686852455,True,938.7247314453125,285.308837890625,0.021070200949907303,True,6
cam2,191,5,931.9733276367188,351.0054931640625,0.01925704814493656,True,1762.4512939453125,365.1507568359375,0.020748885348439217,True,2
cam2,191,6,926.0853271484375,400.33135986328125,0.019050903618335724,True,1919.0,11.750908851623535,0.019091499969363213,True,-1
cam2,191,7,1918.4998779296875,1078.5,0.017377683892846107,True,501.9039306640625,303.714599609375,0.018468717113137245,True,-1
cam2,192,0,478.45184326171875,433.91778564453125,0.922858476638794,True,480.0738830566406,433.2460632324219,0.9145225286483765,True,0
cam2,192,1,935.7465209960938,266.0257263183594,0.031113430857658386,True,1240.714599609375,260.3151550292969,0.037297531962394714,True,-1
cam2,192,2,925.263427734375,396.78692626953125,0.024900425225496292,True,936.6602783203125,374.8398742675781,0.027027131989598274,True,-1
cam2,192,3,1228.87158203125,278.1576232910156,0.02380039356648922,True,518.4000244140625,304.4814758300781,0.01991385966539383,True,-1
cam2,192,4,1605.5302734375,562.5609130859375,0.021257836371660233,True,994.1288452148438,347.1618347167969,0.019364934414625168,True,-1
cam2,192,5,288.588134765625,531.4579467773438,0.01870264858007431,True,840.9928588867188,261.862548828125,0.017186321318149567,True,-1
cam2,192,6,827.8690185546875,287.7911071777344,0.017572255805134773,True,1919.0,0.0,0.016899283975362778,True,-1
cam2,192,7,164.13433837890625,669.8462524414062,0.017076103016734123,True,0.0,21.548954010009766,0.01672099530696869,True,-1
cam2,193,0,492.1257629394531,432.98675537109375,0.900482714176178,True,494.8297424316406,431.46026611328125,0.8996576070785522,True,0
cam2,193,1,935.4232177734375,374.55780029296875,0.02987036481499672,True,1229.7969970703125,264.15478515625,0.033568158745765686,True,3
cam2,193,2,937.6036987304688,267.1602783203125,0.028182050213217735,True,507.90203857421875,317.7510986328125,0.03085867315530777,True,-1
cam2,193,3,1235.2125244140625,273.90521240234375,0.027090974152088165,True,935.2539672851562,375.16790771484375,0.028931444510817528,True,1
cam2,193,4,312.861328125,535.5320434570312,0.02085929363965988,True,546.1397705078125,185.01882934570312,0.02659660577774048,True,7
cam2,193,5,825.6666259765625,289.5478210449219,0.019731437787413597,True,902.385986328125,256.6954345703125,0.020473508164286613,True,6
cam2,193,6,1607.77490234375,559.7979736328125,0.018437206745147705,True,825.632568359375,286.421142578125,0.020225664600729942,True,-1
cam2,193,7,165.92398071289062,666.9039306640625,0.018339915201067924,True,314.3461608886719,536.0753784179688,0.019636370241642,True,-1
cam2,194,0,508.3820495605469,422.1416015625,0.8762445449829102,True,506.6185607910156,420.7715148925781,0.8540069460868835,True,0
cam2,194,1,933.0205078125,367.66680908203125,0.047038573771715164,True,932.2223510742188,368.96099853515625,0.05542614683508873,True,1
cam2,194,2,314.6900329589844,551.8770751953125,0.02255014330148697,True,894.7579345703125,257.546875,0.04304293915629387,True,7
cam2,194,3,1238.8341064453125,262.0305480957031,0.019560212269425392,True,1043.20166015625,296.7301940917969,0.033301614224910736,True,-1
cam2,194,4,1033.4183349609375,292.3690185546875,0.01841353252530098,True,507.69317626953125,319.4894104003906,0.030633410438895226,True,3
cam2,194,5,782.3782958984375,197.072998046875,0.01812030002474785,True,573.6873779296875,259.0609130859375,0.025478996336460114,True,6
cam2,194,6,1918.4998779296875,1078.5,0.017788918688893318,True,768.7937622070312,208.42909240722656,0.02190525270998478,True,-1
cam2,194,7,0.0,16.876733779907227,0.017536573112010956,True,314.9880676269531,555.1339721679688,0.021140629425644875,True,-1
cam2,195,0,523.0000610351562,419.531982421875,0.8915830254554749,True,523.1571655273438,419.9324035644531,0.8690815567970276,True,0
cam2,195,1,932.9492797851562,370.4864196777344,0.040779754519462585,True,930.8843383789062,367.046630859375,0.05310861021280289,True,1
cam2,195,2,1037.944580078125,291.87109375,0.021937904879450798,True,1042.956298828125,295.4932556152344,0.031061986461281776,True,2
cam2,195,3,1918.4998779296875,0.0,0.020581388846039772,True,896.817626953125,259.80950927734375,0.029934220016002655,True,6
cam2,195,4,771.7575073242188,198.1486358642578,0.018031543120741844,True,513.730712890625,312.9539794921875,0.02764759585261345,True,7
cam2,195,5,516.4454345703125,305.65203857421875,0.017783937975764275,True,574.1368408203125,265.1827087402344,0.02252400480210781,True,4
cam2,195,6,1918.4998779296875,1078.5,0.01715972274541855,True,1919.0,0.0,0.019416607916355133,True,-1
cam2,195,7,0.0,20.07434844970703,0.01675262674689293,True,767.440185546875,202.51344299316406,0.01935667172074318,True,-1
cam2,196,0,535.8023071289062,419.2393798828125,0.889851450920105,True,536.9984741210938,419.1976013183594,0.8630538582801819,True,0
cam2,196,1,933.693603515625,368.63037109375,0.04671717807650566,True,932.07373046875,369.79498291015625,0.0624520406126976,True,1
cam2,196,2,1036.03076171875,293.70196533203125,0.022614169865846634,True,1040.993408203125,294.4018249511719,0.029941260814666748,True,2
cam2,196,3,769.6605834960938,201.1503143310547,0.020720547065138817,True,543.8634033203125,310.79620361328125,0.02684100531041622,True,6
cam2,196,4,258.0616455078125,529.9591064453125,0.020618446171283722,True,917.9290161132812,281.16357421875,0.02656998112797737,True,5
cam2,196,5,525.8533935546875,305.93048095703125,0.018407806754112244,True,257.0541687011719,529.6517333984375,0.023370645940303802,True,3
cam2,196,6,948.2627563476562,251.808837890625,0.017205001786351204,True,768.1424560546875,205.98374938964844,0.02110632136464119,True,-1
cam2,196,7,0.0,18.78485870361328,0.017023080959916115,True,1371.9552001953125,629.2575073242188,0.01872224174439907,True,-1
cam2,197,0,545.2511596679688,418.3825378417969,0.8690847158432007,True,546.4530639648438,419.10028076171875,0.8349394798278809,True,0
cam2,197,1,931.3500366210938,364.5926208496094,0.0429365411400795,True,933.9579467773438,373.7283020019531,0.061451055109500885,True,1
cam2,197,2,1027.69140625,295.55084228515625,0.03142721205949783,True,572.6912841796875,308.6385803222656,0.03911229223012924,True,4
cam2,197,3,571.9053955078125,308.9731750488281,0.0218285471200943,True,937.6677856445312,286.1706237792969,0.0332481749355793,True,2
cam2,197,4,1100.58642578125,272.70538330078125,0.020995890721678734,True,1032.315673828125,292.5022888183594,0.03226573020219803,True,-1
cam2,197,5,245.37088012695312,526.3812255859375,0.019513988867402077,True,244.76219177246094,526.9057006835938,0.02614937350153923,True,5
cam2,197,6,1353.8372802734375,277.32427978515625,0.019416138529777527,True,865.4169921875,286.9441833496094,0.02548687718808651,True,-1
cam2,197,7,1918.4998779296875,1078.5,0.017564577981829643,True,1367.653076171875,626.73974609375,0.022373773157596588,True,-1
cam2,198,0,557.1219482421875,409.5757751464844,0.7968039512634277,True,561.5332641601562,415.6562805175781,0.5939531326293945,True,0
cam2,198,1,934.4607543945312,383.0698547363281,0.07734356075525284,True,928.025390625,407.78021240234375,0.16415293514728546,True,-1
cam2,198,2,949.705078125,276.35955810546875,0.05268120765686035,True,926.8771362304688,456.1188049316406,0.1388678252696991,True,3
cam2,198,3,1024.7918701171875,300.51068115234375,0.04719754680991173,True,950.885498046875,278.81378173828125,0.07736475765705109,True,-1
cam2,198,4,574.7886962890625,301.1404113769531,0.03696421906352043,True,573.9268188476562,309.0490417480469,0.062486547976732254,True,4
cam2,198,5,1269.4766845703125,231.0047607421875,0.03599745035171509,True,826.7920532226562,294.6322021484375,0.05175382271409035,True,-1
cam2,198,6,245.98007202148438,532.66845703125,0.030349107459187508,True,834.8971557617188,367.4899597167969,0.04933655261993408,True,-1
cam2,198,7,840.1653442382812,285.3659973144531,0.025744840502738953,True,1104.5069580078125,289.4512634277344,0.044919028878211975,True,5
cam2,199,0,568.9722900390625,405.81329345703125,0.8104796409606934,True,571.6552734375,404.24761962890625,0.6462633609771729,True,0
cam2,199,1,935.596435546875,380.2602844238281,0.07896027714014053,True,929.9605102539062,402.9258117675781,0.15114344656467438,True,-1
cam2,199,2,943.682861328125,272.3679504394531,0.057788748294115067,True,921.3687744140625,456.652099609375,0.14911818504333496,True,-1
cam2,199,3,574.2844848632812,300.269775390625,0.04916464909911156,True,960.1115112304688,286.4944763183594,0.06456553936004639,True,4
cam2,199,4,1026.68896484375,299.9342346191406,0.04862937331199646,True,573.70263671875,304.7254943847656,0.06439479440450668,True,5
cam2,199,5,1255.077392578125,244.9470672607422,0.037630844861269,True,1011.0814208984375,293.9903564453125,0.061679549515247345,True,-1
cam2,199,6,230.15655517578125,536.2620239257812,0.03672538697719574,True,1366.95751953125,627.9589233398438,0.05366375297307968,True,-1
cam2,199,7,829.6588745117188,289.05560302734375,0.029974719509482384,True,822.6666870117188,285.45318603515625,0.05083120986819267,True,7
cam2,200,0,574.5203857421875,402.215576171875,0.7800192832946777,True,582.22216796875,402.7888488769531,0.6535197496414185,True,0
cam2,200,1,932.1837158203125,378.21038818359375,0.08611834794282913,True,917.9825439453125,459.060302734375,0.15675334632396698,True,2
cam2,200,2,941.4396362304688,266.9048767089844,0.07053004950284958,True,932.11083984375,376.7353515625,0.12958809733390808,True,-1
cam2,200,3,1028.1600341796875,294.0997619628906,0.06748770922422409,True,572.9248657226562,300.69195556640625,0.07772746682167053,True,4
cam2,200,4,577.390380859375,299.94696044921875,0.056525204330682755,True,1023.3412475585938,292.1575927734375,0.07580503076314926,True,3
cam2,200,5,219.77667236328125,546.1506958007812,0.05117713660001755,True,1362.1614990234375,624.508544921875,0.07226087898015976,True,-1
cam2,200,6,998.9425659179688,542.317138671875,0.047232531011104584,True,999.3834838867188,541.8968505859375,0.06749977916479111,True,6
cam2,200,7,1247.5889892578125,251.8830108642578,0.04380495473742485,True,955.029052734375,286.92498779296875,0.06680768728256226,True,-1
cam2,201,0,584.960205078125,402.44061279296875,0.7955443859100342,True,585.3912353515625,402.1368103027344,0.6791936159133911,True,0
cam2,201,1,203.01181030273438,545.494140625,0.08401702344417572,True,913.0048217773438,459.606201171875,0.18985794484615326,True,3
cam2,201,2,1029.4710693359375,292.1380920410156,0.08303610980510712,True,931.8328857421875,387.6820068359375,0.13426414132118225,True,4
cam2,201,3,934.2107543945312,378.9480285644531,0.08158720284700394,True,203.29493713378906,545.803955078125,0.09327541291713715,True,2
cam2,201,4,936.4541015625,261.3685607910156,0.06837690621614456,True,1028.5413818359375,288.9553527832031,0.08616051077842712,True,-1
cam2,201,5,580.9793090820312,293.4532775878906,0.04817047342658043,True,1361.2298583984375,623.0576171875,0.07851891964673996,True,7
cam2,201,6,1253.3670654296875,247.07667541503906,0.04420551657676697,True,968.1286010742188,287.9067077636719,0.07438763231039047,True,-1
cam2,201,7,998.460205078125,539.2525634765625,0.04311925172805786,True,571.7557983398438,297.419677734375,0.06733763217926025,True,-1
cam2,202,0,596.8106079101562,403.1653747558594,0.8129026293754578,True,598.7674560546875,403.37109375,0.572500467300415,True,0
cam2,202,1,195.83697509765625,544.316162109375,0.12968547642230988,True,914.3867797851562,458.5989685058594,0.26224851608276367,True,3
cam2,202,2,918.9261474609375,278.26275634765625,0.11515691131353378,True,932.1931762695312,355.081298828125,0.17887480556964874,True,-1
cam2,202,3,933.636474609375,374.41693115234375,0.08925575017929077,True,195.4925537109375,543.1758422851562,0.17668162286281586,True,2
cam2,202,4,1029.2227783203125,291.7568054199219,0.0681038573384285,True,979.1184692382812,288.1918029785156,0.1342363804578781,True,-1
cam2,202,5,1253.898193359375,249.0270233154297,0.05347038060426712,True,822.1141967773438,278.0027160644531,0.09341902285814285,True,7
cam2,202,6,770.1016235351562,209.12725830078125,0.05154704675078392,True,771.6710815429688,202.09288024902344,0.08179441094398499,True,6
cam2,202,7,911.166259765625,459.7918395996094,0.050280071794986725,True,1256.2999267578125,244.48255920410156,0.07040359824895859,True,1
cam2,203,0,601.1849975585938,400.9287414550781,0.7759063839912415,True,598.6383666992188,399.52252197265625,0.573174774646759,True,0
cam2,203,1,177.57896423339844,552.43505859375,0.17233937978744507,True,906.8463745117188,457.8765563964844,0.24840843677520752,True,2
cam2,203,2,921.088623046875,277.7455139160156,0.11254863440990448,True,183.238525390625,547.1513671875,0.21970224380493164,True,-1
cam2,203,3,932.3480224609375,362.90582275390625,0.08792749792337418,True,934.0645141601562,353.4419250488281,0.18553981184959412,True,3
cam2,203,4,773.3661499023438,200.4432373046875,0.05979989841580391,True,979.8017578125,285.184326171875,0.1356186419725418,True,6
cam2,203,5,1026.7054443359375,289.54815673828125,0.05851462483406067,True,824.57080078125,301.82763671875,0.09799858927726746,True,-1
cam2,203,6,1149.5755615234375,251.91812133789062,0.04924163594841957,True,770.2369384765625,199.2879180908203,0.0888056680560112,True,-1
cam2,203,7,1250.901123046875,250.14793395996094,0.047317031770944595,True,997.4630737304688,207.6867218017578,0.05720967426896095,True,-1
cam2,204,0,611.2872314453125,403.71533203125,0.7732997536659241,True,612.67529296875,404.54840087890625,0.5926417708396912,True,0
cam2,204,1,165.4092559814453,551.816650390625,0.19317461550235748,True,168.59959411621094,550.0214233398438,0.282467246055603,True,1
cam2,204,2,923.1373901367188,276.8042907714844,0.1348625123500824,True,908.3236083984375,459.6727600097656,0.21599596738815308,True,-1
cam2,204,3,932.433837890625,362.4698181152344,0.08587432652711868,True,934.3494262695312,362.7394714355469,0.19639918208122253,True,3
cam2,204,4,1023.9259643554688,290.20880126953125,0.05268607661128044,True,968.6104736328125,285.3813781738281,0.15128172934055328,True,-1
cam2,204,5,774.78662109375,203.55145263671875,0.049353741109371185,True,821.1444091796875,305.7012023925781,0.12925957143306732,True,6
cam2,204,6,1150.721923828125,247.4443817138672,0.04638249799609184,True,767.5450439453125,199.96083068847656,0.08153030276298523,True,-1
cam2,204,7,1255.5565185546875,251.0684051513672,0.04026917740702629,True,682.4537353515625,288.2388610839844,0.06516797095537186,True,-1
cam2,205,0,614.792236328125,403.4551696777344,0.7594612240791321,True,614.9098510742188,404.3522033691406,0.577591598033905,True,0
cam2,205,1,165.52822875976562,563.6204223632812,0.21543289721012115,True,166.442626953125,565.4116821289062,0.29389649629592896,True,1
cam2,205,2,928.7781372070312,279.5771789550781,0.12572914361953735,True,936.353759765625,365.62176513671875,0.22766803205013275,True,4
cam2,205,3,930.0880737304688,374.3441162109375,0.08824349194765091,True,911.5733642578125,457.5743408203125,0.1950336992740631,True,2
cam2,205,4,777.6375732421875,207.12692260742188,0.05370255932211876,True,944.3056640625,288.5740661621094,0.14810538291931152,True,-1
cam2,205,5,1162.65966796875,249.73863220214844,0.04443350434303284,True,825.943115234375,308.6088562011719,0.1221865639090538,True,-1
cam2,205,6,674.1161499023438,193.130615234375,0.041571274399757385,True,672.8983154296875,183.9920196533203,0.07080274075269699,True,6
cam2,205,7,1265.75390625,249.09194946289062,0.03988930210471153,True,570.2208251953125,280.49114990234375,0.06470978260040283,True,-1
cam2,206,0,627.4033203125,402.552490234375,0.5108356475830078,True,621.4736328125,394.6201171875,0.3189396262168884,True,0
cam2,206,1,938.8594970703125,368.1131286621094,0.1862117499113083,True,940.1619873046875,361.9419860839844,0.2513808608055115,True,1
cam2,206,2,153.81509399414062,566.1728515625,0.1421474665403366,True,944.4556274414062,286.62042236328125,0.21567419171333313,True,4
cam2,206,3,942.5311889648438,277.14984130859375,0.13482540845870972,True,676.3290405273438,178.70289611816406,0.17876112461090088,True,2
cam2,206,4,669.9220581054688,180.74169921875,0.13222326338291168,True,154.37208557128906,570.3278198242188,0.1626003384590149,True,3
cam2,206,5,1005.0746459960938,230.69483947753906,0.11689607053995132,True,840.4560546875,315.0743103027344,0.1521730124950409,True,-1
cam2,206,6,848.9744873046875,320.1459045410156,0.08898673951625824,True,1102.2762451171875,279.9905700683594,0.09730671346187592,True,5
cam2,206,7,1229.174560546875,287.5768737792969,0.08679354190826416,True,1234.296875,276.4796447753906,0.09468478709459305,True,7
cam2,207,0,625.1177368164062,396.2644348144531,0.5491048693656921,True,622.8840942382812,396.3565368652344,0.3685827851295471,True,0
cam2,207,1,942.2321166992188,354.60162353515625,0.1911165416240692,True,945.096435546875,352.0345764160156,0.27478936314582825,True,1
cam2,207,2,969.4341430664062,287.9037780761719,0.14310988783836365,True,949.0234985351562,293.08648681640625,0.17791514098644257,True,-1
cam2,207,3,689.2039184570312,176.15182495117188,0.1316630244255066,True,851.241455078125,312.7755126953125,0.16181354224681854,True,4
cam2,207,4,156.88999938964844,565.8898315429688,0.11315930634737015,True,685.2920532226562,171.2869110107422,0.15978144109249115,True,5
cam2,207,5,997.9419555664062,229.2686767578125,0.11307907104492188,True,158.8231964111328,565.4209594726562,0.10927341878414154,True,-1
cam2,207,6,852.12060546875,306.3760681152344,0.09847397357225418,True,1113.8424072265625,274.20794677734375,0.0967579111456871,True,3
cam2,207,7,1231.2557373046875,284.93548583984375,0.08972850441932678,True,913.3892822265625,458.0482482910156,0.07922522723674774,True,-1
cam2,208,0,635.7833862304688,404.3680114746094,0.5231266617774963,True,632.465087890625,398.9156494140625,0.3628431558609009,True,0
cam2,208,1,944.781982421875,353.86871337890625,0.21305756270885468,True,945.5839233398438,349.53125,0.30060285329818726,True,1
cam2,208,2,700.3499145507812,170.54598999023438,0.14946092665195465,True,699.3670043945312,164.30364990234375,0.17228397727012634,True,2
cam2,208,3,1228.0325927734375,287.991943359375,0.11549944430589676,True,849.6132202148438,307.4977722167969,0.1183866634964943,True,-1
cam2,208,4,849.66748046875,305.0052185058594,0.10146532952785492,True,1221.927978515625,217.7850341796875,0.10511647909879684,True,3
cam2,208,5,144.91183471679688,563.0377197265625,0.09212566167116165,True,148.35467529296875,583.9176025390625,0.09603343158960342,True,-1
cam2,208,6,1120.9287109375,258.015625,0.07070444524288177,True,1116.2978515625,272.8939514160156,0.08449611067771912,True,6
cam2,208,7,774.1228637695312,207.8842010498047,0.047027405351400375,True,770.1414184570312,209.63394165039062,0.08093909919261932,True,7
cam2,209,0,639.1615600585938,394.7935485839844,0.49512630701065063,True,637.0767822265625,393.2956848144531,0.3630978763103485,True,0
cam2,209,1,938.3071899414062,351.8622741699219,0.2299441248178482,True,941.9996337890625,349.54522705078125,0.2846218943595886,True,1
cam2,209,2,696.4655151367188,167.0460205078125,0.1708446592092514,True,697.4270629882812,165.32373046875,0.20176997780799866,True,2
cam2,209,3,1230.694091796875,289.8627014160156,0.11856263130903244,True,770.9205322265625,213.65252685546875,0.10516298562288284,True,-1
cam2,209,4,956.7518310546875,256.7317810058594,0.11050084233283997,True,855.4310913085938,305.767822265625,0.09999459981918335,True,7
cam2,209,5,851.9197998046875,296.31103515625,0.08586957305669785,True,1023.209716796875,227.76263427734375,0.09346426278352737,True,4
cam2,209,6,1122.07275390625,256.9305725097656,0.07049456238746643,True,1221.7083740234375,220.8138427734375,0.08967719227075577,True,-1
cam2,209,7,802.46337890625,365.9424133300781,0.06250245869159698,True,963.92529296875,257.4146728515625,0.08591475337743759,True,-1
cam2,210,0,949.2662353515625,348.45465087890625,0.3172074854373932,True,951.522216796875,345.262939453125,0.3370683491230011,True,0
cam2,210,1,644.2905883789062,399.064453125,0.2834087312221527,True,644.5696411132812,398.7217102050781,0.2053477168083191,True,1
cam2,210,2,944.4375,260.39898681640625,0.15550781786441803,True,692.1751098632812,178.45492553710938,0.16140668094158173,True,3
cam2,210,3,1107.0157470703125,284.4952087402344,0.14319463074207306,True,948.1409301757812,243.9816131591797,0.14915625751018524,True,-1
cam2,210,4,816.4115600585938,277.66680908203125,0.1378011554479599,True,854.0444946289062,310.3119201660156,0.14312836527824402,True,-1
cam2,210,5,686.8943481445312,180.2985076904297,0.13131457567214966,True,1024.351806640625,219.69515991210938,0.10710741579532623,True,2
cam2,210,6,1241.8284912109375,276.8022766113281,0.1273760199546814,True,1029.918212890625,465.7082824707031,0.09933234006166458,True,-1
cam2,210,7,1029.042236328125,289.6518859863281,0.1221761554479599,True,775.0474853515625,216.90899658203125,0.08710209280252457,True,-1
cam2,211,0,952.1077270507812,352.23358154296875,0.34178006649017334,True,951.4960327148438,353.0827331542969,0.35193994641304016,True,0
cam2,211,1,652.1737060546875,398.6166687011719,0.31152915954589844,True,650.7472534179688,399.12939453125,0.20013289153575897,True,1
cam2,211,2,948.2211303710938,259.152587890625,0.1731075942516327,True,852.4616088867188,308.9090881347656,0.1841820925474167,True,5
cam2,211,3,1103.220703125,265.2107238769531,0.15943843126296997,True,692.893310546875,181.06980895996094,0.16217327117919922,True,-1
cam2,211,4,690.4741821289062,184.2550811767578,0.1341448277235031,True,896.5972900390625,460.42083740234375,0.15046776831150055,True,3
cam2,211,5,818.2543334960938,279.0179138183594,0.13155455887317657,True,950.5977783203125,248.3941192626953,0.13584987819194794,True,-1
cam2,211,6,1030.229736328125,294.5565490722656,0.11993981897830963,True,1023.1199340820312,218.4165496826172,0.11455634236335754,True,-1
cam2,211,7,1242.9869384765625,276.6999206542969,0.10401313751935959,True,772.8485107421875,215.19345092773438,0.10222449153661728,True,-1
cam2,212,0,950.8338623046875,354.92718505859375,0.3322388231754303,True,953.4885864257812,354.8768615722656,0.3512629270553589,True,0
cam2,212,1,657.3892211914062,402.30975341796875,0.2951847314834595,True,848.6644287109375,308.4912414550781,0.19497784972190857,True,3
cam2,212,2,947.0612182617188,268.4298400878906,0.18087774515151978,True,1010.6483764648438,288.8035583496094,0.189616397023201,True,-1
cam2,212,3,1094.9564208984375,259.9939880371094,0.18071267008781433,True,654.4165649414062,402.51776123046875,0.18173199892044067,True,-1
cam2,212,4,1028.0250244140625,294.8110046386719,0.1373705267906189,True,688.8577270507812,177.84423828125,0.15181571245193481,True,2
cam2,212,5,690.564697265625,179.65533447265625,0.12801134586334229,True,941.7210083007812,247.6287078857422,0.1362035572528839,True,4
cam2,212,6,822.2783813476562,287.7853088378906,0.1127844974398613,True,897.6777954101562,459.8354187011719,0.12054242193698883,True,-1
cam2,212,7,997.0553588867188,204.47445678710938,0.09945423901081085,True,1020.557861328125,218.13169860839844,0.1157742291688919,True,-1
cam2,213,0,951.2359619140625,355.2857360839844,0.33238521218299866,True,948.324951171875,370.1505432128906,0.34658652544021606,True,0
cam2,213,1,655.306640625,401.69970703125,0.29292914271354675,True,999.638916015625,287.7930908203125,0.1805707961320877,True,2
cam2,213,2,1098.5567626953125,257.0437927246094,0.17080534994602203,True,655.4954223632812,402.6187744140625,0.16997718811035156,True,-1
cam2,213,3,946.8710327148438,273.22882080078125,0.14986401796340942,True,846.3748168945312,311.11956787109375,0.16650830209255219,True,-1
cam2,213,4,1028.3660888671875,302.5915832519531,0.14202822744846344,True,896.7914428710938,456.54034423828125,0.11953885853290558,True,-1
cam2,213,5,698.2531127929688,171.70037841796875,0.10078169405460358,True,682.61767578125,191.55667114257812,0.10575586557388306,True,-1
cam2,213,6,1246.9805908203125,260.9442443847656,0.09324975311756134,True,1002.7052612304688,193.55062866210938,0.096287801861763,True,-1
cam2,213,7,832.3524780273438,299.9718322753906,0.09270743280649185,True,1024.4278564453125,460.7900390625,0.09304721653461456,True,3
cam2,214,0,664.6799926757812,404.5848083496094,0.7118012309074402,True,663.6796264648438,405.89501953125,0.32249391078948975,True,0
cam2,214,1,953.7615356445312,367.67047119140625,0.1815628707408905,True,951.57666015625,372.4997253417969,0.2474564164876938,True,1
cam2,214,2,1009.0681762695312,293.584228515625,0.13088345527648926,True,952.4041748046875,302.3810119628906,0.20764471590518951,True,-1
cam2,214,3,1100.513916015625,264.86688232421875,0.1028268039226532,True,917.7329711914062,463.4228210449219,0.16666235029697418,True,-1
cam2,214,4,703.7509765625,166.01646423339844,0.08664796501398087,True,705.2869262695312,165.93197631835938,0.13626518845558167,True,4
cam2,214,5,869.0143432617188,225.8324737548828,0.08419103920459747,True,850.8130493164062,240.34201049804688,0.11829562485218048,True,-1
cam2,214,6,1251.7401123046875,257.18902587890625,0.07374028116464615,True,834.8948364257812,310.0257568359375,0.08772262185811996,True,-1
cam2,214,7,665.6585693359375,280.7080383300781,0.03606641665101051,True,1333.1055908203125,341.2882080078125,0.07110868394374847,True,-1
cam2,215,0,669.3192138671875,407.26898193359375,0.746489942073822,True,665.805908203125,405.0918273925781,0.37794652581214905,True,0
cam2,215,1,960.2718505859375,355.7256774902344,0.17741858959197998,True,953.0467529296875,372.4239807128906,0.2553209662437439,True,1
cam2,215,2,1009.9072875976562,295.741455078125,0.14670239388942719,True,954.871337890625,302.3360290527344,0.18019680678844452,True,-1
cam2,215,3,699.3585205078125,168.97740173339844,0.10837473720312119,True,923.0059204101562,462.7872009277344,0.18016423285007477,True,4
cam2,215,4,1112.201171875,276.4128112792969,0.08713103085756302,True,703.224609375,163.3209991455078,0.13173983991146088,True,-1
cam2,215,5,1253.2684326171875,245.44627380371094,0.07422429323196411,True,846.4199829101562,237.50827026367188,0.09365072846412659,True,-1
cam2,215,6,864.5524291992188,222.9613494873047,0.0696745216846466,True,1016.4774780273438,229.34414672851562,0.08274819701910019,True,-1
cam2,215,7,844.91796875,313.58929443359375,0.05817455053329468,True,840.4541015625,307.45941162109375,0.07700654119253159,True,7
cam2,216,0,674.5541381835938,405.6640930175781,0.7495661377906799,True,668.8568725585938,402.3564758300781,0.4320615530014038,True,0
cam2,216,1,953.0155029296875,379.5050048828125,0.1906527429819107,True,955.0667724609375,377.5513916015625,0.2662144899368286,True,1
cam2,216,2,1005.1275024414062,297.0081481933594,0.1269640028476715,True,926.4609375,456.81927490234375,0.22701407968997955,True,-1
cam2,216,3,704.5551147460938,167.73255920410156,0.1052551418542862,True,705.2235717773438,166.4096221923828,0.18147937953472137,True,3
cam2,216,4,1115.233154296875,266.1573181152344,0.08361522108316422,True,957.354248046875,289.09869384765625,0.13882991671562195,True,-1
cam2,216,5,839.5059814453125,309.6185302734375,0.07610568404197693,True,831.99560546875,306.38848876953125,0.09390177577733994,True,5
cam2,216,6,1250.9151611328125,255.40016174316406,0.0689864307641983,True,846.3108520507812,244.51271057128906,0.0786704570055008,True,-1
cam2,216,7,867.5323486328125,227.41505432128906,0.0601097010076046,True,1177.966552734375,272.30279541015625,0.069154292345047,True,-1
cam2,217,0,687.7578125,408.80975341796875,0.7247256636619568,True,672.08056640625,402.4693298339844,0.37511977553367615,True,0
cam2,217,1,964.0336303710938,285.01739501953125,0.17464016377925873,True,963.09033203125,366.2200927734375,0.2779390215873718,True,-1
cam2,217,2,950.7890625,377.2850036621094,0.1697639673948288,True,925.285888671875,458.57427978515625,0.25944072008132935,True,1
cam2,217,3,832.3862915039062,310.38714599609375,0.11305401474237442,True,705.6782836914062,163.8238067626953,0.18794335424900055,True,5
cam2,217,4,706.5123291015625,167.35733032226562,0.09732795506715775,True,944.7880859375,269.73297119140625,0.14069359004497528,True,3
cam2,217,5,1115.380126953125,261.4287109375,0.0633518174290657,True,841.1508178710938,319.38031005859375,0.10119328647851944,True,-1
cam2,217,6,1249.8621826171875,257.66400146484375,0.06176338344812393,True,775.0648803710938,199.73956298828125,0.09206882864236832,True,-1
cam2,217,7,668.9222412109375,283.34576416015625,0.05850493535399437,True,1204.18701171875,270.56524658203125,0.06973889470100403,True,-1
cam2,218,0,689.7280883789062,411.01226806640625,0.7620089054107666,True,690.368408203125,411.6290588378906,0.6738304495811462,True,0
cam2,218,1,952.74169921875,375.7742614746094,0.12701810896396637,True,954.9131469726562,375.3924560546875,0.17176112532615662,True,1
cam2,218,2,962.719970703125,281.3695983886719,0.12306270748376846,True,932.3163452148438,456.37115478515625,0.1705760955810547,True,5
cam2,218,3,704.1829833984375,165.42701721191406,0.11574696004390717,True,702.9317626953125,164.561767578125,0.1523410975933075,True,3
cam2,218,4,778.3714599609375,211.77291870117188,0.09824451804161072,True,1030.58740234375,302.2217712402344,0.09140978008508682,True,-1
cam2,218,5,1105.7391357421875,270.0021057128906,0.08353928476572037,True,953.0604858398438,268.8176574707031,0.07300277054309845,True,-1
cam2,218,6,1027.3427734375,295.71331787109375,0.07424259185791016,True,692.4815673828125,298.6153564453125,0.07004474848508835,True,4
cam2,218,7,837.0899047851562,317.73663330078125,0.05678222328424454,True,1134.690185546875,262.6273193359375,0.06860863417387009,True,-1
cam2,219,0,692.5066528320312,419.0663757324219,0.7329021692276001,True,690.3324584960938,418.30419921875,0.6330632567405701,True,0
cam2,219,1,958.348388671875,361.77001953125,0.12106117606163025,True,960.4478759765625,365.2598876953125,0.18255126476287842,True,1
cam2,219,2,698.7528076171875,168.38597106933594,0.1188468188047409,True,925.6578369140625,453.64178466796875,0.15707805752754211,True,3
cam2,219,3,965.2509765625,281.099609375,0.1110542044043541,True,703.5242919921875,165.4812774658203,0.15566036105155945,True,-1
cam2,219,4,1102.4822998046875,271.0165100097656,0.0952310711145401,True,1105.65185546875,281.0268859863281,0.09439662843942642,True,4
cam2,219,5,781.1549682617188,199.4969024658203,0.09210853278636932,True,944.6859130859375,279.13824462890625,0.08047576993703842,True,-1
cam2,219,6,1032.340576171875,300.2278137207031,0.0723884254693985,True,1083.772216796875,404.5748596191406,0.07465291023254395,True,7
cam2,219,7,1205.0272216796875,194.95632934570312,0.05550234764814377,True,1034.36474609375,304.8877868652344,0.07061629742383957,True,-1
cam2,220,0,686.9160766601562,421.97216796875,0.6411681771278381,True,686.2349243164062,426.4048156738281,0.5344808101654053,True,0
cam2,220,1,961.7506713867188,361.27655029296875,0.12176328897476196,True,962.3746337890625,364.7627868652344,0.17706739902496338,True,1
cam2,220,2,774.8328247070312,194.80520629882812,0.10399521142244339,True,706.2097778320312,166.87600708007812,0.1473049372434616,True,-1
cam2,220,3,1099.1068115234375,277.5419616699219,0.10002019256353378,True,926.72900390625,452.1522216796875,0.11547145992517471,True,4
cam2,220,4,967.5348510742188,277.0850524902344,0.09341243654489517,True,1110.1678466796875,281.3385314941406,0.10523957759141922,True,-1
cam2,220,5,703.1577758789062,164.56948852539062,0.08700430393218994,True,1087.516357421875,404.14776611328125,0.08725456148386002,True,2
cam2,220,6,1034.812255859375,303.8633728027344,0.06726643443107605,True,943.27197265625,277.9151306152344,0.07208411395549774,True,-1
cam2,220,7,1206.190185546875,194.9264373779297,0.05658181384205818,True,993.6473999023438,210.2293701171875,0.05803794041275978,True,-1
cam2,221,0,693.76123046875,419.25872802734375,0.5860294103622437,True,683.4741821289062,438.08099365234375,0.4883814752101898,True,-1
cam2,221,1,957.2273559570312,365.8576354980469,0.11457830667495728,True,958.97998046875,367.265380859375,0.1792243868112564,True,1
cam2,221,2,1099.5296630859375,279.43731689453125,0.11011645197868347,True,1112.796875,281.2756042480469,0.12110992521047592,True,2
cam2,221,3,893.9778442382812,408.6719665527344,0.09268569201231003,True,895.3929443359375,410.0598449707031,0.11919694393873215,True,3
cam2,221,4,771.5602416992188,192.53369140625,0.08612781018018723,True,704.2940673828125,168.83474731445312,0.11839193850755692,True,-1
cam2,221,5,969.57861328125,273.6482238769531,0.07889611274003983,True,1088.993896484375,399.0893249511719,0.09866272658109665,True,-1
cam2,221,6,703.7894897460938,167.01361083984375,0.07272646576166153,True,937.2014770507812,282.5015563964844,0.09580709785223007,True,4
cam2,221,7,1030.864990234375,302.4848937988281,0.062413789331912994,True,1279.963134765625,223.5640411376953,0.059834130108356476,True,-1
cam2,222,0,694.0677490234375,420.4400939941406,0.7054151892662048,True,696.8065185546875,422.7408142089844,0.6091132164001465,True,0
cam2,222,1,1094.5748291015625,290.07080078125,0.16090130805969238,True,953.2718505859375,361.626953125,0.19670279324054718,True,6
cam2,222,2,955.22265625,363.33465576171875,0.15785379707813263,True,1094.117919921875,399.71661376953125,0.16147981584072113,True,1
cam2,222,3,694.9249267578125,168.27133178710938,0.12309890240430832,True,697.2025146484375,168.5411376953125,0.13825662434101105,True,3
cam2,222,4,1117.8743896484375,401.77764892578125,0.12182661145925522,True,892.6102905273438,409.0984802246094,0.11184505373239517,True,-1
cam2,222,5,890.2874755859375,407.94366455078125,0.10783849656581879,True,927.0900268554688,281.5398254394531,0.10718487203121185,True,4
cam2,222,6,923.5825805664062,275.147705078125,0.08369314670562744,True,1109.8006591796875,282.9476318359375,0.08949953317642212,True,5
cam2,222,7,1027.703369140625,410.3775329589844,0.07882550358772278,True,578.8203735351562,413.09130859375,0.08928655087947845,True,-1
cam2,223,0,687.0828857421875,425.52630615234375,0.6848549842834473,True,703.96484375,428.3578186035156,0.5838855504989624,True,0
cam2,223,1,1094.6942138671875,290.427490234375,0.1643146276473999,True,954.119873046875,356.36212158203125,0.18378865718841553,True,7
cam2,223,2,954.8108520507812,356.5137634277344,0.1544874608516693,True,1110.1253662109375,403.880859375,0.14102113246917725,True,1
cam2,223,3,1119.86767578125,406.9573669433594,0.13821719586849213,True,696.7764892578125,172.43971252441406,0.13790126144886017,True,2
cam2,223,4,693.5703735351562,170.78700256347656,0.13231061398983002,True,581.738525390625,410.64385986328125,0.12351243942975998,True,3
cam2,223,5,921.835693359375,275.47369384765625,0.09750526398420334,True,897.3861083984375,456.0397644042969,0.10295496135950089,True,6
cam2,223,6,1038.1527099609375,417.9591064453125,0.07119886577129364,True,926.3096313476562,278.2403869628906,0.09084756672382355,True,-1
cam2,223,7,1239.4354248046875,271.85675048828125,0.061451684683561325,True,1104.3790283203125,286.6865539550781,0.08627697825431824,True,-1
cam2,224,0,695.3998413085938,431.18597412109375,0.7020183205604553,True,700.5374755859375,428.0481262207031,0.5883710384368896,True,0
cam2,224,1,956.042724609375,352.7706298828125,0.17569726705551147,True,953.2510986328125,351.3457336425781,0.20487461984157562,True,1
cam2,224,2,1106.0811767578125,289.250732421875,0.14441126585006714,True,584.8773803710938,408.4136962890625,0.1470794826745987,True,-1
cam2,224,3,1127.619384765625,404.9000549316406,0.13727813959121704,True,1114.5689697265625,399.8977355957031,0.12951800227165222,True,3
cam2,224,4,692.9246215820312,169.99330139160156,0.12030478566884995,True,703.157470703125,175.879638671875,0.12798015773296356,True,4
cam2,224,5,919.0236206054688,278.4634094238281,0.07623761892318726,True,899.1654052734375,455.439453125,0.10390107333660126,True,-1
cam2,224,6,1239.9227294921875,280.34466552734375,0.06545596569776535,True,188.27392578125,860.7883911132812,0.09194774925708771,True,-1
cam2,224,7,1041.364013671875,411.3047180175781,0.06324735283851624,True,574.93603515625,546.8040771484375,0.08428212255239487,True,-1
cam2,225,0,696.1882934570312,435.50140380859375,0.7271674275398254,True,702.9563598632812,436.20758056640625,0.5753853917121887,True,0
cam2,225,1,954.7357788085938,348.52154541015625,0.17994536459445953,True,952.311279296875,347.2930603027344,0.2043454945087433,True,1
cam2,225,2,1114.830322265625,280.8578796386719,0.15230201184749603,True,690.1580810546875,184.96633911132812,0.1486218422651291,True,-1
cam2,225,3,1123.2650146484375,406.34222412109375,0.14775684475898743,True,1119.00634765625,403.3371276855469,0.12779681384563446,True,3
cam2,225,4,688.9974975585938,177.85595703125,0.1261010766029358,True,583.6602172851562,405.8440856933594,0.12337837368249893,True,2
cam2,225,5,1240.22265625,273.6918640136719,0.08269576728343964,True,895.2498168945312,454.0395812988281,0.11961245536804199,True,-1
cam2,225,6,286.86279296875,621.360107421875,0.07232873141765594,True,1391.2330322265625,437.4793701171875,0.0842655673623085,True,-1
cam2,225,7,574.34765625,543.8777465820312,0.06128533184528351,True,580.6224975585938,540.6519165039062,0.08400237560272217,True,7
cam2,226,0,702.5328979492188,436.7380676269531,0.6731106638908386,True,702.7951049804688,440.1139831542969,0.6192307472229004,True,0
cam2,226,1,954.6570434570312,346.37103271484375,0.16114108264446259,True,956.1463623046875,347.33355712890625,0.18861205875873566,True,1
cam2,226,2,681.6846313476562,188.95103454589844,0.1221669614315033,True,695.4071044921875,176.8364715576172,0.13801658153533936,True,2
cam2,226,3,1011.0936279296875,297.2408752441406,0.10549682378768921,True,578.3887329101562,403.16363525390625,0.12026888877153397,True,-1
cam2,226,4,304.5102233886719,619.4684448242188,0.0845467671751976,True,1098.9696044921875,405.4055480957031,0.09457117319107056,True,6
cam2,226,5,917.7576904296875,277.5821228027344,0.07760372757911682,True,896.0518188476562,459.79498291015625,0.08724334090948105,True,-1
cam2,226,6,1188.7271728515625,195.48016357421875,0.07377521693706512,True,303.7721862792969,618.3702392578125,0.08652849495410919,True,-1
cam2,226,7,1253.1339111328125,265.4800720214844,0.07263754308223724,True,1388.8865966796875,439.064453125,0.08442679047584534,True,-1
cam2,227,0,694.1170654296875,431.884765625,0.6485170722007751,True,703.0575561523438,439.0418395996094,0.4970313012599945,True,0
cam2,227,1,956.6052856445312,345.5184631347656,0.18452224135398865,True,957.0868530273438,348.00634765625,0.20577828586101532,True,1
cam2,227,2,686.3193359375,186.41940307617188,0.15215255320072174,True,693.4171752929688,177.47691345214844,0.14550898969173431,True,2
cam2,227,3,316.14892578125,621.58740234375,0.11977837979793549,True,894.4710693359375,455.5445556640625,0.12463615089654922,True,5
cam2,227,4,1005.4578247070312,295.15216064453125,0.08890783786773682,True,1099.724365234375,399.2774353027344,0.11706172674894333,True,-1
cam2,227,5,896.599609375,456.0751037597656,0.0852162092924118,True,314.74853515625,620.1702270507812,0.11498448997735977,True,3
cam2,227,6,1116.0771484375,408.8208312988281,0.07720822095870972,True,629.0594482421875,552.939208984375,0.10974698513746262,True,4
cam2,227,7,1121.8348388671875,286.0486755371094,0.06395294517278671,True,1096.4263916015625,292.2011413574219,0.09259559214115143,True,-1
cam2,228,0,688.2973022460938,449.3981628417969,0.6941380500793457,True,695.1923217773438,445.20013427734375,0.5656066536903381,True,0
cam2,228,1,956.0624389648438,344.86334228515625,0.20551255345344543,True,955.9493408203125,350.5886535644531,0.18558934330940247,True,1
cam2,228,2,693.0446166992188,186.3862762451172,0.15631598234176636,True,692.382568359375,177.48182678222656,0.15177765488624573,True,2
cam2,228,3,316.0057067871094,633.342529296875,0.10761094093322754,True,633.37109375,549.4702758789062,0.15031474828720093,True,-1
cam2,228,4,898.778076171875,457.45806884765625,0.08233416080474854,True,1097.8333740234375,401.2242126464844,0.14915165305137634,True,5
cam2,228,5,1113.48486328125,405.5052490234375,0.07586115598678589,True,893.66552734375,456.8216247558594,0.14154712855815887,True,4
cam2,228,6,1256.786865234375,193.0102081298828,0.07584850490093231,True,317.3375549316406,612.3621826171875,0.11147656291723251,True,-1
cam2,228,7,1191.3060302734375,192.7660675048828,0.06090521067380905,True,1087.646484375,299.1293029785156,0.0862307995557785,True,-1
cam2,229,0,691.0628051757812,447.2472229003906,0.7101714015007019,True,696.7429809570312,442.49481201171875,0.5287241339683533,True,0
cam2,229,1,954.2266845703125,341.13995361328125,0.20849305391311646,True,697.326171875,169.84991455078125,0.18801818788051605,True,-1
cam2,229,2,695.75,175.3673553466797,0.16998930275440216,True,633.1182250976562,547.8245849609375,0.18033233284950256,True,1
cam2,229,3,1256.149658203125,192.8740234375,0.10105884075164795,True,961.7757568359375,366.01434326171875,0.17946070432662964,True,-1
cam2,229,4,325.23699951171875,633.1078491210938,0.09352920204401016,True,891.3234252929688,456.7801818847656,0.14388611912727356,True,6
cam2,229,5,702.2950439453125,364.1603088378906,0.08979614078998566,True,1102.3221435546875,399.96185302734375,0.13251161575317383,True,-1
cam2,229,6,893.8023071289062,453.8430480957031,0.07368762791156769,True,326.1640930175781,631.1829223632812,0.10794860869646072,True,4
cam2,229,7,1114.3843994140625,404.6520080566406,0.06830824911594391,True,1086.559814453125,296.883544921875,0.09063223004341125,True,5
cam2,230,0,692.6560668945312,448.0863342285156,0.38933077454566956,True,696.1937866210938,444.7693176269531,0.28073617815971375,True,0
cam2,230,1,959.7011108398438,346.5993957519531,0.2561398446559906,True,957.0679321289062,349.03466796875,0.2654639780521393,True,1
cam2,230,2,701.75537109375,170.94662475585938,0.19966641068458557,True,892.9282836914062,461.0296936035156,0.20264752209186554,True,4
cam2,230,3,704.0386352539062,367.74029541015625,0.17275592684745789,True,640.7103881835938,551.627197265625,0.1754254847764969,True,-1
cam2,230,4,333.82427978515625,641.9055786132812,0.16429771482944489,True,699.7343139648438,168.6940155029297,0.14771586656570435,True,5
cam2,230,5,1263.6461181640625,192.87782287597656,0.10467226803302765,True,332.8070373535156,640.7572631835938,0.1469912976026535,True,-1
cam2,230,6,1031.0263671875,301.67962646484375,0.09585645794868469,True,857.998291015625,290.1935729980469,0.12977421283721924,True,-1
cam2,230,7,892.7463989257812,461.1301574707031,0.09517209231853485,True,1041.0499267578125,323.6735534667969,0.10915408283472061,True,2
cam2,231,0,685.9673461914062,450.6583557128906,0.33812737464904785,True,957.1127319335938,358.0917663574219,0.30754268169403076,True,1
cam2,231,1,958.0126342773438,351.19744873046875,0.26860058307647705,True,689.33544921875,451.6507263183594,0.25467216968536377,True,0
cam2,231,2,702.4329833984375,173.6742401123047,0.21022197604179382,True,893.718505859375,457.6246643066406,0.19208817183971405,True,5
cam2,231,3,335.7937316894531,649.8942260742188,0.18461686372756958,True,637.9996948242188,549.2467651367188,0.1920459121465683,True,4
cam2,231,4,703.0277099609375,366.1557312011719,0.18145745992660522,True,333.3615417480469,650.642578125,0.16145741939544678,True,-1
cam2,231,5,1255.11083984375,186.08116149902344,0.10391455143690109,True,700.2887573242188,169.9581756591797,0.15020161867141724,True,-1
cam2,231,6,894.0425415039062,458.1341552734375,0.09425251185894012,True,857.6134643554688,278.8879699707031,0.12273412197828293,True,2
cam2,231,7,1031.3382568359375,303.30145263671875,0.09134005010128021,True,1041.189697265625,322.64093017578125,0.09993793815374374,True,-1
cam2,232,0,677.3416137695312,454.132080078125,0.37764832377433777,True,961.109130859375,352.72576904296875,0.34174081683158875,True,1
cam2,232,1,960.415283203125,352.0746765136719,0.27694955468177795,True,677.6163940429688,450.5147705078125,0.2675955295562744,True,0
cam2,232,2,699.40087890625,173.0354766845703,0.1704287827014923,True,899.7902221679688,458.1254577636719,0.15289054811000824,True,3
cam2,232,3,336.7201232910156,648.1505737304688,0.15790079534053802,True,700.7105102539062,171.7871856689453,0.14298008382320404,True,5
cam2,232,4,693.7407836914062,361.09698486328125,0.1539158970117569,True,636.0637817382812,549.3963623046875,0.14086933434009552,True,-1
cam2,232,5,1255.0570068359375,192.96678161621094,0.10199042409658432,True,343.78253173828125,640.7958984375,0.133066326379776,True,-1
cam2,232,6,828.1065063476562,303.4955139160156,0.10119721293449402,True,1353.153564453125,615.9694213867188,0.11900125443935394,True,-1
cam2,232,7,695.5851440429688,601.0604858398438,0.09077422320842743,True,1040.2764892578125,320.5169372558594,0.10008691996335983,True,-1
cam2,233,0,669.8233642578125,455.0736999511719,0.3949466049671173,True,960.6434936523438,354.87554931640625,0.3654886484146118,True,1
cam2,233,1,956.514404296875,358.5100402832031,0.29563435912132263,True,669.7599487304688,454.54364013671875,0.3279882073402405,True,0
cam2,233,2,342.4395751953125,646.8536376953125,0.18426108360290527,True,342.4720153808594,648.1085815429688,0.1523805409669876,True,2
cam2,233,3,698.3175048828125,172.8582305908203,0.16241303086280823,True,896.1387939453125,458.7600402832031,0.14893683791160583,True,4
cam2,233,4,829.2122192382812,304.6153564453125,0.1298566311597824,True,698.106689453125,167.6157684326172,0.13554829359054565,True,-1
cam2,233,5,690.6029663085938,358.46356201171875,0.11678496748209,True,848.4773559570312,291.3451843261719,0.11222311854362488,True,-1
cam2,233,6,1254.1328125,195.65647888183594,0.09554031491279602,True,674.90576171875,372.4038391113281,0.10501705855131149,True,-1
cam2,233,7,695.0352783203125,599.9545288085938,0.08239908516407013,True,635.772216796875,550.1295776367188,0.10322882235050201,True,-1
cam2,234,0,687.7319946289062,457.3879089355469,0.31089475750923157,True,959.5360107421875,351.7555847167969,0.26011717319488525,True,7
cam2,234,1,961.6840209960938,348.85968017578125,0.31076034903526306,True,675.8804931640625,375.0181884765625,0.1979912668466568,True,0
cam2,234,2,343.3680114746094,652.4351806640625,0.19372576475143433,True,982.06494140625,283.4254455566406,0.1760050654411316,True,4
cam2,234,3,833.7115478515625,297.5860900878906,0.13716763257980347,True,856.8821411132812,277.7959899902344,0.16440972685813904,True,-1
cam2,234,4,1240.4808349609375,266.7815246582031,0.13360914587974548,True,341.1208190917969,654.4254760742188,0.1533220410346985,True,-1
cam2,234,5,682.319580078125,324.4288330078125,0.11249260604381561,True,1255.044189453125,246.7488250732422,0.14360572397708893,True,-1
cam2,234,6,1019.236328125,189.4386444091797,0.10345793515443802,True,1297.541015625,578.2305297851562,0.12344835698604584,True,-1
cam2,234,7,697.8190307617188,172.60977172851562,0.10079719871282578,True,668.3367309570312,458.9669494628906,0.12181191891431808,True,-1
cam2,235,0,671.71728515625,456.14727783203125,0.29691213369369507,True,959.967041015625,351.28851318359375,0.25395774841308594,True,6
cam2,235,1,961.0416259765625,348.1187438964844,0.28828659653663635,True,332.67401123046875,662.2349243164062,0.18008561432361603,True,0
cam2,235,2,334.6693115234375,662.323486328125,0.18455947935581207,True,675.7382202148438,374.54071044921875,0.17719295620918274,True,1
cam2,235,3,1247.40087890625,253.9253692626953,0.15305931866168976,True,976.6927490234375,282.5010681152344,0.15749682486057281,True,5
cam2,235,4,855.6244506835938,284.7451477050781,0.12709829211235046,True,1294.93017578125,573.0084228515625,0.15299426019191742,True,7
cam2,235,5,697.5103759765625,175.4044952392578,0.10942324250936508,True,1255.470947265625,246.2377471923828,0.14753179252147675,True,-1
cam2,235,6,1017.2033081054688,179.51541137695312,0.10608997195959091,True,670.8762817382812,459.8346862792969,0.1291380226612091,True,-1
cam2,235,7,683.1032104492188,327.4580078125,0.10576297342777252,True,855.3402709960938,278.0259094238281,0.12221715599298477,True,-1
cam2,236,0,691.1981811523438,461.621337890625,0.30265429615974426,True,959.9700927734375,350.2941589355469,0.24191723763942719,True,4
cam2,236,1,964.862548828125,345.8045349121094,0.2772338092327118,True,971.6096801757812,284.6330261230469,0.19649551808834076,True,0
cam2,236,2,330.7184753417969,652.978271484375,0.16287845373153687,True,672.214599609375,373.70330810546875,0.18811151385307312,True,3
cam2,236,3,1243.9832763671875,262.6051940917969,0.15062624216079712,True,325.1925964355469,652.9963989257812,0.15773481130599976,True,7
cam2,236,4,696.8611450195312,178.5050506591797,0.1115545779466629,True,693.1610717773438,460.4743957519531,0.1565748006105423,True,-1
cam2,236,5,1020.7403564453125,184.21055603027344,0.11041001230478287,True,1295.545166015625,572.4385986328125,0.12687896192073822,True,-1
cam2,236,6,912.3670043945312,260.7384948730469,0.10782529413700104,True,859.4031982421875,273.8037109375,0.12380975484848022,True,-1
cam2,236,7,680.2362670898438,333.9571228027344,0.09484811127185822,True,1232.482177734375,268.09246826171875,0.11942395567893982,True,-1
cam2,237,0,700.6138305664062,459.8345947265625,0.30387628078460693,True,957.4165649414062,377.846435546875,0.24140651524066925,True,3
cam2,237,1,963.8605346679688,341.6996154785156,0.2325688600540161,True,976.2855834960938,289.8624267578125,0.2250952422618866,True,-1
cam2,237,2,330.73077392578125,666.8956909179688,0.1814829409122467,True,674.8886108398438,372.7682189941406,0.20760230720043182,True,4
cam2,237,3,1228.47900390625,274.9034423828125,0.14797431230545044,True,708.8073120117188,461.936279296875,0.16320431232452393,True,7
cam2,237,4,914.4749755859375,261.8244323730469,0.12690897285938263,True,329.4958190917969,667.4196166992188,0.1512579470872879,True,-1
cam2,237,5,686.6165161132812,182.16476440429688,0.1035432517528534,True,850.96728515625,346.1734619140625,0.1330694705247879,True,-1
cam2,237,6,1011.9171752929688,187.49850463867188,0.09917209297418594,True,1263.6463623046875,451.773193359375,0.12822596728801727,True,-1
cam2,237,7,673.5575561523438,347.56866455078125,0.09080146253108978,True,1225.67578125,274.7288818359375,0.11675295233726501,True,-1
cam2,238,0,692.382568359375,455.749755859375,0.2476399689912796,True,960.7548828125,379.1485290527344,0.2771941125392914,True,-1
cam2,238,1,961.6741333007812,378.8663330078125,0.22568435966968536,True,727.6015014648438,467.8244934082031,0.22087295353412628,True,0
cam2,238,2,290.2615966796875,684.94140625,0.22393259406089783,True,976.0938720703125,295.3292541503906,0.2132936716079712,True,3
cam2,238,3,1241.8482666015625,263.23126220703125,0.15645937621593475,True,288.9830017089844,691.8229370117188,0.20225217938423157,True,-1
cam2,238,4,915.59033203125,263.91961669921875,0.10494472831487656,True,653.6686401367188,453.1058044433594,0.17282575368881226,True,-1
cam2,238,5,666.0640869140625,188.1360321044922,0.08280161768198013,True,849.8826293945312,346.923583984375,0.14918865263462067,True,-1
cam2,238,6,1359.18359375,275.3791198730469,0.07647159695625305,True,693.486328125,182.43447875976562,0.12619736790657043,True,-1
cam2,238,7,1161.6048583984375,222.49484252929688,0.07563880831003189,True,610.1531982421875,532.7288208007812,0.11971275508403778,True,-1
cam2,239,0,284.849853515625,685.0177001953125,0.27907639741897583,True,962.2922973632812,378.9359130859375,0.29572075605392456,True,1
cam2,239,1,695.0952758789062,456.136962890625,0.22717535495758057,True,284.11285400390625,688.5437622070312,0.24493670463562012,True,-1
cam2,239,2,958.14306640625,382.5813903808594,0.21552632749080658,True,721.914794921875,464.8749084472656,0.22877007722854614,True,0
cam2,239,3,735.0216674804688,466.69842529296875,0.20543399453163147,True,632.3484497070312,458.8212890625,0.18181075155735016,True,2
cam2,239,4,630.321533203125,459.1747741699219,0.18559442460536957,True,692.5667724609375,179.5564727783203,0.1612481325864792,True,3
cam2,239,5,1234.3092041015625,272.9141845703125,0.18073129653930664,True,611.819580078125,534.5678100585938,0.135574072599411,True,7
cam2,239,6,664.0484008789062,187.71371459960938,0.10857842117547989,True,850.5206909179688,345.399658203125,0.1337064653635025,True,-1
cam2,239,7,858.50341796875,271.78662109375,0.08409962058067322,True,1234.0521240234375,271.39080810546875,0.10684694349765778,True,-1
cam2,240,0,276.995361328125,698.912109375,0.31769266724586487,True,961.4821166992188,379.96337890625,0.29610320925712585,True,1
cam2,240,1,956.8133544921875,394.60137939453125,0.23488490283489227,True,281.025390625,700.3545532226562,0.25974392890930176,True,0
cam2,240,2,619.03369140625,455.5520935058594,0.23367685079574585,True,723.8779296875,461.22027587890625,0.21141621470451355,True,3
cam2,240,3,693.5682373046875,456.85504150390625,0.2282186895608902,True,622.731201171875,457.82952880859375,0.18011873960494995,True,-1
cam2,240,4,1232.7960205078125,274.55810546875,0.19711649417877197,True,697.0215454101562,181.4219207763672,0.1693456619977951,True,-1
cam2,240,5,670.48486328125,196.5073699951172,0.10315747559070587,True,611.614501953125,537.6365356445312,0.15959367156028748,True,-1
cam2,240,6,852.1254272460938,275.75921630859375,0.09536552429199219,True,909.617431640625,463.7589416503906,0.1029125452041626,True,-1
cam2,240,7,994.7698364257812,199.10577392578125,0.07316441088914871,True,859.9859619140625,318.2441101074219,0.10273036360740662,True,-1
cam2,241,0,262.1083068847656,700.5272216796875,0.31685230135917664,True,959.02197265625,388.9885559082031,0.2818271517753601,True,1
cam2,241,1,955.4536743164062,394.1281433105469,0.25210824608802795,True,264.67132568359375,701.8600463867188,0.23895886540412903,True,0
cam2,241,2,615.88330078125,456.50506591796875,0.24234257638454437,True,698.703369140625,451.76605224609375,0.2254301905632019,True,3
cam2,241,3,696.4035034179688,455.2216491699219,0.21459834277629852,True,617.6366577148438,456.1534423828125,0.16874954104423523,True,2
cam2,241,4,1229.7088623046875,276.79779052734375,0.19740091264247894,True,610.8045043945312,542.755859375,0.13879519701004028,True,-1
cam2,241,5,857.735107421875,306.581298828125,0.11002390086650848,True,699.0628662109375,174.5931396484375,0.13436762988567352,True,6
cam2,241,6,675.6649169921875,195.82373046875,0.09993080794811249,True,860.8104858398438,314.4537048339844,0.11628688871860504,True,-1
cam2,241,7,1357.0697021484375,272.7408447265625,0.07332801818847656,True,1285.0521240234375,238.22463989257812,0.09883376955986023,True,-1
cam2,242,0,252.1127166748047,699.6478271484375,0.27192333340644836,True,251.63973999023438,700.079345703125,0.2830727994441986,True,0
cam2,242,1,962.3302612304688,348.5178527832031,0.26430824398994446,True,961.693359375,382.3903503417969,0.2507966458797455,True,-1
cam2,242,2,953.6593017578125,394.5188293457031,0.2502298057079315,True,850.9824829101562,303.6725769042969,0.154562309384346,True,1
cam2,242,3,1230.2767333984375,275.868896484375,0.19333288073539734,True,1231.1112060546875,276.7320556640625,0.14799576997756958,True,3
cam2,242,4,612.2586059570312,459.7161865234375,0.15831540524959564,True,1217.64208984375,523.1891479492188,0.13144232332706451,True,-1
cam2,242,5,1221.6932373046875,527.9834594726562,0.14293771982192993,True,614.7427978515625,542.9500732421875,0.12915758788585663,True,4
cam2,242,6,860.3632202148438,289.1004943847656,0.12659777700901031,True,1357.857177734375,271.8898620605469,0.12337929755449295,True,2
cam2,242,7,958.9921875,250.7713623046875,0.11693213135004044,True,690.2073364257812,455.7574157714844,0.11292918771505356,True,-1
cam2,243,0,235.44276428222656,702.3544921875,0.3305468261241913,True,235.94992065429688,702.8076782226562,0.3307492434978485,True,0
cam2,243,1,960.4688110351562,349.89044189453125,0.2746225595474243,True,959.4478759765625,386.35089111328125,0.2566034197807312,True,-1
cam2,243,2,1232.3651123046875,272.7889709472656,0.1731356531381607,True,1234.1968994140625,274.9726867675781,0.16277919709682465,True,2
cam2,243,3,611.9183959960938,459.27264404296875,0.16158311069011688,True,1221.8670654296875,522.3431396484375,0.1395890712738037,True,-1
cam2,243,4,1000.853759765625,193.71702575683594,0.1537955105304718,True,616.5888671875,544.0007934570312,0.13845016062259674,True,6
cam2,243,5,1223.3455810546875,525.7343139648438,0.14663060009479523,True,855.1578369140625,302.5589599609375,0.11697525531053543,True,3
cam2,243,6,860.2018432617188,272.4730529785156,0.131043940782547,True,999.8086547851562,204.04507446289062,0.10960433632135391,True,-1
cam2,243,7,727.4861450195312,466.51483154296875,0.13011682033538818,True,682.0897827148438,456.4201354980469,0.10604021698236465,True,-1
cam2,244,0,961.6259155273438,380.3655090332031,0.28360041975975037,True,216.9761505126953,704.8510131835938,0.3073050081729889,True,1
cam2,244,1,219.08152770996094,705.3375244140625,0.27649107575416565,True,958.1491088867188,391.672119140625,0.28828534483909607,True,0
cam2,244,2,998.5751953125,195.2974853515625,0.1838012933731079,True,691.907958984375,455.46319580078125,0.1408008337020874,True,4
cam2,244,3,676.802978515625,455.9349365234375,0.14905740320682526,True,862.5944213867188,267.0789794921875,0.13857808709144592,True,2
cam2,244,4,862.75341796875,271.119873046875,0.13857290148735046,True,995.5982666015625,206.99990844726562,0.13499262928962708,True,3
cam2,244,5,1223.83251953125,525.5537719726562,0.13849130272865295,True,1235.0059814453125,276.61126708984375,0.12913557887077332,True,-1
cam2,244,6,1233.1473388671875,277.6144714355469,0.1261037439107895,True,622.3519897460938,547.9942626953125,0.11097293347120285,True,5
cam2,244,7,620.624755859375,463.2513122558594,0.12183079868555069,True,695.3654174804688,185.152587890625,0.10553836822509766,True,-1
cam2,245,0,960.4561157226562,350.5915222167969,0.2870987355709076,True,962.8370971679688,379.42022705078125,0.31986889243125916,True,-1
cam2,245,1,211.20364379882812,722.7047119140625,0.2042473405599594,True,203.33474731445312,721.9071044921875,0.20454691350460052,True,1
cam2,245,2,989.778564453125,197.64649963378906,0.18805938959121704,True,972.1700439453125,285.3123474121094,0.16732965409755707,True,5
cam2,245,3,1035.9415283203125,307.5574645996094,0.16164208948612213,True,699.4983520507812,452.9067077636719,0.13879863917827606,True,-1
cam2,245,4,678.7724609375,451.78106689453125,0.14530454576015472,True,1230.7044677734375,271.61956787109375,0.12973228096961975,True,-1
cam2,245,5,857.8214721679688,274.8894348144531,0.1351681500673294,True,993.0574340820312,207.49160766601562,0.12942110002040863,True,6
cam2,245,6,1230.044189453125,274.71575927734375,0.1285049021244049,True,849.171630859375,274.1145935058594,0.11727261543273926,True,4
cam2,245,7,1222.81103515625,523.052978515625,0.1261700540781021,True,625.132080078125,553.2935791015625,0.10296456515789032,True,-1
cam2,246,0,964.6433715820312,355.1222229003906,0.3378688395023346,True,963.4811401367188,362.8518981933594,0.3141961097717285,True,0
cam2,246,1,994.2626342773438,201.60232543945312,0.23163306713104248,True,974.0928955078125,277.88189697265625,0.21045394241809845,True,4
cam2,246,2,694.994140625,451.848876953125,0.16853713989257812,True,1055.81640625,463.2740173339844,0.1710290014743805,True,3
cam2,246,3,1146.9515380859375,247.7326202392578,0.15402202308177948,True,707.1843872070312,456.906005859375,0.15051494538784027,True,-1
cam2,246,4,623.7673950195312,457.9895935058594,0.13042455911636353,True,996.1068115234375,214.30853271484375,0.1444685459136963,True,-1
cam2,246,5,800.9656372070312,383.7081298828125,0.12844949960708618,True,1073.1270751953125,700.17138671875,0.12603969871997833,True,-1
cam2,246,6,851.3067016601562,276.357666015625,0.09862641990184784,True,1161.593017578125,371.416748046875,0.10919438302516937,True,7
cam2,246,7,1230.6441650390625,283.8050842285156,0.09390107542276382,True,854.5032348632812,276.2855529785156,0.09175051003694534,True,-1
cam2,247,0,961.247314453125,354.34088134765625,0.3945944607257843,True,965.1444702148438,362.1004943847656,0.3707905411720276,True,0
cam2,247,1,1005.095947265625,213.4976348876953,0.18580132722854614,True,708.6509399414062,457.86309814453125,0.1750515252351761,True,-1
cam2,247,2,684.9539794921875,452.89239501953125,0.17723508179187775,True,980.3694458007812,273.4079895019531,0.16993093490600586,True,-1
cam2,247,3,794.4151000976562,376.24114990234375,0.15238676965236664,True,1057.419921875,462.9278259277344,0.1490156054496765,True,-1
cam2,247,4,1154.23974609375,245.00364685058594,0.13402466475963593,True,1158.6181640625,368.2020568847656,0.13972559571266174,True,-1
cam2,247,5,854.1016845703125,275.2702331542969,0.0977545827627182,True,846.5984497070312,272.23236083984375,0.0983954593539238,True,5
cam2,247,6,1157.2054443359375,361.0045166015625,0.08601946383714676,True,1071.8035888671875,701.1756591796875,0.09532570093870163,True,4
cam2,247,7,1228.4295654296875,286.49127197265625,0.08320921659469604,True,693.4586181640625,370.27880859375,0.08335937559604645,True,-1
cam2,248,0,964.6530151367188,357.40740966796875,0.3950277268886566,True,965.240234375,357.68389892578125,0.37866663932800293,True,0
cam2,248,1,998.981689453125,209.38168334960938,0.18577715754508972,True,980.9910888671875,277.1316223144531,0.1951325684785843,True,-1
cam2,248,2,792.2882690429688,374.2209167480469,0.1669347882270813,True,705.2688598632812,459.4819030761719,0.14214180409908295,True,5
cam2,248,3,684.9767456054688,452.9442443847656,0.16265611350536346,True,1161.561767578125,369.1856384277344,0.1368737816810608,True,-1
cam2,248,4,618.0286865234375,461.16534423828125,0.13965001702308655,True,1059.65869140625,462.8084716796875,0.1178462877869606,True,-1
cam2,248,5,1104.1666259765625,286.1388854980469,0.10327465087175369,True,792.9568481445312,381.4075012207031,0.10300662368535995,True,-1
cam2,248,6,1161.3846435546875,244.51904296875,0.08627305179834366,True,835.677490234375,274.5001220703125,0.09452471882104874,True,-1
cam2,248,7,1099.629638671875,390.0577697753906,0.08039780706167221,True,1070.0390625,701.0737915039062,0.08924714475870132,True,-1
cam2,249,0,962.8091430664062,356.1152038574219,0.4318023920059204,True,957.91455078125,350.0354919433594,0.42711371183395386,True,0
cam2,249,1,1003.5292358398438,234.68588256835938,0.17687980830669403,True,989.0540771484375,271.5336608886719,0.1734807938337326,True,-1
cam2,249,2,617.23193359375,462.1727600097656,0.16212745010852814,True,705.8671875,455.59539794921875,0.13106851279735565,True,-1
cam2,249,3,798.9691162109375,379.7491149902344,0.1529286503791809,True,1165.00048828125,370.2829895019531,0.11071763187646866,True,4
cam2,249,4,682.828369140625,451.3858947753906,0.1459006518125534,True,799.9564208984375,384.935302734375,0.10130701959133148,True,-1
cam2,249,5,1107.868896484375,287.43939208984375,0.09900869429111481,True,1056.9715576171875,463.6910705566406,0.08984670788049698,True,-1
cam2,249,6,1076.44482421875,376.0310974121094,0.0930284857749939,True,691.843017578125,368.8775329589844,0.08817706257104874,True,-1
cam2,249,7,1170.543212890625,243.31568908691406,0.09219468384981155,True,822.2109375,301.0171813964844,0.08137892931699753,True,-1
cam2,250,0,961.7384643554688,346.5575256347656,0.4593430757522583,True,966.0985717773438,350.2943420410156,0.5591040253639221,True,0
cam2,250,1,1265.046875,458.29290771484375,0.15486958622932434,True,1266.9874267578125,459.7548522949219,0.11790639162063599,True,1
cam2,250,2,1061.5804443359375,275.3119812011719,0.14419639110565186,True,700.85498046875,454.7458190917969,0.11760689318180084,True,-1
cam2,250,3,1072.0447998046875,380.46112060546875,0.14382396638393402,True,800.4012451171875,287.3192138671875,0.10345787554979324,True,-1
cam2,250,4,691.2205810546875,457.47564697265625,0.12940457463264465,True,690.6796264648438,195.73046875,0.0697154700756073,True,2
cam2,250,5,1240.05810546875,287.8084411621094,0.12669271230697632,True,1542.2728271484375,636.8139038085938,0.06870713829994202,True,-1
cam2,250,6,620.5244140625,458.90203857421875,0.12148439139127731,True,1145.660888671875,283.72332763671875,0.05643589422106743,True,-1
cam2,250,7,1013.864501953125,210.59771728515625,0.11720100790262222,True,1054.1925048828125,458.342529296875,0.0555548332631588,True,-1
cam2,251,0,963.8636474609375,346.4469299316406,0.5172938704490662,True,962.730712890625,352.0504455566406,0.5842859745025635,True,0
cam2,251,1,688.8240966796875,455.7958679199219,0.16870231926441193,True,685.213623046875,453.8153381347656,0.12430902570486069,True,1
cam2,251,2,1266.2659912109375,456.0848083496094,0.15066289901733398,True,1265.8438720703125,458.22515869140625,0.12383861839771271,True,2
cam2,251,3,1063.0806884765625,266.7369384765625,0.14172452688217163,True,690.1166381835938,195.50498962402344,0.095967136323452,True,7
cam2,251,4,914.3048706054688,529.9388427734375,0.11741030961275101,True,1540.8214111328125,640.3665771484375,0.0939330905675888,True,-1
cam2,251,5,1075.69580078125,379.1217956542969,0.1167214885354042,True,790.8746337890625,287.3001708984375,0.08907477557659149,True,-1
cam2,251,6,1009.9405517578125,210.21084594726562,0.11478520929813385,True,912.2745361328125,620.0902099609375,0.08790597319602966,True,-1
cam2,251,7,1240.060302734375,287.3770446777344,0.11326880753040314,True,1055.462158203125,261.35577392578125,0.08340580761432648,True,-1
cam2,252,0,964.5274047851562,350.07818603515625,0.5106160044670105,True,968.0355834960938,361.3374938964844,0.5477250814437866,True,0
cam2,252,1,684.6725463867188,455.1663818359375,0.1853000819683075,True,910.552734375,620.7852172851562,0.15027651190757751,True,3
cam2,252,2,1067.6209716796875,262.874267578125,0.18146869540214539,True,1263.87890625,455.536376953125,0.14245325326919556,True,5
cam2,252,3,1263.7044677734375,450.69219970703125,0.13724549114704132,True,681.9004516601562,455.6372985839844,0.1288139522075653,True,2
cam2,252,4,1240.047607421875,287.4164733886719,0.132846862077713,True,1540.0875244140625,638.3648681640625,0.11117778718471527,True,-1
cam2,252,5,911.2943725585938,524.5182495117188,0.11298499256372452,True,1065.232421875,261.16900634765625,0.09903528541326523,True,-1
cam2,252,6,1010.263671875,208.8379364013672,0.0969318151473999,True,694.231689453125,191.1924285888672,0.09867040067911148,True,-1
cam2,252,7,957.3582763671875,246.8841094970703,0.08982443809509277,True,789.542724609375,280.5563659667969,0.08124284446239471,True,-1
cam2,253,0,967.0005493164062,351.634521484375,0.5229200124740601,True,969.7149658203125,360.370361328125,0.49538326263427734,True,0
cam2,253,1,666.5753173828125,455.3028564453125,0.20851610600948334,True,1538.6981201171875,636.6658325195312,0.1502617448568344,True,3
cam2,253,2,1066.72216796875,262.6966247558594,0.18394090235233307,True,911.2857666015625,619.1531982421875,0.14216168224811554,True,5
cam2,253,3,904.9192504882812,519.5791625976562,0.13903917372226715,True,674.5130004882812,458.0458984375,0.11671143025159836,True,-1
cam2,253,4,1229.743408203125,289.3508605957031,0.12394043803215027,True,1266.1939697265625,454.5367736816406,0.11046744883060455,True,-1
cam2,253,5,963.2166137695312,239.1551513671875,0.12068958580493927,True,1063.7022705078125,258.1026306152344,0.10785461962223053,True,-1
cam2,253,6,1261.7093505859375,443.6866455078125,0.11508244276046753,True,693.0325317382812,188.03012084960938,0.09334808588027954,True,4
cam2,253,7,1540.7886962890625,636.7937622070312,0.09485772997140884,True,711.0284423828125,537.9127197265625,0.06453437358140945,True,1
cam2,254,0,669.601806640625,454.9211120605469,0.4243011772632599,True,966.02783203125,348.25128173828125,0.38811415433883667,True,1
cam2,254,1,967.005126953125,341.08685302734375,0.37187910079956055,True,672.6126098632812,458.2314147949219,0.2546258270740509,True,0
cam2,254,2,959.2713623046875,239.74159240722656,0.23591575026512146,True,1072.7340087890625,267.6277770996094,0.17767514288425446,True,-1
cam2,254,3,1226.2239990234375,288.4244689941406,0.16082480549812317,True,1538.5068359375,635.440673828125,0.17365989089012146,True,-1
cam2,254,4,886.8849487304688,367.30859375,0.14701521396636963,True,943.2647705078125,456.11175537109375,0.12563621997833252,True,-1
cam2,254,5,905.7274780273438,521.4962768554688,0.12283254414796829,True,1456.85693359375,465.19134521484375,0.12014251202344894,True,-1
cam2,254,6,1074.41015625,274.3895568847656,0.1090131625533104,True,59.8354377746582,748.7432861328125,0.08588188141584396,True,2
cam2,254,7,67.56594848632812,754.6478881835938,0.09541391581296921,True,913.8200073242188,617.9552001953125,0.08277760446071625,True,6
cam2,255,0,968.93505859375,341.11285400390625,0.4016273021697998,True,966.3341674804688,341.6192321777344,0.4156721532344818,True,0
cam2,255,1,660.6600341796875,456.9338073730469,0.3550167679786682,True,666.7247924804688,455.7818298339844,0.21180208027362823,True,1
cam2,255,2,956.6478271484375,240.66845703125,0.22438912093639374,True,1543.4326171875,634.474609375,0.17809347808361053,True,-1
cam2,255,3,887.1239624023438,365.8452453613281,0.18956199288368225,True,1069.19970703125,275.9798889160156,0.1453772932291031,True,-1
cam2,255,4,1225.8707275390625,288.65771484375,0.17561271786689758,True,939.43212890625,452.1874084472656,0.12981434166431427,True,-1
cam2,255,5,682.0775756835938,186.60269165039062,0.10134278237819672,True,1452.9744873046875,463.1462707519531,0.11633887141942978,True,6
cam2,255,6,1072.41064453125,279.8343811035156,0.10014903545379639,True,690.96630859375,179.81356811523438,0.1097145527601242,True,3
cam2,255,7,907.1759643554688,522.8743286132812,0.09061405807733536,True,998.6809692382812,200.95082092285156,0.10467059910297394,True,-1
cam2,256,0,971.3259887695312,344.2829284667969,0.3437330722808838,True,970.7229614257812,343.9490966796875,0.4127712845802307,True,0
cam2,256,1,679.8907470703125,457.5010070800781,0.3349063992500305,True,681.1827392578125,459.0855407714844,0.19232390820980072,True,1
cam2,256,2,885.959228515625,365.0158996582031,0.21819783747196198,True,1072.498046875,289.1134033203125,0.1795109510421753,True,-1
cam2,256,3,960.5111083984375,244.06680297851562,0.1845533400774002,True,1547.0609130859375,633.8399047851562,0.11242687702178955,True,-1
cam2,256,4,1222.516357421875,288.2781982421875,0.14235198497772217,True,640.489501953125,554.2984619140625,0.10871466249227524,True,-1
cam2,256,5,1073.408935546875,284.70703125,0.1279456913471222,True,703.7615966796875,180.52688598632812,0.10168717056512833,True,2
cam2,256,6,687.8104248046875,190.5343017578125,0.0870182067155838,True,1008.275146484375,203.0037384033203,0.0996749997138977,True,5
cam2,256,7,911.18994140625,520.4700927734375,0.07220298051834106,True,1453.493896484375,465.3037109375,0.08686842024326324,True,-1
cam2,257,0,685.8258666992188,447.16326904296875,0.37671416997909546,True,969.8232421875,347.49578857421875,0.42284828424453735,True,2
cam2,257,1,969.3074951171875,344.2445068359375,0.32140693068504333,True,1042.7838134765625,311.1297912597656,0.22155243158340454,True,0
cam2,257,2,884.4244995117188,362.38079833984375,0.22376103699207306,True,685.7820434570312,456.57989501953125,0.1892906278371811,True,-1
cam2,257,3,962.4849243164062,235.15353393554688,0.17911607027053833,True,1005.84033203125,202.0929412841797,0.14418141543865204,True,-1
cam2,257,4,1222.9459228515625,285.0707092285156,0.14895565807819366,True,639.2227172851562,551.3582763671875,0.11122769862413406,True,-1
cam2,257,5,1073.0028076171875,287.0129089355469,0.11938022822141647,True,819.115478515625,297.99737548828125,0.09394323080778122,True,-1
cam2,257,6,649.2249145507812,363.58856201171875,0.0799027606844902,True,1398.231201171875,650.8336791992188,0.08670982718467712,True,-1
cam2,257,7,691.8527221679688,177.5673370361328,0.07404989004135132,True,1459.6885986328125,395.73052978515625,0.08313414454460144,True,-1
cam2,258,0,687.3030395507812,446.4485168457031,0.39819756150245667,True,967.2128295898438,348.005126953125,0.31098705530166626,True,1
cam2,258,1,967.4642333984375,345.01177978515625,0.25510188937187195,True,688.136474609375,458.6586608886719,0.23168034851551056,True,0
cam2,258,2,957.8616333007812,243.4706268310547,0.19238221645355225,True,911.2044067382812,436.85833740234375,0.17708289623260498,True,3
cam2,258,3,874.46630859375,365.97235107421875,0.18381936848163605,True,962.8204956054688,251.71719360351562,0.160885751247406,True,-1
cam2,258,4,1271.3104248046875,563.9935302734375,0.10793135315179825,True,821.7958984375,289.60040283203125,0.13925011456012726,True,-1
cam2,258,5,1246.0047607421875,421.7541198730469,0.09531611204147339,True,679.2169799804688,279.9493408203125,0.10197646170854568,True,-1
cam2,258,6,692.2637329101562,179.86878967285156,0.08974303305149078,True,1264.4110107421875,430.0310363769531,0.09314271807670593,True,7
cam2,258,7,647.9586791992188,237.0656280517578,0.08049844950437546,True,684.4345092773438,190.16165161132812,0.08263635635375977,True,-1
cam2,259,0,689.1302490234375,454.907470703125,0.39671167731285095,True,967.6640625,343.7642517089844,0.31003838777542114,True,1
cam2,259,1,969.9147338867188,339.7900085449219,0.23572158813476562,True,689.4282836914062,459.5031433105469,0.24877797067165375,True,0
cam2,259,2,956.9921875,242.42332458496094,0.22898727655410767,True,957.0247192382812,249.64743041992188,0.22409018874168396,True,2
cam2,259,3,859.19384765625,370.23699951171875,0.16873696446418762,True,898.2516479492188,453.38623046875,0.17149293422698975,True,-1
cam2,259,4,1248.520751953125,424.3811340332031,0.12145324051380157,True,830.6494140625,306.495849609375,0.12769903242588043,True,5
cam2,259,5,1273.50732421875,563.0382080078125,0.1190309077501297,True,1260.8226318359375,426.91064453125,0.11336325854063034,True,-1
cam2,259,6,665.0372924804688,370.4048156738281,0.0909232571721077,True,682.4282836914062,188.9492645263672,0.09151580929756165,True,-1
cam2,259,7,649.3851928710938,233.72158813476562,0.08497405052185059,True,1519.9210205078125,624.34033203125,0.0750785768032074,True,-1
cam2,260,0,689.6311645507812,462.3628845214844,0.3895513415336609,True,980.3538818359375,359.0921630859375,0.290593683719635,True,2
cam2,260,1,957.2584838867188,243.43653869628906,0.2429579198360443,True,963.2664794921875,267.63470458984375,0.23870453238487244,True,-1
cam2,260,2,974.0579833984375,348.0521240234375,0.24255254864692688,True,690.35205078125,460.1788635253906,0.22584573924541473,True,0
cam2,260,3,613.50146484375,463.963134765625,0.183649480342865,True,892.189208984375,456.8061828613281,0.14138676226139069,True,-1
cam2,260,4,852.3209228515625,364.5583801269531,0.16047683358192444,True,842.1770629882812,340.6664123535156,0.1279730349779129,True,-1
cam2,260,5,1250.268798828125,414.9837341308594,0.12286896258592606,True,1262.1876220703125,420.9053649902344,0.11305329948663712,True,5
cam2,260,6,683.3475952148438,374.1636047363281,0.12038378417491913,True,1524.3472900390625,623.4219360351562,0.09417231380939484,True,-1
cam2,260,7,673.6912231445312,202.04129028320312,0.10537991672754288,True,675.9405517578125,195.3615264892578,0.09218933433294296,True,7
cam2,261,0,690.4409790039062,460.71197509765625,0.3829818069934845,True,979.484375,354.4609375,0.30707404017448425,True,2
cam2,261,1,964.6452026367188,244.42897033691406,0.2531502842903137,True,957.1181030273438,267.4350280761719,0.24172544479370117,True,-1
cam2,261,2,978.6507568359375,358.4141845703125,0.2461409866809845,True,690.31298828125,460.86700439453125,0.21453626453876495,True,0
cam2,261,3,615.3717041015625,461.0072937011719,0.1847393959760666,True,886.9129028320312,456.622314453125,0.13232392072677612,True,-1
cam2,261,4,692.9557495117188,370.6973571777344,0.14290006458759308,True,856.6889038085938,358.4579162597656,0.12220507115125656,True,7
cam2,261,5,853.4183349609375,365.82147216796875,0.13933619856834412,True,677.6091918945312,195.93162536621094,0.10850083827972412,True,4
cam2,261,6,666.981201171875,208.5059051513672,0.1386827826499939,True,1256.0850830078125,411.9393615722656,0.10564365237951279,True,5
cam2,261,7,1258.570556640625,419.11187744140625,0.10339681059122086,True,688.8038330078125,370.9656677246094,0.1034787967801094,True,6
cam2,262,0,689.8382568359375,463.8062744140625,0.46964535117149353,True,980.8985595703125,361.41961669921875,0.3130500912666321,True,1
cam2,262,1,613.5917358398438,458.4404602050781,0.3143533170223236,True,688.1250610351562,462.73638916015625,0.25741446018218994,True,3
cam2,262,2,974.6818237304688,247.63812255859375,0.2721819579601288,True,967.4976806640625,263.164306640625,0.15741506218910217,True,2
cam2,262,3,980.5498046875,361.4216003417969,0.2053215652704239,True,615.0069580078125,457.6767883300781,0.156852588057518,True,0
cam2,262,4,667.244873046875,205.7372589111328,0.1476154923439026,True,1150.6304931640625,428.02496337890625,0.14522923529148102,True,-1
cam2,262,5,1267.0391845703125,444.932373046875,0.10782898217439651,True,1177.9017333984375,263.9056701660156,0.13244052231311798,True,-1
cam2,262,6,1362.15283203125,283.1275329589844,0.1012144386768341,True,880.0136108398438,457.9997863769531,0.1275557279586792,True,-1
cam2,262,7,1250.085205078125,234.45948791503906,0.0914139375090599,True,873.6864624023438,349.9851379394531,0.12146827578544617,True,-1
cam2,263,0,686.5801391601562,475.418212890625,0.5046715140342712,True,982.3935546875,357.3742370605469,0.34269994497299194,True,1
cam2,263,1,973.3526000976562,250.06736755371094,0.29295840859413147,True,686.6756591796875,470.0596618652344,0.27632346749305725,True,2
cam2,263,2,606.1755981445312,458.7690124511719,0.2793444097042084,True,959.1881103515625,253.5460205078125,0.17907407879829407,True,3
cam2,263,3,976.075439453125,352.340576171875,0.22962519526481628,True,605.7595825195312,458.2182922363281,0.161289244890213,True,0
cam2,263,4,666.6455078125,197.49862670898438,0.14168238639831543,True,1149.2947998046875,429.83935546875,0.11652910709381104,True,-1
cam2,263,5,1265.488037109375,445.3738098144531,0.1107003316283226,True,1182.7275390625,267.63922119140625,0.10936195403337479,True,-1
cam2,263,6,1359.9920654296875,286.3022766113281,0.10949704796075821,True,879.8154907226562,455.5842590332031,0.0979931578040123,True,-1
cam2,263,7,675.8178100585938,370.9533996582031,0.1061885878443718,True,737.30029296875,213.4698944091797,0.09591763466596603,True,-1
cam2,264,0,685.0336303710938,478.2636413574219,0.5430401563644409,True,983.6717529296875,371.7887268066406,0.312794953584671,True,1
cam2,264,1,965.2352905273438,249.60470581054688,0.2983790636062622,True,685.1328735351562,472.3614196777344,0.3067415654659271,True,2
cam2,264,2,604.6041259765625,455.7876281738281,0.22130048274993896,True,961.3126220703125,256.2656555175781,0.2324603796005249,True,3
cam2,264,3,979.4109497070312,354.7767639160156,0.2039843052625656,True,605.2745971679688,457.913818359375,0.1445920318365097,True,0
cam2,264,4,667.6987915039062,370.15020751953125,0.1322527378797531,True,1147.1845703125,444.7341613769531,0.11078613996505737,True,-1
cam2,264,5,1265.9678955078125,448.9200134277344,0.11635330319404602,True,727.0166015625,203.6459197998047,0.1070835217833519,True,-1
cam2,264,6,669.6393432617188,193.47830200195312,0.11428774148225784,True,874.7604370117188,346.4637451171875,0.09311112761497498,True,-1
cam2,264,7,1360.952880859375,278.2203674316406,0.09454170614480972,True,1192.251708984375,276.18548583984375,0.08890087902545929,True,-1
cam2,265,0,685.750244140625,479.63397216796875,0.7174639105796814,True,688.4669189453125,480.1783142089844,0.5163806676864624,True,0
cam2,265,1,968.779296875,252.1787872314453,0.1835399866104126,True,981.012939453125,373.4245300292969,0.3694192171096802,True,2
cam2,265,2,982.627685546875,358.854248046875,0.17743989825248718,True,958.0669555664062,254.6730194091797,0.2036970555782318,True,1
cam2,265,3,731.259033203125,214.7335968017578,0.1097945123910904,True,604.0833740234375,457.2288818359375,0.094575896859169,True,4
cam2,265,4,666.7664184570312,367.3057861328125,0.09728525578975677,True,732.4508056640625,214.1148223876953,0.07968437671661377,True,-1
cam2,265,5,601.3697509765625,454.8676452636719,0.08582677692174911,True,1293.0360107421875,246.92837524414062,0.07910691946744919,True,3
cam2,265,6,1105.1622314453125,285.59539794921875,0.07175689190626144,True,1143.496826171875,453.3578186035156,0.07313799858093262,True,-1
cam2,265,7,1371.0059814453125,285.6700744628906,0.06797930598258972,True,1258.53857421875,311.00152587890625,0.07267782837152481,True,-1
cam2,266,0,686.0534057617188,479.70440673828125,0.7253883481025696,True,686.8646240234375,479.3753356933594,0.539057195186615,True,0
cam2,266,1,982.5827026367188,362.84039306640625,0.19558201730251312,True,983.0614013671875,360.8128356933594,0.358212411403656,True,1
cam2,266,2,968.6491088867188,250.08840942382812,0.16700494289398193,True,956.88720703125,256.8489074707031,0.14586013555526733,True,2
cam2,266,3,668.716064453125,368.0884094238281,0.10402149707078934,True,847.0169677734375,332.597412109375,0.09670192748308182,True,-1
cam2,266,4,722.9653930664062,224.65896606445312,0.10312657058238983,True,1256.3455810546875,303.95166015625,0.09296845644712448,True,5
cam2,266,5,1268.2152099609375,457.6064758300781,0.06967313587665558,True,736.7576904296875,223.16546630859375,0.08910737931728363,True,6
cam2,266,6,1103.0537109375,278.33734130859375,0.06450443714857101,True,1267.4451904296875,459.8731689453125,0.08123179525136948,True,-1
cam2,266,7,1252.86767578125,299.414794921875,0.0626535639166832,True,367.7408142089844,168.54013061523438,0.06153271347284317,True,4
cam2,267,0,686.8644409179688,479.3516845703125,0.7062966227531433,True,690.927734375,469.2759704589844,0.5110414624214172,True,0
cam2,267,1,982.6431274414062,364.072021484375,0.19753777980804443,True,984.2826538085938,362.2257385253906,0.362231582403183,True,1
cam2,267,2,970.3861083984375,251.9476776123047,0.14336934685707092,True,846.8111572265625,334.8666687011719,0.1178184524178505,True,-1
cam2,267,3,754.417724609375,189.7069854736328,0.10544954985380173,True,955.0855712890625,265.647705078125,0.11700694262981415,True,-1
cam2,267,4,1270.0179443359375,259.60931396484375,0.08948498219251633,True,1259.453369140625,296.3877258300781,0.10278186202049255,True,-1
cam2,267,5,1269.5042724609375,556.7852783203125,0.08364906907081604,True,728.5126342773438,216.8473663330078,0.07814808934926987,True,7
cam2,267,6,1362.202392578125,270.659423828125,0.0725974515080452,True,850.2122192382812,260.3224792480469,0.0775829404592514,True,-1
cam2,267,7,674.8056030273438,364.8997497558594,0.06534166634082794,True,1271.7747802734375,555.7184448242188,0.0711546391248703,True,-1
cam2,268,0,690.856201171875,467.8666076660156,0.725013017654419,True,691.5928955078125,466.9778137207031,0.5053820013999939,True,0
cam2,268,1,970.6402587890625,395.3674621582031,0.17700912058353424,True,980.8883666992188,351.8317565917969,0.36432772874832153,True,-1
cam2,268,2,1027.8148193359375,304.9156799316406,0.12134105712175369,True,850.2431640625,338.2462463378906,0.11715922504663467,True,-1
cam2,268,3,975.218994140625,256.1936950683594,0.1029505506157875,True,862.023681640625,269.7377014160156,0.09025897085666656,True,-1
cam2,268,4,751.2520141601562,187.18209838867188,0.1003953218460083,True,1270.1619873046875,276.1104736328125,0.08711641281843185,True,-1
cam2,268,5,1269.1435546875,265.6522216796875,0.09792620688676834,True,721.6429443359375,210.3734893798828,0.08497162163257599,True,4
cam2,268,6,1272.598876953125,556.4763793945312,0.07856202125549316,True,1276.6168212890625,554.7050170898438,0.06549234688282013,True,6
cam2,268,7,747.8455200195312,251.9937286376953,0.0737544596195221,True,1271.479248046875,461.3929443359375,0.052084315568208694,True,-1
cam2,269,0,690.1026000976562,463.2310791015625,0.6835786700248718,True,690.1439208984375,463.15338134765625,0.47439220547676086,True,0
cam2,269,1,968.4535522460938,402.4896545410156,0.17644566297531128,True,985.4033813476562,362.7270202636719,0.31243079900741577,True,-1
cam2,269,2,737.7418823242188,185.78453063964844,0.10895907133817673,True,727.877197265625,192.84762573242188,0.11633852869272232,True,2
cam2,269,3,1269.065185546875,272.4460144042969,0.08530673384666443,True,868.992919921875,275.0995788574219,0.10116660594940186,True,5
cam2,269,4,1328.3865966796875,193.12664794921875,0.06466235965490341,True,853.6983642578125,334.610595703125,0.09728842228651047,True,-1
cam2,269,5,1369.5030517578125,271.80877685546875,0.05525636300444603,True,1269.977294921875,278.84979248046875,0.07268271595239639,True,-1
cam2,269,6,1274.23486328125,554.0435791015625,0.04858100414276123,True,1364.2579345703125,624.8916015625,0.06326130032539368,True,-1
cam2,269,7,873.067626953125,274.5679626464844,0.045155055820941925,True,355.5862731933594,170.3886260986328,0.05349484458565712,True,3
