camera,frame,component,cached_x,cached_y,source_x,source_y,cached_weight,source_weight,cached_anchor_slot,source_anchor_slot
cam0,0,0,907.0841064453125,280.52978515625,885.1394653320312,371.399658203125,0.4968016445636749,0.9002261757850647,0,0
cam0,0,1,1043.9385986328125,281.987548828125,1097.1424560546875,307.5317687988281,0.021260365843772888,0.013827769085764885,1,1
cam0,0,2,1011.7542724609375,367.38922119140625,1088.865234375,202.73568725585938,0.007481169421225786,0.005046227015554905,2,2
cam0,0,3,873.7319946289062,258.91363525390625,833.765625,345.419189453125,0.4744568467140198,0.0808999240398407,-1,-1
cam0,1,0,910.1658935546875,276.0168151855469,884.507568359375,370.1874694824219,0.28397136926651,0.8565433025360107,0,0
cam0,1,1,1045.0836181640625,275.513427734375,1103.449951171875,206.6676025390625,0.04892437532544136,0.01825771853327751,1,1
cam0,1,2,1115.9854736328125,294.56158447265625,1086.3485107421875,293.375732421875,0.011941658332943916,0.014434050768613815,2,2
cam0,1,3,877.186279296875,265.9087219238281,854.4959106445312,351.8728942871094,0.655162513256073,0.11076492071151733,-1,-1
cam0,2,0,909.072509765625,275.5420837402344,887.56103515625,368.16143798828125,0.24345751106739044,0.8931627869606018,0,0
cam0,2,1,1045.96923828125,277.89617919921875,1051.74462890625,275.9436340332031,0.09138957411050797,0.021331787109375,1,1
cam0,2,2,886.1327514648438,350.5812072753906,1096.285400390625,202.99110412597656,0.01419062539935112,0.004938495345413685,2,2
cam0,2,3,906.3140258789062,264.5164489746094,851.891845703125,373.17425537109375,0.650962233543396,0.08056694269180298,-1,-1
cam0,3,0,908.330078125,274.9597473144531,888.6160888671875,364.1954345703125,0.33236950635910034,0.9928849339485168,0,0
cam0,3,1,1043.3232421875,277.8297119140625,1046.1026611328125,272.69451904296875,0.0702754557132721,0.004002165514975786,1,1
cam0,3,2,878.970703125,354.893798828125,1098.59814453125,195.40237426757812,0.00795660074800253,0.00012192953727208078,2,2
cam0,3,3,913.255859375,264.60260009765625,858.197509765625,348.974365234375,0.5893983840942383,0.0029909356962889433,-1,-1
cam0,4,0,908.6476440429688,274.44696044921875,888.291259765625,364.79998779296875,0.5617678761482239,0.9935503005981445,0,0
cam0,4,1,882.8483276367188,367.2802429199219,1048.932861328125,270.6089782714844,0.09405025839805603,0.004287681542336941,1,1
cam0,4,2,1044.7144775390625,268.40118408203125,1114.431884765625,196.1909637451172,0.005241218488663435,6.265119009185582e-05,2,2
cam0,4,3,943.6992797851562,263.89312744140625,857.77392578125,356.5954895019531,0.3389406204223633,0.0020993738435208797,-1,-1
cam0,5,0,908.9258422851562,275.6023864746094,888.41796875,365.1243896484375,0.7741687297821045,0.9930889010429382,0,0
cam0,5,1,882.6690063476562,364.59747314453125,1046.5972900390625,269.0439147949219,0.06081978231668472,0.004704886116087437,1,1
cam0,5,2,1040.95361328125,270.3531188964844,1126.503173828125,193.73513793945312,0.0023745575454086065,6.032539749867283e-05,2,2
cam0,5,3,952.7233276367188,271.91094970703125,858.5121459960938,357.0192565917969,0.16263696551322937,0.002145867794752121,-1,-1
cam0,6,0,908.320068359375,275.56744384765625,888.9678344726562,360.51861572265625,0.3793112337589264,0.9873375296592712,0,0
cam0,6,1,883.2268676757812,363.45947265625,1046.1534423828125,271.96868896484375,0.09037085622549057,0.007237661629915237,1,1
cam0,6,2,1077.689697265625,200.98486328125,880.4552001953125,229.2189483642578,0.011639357544481754,9.431577927898616e-05,2,2
cam0,6,3,891.8863525390625,264.2765808105469,844.3976440429688,369.23516845703125,0.518678605556488,0.005330463405698538,-1,-1
cam0,7,0,913.642333984375,279.9255065917969,887.324951171875,360.94842529296875,0.5259163975715637,0.9598797559738159,0,0
cam0,7,1,881.3511962890625,358.44415283203125,1045.55517578125,271.9167175292969,0.07697063684463501,0.012914258986711502,1,1
cam0,7,2,1076.7642822265625,198.6697998046875,879.8341064453125,230.28009033203125,0.01824057847261429,0.0009133856510743499,2,2
cam0,7,3,915.1180419921875,264.758544921875,863.5440063476562,374.8130798339844,0.3788723647594452,0.026292571797966957,-1,-1
cam0,8,0,910.06005859375,281.98028564453125,886.4443969726562,359.9442443847656,0.22058317065238953,0.9440320134162903,0,0
cam0,8,1,885.2587890625,360.4930725097656,1048.8623046875,278.6192321777344,0.05554855242371559,0.020967576652765274,1,1
cam0,8,2,1012.8370361328125,303.3148193359375,1091.772216796875,217.04656982421875,0.02181304804980755,0.0013420553877949715,2,2
cam0,8,3,898.4183959960938,253.11370849609375,861.7454223632812,371.7550048828125,0.7020552158355713,0.03365837782621384,-1,-1
cam0,9,0,884.978271484375,354.6957092285156,887.987060546875,359.0042724609375,0.043318409472703934,0.921997606754303,0,0
cam0,9,1,910.0076904296875,286.2772216796875,1049.27490234375,277.4271240234375,0.1563875824213028,0.05890056863427162,1,1
cam0,9,2,1007.6029663085938,301.52069091796875,1093.7061767578125,215.45718383789062,0.05376942828297615,0.0005513167125172913,2,2
cam0,9,3,892.3966064453125,260.908447265625,828.5826416015625,358.8379211425781,0.7465245723724365,0.01855049468576908,-1,-1
cam0,10,0,1068.2176513671875,261.9981689453125,888.6353149414062,359.02496337890625,0.011848442256450653,0.8278169631958008,0,0
cam0,10,1,884.3231201171875,359.33868408203125,1102.434814453125,226.7523956298828,0.19659079611301422,0.03818116709589958,1,1
cam0,10,2,890.1033325195312,272.4645080566406,672.4007568359375,462.8887023925781,0.09040813148021698,0.00544330570846796,2,2
cam0,10,3,883.2532958984375,250.4644317626953,827.091064453125,379.5772399902344,0.7011526226997375,0.12855857610702515,-1,-1
cam0,11,0,1067.1881103515625,259.75128173828125,891.7562866210938,359.8602600097656,0.007066693622618914,0.958362877368927,0,0
cam0,11,1,886.974853515625,357.8290100097656,1095.2315673828125,226.76626586914062,0.3235800266265869,0.017866963520646095,1,1
cam0,11,2,974.2606811523438,305.651123046875,679.5023193359375,464.1999206542969,0.07060082256793976,0.0011709609534591436,2,2
cam0,11,3,898.0379028320312,251.82994079589844,824.2888793945312,340.24884033203125,0.5987524390220642,0.022599175572395325,-1,-1
cam0,12,0,1069.1131591796875,260.8715515136719,887.9141845703125,360.2311096191406,0.005023338366299868,0.8829890489578247,0,0
cam0,12,1,895.19189453125,362.04913330078125,1092.8487548828125,231.78475952148438,0.4230246841907501,0.054843880236148834,1,1
cam0,12,2,964.956787109375,303.2800598144531,679.065185546875,467.2978210449219,0.061812624335289,0.0032894411124289036,2,2
cam0,12,3,907.9116821289062,254.29446411132812,819.0569458007812,348.34698486328125,0.5101394057273865,0.05887771025300026,-1,-1
cam0,13,0,1072.094482421875,261.466064453125,887.183349609375,359.16082763671875,0.002419425640255213,0.8280913829803467,0,0
cam0,13,1,890.2354125976562,361.1895446777344,949.7291870117188,321.44073486328125,0.2377149611711502,0.05519208312034607,1,1
cam0,13,2,963.3178100585938,300.3204650878906,1089.304443359375,234.34059143066406,0.12012132257223129,0.008103080093860626,2,2
cam0,13,3,896.4673461914062,268.2532958984375,812.6284790039062,348.66558837890625,0.6397443413734436,0.10861335694789886,-1,-1
cam0,14,0,1073.497802734375,264.0602722167969,883.6463012695312,360.385986328125,0.009748402051627636,0.4190058708190918,0,0
cam0,14,1,882.7683715820312,361.108642578125,678.400634765625,462.9086608886719,0.10494419187307358,0.1361532062292099,1,1
cam0,14,2,971.7040405273438,299.6932067871094,945.244384765625,311.68902587890625,0.0820670798420906,0.0736769363284111,2,2
cam0,14,3,882.8287353515625,266.45831298828125,804.4949340820312,362.4111328125,0.8032402992248535,0.3711640536785126,-1,-1
cam0,15,0,1073.69970703125,264.5457458496094,884.2994995117188,363.255615234375,0.006230145692825317,0.3032630681991577,0,0
cam0,15,1,884.088623046875,366.910888671875,689.1757202148438,471.2112121582031,0.07904873788356781,0.15903867781162262,1,1
cam0,15,2,891.1068725585938,266.927490234375,949.6260986328125,315.1081237792969,0.07113827019929886,0.05943674594163895,2,2
cam0,15,3,859.3611450195312,267.9017028808594,810.3394165039062,370.7461242675781,0.8435828685760498,0.47826144099235535,-1,-1
cam0,16,0,1078.8359375,262.82525634765625,884.1411743164062,364.27838134765625,0.007532922551035881,0.2981944680213928,0,0
cam0,16,1,884.1516723632812,362.39385986328125,688.6854248046875,473.9380187988281,0.07075780630111694,0.14189116656780243,1,1
cam0,16,2,976.7321166992188,303.8052673339844,961.1444702148438,317.2404479980469,0.11771610379219055,0.06417633593082428,2,2
cam0,16,3,866.8961791992188,276.12890625,804.5863647460938,365.634033203125,0.8039931654930115,0.49573805928230286,-1,-1
cam0,17,0,1092.833740234375,242.38438415527344,883.2990112304688,366.45770263671875,0.0063356743194162846,0.19274136424064636,0,0
cam0,17,1,990.3123779296875,306.38909912109375,666.1215209960938,460.10589599609375,0.05216050148010254,0.14870668947696686,1,1
cam0,17,2,875.2039794921875,358.3758239746094,1027.1964111328125,358.7788391113281,0.07943958044052124,0.07253462821245193,2,2
cam0,17,3,846.9093017578125,283.2489929199219,793.1580810546875,367.1805114746094,0.8620643019676208,0.586017370223999,-1,-1
cam0,18,0,1001.4649047851562,309.1298828125,884.7066040039062,364.378173828125,0.01256498508155346,0.11087861657142639,0,0
cam0,18,1,1026.3699951171875,375.3533935546875,687.2252807617188,482.5764465332031,0.027915678918361664,0.07788576930761337,1,1
cam0,18,2,896.955810546875,266.5367126464844,1031.7109375,378.6590881347656,0.01861185021698475,0.062151819467544556,2,2
cam0,18,3,834.8284912109375,295.62261962890625,793.129150390625,381.6741027832031,0.9409074783325195,0.7490837574005127,-1,-1
cam0,19,0,1003.635498046875,306.58953857421875,884.0660400390625,362.62255859375,0.006805299781262875,0.2166869044303894,0,0
cam0,19,1,693.6449584960938,472.4165344238281,692.0894775390625,476.1265563964844,0.0416732057929039,0.1950431913137436,1,1
cam0,19,2,1003.7023315429688,369.9853820800781,1048.262939453125,266.3567810058594,0.039281465113162994,0.10900872945785522,2,2
cam0,19,3,818.0549926757812,299.4076232910156,802.353271484375,362.7972106933594,0.9122400283813477,0.4792611598968506,-1,-1
cam0,20,0,1016.207763671875,309.01153564453125,884.1962890625,362.39764404296875,0.007276390213519335,0.23153212666511536,0,0
cam0,20,1,691.8087158203125,472.2408142089844,689.7050170898438,474.1118469238281,0.03100520186126232,0.1991540938615799,1,1
cam0,20,2,999.564208984375,371.82159423828125,1017.8238525390625,379.6853332519531,0.02759399823844433,0.06994447112083435,2,2
cam0,20,3,796.4151000976562,294.7146301269531,799.6966552734375,377.140869140625,0.9341244101524353,0.499369353055954,-1,-1
cam0,21,0,1017.9733276367188,308.09210205078125,882.55126953125,364.2692565917969,0.00684888893738389,0.0703471451997757,0,0
cam0,21,1,1002.2862548828125,380.7352600097656,672.5104370117188,472.007080078125,0.0501067079603672,0.3248802125453949,1,1
cam0,21,2,1115.0006103515625,296.2056884765625,1051.84521484375,272.9571838378906,0.03437734395265579,0.1585608273744583,2,2
cam0,21,3,805.5762329101562,300.4651794433594,775.796142578125,374.3328552246094,0.9086670279502869,0.4462118148803711,-1,-1
cam0,22,0,1032.6722412109375,304.9207763671875,687.3978271484375,476.9432067871094,0.005866703111678362,0.06462107598781586,0,0
cam0,22,1,680.5693359375,471.6470642089844,887.8468017578125,367.6416015625,0.03802717849612236,0.09615121781826019,1,1
cam0,22,2,989.633056640625,379.4027404785156,985.7539672851562,404.5760498046875,0.027722937986254692,0.0653735026717186,2,2
cam0,22,3,778.5022583007812,310.9900817871094,744.1929321289062,400.1167297363281,0.9283832311630249,0.7738542556762695,-1,-1
cam0,23,0,1052.7138671875,290.8605651855469,685.1044311523438,475.3022766113281,0.003648120677098632,0.18775172531604767,0,0
cam0,23,1,1005.7798461914062,386.2933349609375,887.2955932617188,371.8013916015625,0.047556567937135696,0.08790376782417297,1,1
cam0,23,2,941.5821533203125,285.5369567871094,973.8920288085938,414.4438781738281,0.050535235553979874,0.04900798201560974,2,2
cam0,23,3,771.7088623046875,312.38433837890625,760.1937866210938,403.0791931152344,0.8982600569725037,0.675336480140686,-1,-1
cam0,24,0,1054.6630859375,294.1845703125,886.6521606445312,369.1753845214844,0.0022706787567585707,0.08980255573987961,0,0
cam0,24,1,956.8125,292.87286376953125,685.4717407226562,479.0314025878906,0.06650110334157944,0.11801972985267639,1,1
cam0,24,2,987.0324096679688,382.9548034667969,966.4779663085938,426.2158203125,0.06677249073982239,0.045605067163705826,2,2
cam0,24,3,758.891845703125,317.7842712402344,736.0358276367188,428.2809753417969,0.8644557595252991,0.7465726137161255,-1,-1
cam0,25,0,1054.6856689453125,297.9403991699219,674.9603271484375,468.0868835449219,0.0002939644327852875,0.7069400548934937,0,0
cam0,25,1,679.3890991210938,461.8529052734375,887.2942504882812,371.364013671875,0.1912289559841156,0.037584297358989716,1,1
cam0,25,2,991.0897216796875,381.64532470703125,958.07177734375,432.927001953125,0.048488181084394455,0.015340927056968212,2,2
cam0,25,3,564.7359619140625,419.0583190917969,576.6970825195312,471.73895263671875,0.7599888443946838,0.24013471603393555,-1,-1
cam0,26,0,674.84521484375,453.0917053222656,671.9010620117188,453.170654296875,0.978459358215332,0.9949684739112854,0,0
cam0,26,1,1055.435546875,277.97479248046875,972.2515869140625,441.0967712402344,0.0025634360499680042,0.00027448494802229106,1,1
cam0,26,2,1000.0761108398438,370.1947937011719,475.4081726074219,484.7568359375,0.0004848903336096555,6.389160989783704e-05,2,2
cam0,26,3,577.4320068359375,440.8023681640625,570.8140258789062,460.11187744140625,0.01849234849214554,0.004693139344453812,-1,-1
cam0,27,0,674.9049072265625,442.1711120605469,674.27880859375,444.80743408203125,0.9748671650886536,0.9858651161193848,0,0
cam0,27,1,1053.134033203125,269.2594299316406,488.0520324707031,493.68792724609375,0.0026910731103271246,0.001840087934397161,1,1
cam0,27,2,999.4644775390625,374.5941467285156,961.060302734375,431.16448974609375,0.00029009493300691247,0.0001410853728884831,2,2
cam0,27,3,596.197509765625,454.45849609375,594.10400390625,489.10919189453125,0.022151729092001915,0.012153763324022293,-1,-1
cam0,28,0,676.0123901367188,430.2086486816406,674.4164428710938,431.52117919921875,0.9013031721115112,0.8703473806381226,0,0
cam0,28,1,1054.4012451171875,272.1676940917969,487.6947021484375,492.6593017578125,0.027213700115680695,0.019712770357728004,1,1
cam0,28,2,999.1366577148438,375.2095642089844,960.3228759765625,420.9002990722656,0.001277103554457426,0.0010205750586465001,2,2
cam0,28,3,588.5886840820312,465.4548645019531,557.8694458007812,498.080322265625,0.07020606100559235,0.10891932994127274,-1,-1
cam0,29,0,672.48486328125,423.1756896972656,672.7520141601562,424.2616882324219,0.8697218298912048,0.8417398929595947,0,0
cam0,29,1,1057.8026123046875,270.2169189453125,648.4568481445312,535.575927734375,0.02099647745490074,0.023052919656038284,1,1
cam0,29,2,997.9696655273438,374.1398620605469,473.443359375,485.7703857421875,0.0018114064587280154,0.0017064514104276896,2,2
cam0,29,3,613.6557006835938,466.5401916503906,592.1196899414062,488.1435852050781,0.10747037827968597,0.13350069522857666,-1,-1
cam0,30,0,676.6949462890625,419.332763671875,678.774169921875,424.9334411621094,0.9882184863090515,0.9953309893608093,0,0
cam0,30,1,1101.2802734375,220.81277465820312,624.0206909179688,534.499755859375,0.0011125517776235938,0.00045599541044794023,1,1
cam0,30,2,1054.7237548828125,271.13262939453125,477.06365966796875,490.6241760253906,0.00013236174709163606,6.02204781898763e-05,2,2
cam0,30,3,592.4923706054688,430.9904479980469,605.0377197265625,461.5931396484375,0.010536529123783112,0.004152705427259207,-1,-1
cam0,31,0,673.6953735351562,417.94879150390625,679.0388793945312,438.3895263671875,0.9627720713615417,0.9949339032173157,0,0
cam0,31,1,1065.820068359375,272.68646240234375,486.4361572265625,492.5644226074219,0.005578291602432728,0.0004884311347268522,1,1
cam0,31,2,1147.2646484375,313.84716796875,607.1264038085938,528.8018188476562,0.0006448630010709167,9.670949657447636e-05,2,2
cam0,31,3,588.1060180664062,473.3664855957031,611.074951171875,434.4873352050781,0.0310046449303627,0.0044810231775045395,-1,-1
cam0,32,0,679.9315185546875,436.4296875,684.4198608398438,444.6402282714844,0.9806482195854187,0.6219499707221985,0,0
cam0,32,1,1168.726806640625,314.2308349609375,491.0698547363281,489.6044616699219,0.001990336226299405,0.09113415330648422,1,1
cam0,32,2,1068.96142578125,258.7302551269531,592.3954467773438,513.1327514648438,0.0003583290090318769,0.003353164065629244,2,2
cam0,32,3,604.2413940429688,415.8619079589844,575.8557739257812,432.3125915527344,0.017003100365400314,0.2835627794265747,-1,-1
cam0,33,0,677.7362670898438,435.6728210449219,681.5858764648438,439.3444519042969,0.8646386861801147,0.6049484610557556,0,0
cam0,33,1,1078.8046875,274.0882568359375,489.0574951171875,489.3224182128906,0.02815573289990425,0.09460081160068512,1,1
cam0,33,2,1158.83251953125,301.49951171875,598.103759765625,513.6777954101562,0.0008100434788502753,0.0009563206695020199,2,2
cam0,33,3,575.2008666992188,433.0334167480469,586.518798828125,456.8975524902344,0.10639554262161255,0.2994944453239441,-1,-1
cam0,34,0,671.9249877929688,427.6095886230469,674.5234985351562,430.9327697753906,0.6391222476959229,0.84996497631073,0,0
cam0,34,1,1075.17333984375,271.3815002441406,1106.4671630859375,263.6880187988281,0.03725798800587654,0.01917964406311512,1,1
cam0,34,2,1002.5075073242188,304.3893127441406,475.0909118652344,479.1031188964844,0.023906543850898743,0.002692640060558915,2,2
cam0,34,3,608.3902587890625,422.7723083496094,592.4390869140625,442.1819152832031,0.29971322417259216,0.12816263735294342,-1,-1
cam0,35,0,673.208984375,425.8493347167969,675.7017211914062,428.5964050292969,0.7008471488952637,0.6768630743026733,0,0
cam0,35,1,1070.767578125,265.0134582519531,1109.871826171875,263.62164306640625,0.04288911819458008,0.08068075776100159,1,1
cam0,35,2,993.0958251953125,306.45855712890625,474.8176574707031,478.4527587890625,0.017388250678777695,0.004578617867082357,2,2
cam0,35,3,610.52978515625,421.4923095703125,597.7155151367188,433.8961181640625,0.23887543380260468,0.23787754774093628,-1,-1
cam0,36,0,674.7299194335938,420.4543762207031,676.1828002929688,422.40301513671875,0.6198030114173889,0.5729119181632996,0,0
cam0,36,1,1069.014404296875,267.1177062988281,1112.0150146484375,263.35986328125,0.06455007195472717,0.09483533352613449,1,1
cam0,36,2,995.3981323242188,308.0164794921875,476.2170104980469,475.8339538574219,0.028851671144366264,0.011680727824568748,2,2
cam0,36,3,616.5347900390625,421.71527099609375,613.8268432617188,431.65228271484375,0.28679516911506653,0.3205720782279968,-1,-1
cam0,37,0,670.9798583984375,420.8049621582031,673.92333984375,418.4371643066406,0.8332541584968567,0.5704650282859802,0,0
cam0,37,1,1065.161376953125,274.0035095214844,1112.9017333984375,266.7317810058594,0.015909668058156967,0.08816562592983246,1,1
cam0,37,2,991.6281127929688,311.49652099609375,474.4833068847656,470.688232421875,0.01041331235319376,0.012394871562719345,2,2
cam0,37,3,560.1521606445312,465.08721923828125,585.9122314453125,433.6195983886719,0.14042280614376068,0.32897451519966125,-1,-1
cam0,38,0,1000.2513427734375,310.6835632324219,1005.4032592773438,314.33489990234375,0.00014413558528758585,0.00013465249503497034,0,0
cam0,38,1,1092.0294189453125,294.7378234863281,674.8797607421875,417.07061767578125,0.33655673265457153,0.7346325516700745,1,1
cam0,38,2,650.52978515625,411.16094970703125,1088.4976806640625,260.8295593261719,0.08149655163288116,0.04892498999834061,2,2
cam0,38,3,519.6788940429688,415.9254455566406,570.5610961914062,398.24560546875,0.5818026065826416,0.21630777418613434,-1,-1
cam0,39,0,997.7185668945312,309.8442077636719,1004.6554565429688,316.11700439453125,9.569487883709371e-05,4.610401811078191e-05,0,0
cam0,39,1,1102.649658203125,300.103515625,677.5452880859375,409.6736145019531,0.6736123561859131,0.8507863283157349,1,1
cam0,39,2,658.0069580078125,411.6046447753906,1084.76806640625,263.6285705566406,0.07196002453565598,0.03708798810839653,2,2
cam0,39,3,541.6837158203125,404.86767578125,585.4869384765625,396.8595275878906,0.25433194637298584,0.11207951605319977,-1,-1
cam0,40,0,999.5186157226562,309.53057861328125,1004.1751708984375,317.2260437011719,7.75530788814649e-05,2.83084373222664e-05,0,0
cam0,40,1,672.1254272460938,397.8756103515625,673.7462768554688,396.9740295410156,0.5033695101737976,0.8873668313026428,1,1
cam0,40,2,1086.93017578125,299.694091796875,1082.300048828125,263.32757568359375,0.06234288215637207,0.029644543305039406,2,2
cam0,40,3,521.420654296875,413.1420593261719,588.6626586914062,395.713134765625,0.43421003222465515,0.08296028524637222,-1,-1
cam0,41,0,1003.6730346679688,310.39141845703125,1006.9019165039062,319.3652648925781,0.00011758517939597368,4.71200946776662e-05,0,0
cam0,41,1,672.7767944335938,394.45635986328125,673.5036010742188,395.29229736328125,0.5570293068885803,0.900054931640625,1,1
cam0,41,2,1090.427978515625,299.9736633300781,1079.1397705078125,265.1998291015625,0.13848145306110382,0.02784833125770092,2,2
cam0,41,3,611.5895385742188,382.6636657714844,630.3700561523438,380.4997863769531,0.30437159538269043,0.07204974442720413,-1,-1
cam0,42,0,675.3006591796875,387.5286865234375,673.9051513671875,388.69232177734375,0.9923685193061829,0.991192638874054,0,0
cam0,42,1,1114.4368896484375,306.6376953125,1014.1065673828125,319.5303955078125,0.0005260453908704221,0.00047561406972818077,1,1
cam0,42,2,1013.488525390625,310.2337951660156,620.8031005859375,523.9769897460938,0.00022217836522031575,0.00012924172915518284,2,2
cam0,42,3,609.3432006835938,406.3883056640625,607.3905639648438,410.6355895996094,0.006883217487484217,0.008202528581023216,-1,-1
cam0,43,0,673.5018920898438,382.14385986328125,671.4320068359375,382.2342834472656,0.9913427829742432,0.9947608113288879,0,0
cam0,43,1,1111.9891357421875,305.176513671875,1017.5808715820312,316.9079895019531,0.0013800080632790923,0.0005220264429226518,1,1
cam0,43,2,1016.8997192382812,307.624755859375,623.4229736328125,520.1380004882812,0.00013905814557801932,4.337340942583978e-05,2,2
cam0,43,3,633.576171875,424.9149169921875,632.0685424804688,425.95257568359375,0.007138096261769533,0.004673795308917761,-1,-1
cam0,44,0,673.158935546875,378.33367919921875,670.9302368164062,378.1361999511719,0.9971749782562256,0.9973446726799011,0,0
cam0,44,1,1110.8828125,301.57635498046875,675.3553466796875,245.90792846679688,0.00047277574776671827,0.0003718243387993425,1,1
cam0,44,2,953.5494995117188,302.4612731933594,1015.8173828125,306.5519104003906,6.90977176418528e-05,2.3394029994960874e-05,2,2
cam0,44,3,614.5469360351562,426.23577880859375,634.333251953125,414.32220458984375,0.0022831950336694717,0.0022601797245442867,-1,-1
cam0,45,0,670.7449340820312,373.2855529785156,670.632080078125,373.65631103515625,0.9928406476974487,0.9978631138801575,0,0
cam0,45,1,1098.052734375,291.19427490234375,673.7880249023438,250.40457153320312,0.0009081361931748688,0.00022881515906192362,1,1
cam0,45,2,950.1448364257812,303.79632568359375,1070.0289306640625,284.3740234375,9.804017463466153e-05,1.9360419173608534e-05,2,2
cam0,45,3,630.05517578125,412.9627685546875,660.3141479492188,391.19451904296875,0.006153171882033348,0.001888589351437986,-1,-1
cam0,46,0,668.954833984375,370.5789489746094,670.0122680664062,370.18780517578125,0.9955714344978333,0.9992511868476868,0,0
cam0,46,1,1083.0413818359375,218.0411376953125,659.9486083984375,250.27330017089844,0.0010650715557858348,0.00011784693197114393,1,1
cam0,46,2,1033.1300048828125,287.0898742675781,1088.38330078125,208.96160888671875,7.619433017680421e-05,8.197097486117855e-06,2,2
cam0,46,3,639.4666137695312,402.8523864746094,681.6060791015625,385.564453125,0.0032873398158699274,0.000622785126324743,-1,-1
cam0,47,0,668.0861206054688,367.04730224609375,669.1185913085938,365.4554138183594,0.9981624484062195,0.9994878768920898,0,0
cam0,47,1,1077.84521484375,214.240966796875,656.1967163085938,245.88967895507812,0.0004643867432605475,9.10229719011113e-05,1,1
cam0,47,2,1035.2342529296875,286.112060546875,1086.5960693359375,203.70770263671875,2.591000884422101e-05,4.749255367642036e-06,2,2
cam0,47,3,626.5114135742188,400.6772766113281,690.892333984375,381.2379455566406,0.0013471582205966115,0.00041632220381870866,-1,-1
cam0,48,0,667.41943359375,360.5274658203125,668.685791015625,358.67694091796875,0.9958531856536865,0.9994912147521973,0,0
cam0,48,1,1048.4749755859375,291.8280334472656,1099.615234375,204.57144165039062,0.002038276055827737,6.898077117512003e-05,1,1
cam0,48,2,1074.77783203125,191.41131591796875,632.3292846679688,235.8741912841797,0.00013861856132280082,5.246081400400726e-06,2,2
cam0,48,3,602.3680419921875,380.3666687011719,666.270751953125,371.49017333984375,0.0019699414260685444,0.00043450790690258145,-1,-1
cam0,49,0,667.2234497070312,356.61492919921875,665.87548828125,354.87017822265625,0.9949348568916321,0.9986572265625,0,0
cam0,49,1,1048.33544921875,289.49713134765625,1100.384765625,207.82498168945312,0.001772404881194234,0.00013474590377882123,1,1
cam0,49,2,1075.209716796875,224.50123596191406,663.0310668945312,500.1327209472656,0.0002441227698000148,1.5976516806404106e-05,2,2
cam0,49,3,587.9354248046875,381.3682861328125,673.197509765625,373.5629577636719,0.0030486537143588066,0.0011920714750885963,-1,-1
cam0,50,0,665.9828491210938,352.6800537109375,665.1514282226562,351.53070068359375,0.9962028861045837,0.9994200468063354,0,0
cam0,50,1,1077.8153076171875,260.2947692871094,486.1587829589844,463.0669860839844,0.0013756961561739445,0.00012268223508726805,1,1
cam0,50,2,960.8483276367188,296.6011962890625,875.21923828125,355.6141052246094,0.000285261106910184,1.1299165635136887e-05,2,2
cam0,50,3,600.0121459960938,380.4862365722656,668.33056640625,380.08154296875,0.002136200200766325,0.00044588983291760087,-1,-1
cam0,51,0,666.6703491210938,350.3926696777344,666.8412475585938,348.2330017089844,0.9962043166160583,0.9993470311164856,0,0
cam0,51,1,1072.260986328125,258.6521301269531,484.8912658691406,469.2679443359375,0.0013102758675813675,0.00012357810919638723,1,1
cam0,51,2,949.98388671875,294.30999755859375,873.07666015625,353.3692932128906,0.000300234358292073,1.9708862964762375e-05,2,2
cam0,51,3,597.1885986328125,364.8505554199219,674.0196533203125,363.44720458984375,0.002185229677706957,0.000509739329572767,-1,-1
cam0,52,0,667.2587280273438,347.39764404296875,667.5023803710938,344.7933349609375,0.9898215532302856,0.997730553150177,0,0
cam0,52,1,1066.4091796875,265.3899230957031,490.7054443359375,477.40185546875,0.004220276605337858,0.0005380656220950186,1,1
cam0,52,2,870.2864990234375,355.78753662109375,871.2147827148438,353.5420227050781,0.0011763997608795762,0.00017180920985992998,2,2
cam0,52,3,619.3786010742188,347.027587890625,695.774658203125,351.41925048828125,0.004781780764460564,0.0015595235163345933,-1,-1
cam0,53,0,666.5225830078125,343.9280700683594,668.0712890625,343.2218933105469,0.9906903505325317,0.993747353553772,0,0
cam0,53,1,1064.9947509765625,265.5640869140625,485.92059326171875,473.9659118652344,0.003816811367869377,0.0015710415318608284,1,1
cam0,53,2,869.9559936523438,351.86383056640625,869.764404296875,353.008056640625,0.0012788582826033235,0.0006945334607735276,2,2
cam0,53,3,637.9291381835938,345.8585205078125,701.4545288085938,356.5177307128906,0.004213900305330753,0.003987007308751345,-1,-1
cam0,54,0,666.9724731445312,337.2652587890625,667.7623291015625,336.90478515625,0.999204695224762,0.9998217225074768,0,0
cam0,54,1,1062.8179931640625,273.7816162109375,483.8704833984375,478.9629211425781,0.00013554493489209563,1.346153294434771e-05,1,1
cam0,54,2,1067.80517578125,211.08428955078125,1163.637939453125,312.96380615234375,8.71910378918983e-06,2.09840663956129e-06,2,2
cam0,54,3,662.331787109375,387.0120544433594,690.4522094726562,378.8973693847656,0.0006511029205285013,0.00016264543228317052,-1,-1
cam0,55,0,669.4425048828125,331.4549560546875,667.1421508789062,333.3900146484375,0.999627947807312,0.9990321397781372,0,0
cam0,55,1,1057.16259765625,271.6720275878906,482.8066711425781,472.70709228515625,0.0001165214489446953,0.00012537218572106212,1,1
cam0,55,2,1075.226806640625,197.45375061035156,869.9331665039062,350.8279113769531,4.8087354116432834e-06,4.3469801312312484e-05,2,2
cam0,55,3,689.26416015625,390.61468505859375,746.2224731445312,375.2225036621094,0.00025077851023525,0.0007990023586899042,-1,-1
cam0,56,0,665.370361328125,331.051513671875,666.4965209960938,329.95526123046875,0.9982866644859314,0.9995619654655457,0,0
cam0,56,1,1054.9300537109375,282.56060791015625,486.1577453613281,478.1363220214844,0.0008112885989248753,7.961734809214249e-05,1,1
cam0,56,2,1079.7144775390625,189.0760955810547,1145.98095703125,288.3416442871094,6.96641145623289e-05,1.464382148697041e-05,2,2
cam0,56,3,683.58203125,377.0998229980469,716.0486450195312,368.55419921875,0.0008324836380779743,0.0003438263956923038,-1,-1
cam0,57,0,668.0655517578125,327.8738098144531,668.415771484375,327.8236083984375,0.9993749260902405,0.9995433688163757,0,0
cam0,57,1,1069.0692138671875,285.110107421875,488.6957702636719,474.9346618652344,0.00032322853803634644,2.9703043765039183e-05,1,1
cam0,57,2,1085.0399169921875,195.1465301513672,1119.3314208984375,195.64236450195312,2.1228139303275384e-05,1.422727382305311e-05,2,2
cam0,57,3,663.6903686523438,379.2449951171875,734.6339111328125,358.3655700683594,0.00028064963407814503,0.000412781402701512,-1,-1
cam0,58,0,665.3429565429688,324.6229553222656,665.4446411132812,323.5469055175781,0.9997754693031311,0.9998158812522888,0,0
cam0,58,1,1165.548095703125,317.4837951660156,488.5937194824219,473.53497314453125,0.00011894793715327978,1.4357904547068756e-05,1,1
cam0,58,2,1062.885498046875,282.2884216308594,1107.721923828125,278.2707824707031,8.73500630405033e-06,5.509442871698411e-06,2,2
cam0,58,3,680.3345336914062,384.2272033691406,695.8283081054688,373.6315002441406,9.691651939647272e-05,0.00016440999752376229,-1,-1
cam0,59,0,665.7119750976562,322.04864501953125,664.9717407226562,320.1781005859375,0.9981420040130615,0.9998950958251953,0,0
cam0,59,1,1168.765869140625,313.9647521972656,485.999267578125,473.4347839355469,0.0005383090465329587,1.4090502190811094e-05,1,1
cam0,59,2,1057.0548095703125,266.4898376464844,1111.570556640625,270.25653076171875,7.19884192221798e-05,2.377454848101479e-06,2,2
cam0,59,3,678.3839721679688,351.6015625,703.376220703125,361.6820068359375,0.0012477387208491564,8.838974463287741e-05,-1,-1
cam0,60,0,665.751953125,321.6230773925781,668.3822021484375,319.4554138183594,0.9979977011680603,0.9999226331710815,0,0
cam0,60,1,1166.546142578125,309.03009033203125,488.207763671875,474.4692687988281,0.0005862084217369556,7.67748224461684e-06,1,1
cam0,60,2,1050.9051513671875,268.3008117675781,1110.22998046875,269.8807678222656,8.099885599222034e-05,1.152274307969492e-06,2,2
cam0,60,3,678.0885620117188,345.53033447265625,715.3369140625,365.492431640625,0.0013350703520700336,6.855000538052991e-05,-1,-1
cam0,61,0,665.2825317382812,318.8388977050781,667.150146484375,317.614013671875,0.9995410442352295,0.9990923404693604,0,0
cam0,61,1,1166.90185546875,304.8126220703125,487.2621154785156,469.52264404296875,0.0001262775476789102,0.00016599349328316748,1,1
cam0,61,2,1044.4666748046875,265.7064208984375,1108.63623046875,270.6487731933594,2.6196665203315206e-05,7.738202111795545e-05,2,2
cam0,61,3,669.634521484375,367.42626953125,750.1882934570312,367.5628967285156,0.0003064829215873033,0.0006642799125984311,-1,-1
cam0,62,0,666.7682495117188,316.7431640625,665.9196166992188,314.94659423828125,0.9992926120758057,0.9995571970939636,0,0
cam0,62,1,1064.5,272.16046142578125,1171.9388427734375,335.0388488769531,0.00028693530475720763,0.0001035847162711434,1,1
cam0,62,2,1110.80126953125,288.0990905761719,475.5370178222656,464.11651611328125,7.582536636618897e-05,3.3774693292798474e-05,2,2
cam0,62,3,690.598388671875,365.61004638671875,739.311279296875,365.96405029296875,0.00034456048160791397,0.0003055594861507416,-1,-1
cam0,63,0,666.927734375,317.3473205566406,666.836669921875,312.23004150390625,0.9952410459518433,0.9998632669448853,0,0
cam0,63,1,1091.3248291015625,255.640625,1173.9959716796875,333.7436218261719,0.0011879284866154194,1.3645638318848796e-05,1,1
cam0,63,2,1158.6004638671875,312.54669189453125,479.113525390625,465.13800048828125,0.00041890938882716,1.6360677363991272e-06,2,2
cam0,63,3,664.6380615234375,326.4637756347656,727.392578125,371.9457092285156,0.0031521327327936888,0.00012149588292231783,-1,-1
cam0,64,0,665.4091186523438,311.9645690917969,667.7745361328125,309.6939697265625,0.9991304278373718,0.9997726082801819,0,0
cam0,64,1,1099.0528564453125,272.86358642578125,1175.464599609375,335.4422912597656,0.0003127200761809945,1.0505746104172431e-05,1,1
cam0,64,2,1163.793212890625,320.5551452636719,476.0170593261719,461.9694519042969,7.626003207406029e-05,3.614565002862946e-06,2,2
cam0,64,3,673.4942626953125,370.68316650390625,719.7545166015625,359.1912536621094,0.0004806356446351856,0.00021331061725504696,-1,-1
cam0,65,0,665.6475830078125,311.5894775390625,667.1531982421875,308.0621337890625,0.9987974166870117,0.9995009899139404,0,0
cam0,65,1,1106.3375244140625,272.3133850097656,1175.2056884765625,332.2665100097656,0.0005575042450800538,6.507270154543221e-05,1,1
cam0,65,2,1160.9351806640625,322.8238830566406,474.4534606933594,452.5716857910156,0.00010069084237329662,2.354784191993531e-05,2,2
cam0,65,3,673.8260498046875,363.4975891113281,714.2235717773438,352.35968017578125,0.0005444248672574759,0.0004102939274162054,-1,-1
cam0,66,0,664.9926147460938,309.654296875,666.5541381835938,308.46722412109375,0.9994871616363525,0.9997922778129578,0,0
cam0,66,1,888.4829711914062,373.3616027832031,1104.24755859375,298.92425537109375,0.00015048343630041927,2.4071725420071743e-05,1,1
cam0,66,2,1069.688720703125,241.05369567871094,474.3426208496094,462.2987365722656,3.322239717817865e-05,4.438884843693813e-06,2,2
cam0,66,3,662.4788818359375,375.65118408203125,706.37109375,358.1414794921875,0.0003290413587819785,0.00017930151079781353,-1,-1
cam0,67,0,665.1298828125,307.475341796875,665.892333984375,307.5745544433594,0.9976732134819031,0.9997603297233582,0,0
cam0,67,1,889.4902954101562,368.4034423828125,1091.0269775390625,275.091064453125,0.000738216214813292,2.174278961319942e-05,1,1
cam0,67,2,1063.3057861328125,233.0074005126953,654.6719970703125,512.2056884765625,0.00022503675427287817,3.1997296900954098e-06,2,2
cam0,67,3,653.1173095703125,366.27020263671875,710.5511474609375,352.5372009277344,0.0013635697541758418,0.00021472426305990666,-1,-1
cam0,68,0,665.4645385742188,303.45465087890625,665.1172485351562,306.865234375,0.9965106844902039,0.9997881054878235,0,0
cam0,68,1,886.4742431640625,361.3025207519531,1081.85498046875,279.22027587890625,0.0023553462233394384,2.1426820239867084e-05,1,1
cam0,68,2,1063.2705078125,230.36074829101562,1141.7498779296875,294.580322265625,0.0001701872970443219,2.0708444026240613e-06,2,2
cam0,68,3,672.2149658203125,411.31829833984375,712.3294067382812,355.7427978515625,0.00096377037698403,0.00018837943207472563,-1,-1
cam0,69,0,664.084228515625,301.971435546875,665.9976806640625,302.63482666015625,0.9974846839904785,0.9988206028938293,0,0
cam0,69,1,885.2067260742188,367.1379089355469,659.5601196289062,527.4481201171875,0.0016744957538321614,0.0002730890118982643,1,1
cam0,69,2,1071.5908203125,242.06597900390625,1067.2197265625,259.24578857421875,0.00013346188643481582,9.00799423106946e-05,2,2
cam0,69,3,689.1819458007812,401.0348815917969,759.1243286132812,370.94781494140625,0.0007074301247484982,0.0008161513251252472,-1,-1
cam0,70,0,665.5964965820312,303.078125,666.2544555664062,302.1740417480469,0.9978163242340088,0.9993256330490112,0,0
cam0,70,1,1146.2723388671875,306.07745361328125,1163.055908203125,265.3514709472656,0.0014858113136142492,0.00025986492983065546,1,1
cam0,70,2,883.3216552734375,363.3106994628906,1163.58056640625,330.5536804199219,0.00010792793909786269,5.7950703194364905e-05,2,2
cam0,70,3,700.2310791015625,401.3825988769531,754.6339111328125,380.8777770996094,0.0005899680545553565,0.0003567087696865201,-1,-1
cam0,71,0,665.1788940429688,307.0384216308594,667.0525512695312,302.6759948730469,0.9935405850410461,0.9993712306022644,0,0
cam0,71,1,1154.856689453125,305.9422302246094,1163.9613037109375,262.1005859375,0.002352040959522128,0.0002522006689105183,1,1
cam0,71,2,878.3616333007812,362.577392578125,1162.5240478515625,332.570068359375,0.0005514972726814449,5.595590846496634e-05,2,2
cam0,71,3,678.568603515625,340.3327941894531,759.8563232421875,383.5672607421875,0.003555903909727931,0.00032055354677140713,-1,-1
cam0,72,0,665.500244140625,302.0650329589844,666.8072509765625,304.63140869140625,0.9974513649940491,0.9995738863945007,0,0
cam0,72,1,1164.09814453125,330.4088134765625,1159.8192138671875,259.2779541015625,0.0013877582969143987,0.00011699772585416213,1,1
cam0,72,2,882.4132080078125,361.53204345703125,1160.1629638671875,334.5286560058594,0.00017017778009176254,1.5819356121937744e-05,2,2
cam0,72,3,708.8661499023438,399.9242858886719,715.602783203125,352.33795166015625,0.0009907122002914548,0.00029328829259611666,-1,-1
cam0,73,0,665.177001953125,300.5201110839844,665.8001098632812,302.9824523925781,0.9958470463752747,0.9996119141578674,0,0
cam0,73,1,1128.5413818359375,287.3224792480469,1160.625732421875,257.05389404296875,0.0025745604652911425,8.813007298158482e-05,1,1
cam0,73,2,1161.6417236328125,327.95062255859375,1157.575439453125,333.8115234375,0.0004756069974973798,1.9815421183011495e-05,2,2
cam0,73,3,649.3477172851562,402.03607177734375,693.9296264648438,351.5052185058594,0.0011029124725610018,0.000280124630080536,-1,-1
cam0,74,0,1165.2169189453125,337.2178649902344,667.1179809570312,303.0894470214844,0.0007322094170376658,0.9978551268577576,0,0
cam0,74,1,669.2349853515625,300.8686218261719,1160.28173828125,257.28790283203125,0.45493173599243164,0.0009478153078816831,1,1
cam0,74,2,1098.7232666015625,277.3939208984375,1161.6641845703125,335.4490051269531,0.19472695887088776,0.00016994007455650717,2,2
cam0,74,3,564.5034790039062,330.1853942871094,684.7116088867188,334.6754455566406,0.3496091067790985,0.001026991056278348,-1,-1
cam0,75,0,1105.5748291015625,281.4169006347656,666.8043823242188,302.2654113769531,0.00023212750966195017,0.995895266532898,0,0
cam0,75,1,1171.1409912109375,337.350341796875,1159.4112548828125,258.4488220214844,0.26711517572402954,0.0018291715532541275,1,1
cam0,75,2,647.4620361328125,296.7829895019531,1159.905517578125,334.71136474609375,0.12010122090578079,0.0004047300899401307,2,2
cam0,75,3,583.5852661132812,336.49761962890625,681.9752807617188,339.1745300292969,0.6125514507293701,0.0018708774587139487,-1,-1
cam0,76,0,1162.7674560546875,332.9322814941406,667.7286376953125,300.8580017089844,0.00019986749975942075,0.9945228099822998,0,0
cam0,76,1,1110.7857666015625,291.6778259277344,1170.8487548828125,339.7950744628906,0.31912800669670105,0.00240717432461679,1,1
cam0,76,2,649.7298583984375,293.6453857421875,870.1010131835938,356.1895751953125,0.1747121512889862,0.0006113404524512589,2,2
cam0,76,3,581.8255615234375,337.9148864746094,672.7073364257812,337.5256652832031,0.5059600472450256,0.0024586720392107964,-1,-1
cam0,77,0,1093.308349609375,291.9454345703125,665.2108154296875,298.1414489746094,0.00017868024588096887,0.9974040389060974,0,0
cam0,77,1,1165.375244140625,328.0408935546875,1168.71826171875,335.1167297363281,0.26821890473365784,0.001401963410899043,1,1
cam0,77,2,649.4714965820312,291.2965393066406,870.9937744140625,353.7414855957031,0.15783429145812988,0.00012678856728598475,2,2
cam0,77,3,578.7025146484375,337.1545104980469,669.852783203125,349.9168395996094,0.573768138885498,0.0010671961354091763,-1,-1
cam0,78,0,1096.361328125,290.5489807128906,666.9022827148438,296.7078552246094,0.00014124572044238448,0.9986774325370789,0,0
cam0,78,1,666.9673461914062,300.4387512207031,1153.62548828125,284.579833984375,0.40038952231407166,0.0005767278489656746,1,1
cam0,78,2,467.8175964355469,480.1866149902344,1151.145263671875,326.7380065917969,0.136123389005661,0.00010336640116292983,2,2
cam0,78,3,584.4326171875,332.59246826171875,671.0364379882812,342.047119140625,0.46334585547447205,0.0006425370811484754,-1,-1
cam0,79,0,1098.9788818359375,289.19287109375,667.6077880859375,300.319580078125,0.00016110471915453672,0.9929539561271667,0,0
cam0,79,1,664.8539428710938,302.35211181640625,1156.434326171875,284.96966552734375,0.34891146421432495,0.004471707157790661,1,1
cam0,79,2,1013.340087890625,375.74365234375,867.2315063476562,352.3186340332031,0.153356671333313,0.0002628308429848403,2,2
cam0,79,3,589.509521484375,333.04168701171875,700.588134765625,362.88079833984375,0.49757081270217896,0.0023114802315831184,-1,-1
cam0,80,0,1094.9273681640625,292.5621032714844,668.18603515625,301.64166259765625,0.00015501357847824693,0.9975661039352417,0,0
cam0,80,1,663.0821533203125,300.7825927734375,876.3801879882812,361.8565673828125,0.3182772099971771,0.0013123536482453346,1,1
cam0,80,2,1150.0008544921875,326.3871765136719,1152.9847412109375,278.5187683105469,0.1853381097316742,0.00013929148553870618,2,2
cam0,80,3,587.3991088867188,333.11029052734375,713.6864624023438,349.6933898925781,0.4962296783924103,0.0009823128348216414,-1,-1
cam0,81,0,1098.2601318359375,291.2364807128906,668.7122802734375,301.3775329589844,0.00014092458877712488,0.998316764831543,0,0
cam0,81,1,662.8263549804688,306.07562255859375,875.8727416992188,358.87066650390625,0.3395533859729767,0.0008052439079619944,1,1
cam0,81,2,1150.831787109375,331.4195251464844,1162.0921630859375,328.09088134765625,0.17683222889900208,0.00012725168198812753,2,2
cam0,81,3,573.8060302734375,336.6648864746094,717.89306640625,351.1680908203125,0.48347342014312744,0.0007508315029554069,-1,-1
cam0,82,0,666.8209838867188,304.24798583984375,668.656005859375,302.1416931152344,0.9982434511184692,0.997797966003418,0,0
cam0,82,1,1166.1842041015625,339.18316650390625,1171.8546142578125,335.5871276855469,0.000617383630014956,0.001034000888466835,1,1
cam0,82,2,1025.068115234375,369.4407653808594,474.0268859863281,480.49053955078125,0.0002774982713162899,0.00012399617116898298,2,2
cam0,82,3,610.8900146484375,371.20318603515625,743.9361572265625,375.3206481933594,0.0008617184357717633,0.0010441385675221682,-1,-1
cam0,83,0,668.7565307617188,303.05938720703125,667.8064575195312,304.4132995605469,0.9905626773834229,0.9995291233062744,0,0
cam0,83,1,1157.03564453125,334.9098205566406,1161.245361328125,347.27056884765625,0.004208251368254423,0.0001240810815943405,1,1
cam0,83,2,1136.9078369140625,286.3134765625,473.0406188964844,481.39117431640625,0.0012063379399478436,1.652208447922021e-05,2,2
cam0,83,3,632.2396850585938,398.9297180175781,705.9135131835938,355.39874267578125,0.004022706765681505,0.0003303276316728443,-1,-1
cam0,84,0,666.7913818359375,301.54315185546875,667.391845703125,304.6653747558594,0.99285888671875,0.9996274709701538,0,0
cam0,84,1,1157.693603515625,334.69549560546875,1169.8514404296875,330.8622131347656,0.0027777275536209345,6.510136154247448e-05,1,1
cam0,84,2,1070.5975341796875,235.31101989746094,474.2799377441406,481.82244873046875,0.0010667815804481506,1.1471221114334185e-05,2,2
cam0,84,3,620.7660522460938,403.34344482421875,694.05859375,348.7051696777344,0.0032965843565762043,0.00029597734101116657,-1,-1
cam0,85,0,668.3564453125,301.10662841796875,667.9138793945312,304.1622009277344,0.9952852129936218,0.9997214674949646,0,0
cam0,85,1,1161.5794677734375,333.3377990722656,1168.1810302734375,333.15826416015625,0.002192259067669511,5.170928852749057e-05,1,1
cam0,85,2,1073.7620849609375,236.59979248046875,477.1187438964844,482.87066650390625,0.0005533618968911469,7.1928398028831e-06,2,2
cam0,85,3,616.3041381835938,405.71337890625,681.3723754882812,347.0340576171875,0.001969176810234785,0.00021964535699225962,-1,-1
cam0,86,0,670.5132446289062,307.0079040527344,670.5121459960938,307.0240173339844,0.9992832541465759,0.9993535876274109,0,0
cam0,86,1,1169.3843994140625,335.8751220703125,1175.7540283203125,331.5285339355469,0.00027778971707448363,0.0002056819066638127,1,1
cam0,86,2,1090.6810302734375,299.1479797363281,477.7856750488281,480.8301086425781,4.049623748869635e-05,3.9972630474949256e-05,2,2
cam0,86,3,648.5819091796875,403.9371337890625,690.1504516601562,366.6861267089844,0.0003984740178566426,0.0004006814560852945,-1,-1
cam0,87,0,674.3222045898438,308.7591857910156,673.7059326171875,309.4517517089844,0.9998045563697815,0.9995564818382263,0,0
cam0,87,1,1161.3529052734375,332.1582336425781,1173.208740234375,332.018798828125,7.993928011273965e-05,0.00014254412963055074,1,1
cam0,87,2,1077.2867431640625,239.17808532714844,475.30462646484375,480.0129089355469,1.296582104259869e-05,3.059127993765287e-05,2,2
cam0,87,3,634.0541381835938,404.1199645996094,685.7647705078125,369.4135437011719,0.00010244282020721585,0.00027032304205931723,-1,-1
cam0,88,0,677.66552734375,310.7395324707031,675.89990234375,310.7767028808594,0.9945546388626099,0.9997162222862244,0,0
cam0,88,1,1165.4371337890625,331.4519958496094,1169.76513671875,325.7449645996094,0.002284911461174488,8.69349023560062e-05,1,1
cam0,88,2,1095.05517578125,299.8824768066406,476.8444519042969,480.20709228515625,0.00034007616341114044,8.970695489551872e-06,2,2
cam0,88,3,640.526123046875,363.6833190917969,696.3245849609375,372.7351989746094,0.00282045709900558,0.000187940095202066,-1,-1
cam0,89,0,676.6561279296875,311.16546630859375,676.606201171875,312.4087829589844,0.9801257252693176,0.9997461438179016,0,0
cam0,89,1,1163.778564453125,328.9493713378906,1170.553466796875,328.0966796875,0.006293650716543198,8.818866626825184e-05,1,1
cam0,89,2,1081.6920166015625,221.8292694091797,477.96624755859375,482.0775146484375,0.0004162226105108857,1.2178505130577832e-05,2,2
cam0,89,3,716.302001953125,341.34521484375,679.9019165039062,360.87255859375,0.0131643395870924,0.0001535322080599144,-1,-1
cam0,90,0,678.7885131835938,314.09783935546875,677.2130737304688,313.83416748046875,0.9876331090927124,0.999351441860199,0,0
cam0,90,1,1100.9473876953125,297.52374267578125,1170.767333984375,325.3780212402344,0.0038340422324836254,0.000281512358924374,1,1
cam0,90,2,1159.6201171875,316.5223388671875,610.6779174804688,517.126220703125,0.00043330792686901987,3.454073885222897e-05,2,2
cam0,90,3,701.0205078125,343.2835388183594,697.421875,361.0010070800781,0.008099590428173542,0.0003324845456518233,-1,-1
cam0,91,0,681.4458618164062,320.34783935546875,678.2813720703125,317.33258056640625,0.9880881905555725,0.9997774958610535,0,0
cam0,91,1,1106.227294921875,283.3350524902344,1167.951171875,319.1990966796875,0.005661095026880503,3.9805847336538136e-05,1,1
cam0,91,2,1019.3209838867188,370.055419921875,478.38861083984375,484.5743408203125,0.00037201770464889705,3.581012833819841e-06,2,2
cam0,91,3,643.5244750976562,326.5801696777344,702.6165161132812,354.81298828125,0.005878721829503775,0.00017912776092998683,-1,-1
cam0,92,0,683.91064453125,322.3579406738281,678.4557495117188,320.3512878417969,0.9942916631698608,0.9979508519172668,0,0
cam0,92,1,1105.399658203125,277.47369384765625,1165.9061279296875,324.41644287109375,0.002451055683195591,0.00044300503213889897,1,1
cam0,92,2,1020.14990234375,373.2351989746094,474.2265930175781,483.85784912109375,0.00018793127674143761,9.038900316227227e-05,2,2
cam0,92,3,647.9505004882812,338.0591735839844,696.2321166992188,344.9604187011719,0.0030692622531205416,0.001515779411420226,-1,-1
cam0,93,0,681.0401611328125,321.8492736816406,680.244384765625,320.96624755859375,0.9603036642074585,0.9980612397193909,0,0
cam0,93,1,1114.3743896484375,275.1897888183594,1165.5997314453125,325.2922668457031,0.008909912779927254,0.0004309208889026195,1,1
cam0,93,2,1018.1295776367188,371.6582946777344,475.2295227050781,482.9464416503906,0.0015914696268737316,8.149022323777899e-05,2,2
cam0,93,3,629.468994140625,335.745361328125,687.2640991210938,349.7055358886719,0.029195014387369156,0.0014262717450037599,-1,-1
cam0,94,0,680.7448120117188,323.71173095703125,681.9129028320312,322.5402526855469,0.9457798004150391,0.9961397051811218,0,0
cam0,94,1,1116.025390625,280.1582946777344,1166.8265380859375,323.1344909667969,0.023028314113616943,0.0013638115487992764,1,1
cam0,94,2,1014.1831665039062,375.8813781738281,618.7346801757812,512.2249755859375,0.0023767524398863316,0.00039874966023489833,2,2
cam0,94,3,657.9237060546875,342.1126708984375,648.3676147460938,333.47991943359375,0.028815124183893204,0.0020977542735636234,-1,-1
cam0,95,0,683.2481689453125,326.5198059082031,682.3336791992188,327.21783447265625,0.7306103110313416,0.9961766004562378,0,0
cam0,95,1,1122.37890625,280.32489013671875,1165.072021484375,324.750732421875,0.1267225295305252,0.002022575121372938,1,1
cam0,95,2,873.5047607421875,358.3665466308594,619.8064575195312,510.37481689453125,0.01678076758980751,0.00026144852745346725,2,2
cam0,95,3,631.7074584960938,329.81671142578125,666.6250610351562,341.0743713378906,0.12588641047477722,0.0015392304630950093,-1,-1
cam0,96,0,682.9329223632812,328.8565368652344,684.6200561523438,330.3746337890625,0.8817425966262817,0.9932637214660645,0,0
cam0,96,1,1120.644775390625,282.0301513671875,1167.3275146484375,325.8743591308594,0.08186433464288712,0.0036569777876138687,1,1
cam0,96,2,872.7451782226562,362.1128845214844,622.6994018554688,508.9465026855469,0.005670260172337294,0.00046514254063367844,2,2
cam0,96,3,666.636962890625,344.71392822265625,685.0038452148438,326.2502746582031,0.030722834169864655,0.002614138647913933,-1,-1
cam0,97,0,681.891357421875,327.27032470703125,683.3765869140625,332.3877258300781,0.9503419995307922,0.9967792630195618,0,0
cam0,97,1,1104.146728515625,273.64825439453125,1167.9652099609375,325.3709716796875,0.02667948603630066,0.0014561141142621636,1,1
cam0,97,2,871.9776000976562,362.72894287109375,1117.763427734375,247.14883422851562,0.0022014668211340904,0.00026918784715235233,2,2
cam0,97,3,681.8912963867188,358.7516174316406,671.67431640625,328.733642578125,0.020777083933353424,0.001495504635386169,-1,-1
cam0,98,0,682.202392578125,334.7532043457031,683.5646362304688,335.2812805175781,0.9955711960792542,0.9991797804832458,0,0
cam0,98,1,1159.4542236328125,322.1583557128906,1168.7137451171875,324.5359191894531,0.001623044372536242,0.00016485474770888686,1,1
cam0,98,2,1015.0530395507812,292.8701171875,668.7116088867188,451.7254638671875,0.00012556929141283035,5.7620568441052455e-06,2,2
cam0,98,3,721.6690673828125,353.5881652832031,767.3219604492188,361.89544677734375,0.0026801899075508118,0.0006495824200101197,-1,-1
cam0,99,0,684.35400390625,338.09130859375,683.4354858398438,338.8223571777344,0.9194964170455933,0.9986588954925537,0,0
cam0,99,1,1157.4876708984375,322.31158447265625,1163.8011474609375,324.29931640625,0.03989965096116066,0.0003141971246805042,1,1
cam0,99,2,1079.7919921875,242.3540802001953,619.8292236328125,519.45166015625,0.0009451114456169307,1.568128209328279e-05,2,2
cam0,99,3,712.943603515625,323.2926330566406,725.5610961914062,367.4042053222656,0.03965889662504196,0.001011163811199367,-1,-1
cam0,100,0,686.5075073242188,345.03875732421875,682.6046142578125,343.4974060058594,0.991791844367981,0.993937611579895,0,0
cam0,100,1,1153.1328125,325.9559631347656,1169.2423095703125,321.2879333496094,0.004572225268930197,0.0030360613018274307,1,1
cam0,100,2,972.7265014648438,290.5749816894531,615.0498046875,518.597900390625,9.557389421388507e-05,9.54109855229035e-05,2,2
cam0,100,3,750.701904296875,375.1663818359375,715.790283203125,376.7015686035156,0.0035404274240136147,0.002930903807282448,-1,-1
cam0,101,0,688.28076171875,345.0860595703125,686.2559204101562,346.7259216308594,0.9300413131713867,0.9965412020683289,0,0
cam0,101,1,1161.3846435546875,327.0079040527344,1169.0753173828125,323.99871826171875,0.027880942448973656,0.001303643686696887,1,1
cam0,101,2,651.8335571289062,457.1494140625,654.7652587890625,456.74285888671875,0.0021351987961679697,8.420649828622118e-05,2,2
cam0,101,3,686.8660278320312,334.1982116699219,706.2979125976562,382.93011474609375,0.039942558854818344,0.0020709277596324682,-1,-1
cam0,102,0,688.7283935546875,347.68548583984375,688.0899047851562,348.1251525878906,0.9292779564857483,0.9938149452209473,0,0
cam0,102,1,660.9389038085938,455.40081787109375,660.513916015625,457.6471862792969,0.03378952294588089,0.00179949845187366,1,1
cam0,102,2,1157.2225341796875,317.8406982421875,1156.79296875,324.51617431640625,0.000586449634283781,0.00019917917961720377,2,2
cam0,102,3,695.4158325195312,323.27825927734375,699.5809326171875,355.5502014160156,0.0363459549844265,0.004186385776847601,-1,-1
cam0,103,0,689.873046875,351.2093811035156,689.0738525390625,353.21209716796875,0.9487506151199341,0.9903163313865662,0,0
cam0,103,1,657.9655151367188,444.28631591796875,665.2794189453125,449.1745910644531,0.026242082938551903,0.002856866456568241,1,1
cam0,103,2,1160.4368896484375,315.2678527832031,1157.685546875,322.3159484863281,0.0002456196234561503,0.00027487409533932805,2,2
cam0,103,3,723.7982177734375,334.076171875,671.2030029296875,390.6809387207031,0.024761613458395004,0.006552029866725206,-1,-1
cam0,104,0,693.701904296875,355.7291564941406,690.9349975585938,352.4223327636719,0.95798259973526,0.9869701862335205,0,0
cam0,104,1,661.1893920898438,431.0138244628906,663.8263549804688,436.03314208984375,0.03574096038937569,0.0030072841327637434,1,1
cam0,104,2,1159.0272216796875,316.3323974609375,1156.05517578125,321.31378173828125,0.0001169373863376677,0.0002319217164767906,2,2
cam0,104,3,742.796142578125,384.1011962890625,688.326171875,360.57281494140625,0.006159517914056778,0.009790625423192978,-1,-1
cam0,105,0,694.0418090820312,359.90338134765625,693.0623168945312,358.9626770019531,0.9497349262237549,0.9926694631576538,0,0
cam0,105,1,1166.4847412109375,319.06512451171875,1171.557373046875,325.24859619140625,0.009641014970839024,0.0016194917261600494,1,1
cam0,105,2,599.9359130859375,521.1495361328125,600.2211303710938,518.7779541015625,0.00043483564513735473,0.0001677878899499774,2,2
cam0,105,3,730.9066162109375,363.1058044433594,747.8443603515625,384.7402038574219,0.04018912464380264,0.005543145351111889,-1,-1
cam0,106,0,684.38671875,383.8018493652344,684.177001953125,384.02337646484375,0.9893105030059814,0.994583785533905,0,0
cam0,106,1,593.4852294921875,517.9443359375,1165.833984375,326.90216064453125,4.67746976937633e-05,6.817113171564415e-05,1,1
cam0,106,2,1162.9566650390625,318.8703308105469,592.5004272460938,515.630615234375,2.8781074433936737e-05,4.748947321786545e-05,2,2
cam0,106,3,771.8035888671875,378.7919921875,759.17041015625,361.75347900390625,0.010613873600959778,0.005300534889101982,-1,-1
cam0,107,0,700.5637817382812,379.03515625,700.2950439453125,377.82806396484375,0.9828858375549316,0.9839785695075989,0,0
cam0,107,1,1174.8544921875,320.1883850097656,1176.0989990234375,325.1271667480469,8.298747707158327e-05,0.0001168632588814944,1,1
cam0,107,2,720.9363403320312,279.9404296875,604.024169921875,510.95269775390625,7.415638538077474e-05,0.00011458368680905551,2,2
cam0,107,3,764.9764404296875,397.7586975097656,741.1648559570312,393.3543701171875,0.016957122832536697,0.015790006145834923,-1,-1
cam0,108,0,718.0491333007812,373.1488037109375,716.3897094726562,374.7029724121094,0.9931122660636902,0.9742386937141418,0,0
cam0,108,1,1162.95068359375,320.6332092285156,1166.127197265625,324.0077819824219,0.00026372121647000313,0.000859233841765672,1,1
cam0,108,2,872.9859619140625,348.6292724609375,874.3349609375,352.4300231933594,2.4117485736496747e-05,0.00029468064894899726,2,2
cam0,108,3,758.8677368164062,358.2858581542969,746.005615234375,363.0852355957031,0.006599733140319586,0.02460748888552189,-1,-1
cam0,109,0,741.25634765625,369.0099792480469,748.0790405273438,366.0455627441406,0.9954745173454285,0.991309642791748,0,0
cam0,109,1,1172.3990478515625,319.0001220703125,1169.4144287109375,321.75323486328125,0.0002419843804091215,0.0002825944684445858,1,1
cam0,109,2,872.9215698242188,351.8123779296875,873.1891479492188,351.4222106933594,0.0003364587319083512,0.00033153212280012667,2,2
cam0,109,3,813.5992431640625,394.4714050292969,791.3465576171875,388.16522216796875,0.003947123419493437,0.008076374419033527,-1,-1
cam0,110,0,780.5442504882812,355.47381591796875,778.30517578125,356.44580078125,0.9983779191970825,0.9973151087760925,0,0
cam0,110,1,878.7700805664062,353.2937316894531,880.7420654296875,354.4889221191406,8.944929868448526e-05,0.00013075907190795988,1,1
cam0,110,2,1159.0802001953125,319.22320556640625,1165.9281005859375,313.6073303222656,1.1166674084961414e-05,5.523228901438415e-05,2,2
cam0,110,3,812.1109619140625,344.6743469238281,812.6254272460938,354.0646057128906,0.0015213335864245892,0.00249884114600718,-1,-1
cam0,111,0,805.0291137695312,352.5897521972656,805.0509033203125,353.47027587890625,0.9949756860733032,0.9955343008041382,0,0
cam0,111,1,722.0718994140625,403.1197814941406,1165.1881103515625,332.4387512207031,0.0007547817658632994,0.0010467825923115015,1,1
cam0,111,2,1159.00634765625,328.3346252441406,714.804931640625,397.9140319824219,3.5509779991116375e-05,4.064476161147468e-05,2,2
cam0,111,3,814.7283935546875,336.9539794921875,791.2601928710938,339.1118469238281,0.004234025254845619,0.003378369379788637,-1,-1
cam0,112,0,826.1366577148438,351.7739562988281,827.9925537109375,349.65106201171875,0.9989590644836426,0.9857365489006042,0,0
cam0,112,1,740.42724609375,402.6803894042969,1168.4378662109375,337.33160400390625,0.00012345275899861008,0.0024478023406118155,1,1
cam0,112,2,1163.182861328125,327.6177673339844,714.8219604492188,409.6393737792969,7.006572559475899e-06,0.00014148773334454745,2,2
cam0,112,3,870.41650390625,333.7937316894531,791.1182861328125,344.7072448730469,0.0009104593773372471,0.011674121022224426,-1,-1
cam0,113,0,845.07568359375,347.46429443359375,846.6690063476562,348.9560241699219,0.9529196619987488,0.9862791299819946,0,0
cam0,113,1,751.30615234375,406.8005065917969,750.5405883789062,408.3211364746094,0.01090936828404665,0.0036780997179448605,1,1
cam0,113,2,1156.2552490234375,328.2608337402344,1160.142822265625,328.60223388671875,0.0006983163766562939,0.00021621760970447212,2,2
cam0,113,3,803.94873046875,330.0013122558594,802.8584594726562,335.3977355957031,0.03547264263033867,0.0098265977576375,-1,-1
cam0,114,0,866.4067993164062,346.1552429199219,864.9720458984375,346.4074401855469,0.999782383441925,0.9989461302757263,0,0
cam0,114,1,740.0841674804688,406.7452697753906,1169.2244873046875,336.1717224121094,3.3521035220474005e-05,0.0002699241158552468,1,1
cam0,114,2,1163.5023193359375,330.9745788574219,735.3240356445312,402.3579406738281,1.6806889107101597e-06,2.22680810111342e-05,2,2
cam0,114,3,916.580322265625,353.4203796386719,849.8102416992188,355.7384338378906,0.00018241687212139368,0.0007616137154400349,-1,-1
cam0,115,0,883.6524047851562,342.3885498046875,883.8115844726562,342.7309265136719,0.9985326528549194,0.9995682835578918,0,0
cam0,115,1,754.740478515625,427.78509521484375,1163.9202880859375,334.34521484375,0.00023025514383334666,0.0001329674560111016,1,1
cam0,115,2,1159.956298828125,331.2526550292969,756.6043701171875,421.37322998046875,2.031836447713431e-05,6.425162609957624e-06,2,2
cam0,115,3,900.6632690429688,340.5303649902344,881.6482543945312,348.4796142578125,0.00121682183817029,0.0002922396524809301,-1,-1
cam0,116,0,901.8773193359375,341.1256103515625,906.649658203125,339.30804443359375,0.9986565113067627,0.9992089867591858,0,0
cam0,116,1,766.4801635742188,439.8350830078125,769.0419311523438,437.1017761230469,0.00016785193292889744,0.00023892405442893505,1,1
cam0,116,2,1159.411865234375,329.263916015625,1157.5479736328125,330.86102294921875,7.106132397893816e-05,1.1604049177549314e-05,2,2
cam0,116,3,883.2743530273438,351.38275146484375,864.039794921875,344.52276611328125,0.0011045177234336734,0.0005405134870670736,-1,-1
cam0,117,0,921.1805419921875,338.8570861816406,922.3079833984375,339.4211120605469,0.9986357092857361,0.999060332775116,0,0
cam0,117,1,767.2595825195312,446.8612365722656,773.342041015625,445.2032775878906,0.00030816986691206694,0.000277198530966416,1,1
cam0,117,2,1159.6942138671875,330.99652099609375,1158.8072509765625,331.76806640625,1.8380993424216285e-05,1.2354306818451732e-05,2,2
cam0,117,3,913.1546020507812,334.2598876953125,898.9649047851562,343.93292236328125,0.0010377138387411833,0.0006501340540125966,-1,-1
cam0,118,0,934.3670654296875,339.88043212890625,933.7435302734375,340.1889953613281,0.9982543587684631,0.9982490539550781,0,0
cam0,118,1,769.7616577148438,455.751953125,770.8525390625,455.35638427734375,0.00016711650823708624,0.0003456823469605297,1,1
cam0,118,2,1160.484375,326.6106262207031,1162.1519775390625,323.4375915527344,7.289279164979234e-05,7.45023280614987e-05,2,2
cam0,118,3,921.1051635742188,352.03631591796875,875.6217651367188,361.7193298339844,0.001505632302723825,0.0013307270128279924,-1,-1
cam0,119,0,948.869384765625,339.4588317871094,948.09228515625,340.93402099609375,0.9977018237113953,0.99726402759552,0,0
cam0,119,1,761.0470581054688,465.0444641113281,765.2891235351562,464.43414306640625,0.00014339896733872592,0.00017862308595795184,1,1
cam0,119,2,1161.8740234375,324.0215148925781,1161.7388916015625,326.1172790527344,0.00011715518485289067,0.00010749624198069796,2,2
cam0,119,3,927.2954711914062,346.4071044921875,909.2774658203125,357.22137451171875,0.0020376390311867,0.002449819352477789,-1,-1
cam0,120,0,961.12841796875,337.83905029296875,961.5891723632812,338.9559631347656,0.9995090961456299,0.9991222023963928,0,0
cam0,120,1,750.1248168945312,459.8806457519531,749.06884765625,461.96636962890625,7.61221454013139e-05,0.00018137128790840507,1,1
cam0,120,2,1163.5943603515625,321.5962829589844,1164.0328369140625,322.89837646484375,4.606064612744376e-05,8.250570681411773e-05,2,2
cam0,120,3,909.298583984375,350.21343994140625,871.327392578125,351.3625183105469,0.0003686090058181435,0.0006138889584690332,-1,-1
cam0,121,0,972.7435302734375,337.3115539550781,973.9947509765625,339.35595703125,0.999081015586853,0.9991315007209778,0,0
cam0,121,1,756.4028930664062,477.3700256347656,758.6690673828125,478.5756530761719,7.907918916316703e-05,2.0109528122702613e-05,1,1
cam0,121,2,1164.257080078125,324.1323547363281,1165.9351806640625,326.30780029296875,0.00015414431982208043,5.1527491450542584e-05,2,2
cam0,121,3,956.1792602539062,345.1247253417969,970.2835083007812,359.3649597167969,0.000685810053255409,0.0007968114223331213,-1,-1
cam0,122,0,984.2594604492188,337.3302001953125,984.3357543945312,338.3557434082031,0.9992478489875793,0.9995331764221191,0,0
cam0,122,1,747.6708374023438,479.71466064453125,1161.408447265625,332.1583557128906,0.00018787676526699215,0.00015467287448700517,1,1
cam0,122,2,1163.24658203125,326.3147277832031,744.9979858398438,467.4269104003906,4.287656702217646e-05,2.257119740534108e-05,2,2
cam0,122,3,982.5325317382812,334.8649597167969,979.5917358398438,341.16705322265625,0.0005214256816543639,0.0002896904479712248,-1,-1
cam0,123,0,996.90380859375,339.4348449707031,997.0186767578125,339.3763427734375,0.9997459053993225,0.9996320009231567,0,0
cam0,123,1,1161.03369140625,336.2255554199219,1163.4041748046875,335.4643249511719,3.883623139699921e-05,3.0133300242596306e-05,1,1
cam0,123,2,742.5328979492188,472.39227294921875,742.7192993164062,475.38330078125,2.346250221307855e-05,2.8145190299255773e-05,2,2
cam0,123,3,957.7203369140625,345.8699951171875,967.8486938476562,341.8033142089844,0.0001918164052767679,0.0003096619329880923,-1,-1
cam0,124,0,1007.5658569335938,338.6546325683594,1008.1459350585938,338.6716003417969,0.9996962547302246,0.9997593760490417,0,0
cam0,124,1,1161.723876953125,331.9606628417969,1162.3734130859375,325.517822265625,8.05883391876705e-05,4.9027676141122356e-05,1,1
cam0,124,2,726.93017578125,448.2116394042969,726.5337524414062,447.58795166015625,4.785363489645533e-05,3.36159864673391e-05,2,2
cam0,124,3,941.6516723632812,349.9356994628906,948.5454711914062,341.8614807128906,0.00017532534548081458,0.00015805603470653296,-1,-1
cam0,125,0,1017.2903442382812,338.41729736328125,1017.9663696289062,338.64703369140625,0.9996067881584167,0.9996269941329956,0,0
cam0,125,1,1163.1334228515625,328.6546325683594,1164.869873046875,325.34808349609375,3.228276182198897e-05,1.785563290468417e-05,1,1
cam0,125,2,724.0217895507812,440.2992858886719,725.2158813476562,444.3880920410156,3.5159500839654356e-05,2.1874364392715506e-05,2,2
cam0,125,3,987.6909790039062,346.6366882324219,1002.9994506835938,345.37493896484375,0.0003258074866607785,0.0003332086489535868,-1,-1
cam0,126,0,1027.2376708984375,339.7183837890625,1027.5350341796875,340.47076416015625,0.9998564720153809,0.9998552799224854,0,0
cam0,126,1,1166.38232421875,327.48956298828125,1165.4854736328125,327.0125427246094,2.302748544025235e-05,1.5270816220436245e-05,1,1
cam0,126,2,727.4998779296875,453.4615173339844,724.8215942382812,437.84149169921875,1.3644504178955685e-05,7.4763770498975646e-06,2,2
cam0,126,3,985.9440307617188,342.8046875,991.7928466796875,334.759765625,0.00010688598558772355,0.00012198206241009757,-1,-1
cam0,127,0,1037.4097900390625,339.7229919433594,1037.6827392578125,339.79644775390625,0.9996597766876221,0.9996697902679443,0,0
cam0,127,1,1172.9927978515625,331.8047180175781,1168.0247802734375,327.51849365234375,7.006945088505745e-05,4.8645215429132804e-05,1,1
cam0,127,2,725.6217651367188,453.63812255859375,717.0557861328125,434.94427490234375,5.110506754135713e-05,3.518929588608444e-05,2,2
cam0,127,3,985.089599609375,340.93817138671875,990.6546020507812,335.88494873046875,0.00021906886831857264,0.0002464999561198056,-1,-1
cam0,128,0,1046.860595703125,340.1296691894531,1046.146728515625,340.3719787597656,0.9997121691703796,0.9997417330741882,0,0
cam0,128,1,722.9727172851562,452.2939453125,715.0354614257812,447.9920654296875,3.1973995646694675e-05,7.562388782389462e-05,1,1
cam0,128,2,879.733154296875,347.9316101074219,1177.211669921875,330.0182189941406,2.297533501405269e-05,1.1886675565619953e-05,2,2
cam0,128,3,1013.6080932617188,341.8370361328125,1024.275634765625,344.3782958984375,0.00023284513736143708,0.00017062808910850435,-1,-1
cam0,129,0,1052.851318359375,341.0292053222656,1054.345458984375,341.37200927734375,0.9995313882827759,0.9999041557312012,0,0
cam0,129,1,875.6356811523438,360.9342041015625,721.9918212890625,443.3390808105469,9.258339559892192e-05,3.427379851927981e-05,1,1
cam0,129,2,727.0119018554688,433.30926513671875,878.8566284179688,352.6700439453125,4.292383891879581e-05,7.802473191986792e-06,2,2
cam0,129,3,1030.971923828125,354.204345703125,1027.7257080078125,342.7301940917969,0.0003331767802592367,5.374001193558797e-05,-1,-1
cam0,130,0,1061.4053955078125,341.4618225097656,1063.30810546875,339.8763122558594,0.9997962117195129,0.9998387098312378,0,0
cam0,130,1,727.2613525390625,445.8891906738281,715.0957641601562,487.1617736816406,3.1680123356636614e-05,4.020300184492953e-05,1,1
cam0,130,2,876.93603515625,348.5776672363281,883.4224853515625,351.9405212402344,1.5573716154904105e-05,4.182917564321542e-06,2,2
cam0,130,3,1004.1961059570312,353.22900390625,1043.9219970703125,347.02099609375,0.00015645074017811567,0.0001169114766526036,-1,-1
cam0,131,0,1067.0638427734375,341.6278991699219,1070.2176513671875,341.4564208984375,0.9996625185012817,0.9996280670166016,0,0
cam0,131,1,724.0433349609375,445.4520263671875,880.6469116210938,363.3275146484375,7.82467977842316e-05,5.539634730666876e-05,1,1
cam0,131,2,1172.458984375,324.40478515625,721.0897216796875,487.8979187011719,2.8074684450984932e-05,9.445319847145583e-06,2,2
cam0,131,3,1023.9807739257812,335.8370666503906,1038.28955078125,330.9640197753906,0.00023102693376131356,0.00030713461455889046,-1,-1
cam0,132,0,1076.9066162109375,341.4338684082031,1079.557861328125,341.6759338378906,0.9996860027313232,0.9997512698173523,0,0
cam0,132,1,736.4681396484375,462.06365966796875,880.2830200195312,365.16845703125,4.266978066880256e-05,2.8945025405846536e-05,1,1
cam0,132,2,880.932373046875,360.3072509765625,726.3099365234375,489.8285217285156,2.5401288439752534e-05,7.77609966462478e-06,2,2
cam0,132,3,1040.4761962890625,337.75225830078125,1049.7724609375,334.8923645019531,0.00024599223979748785,0.00021197961177676916,-1,-1
cam0,133,0,1081.999755859375,342.49542236328125,1084.4765625,341.9857482910156,0.9993724226951599,0.9992035031318665,0,0
cam0,133,1,736.61083984375,481.0893249511719,881.1604614257812,361.3481750488281,0.00014942727284505963,9.442988084629178e-05,1,1
cam0,133,2,940.2606811523438,290.1883544921875,742.6387939453125,471.0574951171875,9.090871026273817e-05,3.0017352401046082e-05,2,2
cam0,133,3,1041.3885498046875,332.84625244140625,1061.5067138671875,343.71435546875,0.0003872932866215706,0.0006720827659592032,-1,-1
cam0,134,0,1087.1116943359375,343.61505126953125,1087.4078369140625,344.0874938964844,0.9994563460350037,0.9993805885314941,0,0
cam0,134,1,740.196044921875,451.94000244140625,744.8252563476562,464.5128479003906,0.0001821345795178786,0.00013353409303817898,1,1
cam0,134,2,1183.9818115234375,335.712890625,882.5106201171875,353.52789306640625,5.891356340725906e-05,5.102739669382572e-05,2,2
cam0,134,3,1026.080322265625,342.5513916015625,1036.7572021484375,346.8378601074219,0.00030261895153671503,0.0004348813963588327,-1,-1
cam0,135,0,1093.897216796875,349.5889587402344,1093.9813232421875,345.7967834472656,0.9993946552276611,0.999775230884552,0,0
cam0,135,1,740.919677734375,449.7980651855469,741.718994140625,454.6317138671875,0.00012128570233471692,5.164804315427318e-05,1,1
cam0,135,2,1091.789794921875,205.30438232421875,880.6752319335938,352.63299560546875,3.812989598372951e-05,8.51215281727491e-06,2,2
cam0,135,3,1073.4268798828125,358.4002685546875,1067.02587890625,364.7132263183594,0.0004459123301785439,0.0001647567842155695,-1,-1
cam0,136,0,1098.3048095703125,348.54461669921875,1098.572021484375,348.5364990234375,0.9981083869934082,0.9995673298835754,0,0
cam0,136,1,736.3797607421875,442.0371398925781,740.3335571289062,469.551025390625,0.0010177394142374396,0.00021072350500617176,1,1
cam0,136,2,5.2347025871276855,1068.3104248046875,881.3307495117188,355.28369140625,0.0002152530214516446,3.703618858708069e-05,2,2
cam0,136,3,1076.890380859375,327.47283935546875,1057.169189453125,345.0620422363281,0.0006585348164662719,0.00018489896319806576,-1,-1
cam0,137,0,1104.8538818359375,351.96826171875,1103.3331298828125,351.18096923828125,0.99815434217453,0.9996939897537231,0,0
cam0,137,1,749.6661376953125,442.5018310546875,735.9830322265625,488.7076721191406,0.0002965587191283703,4.179455208941363e-05,1,1
cam0,137,2,986.680419921875,289.4070739746094,579.9166870117188,242.70265197753906,4.3118245230289176e-05,1.2744503692374565e-05,2,2
cam0,137,3,1075.827880859375,344.3648681640625,1081.4232177734375,348.8446960449219,0.0015060866717249155,0.00025148436543531716,-1,-1
cam0,138,0,1110.014892578125,352.1761169433594,1110.8807373046875,351.5257873535156,0.9960689544677734,0.9977790713310242,0,0
cam0,138,1,745.2463989257812,487.7908935546875,741.0095825195312,487.1112060546875,0.00038276391569525003,0.0008986800094135106,1,1
cam0,138,2,983.7957153320312,292.49774169921875,579.8333740234375,240.13726806640625,9.06330969883129e-05,3.812864451901987e-05,2,2
cam0,138,3,1085.0992431640625,363.8196716308594,1101.7437744140625,333.1344299316406,0.0034576028119772673,0.00128412083722651,-1,-1
cam0,139,0,1114.9984130859375,352.80255126953125,1116.5927734375,352.3505859375,0.9808386564254761,0.9974242448806763,0,0
cam0,139,1,984.1533813476562,302.8375549316406,740.9296264648438,489.44366455078125,0.004594592843204737,0.0003302487311884761,1,1
cam0,139,2,1094.598388671875,234.07675170898438,582.006591796875,239.98960876464844,0.00022528400586452335,3.359201582497917e-05,2,2
cam0,139,3,1077.33349609375,334.5227966308594,1107.553466796875,333.701904296875,0.01434142142534256,0.0022119844797998667,-1,-1
cam0,140,0,1118.789306640625,352.88916015625,1120.882080078125,355.4432678222656,0.9871063232421875,0.9989915490150452,0,0
cam0,140,1,984.89599609375,301.71099853515625,755.0745849609375,493.9893798828125,0.0011392516316846013,4.5960332499817014e-05,1,1
cam0,140,2,747.386474609375,480.5025939941406,422.671875,253.5753173828125,8.428443834418431e-05,6.814709195168689e-06,2,2
cam0,140,3,1085.449462890625,335.1717834472656,1114.2490234375,350.97686767578125,0.011670198291540146,0.0009556896984577179,-1,-1
cam0,141,0,1119.6666259765625,350.47015380859375,1121.5740966796875,352.59674072265625,0.9918797612190247,0.9967353940010071,0,0
cam0,141,1,985.4153442382812,293.3591003417969,757.996337890625,477.0811462402344,0.000792481645476073,0.0001144686684710905,1,1
cam0,141,2,735.4509887695312,482.0283203125,761.4384155273438,310.07977294921875,1.9430479369475506e-05,1.0711591130529996e-05,2,2
cam0,141,3,1110.42529296875,329.76483154296875,1125.4332275390625,348.5745849609375,0.00730834249407053,0.003139479085803032,-1,-1
cam0,142,0,1098.054443359375,309.46295166015625,1171.912109375,342.1933288574219,0.9643099904060364,0.6552467346191406,0,0
cam0,142,1,1175.63671875,335.66009521484375,1103.3812255859375,311.4080810546875,0.0020078413654118776,0.07015436887741089,1,1
cam0,142,2,993.0247192382812,282.3153381347656,778.1911010742188,481.5310363769531,0.0005511199706234038,0.049405623227357864,2,2
cam0,142,3,1126.1910400390625,359.31280517578125,1123.0203857421875,330.6354064941406,0.03313109651207924,0.2251933366060257,-1,-1
cam0,143,0,1100.01904296875,310.0785827636719,1168.3851318359375,339.44012451171875,0.9862724542617798,0.7180682420730591,0,0
cam0,143,1,1174.31689453125,334.4090576171875,1103.1837158203125,311.4341125488281,0.0003840522840619087,0.04879651591181755,1,1
cam0,143,2,995.406005859375,277.8995666503906,1053.205078125,373.73626708984375,5.0525995902717113e-05,0.03206253424286842,2,2
cam0,143,3,1119.739013671875,331.7264404296875,1121.2919921875,331.3431701660156,0.013292931020259857,0.20107272267341614,-1,-1
cam0,144,0,1100.55419921875,310.4320983886719,1162.323486328125,340.0723571777344,0.9904001355171204,0.871080756187439,0,0
cam0,144,1,1173.5352783203125,331.2356262207031,1109.47021484375,312.2906188964844,0.0003406239557079971,0.018178191035985947,1,1
cam0,144,2,996.0263061523438,279.1694641113281,788.2311401367188,483.7091979980469,4.760078445542604e-05,0.009243214502930641,2,2
cam0,144,3,1121.2694091796875,327.70953369140625,1127.5645751953125,330.95068359375,0.009211606346070766,0.10149788111448288,-1,-1
cam0,145,0,1101.903076171875,313.645263671875,1173.8499755859375,333.912353515625,0.9853984117507935,0.6998094916343689,0,0
cam0,145,1,1176.1822509765625,333.1948547363281,1103.3123779296875,312.62835693359375,0.0006054156692698598,0.04510008543729782,1,1
cam0,145,2,1003.3192749023438,279.3622131347656,790.8687744140625,480.2752685546875,6.407084583770484e-05,0.015933260321617126,2,2
cam0,145,3,1153.4278564453125,315.5691833496094,1126.9886474609375,333.23773193359375,0.013932145200669765,0.23915715515613556,-1,-1
cam0,146,0,1080.8145751953125,276.5537109375,1170.06494140625,339.154296875,0.5584170818328857,0.7243475914001465,0,0
cam0,146,1,787.2039794921875,487.27056884765625,784.379638671875,485.9423522949219,0.020437143743038177,0.017514465376734734,1,1
cam0,146,2,762.9395751953125,417.97760009765625,874.0158081054688,358.3367004394531,0.009729145094752312,0.011262168176472187,2,2
cam0,146,3,1102.94775390625,325.63250732421875,1128.6488037109375,331.3310241699219,0.4114166498184204,0.24687573313713074,-1,-1
cam0,147,0,1076.968017578125,273.3481750488281,1165.9429931640625,337.2232666015625,0.28144219517707825,0.7031677961349487,0,0
cam0,147,1,1137.9146728515625,324.28021240234375,784.5928955078125,483.3648376464844,0.06547075510025024,0.017946874722838402,1,1
cam0,147,2,1051.51806640625,378.0274353027344,1057.3668212890625,374.0190734863281,0.03715968877077103,0.013363617472350597,2,2
cam0,147,3,1107.4395751953125,320.1931457519531,1119.187744140625,334.9929504394531,0.6159273386001587,0.26552173495292664,-1,-1
cam0,148,0,1073.934326171875,275.1316833496094,1165.8818359375,336.9429931640625,0.11990490555763245,0.6491329073905945,0,0
cam0,148,1,1159.0166015625,332.5395812988281,871.9357299804688,365.7201232910156,0.12770836055278778,0.024053677916526794,1,1
cam0,148,2,1056.830322265625,380.7320861816406,1058.7515869140625,373.31939697265625,0.04494431987404823,0.013453681021928787,2,2
cam0,148,3,1113.8671875,319.4162902832031,1120.3370361328125,334.0365295410156,0.7074424028396606,0.31335970759391785,-1,-1
cam0,149,0,1074.312744140625,273.4544982910156,1178.9862060546875,333.5252380371094,0.12426599115133286,0.6288184523582458,0,0
cam0,149,1,1162.5294189453125,332.75067138671875,1120.1148681640625,313.96435546875,0.1652144342660904,0.038813333958387375,1,1
cam0,149,2,1056.0400390625,380.4635009765625,876.6947631835938,358.6993408203125,0.0393550768494606,0.011695312336087227,2,2
cam0,149,3,1118.380615234375,321.7937927246094,1121.946533203125,337.3205871582031,0.6711645126342773,0.3206728994846344,-1,-1
cam0,150,0,1022.8927612304688,300.9415588378906,1173.1304931640625,333.0343933105469,0.09421342611312866,0.4146115183830261,0,0
cam0,150,1,1072.0394287109375,265.05517578125,1114.161865234375,310.0562438964844,0.07493908703327179,0.09098245203495026,1,1
cam0,150,2,1174.3006591796875,321.4203796386719,884.1625366210938,357.1097106933594,0.04427586868405342,0.048644233494997025,2,2
cam0,150,3,1078.8201904296875,318.7308349609375,1142.955322265625,328.3145751953125,0.7865716218948364,0.4457617700099945,-1,-1
cam0,151,0,1081.7724609375,274.35870361328125,1170.548095703125,336.30206298828125,0.06931181252002716,0.6715608239173889,0,0
cam0,151,1,1120.5814208984375,312.60113525390625,869.8695068359375,368.1689453125,0.11312616616487503,0.030300075188279152,1,1
cam0,151,2,1023.9283447265625,290.5531921386719,760.0640869140625,467.66900634765625,0.04878329858183861,0.009710093028843403,2,2
cam0,151,3,1080.196044921875,324.39495849609375,1125.7877197265625,333.93450927734375,0.7687788009643555,0.28842899203300476,-1,-1
cam0,152,0,1021.6450805664062,302.0015563964844,1170.9219970703125,333.0426330566406,0.04532789811491966,0.6653124690055847,0,0
cam0,152,1,1070.3302001953125,271.1587829589844,872.4393920898438,367.53363037109375,0.08147267252206802,0.03430816903710365,1,1
cam0,152,2,1179.9503173828125,327.5733642578125,764.5706176757812,469.6138916015625,0.047497328370809555,0.013614187017083168,2,2
cam0,152,3,1078.892333984375,317.79156494140625,1147.165771484375,324.7398986816406,0.8257020711898804,0.2867652177810669,-1,-1
cam0,153,0,1018.0283203125,303.25555419921875,1174.7864990234375,334.7662658691406,0.48482179641723633,0.571181058883667,0,0
cam0,153,1,1097.4754638671875,308.41046142578125,758.1700439453125,479.57403564453125,0.07236345112323761,0.2023908793926239,1,1
cam0,153,2,1060.179443359375,371.4268493652344,490.6116943359375,439.18878173828125,0.016070816665887833,0.013007181696593761,2,2
cam0,153,3,1082.92333984375,316.33843994140625,1123.3321533203125,367.1810607910156,0.42674386501312256,0.21342098712921143,-1,-1
cam0,154,0,1156.2442626953125,327.73309326171875,1174.1258544921875,334.51824951171875,0.691869854927063,0.7114922404289246,0,0
cam0,154,1,887.3026123046875,297.88543701171875,569.0474853515625,250.65379333496094,0.04306499660015106,0.1827714890241623,1,1
cam0,154,2,1056.399658203125,368.7666931152344,876.8041381835938,359.0919494628906,0.005124186631292105,0.005625254008919001,2,2
cam0,154,3,1088.6070556640625,319.3184814453125,1128.2401123046875,366.5867919921875,0.2599409520626068,0.10011105239391327,-1,-1
cam0,155,0,1128.4910888671875,312.015869140625,1166.3873291015625,332.1157531738281,0.889901340007782,0.8925861716270447,0,0
cam0,155,1,884.3472900390625,291.8682861328125,563.080078125,247.22535705566406,0.009312363341450691,0.06299324333667755,1,1
cam0,155,2,891.9356079101562,350.8445739746094,884.4893798828125,361.5673828125,0.0023336701560765505,0.001802168320864439,2,2
cam0,155,3,1085.031494140625,324.941162109375,1143.3839111328125,361.66363525390625,0.09845270961523056,0.04261845350265503,-1,-1
cam0,156,0,1114.76953125,307.8033142089844,1165.6025390625,333.5775451660156,0.8279209733009338,0.9298955202102661,0,0
cam0,156,1,889.0339965820312,356.3451843261719,565.990478515625,250.7799072265625,0.01048610731959343,0.034914981573820114,1,1
cam0,156,2,785.5269775390625,432.2332458496094,883.7615966796875,358.2772521972656,0.0028758167754858732,0.0015310437884181738,2,2
cam0,156,3,1091.5224609375,329.6761169433594,1136.19287109375,362.4019470214844,0.1587170511484146,0.03365834057331085,-1,-1
cam0,157,0,1112.9364013671875,305.3226623535156,1167.485595703125,336.56878662109375,0.7958712577819824,0.9022803902626038,0,0
cam0,157,1,1156.2030029296875,333.4515686035156,563.4204711914062,249.15257263183594,0.02359951287508011,0.05677824094891548,1,1
cam0,157,2,896.0286865234375,352.183349609375,886.18017578125,354.4154052734375,0.008785395883023739,0.002584545174613595,2,2
cam0,157,3,1088.596923828125,324.87762451171875,1120.97021484375,359.8465576171875,0.17174385488033295,0.03835679963231087,-1,-1
cam0,158,0,1162.6553955078125,334.19061279296875,890.2089233398438,363.9032897949219,0.4578937590122223,0.00385817838832736,0,0
cam0,158,1,896.6673583984375,361.7886962890625,1158.271728515625,332.647705078125,0.0734190046787262,0.7823910713195801,1,1
cam0,158,2,964.5346069335938,294.0143127441406,583.7542114257812,236.2315216064453,0.01675007864832878,0.05856579542160034,2,2
cam0,158,3,1101.9927978515625,328.7830505371094,1148.956298828125,331.99078369140625,0.4519372582435608,0.1551850289106369,-1,-1
cam0,159,0,1163.6104736328125,330.7696533203125,893.1053466796875,364.97320556640625,0.5270178318023682,0.0034019851591438055,0,0
cam0,159,1,892.2007446289062,363.9080810546875,1158.8485107421875,330.9534912109375,0.05394841730594635,0.8101400136947632,1,1
cam0,159,2,956.9779052734375,291.92083740234375,797.1917114257812,476.98492431640625,0.012093895114958286,0.05686260387301445,2,2
cam0,159,3,1097.8876953125,327.766845703125,1152.59375,334.4676208496094,0.40693989396095276,0.1295953243970871,-1,-1
cam0,160,0,1161.4581298828125,327.94586181640625,893.1023559570312,363.2390441894531,0.6588091850280762,0.005331836175173521,0,0
cam0,160,1,892.4764404296875,365.3748779296875,1161.14892578125,329.34454345703125,0.0457514189183712,0.7109996676445007,1,1
cam0,160,2,955.8798217773438,287.6715087890625,1121.402099609375,299.7893371582031,0.008698212914168835,0.07097364962100983,2,2
cam0,160,3,1085.3377685546875,323.0486755371094,1145.8607177734375,344.01641845703125,0.2867412567138672,0.21269477903842926,-1,-1
cam0,161,0,1127.9814453125,304.6822204589844,893.78173828125,360.9396057128906,0.6334567666053772,0.13272199034690857,0,0
cam0,161,1,1162.768310546875,323.45855712890625,1170.72705078125,332.00201416015625,0.03291488066315651,0.614790678024292,1,1
cam0,161,2,893.931640625,354.2091369628906,1119.5960693359375,300.6951599121094,0.02288297936320305,0.056605756282806396,2,2
cam0,161,3,1090.4935302734375,322.22137451171875,1143.4644775390625,334.9245910644531,0.3107454180717468,0.19588157534599304,-1,-1
cam0,162,0,1169.939697265625,331.0345764160156,1173.4835205078125,332.09619140625,0.5422065258026123,0.8152753114700317,0,0
cam0,162,1,889.2147216796875,364.4813537597656,891.5591430664062,360.7649841308594,0.04487466439604759,0.10237611085176468,1,1
cam0,162,2,974.7974853515625,289.984130859375,802.2947998046875,482.15008544921875,0.01920231804251671,0.0050645931623876095,2,2
cam0,162,3,1100.497314453125,328.504150390625,1133.3343505859375,350.1609191894531,0.3937165141105652,0.07728400826454163,-1,-1
cam0,163,0,1166.6375732421875,328.9988708496094,1173.651611328125,331.2938537597656,0.5339896082878113,0.8289585709571838,0,0
cam0,163,1,887.9595336914062,366.5650634765625,893.8233642578125,366.72369384765625,0.03746210038661957,0.11653115600347519,1,1
cam0,163,2,806.1498413085938,470.9656982421875,802.2833251953125,476.0655212402344,0.018100978806614876,0.006810307037085295,2,2
cam0,163,3,1106.6041259765625,324.9409484863281,1130.9404296875,349.3663330078125,0.41044729948043823,0.047699857503175735,-1,-1
cam0,164,0,1172.20556640625,329.2183532714844,1175.3197021484375,331.7092590332031,0.48725685477256775,0.7680567502975464,0,0
cam0,164,1,889.376220703125,368.11334228515625,894.4522094726562,366.697998046875,0.036596979945898056,0.15399010479450226,1,1
cam0,164,2,804.4591064453125,467.3091735839844,802.5747680664062,470.9362487792969,0.010784481652081013,0.00750623969361186,2,2
cam0,164,3,1117.056884765625,322.134033203125,1143.1951904296875,346.3503723144531,0.46536171436309814,0.07044694572687149,-1,-1
cam0,165,0,1174.1109619140625,330.2744140625,1175.8170166015625,330.7392272949219,0.16307713091373444,0.9230796098709106,0,0
cam0,165,1,1119.151611328125,295.5628356933594,889.4932250976562,363.4385986328125,0.134318545460701,0.06482415646314621,1,1
cam0,165,2,896.4561767578125,355.4100036621094,800.5323486328125,469.3087158203125,0.02533162198960781,0.001412446377798915,2,2
cam0,165,3,1101.20263671875,321.55023193359375,1138.062744140625,350.07818603515625,0.6772727370262146,0.010683801956474781,-1,-1
cam0,166,0,1174.918701171875,327.9276428222656,1179.874267578125,331.5904235839844,0.20362327992916107,0.6879200339317322,0,0
cam0,166,1,1037.5673828125,270.7524108886719,893.7295532226562,368.357666015625,0.06324255466461182,0.09988565742969513,1,1
cam0,166,2,803.3414916992188,463.28924560546875,800.782958984375,470.1742248535156,0.04673900827765465,0.006221480667591095,2,2
cam0,166,3,1130.601806640625,311.8437194824219,1141.9903564453125,347.9933776855469,0.6863951683044434,0.2059728354215622,-1,-1
cam0,167,0,1175.07177734375,327.0036926269531,1179.8135986328125,329.5655517578125,0.14294663071632385,0.8781048655509949,0,0
cam0,167,1,1032.543701171875,272.0987548828125,888.9326782226562,367.5527038574219,0.10977104306221008,0.09283686429262161,1,1
cam0,167,2,904.1617431640625,353.0667724609375,806.148193359375,473.7032165527344,0.05064107105135918,0.0023852342274039984,2,2
cam0,167,3,1134.5386962890625,311.6183166503906,1124.26123046875,357.69427490234375,0.6966412663459778,0.026673095300793648,-1,-1
cam0,168,0,1172.7274169921875,323.9705810546875,1178.77978515625,331.78704833984375,0.2980770766735077,0.8136330246925354,0,0
cam0,168,1,899.9613647460938,362.5451354980469,1124.5933837890625,297.2442626953125,0.06649766117334366,0.11728940159082413,1,1
cam0,168,2,1040.711669921875,268.80279541015625,899.6525268554688,358.0448303222656,0.043705202639102936,0.011095523834228516,2,2
cam0,168,3,1129.603759765625,312.25604248046875,1106.8641357421875,350.78680419921875,0.5917200446128845,0.05798201635479927,-1,-1
cam0,169,0,1176.3367919921875,323.55792236328125,1186.1845703125,332.8835144042969,0.9477050304412842,0.9161129593849182,0,0
cam0,169,1,1034.7847900390625,280.1965637207031,894.9445190429688,368.28021240234375,0.011864877305924892,0.048073794692754745,1,1
cam0,169,2,908.1831665039062,357.224365234375,791.3287353515625,450.8548583984375,0.0023175235837697983,0.003197327023372054,2,2
cam0,169,3,1152.6275634765625,317.55059814453125,1112.2166748046875,369.6347351074219,0.038112565875053406,0.03261592239141464,-1,-1
cam0,170,0,1082.2060546875,257.1807861328125,1188.5150146484375,332.23907470703125,0.19560708105564117,0.778390645980835,0,0
cam0,170,1,1179.8026123046875,323.3831481933594,1134.6038818359375,298.4002990722656,0.1685323417186737,0.11416787654161453,1,1
cam0,170,2,909.5494995117188,362.4530029296875,792.18212890625,437.9320373535156,0.036886800080537796,0.021344853565096855,2,2
cam0,170,3,1139.2763671875,291.9494323730469,1138.0052490234375,352.2760009765625,0.5989737510681152,0.08609659224748611,-1,-1
cam0,171,0,1075.74072265625,252.50131225585938,1192.0953369140625,329.98284912109375,0.03541050851345062,0.5847185254096985,0,0
cam0,171,1,1184.5008544921875,316.978759765625,1137.585205078125,297.1123352050781,0.4020298421382904,0.20300035178661346,1,1
cam0,171,2,907.1822509765625,363.1441955566406,904.967041015625,361.70269775390625,0.06877122074365616,0.03997443616390228,2,2
cam0,171,3,1138.6407470703125,297.1167907714844,1138.26171875,351.2597961425781,0.4937884211540222,0.17230676114559174,-1,-1
cam0,172,0,1075.387939453125,251.74661254882812,1187.095947265625,330.8483581542969,0.33442652225494385,0.969639778137207,0,0
cam0,172,1,1186.50830078125,319.7808837890625,896.7855834960938,371.3808898925781,0.22188328206539154,0.011073717847466469,1,1
cam0,172,2,906.2159423828125,366.1663513183594,799.1005249023438,439.7756042480469,0.038456887006759644,0.0018630882259458303,2,2
cam0,172,3,1134.01513671875,284.8930358886719,1140.8155517578125,357.54443359375,0.4052332937717438,0.01742332987487316,-1,-1
cam0,173,0,1072.3753662109375,248.81285095214844,1190.6995849609375,331.7532043457031,0.02746547758579254,0.9215391874313354,0,0
cam0,173,1,1183.1917724609375,321.5021057128906,896.1649169921875,368.6141052246094,0.4088544249534607,0.03356241062283516,1,1
cam0,173,2,904.2167358398438,362.5120849609375,801.2076416015625,438.7095642089844,0.0689394399523735,0.004765034653246403,2,2
cam0,173,3,1141.1583251953125,305.0583801269531,1145.498779296875,359.3150634765625,0.4947406053543091,0.040133338421583176,-1,-1
cam0,174,0,1074.3643798828125,250.24307250976562,1192.758056640625,330.4935302734375,0.18972456455230713,0.8479012846946716,0,0
cam0,174,1,1193.6644287109375,319.49365234375,898.9522094726562,374.6234436035156,0.3017950654029846,0.05298009514808655,1,1
cam0,174,2,1068.914306640625,364.2943420410156,1119.1064453125,292.39227294921875,0.0509364977478981,0.011290992610156536,2,2
cam0,174,3,1133.2694091796875,302.13238525390625,1149.8443603515625,347.59783935546875,0.45754390954971313,0.08782763034105301,-1,-1
cam0,175,0,1073.421142578125,249.2339630126953,1191.8963623046875,332.47320556640625,0.11222904920578003,0.8194190859794617,0,0
cam0,175,1,1191.57421875,321.7491760253906,896.26171875,369.1430969238281,0.4127022624015808,0.05077560245990753,1,1
cam0,175,2,902.809814453125,366.2615661621094,1126.83251953125,292.4005432128906,0.055909164249897,0.01639045961201191,2,2
cam0,175,3,1141.2105712890625,299.7154541015625,1146.4595947265625,348.66644287109375,0.4191594421863556,0.11341490596532822,-1,-1
cam0,176,0,1073.6007080078125,251.88067626953125,1192.1417236328125,330.4333190917969,0.11697002500295639,0.7356593012809753,0,0
cam0,176,1,1187.9449462890625,321.26129150390625,897.3456420898438,372.0624084472656,0.3310714066028595,0.08041843771934509,1,1
cam0,176,2,1064.26025390625,367.64996337890625,1133.240478515625,297.2603759765625,0.060360200703144073,0.02171263098716736,2,2
cam0,176,3,1125.3228759765625,301.0312805175781,1146.5057373046875,344.9831237792969,0.49159830808639526,0.1622096300125122,-1,-1
cam0,177,0,1068.3406982421875,258.5267028808594,1137.5631103515625,310.28143310546875,0.09479904174804688,0.46309882402420044,0,0
cam0,177,1,1118.812255859375,302.07476806640625,1189.45361328125,323.15521240234375,0.24553170800209045,0.2043643444776535,1,1
cam0,177,2,1196.213623046875,314.541748046875,902.13916015625,367.5950012207031,0.058303993195295334,0.03403863310813904,2,2
cam0,177,3,1107.3223876953125,304.4947204589844,1147.415771484375,343.6452331542969,0.6013652086257935,0.2984982430934906,-1,-1
cam0,178,0,1121.75732421875,305.8600769042969,1125.3167724609375,311.0887145996094,0.6942911744117737,0.3080066740512848,0,0
cam0,178,1,1037.3931884765625,270.8362731933594,1182.704345703125,326.4959716796875,0.02840525656938553,0.15530700981616974,1,1
cam0,178,2,836.7845458984375,310.8921813964844,1129.794677734375,121.88775634765625,0.011177646927535534,0.04401461035013199,2,2
cam0,178,3,1128.328369140625,307.2738342285156,1147.0648193359375,338.8893737792969,0.26612594723701477,0.4926716685295105,-1,-1
cam0,179,0,1048.988037109375,280.16131591796875,1127.4298095703125,308.26165771484375,0.05521718040108681,0.46255096793174744,0,0
cam0,179,1,1116.9449462890625,296.9548034667969,1192.5118408203125,322.2887878417969,0.19225887954235077,0.13869906961917877,1,1
cam0,179,2,1200.585205078125,312.5478820800781,814.4383544921875,479.87835693359375,0.06859022378921509,0.027778027579188347,2,2
cam0,179,3,1135.3271484375,299.9566955566406,1153.9512939453125,341.63824462890625,0.683933675289154,0.3709719777107239,-1,-1
cam0,180,0,1047.628173828125,284.60406494140625,1198.0406494140625,328.17529296875,0.03491191565990448,0.7096130847930908,0,0
cam0,180,1,1122.59130859375,298.7368469238281,1119.233642578125,301.51202392578125,0.30575281381607056,0.07876044511795044,1,1
cam0,180,2,1201.8714599609375,312.810791015625,816.0136108398438,481.1033935546875,0.06065507233142853,0.015352406539022923,2,2
cam0,180,3,1152.484130859375,298.039306640625,1158.8333740234375,340.9173583984375,0.5986801981925964,0.19627410173416138,-1,-1
cam0,181,0,1044.455322265625,285.725830078125,1195.8209228515625,327.9378356933594,0.020473947748541832,0.5734322667121887,0,0
cam0,181,1,1121.389404296875,294.73394775390625,1120.2806396484375,299.5753479003906,0.43022751808166504,0.12934088706970215,1,1
cam0,181,2,1199.6353759765625,313.8717956542969,816.8659057617188,475.6349182128906,0.057980041950941086,0.021403416991233826,2,2
cam0,181,3,1158.76416015625,300.8433532714844,1164.1798095703125,337.31939697265625,0.49131855368614197,0.27582332491874695,-1,-1
cam0,182,0,1186.8428955078125,319.4292907714844,1189.055908203125,326.169677734375,0.5976164937019348,0.6361066699028015,0,0
cam0,182,1,1121.2056884765625,300.58807373046875,1122.803955078125,296.2088928222656,0.05189331993460655,0.14818215370178223,1,1
cam0,182,2,1044.716796875,279.4322204589844,818.1066284179688,474.4736328125,0.014307531528174877,0.022741662338376045,2,2
cam0,182,3,1144.831298828125,301.5870361328125,1182.743408203125,332.54296875,0.3361826241016388,0.19296951591968536,-1,-1
cam0,183,0,1136.091064453125,312.1292724609375,1181.0887451171875,327.74755859375,0.5047699809074402,0.9794062972068787,0,0
cam0,183,1,1171.9573974609375,315.9738464355469,810.0875244140625,479.3633728027344,0.07386450469493866,0.006310102995485067,1,1
cam0,183,2,1040.050537109375,272.42120361328125,896.8531494140625,355.6804504394531,0.014444352127611637,0.0006317343795672059,2,2
cam0,183,3,1156.137451171875,306.4020080566406,1161.10400390625,351.3792419433594,0.4069212079048157,0.013651813380420208,-1,-1
cam0,184,0,1175.0870361328125,322.040283203125,1177.2508544921875,324.50897216796875,0.8836153745651245,0.9775046706199646,0,0
cam0,184,1,1032.4970703125,281.4486389160156,812.480224609375,479.4031677246094,0.013055725023150444,0.010745027102530003,1,1
cam0,184,2,815.4281616210938,471.34942626953125,900.1502685546875,354.57183837890625,0.0022553817834705114,0.0007281950092874467,2,2
cam0,184,3,1148.9443359375,323.0352478027344,1154.521484375,358.3592529296875,0.10107355564832687,0.011022130958735943,-1,-1
cam0,185,0,1174.44287109375,318.5966491699219,1173.9102783203125,323.177001953125,0.917201042175293,0.9923273921012878,0,0
cam0,185,1,1032.6441650390625,277.27911376953125,805.70068359375,480.69378662109375,0.02576541155576706,0.0015049126232042909,1,1
cam0,185,2,812.47265625,466.9539794921875,897.1490478515625,349.6072692871094,0.0025624141562730074,0.00029713247204199433,2,2
cam0,185,3,1141.04736328125,294.2103576660156,1168.9136962890625,325.523193359375,0.05447109043598175,0.005870520602911711,-1,-1
cam0,186,0,1171.4510498046875,317.6022644042969,1171.33056640625,320.1439514160156,0.7250092029571533,0.9798436164855957,0,0
cam0,186,1,1054.710205078125,283.3725891113281,885.7805786132812,364.99224853515625,0.0788385197520256,0.003646284807473421,1,1
cam0,186,2,817.2523803710938,466.9569091796875,819.9824829101562,469.2651672363281,0.018340537324547768,0.0009561988990753889,2,2
cam0,186,3,1127.997802734375,293.3908386230469,1160.3681640625,320.9266052246094,0.17781177163124084,0.015553971752524376,-1,-1
cam0,187,0,1169.0440673828125,318.5058288574219,1168.6279296875,317.500244140625,0.872096598148346,0.991959273815155,0,0
cam0,187,1,1054.538330078125,283.50335693359375,811.218505859375,478.87298583984375,0.04023541882634163,0.0011183801107108593,1,1
cam0,187,2,817.7740478515625,468.0907897949219,894.5243530273438,354.16864013671875,0.006619247142225504,0.0003394378873053938,2,2
cam0,187,3,1124.9696044921875,306.4039306640625,1151.5452880859375,335.5063781738281,0.08104880154132843,0.006582855246961117,-1,-1
cam0,188,0,1167.564208984375,319.6052551269531,1174.03076171875,322.8480529785156,0.8874931335449219,0.9902341365814209,0,0
cam0,188,1,1056.7933349609375,282.4022216796875,814.1121215820312,483.2280578613281,0.034957848489284515,0.0020422537345439196,1,1
cam0,188,2,818.1373291015625,468.6877746582031,1055.0872802734375,275.0142517089844,0.0052129658870399,0.0005635585403069854,2,2
cam0,188,3,1126.417724609375,306.7140808105469,1163.41064453125,330.32879638671875,0.07233618944883347,0.007160030771046877,-1,-1
cam0,189,0,1172.893310546875,318.32421875,1174.1435546875,321.3525085449219,0.854295551776886,0.9951553344726562,0,0
cam0,189,1,1056.16845703125,283.90631103515625,808.601318359375,476.8622131347656,0.040743228048086166,0.0010866995435208082,1,1
cam0,189,2,818.3002319335938,463.4017639160156,1056.2601318359375,272.9327392578125,0.010816953144967556,0.00025439917226321995,2,2
cam0,189,3,1126.59765625,308.6833801269531,1166.436767578125,319.3435974121094,0.0941442921757698,0.0035036997869610786,-1,-1
cam0,190,0,1170.190185546875,317.168701171875,1173.612548828125,321.84765625,0.8758429884910583,0.9955675005912781,0,0
cam0,190,1,817.7046508789062,478.2278747558594,810.9393310546875,479.20245361328125,0.0477672815322876,0.0010317042469978333,1,1
cam0,190,2,1033.547607421875,294.0982971191406,826.9451904296875,324.57049560546875,0.003806943539530039,0.00013236149970907718,2,2
cam0,190,3,1118.1756591796875,313.09307861328125,1164.3172607421875,319.01123046875,0.07258278876543045,0.0032684237230569124,-1,-1
cam0,191,0,1169.50634765625,317.06573486328125,1172.3741455078125,321.7929382324219,0.930057168006897,0.9955337047576904,0,0
cam0,191,1,1018.596923828125,314.6206970214844,817.7494506835938,480.7741394042969,0.02464439533650875,0.0006195339956320822,1,1
cam0,191,2,819.1560668945312,468.59356689453125,829.0624389648438,326.6304931640625,0.0018223358783870935,0.00014241741155274212,2,2
cam0,191,3,1115.798583984375,314.2674560546875,1159.301513671875,337.4024658203125,0.043476179242134094,0.003704373724758625,-1,-1
cam0,192,0,1168.58349609375,316.3666076660156,1170.6607666015625,322.8097839355469,0.9639416933059692,0.9969562292098999,0,0
cam0,192,1,1013.4383544921875,309.9044494628906,818.6419067382812,480.117431640625,0.014261167496442795,0.00034769854391925037,1,1
cam0,192,2,821.6007690429688,466.2495422363281,824.6998291015625,321.0413513183594,0.0012255085166543722,0.00012187035463284701,2,2
cam0,192,3,1117.705810546875,311.87225341796875,1152.2728271484375,335.3243103027344,0.02057167887687683,0.002574256621301174,-1,-1
cam0,193,0,1168.58447265625,318.2728271484375,1169.78271484375,321.15423583984375,0.9507074356079102,0.9956203103065491,0,0
cam0,193,1,1008.2431640625,312.717529296875,821.8342895507812,483.94976806640625,0.022334596142172813,0.0019613902550190687,1,1
cam0,193,2,1095.738037109375,284.5080871582031,823.0961303710938,324.1671142578125,0.0020582699216902256,0.00012215381138958037,2,2
cam0,193,3,1116.2889404296875,289.70269775390625,1160.99951171875,322.4049072265625,0.024899786338210106,0.0022961413487792015,-1,-1
cam0,194,0,1169.26123046875,320.4721984863281,1168.400634765625,323.1484069824219,0.9417080283164978,0.9985727071762085,0,0
cam0,194,1,1083.0020751953125,291.4232482910156,816.03955078125,480.9944763183594,0.022697700187563896,0.0006228690617717803,1,1
cam0,194,2,1002.1873168945312,297.97784423828125,816.3966674804688,323.1658020019531,0.003205187153071165,3.523538543959148e-05,2,2
cam0,194,3,1135.1204833984375,297.89898681640625,1151.51953125,330.9668884277344,0.032389085739851,0.0007692832732573152,-1,-1
cam0,195,0,1163.9742431640625,320.3780517578125,1163.197509765625,323.3283386230469,0.9498094916343689,0.9897632598876953,0,0
cam0,195,1,1073.41650390625,282.66656494140625,816.9599609375,483.0055847167969,0.017820896580815315,0.0021239486522972584,1,1
cam0,195,2,997.7236328125,299.8288269042969,818.2947387695312,322.1953125,0.004249564837664366,0.0003322504635434598,2,2
cam0,195,3,1125.0128173828125,297.06939697265625,1153.5172119140625,337.01824951171875,0.028120052069425583,0.007780543994158506,-1,-1
cam0,196,0,1160.037353515625,320.9388122558594,1162.1788330078125,324.22900390625,0.9495167136192322,0.9928638935089111,0,0
cam0,196,1,1057.129638671875,276.7387390136719,815.4859619140625,483.8762512207031,0.016310343518853188,0.001452071825042367,1,1
cam0,196,2,987.8417358398438,289.5529479980469,819.5833129882812,319.45733642578125,0.004291127435863018,0.0002604094333946705,2,2
cam0,196,3,1123.188232421875,305.5004577636719,1149.5159912109375,338.5662841796875,0.029881900176405907,0.005423706956207752,-1,-1
cam0,197,0,1156.7567138671875,321.73065185546875,1161.7154541015625,324.6211853027344,0.9335727691650391,0.9943469166755676,0,0
cam0,197,1,1062.0357666015625,258.92425537109375,814.332275390625,474.3003234863281,0.017087513580918312,0.0011648914078250527,1,1
cam0,197,2,815.8883056640625,465.3781433105469,819.8447875976562,319.30303955078125,0.004606405273079872,0.00021021954307798296,2,2
cam0,197,3,1114.4071044921875,326.11187744140625,1140.4949951171875,338.6720275878906,0.044733233749866486,0.004278047941625118,-1,-1
cam0,198,0,1158.2938232421875,322.9067077636719,1159.5279541015625,324.2681579589844,0.9681819081306458,0.9957590699195862,0,0
cam0,198,1,891.3397827148438,333.5840148925781,812.483642578125,479.78271484375,0.007581734098494053,0.0017998326802626252,1,1
cam0,198,2,823.5192260742188,321.5532531738281,811.1224975585938,316.72418212890625,0.0021905035246163607,6.889655924169347e-05,2,2
cam0,198,3,1116.93212890625,335.2850036621094,1143.8282470703125,311.7477722167969,0.022045837715268135,0.002372310496866703,-1,-1
cam0,199,0,1155.8331298828125,322.8853454589844,1159.764892578125,325.9361572265625,0.9807333946228027,0.9970613121986389,0,0
cam0,199,1,902.2162475585938,322.8260498046875,810.109375,485.52923583984375,0.007066874764859676,0.0005478541716001928,1,1
cam0,199,2,811.5148315429688,472.6341247558594,802.396728515625,311.6828308105469,0.0007095392793416977,7.746717892587185e-05,2,2
cam0,199,3,1112.9527587890625,339.0241394042969,1132.783447265625,352.1537170410156,0.011490141972899437,0.0023133615031838417,-1,-1
cam0,200,0,1159.150390625,327.6689147949219,1159.3519287109375,327.040283203125,0.9853228330612183,0.9987300038337708,0,0
cam0,200,1,904.9163818359375,314.01507568359375,814.0911865234375,477.51409912109375,0.00467020133510232,0.00025824079057201743,1,1
cam0,200,2,830.865966796875,315.7227783203125,800.3362426757812,309.6748046875,0.0005856901407241821,3.712938632816076e-05,2,2
cam0,200,3,1117.962646484375,335.12762451171875,1125.5220947265625,344.2497863769531,0.009421277791261673,0.0009746276773512363,-1,-1
cam0,201,0,1157.1829833984375,327.41107177734375,1157.80419921875,326.55438232421875,0.9910035133361816,0.9995349645614624,0,0
cam0,201,1,1081.5189208984375,283.14544677734375,812.1403198242188,476.1798095703125,0.003285439684987068,5.776671605417505e-05,1,1
cam0,201,2,914.9164428710938,307.5280456542969,796.0377197265625,303.4099426269531,0.0007369549130089581,2.0373005099827424e-05,2,2
cam0,201,3,1116.4713134765625,341.3323059082031,1109.1431884765625,352.25250244140625,0.004974197130650282,0.0003868398489430547,-1,-1
cam0,202,0,1157.23828125,324.35748291015625,1155.578369140625,325.67913818359375,0.9910836219787598,0.999667763710022,0,0
cam0,202,1,811.6015625,470.3664245605469,814.7600708007812,473.6626281738281,0.002816589316353202,5.697640517610125e-05,1,1
cam0,202,2,986.7584228515625,270.57672119140625,795.3779907226562,307.41510009765625,0.0004026749811600894,1.2693963981291745e-05,2,2
cam0,202,3,1105.85302734375,355.70074462890625,1103.040771484375,362.25079345703125,0.005697173066437244,0.0002624959161039442,-1,-1
cam0,203,0,1154.1968994140625,327.40997314453125,1152.009033203125,326.887939453125,0.9961768388748169,0.9997590184211731,0,0
cam0,203,1,1082.178955078125,233.0612335205078,809.6817016601562,479.1201477050781,0.001566324383020401,9.172176942229271e-05,1,1
cam0,203,2,917.76171875,322.9463195800781,797.8115234375,311.6188049316406,0.00018460318096913397,6.834073246864136e-06,2,2
cam0,203,3,1105.8870849609375,348.61083984375,1079.8499755859375,352.9662780761719,0.002072125906124711,0.00014241156168282032,-1,-1
cam0,204,0,1150.3240966796875,328.9324951171875,1147.646484375,327.0535888671875,0.9176613688468933,0.9998226761817932,0,0
cam0,204,1,1081.5347900390625,226.87088012695312,803.7575073242188,478.65557861328125,0.019289767369627953,7.997329521458596e-05,1,1
cam0,204,2,915.3189086914062,317.37420654296875,801.3729858398438,319.6943664550781,0.003196518635377288,6.221532203198876e-06,2,2
cam0,204,3,1121.1644287109375,350.44610595703125,1068.1065673828125,359.48883056640625,0.059852346777915955,9.114641579799354e-05,-1,-1
cam0,205,0,1149.3603515625,329.997802734375,1147.7176513671875,330.5915832519531,0.9830107688903809,0.9993828535079956,0,0
cam0,205,1,1078.52734375,215.3959197998047,807.746337890625,483.0636291503906,0.005138335283845663,0.0001548953732708469,1,1
cam0,205,2,915.5917358398438,309.1280822753906,813.0242919921875,323.04925537109375,0.0008744645165279508,3.018477582372725e-05,2,2
cam0,205,3,1106.2083740234375,335.69183349609375,1109.169189453125,330.3153076171875,0.010976499877870083,0.00043211373849771917,-1,-1
cam0,206,0,1147.472412109375,331.53558349609375,1146.9022216796875,332.9331970214844,0.9776811599731445,0.9952143430709839,0,0
cam0,206,1,833.5969848632812,324.56317138671875,805.402587890625,481.52252197265625,0.004535985179245472,0.00264527159743011,1,1
cam0,206,2,808.9901733398438,467.20751953125,819.5803833007812,329.1742248535156,0.0006853422382846475,0.0002550137578509748,2,2
cam0,206,3,1126.5771484375,351.47381591796875,1104.529541015625,337.2636413574219,0.017097551375627518,0.0018853986402973533,-1,-1
cam0,207,0,1145.110107421875,327.9705810546875,1145.030029296875,334.49359130859375,0.9903852939605713,0.9986696243286133,0,0
cam0,207,1,829.3084106445312,325.5992736816406,806.7306518554688,479.3727722167969,0.0015898447018116713,0.0003814739466179162,1,1
cam0,207,2,978.2062377929688,297.1683654785156,819.9957275390625,327.2168273925781,0.0003290226450189948,3.527774606482126e-05,2,2
cam0,207,3,1121.6536865234375,364.2835998535156,1129.839599609375,369.3465881347656,0.0076957764104008675,0.0009137502056546509,-1,-1
cam0,208,0,1143.786376953125,334.6828918457031,1144.8179931640625,336.63531494140625,0.9949615001678467,0.9978625178337097,0,0
cam0,208,1,1059.4134521484375,301.4705505371094,805.2000122070312,480.9610595703125,0.0011110181221738458,0.0004291881632525474,1,1
cam0,208,2,977.446533203125,306.1134033203125,819.506103515625,324.7291259765625,0.00022975594038143754,4.254335362929851e-05,2,2
cam0,208,3,1121.3531494140625,362.28759765625,1125.015380859375,360.4500427246094,0.003697779029607773,0.0016657001106068492,-1,-1
cam0,209,0,1143.03125,335.7930603027344,1143.6337890625,337.5221862792969,0.9963309168815613,0.9983795881271362,0,0
cam0,209,1,1052.640869140625,298.5316162109375,804.1505126953125,479.0871276855469,0.0008012865437194705,0.00024337825016118586,1,1
cam0,209,2,982.6962890625,308.5924072265625,1110.0533447265625,178.86231994628906,0.00018741158419288695,3.1861225579632446e-05,2,2
cam0,209,3,1111.253173828125,365.3097229003906,1117.5086669921875,360.175048828125,0.0026804450899362564,0.0013451664708554745,-1,-1
cam0,210,0,1141.7578125,339.56390380859375,1140.5115966796875,339.5572509765625,0.9980249404907227,0.9995139837265015,0,0
cam0,210,1,1028.834228515625,304.3501892089844,804.8298950195312,476.5384216308594,0.00046897283755242825,0.00011412716412451118,1,1
cam0,210,2,807.3384399414062,452.3085632324219,508.115478515625,213.9125518798828,8.715127478353679e-05,2.3790827981429175e-05,2,2
cam0,210,3,1098.5758056640625,363.61651611328125,1069.2030029296875,365.5679931640625,0.0014188392087817192,0.0003480000013951212,-1,-1
cam0,211,0,1140.24267578125,341.34881591796875,1138.158447265625,340.9784240722656,0.999213457107544,0.9997254014015198,0,0
cam0,211,1,1025.5819091796875,311.2540283203125,804.079833984375,474.9974365234375,0.0002272823330713436,6.078537626308389e-05,1,1
cam0,211,2,1108.9415283203125,240.68344116210938,506.79547119140625,214.80458068847656,3.408325937925838e-05,1.7767139070201665e-05,2,2
cam0,211,3,1090.83154296875,358.19476318359375,1060.258056640625,360.4465637207031,0.0005251976544968784,0.00019604121916927397,-1,-1
cam0,212,0,1138.5262451171875,341.97991943359375,1136.3397216796875,342.2174377441406,0.9986717700958252,0.9997231364250183,0,0
cam0,212,1,1093.01953125,249.82382202148438,800.2882080078125,470.395751953125,0.0006121678743511438,5.236778088146821e-05,1,1
cam0,212,2,1036.0855712890625,306.7712097167969,508.7489929199219,215.41864013671875,4.7966212150640786e-05,1.2822596545447595e-05,2,2
cam0,212,3,1079.93701171875,349.4723815917969,1075.873779296875,352.318115234375,0.0006681650993414223,0.0002116940449923277,-1,-1
cam0,213,0,1136.2276611328125,344.2389221191406,1135.334716796875,345.3990478515625,0.9936002492904663,0.998199462890625,0,0
cam0,213,1,1093.3427734375,250.92984008789062,797.283203125,456.96929931640625,0.002726845210418105,0.0003932173131033778,1,1
cam0,213,2,1054.7989501953125,299.9386901855469,509.6896057128906,214.8217010498047,0.00025053086574189365,6.297263462329283e-05,2,2
cam0,213,3,1082.504638671875,334.8103942871094,1090.0506591796875,334.1871337890625,0.003422439331188798,0.0013444492360576987,-1,-1
cam0,214,0,1134.2244873046875,346.6918640136719,1133.647216796875,347.83642578125,0.9806852340698242,0.9891342520713806,0,0
cam0,214,1,1069.8563232421875,273.4531555175781,798.28271484375,447.1300048828125,0.007825760170817375,0.0028235900681465864,1,1
cam0,214,2,805.4345703125,445.4374084472656,811.8837890625,323.50946044921875,0.000659639947116375,0.00024122682225424796,2,2
cam0,214,3,1115.945556640625,336.59783935546875,1116.3974609375,339.83746337890625,0.010829413309693336,0.007800964172929525,-1,-1
cam0,215,0,1129.7518310546875,348.2049560546875,1130.145263671875,351.05078125,0.9962724447250366,0.9970183372497559,0,0
cam0,215,1,1071.8690185546875,272.4689025878906,797.832763671875,454.92291259765625,0.0007315489347092807,0.0003291727916803211,1,1
cam0,215,2,793.9154052734375,403.6461486816406,509.5060729980469,221.62408447265625,0.0001775928831193596,6.62337479298003e-05,2,2
cam0,215,3,1118.9647216796875,367.90142822265625,1111.3521728515625,367.4777526855469,0.0028184109833091497,0.0025862054899334908,-1,-1
cam0,216,0,1128.6539306640625,351.15655517578125,1128.8992919921875,353.9005432128906,0.9895973801612854,0.9975774884223938,0,0
cam0,216,1,1076.018798828125,269.3096618652344,795.54931640625,461.26007080078125,0.0038378098979592323,0.0002385366678936407,1,1
cam0,216,2,799.7435913085938,447.89361572265625,515.0693969726562,233.97332763671875,0.0003920171584468335,6.125427898950875e-05,2,2
cam0,216,3,1126.222412109375,334.3102111816406,1099.751708984375,370.20501708984375,0.006172838620841503,0.0021226892713457346,-1,-1
cam0,217,0,1126.9207763671875,350.61749267578125,1127.8016357421875,354.04486083984375,0.9973279237747192,0.9931572079658508,0,0
cam0,217,1,1076.1826171875,267.2712097167969,801.742431640625,459.9149169921875,0.0004527820856310427,0.0003140414773952216,1,1
cam0,217,2,800.6648559570312,447.28936767578125,1142.8226318359375,107.80543518066406,0.00019647344015538692,0.00018403817375656217,2,2
cam0,217,3,1077.8819580078125,393.98834228515625,1081.413818359375,407.71734619140625,0.002022750210016966,0.006344746798276901,-1,-1
cam0,218,0,1133.5859375,351.7069396972656,1129.4794921875,354.2875671386719,0.978142499923706,0.8960991501808167,0,0
cam0,218,1,823.4238891601562,319.70892333984375,1037.6068115234375,365.30181884765625,0.0036316432524472475,0.011295607313513756,1,1
cam0,218,2,1100.518310546875,225.89749145507812,807.9203491210938,464.0522766113281,0.000703526777215302,0.0026365520898252726,2,2
cam0,218,3,1084.41357421875,385.218505859375,1092.9788818359375,386.6506652832031,0.017522364854812622,0.089968740940094,-1,-1
cam0,219,0,1130.4815673828125,353.0291748046875,1126.149169921875,355.1694030761719,0.8525732755661011,0.782681405544281,0,0
cam0,219,1,997.0250854492188,371.9737548828125,1003.6235961914062,368.2719421386719,0.05193989351391792,0.028826909139752388,1,1
cam0,219,2,825.7823486328125,316.55694580078125,806.7634887695312,468.2210388183594,0.006195040885359049,0.003982138819992542,2,2
cam0,219,3,1089.6221923828125,379.06378173828125,1090.777587890625,381.44268798828125,0.08929186314344406,0.18450957536697388,-1,-1
cam0,220,0,1107.2879638671875,360.5435485839844,1124.6903076171875,361.2107238769531,0.5457792282104492,0.693662166595459,0,0
cam0,220,1,993.635986328125,370.14605712890625,998.066162109375,370.39007568359375,0.20005632936954498,0.04973805323243141,1,1
cam0,220,2,831.254150390625,313.6851806640625,804.3766479492188,467.5655517578125,0.01671738363802433,0.004763632081449032,2,2
cam0,220,3,1096.617919921875,367.2110900878906,1086.3695068359375,385.06085205078125,0.23744699358940125,0.2518361508846283,-1,-1
cam0,221,0,1102.2763671875,362.99261474609375,1124.767333984375,366.7689208984375,0.7357003688812256,0.7883487939834595,0,0
cam0,221,1,987.9228515625,368.0623474121094,990.1608276367188,369.5501708984375,0.10240643471479416,0.02540055848658085,1,1
cam0,221,2,829.1166381835938,311.6222839355469,1210.736083984375,376.8259582519531,0.011367885395884514,0.0026061225216835737,2,2
cam0,221,3,1098.4400634765625,360.7971496582031,1096.376220703125,366.3621520996094,0.1505253165960312,0.18364448845386505,-1,-1
cam0,222,0,1101.1602783203125,363.8714904785156,1175.4244384765625,342.8310852050781,0.6629958748817444,0.23387257754802704,0,0
cam0,222,1,992.6552734375,369.77239990234375,1085.999267578125,363.17681884765625,0.10430789738893509,0.1752193719148636,1,1
cam0,222,2,1101.9393310546875,208.97837829589844,996.3992919921875,366.5135192871094,0.01391813438385725,0.03584869205951691,2,2
cam0,222,3,1107.026611328125,350.94036865234375,1089.730712890625,360.4634704589844,0.2187780737876892,0.5550593733787537,-1,-1
cam0,223,0,1117.7796630859375,370.4753112792969,1174.570556640625,345.89337158203125,0.6514208316802979,0.1321677565574646,0,0
cam0,223,1,1006.2387084960938,369.3471374511719,1066.7994384765625,363.590576171875,0.10640312731266022,0.17257077991962433,1,1
cam0,223,2,1102.1688232421875,206.88829040527344,987.3834228515625,373.3388671875,0.014334709383547306,0.019904080778360367,2,2
cam0,223,3,1100.8934326171875,339.5710754394531,1080.922119140625,365.1814880371094,0.2278413027524948,0.6753574013710022,-1,-1
cam0,224,0,1039.6728515625,367.3709411621094,1064.5853271484375,364.0513610839844,0.1373109221458435,0.33380815386772156,0,0
cam0,224,1,1122.0399169921875,372.86822509765625,1173.2998046875,339.3639831542969,0.3102097809314728,0.1654052585363388,1,1
cam0,224,2,1107.47314453125,210.94244384765625,791.390380859375,404.5907287597656,0.04464740306138992,0.021376557648181915,2,2
cam0,224,3,1107.573974609375,357.30908203125,1096.8839111328125,378.35382080078125,0.507831871509552,0.4794100522994995,-1,-1
cam0,225,0,1058.09228515625,364.3130187988281,1062.34716796875,365.20904541015625,0.13493777811527252,0.17674550414085388,0,0
cam0,225,1,1128.28515625,381.69830322265625,1179.529296875,333.4142761230469,0.2134024202823639,0.17477013170719147,1,1
cam0,225,2,1102.1927490234375,217.1839141845703,793.0660400390625,407.6790771484375,0.020241934806108475,0.01754334568977356,2,2
cam0,225,3,1098.9385986328125,354.8520812988281,1100.4014892578125,368.1103515625,0.6314179301261902,0.6309410333633423,-1,-1
cam0,226,0,1119.19384765625,374.7452697753906,1178.1451416015625,331.9420166015625,0.7979226112365723,0.02828040160238743,0,0
cam0,226,1,1096.443115234375,209.671630859375,1115.393798828125,379.7840270996094,0.02718842402100563,0.26509377360343933,1,1
cam0,226,2,788.8800659179688,412.1379089355469,489.42352294921875,471.9698791503906,0.003684194525703788,0.02147815376520157,2,2
cam0,226,3,1094.910400390625,350.72442626953125,1091.153076171875,371.1837158203125,0.1712048202753067,0.6851477026939392,-1,-1
cam0,227,0,1116.5255126953125,376.80511474609375,1176.0584716796875,332.34527587890625,0.896109402179718,0.025285234674811363,0,0
cam0,227,1,1099.431884765625,210.9752655029297,1106.4725341796875,378.6634826660156,0.013885634951293468,0.28985798358917236,1,1
cam0,227,2,785.9574584960938,410.67120361328125,786.8698120117188,408.7536926269531,0.0013690690975636244,0.03144930675625801,2,2
cam0,227,3,1121.450439453125,359.60577392578125,1090.1798095703125,374.91644287109375,0.08863601088523865,0.6534074544906616,-1,-1
cam0,228,0,1113.0050048828125,369.31103515625,1179.497802734375,331.7937316894531,0.9683788418769836,0.39453941583633423,0,0
cam0,228,1,1101.968017578125,215.12649536132812,1103.7799072265625,370.02587890625,0.005904389079660177,0.08587696403265,1,1
cam0,228,2,790.75830078125,410.3814697265625,792.8789672851562,409.1591796875,0.0006850471254438162,0.0305592343211174,2,2
cam0,228,3,1093.8360595703125,374.6146240234375,1102.2178955078125,370.46405029296875,0.02503175288438797,0.48902446031570435,-1,-1
cam0,229,0,1113.98779296875,368.8437194824219,1175.35107421875,334.55548095703125,0.9723460078239441,0.09425513446331024,0,0
cam0,229,1,1095.886962890625,220.1328125,1109.1556396484375,373.2303771972656,0.0025902418419718742,0.18000607192516327,1,1
cam0,229,2,795.1481323242188,451.7056579589844,789.83349609375,409.7819519042969,0.000601338513661176,0.03121952712535858,2,2
cam0,229,3,1103.5869140625,379.3450927734375,1091.2607421875,379.77423095703125,0.024462450295686722,0.6945192813873291,-1,-1
cam0,230,0,1123.317138671875,379.33343505859375,1125.1268310546875,381.14276123046875,0.9693840146064758,0.8567315936088562,0,0
cam0,230,1,1096.4647216796875,255.2848663330078,786.3411254882812,458.685546875,0.011541146785020828,0.01552912499755621,1,1
cam0,230,2,793.9907836914062,451.0530700683594,789.9547729492188,411.3153991699219,0.00043074708082713187,0.002048877999186516,2,2
cam0,230,3,1111.5244140625,349.9530029296875,1110.0157470703125,374.7145690917969,0.018644174560904503,0.12569040060043335,-1,-1
cam0,231,0,1126.11865234375,383.2523498535156,1129.4593505859375,384.45721435546875,0.9823289513587952,0.8389691710472107,0,0
cam0,231,1,1093.0726318359375,249.40924072265625,781.290283203125,425.75604248046875,0.0032022951636463404,0.012100433930754662,1,1
cam0,231,2,789.0489501953125,420.1713562011719,798.9437255859375,459.8479919433594,0.00035873171873390675,0.0018896590918302536,2,2
cam0,231,3,1105.8114013671875,373.3227233886719,1104.9071044921875,398.2276611328125,0.01411009393632412,0.1470406949520111,-1,-1
cam0,232,0,1131.7181396484375,382.1427001953125,1131.375,387.86370849609375,0.9319090247154236,0.54678875207901,0,0
cam0,232,1,1097.086181640625,256.7771911621094,782.9180908203125,434.2855529785156,0.010231422260403633,0.08099664747714996,1,1
cam0,232,2,1033.15478515625,363.9609375,1051.775390625,355.5662536621094,0.0006089444505050778,0.0036955629475414753,2,2
cam0,232,3,1122.592529296875,363.3369445800781,1126.8330078125,383.9705810546875,0.05725070834159851,0.36851897835731506,-1,-1
cam0,233,0,1139.398193359375,386.1819152832031,1138.83154296875,386.5888366699219,0.9593960642814636,0.9908026456832886,0,0
cam0,233,1,1104.9552001953125,263.4261169433594,1045.7799072265625,358.2983093261719,0.0056303380988538265,0.003107659285888076,1,1
cam0,233,2,1027.7606201171875,364.1704406738281,789.8944091796875,424.2559814453125,0.0007806550129316747,0.00021379526879172772,2,2
cam0,233,3,1110.106689453125,396.2550354003906,1093.8939208984375,388.990234375,0.03419286012649536,0.005875923205167055,-1,-1
cam0,234,0,1143.6983642578125,384.3548889160156,1141.81396484375,387.1424255371094,0.750192403793335,0.9873927235603333,0,0
cam0,234,1,489.2759094238281,478.4644775390625,486.8617858886719,476.1288146972656,0.030061515048146248,0.0034678662195801735,1,1
cam0,234,2,799.1266479492188,447.2967834472656,815.5020141601562,462.1230163574219,0.004990880843251944,0.00035890188883058727,2,2
cam0,234,3,1133.7874755859375,358.3005065917969,1118.3836669921875,386.8241882324219,0.21475520730018616,0.008780515752732754,-1,-1
cam0,235,0,1150.0838623046875,387.4946594238281,1145.6866455078125,386.44793701171875,0.5844255685806274,0.9743761420249939,0,0
cam0,235,1,489.4965515136719,474.5462951660156,488.0428161621094,475.8887634277344,0.034908395260572433,0.007389610167592764,1,1
cam0,235,2,1039.7369384765625,365.8670959472656,812.8035278320312,465.0722961425781,0.009621852077543736,0.0006936313584446907,2,2
cam0,235,3,1108.3507080078125,379.67779541015625,1131.2864990234375,390.5978698730469,0.37104418873786926,0.017540475353598595,-1,-1
cam0,236,0,1147.829345703125,386.1414794921875,1146.07763671875,385.50347900390625,0.6126590967178345,0.8902521133422852,0,0
cam0,236,1,1171.6202392578125,337.2138366699219,489.76458740234375,471.7103271484375,0.06832682341337204,0.0446278378367424,1,1
cam0,236,2,492.7169494628906,466.2915344238281,818.6194458007812,465.94683837890625,0.017248479649424553,0.002852805657312274,2,2
cam0,236,3,1102.286376953125,373.9146423339844,1120.638916015625,384.674560546875,0.3017656207084656,0.06226731836795807,-1,-1
cam0,237,0,1177.7318115234375,344.16839599609375,1144.678955078125,381.9708557128906,0.3151622414588928,0.877732515335083,0,0
cam0,237,1,489.2471923828125,470.5075988769531,489.27911376953125,464.1247253417969,0.07909931987524033,0.042392559349536896,1,1
cam0,237,2,814.8370971679688,462.307861328125,818.4378051757812,464.12628173828125,0.030950721353292465,0.002544102258980274,2,2
cam0,237,3,1113.129638671875,366.477783203125,1117.4156494140625,367.8953857421875,0.5747877955436707,0.07733087986707687,-1,-1
cam0,238,0,1178.826171875,337.01727294921875,1112.6763916015625,386.0293884277344,0.20209567248821259,0.5858508348464966,0,0
cam0,238,1,1122.1646728515625,301.0897521972656,490.16888427734375,465.5700988769531,0.21071414649486542,0.0835103988647461,1,1
cam0,238,2,1152.981689453125,384.59356689453125,1185.609619140625,319.29876708984375,0.05737888067960739,0.0209718719124794,2,2
cam0,238,3,1120.135986328125,366.72503662109375,1123.8023681640625,348.46875,0.5298113226890564,0.3096669316291809,-1,-1
cam0,239,0,1177.8182373046875,336.6427001953125,1112.0887451171875,384.8805236816406,0.25219887495040894,0.7444849610328674,0,0
cam0,239,1,808.842041015625,479.4173278808594,865.5502319335938,361.2957763671875,0.08502548933029175,0.0737062469124794,1,1
cam0,239,2,491.2897033691406,462.330078125,814.9766845703125,472.3155212402344,0.0301082544028759,0.012519307434558868,2,2
cam0,239,3,1120.7108154296875,360.42156982421875,1134.005126953125,352.2906799316406,0.6326674222946167,0.1692894995212555,-1,-1
cam0,240,0,1173.1341552734375,336.8564758300781,1114.2469482421875,384.8649597167969,0.2560722529888153,0.7545561194419861,0,0
cam0,240,1,805.9237060546875,477.038330078125,867.1449584960938,362.17132568359375,0.11101575940847397,0.078619085252285,1,1
cam0,240,2,836.7283325195312,314.17108154296875,813.333251953125,468.97210693359375,0.04692767560482025,0.011201717890799046,2,2
cam0,240,3,1120.486083984375,348.7825927734375,1136.0147705078125,353.4568176269531,0.5859842896461487,0.15562301874160767,-1,-1
cam0,241,0,1142.635009765625,382.8064270019531,1115.9627685546875,384.3365478515625,0.49957746267318726,0.8422686457633972,0,0
cam0,241,1,1177.4749755859375,327.304931640625,862.017822265625,362.45745849609375,0.1159767210483551,0.04132360592484474,1,1
cam0,241,2,813.4790649414062,469.8732604980469,816.3312377929688,467.39984130859375,0.02750955894589424,0.00721474876627326,2,2
cam0,241,3,1114.8841552734375,356.9804992675781,1139.4742431640625,349.4695739746094,0.3569362461566925,0.10919294506311417,-1,-1
cam0,242,0,1177.8089599609375,333.0888671875,1178.588134765625,333.7679443359375,0.2653706669807434,0.629632294178009,0,0
cam0,242,1,1132.94287109375,387.7158508300781,1128.7093505859375,384.2052307128906,0.1638399064540863,0.12379996478557587,1,1
cam0,242,2,813.042236328125,471.58392333984375,814.0934448242188,469.5927429199219,0.049122344702482224,0.025199981406331062,2,2
cam0,242,3,1132.239013671875,356.9007568359375,1130.5059814453125,338.817138671875,0.5216670036315918,0.22136779129505157,-1,-1
cam0,243,0,1175.8690185546875,335.7514343261719,1177.722900390625,334.3758239746094,0.6343666911125183,0.7904306650161743,0,0
cam0,243,1,807.1314086914062,477.7007141113281,1129.6802978515625,384.8438720703125,0.06581009924411774,0.08911537379026413,1,1
cam0,243,2,1017.9761962890625,303.18475341796875,812.5149536132812,469.132080078125,0.013281972147524357,0.013014758005738258,2,2
cam0,243,3,1139.015869140625,360.52410888671875,1145.497802734375,339.69970703125,0.28654128313064575,0.10743923485279083,-1,-1
cam0,244,0,1180.8663330078125,337.2873229980469,1179.1566162109375,337.2492370605469,0.5805965662002563,0.9748780131340027,0,0
cam0,244,1,807.3582763671875,474.200927734375,802.6962280273438,473.5013427734375,0.03772499039769173,0.006126032210886478,1,1
cam0,244,2,1015.216064453125,301.7170715332031,868.198974609375,357.6465759277344,0.013425086624920368,0.0008200602023862302,2,2
cam0,244,3,1135.990478515625,361.5426330566406,1151.33935546875,336.7786560058594,0.36825335025787354,0.018175924196839333,-1,-1
cam0,245,0,1180.038330078125,338.6162109375,1178.782958984375,338.6070556640625,0.6129674911499023,0.9843618869781494,0,0
cam0,245,1,803.7797241210938,473.57708740234375,796.634521484375,472.7223815917969,0.028614036738872528,0.005710147321224213,1,1
cam0,245,2,1011.4673461914062,295.27972412109375,866.13134765625,352.8608093261719,0.00966559536755085,0.00045184444752521813,2,2
cam0,245,3,1148.681884765625,361.2577819824219,1151.3106689453125,340.92767333984375,0.34875285625457764,0.009476112201809883,-1,-1
cam0,246,0,1180.427490234375,340.9043884277344,1179.7493896484375,338.27972412109375,0.5820960402488708,0.9844744205474854,0,0
cam0,246,1,1004.186279296875,313.9977111816406,996.5228271484375,322.3982238769531,0.04546961933374405,0.006385730113834143,1,1
cam0,246,2,804.3751831054688,468.4191589355469,867.3131713867188,355.2392272949219,0.010613668709993362,0.00034139479976147413,2,2
cam0,246,3,1147.3641357421875,360.4546203613281,1137.1102294921875,345.94622802734375,0.36182066798210144,0.008798480965197086,-1,-1
cam0,247,0,1177.3929443359375,340.0054626464844,1180.21484375,336.0789794921875,0.829917848110199,0.3968368172645569,0,0
cam0,247,1,984.5747680664062,315.4971008300781,1002.324951171875,318.5992126464844,0.03040376305580139,0.11240644007921219,1,1
cam0,247,2,799.1371459960938,469.3365783691406,867.5939331054688,354.26007080078125,0.005285294260829687,0.01727387309074402,2,2
cam0,247,3,1145.4512939453125,317.07513427734375,1125.7711181640625,354.3243408203125,0.1343931406736374,0.47348281741142273,-1,-1
cam0,248,0,1184.7821044921875,338.9908447265625,1179.5782470703125,332.352294921875,0.8196349740028381,0.5389265418052673,0,0
cam0,248,1,979.689453125,315.6526184082031,1003.1168212890625,310.2012023925781,0.03273493051528931,0.10558773577213287,1,1
cam0,248,2,1059.8387451171875,289.0984191894531,793.4332885742188,469.05572509765625,0.00852351263165474,0.017103824764490128,2,2
cam0,248,3,1137.08837890625,327.1978759765625,1132.7601318359375,338.7475280761719,0.13910658657550812,0.338381826877594,-1,-1
cam0,249,0,1180.220458984375,339.70208740234375,1176.67724609375,327.3251037597656,0.7136059403419495,0.7138261795043945,0,0
cam0,249,1,977.7706909179688,314.57891845703125,1004.6541748046875,306.7471923828125,0.033497173339128494,0.0818762481212616,1,1
cam0,249,2,882.8814086914062,316.62078857421875,873.9821166992188,354.5365905761719,0.015118787996470928,0.016873503103852272,2,2
cam0,249,3,1125.3118896484375,325.7310485839844,1127.5869140625,336.9737243652344,0.23777803778648376,0.18742410838603973,-1,-1
cam0,250,0,1177.8045654296875,377.9207763671875,1176.3040771484375,326.98760986328125,0.8454877138137817,0.6246256828308105,0,0
cam0,250,1,1069.6192626953125,227.09561157226562,1154.971435546875,392.79449462890625,0.018993470817804337,0.13960492610931396,1,1
cam0,250,2,1018.8743286132812,303.6190185546875,767.1452026367188,296.4159240722656,0.006170689128339291,0.028258927166461945,2,2
cam0,250,3,1132.32763671875,315.32647705078125,1129.3660888671875,340.60009765625,0.12934815883636475,0.20751047134399414,-1,-1
cam0,251,0,1167.558349609375,382.022216796875,1178.2916259765625,326.3077392578125,0.8450700640678406,0.6539678573608398,0,0
cam0,251,1,1075.560546875,230.95338439941406,781.0570068359375,473.1944274902344,0.017108947038650513,0.12064237892627716,1,1
cam0,251,2,1026.567138671875,378.1180725097656,1034.0430908203125,370.42205810546875,0.007426934316754341,0.015795523300766945,2,2
cam0,251,3,1139.1646728515625,310.01263427734375,1133.660888671875,338.1561584472656,0.1303941011428833,0.2095942497253418,-1,-1
cam0,252,0,1163.3245849609375,387.0150146484375,1181.7342529296875,331.1582336425781,0.8523502945899963,0.29728078842163086,0,0
cam0,252,1,1076.7154541015625,232.88768005371094,1028.29052734375,374.0133361816406,0.022772755473852158,0.17254281044006348,1,1
cam0,252,2,855.6287841796875,321.1941833496094,786.4197387695312,446.78759765625,0.006531762424856424,0.035793766379356384,2,2
cam0,252,3,1141.071533203125,321.6720886230469,1128.6259765625,341.1840515136719,0.11834529787302017,0.49438267946243286,-1,-1
cam0,253,0,1159.876953125,387.9109191894531,1185.603759765625,331.9906921386719,0.830159068107605,0.5383321642875671,0,0
cam0,253,1,1187.5223388671875,332.2421569824219,777.410400390625,458.86712646484375,0.03405790030956268,0.10723427683115005,1,1
cam0,253,2,1083.7025146484375,231.5669708251953,833.928466796875,316.7678527832031,0.009038117714226246,0.023571711033582687,2,2
cam0,253,3,1131.709716796875,323.49273681640625,1116.2579345703125,344.6664123535156,0.12674486637115479,0.33086180686950684,-1,-1
cam0,254,0,1186.302978515625,331.61456298828125,1185.3853759765625,334.5552978515625,0.47264981269836426,0.4424770474433899,0,0
cam0,254,1,1014.4611206054688,307.2856750488281,1139.4637451171875,384.2051696777344,0.12923260033130646,0.20000630617141724,1,1
cam0,254,2,844.2971801757812,322.7724609375,784.344482421875,466.790771484375,0.044892020523548126,0.055625561624765396,2,2
cam0,254,3,1121.9000244140625,342.83575439453125,1114.2425537109375,334.9404602050781,0.3532254695892334,0.3018910586833954,-1,-1
cam0,255,0,1188.5616455078125,329.5219421386719,1136.903076171875,379.3193359375,0.27571722865104675,0.7432656288146973,0,0
cam0,255,1,1145.8245849609375,383.74517822265625,1184.28759765625,331.3957214355469,0.20059078931808472,0.06946869939565659,1,1
cam0,255,2,1016.5910034179688,305.0099182128906,786.67236328125,467.5792541503906,0.07805835455656052,0.01639002375304699,2,2
cam0,255,3,1113.7166748046875,345.2074890136719,1111.8515625,337.666259765625,0.44563356041908264,0.1708756983280182,-1,-1
cam0,256,0,1143.2666015625,379.8092956542969,1131.9864501953125,375.4134216308594,0.5831810235977173,0.7030771374702454,0,0
cam0,256,1,1186.3282470703125,325.6719970703125,1188.92919921875,333.1339111328125,0.10500852763652802,0.06337691098451614,1,1
cam0,256,2,834.4963989257812,314.9269104003906,777.4732055664062,467.0977478027344,0.023918217048048973,0.011267179623246193,2,2
cam0,256,3,1114.6865234375,337.3842468261719,1109.7384033203125,350.8970947265625,0.28789222240448,0.22227880358695984,-1,-1
cam0,257,0,1137.6273193359375,378.6735534667969,1131.5643310546875,374.8389587402344,0.8022991418838501,0.8513672947883606,0,0
cam0,257,1,1188.2034912109375,325.9400939941406,1190.635009765625,331.52020263671875,0.07776781916618347,0.03602089360356331,1,1
cam0,257,2,1132.0408935546875,279.5177917480469,771.9102783203125,462.7877197265625,0.010457358323037624,0.0034636228810995817,2,2
cam0,257,3,1115.910888671875,337.84686279296875,1118.27392578125,348.9578857421875,0.10947567224502563,0.10914819687604904,-1,-1
cam0,258,0,1130.1915283203125,374.38330078125,1129.3687744140625,375.2093200683594,0.8773465752601624,0.9460886120796204,0,0
cam0,258,1,1194.265869140625,325.0712890625,766.4058837890625,470.9930114746094,0.05410265550017357,0.011206235736608505,1,1
cam0,258,2,1138.0921630859375,279.3995666503906,689.4428100585938,291.5545959472656,0.006320344749838114,0.0013571602758020163,2,2
cam0,258,3,1120.617919921875,346.21966552734375,1106.8544921875,352.4800109863281,0.062230437994003296,0.0413481667637825,-1,-1
cam0,259,0,1129.1917724609375,375.3727722167969,1129.03759765625,373.90411376953125,0.9184314012527466,0.8562846779823303,0,0
cam0,259,1,1190.696533203125,329.931396484375,678.044189453125,300.65057373046875,0.03887494280934334,0.05270636826753616,1,1
cam0,259,2,1139.83984375,281.72515869140625,779.7236938476562,455.5886535644531,0.002193975495174527,0.0015508143696933985,2,2
cam0,259,3,1132.10400390625,348.4553527832031,1113.8228759765625,348.0794677734375,0.0404997356235981,0.08945813030004501,-1,-1
cam0,260,0,1132.097412109375,378.43524169921875,1129.335693359375,378.7926940917969,0.9721947908401489,0.9656710624694824,0,0
cam0,260,1,1189.159423828125,326.1078186035156,771.3512573242188,462.73663330078125,0.019193235784769058,0.008954855613410473,1,1
cam0,260,2,1141.4176025390625,278.0188903808594,687.3141479492188,294.8102722167969,0.001387120457366109,0.0007420647307299078,2,2
cam0,260,3,1108.660888671875,348.7868957519531,1099.3829345703125,364.7447509765625,0.0072248550131917,0.0246320441365242,-1,-1
cam0,261,0,1131.7657470703125,378.5306701660156,1128.632080078125,382.410888671875,0.8984163999557495,0.9654136896133423,0,0
cam0,261,1,1186.5391845703125,328.2591552734375,775.0679321289062,470.7575378417969,0.05363311618566513,0.007825080305337906,1,1
cam0,261,2,1140.6241455078125,280.0107727050781,685.2490234375,295.3106994628906,0.004251486621797085,0.0009452567901462317,2,2
cam0,261,3,1138.0289306640625,353.4110412597656,1097.2388916015625,366.8506164550781,0.0436989851295948,0.025815987959504128,-1,-1
cam0,262,0,1129.130859375,375.9161071777344,1128.141357421875,380.7772216796875,0.9450582265853882,0.8976749181747437,0,0
cam0,262,1,1187.355712890625,327.4360656738281,1193.345703125,333.7688293457031,0.027577392756938934,0.03825439512729645,1,1
cam0,262,2,1131.70263671875,292.1277770996094,777.1834106445312,459.2490539550781,0.0037512544076889753,0.0035961875692009926,2,2
cam0,262,3,1107.4931640625,342.78448486328125,1108.802001953125,362.1112365722656,0.023613091558218002,0.0604744516313076,-1,-1
cam0,263,0,1130.4998779296875,376.8499450683594,1125.1981201171875,378.9462890625,0.811007559299469,0.8570941686630249,0,0
cam0,263,1,1185.5576171875,328.1737060546875,1191.6162109375,331.4252624511719,0.10376251488924026,0.0590684711933136,1,1
cam0,263,2,1132.203857421875,289.1685485839844,773.7891235351562,457.36834716796875,0.007484658621251583,0.0039566694758832455,2,2
cam0,263,3,1128.3316650390625,354.3056640625,1110.0078125,369.0347595214844,0.07774531841278076,0.07988066226243973,-1,-1
cam0,264,0,1130.8779296875,377.57763671875,1124.9832763671875,378.28125,0.9862224459648132,0.7657219767570496,0,0
cam0,264,1,1186.54052734375,326.2540283203125,1193.5928955078125,331.6394348144531,0.009062673896551132,0.08363661170005798,1,1
cam0,264,2,1135.8619384765625,283.92333984375,780.5003051757812,455.63055419921875,0.00034933837014250457,0.004603858105838299,2,2
cam0,264,3,1105.873046875,351.5721130371094,1116.8209228515625,363.4842529296875,0.004365653730928898,0.14603759348392487,-1,-1
cam0,265,0,1129.925537109375,378.9130859375,1126.604736328125,378.40069580078125,0.8938738107681274,0.6809576749801636,0,0
cam0,265,1,1057.7601318359375,280.5980224609375,773.820068359375,478.45599365234375,0.0639757588505745,0.04769141972064972,1,1
cam0,265,2,1126.374267578125,284.3132629394531,401.88232421875,209.9692840576172,0.0030363979749381542,0.004927995149046183,2,2
cam0,265,3,1129.6285400390625,355.86895751953125,1110.6029052734375,352.8406066894531,0.0391140952706337,0.26642292737960815,-1,-1
cam0,266,0,1130.3831787109375,382.0999755859375,1128.746337890625,381.7626037597656,0.9143080115318298,0.8967978954315186,0,0
cam0,266,1,1116.986328125,292.5029296875,776.532470703125,477.7923889160156,0.04215524345636368,0.013841532170772552,1,1
cam0,266,2,1194.0396728515625,324.3678894042969,421.2191467285156,218.45968627929688,0.0035573032218962908,0.002876749960705638,2,2
cam0,266,3,1121.4178466796875,362.0417175292969,1092.819580078125,369.8561096191406,0.03997934237122536,0.08648388087749481,-1,-1
cam0,267,0,1127.856201171875,382.7786560058594,1128.794921875,383.47784423828125,0.9736671447753906,0.9717896580696106,0,0
cam0,267,1,1111.6649169921875,289.77435302734375,518.14453125,261.0342712402344,0.01203928142786026,0.005610395688563585,1,1
cam0,267,2,1196.510986328125,325.57452392578125,779.4674072265625,461.72747802734375,0.0011218767613172531,0.0010097849881276488,2,2
cam0,267,3,1103.34521484375,364.5135498046875,1075.71875,373.73553466796875,0.013171673752367496,0.021590005606412888,-1,-1
cam0,268,0,1128.0155029296875,384.2565612792969,1127.8975830078125,382.7013244628906,0.9101512432098389,0.9265549778938293,0,0
cam0,268,1,1118.42333984375,291.14398193359375,516.8710327148438,263.4762878417969,0.04125066101551056,0.02268344722688198,1,1
cam0,268,2,1195.70068359375,321.9869384765625,784.1968994140625,464.713134765625,0.004598161205649376,0.0018943911418318748,2,2
cam0,268,3,1101.5162353515625,361.3506774902344,1101.476806640625,334.0213317871094,0.04399997368454933,0.04886717349290848,-1,-1
cam0,269,0,1127.00048828125,380.84588623046875,1129.07861328125,383.0184020996094,0.9234396815299988,0.8530439138412476,0,0
cam0,269,1,1115.4266357421875,289.4907531738281,515.6710205078125,260.8391418457031,0.036324575543403625,0.03534824401140213,1,1
cam0,269,2,523.8223266601562,260.59942626953125,767.9057006835938,432.7439880371094,0.0026101975236088037,0.003380470909178257,2,2
cam0,269,3,1097.1402587890625,364.6888732910156,1110.392578125,332.9970397949219,0.03762561082839966,0.10822737962007523,-1,-1
cam1,0,0,551.2108764648438,428.21124267578125,566.5848999023438,430.17095947265625,0.2011297345161438,0.04857248067855835,0,0
cam1,0,1,639.4972534179688,399.3757019042969,735.3743286132812,525.4054565429688,0.39100155234336853,0.25820448994636536,1,1
cam1,0,2,721.0315551757812,542.0590209960938,1058.60546875,280.2147216796875,0.014175641350448132,0.03340359032154083,2,2
cam1,0,3,851.4429931640625,504.99432373046875,749.161865234375,522.5393676757812,0.3936930298805237,0.6598194241523743,-1,-1
cam1,1,0,550.4051513671875,430.3526611328125,553.900634765625,431.8404541015625,0.06014509126543999,0.053412824869155884,0,0
cam1,1,1,628.17431640625,397.6641845703125,730.6461791992188,514.803955078125,0.46391722559928894,0.32123929262161255,1,1
cam1,1,2,719.59521484375,534.3242797851562,1061.470703125,274.7959899902344,0.01849716156721115,0.027868106961250305,2,2
cam1,1,3,862.0557250976562,511.3116760253906,754.689208984375,514.4613037109375,0.45744046568870544,0.5974797606468201,-1,-1
cam1,2,0,549.395751953125,428.5558776855469,548.482421875,430.8419189453125,0.006519196555018425,0.014579507522284985,0,0
cam1,2,1,622.5317993164062,398.5942077636719,733.2206420898438,518.4988403320312,0.6340292692184448,0.5282272100448608,1,1
cam1,2,2,648.9739379882812,483.8182067871094,1135.64453125,602.2777099609375,0.02470107562839985,0.03180132433772087,2,2
cam1,2,3,871.9815673828125,509.4155578613281,766.1390991210938,517.001708984375,0.3347504436969757,0.42539194226264954,-1,-1
cam1,3,0,551.9869384765625,428.3994140625,547.5054931640625,428.59503173828125,0.009600300341844559,0.0016249907203018665,0,0
cam1,3,1,645.9583740234375,482.9147033691406,734.0540771484375,523.2518310546875,0.6299388408660889,0.6480683088302612,1,1
cam1,3,2,621.4990844726562,407.68798828125,1139.996826171875,607.735107421875,0.05458039790391922,0.041185829788446426,2,2
cam1,3,3,853.5487060546875,488.34820556640625,792.74462890625,502.6865234375,0.30588051676750183,0.3091208338737488,-1,-1
cam1,4,0,552.5775146484375,426.9371337890625,550.860595703125,428.5544738769531,0.005116090644150972,0.005375182256102562,0,0
cam1,4,1,647.9063110351562,487.66119384765625,733.2850341796875,522.1690673828125,0.5033935308456421,0.6139553189277649,1,1
cam1,4,2,617.2015380859375,408.65545654296875,1138.79931640625,605.2617797851562,0.04043426364660263,0.08293409645557404,2,2
cam1,4,3,890.0289916992188,482.98675537109375,814.2037353515625,473.2807312011719,0.45105618238449097,0.29773545265197754,-1,-1
cam1,5,0,557.2863159179688,428.80657958984375,551.75830078125,433.1847839355469,0.01725948601961136,0.005084570962935686,0,0
cam1,5,1,648.5123291015625,486.3592529296875,726.9521484375,512.5343627929688,0.42917659878730774,0.454126238822937,1,1
cam1,5,2,652.4179077148438,338.1302185058594,1138.909912109375,602.265625,0.03343808278441429,0.13257397711277008,2,2
cam1,5,3,912.3585815429688,492.1936340332031,813.7479858398438,487.2865905761719,0.5201258063316345,0.4082152545452118,-1,-1
cam1,6,0,613.076171875,411.0836181640625,728.9695434570312,511.07489013671875,0.014214209280908108,0.5308094024658203,0,0
cam1,6,1,651.6600952148438,494.6065673828125,559.0415649414062,366.86468505859375,0.4587683081626892,0.1299525648355484,1,1
cam1,6,2,1142.8179931640625,600.2389526367188,538.7269287109375,431.2701416015625,0.05681085214018822,0.035548899322748184,2,2
cam1,6,3,883.4591064453125,506.2619934082031,742.2387084960938,497.4013671875,0.4702065885066986,0.30368921160697937,-1,-1
cam1,7,0,616.0374145507812,417.40618896484375,729.809814453125,513.5072021484375,0.002281151246279478,0.244177907705307,0,0
cam1,7,1,644.688232421875,485.8408508300781,555.0205688476562,364.4983215332031,0.5720224380493164,0.27457424998283386,1,1
cam1,7,2,561.669189453125,357.4478759765625,781.7177734375,386.024169921875,0.02739723026752472,0.05968276411294937,2,2
cam1,7,3,924.05712890625,511.80902099609375,768.145263671875,496.4446105957031,0.3982992172241211,0.4215650260448456,-1,-1
cam1,8,0,618.7056884765625,421.28436279296875,555.7518920898438,363.6442565917969,0.0009406300378032029,0.00036921832361258566,0,0
cam1,8,1,561.5127563476562,355.978271484375,737.177490234375,522.14111328125,0.6560212969779968,0.6848944425582886,1,1
cam1,8,2,1146.0975341796875,596.8687133789062,652.746826171875,497.9428405761719,0.022358059883117676,0.08548630774021149,2,2
cam1,8,3,940.6473999023438,507.8072204589844,863.833740234375,530.1871337890625,0.32067999243736267,0.22925010323524475,-1,-1
cam1,9,0,617.1334228515625,425.4421081542969,556.9407348632812,366.86553955078125,0.00015418294060509652,9.378077811561525e-05,0,0
cam1,9,1,560.485107421875,356.54534912109375,664.70654296875,493.3432922363281,0.8273907899856567,0.78135085105896,1,1
cam1,9,2,661.27392578125,507.402587890625,739.02880859375,524.6361694335938,0.01597270555794239,0.06955611705780029,2,2
cam1,9,3,935.635986328125,511.12786865234375,863.7964477539062,513.2527465820312,0.15648239850997925,0.1489991545677185,-1,-1
cam1,10,0,618.3219604492188,426.1417236328125,629.97314453125,368.8501892089844,0.0012300648959353566,0.00018595156143419445,0,0
cam1,10,1,717.5106201171875,518.0712890625,660.44140625,491.8788757324219,0.5992911458015442,0.627226710319519,1,1
cam1,10,2,556.7098388671875,365.7261047363281,736.2891845703125,527.8395385742188,0.05654875561594963,0.10148481279611588,2,2
cam1,10,3,932.9445190429688,484.9091491699219,863.7861328125,524.568115234375,0.34293004870414734,0.2711024880409241,-1,-1
cam1,11,0,633.7538452148438,415.9364318847656,628.3656616210938,370.34564208984375,0.0035913349129259586,0.0001614543580217287,0,0
cam1,11,1,724.1483154296875,514.8131713867188,657.7315063476562,489.3345642089844,0.4019269347190857,0.6266104578971863,1,1
cam1,11,2,558.5164184570312,367.3075256347656,741.4766845703125,524.3346557617188,0.038396820425987244,0.09779524803161621,2,2
cam1,11,3,959.6970825195312,491.8581237792969,876.6340942382812,535.0912475585938,0.556084930896759,0.27543291449546814,-1,-1
cam1,12,0,555.6021728515625,381.0022888183594,625.270751953125,367.8631591796875,0.0005957274115644395,0.00048547075130045414,0,0
cam1,12,1,727.72998046875,511.88360595703125,660.7142333984375,489.1355285644531,0.6153507828712463,0.6654245853424072,1,1
cam1,12,2,664.662109375,406.6481628417969,735.2969360351562,521.9898071289062,0.06826157867908478,0.09020562469959259,2,2
cam1,12,3,965.0466918945312,510.47979736328125,859.8092651367188,475.302734375,0.31579187512397766,0.24388432502746582,-1,-1
cam1,13,0,551.4944458007812,393.08551025390625,624.8306274414062,371.37225341796875,0.0005975481471978128,0.00010086943075293675,0,0
cam1,13,1,727.7752075195312,514.0471801757812,661.116455078125,494.4573669433594,0.45769473910331726,0.7772161960601807,1,1
cam1,13,2,670.1063232421875,407.2140197753906,734.0951538085938,522.2857055664062,0.10450903326272964,0.07062862813472748,2,2
cam1,13,3,983.8500366210938,521.8088989257812,917.6714477539062,531.9187622070312,0.437198668718338,0.15205428004264832,-1,-1
cam1,14,0,661.0032958984375,497.86065673828125,736.733642578125,514.2176513671875,0.004580908454954624,0.5463250279426575,0,0
cam1,14,1,618.2429809570312,381.0255126953125,624.6459350585938,362.1287536621094,0.3969477713108063,0.2307136058807373,1,1
cam1,14,2,742.1025390625,510.1116027832031,649.4701538085938,492.93414306640625,0.037661414593458176,0.016170134767889977,2,2
cam1,14,3,972.142578125,487.9786682128906,848.098388671875,521.493896484375,0.560809850692749,0.20679114758968353,-1,-1
cam1,15,0,663.9550170898438,500.7749938964844,734.3477783203125,512.9969482421875,0.0005037123337388039,0.3622564673423767,0,0
cam1,15,1,614.6448364257812,395.1761474609375,625.1439819335938,360.55535888671875,0.5483639240264893,0.3597028851509094,1,1
cam1,15,2,748.0638427734375,511.623779296875,1135.0537109375,587.5582885742188,0.036163683980703354,0.02345501258969307,2,2
cam1,15,3,1019.1312255859375,495.5247802734375,856.2481079101562,509.2207946777344,0.41496866941452026,0.2545856237411499,-1,-1
cam1,16,0,669.242919921875,503.2401428222656,732.3938598632812,514.1742553710938,0.0010401380714029074,0.1242072731256485,0,0
cam1,16,1,619.15478515625,406.6650085449219,622.8695678710938,357.00201416015625,0.4399133622646332,0.41519105434417725,1,1
cam1,16,2,1151.505126953125,587.9720458984375,1139.5557861328125,587.7113037109375,0.02877104841172695,0.01673356257379055,2,2
cam1,16,3,1073.1546630859375,520.699951171875,936.8406372070312,516.1966552734375,0.5302754640579224,0.44386810064315796,-1,-1
cam1,17,0,671.4423217773438,505.3328552246094,732.6031494140625,513.3004760742188,0.00042508883052505553,0.2064884454011917,0,0
cam1,17,1,614.2433471679688,408.79852294921875,623.5665893554688,361.48162841796875,0.5083207488059998,0.40903353691101074,1,1
cam1,17,2,779.591796875,520.7669677734375,660.0709228515625,494.0511169433594,0.034652892500162125,0.02217245101928711,2,2
cam1,17,3,1113.9534912109375,534.1420288085938,902.0366821289062,527.373779296875,0.4566013514995575,0.36230549216270447,-1,-1
cam1,18,0,686.044677734375,498.4524841308594,732.1158447265625,510.66925048828125,0.2532644271850586,0.15999124944210052,0,0
cam1,18,1,1139.6064453125,578.3451538085938,1135.6287841796875,585.6029052734375,0.04237654432654381,0.09984759986400604,1,1
cam1,18,2,624.319580078125,420.40606689453125,557.43359375,377.7877502441406,0.01946835033595562,0.0632329136133194,2,2
cam1,18,3,894.5315551757812,502.5216979980469,811.8390502929688,507.3678894042969,0.6848906874656677,0.6769282817840576,-1,-1
cam1,19,0,1133.154296875,576.14501953125,731.4819946289062,510.64794921875,0.15090766549110413,0.10104025155305862,0,0
cam1,19,1,694.0553588867188,490.03436279296875,1137.4228515625,567.3564453125,0.13421280682086945,0.18003599345684052,1,1
cam1,19,2,1165.8809814453125,263.8473815917969,569.471435546875,393.3079528808594,0.08351213485002518,0.09141913801431656,2,2
cam1,19,3,918.8727416992188,526.5770874023438,836.6952514648438,507.2562561035156,0.6313673257827759,0.6275046467781067,-1,-1
cam1,20,0,1131.4007568359375,570.0774536132812,568.7249755859375,409.026611328125,0.10992950201034546,0.0016511016292497516,0,0
cam1,20,1,698.1436767578125,491.270751953125,733.8124389648438,521.2628784179688,0.10525776445865631,0.3260214328765869,1,1
cam1,20,2,616.072021484375,418.5192565917969,1141.7406005859375,594.542724609375,0.06777171790599823,0.14876531064510345,2,2
cam1,20,3,918.2424926757812,530.9747924804688,888.5138549804688,523.5189819335938,0.717041015625,0.5235621333122253,-1,-1
cam1,21,0,1135.0633544921875,584.2686157226562,567.74462890625,417.74163818359375,0.06937625259160995,0.0021882355213165283,0,0
cam1,21,1,708.56982421875,502.763916015625,731.92041015625,517.936767578125,0.14184175431728363,0.28219375014305115,1,1
cam1,21,2,488.76080322265625,387.1956787109375,1142.9376220703125,591.6958618164062,0.09675200283527374,0.1712232083082199,2,2
cam1,21,3,924.225341796875,532.3234252929688,895.5298461914062,512.2147216796875,0.6920299530029297,0.5443947911262512,-1,-1
cam1,22,0,750.196533203125,512.0401000976562,722.98193359375,531.87451171875,0.022722894325852394,0.004119826480746269,0,0
cam1,22,1,1144.1602783203125,577.640625,1133.1358642578125,551.8866577148438,0.1428578943014145,0.2190183848142624,1,1
cam1,22,2,522.1405639648438,410.3292236328125,578.5897827148438,414.8929443359375,0.02846989780664444,0.10732624679803848,2,2
cam1,22,3,1057.310791015625,520.8389282226562,963.3920288085938,556.5396728515625,0.8059492707252502,0.6695355176925659,-1,-1
cam1,23,0,759.5868530273438,506.75164794921875,754.3179321289062,515.04443359375,0.0007238209364004433,0.0028791732620447874,0,0
cam1,23,1,1144.0484619140625,572.3262939453125,1134.4376220703125,551.0263671875,0.257191926240921,0.3270670473575592,1,1
cam1,23,2,793.686279296875,373.57501220703125,583.9310302734375,420.297119140625,0.04623168334364891,0.05136631801724434,2,2
cam1,23,3,1174.2755126953125,551.1768798828125,1069.1893310546875,535.2247314453125,0.6958525776863098,0.6186875104904175,-1,-1
cam1,24,0,764.8107299804688,506.3577575683594,757.2545776367188,508.18060302734375,0.0007501079817302525,0.003872642992064357,0,0
cam1,24,1,1135.8250732421875,550.420166015625,1146.00390625,561.3148803710938,0.22855748236179352,0.27705612778663635,1,1
cam1,24,2,528.1486206054688,415.5065612792969,582.1636352539062,428.74029541015625,0.051596421748399734,0.06633596867322922,2,2
cam1,24,3,1177.0498046875,554.4375610351562,1022.851318359375,554.2877807617188,0.7190959453582764,0.6527352929115295,-1,-1
cam1,25,0,763.7339477539062,504.63494873046875,766.2581787109375,506.74755859375,0.011335362680256367,0.016850009560585022,0,0
cam1,25,1,1130.2054443359375,540.7632446289062,1132.727294921875,541.7835693359375,0.5265504717826843,0.4866952896118164,1,1
cam1,25,2,527.9345092773438,417.38525390625,579.3131713867188,429.1813659667969,0.07957141846418381,0.05994627997279167,2,2
cam1,25,3,1149.2066650390625,573.6580200195312,1069.024169921875,517.9906616210938,0.38254275918006897,0.4365084171295166,-1,-1
cam1,26,0,1139.768798828125,546.4453735351562,1142.7940673828125,539.734375,0.9391286373138428,0.5349934697151184,0,0
cam1,26,1,758.4654541015625,504.5775451660156,762.7070922851562,509.9154968261719,0.020731527358293533,0.3416876494884491,1,1
cam1,26,2,772.0916137695312,378.005859375,1122.1005859375,266.727294921875,0.00093643250875175,0.007858515717089176,2,2
cam1,26,3,1073.861083984375,566.554443359375,1000.3031616210938,544.2835083007812,0.03920334205031395,0.11546039581298828,-1,-1
cam1,27,0,1141.9853515625,537.0133666992188,1143.258544921875,533.6555786132812,0.9487643241882324,0.9233521223068237,0,0
cam1,27,1,751.7550659179688,505.6202392578125,756.8345947265625,514.0850219726562,0.009709940291941166,0.018682153895497322,1,1
cam1,27,2,775.0931396484375,375.2341613769531,1278.556396484375,369.8337707519531,0.0016217438969761133,0.0018030566861853004,2,2
cam1,27,3,1090.4776611328125,575.9356689453125,1043.998046875,556.547607421875,0.03990386053919792,0.05616269260644913,-1,-1
cam1,28,0,1143.281494140625,529.5824584960938,1145.2152099609375,527.493896484375,0.9318335652351379,0.9166563153266907,0,0
cam1,28,1,742.7897338867188,508.2422790527344,744.0183715820312,515.4144287109375,0.0282349344342947,0.015034939162433147,1,1
cam1,28,2,619.0360717773438,403.30853271484375,1281.965576171875,359.8764343261719,0.003030603053048253,0.0012940536253154278,2,2
cam1,28,3,1077.161865234375,522.1163330078125,1067.24560546875,539.9638061523438,0.03690101206302643,0.06701477617025375,-1,-1
cam1,29,0,1142.806884765625,522.5162353515625,1142.320068359375,521.0330810546875,0.92878657579422,0.8874490857124329,0,0
cam1,29,1,734.8135375976562,517.27734375,731.5061645507812,523.6665649414062,0.010362415574491024,0.040272533893585205,1,1
cam1,29,2,621.0723266601562,399.8372497558594,1282.354736328125,362.4549255371094,0.002219452755525708,0.0017482491675764322,2,2
cam1,29,3,1120.515380859375,584.0731811523438,1054.5416259765625,526.0635375976562,0.058631569147109985,0.07053012400865555,-1,-1
cam1,30,0,1142.2982177734375,509.4013671875,1141.202392578125,509.9208984375,0.9742107391357422,0.9599132537841797,0,0
cam1,30,1,1125.3116455078125,608.8363647460938,731.3639526367188,522.2870483398438,0.0013424555072560906,0.01295145321637392,1,1
cam1,30,2,1093.47216796875,267.2971496582031,1128.0738525390625,605.0668334960938,0.0003708915610332042,0.0006454488611780107,2,2
cam1,30,3,1091.5081787109375,540.9692993164062,1068.8133544921875,517.2064819335938,0.024075917899608612,0.0264897383749485,-1,-1
cam1,31,0,1138.3514404296875,497.7046203613281,1139.7208251953125,499.8444519042969,0.9825515747070312,0.9317763447761536,0,0
cam1,31,1,1126.265380859375,602.3602294921875,732.7920532226562,525.2256469726562,0.0016639388632029295,0.013215303421020508,1,1
cam1,31,2,1095.0723876953125,268.0339660644531,1130.6287841796875,598.956787109375,0.00016143244283739477,0.0007257701363414526,2,2
cam1,31,3,1119.8465576171875,529.4678344726562,1086.3284912109375,549.438232421875,0.01562302466481924,0.054282549768686295,-1,-1
cam1,32,0,1135.8553466796875,490.9425354003906,1136.4501953125,491.8788146972656,0.9861459136009216,0.9730076193809509,0,0
cam1,32,1,1131.63525390625,584.1141967773438,733.8118286132812,525.8466186523438,0.0015187830431386828,0.00634976988658309,1,1
cam1,32,2,620.4789428710938,398.99151611328125,1132.319580078125,579.0440673828125,0.0001469439739594236,0.00039340322837233543,2,2
cam1,32,3,1102.9091796875,517.6139526367188,1082.0518798828125,513.5477905273438,0.012188336811959743,0.020249176770448685,-1,-1
cam1,33,0,1126.5889892578125,484.66754150390625,1127.0220947265625,486.376953125,0.9847502708435059,0.9789191484451294,0,0
cam1,33,1,1125.4041748046875,571.6298828125,1127.787841796875,570.7365112304688,0.0023839809000492096,0.004578317515552044,1,1
cam1,33,2,1075.6580810546875,216.8054656982422,736.1286010742188,520.205322265625,0.00010204510908806697,0.00022658413217868656,2,2
cam1,33,3,1091.572509765625,485.2026672363281,1078.04248046875,513.5877685546875,0.012763768434524536,0.01627582125365734,-1,-1
cam1,34,0,1117.1622314453125,478.0175476074219,1119.3585205078125,480.4035339355469,0.9924032688140869,0.9161637425422668,0,0
cam1,34,1,1123.0589599609375,555.803955078125,1124.5611572265625,557.1470336914062,0.0017516848165541887,0.017063986510038376,1,1
cam1,34,2,1080.637939453125,220.86181640625,742.0172119140625,523.2381591796875,0.0001822798658395186,0.0029897461645305157,2,2
cam1,34,3,1115.4786376953125,510.4937744140625,1096.7061767578125,529.555419921875,0.005662762094289064,0.06378249824047089,-1,-1
cam1,35,0,1112.724365234375,472.51715087890625,1113.1795654296875,476.62835693359375,0.9901459813117981,0.9922588467597961,0,0
cam1,35,1,1069.6644287109375,231.67257690429688,722.107421875,401.1772766113281,0.0012367981253191829,0.0011137953260913491,1,1
cam1,35,2,1105.8392333984375,309.5362854003906,732.2003784179688,522.6946411132812,0.00013612312613986433,0.00012720456288661808,2,2
cam1,35,3,1116.1031494140625,510.6006774902344,1050.66162109375,504.3305969238281,0.008481161668896675,0.006500159855931997,-1,-1
cam1,36,0,1112.74072265625,468.21270751953125,1114.0189208984375,470.2013854980469,0.9983318448066711,0.9938815832138062,0,0
cam1,36,1,1068.6815185546875,234.1150665283203,713.1326904296875,402.3199157714844,0.0003334535867907107,0.0018019666895270348,1,1
cam1,36,2,530.9973754882812,307.0595397949219,1209.3631591796875,203.76295471191406,1.5257527593348641e-05,9.05032575246878e-05,2,2
cam1,36,3,1073.622314453125,502.2002868652344,1042.0145263671875,489.69378662109375,0.0013194497441872954,0.004225962329655886,-1,-1
cam1,37,0,1112.6412353515625,469.82196044921875,1113.474609375,471.07720947265625,0.99770587682724,0.9952374696731567,0,0
cam1,37,1,617.6192626953125,433.2646484375,709.8184204101562,406.7953186035156,0.00047240714775398374,0.00118045206181705,1,1
cam1,37,2,1066.233642578125,251.0221405029297,733.1113891601562,527.27587890625,1.7713096895022318e-05,7.19784147804603e-05,2,2
cam1,37,3,1086.4686279296875,508.0869445800781,1030.9443359375,492.0824890136719,0.0018040429567918181,0.0035100579261779785,-1,-1
cam1,38,0,1120.849609375,490.86041259765625,1120.188232421875,486.8608703613281,0.9952239394187927,0.9927746057510376,0,0
cam1,38,1,1098.545654296875,319.588623046875,1091.571533203125,315.7990417480469,0.00036525732139125466,0.0012716265628114343,1,1
cam1,38,2,524.54541015625,305.059814453125,1049.19775390625,165.21209716796875,6.842989387223497e-05,9.657915506977588e-05,2,2
cam1,38,3,1085.6531982421875,514.7156982421875,1039.5233154296875,506.7494812011719,0.004342370666563511,0.005857179872691631,-1,-1
cam1,39,0,1123.769287109375,483.5646667480469,1124.2164306640625,481.23681640625,0.9896270036697388,0.9791932106018066,0,0
cam1,39,1,1094.8067626953125,314.3268127441406,1093.7642822265625,316.1348876953125,0.0011453371262177825,0.005625811871141195,1,1
cam1,39,2,7.67958927154541,1076.39501953125,1048.54248046875,161.73431396484375,0.00014524476137012243,0.0001422556088073179,2,2
cam1,39,3,1120.5587158203125,509.896484375,1074.372802734375,500.3150329589844,0.009082471020519733,0.015038642100989819,-1,-1
cam1,40,0,1124.8294677734375,473.051025390625,1124.1922607421875,471.87347412109375,0.9929960370063782,0.9895294308662415,0,0
cam1,40,1,1089.037353515625,315.4781188964844,1090.2430419921875,314.3058776855469,0.002477038884535432,0.0036155926063656807,1,1
cam1,40,2,743.271484375,348.32110595703125,6.762815475463867,1077.23681640625,0.0003098293673247099,0.00021584468777291477,2,2
cam1,40,3,1131.767578125,480.5373229980469,1096.386474609375,475.3467712402344,0.004217253066599369,0.00663912994787097,-1,-1
cam1,41,0,1125.6558837890625,461.8749694824219,1124.447265625,461.1360778808594,0.9986781477928162,0.9973397850990295,0,0
cam1,41,1,730.4841918945312,367.95843505859375,746.1384887695312,400.5278625488281,0.0002876704093068838,0.0003809327317867428,1,1
cam1,41,2,1098.8758544921875,312.0340270996094,1054.4654541015625,155.4347686767578,2.606136695249006e-05,3.352190105943009e-05,2,2
cam1,41,3,1093.9559326171875,494.3321228027344,1097.9962158203125,509.3446350097656,0.0010081300279125571,0.002245754934847355,-1,-1
cam1,42,0,1125.9971923828125,452.5591735839844,1124.631591796875,452.4188537597656,0.9995279312133789,0.9992287158966064,0,0
cam1,42,1,0.0019189995946362615,1078.9989013671875,746.1180419921875,397.2472229003906,0.00011257816368015483,0.00010662834392860532,1,1
cam1,42,2,1918.9979248046875,1075.4664306640625,1055.2421875,137.734130859375,2.7721705919248052e-05,2.5552124498062767e-05,2,2
cam1,42,3,1061.6107177734375,464.5921936035156,1076.819091796875,478.1871643066406,0.00033170549431815743,0.0006391170318238437,-1,-1
cam1,43,0,1125.7796630859375,440.20458984375,1124.349609375,440.6261901855469,0.999546229839325,0.9984226226806641,0,0
cam1,43,1,2.4680404663085938,1078.9989013671875,747.018798828125,398.7341613769531,0.00012590603728313,0.00035953495535068214,1,1
cam1,43,2,1918.9979248046875,5.58694314956665,5.122441291809082,1074.0689697265625,1.794668241927866e-05,5.70412194065284e-05,2,2
cam1,43,3,1069.2218017578125,455.2763366699219,1066.5269775390625,461.17242431640625,0.0003097889421042055,0.0011607995256781578,-1,-1
cam1,44,0,1122.765625,431.1520690917969,1123.5040283203125,431.49560546875,0.998702883720398,0.998474657535553,0,0
cam1,44,1,1004.5740356445312,198.02166748046875,740.6719360351562,397.77362060546875,0.0004906616522930562,0.00047544375411234796,1,1
cam1,44,2,1918.9979248046875,0.001078999717719853,64.58860778808594,651.7973022460938,8.908580639399588e-05,8.830156730255112e-05,2,2
cam1,44,3,1048.4361572265625,446.0444030761719,1044.841796875,448.4432678222656,0.000717397138942033,0.0009616353781893849,-1,-1
cam1,45,0,1123.384765625,421.8626708984375,1124.6658935546875,422.5470275878906,0.9996755123138428,0.9993798732757568,0,0
cam1,45,1,1004.0563354492188,203.53677368164062,736.020751953125,390.0772705078125,9.848087938735262e-05,0.00014201720478013158,1,1
cam1,45,2,5.206049919128418,1074.404296875,53.05257034301758,664.5640258789062,2.3743285055388696e-05,3.5610064514912665e-05,2,2
cam1,45,3,1036.4345703125,437.45343017578125,1045.1917724609375,442.95556640625,0.00020232821407262236,0.00044248797348700464,-1,-1
cam1,46,0,1121.558837890625,409.7428283691406,1123.2119140625,409.98040771484375,0.9998358488082886,0.9995481371879578,0,0
cam1,46,1,1.0304802656173706,1078.9989013671875,731.628662109375,385.7307434082031,4.5824908738723025e-05,0.00010718502744566649,1,1
cam1,46,2,1014.6641845703125,193.48574829101562,1111.2830810546875,297.1209411621094,1.2092885299352929e-05,2.5281258785980754e-05,2,2
cam1,46,3,1037.5496826171875,424.0716247558594,1043.6197509765625,432.8385314941406,0.00010629886673996225,0.0003193445154465735,-1,-1
cam1,47,0,1121.79638671875,399.8672790527344,1123.105224609375,400.7388000488281,0.9995706677436829,0.9994101524353027,0,0
cam1,47,1,0.0019189995946362615,1078.9989013671875,720.9939575195312,373.6844787597656,0.00014025348355062306,0.00014825021207798272,1,1
cam1,47,2,1918.9979248046875,0.001078999717719853,1109.384033203125,301.97296142578125,2.9432334486045875e-05,3.7566798710031435e-05,2,2
cam1,47,3,1048.5328369140625,420.4535217285156,1052.9368896484375,412.92840576171875,0.000259679916780442,0.00040416340925730765,-1,-1
cam1,48,0,1122.6143798828125,391.139892578125,1123.2838134765625,392.88336181640625,0.9997724890708923,0.9997149109840393,0,0
cam1,48,1,0.0019189995946362615,1078.9989013671875,1124.0733642578125,108.66397857666016,4.231114871799946e-05,6.635211320826784e-05,1,1
cam1,48,2,1918.9979248046875,4.322162628173828,736.8304443359375,372.8540344238281,1.2467341548472177e-05,1.1904677194252145e-05,2,2
cam1,48,3,1043.880615234375,412.56475830078125,1049.9537353515625,415.7496643066406,0.00017272458353545517,0.00020673325343523175,-1,-1
cam1,49,0,1123.487548828125,382.02032470703125,1122.7000732421875,383.11932373046875,0.9998199343681335,0.999573290348053,0,0
cam1,49,1,1077.345458984375,184.65782165527344,1123.352294921875,108.63616180419922,4.1201918065780774e-05,7.71379709476605e-05,1,1
cam1,49,2,4.002727508544922,1073.169677734375,3.68167781829834,1073.5941162109375,1.3665284313901793e-05,2.2516762328450568e-05,2,2
cam1,49,3,1030.91552734375,404.0179443359375,1033.16552734375,409.0045471191406,0.00012517500726971775,0.00032708668732084334,-1,-1
cam1,50,0,1124.4886474609375,375.39276123046875,1122.74658203125,375.1809387207031,0.9998086094856262,0.9998451471328735,0,0
cam1,50,1,0.0019189995946362615,1078.9989013671875,0.0019189995946362615,1078.9989013671875,4.014023215859197e-05,3.0318811695906334e-05,1,1
cam1,50,2,1077.9130859375,166.46749877929688,1918.9979248046875,1072.0655517578125,2.1621715859510005e-05,1.0399296115792822e-05,2,2
cam1,50,3,1034.6982421875,389.8748474121094,1044.863525390625,383.3969421386719,0.00012968650844413787,0.00011414951586630195,-1,-1
cam1,51,0,1123.3775634765625,367.0693054199219,1120.7032470703125,366.18719482421875,0.9998587369918823,0.999866247177124,0,0
cam1,51,1,0.5798974633216858,1078.9989013671875,0.2804860472679138,1078.9989013671875,2.8378161005093716e-05,3.069437661906704e-05,1,1
cam1,51,2,1918.9979248046875,0.8254541754722595,1918.9979248046875,2.0597589015960693,1.4453908988798503e-05,1.0255788765789475e-05,2,2
cam1,51,3,1032.623291015625,385.4542541503906,1041.1019287109375,391.96209716796875,9.847290493780747e-05,9.275486809201539e-05,-1,-1
cam1,52,0,1123.342529296875,359.888427734375,1122.741455078125,359.886962890625,0.9998031258583069,0.9998630285263062,0,0
cam1,52,1,0.0019189995946362615,1078.9989013671875,0.0019189995946362615,1078.9989013671875,3.851258588838391e-05,3.6549528886098415e-05,1,1
cam1,52,2,1918.9979248046875,1071.0528564453125,1918.9979248046875,0.9675402641296387,2.5055909645743668e-05,1.227298616868211e-05,2,2
cam1,52,3,1030.7353515625,368.2126159667969,1039.5858154296875,369.7153625488281,0.00013337515702005476,8.803419041214511e-05,-1,-1
cam1,53,0,1122.8314208984375,351.516357421875,1122.8829345703125,351.9877014160156,0.9999057054519653,0.9998090863227844,0,0
cam1,53,1,0.0019189995946362615,1078.9989013671875,0.0019189995946362615,1078.9989013671875,1.8906115656136535e-05,4.0255446947412565e-05,1,1
cam1,53,2,1918.9979248046875,0.001078999717719853,581.7803955078125,236.3760528564453,1.1000330232491251e-05,1.7251828467124142e-05,2,2
cam1,53,3,1045.53173828125,371.7670593261719,1041.09814453125,372.903564453125,6.431963993236423e-05,0.0001333833351964131,-1,-1
cam1,54,0,1123.6558837890625,344.7196350097656,1124.8017578125,344.7031555175781,0.9998414516448975,0.9998443126678467,0,0
cam1,54,1,0.0019189995946362615,1078.9989013671875,0.0019189995946362615,1078.9989013671875,3.559451943146996e-05,4.4249922211747617e-05,1,1
cam1,54,2,1918.9979248046875,1070.6949462890625,1918.9979248046875,1071.04150390625,2.025242429226637e-05,1.3573424439528026e-05,2,2
cam1,54,3,1034.2379150390625,361.4324035644531,1038.6202392578125,365.5909423828125,0.00010264688171446323,9.779773972695693e-05,-1,-1
cam1,55,0,1121.3714599609375,335.69561767578125,1122.147705078125,336.2110290527344,0.9998931884765625,0.9998008608818054,0,0
cam1,55,1,0.0019189995946362615,1078.9989013671875,0.0019189995946362615,1078.9989013671875,1.8134885976905935e-05,4.879642801824957e-05,1,1
cam1,55,2,1918.9979248046875,0.001078999717719853,1681.7476806640625,297.15289306640625,2.0241424863343127e-05,2.1502712115761824e-05,2,2
cam1,55,3,1045.2825927734375,375.80889892578125,1035.5223388671875,378.4432678222656,6.839760317234322e-05,0.00012899954163003713,-1,-1
cam1,56,0,1122.3890380859375,330.0096130371094,1122.8995361328125,329.6161193847656,0.999845027923584,0.9993845224380493,0,0
cam1,56,1,0.0019189995946362615,1078.861572265625,1414.6142578125,426.9981384277344,3.902706521330401e-05,0.00012573509593494236,1,1
cam1,56,2,1918.9979248046875,0.001078999717719853,4.6508870124816895,1069.5887451171875,2.501644121366553e-05,8.890217577572912e-05,2,2
cam1,56,3,1031.642333984375,358.5277099609375,1036.3302001953125,342.4208068847656,9.098518057726324e-05,0.00040091248229146004,-1,-1
cam1,57,0,1121.8953857421875,324.11370849609375,1122.595703125,324.1449890136719,0.9997349381446838,0.9995377063751221,0,0
cam1,57,1,0.0019189995946362615,1078.546875,1030.0146484375,170.8848419189453,9.151432459475473e-05,0.0001313263492193073,1,1
cam1,57,2,1487.444091796875,632.2200317382812,2.636751651763916,1070.373291015625,3.190746429027058e-05,5.926346784690395e-05,2,2
cam1,57,3,1036.723876953125,349.2705993652344,998.4954223632812,367.4762878417969,0.00014159006241243333,0.0002717937168199569,-1,-1
cam1,58,0,1122.1492919921875,318.5245666503906,1122.2703857421875,318.8653869628906,0.9998736381530762,0.9998444318771362,0,0
cam1,58,1,0.6975929737091064,1078.9989013671875,1030.6920166015625,168.15013122558594,3.632598600233905e-05,6.626205868087709e-05,1,1
cam1,58,2,1918.9979248046875,1068.37451171875,4.312863349914551,1070.23486328125,1.1054557035095058e-05,8.36891103972448e-06,2,2
cam1,58,3,1060.51416015625,341.42510986328125,1042.58154296875,363.28668212890625,7.887316314736381e-05,8.089066977845505e-05,-1,-1
cam1,59,0,1121.243896484375,313.1620788574219,1121.3563232421875,312.8307189941406,0.9998694658279419,0.9995107650756836,0,0
cam1,59,1,0.0019189995946362615,1077.2322998046875,150.2389678955078,596.0742797851562,4.406464722706005e-05,0.00024168870004359633,1,1
cam1,59,2,1288.2532958984375,38.55793762207031,1044.8238525390625,159.7869110107422,1.569125015521422e-05,5.0822669436456636e-05,2,2
cam1,59,3,1040.3701171875,348.8500671386719,1011.64794921875,354.1059875488281,7.069057028274983e-05,0.00019670695473905653,-1,-1
cam1,60,0,1121.506591796875,306.0023498535156,1121.226806640625,306.3524169921875,0.9998509883880615,0.9997909665107727,0,0
cam1,60,1,0.0019189995946362615,1078.9989013671875,1041.9599609375,170.21615600585938,3.603852746891789e-05,8.283310307888314e-05,1,1
cam1,60,2,1918.9979248046875,0.001078999717719853,3.3726439476013184,1070.0772705078125,1.9792223611148074e-05,1.603888813406229e-05,2,2
cam1,60,3,1037.0352783203125,343.9543762207031,1016.826416015625,358.4158630371094,9.318906086264178e-05,0.00011018002987839282,-1,-1
cam1,61,0,1122.462646484375,302.46392822265625,1122.298095703125,303.4450378417969,0.999920129776001,0.9998764991760254,0,0
cam1,61,1,843.5592041015625,366.2522888183594,844.3927001953125,371.8831481933594,2.400139783276245e-05,3.9284161175601184e-05,1,1
cam1,61,2,4.855973720550537,1069.5526123046875,500.4539794921875,422.8216857910156,1.04495065897936e-05,8.317928404721897e-06,2,2
cam1,61,3,1045.3892822265625,351.0877380371094,1039.2015380859375,359.51654052734375,4.540240843198262e-05,7.581108366139233e-05,-1,-1
cam1,62,0,1120.6962890625,297.4819030761719,1120.9937744140625,297.4091491699219,0.9997256398200989,0.9999048709869385,0,0
cam1,62,1,1063.776123046875,135.3554229736328,843.5447387695312,375.9502258300781,5.5301934480667114e-05,3.768054011743516e-05,1,1
cam1,62,2,4.558236598968506,1068.5821533203125,1067.3272705078125,125.7639389038086,4.5496683014789596e-05,2.7385437988414196e-06,2,2
cam1,62,3,1035.2864990234375,331.4681396484375,1055.8304443359375,344.9773864746094,0.0001735079422360286,5.47028575965669e-05,-1,-1
cam1,63,0,1119.978271484375,294.0350646972656,1120.220947265625,294.2311706542969,0.9998666048049927,0.9999064207077026,0,0
cam1,63,1,1059.3292236328125,139.1602020263672,1054.83740234375,137.36289978027344,3.028244464076124e-05,4.012578574474901e-05,1,1
cam1,63,2,4.740664005279541,1068.370361328125,850.4120483398438,378.170166015625,1.5689169231336564e-05,2.3212471660372103e-06,2,2
cam1,63,3,1040.522216796875,324.5846252441406,1065.492431640625,329.4026794433594,8.737190364627168e-05,5.114488521940075e-05,-1,-1
cam1,64,0,1120.9019775390625,289.3214111328125,1120.3680419921875,288.3603210449219,0.9999123811721802,0.9994283318519592,0,0
cam1,64,1,1062.2890625,139.6402130126953,732.2723388671875,404.15753173828125,2.2716914827469736e-05,0.0003156334860250354,1,1
cam1,64,2,717.0962524414062,364.5204162597656,1012.4776611328125,191.78689575195312,4.239262125338428e-06,1.6216188669204712e-05,2,2
cam1,64,3,1078.129150390625,306.29888916015625,1075.708740234375,298.55462646484375,6.060021769371815e-05,0.00023987637541722506,-1,-1
cam1,65,0,1121.387939453125,286.46942138671875,1120.2891845703125,286.8652648925781,0.9999698400497437,0.9999277591705322,0,0
cam1,65,1,727.9977416992188,389.03338623046875,737.2100830078125,395.5924072265625,4.940570761391427e-06,1.6566089470870793e-05,1,1
cam1,65,2,7.122632026672363,1068.248046875,1011.1917724609375,189.41940307617188,1.7896276176543324e-06,1.8464645563653903e-06,2,2
cam1,65,3,1090.140869140625,318.1292419433594,1102.29052734375,313.7255554199219,2.353017043787986e-05,5.3908981499262154e-05,-1,-1
cam1,66,0,1121.257568359375,283.6033935546875,1120.2847900390625,281.8553161621094,0.9999477863311768,0.9999021291732788,0,0
cam1,66,1,728.97314453125,417.76715087890625,731.96240234375,393.0605163574219,1.2220602911838796e-05,2.2044045181246474e-05,1,1
cam1,66,2,1127.5408935546875,157.88296508789062,870.5184326171875,289.94366455078125,2.3259524368768325e-06,1.5774126040923875e-06,2,2
cam1,66,3,1075.3284912109375,317.3329162597656,1085.9246826171875,323.9032287597656,3.757787271752022e-05,7.429860852425918e-05,-1,-1
cam1,67,0,1119.679931640625,280.32659912109375,1119.939208984375,280.6054382324219,0.9998283386230469,0.9997877478599548,0,0
cam1,67,1,725.3413696289062,426.55950927734375,735.200927734375,392.3079528808594,4.348507718532346e-05,6.712512549711391e-05,1,1
cam1,67,2,671.1408081054688,400.00494384765625,498.2557067871094,420.31610107421875,1.211530343425693e-05,8.498736860929057e-06,2,2
cam1,67,3,1056.703125,312.08270263671875,1056.1474609375,320.8512268066406,0.0001160194879048504,0.0001367511140415445,-1,-1
cam1,68,0,1119.57275390625,276.732177734375,1120.75634765625,276.8671569824219,0.9998979568481445,0.999839186668396,0,0
cam1,68,1,723.8614501953125,426.2656555175781,736.38623046875,387.71234130859375,2.7318876163917594e-05,5.5775875807739794e-05,1,1
cam1,68,2,1012.4907836914062,160.97662353515625,503.485595703125,424.0775451660156,4.3800500861834735e-06,3.1361892069980968e-06,2,2
cam1,68,3,1090.740966796875,304.0974426269531,1084.3369140625,312.39031982421875,7.027240644674748e-05,0.00010190535977017134,-1,-1
cam1,69,0,1119.657470703125,273.31597900390625,1120.14306640625,273.0855712890625,0.9994953870773315,0.9973040819168091,0,0
cam1,69,1,1008.4747314453125,164.00440979003906,500.1456604003906,430.1184387207031,0.00023044573026709259,0.0010605412535369396,1,1
cam1,69,2,732.2079467773438,416.1869201660156,746.366455078125,378.5905456542969,1.886583777377382e-05,0.00017102267884183675,2,2
cam1,69,3,1091.213134765625,274.48370361328125,1102.492919921875,311.8143615722656,0.0002553893136791885,0.0014641765737906098,-1,-1
cam1,70,0,1119.648681640625,271.30303955078125,1120.588134765625,270.62066650390625,0.998190701007843,0.9880084991455078,0,0
cam1,70,1,505.0108947753906,430.23492431640625,507.22369384765625,432.30328369140625,0.0010688167531043291,0.010127052664756775,1,1
cam1,70,2,663.676513671875,502.4127502441406,656.3353271484375,491.4320983886719,6.594152364414185e-05,0.00036279024789109826,2,2
cam1,70,3,1076.4072265625,274.0392761230469,1054.61572265625,279.4400634765625,0.000674599374178797,0.0015017188852652907,-1,-1
cam1,71,0,1119.822509765625,269.91156005859375,1121.4150390625,269.5491027832031,0.997006356716156,0.9859407544136047,0,0
cam1,71,1,509.97412109375,428.59405517578125,507.07598876953125,432.6426696777344,0.0017362413927912712,0.011510655283927917,1,1
cam1,71,2,658.1341552734375,496.2290344238281,656.87158203125,486.98333740234375,0.00013214361388236284,0.0004365538770798594,2,2
cam1,71,3,1071.294677734375,277.2218933105469,1048.1385498046875,287.74664306640625,0.001125252339988947,0.002112103858962655,-1,-1
cam1,72,0,1120.771728515625,269.0511779785156,1120.5677490234375,269.64263916015625,0.9923532605171204,0.9603989124298096,0,0
cam1,72,1,503.83819580078125,428.9697265625,508.3863220214844,438.8695068359375,0.004361938219517469,0.03445464372634888,1,1
cam1,72,2,654.4091796875,493.774169921875,651.462890625,487.23724365234375,0.0004698476113844663,0.0011883348925039172,2,2
cam1,72,3,1066.9248046875,279.7073974609375,1048.8583984375,278.7694396972656,0.002814882667735219,0.003958110697567463,-1,-1
cam1,73,0,1121.44775390625,268.0978088378906,1115.7855224609375,268.9883117675781,0.9980350136756897,0.9939870834350586,0,0
cam1,73,1,500.39697265625,422.4728698730469,499.1824645996094,433.1408386230469,0.000431391061283648,0.005660897586494684,1,1
cam1,73,2,645.8331909179688,490.5528869628906,652.4047241210938,484.21246337890625,3.0381039323401637e-05,5.103818330098875e-05,2,2
cam1,73,3,1119.9686279296875,290.3467102050781,1121.5054931640625,289.99188232421875,0.0015032363589853048,0.00030097929993644357,-1,-1
cam1,74,0,1121.2664794921875,267.7835388183594,1119.0478515625,269.5262451171875,0.998808741569519,0.9949172735214233,0,0
cam1,74,1,640.6060791015625,491.78558349609375,638.9290771484375,491.2628479003906,0.0007633977220393717,0.0036553239915519953,1,1
cam1,74,2,796.4548950195312,396.7474060058594,1005.0344848632812,198.56689453125,2.3194565073936246e-05,6.417538679670542e-05,2,2
cam1,74,3,1105.5355224609375,288.9692687988281,1104.249267578125,289.906005859375,0.0004047225811518729,0.0013632237678393722,-1,-1
cam1,75,0,1121.689453125,267.4535217285156,1121.9283447265625,268.7451477050781,0.9990743398666382,0.9978818297386169,0,0
cam1,75,1,641.45703125,489.855712890625,637.6785278320312,492.17108154296875,0.0005914232460781932,0.0011105258017778397,1,1
cam1,75,2,800.243896484375,392.5784606933594,994.2084350585938,192.07424926757812,1.6715610399842262e-05,3.469617149676196e-05,2,2
cam1,75,3,1113.3194580078125,282.0262145996094,1117.353515625,282.83746337890625,0.00031746848253533244,0.0009728801087476313,-1,-1
cam1,76,0,1121.3460693359375,266.73333740234375,1122.0594482421875,267.8534240722656,0.9966626763343811,0.9989367127418518,0,0
cam1,76,1,637.9951782226562,494.6379089355469,639.6859741210938,491.7892761230469,0.002586181741207838,0.0007569249719381332,1,1
cam1,76,2,740.40478515625,385.4964294433594,999.5640258789062,199.65379333496094,4.2761927034007385e-05,2.2175874619279057e-05,2,2
cam1,76,3,1109.785400390625,278.91571044921875,1106.0400390625,287.7405700683594,0.0007083032978698611,0.0002842629619408399,-1,-1
cam1,77,0,1120.5018310546875,267.5003356933594,1120.0479736328125,267.27264404296875,0.9954423904418945,0.997952938079834,0,0
cam1,77,1,638.8079833984375,492.4718017578125,639.53076171875,492.50982666015625,0.003282540710642934,0.0016440128674730659,1,1
cam1,77,2,739.6201782226562,385.0661315917969,731.5782470703125,514.7417602539062,7.472744619008154e-05,3.0717113986611366e-05,2,2
cam1,77,3,1111.7449951171875,274.22686767578125,1109.8638916015625,268.7200927734375,0.0012003496522083879,0.0003723371773958206,-1,-1
cam1,78,0,1120.6429443359375,267.0939025878906,1121.9991455078125,266.49090576171875,0.9990569949150085,0.9986991882324219,0,0
cam1,78,1,642.4757690429688,493.4255676269531,639.2800903320312,492.4226379394531,0.0005030719330534339,0.0006641973741352558,1,1
cam1,78,2,619.2003173828125,398.773681640625,730.869140625,515.099365234375,1.7160018614958972e-05,2.140966898878105e-05,2,2
cam1,78,3,1103.6533203125,286.6965637207031,1126.6715087890625,268.3861389160156,0.0004227669851388782,0.0006151976413093507,-1,-1
cam1,79,0,1120.50146484375,269.3765869140625,1120.1429443359375,269.15277099609375,0.9987241625785828,0.9978744983673096,0,0
cam1,79,1,635.625244140625,499.2781677246094,631.9976196289062,496.5616760253906,0.0009170725825242698,0.001529974048025906,1,1
cam1,79,2,745.730224609375,386.4294738769531,744.0926513671875,387.3027038574219,2.6284869818482548e-05,2.97816932288697e-05,2,2
cam1,79,3,1087.4700927734375,298.173095703125,1107.368896484375,277.67852783203125,0.00033246446400880814,0.0005657461006194353,-1,-1
cam1,80,0,1120.5518798828125,270.41363525390625,1120.7431640625,270.75384521484375,0.9980658888816833,0.9973675608634949,0,0
cam1,80,1,636.3828125,500.46014404296875,633.6852416992188,493.69781494140625,0.0014771402347832918,0.0021685324609279633,1,1
cam1,80,2,616.826416015625,360.52960205078125,748.9119262695312,384.50054931640625,4.410975452628918e-05,3.728076990228146e-05,2,2
cam1,80,3,1085.163818359375,308.177734375,1104.400146484375,290.09722900390625,0.00041289886576123536,0.0004265988536644727,-1,-1
cam1,81,0,1120.5238037109375,271.9463806152344,1120.9061279296875,274.29925537109375,0.9967447519302368,0.9989433884620667,0,0
cam1,81,1,637.1640625,498.7066345214844,640.4769287109375,487.7868347167969,0.002389277797192335,0.0008633310790173709,1,1
cam1,81,2,1126.355224609375,167.59799194335938,747.1642456054688,387.8301086425781,0.00010121978266397491,1.1427405297581572e-05,2,2
cam1,81,3,1094.704833984375,314.9559631347656,1099.2869873046875,315.1983337402344,0.0007646983140148222,0.00018183965585194528,-1,-1
cam1,82,0,1118.7093505859375,272.8255310058594,1120.4691162109375,273.75811767578125,0.9981531500816345,0.9984989166259766,0,0
cam1,82,1,1127.5709228515625,175.0286865234375,1118.6419677734375,176.22720336914062,0.0007388030644506216,0.0010878947796300054,1,1
cam1,82,2,644.2447509765625,488.68511962890625,1009.4901123046875,135.9101104736328,0.0001860941993072629,3.198328340658918e-05,2,2
cam1,82,3,1070.3489990234375,332.7745666503906,1056.0810546875,277.6796569824219,0.000921875995118171,0.000381087331334129,-1,-1
cam1,83,0,1116.94482421875,278.47406005859375,1120.4691162109375,276.240966796875,0.9998897314071655,0.9990591406822205,0,0
cam1,83,1,1121.732421875,171.3075408935547,1124.1749267578125,176.2436065673828,3.590058258851059e-05,0.0005958506953902543,1,1
cam1,83,2,640.6483764648438,490.8890075683594,1010.24951171875,142.25912475585938,1.5911207356111845e-06,2.4816281438688748e-05,2,2
cam1,83,3,1066.05712890625,313.0906982421875,1050.39990234375,289.7445373535156,7.278355769813061e-05,0.0003202286025043577,-1,-1
cam1,84,0,1118.222900390625,277.3808288574219,1119.9891357421875,278.9194030761719,0.9996500015258789,0.9996771812438965,0,0
cam1,84,1,1118.3829345703125,162.42855834960938,1113.606689453125,184.39303588867188,0.00016977248014882207,0.00018893116794060916,1,1
cam1,84,2,638.857177734375,493.3445739746094,642.6871948242188,494.68798828125,7.065796580718597e-06,7.643908247700892e-06,2,2
cam1,84,3,1053.6640625,306.0395202636719,1047.1151123046875,310.91778564453125,0.00017313746502622962,0.00012631980644073337,-1,-1
cam1,85,0,1118.400390625,279.88201904296875,1119.445556640625,281.2278747558594,0.9996808767318726,0.9995738863945007,0,0
cam1,85,1,1111.550048828125,158.65487670898438,632.9812622070312,498.9080810546875,0.00012676413462031633,0.00018840788106899709,1,1
cam1,85,2,638.6923217773438,490.9035949707031,1106.0501708984375,182.70245361328125,8.421885468123946e-06,9.53522976487875e-06,2,2
cam1,85,3,1057.953369140625,322.2740173339844,1053.2891845703125,315.6267395019531,0.00018388099852018058,0.0002282202331116423,-1,-1
cam1,86,0,1117.8267822265625,282.45928955078125,1120.2816162109375,282.7671203613281,0.9989539384841919,0.9987583160400391,0,0
cam1,86,1,1116.4324951171875,166.18861389160156,1090.667724609375,514.3204345703125,0.0003339112736284733,0.0005673079867847264,1,1
cam1,86,2,2.9622445106506348,1068.8292236328125,1009.8524780273438,189.62677001953125,0.00015191591228358448,9.234395838575438e-05,2,2
cam1,86,3,1013.2984619140625,331.4022521972656,1025.3721923828125,328.4060363769531,0.000560180633328855,0.0005819211364723742,-1,-1
cam1,87,0,1119.05517578125,285.9457702636719,1120.149658203125,287.40435791015625,0.9987768530845642,0.9994789958000183,0,0
cam1,87,1,0.0019189995946362615,1078.9989013671875,621.9512329101562,377.4566650390625,0.00043010368244722486,0.0002807996061164886,1,1
cam1,87,2,1126.0650634765625,159.2102508544922,1092.79052734375,510.7029113769531,0.00017851365555543453,5.922088894294575e-05,2,2
cam1,87,3,1042.6142578125,338.0460205078125,998.1798706054688,321.5097351074219,0.0006145558436401188,0.00018093960534315556,-1,-1
cam1,88,0,1120.32568359375,289.7882995605469,1120.5191650390625,290.4439697265625,0.9991782307624817,0.9988577365875244,0,0
cam1,88,1,1090.1373291015625,531.9577026367188,1084.461669921875,530.9876098632812,0.00032393724541179836,0.0007357718423008919,1,1
cam1,88,2,1.1219292879104614,1067.7586669921875,624.5696411132812,374.592529296875,0.00015127018559724092,4.129240915062837e-05,2,2
cam1,88,3,995.15576171875,324.5991516113281,1031.3115234375,326.36968994140625,0.00034654897172003984,0.0003651707957033068,-1,-1
cam1,89,0,1120.771240234375,294.5814208984375,1121.19873046875,295.0113220214844,0.9995298385620117,0.9994474053382874,0,0
cam1,89,1,1140.697998046875,182.27931213378906,615.44384765625,387.9458312988281,0.00021153506531845778,0.00020978091924916953,1,1
cam1,89,2,0.8663833737373352,1072.749755859375,1087.6160888671875,521.718505859375,2.4427485186606646e-05,3.051038584089838e-05,2,2
cam1,89,3,1007.4522094726562,360.9891662597656,1007.6428833007812,358.7303161621094,0.00023427327687386423,0.00031226908322423697,-1,-1
cam1,90,0,1119.025390625,297.8839416503906,1120.7449951171875,297.51812744140625,0.9997463822364807,0.9996564388275146,0,0
cam1,90,1,1140.0150146484375,189.0631561279297,620.1232299804688,402.34930419921875,0.0001358455920126289,0.00016868308011908084,1,1
cam1,90,2,1.8771649599075317,1071.5872802734375,1086.7919921875,530.2703857421875,2.6274712581653148e-05,3.139576074318029e-05,2,2
cam1,90,3,1001.5169677734375,364.6506652832031,1008.0690307617188,357.204833984375,9.150132245849818e-05,0.00014348258264362812,-1,-1
cam1,91,0,1120.59130859375,299.04437255859375,1120.444580078125,303.7187805175781,0.999828577041626,0.9997022747993469,0,0
cam1,91,1,1129.15771484375,190.33502197265625,621.0538940429688,407.725341796875,6.377608951879665e-05,0.0001547883148305118,1,1
cam1,91,2,612.0794677734375,403.1099548339844,0.9448243975639343,1070.5135498046875,8.10416167951189e-06,4.06635990657378e-05,2,2
cam1,91,3,1031.3349609375,359.41741943359375,993.7658081054688,349.9757995605469,9.948663500836119e-05,0.00010221355478279293,-1,-1
cam1,92,0,1120.1483154296875,309.3986511230469,1120.5982666015625,310.11334228515625,0.9996144771575928,0.99956876039505,0,0
cam1,92,1,1118.711181640625,192.2214813232422,612.234130859375,413.31793212890625,0.00015599846665281802,0.00018518263823352754,1,1
cam1,92,2,647.480712890625,462.54595947265625,922.2261962890625,408.16357421875,2.809835314110387e-05,2.5614481273805723e-05,2,2
cam1,92,3,999.1663208007812,375.7867736816406,1006.7440795898438,373.25689697265625,0.0002013818739214912,0.00022040448675397784,-1,-1
cam1,93,0,1119.312744140625,313.0105895996094,1120.2257080078125,313.79449462890625,0.9997981190681458,0.9997671246528625,0,0
cam1,93,1,1119.8043212890625,198.55990600585938,618.311279296875,428.6340637207031,7.048338011372834e-05,0.00010854769789148122,1,1
cam1,93,2,633.9179077148438,451.3421630859375,740.7467041015625,510.5970764160156,2.8825337722082622e-05,1.695607352303341e-05,2,2
cam1,93,3,1008.8944091796875,364.8158874511719,1034.4891357421875,361.9280700683594,0.00010259369446430355,0.00010738625132944435,-1,-1
cam1,94,0,1120.4935302734375,320.2207946777344,1120.5784912109375,319.5405578613281,0.9999145269393921,0.9996153116226196,0,0
cam1,94,1,619.0596313476562,457.1401672363281,622.1157836914062,452.94256591796875,2.4460623535560444e-05,0.0001568616135045886,1,1
cam1,94,2,1066.4361572265625,565.9104614257812,1062.3359375,559.1195678710938,3.5029252103413455e-06,6.219455099198967e-05,2,2
cam1,94,3,1047.9287109375,355.7698059082031,1004.8746337890625,353.494140625,5.7570381613913924e-05,0.000165684730745852,-1,-1
cam1,95,0,1118.7987060546875,324.1006164550781,1120.961181640625,325.40802001953125,0.9999021291732788,0.9996494054794312,0,0
cam1,95,1,665.383056640625,384.99468994140625,1083.47900390625,592.5401611328125,2.7797246730187908e-05,0.00012237930786795914,1,1
cam1,95,2,2.3925743103027344,1070.9195556640625,2.8851776123046875,1072.7301025390625,7.06553646523389e-06,2.2969796191318892e-05,2,2
cam1,95,3,1022.5624389648438,350.38092041015625,1023.9810791015625,384.2076721191406,6.304991984507069e-05,0.00020522292470559478,-1,-1
cam1,96,0,1118.9781494140625,329.6189270019531,1120.3094482421875,330.0157775878906,0.999671459197998,0.9993416666984558,0,0
cam1,96,1,665.513427734375,385.7473449707031,647.2006225585938,474.5046081542969,0.00010975461918860674,0.00023639158462174237,1,1
cam1,96,2,3.412200450897217,1070.9322509765625,3.5241856575012207,1071.4052734375,5.916883674217388e-05,8.274867286672816e-05,2,2
cam1,96,3,1018.9575805664062,373.7488708496094,1035.81494140625,372.04541015625,0.00015952733519952744,0.00033914498635567725,-1,-1
cam1,97,0,1121.37548828125,336.2799987792969,1120.96923828125,336.9162902832031,0.9998897314071655,0.9996402263641357,0,0
cam1,97,1,669.2650146484375,379.83056640625,649.7350463867188,473.7513732910156,3.0901872378308326e-05,0.0001289735228056088,1,1
cam1,97,2,748.0679931640625,241.90440368652344,1140.63037109375,567.697509765625,3.989136075688293e-06,7.184060086729005e-05,2,2
cam1,97,3,1044.541259765625,364.8751525878906,1004.19482421875,372.8955383300781,7.540540536865592e-05,0.00015893392264842987,-1,-1
cam1,98,0,1118.8009033203125,344.1777648925781,1120.6854248046875,344.63153076171875,0.9997424483299255,0.9994145631790161,0,0
cam1,98,1,1132.963134765625,576.2568359375,1137.534912109375,581.3544311523438,0.00010473363363416865,0.00019630760652944446,1,1
cam1,98,2,2.072322130203247,1070.7191162109375,2.820735216140747,1071.4927978515625,3.559921242413111e-05,8.644815534353256e-05,2,2
cam1,98,3,1020.4508056640625,380.95672607421875,1014.8294677734375,376.350341796875,0.00011712005652952939,0.00030266804969869554,-1,-1
cam1,99,0,1117.0701904296875,351.6876525878906,1119.79248046875,353.8158264160156,0.9998863935470581,0.9995228052139282,0,0
cam1,99,1,0.0019189995946362615,1078.9989013671875,1.3020000457763672,1078.9989013671875,2.8582546292454936e-05,0.0001354939886368811,1,1
cam1,99,2,1918.9979248046875,0.001078999717719853,1918.9979248046875,0.001078999717719853,7.686419849051163e-06,0.00012268243881408125,2,2
cam1,99,3,1037.295654296875,365.1363525390625,1011.929443359375,380.0912170410156,7.731261575827375e-05,0.00021895093959756196,-1,-1
cam1,100,0,1119.819091796875,357.2624816894531,1119.6649169921875,359.3934326171875,0.999784529209137,0.999294638633728,0,0
cam1,100,1,0.0019189995946362615,1077.6878662109375,120.86646270751953,186.3125457763672,7.509285933338106e-05,0.00022100844944361597,1,1
cam1,100,2,1918.9979248046875,0.3504292666912079,2.6611411571502686,1071.5009765625,3.302669574622996e-05,9.626393875805661e-05,2,2
cam1,100,3,1019.4871826171875,391.65179443359375,1007.3828735351562,383.5733642578125,0.00010732946248026565,0.0003880735603161156,-1,-1
cam1,101,0,1120.668701171875,364.54168701171875,1119.9769287109375,367.4886474609375,0.9998816251754761,0.9998167157173157,0,0
cam1,101,1,1129.6793212890625,533.2195434570312,862.2528076171875,289.70208740234375,2.306965325260535e-05,3.7324662116589025e-05,1,1
cam1,101,2,3.7410435676574707,1071.3897705078125,2.5405852794647217,1072.498291015625,8.59380543261068e-06,1.132730449171504e-05,2,2
cam1,101,3,1049.0069580078125,389.5990905761719,1030.7646484375,387.8465576171875,8.661096944706514e-05,0.00013473558647092432,-1,-1
cam1,102,0,1121.5760498046875,372.89208984375,1119.9613037109375,373.6973876953125,0.9997178912162781,0.9992871880531311,0,0
cam1,102,1,0.0019189995946362615,1076.553955078125,639.2666015625,473.38873291015625,0.00010752443631645292,0.0001918560592457652,1,1
cam1,102,2,1918.9979248046875,0.001078999717719853,1148.18896484375,539.310546875,4.248998811817728e-05,0.00010635793296387419,2,2
cam1,102,3,1016.1666870117188,399.8542175292969,999.2188110351562,386.1515197753906,0.00013205112190917134,0.00041455731843598187,-1,-1
cam1,103,0,1122.9337158203125,380.91888427734375,1120.8829345703125,383.0745544433594,0.9996957778930664,0.9997852444648743,0,0
cam1,103,1,1159.701416015625,548.36279296875,1157.9803466796875,548.3643188476562,6.624114757869393e-05,6.857922562630847e-05,1,1
cam1,103,2,1.5453879833221436,1071.1478271484375,1.4742355346679688,1072.7760009765625,2.453567685734015e-05,1.16458504635375e-05,2,2
cam1,103,3,1025.742431640625,391.9177551269531,1015.4509887695312,404.0700988769531,0.00021342180843930691,0.00013457710156217217,-1,-1
cam1,104,0,1122.9857177734375,388.7977294921875,1121.91259765625,389.5268859863281,0.9995148181915283,0.9993651509284973,0,0
cam1,104,1,1152.537109375,521.5265502929688,1152.1790771484375,521.513916015625,0.00010560412920312956,0.0001949288125615567,1,1
cam1,104,2,1.3934732675552368,1071.1240234375,646.5057373046875,452.6087646484375,8.736207382753491e-05,0.00010028650285676122,2,2
cam1,104,3,1000.64697265625,390.2923889160156,989.5401000976562,394.77996826171875,0.0002922806015703827,0.00033963166060857475,-1,-1
cam1,105,0,1122.456787109375,397.0404968261719,1124.3094482421875,400.11724853515625,0.999091386795044,0.9994812607765198,0,0
cam1,105,1,1142.4825439453125,515.3724975585938,639.7324829101562,473.7989807128906,0.0003376319073140621,0.000137875133077614,1,1
cam1,105,2,0.0019189995946362615,1074.0819091796875,1145.64990234375,505.4491271972656,9.260285150958225e-05,3.697615102282725e-05,2,2
cam1,105,3,1016.592529296875,402.1318664550781,982.5985107421875,411.575439453125,0.0004783077456522733,0.00034401018638163805,-1,-1
cam1,106,0,1120.6585693359375,406.4674377441406,1121.016845703125,406.69287109375,0.9995129108428955,0.9992761015892029,0,0
cam1,106,1,0.7060034275054932,1078.9989013671875,694.9093017578125,286.0666809082031,0.00012015287211397663,0.00018102610192727298,1,1
cam1,106,2,697.0000610351562,271.85369873046875,1.589626669883728,1073.095947265625,5.804940519738011e-05,8.15173116279766e-05,2,2
cam1,106,3,1027.1622314453125,406.9223937988281,1017.883056640625,408.4170837402344,0.00030900290585123,0.0004613208002410829,-1,-1
cam1,107,0,1114.33203125,415.8017272949219,1114.0928955078125,416.7489318847656,0.9995182752609253,0.9994699358940125,0,0
cam1,107,1,1.802263617515564,1078.9110107421875,1009.4835205078125,227.4582061767578,8.084531873464584e-05,0.00012474383402150124,1,1
cam1,107,2,1918.9979248046875,0.6484696269035339,0.8075721263885498,1072.18798828125,4.223585710860789e-05,3.078840745729394e-05,2,2
cam1,107,3,1022.13427734375,423.375244140625,1011.245849609375,429.8309020996094,0.00035868477425538003,0.0003745360590983182,-1,-1
cam1,108,0,1092.4737548828125,420.6861572265625,1091.994140625,421.4324035644531,0.9991323351860046,0.9994155168533325,0,0
cam1,108,1,0.5966454148292542,1076.18505859375,1005.73291015625,173.3183135986328,0.00021517937420867383,0.00023472101020161062,1,1
cam1,108,2,1917.8753662109375,0.001078999717719853,0.24532724916934967,1072.107421875,7.439733599312603e-05,4.654903750633821e-05,2,2
cam1,108,3,1022.658935546875,413.7608337402344,998.7356567382812,415.5539855957031,0.0005780198844149709,0.00030316089396364987,-1,-1
cam1,109,0,1067.2364501953125,422.45550537109375,1068.0516357421875,422.6005859375,0.999567449092865,0.9996833801269531,0,0
cam1,109,1,1007.01513671875,171.98770141601562,1008.20654296875,170.7901611328125,9.177794709103182e-05,5.969210542389192e-05,1,1
cam1,109,2,0.0019189995946362615,1070.844970703125,0.7537963390350342,1071.7415771484375,3.204347376595251e-05,1.2292191968299448e-05,2,2
cam1,109,3,981.7660522460938,427.50140380859375,988.6953735351562,429.6377868652344,0.0003087666991632432,0.00024465337628498673,-1,-1
cam1,110,0,1041.046630859375,424.4468994140625,1040.5013427734375,423.18896484375,0.9999017715454102,0.9990708827972412,0,0
cam1,110,1,0.0019189995946362615,1078.9989013671875,1012.1253662109375,177.12557983398438,1.1311696653137915e-05,0.0002090262423735112,1,1
cam1,110,2,1918.9979248046875,1071.0032958984375,638.3222045898438,473.7851867675781,2.6112154500879114e-06,0.00015231278666760772,2,2
cam1,110,3,1016.3263549804688,411.850341796875,999.7162475585938,452.1711120605469,8.432086178800091e-05,0.0005677148001268506,-1,-1
cam1,111,0,1018.7721557617188,426.54351806640625,1019.7862548828125,426.8521423339844,0.9997981190681458,0.9998014569282532,0,0
cam1,111,1,1090.1829833984375,150.6457977294922,1008.2638549804688,193.1427459716797,3.8988222513580695e-05,3.4899640013463795e-05,1,1
cam1,111,2,0.9004854559898376,1071.241455078125,1093.1275634765625,139.39312744140625,2.6799791157827713e-05,1.553665060782805e-05,2,2
cam1,111,3,982.718505859375,428.0678405761719,985.3079833984375,437.2581481933594,0.0001361557369818911,0.00014814046153333038,-1,-1
cam1,112,0,997.7919921875,428.4198303222656,998.1458129882812,427.9334716796875,0.9999315738677979,0.9999388456344604,0,0
cam1,112,1,1112.9566650390625,503.26300048828125,1003.4500122070312,195.63905334472656,1.701449218671769e-05,1.5911844457150437e-05,1,1
cam1,112,2,848.7862548828125,347.32550048828125,1117.3673095703125,496.8337707519531,3.271777131885756e-06,2.1378498331614537e-06,2,2
cam1,112,3,990.1939086914062,409.4552917480469,1000.7817993164062,412.7138366699219,4.8138699639821425e-05,4.3095718865515664e-05,-1,-1
cam1,113,0,980.7393798828125,429.0731506347656,979.6575317382812,428.8627624511719,0.9998950958251953,0.9998893737792969,0,0
cam1,113,1,1114.24365234375,519.222900390625,1001.5720825195312,203.01425170898438,2.1137366275070235e-05,2.631069401104469e-05,1,1
cam1,113,2,1071.8052978515625,184.7320098876953,1112.5372314453125,510.4396667480469,7.147838914534077e-06,7.740849468973465e-06,2,2
cam1,113,3,959.308837890625,418.6319580078125,969.5587158203125,421.0826110839844,7.665868906769902e-05,7.6477081165649e-05,-1,-1
cam1,114,0,964.3261108398438,429.7188720703125,963.6572875976562,429.5287170410156,0.9998929500579834,0.9999008178710938,0,0
cam1,114,1,876.9315185546875,774.593505859375,878.28369140625,776.22314453125,1.2900483852718025e-05,1.5280311345122755e-05,1,1
cam1,114,2,0.0019189995946362615,1072.31005859375,1114.69287109375,523.1865234375,9.160114132100716e-06,9.364008292322978e-06,2,2
cam1,114,3,943.7904052734375,426.65399169921875,952.0116577148438,425.1827697753906,8.494133362546563e-05,7.453697617165744e-05,-1,-1
cam1,115,0,948.8893432617188,434.4781494140625,948.4728393554688,434.0352478027344,0.9996115565299988,0.999607264995575,0,0
cam1,115,1,909.2237548828125,717.6450805664062,909.3043212890625,718.3291015625,5.2637351473094895e-05,6.406039028661326e-05,1,1
cam1,115,2,1918.797119140625,2.0404186248779297,1918.9979248046875,2.5143802165985107,8.200409502023831e-05,7.751447265036404e-05,2,2
cam1,115,3,941.0723266601562,436.5440673828125,941.555419921875,439.63153076171875,0.0002538008557166904,0.0002512104110792279,-1,-1
cam1,116,0,933.648193359375,436.08917236328125,933.8046264648438,435.2682800292969,0.9998185038566589,0.9998557567596436,0,0
cam1,116,1,936.3305053710938,669.8596801757812,936.8255004882812,670.450439453125,4.154200360062532e-05,3.487112553557381e-05,1,1
cam1,116,2,1917.231689453125,3.1691746711730957,1918.9979248046875,4.693063735961914,1.5799099855939858e-05,1.0021309208241291e-05,2,2
cam1,116,3,896.378662109375,444.0992126464844,925.5274047851562,441.9092712402344,0.00012406398309394717,9.934645640896633e-05,-1,-1
cam1,117,0,919.2906494140625,438.5848083496094,918.9559326171875,437.39349365234375,0.9998584985733032,0.9998929500579834,0,0
cam1,117,1,1917.0257568359375,1.854526162147522,1917.21435546875,1.055445671081543,3.161276981700212e-05,2.8749633202096447e-05,1,1
cam1,117,2,0.0019189995946362615,1072.717529296875,1.387895107269287,13.90322208404541,6.927649337740149e-06,5.979188244964462e-06,2,2
cam1,117,3,898.1597900390625,442.89862060546875,933.4524536132812,442.0300598144531,0.00010300911526428536,7.230421033455059e-05,-1,-1
cam1,118,0,906.7882690429688,440.2750549316406,907.0311889648438,439.380615234375,0.9999256134033203,0.9999505281448364,0,0
cam1,118,1,1014.8876342773438,563.5513916015625,1015.6377563476562,563.7234497070312,1.3341305930225644e-05,7.077113878040109e-06,1,1
cam1,118,2,0.0019189995946362615,14.317113876342773,1312.05322265625,239.57562255859375,2.938445504696574e-06,1.3750485550190206e-06,2,2
cam1,118,3,886.44580078125,443.4725341796875,931.2793579101562,446.3787841796875,5.804037573398091e-05,4.094898031326011e-05,-1,-1
cam1,119,0,895.8916015625,443.49713134765625,895.3219604492188,442.5570068359375,0.9997482895851135,0.9998364448547363,0,0
cam1,119,1,1047.2071533203125,509.1453552246094,1049.613037109375,510.3010559082031,3.908459621015936e-05,3.7455407436937094e-05,1,1
cam1,119,2,1916.0081787109375,2.0240678787231445,1918.735595703125,2.837888479232788,1.6301712093991227e-05,9.11093047761824e-06,2,2
cam1,119,3,882.255126953125,438.65020751953125,908.6635131835938,437.16107177734375,0.00019631473696790636,0.00011705200449796394,-1,-1
cam1,120,0,883.8194580078125,444.481201171875,884.0101318359375,444.97509765625,0.9996576309204102,0.9995266199111938,0,0
cam1,120,1,1094.4180908203125,445.5315246582031,1107.8233642578125,444.32769775390625,0.00010753332753665745,0.00018704464309848845,1,1
cam1,120,2,1914.8577880859375,0.001078999717719853,1418.891357421875,268.21881103515625,6.233400199562311e-05,8.440521196462214e-05,2,2
cam1,120,3,850.1192016601562,448.0318298339844,882.8858642578125,446.8626403808594,0.00017258553998544812,0.00020194225362502038,-1,-1
cam1,121,0,872.2945556640625,448.1319274902344,872.9175415039062,448.6714782714844,0.9997021555900574,0.9986088871955872,0,0
cam1,121,1,1150.6806640625,382.2249450683594,1146.070068359375,381.3287658691406,0.00017491371545474976,0.0011600138386711478,1,1
cam1,121,2,1073.91943359375,515.6694946289062,1072.451904296875,516.4006958007812,2.8663802368100733e-05,5.209459413890727e-05,2,2
cam1,121,3,860.671142578125,455.26025390625,875.48193359375,443.9102783203125,9.410176426172256e-05,0.00017908004519995302,-1,-1
cam1,122,0,864.4056396484375,449.5885009765625,864.3651123046875,448.0946044921875,0.9988743662834167,0.9992294311523438,0,0
cam1,122,1,1184.5892333984375,315.1327209472656,1189.1456298828125,309.2327575683594,0.00040286354487761855,0.00017966686573345214,1,1
cam1,122,2,1916.5426025390625,0.001078999717719853,1914.029296875,0.001078999717719853,0.00016666529700160027,8.940084808273241e-05,2,2
cam1,122,3,881.3494873046875,437.0871887207031,869.9072875976562,438.034423828125,0.0005560757708735764,0.0005014945054426789,-1,-1
cam1,123,0,855.4629516601562,449.9896545410156,855.7409057617188,452.8954162597656,0.9998455047607422,0.9995898604393005,0,0
cam1,123,1,1238.9383544921875,246.10365295410156,1240.0355224609375,248.9036407470703,5.7556033425498754e-05,0.00013291997311171144,1,1
cam1,123,2,1916.6685791015625,4.333481788635254,1182.4749755859375,318.4762268066406,1.3112616215948947e-05,7.464885857189074e-05,2,2
cam1,123,3,851.568603515625,449.9937744140625,870.2355346679688,476.05267333984375,8.378467464353889e-05,0.00020271490211598575,-1,-1
cam1,124,0,846.8363647460938,455.22052001953125,848.4837036132812,456.4776916503906,0.999864935874939,0.9999226331710815,0,0
cam1,124,1,1294.39111328125,192.53196716308594,1281.4603271484375,186.06068420410156,3.126950468868017e-05,2.451322325214278e-05,1,1
cam1,124,2,1915.7137451171875,4.220324516296387,1228.271484375,247.3333282470703,7.292469945241464e-06,3.2691934848116944e-06,2,2
cam1,124,3,820.318603515625,457.10699462890625,839.1640014648438,458.7059326171875,9.655339090386406e-05,4.9563052016310394e-05,-1,-1
cam1,125,0,839.4169311523438,457.92218017578125,840.6080322265625,458.7495422363281,0.999810516834259,0.9998471736907959,0,0
cam1,125,1,1346.1912841796875,112.22010040283203,1329.9512939453125,112.3209457397461,3.5813209251500666e-05,3.796986129600555e-05,1,1
cam1,125,2,1282.1229248046875,180.6818389892578,1280.4736328125,182.11563110351562,2.0784043954336084e-05,1.0738230230344925e-05,2,2
cam1,125,3,812.0687866210938,455.764892578125,838.6171875,439.6881103515625,0.00013303771265782416,0.00010402417683508247,-1,-1
cam1,126,0,834.9567260742188,460.7404479980469,835.7298583984375,462.0098876953125,0.9996352195739746,0.9998682737350464,0,0
cam1,126,1,1390.893798828125,36.69096374511719,1389.545654296875,34.33024597167969,6.101556937210262e-05,2.856074570445344e-05,1,1
cam1,126,2,1076.200927734375,575.52490234375,850.57666015625,266.7999572753906,4.5170450903242454e-05,1.069991776603274e-05,2,2
cam1,126,3,828.974853515625,446.3740234375,838.9335327148438,437.9615783691406,0.0002586045302450657,9.239643259206787e-05,-1,-1
cam1,127,0,826.34912109375,463.8346252441406,827.6327514648438,464.5996398925781,0.9994102716445923,0.9996360540390015,0,0
cam1,127,1,1918.9979248046875,4.130774021148682,857.7671508789062,253.7390899658203,0.00013540768122766167,8.112718933261931e-05,1,1
cam1,127,2,0.0019189995946362615,1074.1116943359375,1071.0087890625,576.3359985351562,9.678581409389153e-05,4.577225263346918e-05,2,2
cam1,127,3,809.9317016601562,469.6080322265625,816.7327270507812,462.2524108886719,0.00035749998642131686,0.00023699468874838203,-1,-1
cam1,128,0,820.2508544921875,465.9351501464844,820.06787109375,465.1303405761719,0.9988555908203125,0.9997351765632629,0,0
cam1,128,1,1918.371826171875,4.526427745819092,575.418212890625,493.99249267578125,0.0002115282986778766,4.21259792346973e-05,1,1
cam1,128,2,0.0019189995946362615,14.347021102905273,1455.705810546875,370.0549011230469,0.00019468882237561047,2.697054878808558e-05,2,2
cam1,128,3,848.6008911132812,455.3080749511719,822.4248046875,453.64227294921875,0.0007382379844784737,0.0001957798667717725,-1,-1
cam1,129,0,812.6293334960938,466.45050048828125,814.2091674804688,468.9042663574219,0.9998986721038818,0.999913215637207,0,0
cam1,129,1,1465.907470703125,364.54986572265625,892.2747192382812,336.7590026855469,1.5560864994768053e-05,1.0150991329282988e-05,1,1
cam1,129,2,828.9788208007812,357.712646484375,920.0747680664062,494.1924133300781,4.941076895192964e-06,2.7422177026892314e-06,2,2
cam1,129,3,811.3284912109375,460.6263122558594,830.3158569335938,450.31597900390625,8.081509440671653e-05,7.395572902169079e-05,-1,-1
cam1,130,0,805.6234741210938,472.5950012207031,808.3736572265625,473.9752502441406,0.9995321035385132,0.9995692372322083,0,0
cam1,130,1,834.0640258789062,365.1327209472656,892.3978271484375,342.7213134765625,9.702173701953143e-05,7.003177597653121e-05,1,1
cam1,130,2,1066.3819580078125,601.5845947265625,1080.3843994140625,601.2493896484375,7.758164429105818e-05,3.91859321098309e-05,2,2
cam1,130,3,773.1921997070312,471.79974365234375,829.4194946289062,448.9691162109375,0.0002933252544607967,0.00032152768108062446,-1,-1
cam1,131,0,802.3831787109375,475.60125732421875,805.091552734375,477.3012390136719,0.9995933175086975,0.999737560749054,0,0
cam1,131,1,837.8518676757812,370.9083251953125,801.6574096679688,339.3655090332031,6.230419967323542e-05,4.392809933051467e-05,1,1
cam1,131,2,731.984375,164.99220275878906,733.8138427734375,164.8988037109375,3.634452514233999e-05,1.5727109712315723e-05,2,2
cam1,131,3,798.5552368164062,451.0108642578125,827.4923706054688,432.8360595703125,0.0003079744928982109,0.00020275723363738507,-1,-1
cam1,132,0,795.9740600585938,477.5032043457031,798.544677734375,478.712646484375,0.9996010661125183,0.9996405839920044,0,0
cam1,132,1,845.8486938476562,364.6292419433594,810.3632202148438,335.47802734375,6.614574522245675e-05,5.262307240627706e-05,1,1
cam1,132,2,727.324951171875,165.91021728515625,733.0202026367188,165.04376220703125,5.516000237548724e-05,2.6488996809348464e-05,2,2
cam1,132,3,768.534912109375,467.4013977050781,792.9757690429688,447.373291015625,0.0002776433830149472,0.0002802718954626471,-1,-1
cam1,133,0,789.6665649414062,477.472412109375,792.8963012695312,479.5175476074219,0.9987347722053528,0.9995416402816772,0,0
cam1,133,1,733.4489135742188,169.41078186035156,620.2100830078125,400.6899108886719,0.00013571628369390965,6.52079179417342e-05,1,1
cam1,133,2,837.5123901367188,353.6089782714844,509.4079284667969,430.2687072753906,6.577139720320702e-05,2.2341999283526093e-05,2,2
cam1,133,3,778.093017578125,472.8244323730469,820.5074462890625,438.3222351074219,0.0010638264939188957,0.0003708189178723842,-1,-1
cam1,134,0,784.0468139648438,481.0062561035156,786.06201171875,480.49371337890625,0.9993463158607483,0.9995124340057373,0,0
cam1,134,1,798.1383056640625,318.29052734375,1096.449462890625,607.3084716796875,0.00012491851521190256,0.00011519323743414134,1,1
cam1,134,2,731.6907958984375,163.75125122070312,1234.9320068359375,275.0484313964844,7.060320058371872e-05,2.806854354275856e-05,2,2
cam1,134,3,793.4192504882812,479.4414367675781,809.4697875976562,459.44964599609375,0.0004580394015647471,0.0003442240704316646,-1,-1
cam1,135,0,779.6339721679688,483.2769775390625,781.6707153320312,483.3471984863281,0.9997195601463318,0.9996050000190735,0,0
cam1,135,1,791.1925659179688,309.5587463378906,1092.376953125,614.8521728515625,5.112903818371706e-05,5.077131208963692e-05,1,1
cam1,135,2,1084.0052490234375,609.1820678710938,1038.1954345703125,591.1370239257812,2.1393378119682893e-05,3.185454988852143e-05,2,2
cam1,135,3,759.2034912109375,480.9077453613281,823.37646484375,483.75872802734375,0.00020783054060302675,0.00031245744321495295,-1,-1
cam1,136,0,774.8192749023438,485.5538330078125,777.658447265625,485.927734375,0.999849796295166,0.9998358488082886,0,0
cam1,136,1,791.8626708984375,317.4175720214844,1086.8953857421875,610.6181030273438,2.0075985958101228e-05,2.287853385496419e-05,1,1
cam1,136,2,1546.1015625,649.9813232421875,1545.5555419921875,650.2470703125,6.4345576902269386e-06,8.513983630109578e-06,2,2
cam1,136,3,800.81103515625,478.8282775878906,807.6625366210938,465.2548522949219,0.00012371930642984807,0.00013281418068800122,-1,-1
cam1,137,0,771.0280151367188,488.5859069824219,774.3114013671875,488.5555114746094,0.99982088804245,0.9999053478240967,0,0
cam1,137,1,784.6572265625,314.44464111328125,1548.610595703125,659.1460571289062,1.6512036381755024e-05,7.879818440414965e-06,1,1
cam1,137,2,1543.489013671875,653.620849609375,1031.9227294921875,589.110107421875,5.241439339442877e-06,2.584504954938893e-06,2,2
cam1,137,3,746.148681640625,493.5630187988281,764.4450073242188,477.0477294921875,0.00015732688189018518,8.410809095948935e-05,-1,-1
cam1,138,0,766.4429321289062,491.4515075683594,769.4906616210938,492.13641357421875,0.9997381567955017,0.9998689889907837,0,0
cam1,138,1,1069.8494873046875,580.4067993164062,1057.078857421875,568.2660522460938,5.437435902422294e-05,1.6046704331529327e-05,1,1
cam1,138,2,772.8502807617188,320.56597900390625,777.3333129882812,313.4355163574219,1.8141518012271263e-05,5.084177701064618e-06,2,2
cam1,138,3,702.5281982421875,503.4385070800781,739.6953735351562,487.34844970703125,0.00018939659639727324,0.00010978898353641853,-1,-1
cam1,139,0,762.3403930664062,494.3729553222656,763.7627563476562,494.5219421386719,0.9997726082801819,0.999908447265625,0,0
cam1,139,1,1018.3670043945312,628.7636108398438,1050.26416015625,564.232421875,4.631980846170336e-05,1.34199763124343e-05,1,1
cam1,139,2,1042.05712890625,563.1312255859375,1008.1587524414062,621.0830688476562,5.434103513834998e-05,1.178855927719269e-05,2,2
cam1,139,3,757.1072387695312,508.7128601074219,764.395751953125,491.54010009765625,0.00012672899174503982,6.627831317018718e-05,-1,-1
cam1,140,0,758.7470703125,496.9700927734375,760.2120361328125,496.5210266113281,0.9995375871658325,0.9996806383132935,0,0
cam1,140,1,1054.1326904296875,568.8781127929688,1284.862548828125,76.6126937866211,7.752726378384978e-05,2.1217627363512293e-05,1,1
cam1,140,2,1008.2755126953125,624.5770874023438,1037.0576171875,562.6438598632812,6.138504977570847e-05,1.9779228750849143e-05,2,2
cam1,140,3,768.2943115234375,488.7798767089844,734.0772705078125,511.09783935546875,0.00032348805689252913,0.00027842543204315007,-1,-1
cam1,141,0,753.81201171875,500.25921630859375,757.15673828125,501.3011474609375,0.9999233484268188,0.9999269247055054,0,0
cam1,141,1,1046.35693359375,566.9846801757812,923.309814453125,501.1385498046875,9.57130305323517e-06,6.981296337471576e-06,1,1
cam1,141,2,775.0303955078125,349.80950927734375,1284.4027099609375,83.73245239257812,2.1513501451408956e-06,1.747202645674406e-06,2,2
cam1,141,3,724.0888061523438,507.4294738769531,744.2235107421875,487.908203125,6.499293522210792e-05,6.427960761357099e-05,-1,-1
cam1,142,0,751.7747802734375,501.74932861328125,753.0015869140625,503.5339050292969,0.9998704195022583,0.9999314546585083,0,0
cam1,142,1,1058.465576171875,565.2501831054688,919.9464721679688,496.8863830566406,3.1539220799459144e-05,1.2029188837914262e-05,1,1
cam1,142,2,1006.7907104492188,620.412841796875,1007.8216552734375,618.3510131835938,7.118600933608832e-06,3.838241809717147e-06,2,2
cam1,142,3,706.189208984375,499.8953857421875,742.4610595703125,485.6334228515625,9.085483179660514e-05,5.265063373371959e-05,-1,-1
cam1,143,0,748.717529296875,504.3262939453125,749.4906005859375,503.951416015625,0.9996389150619507,0.999910831451416,0,0
cam1,143,1,1075.310791015625,595.6575927734375,1074.9754638671875,597.3743286132812,8.046047150855884e-05,1.6495261661475524e-05,1,1
cam1,143,2,1276.255615234375,90.17716217041016,1004.3897705078125,611.256103515625,2.640123784658499e-05,8.087070455076173e-06,2,2
cam1,143,3,716.0880126953125,483.8495788574219,743.5465698242188,483.5009765625,0.00025416098651476204,6.45837135380134e-05,-1,-1
cam1,144,0,744.1455688476562,506.69525146484375,746.7198486328125,506.07000732421875,0.999334990978241,0.9998444318771362,0,0
cam1,144,1,1042.6690673828125,564.8137817382812,1076.2205810546875,604.528076171875,0.00013600094825960696,1.4344928786158562e-05,1,1
cam1,144,2,754.017578125,329.5928649902344,849.1527709960938,268.6013488769531,7.138689397834241e-05,5.024693109589862e-06,2,2
cam1,144,3,754.9483032226562,492.54107666015625,761.4786376953125,477.9634704589844,0.0004575940838549286,0.00013620451500173658,-1,-1
cam1,145,0,742.4930419921875,508.8042297363281,740.6469116210938,509.1463317871094,0.9994553923606873,0.9997206330299377,0,0
cam1,145,1,1044.557861328125,567.8472290039062,1030.5960693359375,595.8562622070312,3.477511563687585e-05,3.688711512950249e-05,1,1
cam1,145,2,752.9357299804688,324.7063293457031,1058.520751953125,581.223876953125,1.5249388525262475e-05,9.266997039958369e-06,2,2
cam1,145,3,729.0336303710938,506.31646728515625,733.8248291015625,504.6972351074219,0.0004945872351527214,0.00023307549417950213,-1,-1
cam1,146,0,738.332763671875,514.3574829101562,739.282958984375,515.333984375,0.9996695518493652,0.9997321963310242,0,0
cam1,146,1,1040.32958984375,562.1736450195312,1011.4168701171875,603.4486083984375,5.7476525398669764e-05,4.3138123146491125e-05,1,1
cam1,146,2,1004.6321411132812,600.7843017578125,850.1679077148438,270.2677917480469,6.362595740938559e-06,5.69979238207452e-06,2,2
cam1,146,3,704.520263671875,506.13861083984375,738.1449584960938,493.33575439453125,0.00026675930712372065,0.00021895315148867667,-1,-1
cam1,147,0,737.8233642578125,513.8172607421875,739.1171875,515.6337890625,0.9997430443763733,0.9998025298118591,0,0
cam1,147,1,1015.4813232421875,592.9052124023438,1002.4208984375,605.1229248046875,3.4716158552328125e-05,2.8726697564707138e-05,1,1
cam1,147,2,638.9891967773438,496.2760314941406,844.5625610351562,268.9079895019531,5.985776624584105e-06,4.5762826630380005e-06,2,2
cam1,147,3,706.968017578125,496.24749755859375,713.587646484375,496.09375,0.0002162851596949622,0.00016423448687419295,-1,-1
cam1,148,0,735.3099365234375,510.13641357421875,734.5798950195312,512.8673095703125,0.999544084072113,0.9997122883796692,0,0
cam1,148,1,1031.6483154296875,610.887451171875,1037.2384033203125,603.903076171875,1.7366255633533e-05,2.762201620498672e-05,1,1
cam1,148,2,764.1389770507812,186.3298797607422,993.6077270507812,602.4013671875,1.2146063454565592e-05,9.747353033162653e-06,2,2
cam1,148,3,749.669921875,504.1715393066406,711.0653686523438,502.8834228515625,0.00042633258271962404,0.0002502730640117079,-1,-1
cam1,149,0,731.5238037109375,509.58514404296875,732.791748046875,510.379638671875,0.9988817572593689,0.9993687272071838,0,0
cam1,149,1,1054.121826171875,608.5646362304688,1001.7213745117188,610.0367431640625,0.00014507041487377137,5.74668993067462e-05,1,1
cam1,149,2,1276.7506103515625,102.24932098388672,1404.201904296875,434.767822265625,3.846553590847179e-05,2.166048579965718e-05,2,2
cam1,149,3,752.7662963867188,471.2889709472656,764.456787109375,467.7191162109375,0.0009347388986498117,0.0005521741113625467,-1,-1
cam1,150,0,729.6017456054688,506.2180480957031,730.86572265625,507.54022216796875,0.999626874923706,0.999771773815155,0,0
cam1,150,1,1066.5150146484375,596.6470336914062,1064.699462890625,598.8922119140625,1.8519896912039258e-05,1.3362668141780887e-05,1,1
cam1,150,2,787.0921630859375,237.88832092285156,988.1198120117188,607.62109375,6.36092909189756e-06,4.46079275207012e-06,2,2
cam1,150,3,715.5819091796875,509.7126770019531,733.5457153320312,495.3260192871094,0.0003483183973003179,0.0002104966260958463,-1,-1
cam1,151,0,729.2588500976562,502.3387756347656,730.6152954101562,504.37176513671875,0.9996107220649719,0.9997851252555847,0,0
cam1,151,1,794.3546752929688,248.05990600585938,794.48974609375,245.7767791748047,4.349784285295755e-05,2.4825576474540867e-05,1,1
cam1,151,2,1453.509033203125,372.4835510253906,1057.1517333984375,591.1929931640625,6.5654635363898706e-06,4.327525402914034e-06,2,2
cam1,151,3,701.9518432617188,504.5503845214844,720.181640625,488.68646240234375,0.0003392510407138616,0.0001858529867604375,-1,-1
cam1,152,0,728.9781494140625,499.14501953125,730.9764404296875,500.7582702636719,0.9996634721755981,0.999671459197998,0,0
cam1,152,1,792.8534545898438,245.1625213623047,1019.3343505859375,606.6346435546875,2.9720158636337146e-05,3.273567926953547e-05,1,1
cam1,152,2,1049.4295654296875,603.4906005859375,779.703857421875,252.77264404296875,4.833472758036805e-06,4.73498084829771e-06,2,2
cam1,152,3,700.0999145507812,511.9934387207031,710.3668212890625,500.0640869140625,0.00030200034962035716,0.00029102570260874927,-1,-1
cam1,153,0,726.7144165039062,495.3745422363281,728.0032348632812,496.3301086425781,0.9993764758110046,0.9989343285560608,0,0
cam1,153,1,1461.740478515625,374.8023376464844,788.2595825195312,269.0106201171875,8.972133946372196e-05,0.00012377968232613057,1,1
cam1,153,2,1043.53466796875,600.4650268554688,1017.2595825195312,600.544189453125,2.2409531084122136e-05,2.8262782507226802e-05,2,2
cam1,153,3,731.4868774414062,486.5195007324219,727.28466796875,487.8387756347656,0.0005114267114549875,0.000913754862267524,-1,-1
cam1,154,0,721.9874267578125,492.5462341308594,724.016357421875,492.1739807128906,0.999832272529602,0.9968365430831909,0,0
cam1,154,1,725.65380859375,282.425537109375,745.4915161132812,383.1101989746094,2.6322039047954604e-05,0.00030193195561878383,1,1
cam1,154,2,757.0786743164062,351.7325744628906,1046.3890380859375,587.0817260742188,7.699870366195682e-06,7.23462799214758e-05,2,2
cam1,154,3,703.6536865234375,493.24993896484375,741.8556518554688,486.2493591308594,0.0001335727865807712,0.00278914300724864,-1,-1
cam1,155,0,720.0009765625,489.1698913574219,720.7455444335938,489.44329833984375,0.9998161196708679,0.9994558691978455,0,0
cam1,155,1,768.0997924804688,350.2121276855469,742.6658325195312,382.8801574707031,5.2836545364698395e-05,9.100894385483116e-05,1,1
cam1,155,2,1138.4410400390625,190.34332275390625,1372.8975830078125,425.8485107421875,1.7778987967176363e-05,1.878645343822427e-05,2,2
cam1,155,3,691.3743896484375,479.2188720703125,672.90185546875,481.9775085449219,0.00011338652257109061,0.00043422720045782626,-1,-1
cam1,156,0,715.0148315429688,487.4031677246094,715.4043579101562,486.49725341796875,0.999751627445221,0.999690055847168,0,0
cam1,156,1,763.7647705078125,352.6347961425781,741.0355834960938,388.2252197265625,3.388590266695246e-05,3.5602439311333e-05,1,1
cam1,156,2,1042.9129638671875,583.1697998046875,1044.326416015625,588.8092041015625,2.287658571731299e-05,6.2791118580207694e-06,2,2
cam1,156,3,695.4603881835938,476.1599426269531,728.6821899414062,473.9080505371094,0.00019165914272889495,0.0002680383331608027,-1,-1
cam1,157,0,712.6785888671875,484.880126953125,712.2521362304688,485.368408203125,0.9997276663780212,0.9997232556343079,0,0
cam1,157,1,766.047119140625,363.71710205078125,737.8803100585938,385.9399108886719,2.4252083676401526e-05,3.6183100746711716e-05,1,1
cam1,157,2,769.2782592773438,278.06903076171875,1042.818115234375,592.0924072265625,5.370150574890431e-06,3.928561909560813e-06,2,2
cam1,157,3,731.832275390625,474.09564208984375,717.9930419921875,485.47637939453125,0.00024271900474559516,0.00023657364363316447,-1,-1
cam1,158,0,712.2324829101562,481.22479248046875,712.8754272460938,481.5953674316406,0.9993641972541809,0.997869610786438,0,0
cam1,158,1,778.2440795898438,282.2748107910156,733.9381713867188,382.99346923828125,0.00012522132601588964,0.00026973479543812573,1,1
cam1,158,2,834.5257568359375,351.2712097167969,1042.4501953125,578.3170166015625,4.422631172928959e-05,5.950872946414165e-05,2,2
cam1,158,3,723.6213989257812,477.49786376953125,719.5310668945312,475.646240234375,0.0004664612060878426,0.0018011267529800534,-1,-1
cam1,159,0,711.2176513671875,478.8278503417969,712.7583618164062,478.01177978515625,0.9993125200271606,0.9988524913787842,0,0
cam1,159,1,775.23974609375,277.7889099121094,732.1266479492188,379.7419738769531,8.585266186855733e-05,0.00012938665167894214,1,1
cam1,159,2,766.0853271484375,358.6737365722656,972.9127197265625,597.3533935546875,2.2258773242356256e-05,1.7266151189687662e-05,2,2
cam1,159,3,709.668212890625,478.0812683105469,692.038818359375,480.32574462890625,0.0005792673910036683,0.0010008224053308368,-1,-1
cam1,160,0,709.7210083007812,476.86962890625,711.8119506835938,475.3013610839844,0.9988797307014465,0.9959021210670471,0,0
cam1,160,1,777.720458984375,278.1701354980469,728.7489013671875,370.02978515625,0.00014181420556269586,0.0003299785021226853,1,1
cam1,160,2,769.7249145507812,352.30126953125,967.52978515625,594.8403930664062,2.013996163441334e-05,2.6915098715107888e-05,2,2
cam1,160,3,687.1485595703125,481.8616027832031,673.424072265625,487.73162841796875,0.0009583014179952443,0.0037410189397633076,-1,-1
cam1,161,0,708.3933715820312,475.4042053222656,710.357421875,474.5078125,0.9985793828964233,0.9959033131599426,0,0
cam1,161,1,784.07080078125,195.58883666992188,728.3738403320312,368.3970642089844,0.0001776215503923595,0.00023060571402311325,1,1
cam1,161,2,1002.0810546875,594.1005859375,1004.033203125,592.6166381835938,2.0441142623894848e-05,2.5694160285638645e-05,2,2
cam1,161,3,676.8126831054688,483.8254699707031,672.0557250976562,489.85552978515625,0.0012225157115608454,0.0038404555525630713,-1,-1
cam1,162,0,707.5946655273438,471.3209533691406,706.79833984375,471.3502197265625,0.999563992023468,0.9969210624694824,0,0
cam1,162,1,785.1403198242188,190.4980926513672,727.1688232421875,364.9890441894531,6.53518145554699e-05,0.00043071727850474417,1,1
cam1,162,2,1032.0517578125,587.7200317382812,1028.4014892578125,652.44677734375,9.083732948056422e-06,2.3535805667052045e-05,2,2
cam1,162,3,700.58251953125,462.6643371582031,673.733642578125,485.4297790527344,0.000361638143658638,0.002624692628160119,-1,-1
cam1,163,0,705.4873046875,471.1241149902344,705.8978881835938,472.048828125,0.9986384510993958,0.9855437278747559,0,0
cam1,163,1,795.7210083007812,216.78089904785156,728.7567749023438,366.1197814941406,0.00020819841301999986,0.0036741287913173437,1,1
cam1,163,2,1031.0220947265625,587.3992309570312,1029.888427734375,656.5991821289062,4.3432497477624565e-05,0.00016792071983218193,2,2
cam1,163,3,669.9876098632812,468.669921875,656.6431884765625,486.67138671875,0.0011099156690761447,0.010614277794957161,-1,-1
cam1,164,0,703.0909423828125,470.2911376953125,705.52392578125,471.61358642578125,0.9957045912742615,0.990807831287384,0,0
cam1,164,1,812.1385498046875,222.8374481201172,733.088623046875,365.18548583984375,0.001099022338166833,0.003295684000477195,1,1
cam1,164,2,321.6848449707031,553.965576171875,324.9449157714844,557.201416015625,0.0001642475399421528,0.00020987284369766712,2,2
cam1,164,3,655.8867797851562,470.5869445800781,671.1849365234375,466.26751708984375,0.0030320724472403526,0.005686573218554258,-1,-1
cam1,165,0,702.1815185546875,468.3509826660156,702.4970092773438,469.7289123535156,0.9953659772872925,0.962486743927002,0,0
cam1,165,1,807.8157348632812,215.52471923828125,738.5910034179688,368.79718017578125,0.0005267936503514647,0.004338284023106098,1,1
cam1,165,2,321.10015869140625,557.85498046875,322.042724609375,558.9937133789062,0.00013731398212257773,0.0004808813682757318,2,2
cam1,165,3,633.7774047851562,487.7670593261719,633.5308227539062,500.4347839355469,0.003969882614910603,0.03269408643245697,-1,-1
cam1,166,0,699.660888671875,468.261962890625,701.201171875,467.28955078125,0.9985876083374023,0.9835783243179321,0,0
cam1,166,1,1049.1390380859375,660.9988403320312,1045.338134765625,659.7212524414062,8.262017945526168e-05,0.002374976174905896,1,1
cam1,166,2,761.6137084960938,260.8724365234375,754.6674194335938,518.1314086914062,1.1791684300987981e-05,0.0010296109830960631,2,2
cam1,166,3,688.2445068359375,489.5234375,732.3267211914062,465.6231384277344,0.0013180117821320891,0.013017210178077221,-1,-1
cam1,167,0,698.3905639648438,468.1068420410156,699.8281860351562,467.3011779785156,0.9961463212966919,0.9834063053131104,0,0
cam1,167,1,1050.38623046875,669.3934936523438,1046.980712890625,667.0114135742188,0.0005651696119457483,0.0027242032811045647,1,1
cam1,167,2,762.5420532226562,513.3436279296875,756.4288940429688,518.1087646484375,0.00015690631698817015,0.0009211594006046653,2,2
cam1,167,3,720.9633178710938,464.1377258300781,724.1201782226562,459.52532958984375,0.003131682286038995,0.012948352843523026,-1,-1
cam1,168,0,697.626953125,468.04241943359375,697.5413208007812,467.2742004394531,0.9950742125511169,0.9686080813407898,0,0
cam1,168,1,788.9081420898438,509.1666259765625,1047.3551025390625,667.7222290039062,0.0008837076602503657,0.006300169508904219,1,1
cam1,168,2,1035.83349609375,666.6302490234375,1126.7564697265625,526.98876953125,0.00014833829482086003,0.0017122328281402588,2,2
cam1,168,3,703.6475830078125,464.5906982421875,716.2689208984375,455.66302490234375,0.003893619868904352,0.023379497230052948,-1,-1
cam1,169,0,697.9452514648438,466.8615417480469,697.9644775390625,467.5329895019531,0.9990008473396301,0.9904757142066956,0,0
cam1,169,1,807.5972290039062,507.4615783691406,1045.7874755859375,661.9660034179688,9.46216459851712e-05,0.0013219080865383148,1,1
cam1,169,2,1040.57958984375,663.1904907226562,1126.0484619140625,526.3453979492188,6.983490038692253e-06,0.0005759907071478665,2,2
cam1,169,3,690.5615844726562,470.5330810546875,718.385986328125,442.9007873535156,0.0008974652737379074,0.007626351900398731,-1,-1
cam1,170,0,695.052734375,466.7402038574219,695.8721313476562,466.3268127441406,0.9869509339332581,0.9911684989929199,0,0
cam1,170,1,1018.1029052734375,433.04534912109375,1020.5130615234375,430.5960388183594,0.0014886922435835004,0.0010517508490011096,1,1
cam1,170,2,1035.302490234375,666.4590454101562,1041.3992919921875,662.6932983398438,0.00031145373941399157,8.327567775268108e-05,2,2
cam1,170,3,699.0538940429688,487.142333984375,671.2423095703125,467.72259521484375,0.011249017901718616,0.007696491666138172,-1,-1
cam1,171,0,695.0975341796875,466.9023742675781,692.4835205078125,468.6272277832031,0.9978260397911072,0.9636898636817932,0,0
cam1,171,1,1014.502197265625,428.7418518066406,1017.4544067382812,429.7821350097656,0.00026023079408332705,0.003237564582377672,1,1
cam1,171,2,1037.439697265625,656.3097534179688,1040.5699462890625,656.6654052734375,1.606260411790572e-05,0.0002599392901174724,2,2
cam1,171,3,676.5701293945312,466.7375183105469,670.8353881835938,474.8843994140625,0.0018976599676534534,0.03281254321336746,-1,-1
cam1,172,0,697.667236328125,467.8626403808594,692.6846313476562,472.0933837890625,0.9977275729179382,0.875934362411499,0,0
cam1,172,1,1011.6795043945312,422.32049560546875,1015.2709350585938,425.26824951171875,0.0004752792592626065,0.009585149586200714,1,1
cam1,172,2,1042.6080322265625,660.9035034179688,1039.2625732421875,658.8558349609375,2.2173484467202798e-05,0.002469621365889907,2,2
cam1,172,3,678.029052734375,466.9178466796875,642.54150390625,469.5552062988281,0.0017750473925843835,0.11201078444719315,-1,-1
cam1,173,0,695.6546630859375,469.0153503417969,689.4298706054688,471.78399658203125,0.997492790222168,0.7844898700714111,0,0
cam1,173,1,1009.4718017578125,423.2550048828125,710.8997802734375,394.06585693359375,0.0001491891744080931,0.00994843803346157,1,1
cam1,173,2,1039.812255859375,659.7444458007812,994.6520385742188,423.93115234375,1.2620009329111781e-05,0.001408752636052668,2,2
cam1,173,3,657.3209228515625,479.3471374511719,663.3077392578125,481.2521667480469,0.002345344750210643,0.20415297150611877,-1,-1
cam1,174,0,690.400146484375,468.62353515625,729.3611450195312,413.7731628417969,0.9958785772323608,0.33163905143737793,0,0
cam1,174,1,971.1572875976562,488.8781433105469,683.0164794921875,469.0902099609375,0.00022762517619412392,0.33344754576683044,1,1
cam1,174,2,997.8533325195312,428.18426513671875,952.0596923828125,487.0853271484375,5.8551373513182625e-05,0.02989054284989834,2,2
cam1,174,3,706.5115966796875,483.4079895019531,682.97900390625,470.3869323730469,0.0038352981209754944,0.30502280592918396,-1,-1
cam1,175,0,687.5635375976562,467.4241638183594,729.7835083007812,418.750732421875,0.9943523406982422,0.11805453896522522,0,0
cam1,175,1,961.3623657226562,488.2148132324219,680.314208984375,476.1587829589844,0.00020258859149180353,0.2589532434940338,1,1
cam1,175,2,1372.974365234375,427.1072998046875,942.696533203125,488.6448669433594,2.9796161470585503e-05,0.030095946043729782,2,2
cam1,175,3,680.2976684570312,459.7210388183594,664.5942993164062,489.7305603027344,0.005415281280875206,0.5928962826728821,-1,-1
cam1,176,0,686.7984008789062,465.2264404296875,730.6513671875,423.4006042480469,0.9936435222625732,0.42342957854270935,0,0
cam1,176,1,1386.0943603515625,428.7508544921875,705.0968627929688,557.5770874023438,0.00012373087520245463,0.1643548607826233,1,1
cam1,176,2,951.9608764648438,488.0010986328125,941.6590576171875,481.4824523925781,2.002674591494724e-05,0.017179401591420174,2,2
cam1,176,3,674.7735595703125,456.37255859375,645.5213012695312,481.9765625,0.006212653126567602,0.3950361907482147,-1,-1
cam1,177,0,687.5636596679688,464.9714050292969,685.0368041992188,467.6680908203125,0.9987956285476685,0.7626863718032837,0,0
cam1,177,1,1390.8839111328125,426.87255859375,739.32861328125,423.2497253417969,1.4506696061289404e-05,0.050892218947410583,1,1
cam1,177,2,553.4533081054688,485.9836120605469,941.3694458007812,484.6730041503906,7.517330686823698e-06,0.024979569017887115,2,2
cam1,177,3,699.91748046875,488.2312927246094,673.1800537109375,455.4237060546875,0.0011823760578408837,0.161441832780838,-1,-1
cam1,178,0,688.3344116210938,461.1499328613281,687.8351440429688,460.47320556640625,0.9965152740478516,0.9256617426872253,0,0
cam1,178,1,1028.3824462890625,564.8427124023438,1229.866943359375,246.69972229003906,7.295132672879845e-05,0.0022547938860952854,1,1
cam1,178,2,1512.5445556640625,423.65509033203125,1011.8687133789062,562.6587524414062,1.8853404981200583e-05,0.0002246477670269087,2,2
cam1,178,3,707.38134765625,471.33087158203125,668.786865234375,459.7225646972656,0.0033929047640413046,0.07185877114534378,-1,-1
cam1,179,0,690.5647583007812,460.5738830566406,692.8576049804688,458.7756652832031,0.9981675148010254,0.9843218326568604,0,0
cam1,179,1,1011.6531982421875,276.5787658691406,1235.07666015625,243.77197265625,9.477978164795786e-05,0.001193927600979805,1,1
cam1,179,2,235.77511596679688,379.03973388671875,970.3380737304688,519.2297973632812,1.3026598026044667e-05,0.00011722891213139519,2,2
cam1,179,3,657.766845703125,470.58740234375,669.7813720703125,450.1092529296875,0.0017246546922251582,0.014367016032338142,-1,-1
cam1,180,0,694.315185546875,459.198974609375,696.00927734375,460.001708984375,0.9972569346427917,0.9916161894798279,0,0
cam1,180,1,1028.5728759765625,659.6370239257812,1233.6676025390625,247.88124084472656,0.00023957535449881107,0.0009745146962814033,1,1
cam1,180,2,1433.7235107421875,424.0730285644531,970.88720703125,514.9595336914062,2.2087066099629737e-05,5.540384881896898e-05,2,2
cam1,180,3,670.8563842773438,458.9620361328125,688.9373168945312,452.5379638671875,0.0024814088828861713,0.007353866007179022,-1,-1
cam1,181,0,698.2314453125,459.44525146484375,698.9512329101562,459.5835876464844,0.9977977275848389,0.9960336089134216,0,0
cam1,181,1,1448.04248046875,425.79132080078125,980.4148559570312,513.5657348632812,9.036652045324445e-05,0.0001749584189383313,1,1
cam1,181,2,530.603271484375,425.80450439453125,1229.0531005859375,245.55642700195312,1.5860143321333453e-05,3.732287586899474e-05,2,2
cam1,181,3,695.06005859375,457.5725402832031,704.287353515625,468.6215515136719,0.0020961202681064606,0.003754034638404846,-1,-1
cam1,182,0,701.1088256835938,458.5882263183594,702.0525512695312,457.3203430175781,0.9988787770271301,0.9860056638717651,0,0
cam1,182,1,839.6981811523438,358.91717529296875,913.2495727539062,493.6592712402344,0.00015686686674598604,0.0009895131224766374,1,1
cam1,182,2,758.3656005859375,304.6137390136719,966.8868408203125,513.441162109375,7.46186706237495e-05,0.00020538285025395453,2,2
cam1,182,3,664.370361328125,463.8695068359375,682.170166015625,442.2744445800781,0.0008897506049834192,0.012799537740647793,-1,-1
cam1,183,0,706.49853515625,459.0439758300781,708.4827270507812,458.98345947265625,0.9954558610916138,0.9881757497787476,0,0
cam1,183,1,784.8549194335938,177.24588012695312,916.9545288085938,498.0935363769531,0.0006055401172488928,0.0013043987564742565,1,1
cam1,183,2,827.4049072265625,359.57989501953125,774.09423828125,168.9993133544922,7.771715900162235e-05,0.00010978174395859241,2,2
cam1,183,3,660.4281616210938,462.3663330078125,671.830078125,468.6341247558594,0.003860863158479333,0.010410066694021225,-1,-1
cam1,184,0,709.6788330078125,457.0399169921875,709.1787719726562,455.7549743652344,0.9981606602668762,0.9977827668190002,0,0
cam1,184,1,783.633544921875,180.60633850097656,914.963134765625,501.1287841796875,0.00045207326184026897,0.00041213506483472884,1,1
cam1,184,2,322.9662170410156,396.8477783203125,323.66851806640625,396.9505920410156,4.703990634880029e-05,2.9845825338270515e-05,2,2
cam1,184,3,695.7323608398438,450.12579345703125,718.9865112304688,448.3774719238281,0.0013402511831372976,0.001775222597643733,-1,-1
cam1,185,0,712.6930541992188,457.9218444824219,714.5545043945312,457.9765625,0.9972577691078186,0.997957706451416,0,0
cam1,185,1,781.8622436523438,184.64117431640625,915.3229370117188,497.68402099609375,0.00038105310522951186,0.0002245563082396984,1,1
cam1,185,2,822.4380493164062,353.1283264160156,561.2864379882812,367.57391357421875,0.0001709141506580636,5.709371544071473e-05,2,2
cam1,185,3,701.3320922851562,436.66400146484375,696.5029907226562,466.7171936035156,0.002190323080867529,0.0017606096807867289,-1,-1
cam1,186,0,717.5760498046875,457.6424865722656,719.4157104492188,455.0828552246094,0.9988598823547363,0.9934064149856567,0,0
cam1,186,1,994.2041015625,535.6770629882812,919.961669921875,492.0611877441406,0.0001892392465379089,0.0015115925343707204,1,1
cam1,186,2,828.3701782226562,353.8836975097656,876.3164672851562,337.1539306640625,0.0001358545123366639,0.00027959063299931586,2,2
cam1,186,3,681.2437744140625,454.4600524902344,712.66943359375,433.436767578125,0.0008150524226948619,0.004802455194294453,-1,-1
cam1,187,0,723.5151977539062,455.986083984375,724.1328125,455.6401672363281,0.9991970658302307,0.9994919300079346,0,0
cam1,187,1,787.0728149414062,183.96153259277344,911.441162109375,490.3538818359375,0.00017005538393277675,8.24544986244291e-05,1,1
cam1,187,2,829.5374755859375,355.8481750488281,985.2709350585938,542.7574462890625,4.358188380138017e-05,1.001691725832643e-05,2,2
cam1,187,3,693.8064575195312,445.0517883300781,723.3197021484375,443.2239685058594,0.0005892440676689148,0.00041554286144673824,-1,-1
cam1,188,0,729.0087890625,452.9034423828125,730.077392578125,452.99005126953125,0.9989042282104492,0.9995085000991821,0,0
cam1,188,1,791.0394897460938,183.19313049316406,937.9362182617188,498.20965576171875,7.418440509354696e-05,3.8211637729546055e-05,1,1
cam1,188,2,706.2490844726562,277.4293212890625,335.3849792480469,438.0537109375,4.232345600030385e-05,8.074508514255285e-06,2,2
cam1,188,3,719.4844360351562,449.83184814453125,738.7176513671875,454.63372802734375,0.0009792855707928538,0.00044512434396892786,-1,-1
cam1,189,0,730.8749389648438,453.58233642578125,731.7619018554688,453.78546142578125,0.9986990690231323,0.9989097118377686,0,0
cam1,189,1,729.2218627929688,279.25482177734375,934.3427734375,493.59881591796875,0.00022435052960645407,0.0002679852186702192,1,1
cam1,189,2,891.232177734375,492.1910400390625,317.0330810546875,434.1609191894531,0.00012381686246953905,6.335386569844559e-05,2,2
cam1,189,3,704.2386474609375,450.3594665527344,704.3709106445312,459.31390380859375,0.0009528030059300363,0.0007590050809085369,-1,-1
cam1,190,0,734.8157958984375,451.82073974609375,736.0091552734375,452.6080322265625,0.9993615746498108,0.9994447827339172,0,0
cam1,190,1,730.8902587890625,285.8059387207031,843.482177734375,358.3162841796875,0.00012131246330682188,0.00012782933481503278,1,1
cam1,190,2,1909.554443359375,1073.339599609375,809.215576171875,130.83412170410156,8.735592564335093e-05,2.0500536265899427e-05,2,2
cam1,190,3,713.310791015625,455.0450744628906,723.9483032226562,447.4362487792969,0.00042978517012670636,0.0004068673588335514,-1,-1
cam1,191,0,739.1766357421875,449.8338928222656,739.6817626953125,453.07611083984375,0.9995384216308594,0.9986912608146667,0,0
cam1,191,1,730.4017333984375,287.6595458984375,809.921875,252.9975128173828,9.146554657490924e-05,0.0002578638377599418,1,1
cam1,191,2,1910.6258544921875,1075.6573486328125,810.5765380859375,135.08258056640625,2.70654109044699e-05,0.00012168538523837924,2,2
cam1,191,3,738.0938720703125,452.4206237792969,784.4489135742188,449.30908203125,0.0003430165525060147,0.0009292646427638829,-1,-1
cam1,192,0,743.2132568359375,454.04302978515625,742.688232421875,454.0210876464844,0.998439371585846,0.9987123012542725,0,0
cam1,192,1,1918.9979248046875,9.156381607055664,813.24853515625,154.0115203857422,0.00036914803786203265,0.00032782196649350226,1,1
cam1,192,2,0.0019189995946362615,13.327386856079102,306.7717590332031,424.5056457519531,0.0002435957721900195,6.466768536483869e-05,2,2
cam1,192,3,741.9772338867188,441.0558776855469,750.1544189453125,442.671142578125,0.0009478964493609965,0.0008951941854320467,-1,-1
cam1,193,0,747.8934936523438,454.73480224609375,747.3729858398438,455.6217041015625,0.9992231130599976,0.9992296695709229,0,0
cam1,193,1,553.8276977539062,524.1647338867188,809.8893432617188,156.19061279296875,0.00016525306273251772,0.0002919938415288925,1,1
cam1,193,2,837.125,345.1446533203125,839.6099243164062,343.29510498046875,0.00013651313201989979,5.5296379287028685e-05,2,2
cam1,193,3,737.618896484375,447.84466552734375,729.1353149414062,456.18927001953125,0.0004752047243528068,0.0004231449856888503,-1,-1
cam1,194,0,751.81298828125,453.0666198730469,753.3758544921875,454.07269287109375,0.9997029900550842,0.9995749592781067,0,0
cam1,194,1,859.2017211914062,283.483642578125,852.636962890625,287.42242431640625,7.821967301424593e-05,0.00024077040143311024,1,1
cam1,194,2,0.0019189995946362615,14.14618968963623,837.6325073242188,346.7852783203125,2.414781556581147e-05,1.1022405487892684e-05,2,2
cam1,194,3,741.4053344726562,452.0621643066406,742.193359375,448.23748779296875,0.00019459158647805452,0.00017318771278951317,-1,-1
cam1,195,0,757.5266723632812,451.5236511230469,757.3482055664062,454.2662658691406,0.999734103679657,0.9981679916381836,0,0
cam1,195,1,815.112548828125,214.5097198486328,809.5696411132812,221.60227966308594,3.424807437113486e-05,0.0005096268723718822,1,1
cam1,195,2,852.8430786132812,272.6690979003906,852.7202758789062,272.724365234375,1.5249436728481669e-05,0.0001941822119988501,2,2
cam1,195,3,750.347412109375,457.3366394042969,795.2689819335938,450.6094055175781,0.00021647204994224012,0.0011281997431069613,-1,-1
cam1,196,0,761.2607421875,454.5924377441406,761.9904174804688,455.15008544921875,0.9991406202316284,0.9984468817710876,0,0
cam1,196,1,818.6842651367188,206.2987823486328,808.1353149414062,219.67897033691406,0.00018499267753213644,0.00033968547359108925,1,1
cam1,196,2,844.4810180664062,267.4528503417969,701.4296875,526.6907958984375,0.00012951584358233958,0.00011777554755099118,2,2
cam1,196,3,738.4931640625,456.2758483886719,794.935791015625,453.34039306640625,0.0005449466989375651,0.0010956416372209787,-1,-1
cam1,197,0,766.1422729492188,454.9735412597656,765.0363159179688,457.1003723144531,0.999579131603241,0.9996359348297119,0,0
cam1,197,1,820.773681640625,197.5929718017578,726.75048828125,363.8901672363281,8.995785901788622e-05,0.00012986594811081886,1,1
cam1,197,2,694.2091674804688,344.7646789550781,692.4285278320312,517.5326538085938,2.8482021662057377e-05,7.5616785579768475e-06,2,2
cam1,197,3,748.8861083984375,450.98388671875,713.9573974609375,473.52618408203125,0.00030245730886235833,0.0002266937808599323,-1,-1
cam1,198,0,772.3613891601562,455.29425048828125,771.458740234375,457.7249755859375,0.9997835755348206,0.999842643737793,0,0
cam1,198,1,719.3389892578125,362.4616394042969,722.38623046875,367.68658447265625,5.254639108898118e-05,3.9936167013365775e-05,1,1
cam1,198,2,1911.0279541015625,1075.491455078125,693.9066772460938,269.2651062011719,1.0612866390147246e-05,3.3857700145745184e-06,2,2
cam1,198,3,745.4951782226562,461.3212890625,727.8076171875,466.8609313964844,0.0001532310707261786,0.000114104499516543,-1,-1
cam1,199,0,776.4584350585938,457.1585693359375,776.3316650390625,458.6213073730469,0.998900294303894,0.9994122982025146,0,0
cam1,199,1,720.8786010742188,364.7827453613281,718.7215576171875,364.4875793457031,0.0001771764364093542,0.00025678746169433,1,1
cam1,199,2,1911.1527099609375,0.001078999717719853,715.2099609375,275.4576721191406,0.00010282622679369524,5.5836295359767973e-05,2,2
cam1,199,3,773.5560913085938,448.7850646972656,737.1622314453125,458.2083740234375,0.0008195907576009631,0.0002751256397459656,-1,-1
cam1,200,0,781.497314453125,457.8740234375,782.3162841796875,460.32501220703125,0.9997355341911316,0.9995965361595154,0,0
cam1,200,1,720.9771728515625,366.0640869140625,720.4990234375,369.010498046875,6.029667565599084e-05,0.000126565239042975,1,1
cam1,200,2,720.6670532226562,281.3496398925781,720.4039916992188,282.33441162109375,3.3850283216452226e-05,2.471865627740044e-05,2,2
cam1,200,3,720.0380249023438,466.67327880859375,718.8268432617188,461.1742248535156,0.00017031391325872391,0.0002523169678170234,-1,-1
cam1,201,0,787.1707153320312,456.0747985839844,789.3824462890625,457.1822204589844,0.9998893737792969,0.9997754693031311,0,0
cam1,201,1,721.5758056640625,371.5887145996094,724.9052124023438,373.3376770019531,1.0026502422988415e-05,2.8707900128210895e-05,1,1
cam1,201,2,724.0336303710938,282.24786376953125,722.2188720703125,283.6695556640625,5.49049764231313e-06,4.098570116184419e-06,2,2
cam1,201,3,744.5406494140625,460.5343017578125,771.4426879882812,456.8489074707031,9.515965939499438e-05,0.00019172771135345101,-1,-1
cam1,202,0,791.3547973632812,455.13720703125,792.2247924804688,457.7457275390625,0.9997541308403015,0.9995064735412598,0,0
cam1,202,1,714.9104614257812,368.1985168457031,969.8411254882812,550.3717041015625,5.106336175231263e-05,8.424830593867227e-05,1,1
cam1,202,2,756.3941650390625,268.8465270996094,853.634033203125,280.8740539550781,1.6059237168519758e-05,2.3503504053223878e-05,2,2
cam1,202,3,786.4102172851562,461.5500183105469,785.9960327148438,454.3223571777344,0.0001787363871699199,0.00038584141293540597,-1,-1
cam1,203,0,797.40771484375,459.3061828613281,797.7605590820312,461.5121765136719,0.9996132254600525,0.999415397644043,0,0
cam1,203,1,758.9559936523438,261.420654296875,1918.9979248046875,9.556050300598145,9.776180377230048e-05,0.00021933700190857053,1,1
cam1,203,2,705.2811889648438,362.3654479980469,0.0019189995946362615,13.775825500488281,5.4458065278595313e-05,5.152621088200249e-05,2,2
cam1,203,3,741.9014892578125,463.7363586425781,732.7704467773438,463.8737487792969,0.00023466402490157634,0.0003138054453302175,-1,-1
cam1,204,0,805.6079711914062,460.1488037109375,806.0055541992188,460.4862976074219,0.9992691874504089,0.9993534684181213,0,0
cam1,204,1,503.4129638671875,426.08306884765625,864.219970703125,302.6840515136719,0.0001369195815641433,0.00017750209372024983,1,1
cam1,204,2,777.6800537109375,191.82394409179688,789.6588745117188,365.635986328125,6.857502012280747e-05,3.4027561923721805e-05,2,2
cam1,204,3,774.6522216796875,447.01544189453125,769.5321655273438,444.4088134765625,0.0005252852570265532,0.0004349409427959472,-1,-1
cam1,205,0,809.5014038085938,462.211181640625,810.4901733398438,461.4134521484375,0.999756395816803,0.9985913634300232,0,0
cam1,205,1,1696.6212158203125,597.5213623046875,793.5653076171875,376.1651916503906,5.115867679705843e-05,0.00031318271066993475,1,1
cam1,205,2,725.3248901367188,375.8023376464844,871.6585693359375,327.4983215332031,5.037297887611203e-05,9.514531120657921e-05,2,2
cam1,205,3,760.81494140625,469.5659484863281,796.9683227539062,457.9431457519531,0.0001420149055775255,0.001000358839519322,-1,-1
cam1,206,0,816.5035400390625,464.20611572265625,813.4055786132812,463.24658203125,0.9994946718215942,0.9997057318687439,0,0
cam1,206,1,1693.0638427734375,595.697021484375,796.121826171875,367.63055419921875,8.736380550544709e-05,4.8398236685898155e-05,1,1
cam1,206,2,783.2711791992188,272.9001159667969,848.8402099609375,273.1808166503906,8.028063166420907e-05,1.8215021555079147e-05,2,2
cam1,206,3,779.4093017578125,452.9992980957031,777.5609741210938,468.7485656738281,0.0003376490203663707,0.00022757306578569114,-1,-1
cam1,207,0,821.8483276367188,464.5496520996094,820.1047973632812,463.44287109375,0.9993218183517456,0.9988405108451843,0,0
cam1,207,1,800.7503051757812,257.4858093261719,815.2874145507812,362.35064697265625,0.00014378146443050355,0.00032414504676125944,1,1
cam1,207,2,1913.035400390625,0.001078999717719853,842.8861694335938,280.8921203613281,0.00011329512926749885,0.00016005216457415372,2,2
cam1,207,3,829.1660766601562,464.18402099609375,812.7688598632812,461.2669982910156,0.00042111912625841796,0.0006753656780347228,-1,-1
cam1,208,0,827.9635620117188,466.3015441894531,826.665283203125,465.6982421875,0.999637246131897,0.9994888305664062,0,0
cam1,208,1,810.1986083984375,254.64695739746094,834.87060546875,351.8783264160156,6.649676652159542e-05,0.00018405006267130375,1,1
cam1,208,2,526.803955078125,472.2039794921875,529.7933349609375,470.57421875,2.734912959567737e-05,3.576353265088983e-05,2,2
cam1,208,3,799.7960815429688,447.54193115234375,790.649169921875,443.8529357910156,0.00026886569685302675,0.0002913362695835531,-1,-1
cam1,209,0,834.2367553710938,468.5721130371094,834.188232421875,467.90985107421875,0.9986825585365295,0.9987824559211731,0,0
cam1,209,1,800.1340942382812,245.64007568359375,847.3282470703125,338.49371337890625,0.00035480986116454005,0.00044366222573444247,1,1
cam1,209,2,1741.21923828125,545.7195434570312,483.54541015625,528.47021484375,8.07375181466341e-05,5.4690404795110226e-05,2,2
cam1,209,3,798.2903442382812,452.500732421875,773.643310546875,457.3576965332031,0.0008819529903121293,0.0007193139754235744,-1,-1
cam1,210,0,839.0896606445312,468.21832275390625,839.2948608398438,467.2287292480469,0.9996730089187622,0.9996911287307739,0,0
cam1,210,1,786.71142578125,247.3490753173828,845.1742553710938,336.7464904785156,0.00010644030408002436,9.186812530970201e-05,1,1
cam1,210,2,833.1239013671875,339.148681640625,768.1096801757812,286.49981689453125,4.1917057387763634e-05,2.805940130201634e-05,2,2
cam1,210,3,801.1751098632812,457.0984191894531,805.3126220703125,450.8548583984375,0.00017860431398730725,0.00018905602337326854,-1,-1
cam1,211,0,844.4570922851562,469.5228271484375,845.553955078125,469.78607177734375,0.9995587468147278,0.9995397329330444,0,0
cam1,211,1,842.843505859375,345.499755859375,849.3303833007812,344.1904296875,6.44125830149278e-05,8.51576987770386e-05,1,1
cam1,211,2,477.4560546875,419.34674072265625,773.5301513671875,287.9793701171875,1.4288872080214787e-05,1.2104047527827788e-05,2,2
cam1,211,3,803.9657592773438,443.229736328125,812.7200317382812,442.256591796875,0.00036241739871911705,0.0003629774146247655,-1,-1
cam1,212,0,851.4515380859375,473.1410827636719,851.9963989257812,473.18231201171875,0.9981208443641663,0.9977566599845886,0,0
cam1,212,1,487.28411865234375,424.30267333984375,779.0158081054688,286.1578369140625,0.0006457391427829862,0.0008423803374171257,1,1
cam1,212,2,834.9954223632812,337.9677429199219,844.6502075195312,333.7234802246094,0.00026433434686623514,0.00017816235776990652,2,2
cam1,212,3,800.1260375976562,458.12005615234375,783.6212158203125,446.709228515625,0.0009690558654256165,0.0012228453997522593,-1,-1
cam1,213,0,858.5675659179688,477.3736572265625,859.2105102539062,477.39349365234375,0.9996086955070496,0.999291181564331,0,0
cam1,213,1,842.1278686523438,344.2183837890625,772.537841796875,277.3387756347656,8.975870878202841e-05,0.00012800864351447672,1,1
cam1,213,2,479.20831298828125,413.9867248535156,848.725341796875,335.8992919921875,1.5351877664215863e-05,1.5147734302445315e-05,2,2
cam1,213,3,837.819091796875,455.7259826660156,820.16064453125,461.5389404296875,0.00028621641104109585,0.0005656164139509201,-1,-1
cam1,214,0,866.2897338867188,478.7161865234375,864.9247436523438,477.3495788574219,0.9982225298881531,0.9986248016357422,0,0
cam1,214,1,843.8878784179688,346.8089599609375,775.3447875976562,272.2183532714844,0.0004945894470438361,0.0006057903519831598,1,1
cam1,214,2,769.7999877929688,268.9660339355469,840.1284790039062,340.1156311035156,9.302468242822215e-05,4.476103640627116e-05,2,2
cam1,214,3,811.702880859375,441.080810546875,808.7420654296875,471.2025146484375,0.0011898770462721586,0.0007245943997986615,-1,-1
cam1,215,0,870.4481201171875,481.075927734375,870.3102416992188,478.99560546875,0.9989064931869507,0.999518632888794,0,0
cam1,215,1,851.5454711914062,348.8800354003906,870.8829345703125,326.8221435546875,0.0003944183699786663,0.00026330791297368705,1,1
cam1,215,2,754.5715942382812,192.23941040039062,773.317626953125,274.1123352050781,0.00010635492799337953,1.9867859009536915e-05,2,2
cam1,215,3,830.2637329101562,474.6268005371094,791.58984375,472.6019287109375,0.0005927348393015563,0.00019817436987068504,-1,-1
cam1,216,0,879.8180541992188,483.56732177734375,879.7047729492188,485.662109375,0.99810791015625,0.9989375472068787,0,0
cam1,216,1,759.913818359375,195.90753173828125,878.3432006835938,333.5110778808594,0.00032857072073966265,0.0002704084909055382,1,1
cam1,216,2,844.6757202148438,344.2091979980469,444.3004150390625,426.37396240234375,3.0421471819863655e-05,2.0491577743086964e-05,2,2
cam1,216,3,812.3977661132812,448.5674743652344,815.391357421875,446.74688720703125,0.0015330716269090772,0.0007715403335168958,-1,-1
cam1,217,0,884.5982666015625,490.8733825683594,885.9111328125,492.1717224121094,0.986777663230896,0.9899874329566956,0,0
cam1,217,1,770.5477294921875,193.86703491210938,889.7232666015625,330.410888671875,0.0031310582999140024,0.0038453962188214064,1,1
cam1,217,2,840.7216796875,344.5915222167969,431.5131530761719,426.7273864746094,0.00030056279501877725,0.00014999671839177608,2,2
cam1,217,3,763.957763671875,461.9284973144531,766.584716796875,460.46710205078125,0.0097906943410635,0.006017168052494526,-1,-1
cam1,218,0,892.1008911132812,492.0550842285156,893.21337890625,491.1669921875,0.99143385887146,0.9615201950073242,0,0
cam1,218,1,505.96014404296875,425.1567077636719,500.615966796875,421.9339294433594,0.0019493317231535912,0.010044091381132603,1,1
cam1,218,2,767.0803833007812,515.8258666992188,766.1401977539062,515.463134765625,5.6601118558319286e-05,0.00030124009936116636,2,2
cam1,218,3,840.8167114257812,495.5738830566406,821.155517578125,496.02252197265625,0.006560290232300758,0.02813442051410675,-1,-1
cam1,219,0,897.2081298828125,494.30706787109375,899.9967041015625,493.2484436035156,0.683809220790863,0.9961563944816589,0,0
cam1,219,1,507.086669921875,421.6309509277344,492.54034423828125,425.250244140625,0.13229061663150787,0.002333700656890869,1,1
cam1,219,2,551.3338012695312,651.6736450195312,640.760009765625,467.56072998046875,0.0012790329055860639,2.1306253984221257e-05,2,2
cam1,219,3,789.9652709960938,503.3644714355469,806.8217163085938,480.2455139160156,0.1826210916042328,0.001488710637204349,-1,-1
cam1,220,0,900.9443969726562,496.6836242675781,904.0037841796875,498.2253112792969,0.9238091111183167,0.9466526508331299,0,0
cam1,220,1,509.1705322265625,429.152099609375,495.6930847167969,433.0704040527344,0.024855507537722588,0.012566491030156612,1,1
cam1,220,2,736.82275390625,501.4573974609375,1287.140869140625,50.56073760986328,0.003967863041907549,0.001863703248091042,2,2
cam1,220,3,825.7265014648438,466.9716796875,843.0250244140625,497.2787170410156,0.047367509454488754,0.03891709819436073,-1,-1
cam1,221,0,901.305908203125,501.5794982910156,904.5347290039062,500.7511901855469,0.9524049758911133,0.9813435673713684,0,0
cam1,221,1,760.0607299804688,505.718994140625,758.6836547851562,503.6545104980469,0.003210232360288501,0.0009700118098407984,1,1
cam1,221,2,502.6239318847656,432.36981201171875,494.3938293457031,433.37420654296875,0.0002094840310746804,7.020492193987593e-05,2,2
cam1,221,3,863.9546508789062,512.4146118164062,836.9535522460938,537.375,0.04417525231838226,0.017616169527173042,-1,-1
cam1,222,0,911.1098022460938,497.9755859375,905.6832885742188,499.22991943359375,0.2123422771692276,0.0019616265781223774,0,0
cam1,222,1,550.6580810546875,485.7132568359375,552.8064575195312,301.9954528808594,0.12233006954193115,0.24803897738456726,1,1
cam1,222,2,499.83135986328125,435.9040832519531,862.1417846679688,282.0596618652344,0.1126963347196579,0.09649161249399185,2,2
cam1,222,3,781.313232421875,510.2040710449219,847.8568115234375,530.5750122070312,0.5526313781738281,0.6535077691078186,-1,-1
cam1,223,0,901.4906616210938,503.7521667480469,900.786376953125,497.1133117675781,0.15882636606693268,0.5541565418243408,0,0
cam1,223,1,580.049072265625,421.6099548339844,558.8671264648438,301.096435546875,0.19025041162967682,0.08799093216657639,1,1
cam1,223,2,541.7332153320312,501.6925354003906,542.185791015625,510.2919616699219,0.06400739401578903,0.035271305590867996,2,2
cam1,223,3,780.6149291992188,503.2572937011719,776.770263671875,525.0748901367188,0.5869157910346985,0.3225812613964081,-1,-1
cam1,224,0,893.357177734375,497.7379455566406,555.8704223632812,309.0096740722656,0.35216224193573,0.012827080674469471,0,0
cam1,224,1,556.6513671875,501.50262451171875,901.785400390625,501.11181640625,0.18266619741916656,0.296379417181015,1,1
cam1,224,2,494.3265686035156,423.7102966308594,854.565185546875,281.9919738769531,0.06562118977308273,0.07420366257429123,2,2
cam1,224,3,790.9227294921875,478.5963439941406,801.2352294921875,530.9678344726562,0.39955028891563416,0.6165897846221924,-1,-1
cam1,225,0,882.3715209960938,493.8480224609375,884.1389770507812,502.42474365234375,0.4441440999507904,0.0014208866050466895,0,0
cam1,225,1,610.2540283203125,395.6513671875,557.5955200195312,308.07330322265625,0.1845010668039322,0.49080657958984375,1,1
cam1,225,2,544.5849609375,491.0831604003906,927.87451171875,633.60595703125,0.03325919434428215,0.0811893492937088,2,2
cam1,225,3,775.826416015625,486.4833984375,828.321533203125,545.0455932617188,0.33809560537338257,0.4265831410884857,-1,-1
cam1,226,0,882.7098388671875,496.5654296875,876.4947509765625,496.9471740722656,0.4736109673976898,0.8152907490730286,0,0
cam1,226,1,603.6913452148438,389.4407043457031,564.1400756835938,503.9358215332031,0.20498163998126984,0.061277564615011215,1,1
cam1,226,2,848.5245971679688,591.7068481445312,849.1463623046875,596.0938110351562,0.03131534531712532,0.004646431654691696,2,2
cam1,226,3,758.21484375,481.9971618652344,786.5170288085938,513.6181640625,0.29009196162223816,0.11878518015146255,-1,-1
cam1,227,0,883.977294921875,500.2867126464844,874.8660888671875,496.3694152832031,0.23400738835334778,0.8143042325973511,0,0
cam1,227,1,604.7814331054688,386.6700134277344,857.1484375,598.7174682617188,0.2935577630996704,0.09608418494462967,1,1
cam1,227,2,844.193359375,598.0203857421875,548.2234497070312,506.087158203125,0.1107139065861702,0.003689134493470192,2,2
cam1,227,3,759.6976318359375,450.0191345214844,784.051513671875,514.7216796875,0.3617209494113922,0.08592238277196884,-1,-1
cam1,228,0,882.453369140625,503.1139831542969,868.9688720703125,496.0664367675781,0.2862439751625061,0.885951042175293,0,0
cam1,228,1,860.046875,594.4808959960938,556.9524536132812,510.2703857421875,0.22953112423419952,0.07550038397312164,1,1
cam1,228,2,541.6048583984375,422.0577697753906,847.7723388671875,600.1668701171875,0.028377467766404152,0.001118181273341179,2,2
cam1,228,3,743.4180297851562,480.19140625,759.59130859375,480.01617431640625,0.4558474123477936,0.03743044286966324,-1,-1
cam1,229,0,856.477294921875,596.8610229492188,866.5145874023438,497.83148193359375,0.05678907036781311,0.607252836227417,0,0
cam1,229,1,554.015869140625,417.3335876464844,856.6273193359375,604.50146484375,0.283987820148468,0.08780480176210403,1,1
cam1,229,2,881.8628540039062,520.8070678710938,548.6807250976562,513.8775024414062,0.11075671762228012,0.008841675706207752,2,2
cam1,229,3,730.2997436523438,479.21185302734375,776.1203002929688,507.897705078125,0.5484663248062134,0.29610076546669006,-1,-1
cam1,230,0,648.8654174804688,463.4389343261719,651.6826171875,475.5522766113281,0.013630771078169346,0.1408514678478241,0,0
cam1,230,1,529.34130859375,406.2498474121094,559.2097778320312,514.0811767578125,0.2580653131008148,0.29347842931747437,1,1
cam1,230,2,638.9658813476562,267.5815734863281,934.3217163085938,494.09686279296875,0.10287307947874069,0.07263723760843277,2,2
cam1,230,3,729.16796875,515.41357421875,739.1854248046875,543.2112426757812,0.6254307627677917,0.4930328130722046,-1,-1
cam1,231,0,646.5926513671875,448.9208068847656,560.626708984375,518.6111450195312,0.012333703227341175,0.08262685686349869,0,0
cam1,231,1,531.6121826171875,404.3273620605469,653.0901489257812,472.570068359375,0.31447890400886536,0.37635231018066406,1,1
cam1,231,2,853.4406127929688,609.1962890625,943.2389526367188,497.8257141113281,0.10780893266201019,0.12154930084943771,2,2
cam1,231,3,744.7711181640625,548.4158935546875,745.5291137695312,544.0703735351562,0.5653784871101379,0.4194715619087219,-1,-1
cam1,232,0,528.5338745117188,411.0052490234375,564.8837280273438,521.5260620117188,0.003478215541690588,0.1745561957359314,0,0
cam1,232,1,646.3360595703125,454.5699157714844,533.16455078125,409.8716125488281,0.3773275911808014,0.17072246968746185,1,1
cam1,232,2,859.16845703125,611.0086669921875,647.9287719726562,470.22918701171875,0.07780767232179642,0.07947824150323868,2,2
cam1,232,3,756.6539916992188,564.0260009765625,755.5798950195312,576.9608764648438,0.5413865447044373,0.5752431154251099,-1,-1
cam1,233,0,532.0777587890625,414.84442138671875,527.362060546875,418.9621887207031,0.06950466334819794,0.03423589840531349,0,0
cam1,233,1,644.744384765625,470.23809814453125,651.40380859375,470.9187316894531,0.37531235814094543,0.35516440868377686,1,1
cam1,233,2,845.4618530273438,614.31787109375,560.6776123046875,494.03155517578125,0.07637429982423782,0.06282859295606613,2,2
cam1,233,3,601.2134399414062,521.8148193359375,604.6115112304688,546.2774658203125,0.4788086712360382,0.5477710962295532,-1,-1
cam1,234,0,644.7160034179688,470.1377258300781,645.2265625,473.8918762207031,0.9566903114318848,0.9360952377319336,0,0
cam1,234,1,1187.808837890625,529.2012939453125,946.9143676757812,651.6889038085938,0.01407238282263279,0.027298176661133766,1,1
cam1,234,2,929.1070556640625,649.7777099609375,1458.2467041015625,389.145263671875,0.0012545310892164707,0.0013601281680166721,2,2
cam1,234,3,625.5821533203125,513.4765625,589.4490356445312,551.3507690429688,0.0279828067868948,0.035246577113866806,-1,-1
cam1,235,0,645.593994140625,471.1787414550781,647.8064575195312,471.87237548828125,0.9843282699584961,0.7126742601394653,0,0
cam1,235,1,1186.45703125,529.6124267578125,946.0460815429688,650.6781005859375,0.00485266512259841,0.07397516071796417,1,1
cam1,235,2,926.3147583007812,648.673828125,1447.056640625,381.9903869628906,0.0007646340527571738,0.016224481165409088,2,2
cam1,235,3,626.93505859375,515.517822265625,595.9357299804688,552.1014404296875,0.01005453523248434,0.19712616503238678,-1,-1
cam1,236,0,645.5514526367188,473.28753662109375,653.16943359375,476.846923828125,0.8893900513648987,0.7901999950408936,0,0
cam1,236,1,1192.7928466796875,520.5874633789062,929.9041748046875,647.384765625,0.047038137912750244,0.09391661733388901,1,1
cam1,236,2,1348.894287109375,407.5971374511719,840.5645141601562,620.7071533203125,0.004273762460798025,0.00773612828925252,2,2
cam1,236,3,601.3367919921875,498.8960266113281,580.0130615234375,541.9667358398438,0.05929805338382721,0.10814734548330307,-1,-1
cam1,237,0,649.0091552734375,474.0899353027344,651.1638793945312,472.8741149902344,0.9624841809272766,0.8303229808807373,0,0
cam1,237,1,1455.5687255859375,369.5875549316406,935.2421264648438,647.5507202148438,0.012177206575870514,0.0595632828772068,1,1
cam1,237,2,1344.667236328125,408.4158935546875,1440.695068359375,374.4034423828125,0.0012920888839289546,0.004445401020348072,2,2
cam1,237,3,571.8265991210938,511.3980712890625,547.4339599609375,550.0702514648438,0.024046573787927628,0.10566835105419159,-1,-1
cam1,238,0,653.26171875,476.21337890625,653.89892578125,474.1866149902344,0.9384551048278809,0.9876399636268616,0,0
cam1,238,1,932.8795166015625,647.0630493164062,931.8250732421875,650.6220092773438,0.004293909762054682,0.001487874542362988,1,1
cam1,238,2,873.0984497070312,540.0661010742188,712.7254028320312,365.3283996582031,0.000593857083003968,0.0001414326688973233,2,2
cam1,238,3,600.5603637695312,519.2455444335938,594.4037475585938,491.9403076171875,0.05665719881653786,0.010730810463428497,-1,-1
cam1,239,0,655.0161743164062,476.2676696777344,656.437744140625,475.1059265136719,0.9897735714912415,0.9676885008811951,0,0
cam1,239,1,934.1644897460938,655.2265014648438,930.6019897460938,650.1774291992188,0.0007522396044805646,0.003410845063626766,1,1
cam1,239,2,872.390625,533.9904174804688,845.1565551757812,270.29644775390625,0.00026491552125662565,0.0002235437568742782,2,2
cam1,239,3,602.23291015625,486.07147216796875,600.4022827148438,509.9607849121094,0.009209318086504936,0.02867700718343258,-1,-1
cam1,240,0,656.800048828125,477.19329833984375,657.2821655273438,477.1573181152344,0.9805856347084045,0.9545790553092957,0,0
cam1,240,1,929.576171875,656.714111328125,928.3336181640625,657.6734619140625,0.0034373109228909016,0.010236606933176517,1,1
cam1,240,2,873.45166015625,538.9166870117188,315.7364807128906,551.40673828125,0.0002614979457575828,0.00045690996921621263,2,2
cam1,240,3,597.7442016601562,486.0684509277344,601.0709228515625,489.4307861328125,0.01571562886238098,0.034727390855550766,-1,-1
cam1,241,0,661.214599609375,478.2241516113281,658.2681884765625,476.2553405761719,0.9777044057846069,0.9866395592689514,0,0
cam1,241,1,924.226318359375,650.354736328125,1453.9910888671875,377.49261474609375,0.001770392875187099,0.0014587650075554848,1,1
cam1,241,2,808.0369873046875,500.3592224121094,807.08349609375,506.7249755859375,0.00010685066081350669,5.3082760132383555e-05,2,2
cam1,241,3,604.3212890625,484.77001953125,580.9979858398438,510.4766845703125,0.020418250933289528,0.011848608031868935,-1,-1
cam1,242,0,660.2772216796875,475.1026611328125,661.1539306640625,476.4108581542969,0.988477885723114,0.9587628245353699,0,0
cam1,242,1,844.8331909179688,354.999755859375,920.5465087890625,656.232421875,0.0008145082974806428,0.0022337432019412518,1,1
cam1,242,2,904.0930786132812,650.6791381835938,807.8015747070312,505.680908203125,4.377926597953774e-05,0.00041742660687305033,2,2
cam1,242,3,599.7166137695312,490.1034240722656,606.2461547851562,529.0714721679688,0.010663752444088459,0.0385860800743103,-1,-1
cam1,243,0,662.4451904296875,476.0980529785156,658.5144653320312,474.24224853515625,0.9936218857765198,0.9280458092689514,0,0
cam1,243,1,847.1402587890625,360.2108154296875,335.24566650390625,561.7892456054688,0.00042960827704519033,0.010551386512815952,1,1
cam1,243,2,527.7644653320312,431.77325439453125,828.3715209960938,359.0071716308594,0.0001241962017957121,0.0007261090213432908,2,2
cam1,243,3,643.5711059570312,496.5670166015625,598.255126953125,485.281005859375,0.005824310705065727,0.06067671999335289,-1,-1
cam1,244,0,658.86572265625,476.5036926269531,659.6878051757812,475.5282287597656,0.9774906635284424,0.9124424457550049,0,0
cam1,244,1,548.22265625,432.896240234375,755.8465576171875,392.26397705078125,0.0026972228661179543,0.012720785103738308,1,1
cam1,244,2,829.2783813476562,354.6070556640625,322.07940673828125,558.5802612304688,0.00024269591085612774,0.0008619495783932507,2,2
cam1,244,3,597.6592407226562,485.749755859375,591.6788940429688,492.0213928222656,0.01956935040652752,0.07397495210170746,-1,-1
cam1,245,0,661.26220703125,479.3233337402344,661.9202880859375,477.6928405761719,0.9846558570861816,0.9602625966072083,0,0
cam1,245,1,554.0197143554688,435.0006103515625,747.177490234375,378.8865661621094,0.0010157594224438071,0.005621454678475857,1,1
cam1,245,2,829.4632568359375,356.029052734375,527.0145874023438,433.1669616699219,0.00012772614718414843,0.00020212342496961355,2,2
cam1,245,3,595.799560546875,499.3791198730469,588.5394287109375,500.1990661621094,0.014200634323060513,0.03391380235552788,-1,-1
cam1,246,0,664.2374267578125,479.09454345703125,667.8679809570312,478.44000244140625,0.9838922023773193,0.9689835906028748,0,0
cam1,246,1,841.5941162109375,357.36944580078125,854.318359375,279.1919860839844,0.003480544313788414,0.009914771653711796,1,1
cam1,246,2,581.5695190429688,426.0474548339844,533.0331420898438,432.0606384277344,0.00028793231467716396,0.00024556735297665,2,2
cam1,246,3,637.7664794921875,495.27130126953125,587.3709716796875,501.40447998046875,0.012339259497821331,0.020856071263551712,-1,-1
cam1,247,0,664.967529296875,477.341552734375,667.7346801757812,476.47088623046875,0.9731119275093079,0.9664838314056396,0,0
cam1,247,1,845.9119873046875,352.176513671875,855.3279418945312,283.97125244140625,0.005981572903692722,0.015763383358716965,1,1
cam1,247,2,591.2982177734375,416.7243957519531,533.65380859375,428.9494323730469,0.00019984484242741019,0.0004286453768145293,2,2
cam1,247,3,626.8338623046875,503.72076416015625,596.5892944335938,514.8966064453125,0.020706580951809883,0.017324257642030716,-1,-1
cam1,248,0,665.640625,475.5731201171875,663.9998168945312,472.6239318847656,0.9641521573066711,0.9517523050308228,0,0
cam1,248,1,846.5126342773438,351.54437255859375,854.8587036132812,277.9070129394531,0.010190261527895927,0.011035519652068615,1,1
cam1,248,2,588.7527465820312,417.3035888671875,531.643310546875,429.15484619140625,0.0005671672406606376,0.0005008195294067264,2,2
cam1,248,3,629.927001953125,510.35894775390625,582.0436401367188,507.9207458496094,0.025090379640460014,0.03671137988567352,-1,-1
cam1,249,0,664.341064453125,475.28173828125,666.763916015625,477.5333251953125,0.9561115503311157,0.7640572786331177,0,0
cam1,249,1,855.1080932617188,360.69195556640625,858.1455688476562,275.8572082519531,0.010449263267219067,0.12700706720352173,1,1
cam1,249,2,850.9074096679688,270.27838134765625,518.9710693359375,426.9534606933594,0.0008220361196435988,0.007643640972673893,2,2
cam1,249,3,626.6190795898438,510.2443542480469,555.360595703125,520.5870361328125,0.03261720761656761,0.1012919694185257,-1,-1
cam1,250,0,664.4716796875,471.3623962402344,667.3115844726562,472.759521484375,0.9492564797401428,0.5157536864280701,0,0
cam1,250,1,849.3506469726562,347.9205627441406,864.501953125,277.015625,0.020229175686836243,0.1676868200302124,1,1
cam1,250,2,409.8585510253906,648.1093139648438,938.3270874023438,492.6071472167969,0.0020764367654919624,0.008705148473381996,2,2
cam1,250,3,630.5706787109375,513.1485595703125,491.48785400390625,537.1616821289062,0.02843785285949707,0.3078543245792389,-1,-1
cam1,251,0,663.723876953125,471.99755859375,664.0183715820312,473.12200927734375,0.9232119917869568,0.9508284330368042,0,0
cam1,251,1,844.697509765625,346.90972900390625,962.2205810546875,488.227294921875,0.0546206571161747,0.016407249495387077,1,1
cam1,251,2,412.50067138671875,646.08984375,845.6277465820312,275.94415283203125,0.0012371224584057927,0.001559518976137042,2,2
cam1,251,3,647.2517700195312,490.9845275878906,600.1591186523438,507.13311767578125,0.020930258557200432,0.031204691156744957,-1,-1
cam1,252,0,662.5521850585938,473.0328674316406,665.0919189453125,471.944580078125,0.9427175521850586,0.9658617973327637,0,0
cam1,252,1,840.354248046875,353.1573486328125,970.8768310546875,499.24725341796875,0.010970457457005978,0.008655856363475323,1,1
cam1,252,2,412.6195983886719,646.046142578125,844.857666015625,269.80487060546875,0.0011201694142073393,0.0012702752137556672,2,2
cam1,252,3,626.2506713867188,512.583251953125,563.9385375976562,560.50146484375,0.04519171267747879,0.024212192744016647,-1,-1
cam1,253,0,663.58935546875,474.35589599609375,660.4053344726562,474.6661376953125,0.9789156317710876,0.9445914626121521,0,0
cam1,253,1,852.5653076171875,350.60711669921875,855.2506713867188,263.7889099121094,0.0008331842836923897,0.016892723739147186,1,1
cam1,253,2,408.34014892578125,644.4829711914062,959.1368408203125,497.607421875,0.00010203642159467563,0.0010758645366877317,2,2
cam1,253,3,625.6061401367188,498.41961669921875,539.6839599609375,524.5353393554688,0.02014915831387043,0.03743990510702133,-1,-1
cam1,254,0,669.3720092773438,471.0004577636719,481.70562744140625,527.0992431640625,0.9366599917411804,0.6431519985198975,0,0
cam1,254,1,504.71173095703125,529.3819580078125,665.3082885742188,477.82745361328125,0.010567419230937958,0.07763911038637161,1,1
cam1,254,2,656.4057006835938,395.5459289550781,414.17523193359375,591.8839721679688,0.000863170949742198,0.027848687022924423,2,2
cam1,254,3,613.617431640625,498.8822326660156,531.1610107421875,525.1107788085938,0.051909539848566055,0.2513602077960968,-1,-1
cam1,255,0,672.8524169921875,469.9603271484375,486.8394775390625,528.272216796875,0.93666011095047,0.8776209354400635,0,0
cam1,255,1,506.025146484375,533.878173828125,670.163330078125,475.5359802246094,0.02173733152449131,0.024997802451252937,1,1
cam1,255,2,655.043701171875,391.40277099609375,413.9522705078125,590.3057250976562,0.0008003502734936774,0.0062215873040258884,2,2
cam1,255,3,617.5232543945312,500.1024475097656,527.141845703125,541.7555541992188,0.040802132338285446,0.09115966409444809,-1,-1
cam1,256,0,675.443359375,471.5398864746094,495.6141052246094,528.4193725585938,0.7747431993484497,0.5788018703460693,0,0
cam1,256,1,502.17559814453125,531.3099365234375,670.2334594726562,474.01708984375,0.13253353536128998,0.15778467059135437,1,1
cam1,256,2,655.7826538085938,391.19342041015625,556.6135864257812,366.6562194824219,0.002988208783790469,0.018081262707710266,2,2
cam1,256,3,609.2583618164062,499.6141662597656,554.3339233398438,493.8094787597656,0.08973502367734909,0.24533219635486603,-1,-1
cam1,257,0,677.231689453125,470.98822021484375,492.77301025390625,529.9452514648438,0.8369165658950806,0.6718295812606812,0,0
cam1,257,1,493.2317199707031,528.0308227539062,571.8150024414062,380.1093444824219,0.1067868024110794,0.16813504695892334,1,1
cam1,257,2,387.1523742675781,611.057861328125,796.322998046875,388.39447021484375,0.0017944570863619447,0.00938565656542778,2,2
cam1,257,3,623.833251953125,498.4700927734375,557.8603515625,482.2978210449219,0.0545022189617157,0.15064974129199982,-1,-1
cam1,258,0,671.3527221679688,468.6030578613281,570.8834228515625,376.02325439453125,0.9587787985801697,0.0852828174829483,0,0
cam1,258,1,560.478515625,523.8236083984375,674.9021606445312,473.9618225097656,0.016230987384915352,0.2391972839832306,1,1
cam1,258,2,763.0709838867188,510.6661376953125,812.0807495117188,379.814208984375,0.0003685108677018434,0.04892575740814209,2,2
cam1,258,3,637.4864501953125,487.5755615234375,545.2413940429688,531.2066040039062,0.024621784687042236,0.626594066619873,-1,-1
cam1,259,0,669.727294921875,463.5422668457031,579.8302001953125,376.575927734375,0.852694034576416,0.08486007153987885,0,0
cam1,259,1,554.9358520507812,521.389404296875,676.5396728515625,475.06793212890625,0.06252555549144745,0.29998570680618286,1,1
cam1,259,2,758.9002075195312,506.7876281738281,815.3513793945312,374.82940673828125,0.002047252142801881,0.03687146678566933,2,2
cam1,259,3,620.5228271484375,484.9361572265625,551.9290771484375,525.7899169921875,0.08273319900035858,0.5782827734947205,-1,-1
cam1,260,0,666.8942260742188,467.7513122558594,585.2717895507812,378.85540771484375,0.8841485977172852,0.16090227663516998,0,0
cam1,260,1,763.2871704101562,503.828369140625,670.063232421875,471.7253723144531,0.03249410539865494,0.1590471863746643,1,1
cam1,260,2,540.04638671875,529.804443359375,750.6875610351562,512.6077270507812,0.003568893065676093,0.037495099008083344,2,2
cam1,260,3,644.1715087890625,493.9952087402344,546.3145751953125,540.099365234375,0.07978842407464981,0.6425554156303406,-1,-1
cam1,261,0,666.01025390625,470.1269836425781,590.9932250976562,383.1275634765625,0.6661099791526794,0.35883545875549316,0,0
cam1,261,1,546.4215087890625,524.3922119140625,862.4381103515625,267.8314514160156,0.051083892583847046,0.10401196777820587,1,1
cam1,261,2,751.4064331054688,507.23919677734375,653.4946899414062,475.8389892578125,0.01574215479195118,0.0242716446518898,2,2
cam1,261,3,608.346923828125,507.8189697265625,525.9615478515625,553.651611328125,0.26706403493881226,0.5128808617591858,-1,-1
cam1,262,0,598.9339599609375,394.0964660644531,840.5773315429688,369.5718994140625,0.17798185348510742,0.007896586321294308,0,0
cam1,262,1,661.63916015625,478.8040466308594,661.9976196289062,473.87725830078125,0.19032184779644012,0.4907670319080353,1,1
cam1,262,2,831.7642211914062,355.3036193847656,842.997314453125,274.8998718261719,0.06217169761657715,0.027052713558077812,2,2
cam1,262,3,610.782958984375,512.734375,500.57489013671875,515.6622924804688,0.5695246458053589,0.4742836356163025,-1,-1
cam1,263,0,661.5606079101562,478.1457824707031,859.2083740234375,270.30242919921875,0.8047372102737427,0.017523856833577156,0,0
cam1,263,1,841.8228759765625,350.3019104003906,848.1053466796875,373.0176696777344,0.024995846673846245,0.5565152168273926,1,1
cam1,263,2,585.685546875,386.7018737792969,641.310546875,472.1420593261719,0.006386213004589081,0.03875185176730156,2,2
cam1,263,3,621.60205078125,501.9973449707031,537.7654418945312,497.76922607421875,0.16388072073459625,0.38720905780792236,-1,-1
cam1,264,0,669.0626220703125,472.8982238769531,845.5173950195312,368.0572814941406,0.9139262437820435,0.014575446955859661,0,0
cam1,264,1,598.1450805664062,392.5649719238281,865.2367553710938,262.83154296875,0.019172634929418564,0.6434565782546997,1,1
cam1,264,2,826.9849243164062,352.0199279785156,646.1917114257812,467.61456298828125,0.0031185259576886892,0.02578442543745041,2,2
cam1,264,3,625.990966796875,497.3559265136719,518.49267578125,508.4675598144531,0.06378254294395447,0.31618353724479675,-1,-1
cam1,265,0,665.7017211914062,467.2659606933594,470.1726379394531,526.6390380859375,0.7464419603347778,0.8387863039970398,0,0
cam1,265,1,848.49658203125,356.3548889160156,855.5464477539062,355.95648193359375,0.05217285081744194,0.013731144368648529,1,1
cam1,265,2,610.67578125,371.5420837402344,653.5686645507812,462.50775146484375,0.01502712070941925,0.005548452492803335,2,2
cam1,265,3,611.4993896484375,494.79571533203125,515.4521484375,540.5008544921875,0.1863580346107483,0.1419340968132019,-1,-1
cam1,266,0,841.64599609375,354.4248962402344,482.1692199707031,526.4888305664062,0.09054532647132874,0.9350102543830872,0,0
cam1,266,1,671.1768798828125,464.9675598144531,842.3943481445312,357.47332763671875,0.3343375623226166,0.007347550708800554,1,1
cam1,266,2,471.4401550292969,526.0208129882812,652.68359375,457.0360107421875,0.05558732897043228,0.006379743572324514,2,2
cam1,266,3,617.3682861328125,485.4116516113281,561.323486328125,518.8186645507812,0.5195298194885254,0.05126248300075531,-1,-1
cam1,267,0,841.9444580078125,356.1755676269531,481.7723693847656,527.8836059570312,0.2722059190273285,0.927558183670044,0,0
cam1,267,1,492.818115234375,530.2413330078125,843.57177734375,362.22271728515625,0.2707290053367615,0.010935629718005657,1,1
cam1,267,2,651.330322265625,463.843994140625,646.9584350585938,452.75616455078125,0.03885414078831673,0.004410439170897007,2,2
cam1,267,3,607.8545532226562,499.87542724609375,548.6439819335938,540.7742919921875,0.4182109832763672,0.05709576606750488,-1,-1
cam1,268,0,847.9415893554688,356.19647216796875,848.5122680664062,359.508056640625,0.040352389216423035,0.014955423772335052,0,0
cam1,268,1,493.9127502441406,527.6504516601562,491.5112609863281,532.646484375,0.41651976108551025,0.680361270904541,1,1
cam1,268,2,581.7418823242188,506.926025390625,721.8638916015625,377.1536865234375,0.08407478034496307,0.023897135630249977,2,2
cam1,268,3,614.1903686523438,454.42266845703125,529.5545043945312,481.54107666015625,0.459053099155426,0.2807862162590027,-1,-1
cam1,269,0,850.1679077148438,356.5108947753906,850.7279052734375,355.2906188964844,0.03953856602311134,0.00842074491083622,0,0
cam1,269,1,489.84210205078125,532.7034912109375,494.94366455078125,541.7490234375,0.46359023451805115,0.5612165331840515,1,1
cam1,269,2,579.74853515625,503.44500732421875,723.2046508789062,376.69525146484375,0.05150134488940239,0.033518530428409576,2,2
cam1,269,3,618.9530639648438,448.63189697265625,534.3568725585938,462.17022705078125,0.4453698396682739,0.3968442380428314,-1,-1
cam2,0,0,972.7071533203125,383.01312255859375,985.9917602539062,395.4703063964844,0.24087752401828766,0.9096236228942871,0,0
cam2,0,1,939.4664306640625,300.9488830566406,1292.1805419921875,582.7094116210938,0.04069032520055771,0.017318038269877434,1,1
cam2,0,2,834.5100708007812,300.60736083984375,1330.8448486328125,311.11273193359375,0.021093284711241722,0.0018036614637821913,2,2
cam2,0,3,907.8882446289062,299.4453430175781,962.4586791992188,376.1615295410156,0.697338879108429,0.07125475257635117,-1,-1
cam2,1,0,944.3285522460938,291.4029235839844,990.1972045898438,395.5622863769531,0.26291999220848083,0.6928733587265015,0,0
cam2,1,1,977.0592651367188,387.9317321777344,1328.6668701171875,308.9696044921875,0.03619243949651718,0.05829831585288048,1,1
cam2,1,2,835.9882202148438,304.1535339355469,1294.447998046875,575.9459838867188,0.035779017955064774,0.004971613641828299,2,2
cam2,1,3,929.9244995117188,284.34124755859375,973.960205078125,385.4253234863281,0.6651085019111633,0.2438567727804184,-1,-1
cam2,2,0,945.5260009765625,292.3427734375,996.7698974609375,395.45538330078125,0.33783528208732605,0.5162194967269897,0,0
cam2,2,1,991.44189453125,395.2557678222656,1326.2843017578125,307.2478942871094,0.04424186795949936,0.21994729340076447,1,1
cam2,2,2,843.299560546875,302.2029724121094,885.0005493164062,447.075927734375,0.03926476463675499,0.01144336722791195,2,2
cam2,2,3,934.632080078125,286.05010986328125,985.5618896484375,379.892822265625,0.5786580443382263,0.2523898780345917,-1,-1
cam2,3,0,941.949951171875,282.5992126464844,1001.7188110351562,395.7476501464844,0.41942790150642395,0.26025909185409546,0,0
cam2,3,1,998.2020874023438,396.9205017089844,888.3707885742188,454.8460998535156,0.03512255474925041,0.3840683102607727,1,1
cam2,3,2,847.408203125,302.00628662109375,965.7335815429688,268.1363220214844,0.02821088209748268,0.016710709780454636,2,2
cam2,3,3,935.6368408203125,295.4624938964844,982.4719848632812,384.1098937988281,0.5172387361526489,0.3389619290828705,-1,-1
cam2,4,0,944.435546875,279.75921630859375,1004.2355346679688,397.3399353027344,0.20512202382087708,0.40486252307891846,0,0
cam2,4,1,999.5908813476562,396.2804260253906,892.2667236328125,458.9442443847656,0.04021415114402771,0.2849577069282532,1,1
cam2,4,2,924.8172607421875,450.5311584472656,965.4140014648438,270.6368713378906,0.04807762801647186,0.014398145489394665,2,2
cam2,4,3,939.3002319335938,289.22918701171875,987.3731079101562,380.49176025390625,0.7065861821174622,0.2957816421985626,-1,-1
cam2,5,0,945.4082641601562,278.9488525390625,1003.27587890625,398.2857666015625,0.10243161767721176,0.5255879163742065,0,0
cam2,5,1,928.20556640625,455.7532653808594,892.5113525390625,456.6424865722656,0.04387357831001282,0.20606566965579987,1,1
cam2,5,2,937.3650512695312,347.3703918457031,926.5382690429688,351.9365234375,0.04439926519989967,0.013245336711406708,2,2
cam2,5,3,948.1640014648438,303.1978759765625,1004.6761474609375,376.6659240722656,0.8092955350875854,0.2551010549068451,-1,-1
cam2,6,0,951.097900390625,351.39227294921875,1005.0602416992188,397.6707458496094,0.4328923523426056,0.6831644177436829,0,0
cam2,6,1,1011.9644165039062,308.4202575683594,901.9879150390625,460.9791259765625,0.02092858776450157,0.05929921567440033,1,1
cam2,6,2,604.45556640625,539.648193359375,614.7700805664062,542.9226684570312,0.015336591750383377,0.003220801707357168,2,2
cam2,6,3,917.7217407226562,292.6460876464844,988.389404296875,404.72943115234375,0.5308424830436707,0.254315584897995,-1,-1
cam2,7,0,1015.7061767578125,314.9871826171875,1007.5032348632812,400.08935546875,0.13436974585056305,0.7203330397605896,0,0
cam2,7,1,1007.3789672851562,394.2835388183594,899.6266479492188,458.4323425292969,0.04631383344531059,0.08254904299974442,1,1
cam2,7,2,938.6963500976562,347.84375,616.7807006835938,544.44140625,0.031803637742996216,0.0036003978457301855,2,2
cam2,7,3,924.47119140625,301.0921325683594,987.06591796875,390.0256652832031,0.7875127792358398,0.1935175508260727,-1,-1
cam2,8,0,1007.1543579101562,399.20465087890625,1012.1062622070312,398.7045593261719,0.06156798452138901,0.9575468301773071,0,0
cam2,8,1,1022.6611328125,303.3435974121094,902.2800903320312,446.301513671875,0.03627278655767441,0.015511289238929749,1,1
cam2,8,2,943.6005249023438,343.8478088378906,621.6412963867188,544.0413818359375,0.024294424802064896,0.000452838750788942,2,2
cam2,8,3,937.2134399414062,307.5121765136719,972.0813598632812,387.5472717285156,0.8778647780418396,0.02648901380598545,-1,-1
cam2,9,0,1006.0579833984375,400.97552490234375,1011.173583984375,399.2386169433594,0.029419541358947754,0.5235872864723206,0,0
cam2,9,1,953.76171875,352.0945129394531,906.0689697265625,454.6263122558594,0.05180459842085838,0.25039368867874146,1,1
cam2,9,2,1016.9614868164062,294.5118103027344,678.49462890625,176.9606475830078,0.029304664582014084,0.011463246308267117,2,2
cam2,9,3,944.04248046875,309.8285217285156,972.0703735351562,381.9020690917969,0.889471173286438,0.21455584466457367,-1,-1
cam2,10,0,1010.7110595703125,399.3243103027344,1007.3302612304688,397.8531188964844,0.020010024309158325,0.4838106334209442,0,0
cam2,10,1,877.0967407226562,318.05487060546875,669.9118041992188,376.6078796386719,0.06800303608179092,0.31240978837013245,1,1
cam2,10,2,946.192626953125,344.6710510253906,625.56103515625,528.1907958984375,0.04109344258904457,0.012698473408818245,2,2
cam2,10,3,943.7908935546875,315.98199462890625,971.2733764648438,383.7715759277344,0.8708934783935547,0.19108110666275024,-1,-1
cam2,11,0,1006.53955078125,400.10711669921875,1008.815185546875,398.7745361328125,0.018280990421772003,0.4605765640735626,0,0
cam2,11,1,947.8038330078125,354.29949951171875,674.8783569335938,372.762451171875,0.07976159453392029,0.3571644127368927,1,1
cam2,11,2,868.6848754882812,307.88128662109375,613.2769165039062,511.4664306640625,0.03560920059680939,0.010151446796953678,2,2
cam2,11,3,933.6845703125,315.9373779296875,967.7175903320312,387.35357666015625,0.8663482069969177,0.17210762202739716,-1,-1
cam2,12,0,1012.6598510742188,399.2199401855469,1010.3900756835938,399.897216796875,0.02406412735581398,0.4762120842933655,0,0
cam2,12,1,948.39013671875,355.1726989746094,611.113525390625,510.35906982421875,0.08159361779689789,0.3591616451740265,1,1
cam2,12,2,848.6887817382812,234.16812133789062,682.2826538085938,367.0298156738281,0.03994866833090782,0.011429285630583763,2,2
cam2,12,3,934.9989624023438,318.2196044921875,955.7665405273438,384.0510559082031,0.8543936014175415,0.15319699048995972,-1,-1
cam2,13,0,1013.8744506835938,399.9174499511719,1013.0707397460938,398.3755798339844,0.023860761895775795,0.8423386216163635,0,0
cam2,13,1,946.381591796875,356.0271301269531,692.4620971679688,373.507568359375,0.06644780933856964,0.050086259841918945,1,1
cam2,13,2,869.7616577148438,307.1510925292969,605.15380859375,499.96905517578125,0.04270455241203308,0.0032484864350408316,2,2
cam2,13,3,932.1264038085938,318.8587951660156,906.5827026367188,380.74853515625,0.866986870765686,0.10432657599449158,-1,-1
cam2,14,0,951.59521484375,274.7210693359375,947.1234741210938,287.1341857910156,0.01904715783894062,0.002453726017847657,0,0
cam2,14,1,880.8612670898438,316.78167724609375,1016.5709228515625,460.2359313964844,0.06993050873279572,0.27429717779159546,1,1
cam2,14,2,947.25341796875,347.15643310546875,1027.6397705078125,398.2270202636719,0.06736766546964645,0.10669761151075363,2,2
cam2,14,3,946.19189453125,329.31561279296875,938.177978515625,353.092041015625,0.8436546921730042,0.6165514588356018,-1,-1
cam2,15,0,884.0662231445312,313.5506896972656,943.8493041992188,283.0625,0.02060789242386818,0.017598137259483337,0,0
cam2,15,1,950.9749145507812,273.06915283203125,1028.2840576171875,399.32196044921875,0.06231575459241867,0.14627088606357574,1,1
cam2,15,2,952.5650024414062,350.30902099609375,947.4906616210938,354.5162048339844,0.06118670850992203,0.08729062974452972,2,2
cam2,15,3,941.0595703125,326.96783447265625,946.2996215820312,362.1153259277344,0.8558896780014038,0.74884033203125,-1,-1
cam2,16,0,884.3092041015625,312.4565124511719,1029.3414306640625,402.5156555175781,0.043237727135419846,0.0879860371351242,0,0
cam2,16,1,961.5181274414062,277.56805419921875,944.9599609375,277.22271728515625,0.07256925851106644,0.11422210931777954,1,1
cam2,16,2,953.834716796875,348.12109375,945.7460327148438,350.9809265136719,0.06787749379873276,0.07429821789264679,2,2
cam2,16,3,939.330078125,326.5682067871094,939.6292114257812,360.1111145019531,0.8163154721260071,0.7234936356544495,-1,-1
cam2,17,0,885.529052734375,309.1971740722656,1024.8197021484375,400.50213623046875,0.03273961693048477,0.0710952952504158,0,0
cam2,17,1,949.2705688476562,348.6357116699219,949.1734008789062,355.6728515625,0.06167446821928024,0.2801646590232849,1,1
cam2,17,2,967.4027099609375,274.38494873046875,939.6052856445312,273.0211486816406,0.05490715801715851,0.06197943910956383,2,2
cam2,17,3,941.5668334960938,327.9703674316406,946.7332153320312,356.3743896484375,0.8506787419319153,0.5867605805397034,-1,-1
cam2,18,0,949.1430053710938,356.52587890625,949.3873291015625,360.85968017578125,0.1251486986875534,0.14111103117465973,0,0
cam2,18,1,857.623291015625,304.95361328125,691.1873168945312,181.64694213867188,0.03590146824717522,0.059541549533605576,1,1
cam2,18,2,917.093505859375,277.5716857910156,852.0465087890625,308.40386962890625,0.0268582534044981,0.04822341352701187,2,2
cam2,18,3,941.5079345703125,324.2550048828125,938.4840698242188,358.1916809082031,0.812091588973999,0.7511240243911743,-1,-1
cam2,19,0,945.4126586914062,352.4659423828125,947.7002563476562,360.1200866699219,0.1963345855474472,0.28921401500701904,0,0
cam2,19,1,912.4535522460938,278.29034423828125,685.4144897460938,183.37551879882812,0.04700900614261627,0.04923020675778389,1,1
cam2,19,2,860.2960205078125,304.1336364746094,936.3878173828125,275.41015625,0.027841025963425636,0.03584509715437889,2,2
cam2,19,3,945.1842041015625,327.03765869140625,926.8128662109375,356.40228271484375,0.7288153767585754,0.6257107257843018,-1,-1
cam2,20,0,943.8031616210938,350.43646240234375,947.739990234375,357.1341247558594,0.1033715233206749,0.09356285631656647,0,0
cam2,20,1,923.4099731445312,281.1556396484375,940.528564453125,276.761962890625,0.061945606023073196,0.1041492149233818,1,1
cam2,20,2,860.5628051757812,305.04510498046875,1007.296875,393.5547180175781,0.03278602659702301,0.04184432700276375,2,2
cam2,20,3,953.3425903320312,332.8379211425781,936.555419921875,359.1770324707031,0.801896870136261,0.7604436278343201,-1,-1
cam2,21,0,941.3424072265625,347.0638427734375,947.0203247070312,355.15093994140625,0.2275029867887497,0.17551597952842712,0,0
cam2,21,1,924.6765747070312,283.2890930175781,939.7767944335938,278.1823425292969,0.10511206090450287,0.15322846174240112,1,1
cam2,21,2,864.1533203125,299.4549865722656,751.900390625,208.5364990234375,0.041159339249134064,0.035572655498981476,2,2
cam2,21,3,952.5401611328125,339.1249084472656,939.5335693359375,367.4441223144531,0.6262256503105164,0.6356828212738037,-1,-1
cam2,22,0,943.230712890625,343.4913635253906,947.2037353515625,355.89093017578125,0.8369413614273071,0.6574729681015015,0,0
cam2,22,1,763.77880859375,200.40025329589844,945.6715087890625,278.9947204589844,0.017105521634221077,0.05107317119836807,1,1
cam2,22,2,823.0723876953125,278.34906005859375,756.107177734375,204.5579376220703,0.002305366098880768,0.005136549007147551,2,2
cam2,22,3,947.1366577148438,345.2746276855469,941.708984375,373.3641662597656,0.1436477154493332,0.2863173186779022,-1,-1
cam2,23,0,943.5375366210938,342.4951171875,942.6058959960938,352.4413757324219,0.8323796391487122,0.6766324639320374,0,0
cam2,23,1,758.0177612304688,192.20925903320312,944.7041015625,281.82080078125,0.014755301177501678,0.05896030738949776,1,1
cam2,23,2,824.9301147460938,281.0865783691406,759.6895751953125,187.2450714111328,0.001736894715577364,0.006345471367239952,2,2
cam2,23,3,941.270751953125,344.7015075683594,946.6865234375,376.0838317871094,0.1511281579732895,0.2580617368221283,-1,-1
cam2,24,0,944.4475708007812,342.9486999511719,947.2515258789062,355.2749328613281,0.9303200244903564,0.9082813858985901,0,0
cam2,24,1,761.7340698242188,190.57949829101562,761.3314208984375,196.86932373046875,0.004916403442621231,0.009861581027507782,1,1
cam2,24,2,985.6234130859375,218.0398712158203,812.5897827148438,279.9759216308594,0.0005042055854573846,0.001293049193918705,2,2
cam2,24,3,929.3609619140625,339.0322265625,917.1746215820312,374.0346374511719,0.06425945460796356,0.080563984811306,-1,-1
cam2,25,0,944.6158447265625,343.8038635253906,944.707275390625,346.5314636230469,0.4230425953865051,0.8914435505867004,0,0
cam2,25,1,766.0706176757812,189.4508819580078,949.7130737304688,278.5181579589844,0.06978739798069,0.029800252988934517,1,1
cam2,25,2,985.614990234375,217.3465118408203,812.0403442382812,274.823974609375,0.011979552917182446,0.005620540119707584,2,2
cam2,25,3,963.8097534179688,384.91461181640625,947.7313842773438,361.90484619140625,0.49519047141075134,0.07313559204339981,-1,-1
cam2,26,0,955.8087158203125,349.3644104003906,949.3316040039062,348.62359619140625,0.9878060221672058,0.9963705539703369,0,0
cam2,26,1,1033.347900390625,406.6186218261719,802.997314453125,286.01312255859375,0.0027447743341326714,0.00039495067903771996,1,1
cam2,26,2,813.4583129882812,276.5536193847656,1315.3797607421875,110.4647445678711,0.0003422918380238116,2.2368989448295906e-05,2,2
cam2,26,3,977.6751708984375,354.75823974609375,955.3970336914062,354.7716369628906,0.009106875397264957,0.0032122170086950064,-1,-1
cam2,27,0,947.5177612304688,343.9657897949219,946.1315307617188,342.957763671875,0.9494796395301819,0.946794867515564,0,0
cam2,27,1,1033.1917724609375,400.0316467285156,1018.78759765625,397.9741516113281,0.004548251163214445,0.0060674287378787994,1,1
cam2,27,2,1362.065673828125,276.91156005859375,801.1919555664062,281.6900939941406,0.0008541910210624337,0.0003710260789375752,2,2
cam2,27,3,971.4725341796875,371.7144470214844,956.7183227539062,369.2001953125,0.04511779919266701,0.04676678031682968,-1,-1
cam2,28,0,945.9450073242188,347.1827697753906,949.7280883789062,345.05859375,0.9393154382705688,0.9740749597549438,0,0
cam2,28,1,1029.0703125,395.38623046875,1018.2802124023438,393.3580322265625,0.007320448290556669,0.0022686938755214214,1,1
cam2,28,2,1000.5272216796875,203.66583251953125,431.03875732421875,197.21405029296875,0.0014953380450606346,9.632591536501423e-05,2,2
cam2,28,3,950.9752807617188,373.356689453125,916.0800170898438,365.546875,0.05186879262328148,0.02355996146798134,-1,-1
cam2,29,0,946.2797241210938,338.30322265625,948.16552734375,345.3686828613281,0.8793730735778809,0.9878513216972351,0,0
cam2,29,1,1022.6815795898438,394.0797119140625,1021.773193359375,390.74847412109375,0.01744241639971733,0.0015665593091398478,1,1
cam2,29,2,1040.2252197265625,306.85919189453125,433.8243408203125,198.0048065185547,0.00398949533700943,0.00017180012946482748,2,2
cam2,29,3,969.8786010742188,379.3054504394531,949.1996459960938,365.8130187988281,0.09919494390487671,0.010410263203084469,-1,-1
cam2,30,0,1019.8748168945312,395.2734375,1019.491943359375,395.3379821777344,0.15449832379817963,0.12554556131362915,0,0
cam2,30,1,937.9777221679688,332.60345458984375,941.4791870117188,343.3171691894531,0.564808189868927,0.7406918406486511,1,1
cam2,30,2,1044.2969970703125,300.01702880859375,940.1951293945312,446.9794921875,0.02573774941265583,0.009408303536474705,2,2
cam2,30,3,980.6852416992188,379.1628723144531,970.7853393554688,361.6454772949219,0.2549557387828827,0.12435431033372879,-1,-1
cam2,31,0,1018.6446533203125,394.3686218261719,940.7045288085938,334.9153137207031,0.207266166806221,0.6008118987083435,0,0
cam2,31,1,934.8560180664062,330.8631591796875,1018.6472778320312,396.556884765625,0.3829607665538788,0.15030471980571747,1,1
cam2,31,2,851.1431274414062,253.56288146972656,942.3689575195312,245.62356567382812,0.03510366380214691,0.010229100473225117,2,2
cam2,31,3,984.3733520507812,372.7341613769531,966.9630126953125,349.3162841796875,0.3746693730354309,0.2386542558670044,-1,-1
cam2,32,0,1020.00244140625,393.9612121582031,945.6641845703125,336.3237609863281,0.22580890357494354,0.5361436605453491,0,0
cam2,32,1,938.1987915039062,335.1602783203125,1016.4898071289062,392.8139343261719,0.30936944484710693,0.2843783497810364,1,1
cam2,32,2,861.2205810546875,241.2541046142578,945.2874145507812,246.07168579101562,0.038246218115091324,0.01583237387239933,2,2
cam2,32,3,987.7998657226562,378.3114318847656,973.9027709960938,349.562255859375,0.4265754520893097,0.16364562511444092,-1,-1
cam2,33,0,1024.5816650390625,392.9637451171875,945.6736450195312,332.9543151855469,0.6442617177963257,0.680107831954956,0,0
cam2,33,1,941.7339477539062,334.217529296875,1021.6339721679688,402.35491943359375,0.0578245148062706,0.15650197863578796,1,1
cam2,33,2,867.912109375,228.9527130126953,741.5489501953125,407.11566162109375,0.008650822564959526,0.010512379929423332,2,2
cam2,33,3,988.2537231445312,381.7495422363281,939.5122680664062,344.6039123535156,0.28926292061805725,0.15287773311138153,-1,-1
cam2,34,0,1030.871826171875,394.89495849609375,1029.4129638671875,397.6140441894531,0.7371494770050049,0.6526619791984558,0,0
cam2,34,1,945.7764282226562,337.7234802246094,947.4375,337.3720703125,0.08950494229793549,0.16994842886924744,1,1
cam2,34,2,1042.7115478515625,258.93841552734375,1246.0701904296875,406.4055480957031,0.006498639937490225,0.00721812155097723,2,2
cam2,34,3,996.551513671875,377.12677001953125,992.6489868164062,354.9779052734375,0.16684691607952118,0.1701715737581253,-1,-1
cam2,35,0,1036.6339111328125,397.1745300292969,1038.945556640625,397.95538330078125,0.6978837847709656,0.897857666015625,0,0
cam2,35,1,941.3162231445312,341.0410461425781,942.4077758789062,331.8210144042969,0.07734286040067673,0.02941177785396576,1,1
cam2,35,2,1026.771484375,276.5534973144531,1247.281982421875,398.4671325683594,0.005773649085313082,0.0007923478842712939,2,2
cam2,35,3,999.8192749023438,393.927978515625,981.7001342773438,371.17034912109375,0.21899963915348053,0.07193814218044281,-1,-1
cam2,36,0,1043.4117431640625,397.46240234375,1042.60693359375,397.5308532714844,0.8449059128761292,0.7749859094619751,0,0
cam2,36,1,934.764892578125,340.7356262207031,944.75244140625,328.1764221191406,0.04895513877272606,0.13493375480175018,1,1
cam2,36,2,938.3558959960938,259.5354309082031,1258.8787841796875,452.67889404296875,0.001989040756598115,0.002364157233387232,2,2
cam2,36,3,997.1837158203125,387.23785400390625,988.979248046875,362.1580810546875,0.10414990037679672,0.08771618455648422,-1,-1
cam2,37,0,1045.423583984375,396.82171630859375,1043.6080322265625,395.1794128417969,0.7752760052680969,0.5171441435813904,0,0
cam2,37,1,937.4666748046875,336.6024169921875,938.0892333984375,335.5389099121094,0.11317436397075653,0.38069063425064087,1,1
cam2,37,2,1034.6619873046875,277.11761474609375,1264.4969482421875,450.76129150390625,0.0042521338909864426,0.0063527305610477924,2,2
cam2,37,3,999.2387084960938,381.42962646484375,982.8660278320312,359.64239501953125,0.10729753971099854,0.09581252932548523,-1,-1
cam2,38,0,1049.21923828125,393.44769287109375,1046.9254150390625,396.79248046875,0.6909939050674438,0.6284841299057007,0,0
cam2,38,1,928.7172241210938,333.4090881347656,931.5535888671875,331.9552307128906,0.12896910309791565,0.21142324805259705,1,1
cam2,38,2,1033.146240234375,279.17730712890625,1262.5789794921875,454.5433349609375,0.016374630853533745,0.013293764553964138,2,2
cam2,38,3,1002.0219116210938,360.4427795410156,977.3698120117188,368.5514831542969,0.1636623740196228,0.1467987298965454,-1,-1
cam2,39,0,1050.979248046875,399.32330322265625,1050.60595703125,395.84619140625,0.76040118932724,0.7267532348632812,0,0
cam2,39,1,933.42529296875,331.4630126953125,932.0004272460938,328.53515625,0.08871099352836609,0.20899879932403564,1,1
cam2,39,2,1033.957763671875,278.7677917480469,1038.9461669921875,271.9488220214844,0.012901829555630684,0.005324476398527622,2,2
cam2,39,3,1008.1514892578125,362.399658203125,983.0482788085938,355.52960205078125,0.1379859745502472,0.05892346054315567,-1,-1
cam2,40,0,1054.7110595703125,398.7134094238281,1054.3553466796875,398.8041687011719,0.6579839587211609,0.5743632316589355,0,0
cam2,40,1,932.8948364257812,326.4416198730469,937.2396240234375,328.24688720703125,0.15726807713508606,0.36533358693122864,1,1
cam2,40,2,1035.5689697265625,277.9768371582031,1042.5142822265625,270.04949951171875,0.036432940512895584,0.007270695175975561,2,2
cam2,40,3,1012.2860717773438,355.4530334472656,990.2405395507812,344.8907775878906,0.1483149528503418,0.05303244665265083,-1,-1
cam2,41,0,1056.8760986328125,398.7096252441406,1056.416748046875,398.38421630859375,0.10530871897935867,0.7413023114204407,0,0
cam2,41,1,950.4561767578125,327.4867858886719,949.92578125,330.9275817871094,0.39287933707237244,0.17612020671367645,1,1
cam2,41,2,1032.1441650390625,268.81414794921875,851.2683715820312,251.38754272460938,0.0710759311914444,0.005795913282781839,2,2
cam2,41,3,946.8616943359375,275.55645751953125,944.4654541015625,312.9029235839844,0.4307360053062439,0.0767815113067627,-1,-1
cam2,42,0,943.3265380859375,316.5746765136719,1063.0518798828125,403.3775939941406,0.7080750465393066,0.2297264188528061,0,0
cam2,42,1,1065.2508544921875,403.3349609375,946.8934936523438,318.35986328125,0.03482082858681679,0.164247527718544,1,1
cam2,42,2,861.830322265625,235.2947235107422,956.939697265625,450.8265686035156,0.020478885620832443,0.060235075652599335,2,2
cam2,42,3,927.4427490234375,299.0898742675781,956.4199829101562,290.2266845703125,0.2366252988576889,0.5457910299301147,-1,-1
cam2,43,0,941.5811767578125,314.53643798828125,1067.559814453125,404.0050048828125,0.790330708026886,0.2997945547103882,0,0
cam2,43,1,1067.062744140625,401.84490966796875,962.298095703125,455.8211364746094,0.03271706774830818,0.1729663610458374,1,1
cam2,43,2,864.949951171875,233.2570037841797,935.989990234375,300.9342346191406,0.012454747222363949,0.047923505306243896,2,2
cam2,43,3,928.9406127929688,300.3913269042969,955.4580688476562,296.7663879394531,0.16449744999408722,0.47931548953056335,-1,-1
cam2,44,0,945.0348510742188,313.196533203125,957.0028076171875,457.593994140625,0.756477415561676,0.051560964435338974,0,0
cam2,44,1,1080.449462890625,406.60693359375,1074.3580322265625,400.50299072265625,0.03238753229379654,0.21001797914505005,1,1
cam2,44,2,863.1026611328125,230.65213012695312,937.279296875,297.5548400878906,0.02123917266726494,0.09733390808105469,2,2
cam2,44,3,913.8482055664062,285.6322326660156,948.1282958984375,280.7342224121094,0.1898958384990692,0.6410871744155884,-1,-1
cam2,45,0,943.80615234375,309.19287109375,957.0079345703125,456.5331115722656,0.8652597069740295,0.054491396993398666,0,0
cam2,45,1,1083.1986083984375,401.06768798828125,1086.4942626953125,401.6360168457031,0.018671179190278053,0.1670636534690857,1,1
cam2,45,2,858.0325927734375,232.83216857910156,937.4544067382812,296.79364013671875,0.007235243450850248,0.10436441004276276,2,2
cam2,45,3,915.8515014648438,285.7944641113281,948.9330444335938,269.60052490234375,0.10883386433124542,0.6740806102752686,-1,-1
cam2,46,0,950.0641479492188,304.3248596191406,948.0527954101562,298.6673889160156,0.9619589447975159,0.8668228387832642,0,0
cam2,46,1,1089.58349609375,402.406982421875,958.7160034179688,454.9745788574219,0.0047029368579387665,0.0242331363260746,1,1
cam2,46,2,875.587646484375,335.8876953125,1089.542236328125,392.59979248046875,0.0019609881564974785,0.005653745029121637,2,2
cam2,46,3,926.2237548828125,275.079833984375,929.0489501953125,315.4916687011719,0.031377196311950684,0.10329024493694305,-1,-1
cam2,47,0,948.0401611328125,300.9492492675781,943.2968139648438,295.2326354980469,0.9755231142044067,0.9710753560066223,0,0
cam2,47,1,1182.265625,294.6014099121094,945.6044921875,453.7926330566406,0.003556592157110572,0.0039004352875053883,1,1
cam2,47,2,876.1072998046875,337.7471618652344,1394.080810546875,544.052001953125,0.0009364435682073236,0.0007876695599406958,2,2
cam2,47,3,927.6143798828125,272.6205139160156,926.6539306640625,306.0937805175781,0.019983898848295212,0.024236613884568214,-1,-1
cam2,48,0,942.8161010742188,298.78155517578125,940.5460205078125,293.2999267578125,0.918125331401825,0.9927802681922913,0,0
cam2,48,1,1188.3812255859375,304.91802978515625,854.5198364257812,276.1637878417969,0.014790338464081287,0.0013961098156869411,1,1
cam2,48,2,846.4259033203125,265.63946533203125,938.3551635742188,450.03656005859375,0.005068841390311718,0.0002609961084090173,2,2
cam2,48,3,910.5050659179688,266.4947814941406,941.1705322265625,297.7535400390625,0.06201562657952309,0.005562575068324804,-1,-1
cam2,49,0,943.645263671875,297.0904541015625,940.3209838867188,293.319091796875,0.9137452244758606,0.9953430891036987,0,0
cam2,49,1,1188.2335205078125,306.3716125488281,853.9736938476562,275.3986511230469,0.014445537701249123,0.001156075275503099,1,1
cam2,49,2,844.8749389648438,287.33087158203125,1403.02197265625,550.786865234375,0.007872499525547028,0.00015056358824949712,2,2
cam2,49,3,934.4024047851562,268.75628662109375,939.2825927734375,302.14373779296875,0.06393671780824661,0.0033503484446555376,-1,-1
cam2,50,0,941.8629150390625,291.2588195800781,940.2321166992188,291.1819763183594,0.9935696125030518,0.9982615113258362,0,0
cam2,50,1,837.1021728515625,296.28369140625,674.417236328125,178.7024688720703,0.00068841123720631,0.00028060711338184774,1,1
cam2,50,2,1117.103759765625,268.5973205566406,840.5704956054688,264.2366027832031,0.00017912227485794574,1.7540001863380894e-05,2,2
cam2,50,3,916.230712890625,300.9520263671875,914.6502685546875,306.3291931152344,0.005562932230532169,0.001440446823835373,-1,-1
cam2,51,0,942.4400024414062,290.345947265625,939.9664306640625,287.1947021484375,0.991195797920227,0.9939858913421631,0,0
cam2,51,1,831.8788452148438,299.41400146484375,1358.897216796875,274.31463623046875,0.0007108226418495178,0.0010233810171484947,1,1
cam2,51,2,1116.4373779296875,267.13140869140625,672.0570068359375,169.38818359375,0.00036967609776183963,0.00013982759264763445,2,2
cam2,51,3,915.6456298828125,263.1557312011719,904.5313720703125,280.7580871582031,0.007723644841462374,0.00485082995146513,-1,-1
cam2,52,0,941.9498901367188,284.05419921875,939.627685546875,284.5084533691406,0.9952493906021118,0.9908167123794556,0,0
cam2,52,1,1120.62646484375,276.96685791015625,771.2530517578125,209.9867706298828,0.0007403689669445157,0.0021294131875038147,1,1
cam2,52,2,830.5355224609375,292.4256286621094,1354.3350830078125,267.4318542480469,0.0001841281628003344,0.000457317364634946,2,2
cam2,52,3,922.5841064453125,283.9248352050781,897.9295654296875,276.2362976074219,0.003826113184913993,0.006596533115953207,-1,-1
cam2,53,0,939.4138793945312,282.0516052246094,938.4219360351562,279.83685302734375,0.9881638884544373,0.9985612034797668,0,0
cam2,53,1,1120.408203125,268.6817626953125,548.24462890625,459.2308044433594,0.0026745651848614216,0.0005689524114131927,1,1
cam2,53,2,829.8896484375,286.02984619140625,771.3873901367188,198.44078063964844,0.0006998918834142387,1.9060053091379814e-05,2,2
cam2,53,3,937.2318725585938,281.4515380859375,925.3077392578125,311.8493347167969,0.008461738005280495,0.0008507352322340012,-1,-1
cam2,54,0,940.6256103515625,280.4390563964844,937.7003784179688,279.87408447265625,0.9989715814590454,0.9967117309570312,0,0
cam2,54,1,761.6075439453125,206.72006225585938,768.4611206054688,209.29867553710938,0.0002408792352071032,0.001399325905367732,1,1
cam2,54,2,812.6775512695312,198.00071716308594,952.3526611328125,373.6978759765625,2.4404203941230662e-05,5.549847992369905e-05,2,2
cam2,54,3,936.2225952148438,311.7196044921875,918.1921997070312,302.49249267578125,0.0007630657637491822,0.0018335208296775818,-1,-1
cam2,55,0,940.7562255859375,279.5353088378906,939.7753295898438,279.6788330078125,0.9992554783821106,0.9938720464706421,0,0
cam2,55,1,190.98757934570312,619.1542358398438,187.7393035888672,614.9413452148438,0.00014191640366334468,0.001988805830478668,1,1
cam2,55,2,1264.53369140625,271.5196228027344,763.0457763671875,208.1786651611328,1.6077976397355087e-05,8.205047925002873e-05,2,2
cam2,55,3,944.1427001953125,300.1319274902344,930.4161376953125,304.8248291015625,0.0005865175044164062,0.004057105630636215,-1,-1
cam2,56,0,939.4445190429688,278.2354736328125,939.252197265625,278.3983459472656,0.9993792772293091,0.9970405697822571,0,0
cam2,56,1,194.2201385498047,615.6604614257812,199.43016052246094,619.3555297851562,0.00018219974299427122,0.0010317036649212241,1,1
cam2,56,2,669.2425537109375,172.445556640625,765.868896484375,204.07992553710938,1.3339117685973179e-05,4.973821705789305e-05,2,2
cam2,56,3,937.3018188476562,310.1095275878906,925.091064453125,305.90093994140625,0.0004251865902915597,0.0018780336249619722,-1,-1
cam2,57,0,939.970458984375,276.12274169921875,938.3777465820312,274.94482421875,0.9986811280250549,0.9956716299057007,0,0
cam2,57,1,689.1796875,182.24278259277344,193.9326171875,620.9797973632812,0.00038727684295736253,0.0018966912757605314,1,1
cam2,57,2,946.702392578125,368.4453125,958.448486328125,350.0733337402344,5.5582637287443504e-05,0.00023297184088733047,2,2
cam2,57,3,917.83203125,280.18896484375,913.2295532226562,266.1787414550781,0.0008759755291976035,0.002198728732764721,-1,-1
cam2,58,0,938.193115234375,273.4654846191406,937.85205078125,272.91253662109375,0.9967159032821655,0.9943673014640808,0,0
cam2,58,1,691.656982421875,183.5056610107422,895.6986083984375,466.3904113769531,0.0013273591175675392,0.002914616372436285,1,1
cam2,58,2,256.6974182128906,642.6495361328125,1026.453857421875,393.2333679199219,0.00022694742074236274,0.0005817689816467464,2,2
cam2,58,3,905.7357788085938,268.901123046875,904.9086303710938,263.7920837402344,0.0017299177125096321,0.0021362982224673033,-1,-1
cam2,59,0,938.3265380859375,270.8060302734375,937.5667114257812,270.4150390625,0.9923576712608337,0.9918294548988342,0,0
cam2,59,1,689.4494018554688,187.3317108154297,895.6718139648438,459.24090576171875,0.002385874046012759,0.00430089607834816,1,1
cam2,59,2,765.6211547851562,203.43228149414062,1013.4810180664062,384.94012451171875,0.000626789522357285,0.0010930999414995313,2,2
cam2,59,3,900.318115234375,258.4437561035156,896.0424194335938,268.0571594238281,0.004629758186638355,0.0027765047270804644,-1,-1
cam2,60,0,934.6819458007812,268.9453430175781,936.2991333007812,269.19207763671875,0.993220329284668,0.9920628666877747,0,0
cam2,60,1,693.7009887695312,185.33644104003906,894.9791259765625,449.82965087890625,0.0022039483301341534,0.00506126694381237,1,1
cam2,60,2,766.26416015625,205.9970703125,1019.904541015625,389.9833679199219,0.00032135343644768,0.0004297373234294355,2,2
cam2,60,3,938.79833984375,305.3404541015625,948.07421875,318.5001525878906,0.004254363942891359,0.0024459848646074533,-1,-1
cam2,61,0,934.7174072265625,265.3296813964844,933.56982421875,266.7880554199219,0.9941375255584717,0.9949919581413269,0,0
cam2,61,1,691.5631103515625,186.9051971435547,899.95068359375,443.7618713378906,0.0012749909656122327,0.003858099924400449,1,1
cam2,61,2,762.5357055664062,209.51116943359375,1347.152587890625,264.5909729003906,0.0002752094005700201,0.0002664760686457157,2,2
cam2,61,3,941.1220703125,290.71722412109375,932.7994995117188,288.60955810546875,0.004312364850193262,0.0008834003238007426,-1,-1
cam2,62,0,934.86669921875,261.8796691894531,934.4884033203125,260.3945007324219,0.991783618927002,0.992298424243927,0,0
cam2,62,1,264.4285888671875,653.559814453125,902.7603759765625,451.7709045410156,0.0021290089935064316,0.004304816015064716,1,1
cam2,62,2,1181.7281494140625,287.6264953613281,948.549072265625,373.0527648925781,0.00044740719022229314,0.0006984231295064092,2,2
cam2,62,3,934.7609252929688,279.1123352050781,939.4363403320312,316.0343017578125,0.005640045739710331,0.0026983076240867376,-1,-1
cam2,63,0,937.0807495117188,261.9789123535156,938.5521240234375,258.7059020996094,0.9979259967803955,0.9958100318908691,0,0
cam2,63,1,264.5007629394531,644.3648071289062,951.4142456054688,380.33953857421875,0.0008815572364255786,0.002448786050081253,1,1
cam2,63,2,1179.9703369140625,292.0551452636719,900.8502807617188,442.864013671875,7.813777483534068e-05,0.0002632981340866536,2,2
cam2,63,3,916.8515625,281.7962341308594,906.2008056640625,259.17462158203125,0.00111427903175354,0.0014779071789234877,-1,-1
cam2,64,0,935.1026000976562,261.8719787597656,935.6306762695312,259.22027587890625,0.9983766078948975,0.9976515173912048,0,0
cam2,64,1,954.9131469726562,378.7644348144531,952.0967407226562,378.8507080078125,0.0007390953251160681,0.0014171604998409748,1,1
cam2,64,2,1180.3341064453125,294.63238525390625,1066.1202392578125,258.5356140136719,7.15953137842007e-05,0.00016855585272423923,2,2
cam2,64,3,914.238037109375,282.76300048828125,916.4072875976562,264.41961669921875,0.0008126045577228069,0.0007627983577549458,-1,-1
cam2,65,0,934.8717041015625,262.0751953125,935.1792602539062,260.0987548828125,0.9973153471946716,0.9959033131599426,0,0
cam2,65,1,953.3453369140625,373.72503662109375,957.215087890625,377.56854248046875,0.0014476088108494878,0.0025972207076847553,1,1
cam2,65,2,1188.47802734375,292.1435241699219,1070.2613525390625,262.63861083984375,0.00012465976760722697,0.00031396010308526456,2,2
cam2,65,3,915.48583984375,275.3443298339844,920.7924194335938,263.29864501953125,0.0011123813455924392,0.0011854269541800022,-1,-1
cam2,66,0,935.3532104492188,263.28363037109375,932.9365844726562,261.048095703125,0.9959327578544617,0.9980716109275818,0,0
cam2,66,1,950.1636352539062,381.6779479980469,947.1022338867188,381.1325378417969,0.0009081042371690273,0.001072401413694024,1,1
cam2,66,2,1226.5123291015625,269.0864562988281,1255.1475830078125,541.6881713867188,0.00018585614452604204,9.810172923607752e-05,2,2
cam2,66,3,940.6266479492188,279.8668518066406,914.9472045898438,276.4314270019531,0.002973377937451005,0.0007579250377602875,-1,-1
cam2,67,0,937.53515625,262.58721923828125,935.5838012695312,260.77313232421875,0.9966421127319336,0.9973799586296082,0,0
cam2,67,1,937.0634765625,392.12939453125,952.48779296875,382.8245544433594,0.0013938163174316287,0.0013370693195611238,1,1
cam2,67,2,1228.0225830078125,274.56158447265625,1256.8597412109375,541.4329833984375,0.00012911534577142447,0.00010266248136758804,2,2
cam2,67,3,923.1804809570312,281.07177734375,918.9224853515625,280.5821228027344,0.0018348691519349813,0.001180289313197136,-1,-1
cam2,68,0,936.6574096679688,262.4112548828125,934.6527099609375,260.7796630859375,0.9985061287879944,0.9968318343162537,0,0
cam2,68,1,1233.91455078125,286.74859619140625,956.0374145507812,385.86981201171875,0.0006020478904247284,0.0011141517898067832,1,1
cam2,68,2,938.5812377929688,378.94232177734375,763.2013549804688,191.79579162597656,5.605669502983801e-05,0.00017874057812150568,2,2
cam2,68,3,914.9384765625,284.2375183105469,950.8955078125,311.0013122558594,0.0008357192273251712,0.0018752380274236202,-1,-1
cam2,69,0,932.9385375976562,262.54510498046875,932.1616821289062,259.654052734375,0.9975041747093201,0.9982788562774658,0,0
cam2,69,1,938.49658203125,384.1519775390625,954.6148071289062,385.0488586425781,0.0013109161518514156,0.0008925313595682383,1,1
cam2,69,2,1229.8822021484375,276.634765625,762.1157836914062,193.7040252685547,0.00010750449291663244,9.168306860374287e-05,2,2
cam2,69,3,914.448486328125,271.7422790527344,911.4728393554688,269.56549072265625,0.0010774903930723667,0.0007369896629825234,-1,-1
cam2,70,0,931.6156616210938,260.8268127441406,934.1400756835938,256.21484375,0.9970796704292297,0.9954566955566406,0,0
cam2,70,1,953.7118530273438,388.81585693359375,999.781982421875,400.39581298828125,0.0015624131774529815,0.002330031944438815,1,1
cam2,70,2,831.2791137695312,291.90533447265625,974.701171875,530.6307373046875,0.00012030447396682575,0.00038298475556075573,2,2
cam2,70,3,909.23779296875,266.9832763671875,904.2227783203125,271.4170227050781,0.0012375586666166782,0.001830355729907751,-1,-1
cam2,71,0,935.3842163085938,261.4082946777344,935.8700561523438,255.61856079101562,0.9970133304595947,0.993285059928894,0,0
cam2,71,1,831.634765625,304.0781555175781,852.890869140625,301.29595947265625,0.0017761432100087404,0.0038475568871945143,1,1
cam2,71,2,955.9598388671875,389.2969665527344,984.05859375,385.84454345703125,9.488123760093004e-05,0.0006062071188353002,2,2
cam2,71,3,914.3406372070312,270.5740051269531,905.9228515625,273.1441955566406,0.00111566879786551,0.002261098474264145,-1,-1
cam2,72,0,941.69970703125,260.35595703125,937.1551513671875,254.63662719726562,0.9930619597434998,0.9954019784927368,0,0
cam2,72,1,954.9376220703125,395.8993835449219,864.049560546875,297.9737548828125,0.003060912014916539,0.0034734078217297792,1,1
cam2,72,2,852.8086547851562,290.9210205078125,996.6954345703125,398.85382080078125,0.00022400302987080067,0.00017445074627175927,2,2
cam2,72,3,923.5968627929688,262.97393798828125,974.1605834960938,294.52227783203125,0.0036530981305986643,0.0009501547319814563,-1,-1
cam2,73,0,939.7969360351562,262.79827880859375,941.6979370117188,255.7790985107422,0.9962866306304932,0.9665687084197998,0,0
cam2,73,1,944.75439453125,369.51519775390625,856.649169921875,285.55792236328125,0.0024602129124104977,0.021883631125092506,1,1
cam2,73,2,858.9854736328125,291.77410888671875,992.5050659179688,390.62603759765625,9.674960165284574e-05,0.0020853476598858833,2,2
cam2,73,3,909.436279296875,254.7011260986328,939.4681396484375,269.5357666015625,0.0011563084553927183,0.009462333284318447,-1,-1
cam2,74,0,879.6297607421875,301.0160827636719,993.6508178710938,392.78533935546875,0.6534069180488586,0.03861862048506737,0,0
cam2,74,1,953.7164916992188,349.38385009765625,858.7998657226562,277.59033203125,0.21224220097064972,0.6625905632972717,1,1
cam2,74,2,1099.706787109375,260.6930236816406,953.871826171875,312.4648132324219,0.0346706360578537,0.04689837247133255,2,2
cam2,74,3,902.6881103515625,236.57337951660156,880.794189453125,237.10739135742188,0.09968026727437973,0.25189244747161865,-1,-1
cam2,75,0,878.2564697265625,299.43603515625,997.8426513671875,390.88006591796875,0.6182366609573364,0.028777552768588066,0,0
cam2,75,1,951.9757690429688,353.99041748046875,853.4949340820312,276.3736267089844,0.27266186475753784,0.6312010884284973,1,1
cam2,75,2,1038.7962646484375,390.14910888671875,948.419677734375,318.0169677734375,0.03102300688624382,0.05293441191315651,2,2
cam2,75,3,909.7703857421875,238.96575927734375,885.1019287109375,233.6192626953125,0.07807851582765579,0.28708699345588684,-1,-1
cam2,76,0,880.5200805664062,300.0342712402344,998.2857666015625,390.2624816894531,0.5820946097373962,0.011109916493296623,0,0
cam2,76,1,950.5223999023438,344.5103454589844,964.2608032226562,337.2649230957031,0.2742507755756378,0.7222400903701782,1,1
cam2,76,2,1097.2664794921875,260.5858459472656,836.8521728515625,267.44512939453125,0.02583484724164009,0.05920356512069702,2,2
cam2,76,3,893.7861938476562,232.73802185058594,879.5186767578125,219.24195861816406,0.11781974136829376,0.20744648575782776,-1,-1
cam2,77,0,886.5283813476562,298.5019226074219,998.5814819335938,392.10137939453125,0.6648893356323242,0.0776572898030281,0,0
cam2,77,1,961.0052490234375,331.9903259277344,840.9271240234375,287.0780944824219,0.21429023146629333,0.49707046151161194,1,1
cam2,77,2,1040.11474609375,385.6327209472656,1322.289306640625,577.6358032226562,0.0079284543171525,0.03815418854355812,2,2
cam2,77,3,891.2040405273438,230.6832275390625,878.0150146484375,226.35635375976562,0.11289193481206894,0.38711801171302795,-1,-1
cam2,78,0,936.3410034179688,250.64712524414062,933.3950805664062,254.50296020507812,0.9911455512046814,0.7890564203262329,0,0
cam2,78,1,1023.7095336914062,397.8006896972656,1003.9965209960938,395.0840148925781,0.00399820739403367,0.0656307190656662,1,1
cam2,78,2,925.1724853515625,372.28924560546875,947.57861328125,330.5353088378906,0.0003225697437301278,0.06792128086090088,2,2
cam2,78,3,903.6578369140625,265.59844970703125,892.113525390625,245.2134246826172,0.004533717874437571,0.07739151269197464,-1,-1
cam2,79,0,931.4193115234375,253.5195770263672,935.0733642578125,255.40431213378906,0.991709291934967,0.9700333476066589,0,0
cam2,79,1,1029.661865234375,401.26068115234375,1008.9132690429688,396.8287048339844,0.004428931511938572,0.013304400257766247,1,1
cam2,79,2,922.9620361328125,379.69915771484375,948.2439575195312,336.64111328125,0.00016295118257403374,0.005441923160105944,2,2
cam2,79,3,938.3770751953125,279.0663146972656,876.3103637695312,244.11744689941406,0.003698944579809904,0.01122033316642046,-1,-1
cam2,80,0,931.4423828125,255.42413330078125,935.1171875,255.1844940185547,0.9841490387916565,0.9851630330085754,0,0
cam2,80,1,928.9994506835938,391.7766418457031,958.5619506835938,356.0855407714844,0.007323663216084242,0.006835934240370989,1,1
cam2,80,2,1031.0733642578125,389.1991271972656,1002.120849609375,386.05072021484375,0.0009092645486816764,0.001656019943766296,2,2
cam2,80,3,872.4163208007812,245.94036865234375,880.111083984375,248.99240112304688,0.00761799793690443,0.00634493213146925,-1,-1
cam2,81,0,932.2945556640625,256.267822265625,933.8826293945312,256.8174743652344,0.991915225982666,0.9864616990089417,0,0
cam2,81,1,928.2449340820312,388.7781982421875,951.4990234375,362.2541198730469,0.00483735604211688,0.006542081478983164,1,1
cam2,81,2,1030.8231201171875,392.6813049316406,1006.681396484375,387.8136901855469,0.00038143465644679964,0.0016283051809296012,2,2
cam2,81,3,882.3875732421875,246.03958129882812,881.4650268554688,255.71859741210938,0.002866067225113511,0.005367847625166178,-1,-1
cam2,82,0,935.726806640625,257.976806640625,938.6204223632812,257.853271484375,0.9976910352706909,0.9955074787139893,0,0
cam2,82,1,931.7943115234375,387.80987548828125,937.8690795898438,389.65411376953125,0.0010836352594196796,0.0019468397367745638,1,1
cam2,82,2,1023.3977661132812,389.22784423828125,1038.7691650390625,302.9280090332031,6.710353773087263e-05,0.00025546771939843893,2,2
cam2,82,3,891.3082275390625,258.35308837890625,889.4456176757812,269.8480529785156,0.0011583128944039345,0.002290162490680814,-1,-1
cam2,83,0,937.1521606445312,256.87969970703125,938.7586059570312,257.7718505859375,0.998478353023529,0.9975505471229553,0,0
cam2,83,1,1025.4366455078125,397.70892333984375,936.7509155273438,389.6018371582031,0.0006164283840917051,0.0012000403366982937,1,1
cam2,83,2,926.4088134765625,380.6272888183594,1049.190673828125,393.2782287597656,4.728105341200717e-05,0.00011469455785118043,2,2
cam2,83,3,891.3871459960938,256.3067321777344,895.9017333984375,279.0733337402344,0.0008579699206165969,0.001134827733039856,-1,-1
cam2,84,0,937.1092529296875,258.531982421875,940.4067993164062,262.7391052246094,0.9991382360458374,0.9977232813835144,0,0
cam2,84,1,1032.5953369140625,404.69610595703125,939.5225219726562,388.294189453125,0.0003635381581261754,0.0012101741740480065,1,1
cam2,84,2,927.83935546875,379.99847412109375,1027.9842529296875,394.5785827636719,2.5216313588316552e-05,7.062310760375112e-05,2,2
cam2,84,3,905.5336303710938,266.43865966796875,894.1227416992188,280.6396789550781,0.00047300459118559957,0.0009958295850083232,-1,-1
cam2,85,0,936.1515502929688,261.30633544921875,939.61669921875,264.50482177734375,0.9984174966812134,0.9958873391151428,0,0
cam2,85,1,1019.0372924804688,398.3841247558594,1027.4903564453125,399.24603271484375,0.0009919272270053625,0.0024029831402003765,1,1
cam2,85,2,929.5016479492188,377.5194396972656,932.2376708984375,365.3305969238281,4.1989165765699e-05,0.00018055610416922718,2,2
cam2,85,3,906.2175903320312,268.6371765136719,889.485107421875,274.5041198730469,0.0005485580186359584,0.0015290671726688743,-1,-1
cam2,86,0,934.3316650390625,260.79754638671875,936.011474609375,263.1838684082031,0.9980985522270203,0.9971047043800354,0,0
cam2,86,1,1018.1621704101562,397.4879455566406,1020.6412963867188,400.3653259277344,0.0008239378803409636,0.0014263263437896967,1,1
cam2,86,2,928.7384643554688,366.9820251464844,1264.5494384765625,202.66754150390625,6.492657121270895e-05,0.00011985800665570423,2,2
cam2,86,3,909.0667114257812,273.19024658203125,893.4827270507812,287.0821533203125,0.001012487686239183,0.0013490966521203518,-1,-1
cam2,87,0,933.3792114257812,260.72900390625,933.437744140625,260.6285400390625,0.9937376976013184,0.9967378973960876,0,0
cam2,87,1,1019.72802734375,391.2970275878906,1018.4874877929688,396.4123229980469,0.005120379384607077,0.002317429520189762,1,1
cam2,87,2,926.1041259765625,362.7333068847656,817.9279174804688,283.4139709472656,0.00016691086057107896,0.0001534495095256716,2,2
cam2,87,3,898.0064086914062,263.6783752441406,891.414794921875,282.3116455078125,0.000974992522969842,0.0007912418805062771,-1,-1
cam2,88,0,934.0679931640625,258.35211181640625,933.1732788085938,259.329833984375,0.9962796568870544,0.9978899359703064,0,0
cam2,88,1,1017.6882934570312,386.8932800292969,1014.440673828125,391.20355224609375,0.0023422441445291042,0.0011494923382997513,1,1
cam2,88,2,931.6912231445312,358.12554931640625,1105.4669189453125,277.1477966308594,0.00021121370082255453,0.00011728941899491474,2,2
cam2,88,3,885.1220092773438,265.7562561035156,900.9046020507812,289.17474365234375,0.0011668551014736295,0.0008432380273006856,-1,-1
cam2,89,0,933.798583984375,260.02587890625,932.6354370117188,260.3554382324219,0.9956257343292236,0.9980127811431885,0,0
cam2,89,1,1014.9705810546875,384.4433898925781,1012.6640014648438,388.8358459472656,0.0024941135197877884,0.0012016863329336047,1,1
cam2,89,2,933.2695922851562,355.0338134765625,814.9082641601562,281.38262939453125,0.00019135391630697995,9.613843576516956e-05,2,2
cam2,89,3,879.6522827148438,276.1009521484375,902.9838256835938,297.8385925292969,0.0016887704841792583,0.0006893153768032789,-1,-1
cam2,90,0,934.244873046875,260.8547668457031,929.8311157226562,259.9454345703125,0.996626615524292,0.9973164200782776,0,0
cam2,90,1,1011.6415405273438,383.81842041015625,1010.861328125,387.7882385253906,0.0018470670329406857,0.0019205121789127588,1,1
cam2,90,2,278.3124694824219,615.1046142578125,280.2696533203125,613.91845703125,8.885448914952576e-05,0.0001151677206507884,2,2
cam2,90,3,877.6343383789062,287.0779113769531,895.8727416992188,306.2501525878906,0.0014374570455402136,0.0006478335708379745,-1,-1
cam2,91,0,934.8158569335938,263.1388854980469,932.5213623046875,261.5394592285156,0.9836007952690125,0.997514009475708,0,0
cam2,91,1,1004.4462280273438,390.9411315917969,1000.8783569335938,394.9742431640625,0.013579140417277813,0.0018691661534830928,1,1
cam2,91,2,936.6324462890625,356.05914306640625,281.58734130859375,612.6104125976562,0.00031404700712300837,6.880985165480524e-05,2,2
cam2,91,3,903.0772705078125,281.70220947265625,894.462158203125,305.9412841796875,0.002506108721718192,0.0005479079554788768,-1,-1
cam2,92,0,933.8321533203125,264.2947998046875,931.3491821289062,262.8085632324219,0.9952216744422913,0.9982364177703857,0,0
cam2,92,1,1000.0195922851562,398.1305847167969,998.9409790039062,388.01904296875,0.0028919156175106764,0.001027986640110612,1,1
cam2,92,2,951.7245483398438,347.4284973144531,294.33123779296875,624.5025634765625,0.00011538706894498318,9.357604722026736e-05,2,2
cam2,92,3,925.6646728515625,311.8128662109375,910.2946166992188,334.9467468261719,0.0017708983505144715,0.0006420445279218256,-1,-1
cam2,93,0,932.443115234375,266.8462219238281,933.7572631835938,266.6694641113281,0.9978284239768982,0.996407687664032,0,0
cam2,93,1,995.5155029296875,399.1296691894531,994.0338745117188,395.87103271484375,0.001192565425299108,0.003196273697540164,1,1
cam2,93,2,280.6128234863281,620.2991943359375,277.9784240722656,619.5112915039062,5.8887930208584294e-05,0.00010296284017385915,2,2
cam2,93,3,940.4058227539062,321.7027282714844,927.4380493164062,340.34698486328125,0.0009201257489621639,0.0002930454211309552,-1,-1
cam2,94,0,932.8749389648438,270.8916015625,932.2998046875,269.0565490722656,0.999440610408783,0.9993368983268738,0,0
cam2,94,1,1006.9661865234375,398.4674072265625,1003.4161376953125,402.05255126953125,8.523041469743475e-05,0.00015219722990877926,1,1
cam2,94,2,1260.614990234375,252.86317443847656,275.87567138671875,624.3963012695312,1.6185918866540305e-05,2.9870570870116353e-05,2,2
cam2,94,3,953.0057983398438,341.60711669921875,932.4201049804688,357.5397644042969,0.00045802429667674005,0.0004808796220459044,-1,-1
cam2,95,0,934.7726440429688,273.3615417480469,932.7972412109375,274.7573547363281,0.9996192455291748,0.9988563060760498,0,0
cam2,95,1,1003.9165649414062,395.66949462890625,1004.9584350585938,401.3838806152344,0.00015742045070510358,0.0004759444564115256,1,1
cam2,95,2,925.5238037109375,380.9197692871094,289.32830810546875,639.4551391601562,6.401593054761179e-06,4.400127727421932e-05,2,2
cam2,95,3,955.9284057617188,269.63641357421875,931.001220703125,313.1527099609375,0.00021693466987926513,0.0006237614434212446,-1,-1
cam2,96,0,933.6307983398438,275.5740966796875,932.9839477539062,276.85052490234375,0.9994572997093201,0.9993937015533447,0,0
cam2,96,1,1013.21826171875,384.13922119140625,1015.30517578125,385.66094970703125,0.0001972876489162445,0.0003128779644612223,1,1
cam2,96,2,936.9153442382812,370.3667907714844,938.57177734375,372.8034973144531,7.025232207524823e-06,2.0527933884295635e-05,2,2
cam2,96,3,959.20361328125,282.590576171875,913.6002807617188,309.8663024902344,0.0003384019946679473,0.00027299957582727075,-1,-1
cam2,97,0,933.9818115234375,275.29254150390625,933.7407836914062,279.00238037109375,0.997536301612854,0.9994770884513855,0,0
cam2,97,1,1012.660888671875,384.123779296875,1007.9384155273438,392.1559143066406,0.0009076522546820343,0.0002778600319288671,1,1
cam2,97,2,812.5674438476562,291.71649169921875,680.2845458984375,368.98016357421875,4.831384649151005e-05,1.539070945000276e-05,2,2
cam2,97,3,927.8046875,280.1766052246094,919.322265625,315.7737731933594,0.0015077445423230529,0.00022968345729168504,-1,-1
cam2,98,0,930.6953735351562,278.3340148925781,934.201416015625,280.1943359375,0.988466739654541,0.9990453124046326,0,0
cam2,98,1,1019.135009765625,395.3146667480469,1023.543212890625,395.9063720703125,0.00566341495141387,0.0005543131264857948,1,1
cam2,98,2,962.7765502929688,345.5606994628906,953.4146118164062,361.6885986328125,0.00018826188170351088,3.0270068236859515e-05,2,2
cam2,98,3,917.8912963867188,278.1689147949219,915.2117919921875,309.1473693847656,0.005681642796844244,0.00037015206180512905,-1,-1
cam2,99,0,930.992919921875,278.1214904785156,933.0753173828125,279.2662658691406,0.9970629811286926,0.9986569881439209,0,0
cam2,99,1,1011.98583984375,404.9911804199219,1027.37255859375,401.36529541015625,0.0007666017045266926,0.0003617390466388315,1,1
cam2,99,2,822.5469360351562,241.7348175048828,821.4197387695312,240.49505615234375,3.577666575438343e-05,2.0327079255366698e-05,2,2
cam2,99,3,939.7156372070312,295.4036865234375,943.9144897460938,325.365966796875,0.0021345424465835094,0.0009608840337023139,-1,-1
cam2,100,0,930.8673706054688,282.6873779296875,931.8724365234375,283.29376220703125,0.9938939213752747,0.9976509213447571,0,0
cam2,100,1,1017.8079223632812,398.9014892578125,1036.4476318359375,399.3981628417969,0.002033515367656946,0.0007956306217238307,1,1
cam2,100,2,954.9324340820312,362.81036376953125,951.3598022460938,362.9352111816406,4.4806161895394325e-05,3.0262084692367353e-05,2,2
cam2,100,3,947.1766967773438,302.5273742675781,950.3185424804688,327.8341064453125,0.004027729853987694,0.001523186918348074,-1,-1
cam2,101,0,930.8707275390625,285.1776428222656,930.8260498046875,284.874755859375,0.9971897006034851,0.9987566471099854,0,0
cam2,101,1,1010.4801025390625,400.8638000488281,1037.7230224609375,401.7754211425781,0.0006632276927120984,0.0004476316971704364,1,1
cam2,101,2,948.1110229492188,361.2982482910156,818.1326293945312,268.7629089355469,2.535898602218367e-05,1.9979072021669708e-05,2,2
cam2,101,3,949.7517700195312,318.28363037109375,946.1386108398438,343.9361877441406,0.0021217851899564266,0.0007756323320791125,-1,-1
cam2,102,0,932.5243530273438,290.03948974609375,932.401611328125,286.023193359375,0.9905843734741211,0.9936923980712891,0,0
cam2,102,1,1040.5517578125,393.97772216796875,1046.6390380859375,402.9056396484375,0.005299414973706007,0.0028148088604211807,1,1
cam2,102,2,1233.187744140625,269.910400390625,942.8328247070312,451.8909606933594,0.00026837579207494855,0.0006527382647618651,2,2
cam2,102,3,933.3981323242188,284.86395263671875,909.6765747070312,289.7266540527344,0.0038478304632008076,0.0028401599265635014,-1,-1
cam2,103,0,933.8401489257812,291.7878723144531,934.0034790039062,288.8918151855469,0.9686920642852783,0.9920454025268555,0,0
cam2,103,1,1050.6405029296875,399.6248779296875,1052.5164794921875,397.3177490234375,0.012194010429084301,0.006140552926808596,1,1
cam2,103,2,1011.4964599609375,278.2886657714844,940.5984497070312,451.8779296875,0.0009483056492172182,0.00043335219379514456,2,2
cam2,103,3,932.0819702148438,287.9869384765625,931.491943359375,279.74591064453125,0.018165579065680504,0.0013806424103677273,-1,-1
cam2,104,0,932.6441650390625,294.75830078125,932.3720092773438,291.8233642578125,0.8821442723274231,0.9831587076187134,0,0
cam2,104,1,1048.2037353515625,397.4875183105469,1053.5882568359375,398.1968688964844,0.029103495180606842,0.01412714459002018,1,1
cam2,104,2,1010.6575927734375,277.92724609375,939.5919189453125,452.434814453125,0.004291047342121601,0.000445911951828748,2,2
cam2,104,3,931.4057006835938,291.39471435546875,933.79638671875,293.3071594238281,0.08446124196052551,0.0022682487033307552,-1,-1
cam2,105,0,932.0768432617188,299.1289978027344,930.1355590820312,297.1645812988281,0.8516328930854797,0.9392590522766113,0,0
cam2,105,1,1049.53125,398.0597839355469,1052.6435546875,391.6976318359375,0.02922380529344082,0.026878956705331802,1,1
cam2,105,2,1009.982421875,282.3949279785156,941.8685302734375,450.7121276855469,0.004487267229706049,0.003267618827521801,2,2
cam2,105,3,906.0780639648438,283.4743957519531,939.0738525390625,295.31585693359375,0.11465603113174438,0.030594477429986,-1,-1
cam2,106,0,928.250732421875,305.5558166503906,945.3828125,455.7386779785156,0.6934524774551392,0.009162766858935356,0,0
cam2,106,1,931.7730102539062,396.6654052734375,941.6514282226562,308.4134826660156,0.05853254348039627,0.4596598446369171,1,1
cam2,106,2,1062.0057373046875,396.3001403808594,1063.6558837890625,389.31378173828125,0.010214460082352161,0.044912468641996384,2,2
cam2,106,3,914.9542846679688,284.0397644042969,930.15087890625,272.0993347167969,0.23780052363872528,0.4862648844718933,-1,-1
cam2,107,0,924.6368408203125,310.1783447265625,940.1275634765625,458.8943786621094,0.5316513776779175,0.01773921214044094,0,0
cam2,107,1,1034.19775390625,291.08013916015625,937.075927734375,310.78997802734375,0.05671942979097366,0.21860459446907043,1,1
cam2,107,2,929.8757934570312,391.12518310546875,932.2180786132812,379.2829895019531,0.013448887504637241,0.06555270403623581,2,2
cam2,107,3,902.15673828125,290.1495666503906,928.6726684570312,281.579345703125,0.3981803059577942,0.6981034874916077,-1,-1
cam2,108,0,922.53564453125,316.44451904296875,934.11572265625,385.1189880371094,0.2905360758304596,0.18465490639209747,0,0
cam2,108,1,932.8963623046875,385.8694152832031,922.9498291015625,454.7857666015625,0.08344068378210068,0.09826056659221649,1,1
cam2,108,2,1031.4200439453125,286.9354248046875,928.4979858398438,312.2404479980469,0.027631264179944992,0.04945597052574158,2,2
cam2,108,3,904.1921997070312,301.1863708496094,911.1109619140625,270.3308410644531,0.5983920693397522,0.6676285862922668,-1,-1
cam2,109,0,924.14794921875,315.97674560546875,932.7686767578125,388.6182556152344,0.23932111263275146,0.6393119692802429,0,0
cam2,109,1,932.122802734375,384.4974670410156,928.6755981445312,314.03955078125,0.10871759057044983,0.06315992772579193,1,1
cam2,109,2,1032.713623046875,284.2764587402344,903.6002197265625,445.5206298828125,0.0444684661924839,0.01898708939552307,2,2
cam2,109,3,889.7114868164062,305.0909423828125,882.8352661132812,288.1326599121094,0.6074928641319275,0.27854105830192566,-1,-1
cam2,110,0,906.7080078125,314.729248046875,914.1558227539062,316.55035400390625,0.9903648495674133,0.9384130239486694,0,0
cam2,110,1,936.249267578125,394.2519836425781,903.7091674804688,459.1884765625,0.00023748826060909778,0.008170605637133121,1,1
cam2,110,2,903.5188598632812,448.01123046875,931.9024047851562,386.1282043457031,0.00015653080481570214,0.001967039192095399,2,2
cam2,110,3,895.9385986328125,339.5395202636719,907.4072875976562,304.8630065917969,0.009241128340363503,0.05144936218857765,-1,-1
cam2,111,0,905.65234375,317.7104797363281,907.4889526367188,315.8573913574219,0.9949803948402405,0.9820970892906189,0,0
cam2,111,1,907.0592041015625,455.88818359375,905.7024536132812,462.2012023925781,0.0002255685394629836,0.0032021882943809032,1,1
cam2,111,2,962.0548095703125,219.49989318847656,1381.6466064453125,628.22802734375,1.903282645798754e-05,0.00031163269886747,2,2
cam2,111,3,883.4426879882812,330.6473083496094,897.4799194335938,313.96978759765625,0.004774990025907755,0.014388973824679852,-1,-1
cam2,112,0,902.970703125,317.4869384765625,907.4059448242188,317.8602294921875,0.9899437427520752,0.9870144128799438,0,0
cam2,112,1,904.5028686523438,453.2768859863281,907.7343139648438,460.1700134277344,0.003662512404844165,0.003989186137914658,1,1
cam2,112,2,962.1317749023438,216.9831085205078,1427.1875,680.675048828125,8.031584729906172e-05,0.0002232486876891926,2,2
cam2,112,3,905.1714477539062,341.83514404296875,911.9439697265625,324.00665283203125,0.006313422229140997,0.008773155510425568,-1,-1
cam2,113,0,900.934326171875,314.37872314453125,906.8331298828125,318.2546081542969,0.9779480695724487,0.986248791217804,0,0
cam2,113,1,904.9261474609375,450.9714050292969,906.4650268554688,461.7000427246094,0.004711646120995283,0.004993367474526167,1,1
cam2,113,2,959.1340942382812,216.4583282470703,1432.5411376953125,677.3328247070312,0.00032369422842748463,0.00026668384089134634,2,2
cam2,113,3,908.0259399414062,341.3172302246094,924.7696533203125,328.4788513183594,0.017016520723700523,0.008491279557347298,-1,-1
cam2,114,0,895.307861328125,310.8612976074219,898.4396362304688,309.25738525390625,0.9987296462059021,0.9988627433776855,0,0
cam2,114,1,1132.3704833984375,280.3283996582031,931.360595703125,399.77630615234375,0.00020663865143433213,7.901133358245715e-05,1,1
cam2,114,2,789.7676391601562,350.9565124511719,914.4598999023438,448.39788818359375,3.56918535544537e-05,1.7373296941514127e-05,2,2
cam2,114,3,874.762451171875,358.8363952636719,906.7289428710938,334.8407287597656,0.001027909223921597,0.0010407721856608987,-1,-1
cam2,115,0,892.2000122070312,314.080078125,894.0592651367188,312.48419189453125,0.9941900968551636,0.9991083741188049,0,0
cam2,115,1,1120.785400390625,281.728759765625,909.8760375976562,465.062744140625,0.0006578697357326746,6.222291995072737e-05,1,1
cam2,115,2,1914.4017333984375,0.001078999717719853,798.1018676757812,350.9148254394531,0.00042808050056919456,1.5778005035826936e-05,2,2
cam2,115,3,871.314208984375,337.236328125,906.7769165039062,334.3313293457031,0.004723954014480114,0.000813759514130652,-1,-1
cam2,116,0,886.5189819335938,315.7995910644531,889.3426513671875,314.9873352050781,0.9970121383666992,0.9997523427009583,0,0
cam2,116,1,1918.9979248046875,3.5094797611236572,910.4429321289062,457.9482727050781,0.0005354149616323411,7.105725671863183e-05,1,1
cam2,116,2,1120.5955810546875,270.9247131347656,1242.4930419921875,205.49403381347656,0.0006270359735935926,6.898394985910272e-06,2,2
cam2,116,3,876.3650512695312,359.2926025390625,902.9779663085938,358.4911804199219,0.0018253140151500702,0.00016965407121460885,-1,-1
cam2,117,0,882.31884765625,317.9022216796875,885.2933349609375,317.68792724609375,0.9988424181938171,0.9994016885757446,0,0
cam2,117,1,1270.4256591796875,229.88023376464844,1263.0113525390625,222.30267333984375,0.0003195048775523901,0.00010811591346282512,1,1
cam2,117,2,1112.935791015625,269.54193115234375,763.4207153320312,235.3903350830078,0.00012556313595268875,4.2645642679417506e-05,2,2
cam2,117,3,853.890869140625,349.60528564453125,872.087158203125,341.5905456542969,0.0007124777184799314,0.0004475753230508417,-1,-1
cam2,118,0,876.6958618164062,319.85821533203125,878.7595825195312,320.41998291015625,0.9996579885482788,0.9997846484184265,0,0
cam2,118,1,1279.92822265625,247.4491424560547,1280.934814453125,243.54612731933594,8.565625466872007e-05,4.889695628662594e-05,1,1
cam2,118,2,0.0019189995946362615,1071.27099609375,767.1064453125,221.446044921875,1.1081830962211825e-05,7.265513886522967e-06,2,2
cam2,118,3,870.6683959960938,367.6239929199219,880.1095581054688,356.7292785644531,0.00024523510364815593,0.00015928284847177565,-1,-1
cam2,119,0,871.0765380859375,323.2944030761719,869.734375,323.9052429199219,0.9995424747467041,0.9997215867042542,0,0
cam2,119,1,1281.1258544921875,244.77252197265625,1282.59228515625,243.03858947753906,0.0001129522206611,5.7679284509504214e-05,1,1
cam2,119,2,1912.6116943359375,0.6635234951972961,766.4614868164062,219.89120483398438,5.2469931688392535e-05,4.13655761803966e-05,2,2
cam2,119,3,819.2550048828125,374.13525390625,825.6685180664062,364.6690673828125,0.0002921836276073009,0.0001793113915482536,-1,-1
cam2,120,0,865.2329711914062,325.06671142578125,863.9628295898438,325.322998046875,0.9985834360122681,0.9997941851615906,0,0
cam2,120,1,1022.984619140625,303.66357421875,1013.8825073242188,299.327880859375,0.00040833509410731494,4.930382419843227e-05,1,1
cam2,120,2,1273.1978759765625,228.94204711914062,1273.1558837890625,227.15420532226562,0.0002677114971447736,1.2533907465694938e-05,2,2
cam2,120,3,853.081787109375,366.03729248046875,856.0040283203125,354.1405334472656,0.0007406019140034914,0.00014392545563168824,-1,-1
cam2,121,0,859.006591796875,327.9299011230469,857.0836791992188,328.38848876953125,0.9994198083877563,0.9995576739311218,0,0
cam2,121,1,1315.6748046875,289.8647155761719,1014.3729248046875,294.02459716796875,0.00022110210557002574,0.00014089154137764126,1,1
cam2,121,2,1007.2608032226562,285.9080810546875,1310.5302734375,275.8699035644531,4.286439798306674e-05,4.263404116500169e-05,2,2
cam2,121,3,831.7320556640625,376.39031982421875,834.9137573242188,372.95355224609375,0.00031614472391083837,0.0002588405623100698,-1,-1
cam2,122,0,852.9430541992188,332.2590637207031,852.928466796875,334.1831970214844,0.999544084072113,0.9995046854019165,0,0
cam2,122,1,328.7332458496094,587.2640380859375,1152.8953857421875,247.0028839111328,0.00017559163097757846,0.000176958303200081,1,1
cam2,122,2,1310.342529296875,278.3785400390625,319.86102294921875,582.2156982421875,5.21790498169139e-05,2.6468174837646075e-05,2,2
cam2,122,3,821.5778198242188,376.2744445800781,835.6965942382812,351.9546813964844,0.00022806721972301602,0.00029187792097218335,-1,-1
cam2,123,0,847.7439575195312,336.6601257324219,848.73193359375,338.3744812011719,0.999889612197876,0.9998745918273926,0,0
cam2,123,1,320.04254150390625,590.967041015625,320.33343505859375,591.6727294921875,3.035974077647552e-05,3.687623029691167e-05,1,1
cam2,123,2,1311.282470703125,282.6080017089844,1156.2811279296875,244.8595428466797,3.3956625884457026e-06,1.4789042097618221e-06,2,2
cam2,123,3,843.7279663085938,385.8928527832031,834.2593994140625,382.1942443847656,7.66849479987286e-05,8.717067976249382e-05,-1,-1
cam2,124,0,840.7462768554688,340.0604248046875,841.5857543945312,339.5099182128906,0.9998735189437866,0.9990426898002625,0,0
cam2,124,1,338.44659423828125,594.7691650390625,339.58026123046875,596.9998168945312,3.5463282983982936e-05,0.00022358132991939783,1,1
cam2,124,2,1033.744873046875,297.6156005859375,1174.3355712890625,242.566162109375,7.538300906162476e-06,1.984834307222627e-05,2,2
cam2,124,3,805.0485229492188,383.38812255859375,859.0603637695312,373.6683044433594,8.348107076017186e-05,0.0007138146902434528,-1,-1
cam2,125,0,835.7786254882812,343.1196594238281,835.9903564453125,343.66748046875,0.999716579914093,0.9997135996818542,0,0
cam2,125,1,336.8110046386719,596.4595336914062,336.8726806640625,599.180419921875,5.5350345064653084e-05,5.1528953918023035e-05,1,1
cam2,125,2,931.2496948242188,371.0467529296875,934.9049072265625,345.7951965332031,1.5829491530894302e-05,5.754802714363905e-06,2,2
cam2,125,3,846.8062133789062,371.3077697753906,855.404541015625,361.8642578125,0.0002122771111316979,0.0002292289718752727,-1,-1
cam2,126,0,827.9420166015625,347.41094970703125,829.1734008789062,347.34356689453125,0.9997190833091736,0.9989369511604309,0,0
cam2,126,1,330.8094177246094,595.9239501953125,332.0900573730469,601.4404907226562,0.00011207003990421072,0.00041143890121020377,1,1
cam2,126,2,1234.2044677734375,254.19676208496094,930.6015014648438,253.92361450195312,1.234612318512518e-05,8.25590395834297e-05,2,2
cam2,126,3,840.7564697265625,389.56549072265625,834.8410034179688,386.77264404296875,0.00015641897334717214,0.0005691401893272996,-1,-1
cam2,127,0,821.5581665039062,352.244140625,822.5260620117188,351.9532470703125,0.9994925260543823,0.999538779258728,0,0
cam2,127,1,948.2093505859375,367.1269836425781,947.7642822265625,367.7790222167969,9.894112008623779e-05,7.615758659085259e-05,1,1
cam2,127,2,1235.453857421875,243.74099731445312,323.8667907714844,602.1950073242188,2.1082620150991715e-05,4.966321284882724e-06,2,2
cam2,127,3,826.6759643554688,386.4057312011719,848.5003662109375,377.0688781738281,0.0003874870599247515,0.000380117999156937,-1,-1
cam2,128,0,813.38916015625,357.7082824707031,814.1455688476562,357.7019348144531,0.9990320205688477,0.9981486797332764,0,0
cam2,128,1,940.1136474609375,360.78338623046875,938.3153686523438,361.2204895019531,0.00041119777597486973,0.00047013041330501437,1,1
cam2,128,2,1257.3114013671875,246.32122802734375,922.9866943359375,258.5796813964844,4.1533916373737156e-05,2.5159286451525986e-05,2,2
cam2,128,3,796.870849609375,391.0776672363281,813.729736328125,382.0488586425781,0.000515253865160048,0.0013560553779825568,-1,-1
cam2,129,0,805.4285888671875,362.345947265625,806.7664184570312,363.32659912109375,0.9987034797668457,0.9973074197769165,0,0
cam2,129,1,936.8969116210938,352.6220397949219,936.5336303710938,364.501953125,0.0003048681828659028,0.0004503581440076232,1,1
cam2,129,2,1249.83203125,232.98394775390625,926.251220703125,264.3486328125,8.063732093432918e-05,0.0001256894611287862,2,2
cam2,129,3,793.7222900390625,395.2948303222656,861.782958984375,387.97271728515625,0.000910985458176583,0.0021165269427001476,-1,-1
cam2,130,0,798.6738891601562,370.6349182128906,798.836669921875,370.3432312011719,0.9983981251716614,0.9985334873199463,0,0
cam2,130,1,931.8566284179688,358.3612365722656,931.3869018554688,363.8483581542969,0.00020336438319645822,0.00022571589215658605,1,1
cam2,130,2,1013.6771850585938,285.1211242675781,917.73974609375,266.7585144042969,9.065963968168944e-05,5.7117289543384686e-05,2,2
cam2,130,3,824.4625244140625,390.4327392578125,825.5222778320312,387.3141174316406,0.0013078227639198303,0.0011836782796308398,-1,-1
cam2,131,0,792.4021606445312,373.81060791015625,793.3089599609375,372.7950744628906,0.9995763897895813,0.998893678188324,0,0
cam2,131,1,925.7387084960938,363.3518981933594,923.8050537109375,356.8041076660156,0.0002066458691842854,0.0006827767356298864,1,1
cam2,131,2,1023.5934448242188,283.9742736816406,920.2774047851562,265.4717712402344,1.084888481273083e-05,1.5364294085884467e-05,2,2
cam2,131,3,810.4002075195312,391.4127502441406,812.0872802734375,391.89111328125,0.0002062035200651735,0.0004081812221556902,-1,-1
cam2,132,0,784.9480590820312,382.2353210449219,786.087158203125,379.6918029785156,0.9972155094146729,0.9962355494499207,0,0
cam2,132,1,925.93017578125,366.548095703125,929.7681884765625,363.4072570800781,0.00022569653810933232,0.0004540377121884376,1,1
cam2,132,2,1020.8092041015625,284.5140686035156,1021.8203125,291.1224060058594,7.508792623411864e-05,8.659291052026674e-05,2,2
cam2,132,3,798.8079223632812,363.0338439941406,801.3523559570312,352.2652282714844,0.0024835749063640833,0.0032238238491117954,-1,-1
cam2,133,0,780.9730834960938,386.9563293457031,781.276123046875,386.4283142089844,0.9985914826393127,0.9985254406929016,0,0
cam2,133,1,929.6928100585938,365.2191467285156,927.3505859375,365.4544372558594,0.0002788721467368305,0.0003770929470192641,1,1
cam2,133,2,906.4942626953125,274.20269775390625,1025.304931640625,294.51336669921875,2.050437433354091e-05,1.9198416339349933e-05,2,2
cam2,133,3,809.1513061523438,389.9802551269531,805.763916015625,393.74822998046875,0.0011091608321294188,0.0010782700264826417,-1,-1
cam2,134,0,774.2515258789062,390.8372802734375,775.0372924804688,391.6415100097656,0.9986679553985596,0.9987014532089233,0,0
cam2,134,1,1020.8875122070312,289.8669128417969,927.0391845703125,376.7002258300781,0.00014103783178143203,0.0001366545184282586,1,1
cam2,134,2,926.9334716796875,364.3349914550781,1062.1585693359375,695.634033203125,4.0301718399859965e-05,3.721652683452703e-05,2,2
cam2,134,3,815.6160278320312,406.6240539550781,820.7564697265625,404.8550109863281,0.0011505673173815012,0.0011246115900576115,-1,-1
cam2,135,0,765.7254028320312,396.7514343261719,767.6759033203125,397.61016845703125,0.999045193195343,0.9992202520370483,0,0
cam2,135,1,1028.972412109375,296.569091796875,1065.5277099609375,701.1556396484375,3.0098672141321003e-05,3.3520984288770705e-05,1,1
cam2,135,2,925.9556274414062,372.0223388671875,1016.6502685546875,284.2308044433594,6.340177606034558e-06,4.761265245178947e-06,2,2
cam2,135,3,734.0175170898438,442.4408264160156,739.9749755859375,434.9230651855469,0.0009183443034999073,0.0007415139116346836,-1,-1
cam2,136,0,754.1054077148438,409.14849853515625,753.3388671875,409.9936828613281,0.9996588230133057,0.9997159838676453,0,0
cam2,136,1,933.4165649414062,386.13543701171875,1068.6009521484375,705.3054809570312,7.347600330831483e-05,1.781908213160932e-05,1,1
cam2,136,2,1025.2471923828125,296.6485900878906,922.0707397460938,370.6674499511719,5.698113454855047e-06,3.6738422295456985e-06,2,2
cam2,136,3,733.2488403320312,446.14239501953125,752.3093872070312,426.7069396972656,0.00026198741397820413,0.00026240124134346843,-1,-1
cam2,137,0,742.2344970703125,418.7871398925781,743.0360717773438,418.94610595703125,0.998656153678894,0.9991276860237122,0,0
cam2,137,1,628.2376098632812,494.2275085449219,1071.0513916015625,701.816162109375,0.00010289476631442085,4.490614446694963e-05,1,1
cam2,137,2,1259.44775390625,241.06106567382812,917.2603149414062,366.6580505371094,3.243107857997529e-05,1.61715015565278e-05,2,2
cam2,137,3,764.064208984375,437.5007629394531,757.1156616210938,441.7600402832031,0.001208587782457471,0.0008112479699775577,-1,-1
cam2,138,0,731.7520751953125,427.8292541503906,731.6221923828125,428.2923889160156,0.9985620379447937,0.9987524747848511,0,0
cam2,138,1,1918.9979248046875,1.468657374382019,1918.9979248046875,1.2981199026107788,0.00026501264073885977,0.00022227711451705545,1,1
cam2,138,2,0.0019189995946362615,1071.8345947265625,923.0562133789062,375.1429138183594,0.0002768307749647647,0.00025229292805306613,2,2
cam2,138,3,704.64501953125,458.08441162109375,697.1871948242188,452.96502685546875,0.0008961270796135068,0.0007729118224233389,-1,-1
cam2,139,0,721.7528686523438,437.0390625,721.388916015625,438.5011901855469,0.9991286396980286,0.9991724491119385,0,0
cam2,139,1,1918.5352783203125,1.281528353691101,1918.9979248046875,1.8795160055160522,0.00020953449711669236,0.00018790236208587885,1,1
cam2,139,2,0.0019189995946362615,14.290032386779785,0.0019189995946362615,13.150851249694824,8.423942927038297e-05,8.416876517003402e-05,2,2
cam2,139,3,730.1792602539062,453.29193115234375,720.41796875,445.9957580566406,0.0005777013720944524,0.0005553829832933843,-1,-1
cam2,140,0,712.9400024414062,448.72662353515625,712.2410278320312,450.03271484375,0.9983088970184326,0.9986186027526855,0,0
cam2,140,1,1918.2296142578125,11.81764030456543,1918.479736328125,14.163101196289062,0.0001536103372927755,0.00012467135093174875,1,1
cam2,140,2,0.0019189995946362615,14.114153861999512,757.2992553710938,209.5131378173828,0.0001527019776403904,0.0001399366883561015,2,2
cam2,140,3,731.6414184570312,455.4667663574219,730.4546508789062,452.3741455078125,0.0013847191585227847,0.0011169319041073322,-1,-1
cam2,141,0,702.3255004882812,458.0284118652344,702.0264892578125,458.2485046386719,0.9993384480476379,0.9987353682518005,0,0
cam2,141,1,1918.9979248046875,10.480453491210938,774.162841796875,215.58123779296875,0.00010631673649186268,0.00018395007646176964,1,1
cam2,141,2,765.5132446289062,218.8009033203125,1269.2413330078125,224.86016845703125,0.0001360969035886228,0.0001592037151567638,2,2
cam2,141,3,691.666259765625,474.65191650390625,680.8290405273438,465.7339172363281,0.00041919358773157,0.0009215656900778413,-1,-1
cam2,142,0,690.8668212890625,471.1064453125,690.9287109375,471.4096374511719,0.9994064569473267,0.9992733597755432,0,0
cam2,142,1,1918.9979248046875,10.708189010620117,1918.9979248046875,2.370117425918579,8.562858420191333e-05,8.968052134150639e-05,1,1
cam2,142,2,1908.431884765625,1072.748779296875,916.9965209960938,383.4647521972656,5.8465335314394906e-05,5.6715114624239504e-05,2,2
cam2,142,3,688.806396484375,468.37615966796875,675.0482788085938,463.9299011230469,0.000449395680334419,0.0005802733357995749,-1,-1
cam2,143,0,678.8816528320312,482.55401611328125,678.1861572265625,483.9245910644531,0.9994725584983826,0.999270498752594,0,0
cam2,143,1,1918.9979248046875,2.7790651321411133,1918.9979248046875,2.591372489929199,4.129600347368978e-05,5.5939919548109174e-05,1,1
cam2,143,2,1910.3255615234375,1073.8885498046875,1910.270751953125,1073.9844970703125,3.3380896638846025e-05,4.0155486203730106e-05,2,2
cam2,143,3,714.0560913085938,471.9960632324219,697.0147705078125,467.6932067871094,0.00045279026380740106,0.0006334043573588133,-1,-1
cam2,144,0,666.936767578125,498.1106872558594,668.2268676757812,494.69024658203125,0.9984509944915771,0.9995980858802795,0,0
cam2,144,1,1918.9979248046875,1.3697466850280762,1918.9979248046875,2.3982481956481934,0.00023988645989447832,1.989199881791137e-05,1,1
cam2,144,2,0.0019189995946362615,13.17674446105957,0.0019189995946362615,13.906351089477539,0.00021220034977886826,1.964682996913325e-05,2,2
cam2,144,3,700.075927734375,485.50115966796875,724.2525634765625,478.15081787109375,0.0010969247668981552,0.0003623426309786737,-1,-1
cam2,145,0,656.6328735351562,509.92559814453125,655.7539672851562,509.50860595703125,0.9978887438774109,0.9964930415153503,0,0
cam2,145,1,1737.1407470703125,380.36322021484375,1.2054072618484497,1078.6632080078125,0.00031918613240122795,0.00038732081884518266,1,1
cam2,145,2,0.0019189995946362615,1072.48681640625,0.0019189995946362615,11.76276969909668,0.00022857915610074997,0.00027204371872358024,2,2
cam2,145,3,702.2898559570312,484.5721130371094,682.5098266601562,483.24578857421875,0.001563429832458496,0.002847486874088645,-1,-1
cam2,146,0,643.038818359375,525.9157104492188,643.3829956054688,526.57568359375,0.9980009198188782,0.9979466795921326,0,0
cam2,146,1,167.4297637939453,680.2874145507812,167.18466186523438,680.6380615234375,0.000275593891274184,0.00021886872127652168,1,1
cam2,146,2,1907.9276123046875,0.001078999717719853,1907.669189453125,0.001078999717719853,0.00018226019165012985,0.0001481804356444627,2,2
cam2,146,3,689.2960815429688,482.4137878417969,666.5234985351562,482.8367614746094,0.0015413259388878942,0.0016862591728568077,-1,-1
cam2,147,0,630.3496704101562,540.4830932617188,630.4267578125,540.9611206054688,0.9980241060256958,0.9984434247016907,0,0
cam2,147,1,1918.9979248046875,9.493550300598145,1918.9979248046875,9.963822364807129,0.00028928727260790765,0.0001895690365927294,1,1
cam2,147,2,1907.72998046875,1073.805908203125,0.0019189995946362615,12.547611236572266,0.0001470315473852679,0.00010071651195175946,2,2
cam2,147,3,674.3980712890625,489.81597900390625,667.6611328125,488.26751708984375,0.0015395679511129856,0.0012662577209994197,-1,-1
cam2,148,0,619.4466552734375,545.6931762695312,619.5751953125,545.9723510742188,0.9972749352455139,0.9973112344741821,0,0
cam2,148,1,1918.9979248046875,12.460643768310547,2.935100793838501,1078.9989013671875,0.0003665168769657612,0.00029045381234027445,1,1
cam2,148,2,0.0019189995946362615,12.667098999023438,0.0019189995946362615,12.820734024047852,0.00016231517656706274,0.00012347158917691559,2,2
cam2,148,3,645.0133666992188,489.2530517578125,642.7584838867188,485.5446472167969,0.002196225803345442,0.002274764934554696,-1,-1
cam2,149,0,607.994873046875,546.6925659179688,608.0831298828125,546.7845458984375,0.9970376491546631,0.99641352891922,0,0
cam2,149,1,123.7378921508789,672.5338134765625,123.90576171875,673.7428588867188,0.0009649533894844353,0.0011662186589092016,1,1
cam2,149,2,682.4583740234375,164.43101501464844,1257.01806640625,242.66165161132812,0.0002835224149748683,0.0002890544128604233,2,2
cam2,149,3,635.6441650390625,495.28826904296875,621.0986938476562,492.9124450683594,0.0017138546099886298,0.00213133217766881,-1,-1
cam2,150,0,595.5567626953125,543.8355712890625,594.82080078125,544.0715942382812,0.9980765581130981,0.9971666932106018,0,0
cam2,150,1,1210.307373046875,455.62408447265625,932.0965576171875,384.4399108886719,0.00047721213195472956,0.0004645774024538696,1,1
cam2,150,2,916.5533447265625,380.2519226074219,87.94215393066406,664.3887939453125,0.00015023766900412738,0.00014216046838555485,2,2
cam2,150,3,625.0927124023438,507.7255859375,603.4591064453125,507.130859375,0.0012959858868271112,0.0022265396546572447,-1,-1
cam2,151,0,584.2280883789062,541.536376953125,584.1243286132812,541.4397583007812,0.997806966304779,0.9976533055305481,0,0
cam2,151,1,1210.206787109375,452.9853820800781,931.917724609375,386.3607177734375,0.00031426968052983284,0.0002500826958566904,1,1
cam2,151,2,917.7066650390625,386.3216552734375,1050.6258544921875,397.9983215332031,0.000125153484987095,0.00010761709563666955,2,2
cam2,151,3,623.2763061523438,508.42437744140625,607.8740844726562,509.24957275390625,0.0017535946099087596,0.0019889932591468096,-1,-1
cam2,152,0,572.59326171875,538.2022094726562,572.7379150390625,538.4017944335938,0.9990977048873901,0.9991453886032104,0,0
cam2,152,1,1241.01123046875,447.5271301269531,930.6389770507812,390.19525146484375,0.00019844676717184484,9.725891140988097e-05,1,1
cam2,152,2,919.9467163085938,386.7118835449219,1056.21484375,695.7351684570312,4.469054692890495e-05,2.742761716945097e-05,2,2
cam2,152,3,616.905029296875,528.0438842773438,624.7999267578125,513.7196044921875,0.0006591822020709515,0.0007298339623957872,-1,-1
cam2,153,0,562.0155029296875,536.7092895507812,563.7401123046875,537.4986572265625,0.9998654127120972,0.9997887015342712,0,0
cam2,153,1,935.9642333984375,392.6331481933594,927.9586791992188,381.2923278808594,1.4009823644300923e-05,1.3328988643479533e-05,1,1
cam2,153,2,1231.409423828125,442.9934387207031,1107.7830810546875,276.3926086425781,3.1462620881939074e-06,4.482032181840623e-06,2,2
cam2,153,3,611.8265991210938,535.8246459960938,617.166259765625,522.5684814453125,0.00011743791401386261,0.00019340582366567105,-1,-1
cam2,154,0,549.6687622070312,534.7413330078125,549.054443359375,535.0286254882812,0.9999058246612549,0.9998257756233215,0,0
cam2,154,1,936.1127319335938,392.6277160644531,1093.17529296875,402.4245910644531,1.557460564072244e-05,3.246069900342263e-05,1,1
cam2,154,2,1542.278564453125,195.51727294921875,982.7987670898438,366.4720458984375,7.436825399054214e-06,1.1687635378621053e-05,2,2
cam2,154,3,613.7674560546875,534.5169067382812,596.4564819335938,529.4432373046875,7.119786459952593e-05,0.00013017670426052064,-1,-1
cam2,155,0,534.2646484375,533.349853515625,533.68994140625,533.9561157226562,0.9998894929885864,0.9997994303703308,0,0
cam2,155,1,1354.5050048828125,277.3551940917969,1094.8482666015625,400.7308654785156,2.6659608920454048e-05,3.2793584978207946e-05,1,1
cam2,155,2,917.2373046875,383.0169677734375,978.6033935546875,364.6009521484375,1.0499612471903674e-05,1.0300366739102174e-05,2,2
cam2,155,3,580.1421508789062,554.4244384765625,565.178466796875,539.8828735351562,7.325148180825636e-05,0.00015756119682919234,-1,-1
cam2,156,0,520.58935546875,533.3761596679688,519.2421875,533.653076171875,0.9998377561569214,0.9998499155044556,0,0
cam2,156,1,1357.169921875,277.15667724609375,1507.27734375,612.1249389648438,4.238168185111135e-05,2.4808749003568664e-05,1,1
cam2,156,2,911.8184204101562,390.85791015625,982.0242919921875,358.1524353027344,1.3254206351120956e-05,8.978537152870558e-06,2,2
cam2,156,3,556.4906005859375,558.800048828125,556.509521484375,546.7059326171875,0.0001066016047843732,0.00011629273649305105,-1,-1
cam2,157,0,504.9610595703125,533.679443359375,505.0154724121094,534.3685913085938,0.9998880624771118,0.9998692274093628,0,0
cam2,157,1,1012.3219604492188,290.8540954589844,1507.5286865234375,612.0369873046875,2.508347824914381e-05,1.5517016436206177e-05,1,1
cam2,157,2,1340.85009765625,275.2198486328125,926.727294921875,459.22418212890625,7.405983524222393e-06,5.258465989754768e-06,2,2
cam2,157,3,548.2681884765625,562.615234375,537.6654052734375,555.4207153320312,7.94604784459807e-05,0.00011000238737324253,-1,-1
cam2,158,0,491.89227294921875,533.8076782226562,491.4641418457031,534.6005859375,0.9999289512634277,0.9998592138290405,0,0
cam2,158,1,999.8723754882812,289.737060546875,947.9069213867188,461.72369384765625,1.2673363016801886e-05,1.3547141861636192e-05,1,1
cam2,158,2,1075.8292236328125,402.9432067871094,986.8435668945312,290.510986328125,5.421899459179258e-06,4.4509242798085324e-06,2,2
cam2,158,3,555.0761108398438,562.264404296875,530.6380004882812,558.3198852539062,5.302084900904447e-05,0.00012281611270736903,-1,-1
cam2,159,0,475.6016540527344,533.2651977539062,475.85308837890625,534.2294311523438,0.9999334812164307,0.9998478889465332,0,0
cam2,159,1,971.804443359375,287.1965637207031,1088.9581298828125,403.53228759765625,9.934256922861096e-06,1.1789610653067939e-05,1,1
cam2,159,2,1075.1240234375,399.5352783203125,917.61962890625,462.07830810546875,4.2430201574461535e-06,3.141853312627063e-06,2,2
cam2,159,3,533.1726684570312,568.6138916015625,517.3671264648438,559.024658203125,5.2310253522591665e-05,0.00013722613221034408,-1,-1
cam2,160,0,460.7142333984375,533.3805541992188,460.94329833984375,534.2052612304688,0.9998953342437744,0.9998821020126343,0,0
cam2,160,1,968.3475341796875,285.4134216308594,1094.5545654296875,399.2856750488281,1.0985916560457554e-05,9.101003342948388e-06,1,1
cam2,160,2,1075.7730712890625,398.98626708984375,901.7569580078125,479.51348876953125,5.2402201617951505e-06,2.808132194331847e-06,2,2
cam2,160,3,535.2071533203125,553.8212280273438,514.253173828125,557.6197509765625,8.840586815495044e-05,0.00010597270011203364,-1,-1
cam2,161,0,443.2142028808594,534.6219482421875,443.7971496582031,535.1026000976562,0.9998681545257568,0.9997355341911316,0,0
cam2,161,1,942.712890625,274.8114929199219,860.4862060546875,380.99908447265625,1.2827807040594053e-05,2.2791549781686626e-05,1,1
cam2,161,2,1077.3546142578125,399.32208251953125,890.6686401367188,487.9295654296875,5.318750936567085e-06,6.5177323449461255e-06,2,2
cam2,161,3,555.81591796875,548.8915405273438,510.3796691894531,566.1171875,0.00011353968875482678,0.00023516413057222962,-1,-1
cam2,162,0,426.9190673828125,537.0203247070312,427.8334655761719,536.5317993164062,0.9998856782913208,0.9997573494911194,0,0
cam2,162,1,931.9728393554688,281.53662109375,858.120849609375,382.25323486328125,1.1067043487855699e-05,3.183310400345363e-05,1,1
cam2,162,2,1250.87451171875,283.76513671875,918.7930297851562,279.7391052246094,6.653363016084768e-06,1.1035629540856462e-05,2,2
cam2,162,3,581.579345703125,553.6732788085938,544.3389282226562,560.7658081054688,9.655714529799297e-05,0.00019972817972302437,-1,-1
cam2,163,0,409.6298522949219,538.173828125,410.3487854003906,538.8975219726562,0.999893069267273,0.9998458623886108,0,0
cam2,163,1,922.112548828125,288.2601623535156,858.1041870117188,379.9919738769531,8.613415957370307e-06,1.0726242180680856e-05,1,1
cam2,163,2,1251.9346923828125,271.20599365234375,912.677734375,282.1646728515625,3.292880137450993e-06,4.956971679348499e-06,2,2
cam2,163,3,564.4328002929688,542.4102172851562,558.1243896484375,541.2324829101562,9.495585254626349e-05,0.00013838538143318146,-1,-1
cam2,164,0,389.9373474121094,540.5701293945312,389.5127258300781,540.9852905273438,0.9998420476913452,0.9997351765632629,0,0
cam2,164,1,919.1513061523438,295.3718566894531,925.9373168945312,281.93914794921875,8.30191947898129e-06,1.3691361345991027e-05,1,1
cam2,164,2,832.6643676757812,315.5440673828125,841.4989624023438,378.0469055175781,4.184192221146077e-06,7.002493020991096e-06,2,2
cam2,164,3,529.6585693359375,542.7313842773438,506.55645751953125,555.0048828125,0.00014536824892275035,0.00024403733550570905,-1,-1
cam2,165,0,370.3626708984375,545.1222534179688,370.4759826660156,545.6105346679688,0.9997982382774353,0.9997866749763489,0,0
cam2,165,1,929.4649047851562,278.88812255859375,933.9639282226562,280.0821533203125,1.975538907572627e-05,1.7830932847573422e-05,1,1
cam2,165,2,1117.510009765625,253.6766357421875,1358.240478515625,634.8103637695312,5.546839929593261e-06,6.632515123783378e-06,2,2
cam2,165,3,502.8714904785156,545.4620971679688,489.6436462402344,556.6963500976562,0.00017641216982156038,0.00018873036606237292,-1,-1
cam2,166,0,353.3888244628906,547.6105346679688,353.24261474609375,548.697998046875,0.9999048709869385,0.9998558759689331,0,0
cam2,166,1,928.2048950195312,280.200439453125,933.0929565429688,283.2929992675781,5.513323685590876e-06,7.1576741902390495e-06,1,1
cam2,166,2,910.6404418945312,350.7661437988281,919.572509765625,363.94561767578125,1.5191876627795864e-06,2.2924607492313953e-06,2,2
cam2,166,3,525.2113037109375,545.018798828125,516.0687255859375,550.3505859375,8.810606959741563e-05,0.00013467430835589767,-1,-1
cam2,167,0,327.59576416015625,552.8797607421875,327.26837158203125,552.8189086914062,0.9999277591705322,0.9999039173126221,0,0
cam2,167,1,927.5590209960938,275.6789245605469,1365.36572265625,626.7031860351562,4.927827831124887e-06,6.467420917033451e-06,1,1
cam2,167,2,1340.962890625,289.0361022949219,917.10791015625,287.1977233886719,2.0859488358837552e-06,3.858405762002803e-06,2,2
cam2,167,3,503.3443603515625,569.388427734375,480.9456787109375,588.618408203125,6.534674321301281e-05,8.584801980759948e-05,-1,-1
cam2,168,0,303.896240234375,557.4111938476562,305.4861755371094,557.8234252929688,0.9998364448547363,0.9996073842048645,0,0
cam2,168,1,925.9859008789062,261.1402893066406,1360.5404052734375,628.0031127929688,6.613207915506791e-06,3.2577867386862636e-05,1,1
cam2,168,2,180.0940704345703,649.317138671875,1597.2032470703125,676.4166870117188,2.6922100460069487e-06,1.5840327250771224e-05,2,2
cam2,168,3,474.7191162109375,564.8275756835938,520.3584594726562,589.5256958007812,0.00015419615374412388,0.0003442411543801427,-1,-1
cam2,169,0,279.8843994140625,564.9531860351562,281.95147705078125,564.5018920898438,0.9998714923858643,0.9997280240058899,0,0
cam2,169,1,192.56260681152344,636.9241943359375,192.02952575683594,633.6011962890625,8.380919098271988e-06,1.9195158529328182e-05,1,1
cam2,169,2,909.8680419921875,265.0057373046875,673.4766845703125,200.12315368652344,4.2629226300050505e-06,8.928637726057786e-06,2,2
cam2,169,3,448.8631591796875,574.8991088867188,445.27825927734375,578.1055297851562,0.00011579877900658175,0.00024383691197726876,-1,-1
cam2,170,0,252.32501220703125,571.6422729492188,252.21923828125,572.3831787109375,0.9998998641967773,0.999626636505127,0,0
cam2,170,1,929.4325561523438,265.3043518066406,980.0487060546875,322.9809265136719,1.564540434628725e-05,4.937743142363615e-05,1,1
cam2,170,2,913.9463500976562,354.6441955566406,673.0258178710938,199.8638153076172,5.34226910531288e-06,1.6092755686258897e-05,2,2
cam2,170,3,480.2516784667969,602.3701782226562,460.8298645019531,614.659423828125,7.917608309071511e-05,0.0003078749286942184,-1,-1
cam2,171,0,228.71595764160156,578.5059814453125,229.9197235107422,580.100341796875,0.999915599822998,0.9993521571159363,0,0
cam2,171,1,931.6692504882812,259.16436767578125,977.49609375,321.518310546875,5.38297490493278e-06,4.855755469179712e-05,1,1
cam2,171,2,1203.1810302734375,257.1832275390625,912.2733764648438,278.2274169921875,1.5675661870773183e-06,8.23667778604431e-06,2,2
cam2,171,3,450.05242919921875,583.0545654296875,420.23675537109375,609.151611328125,7.743648893665522e-05,0.0005910490872338414,-1,-1
cam2,172,0,207.63821411132812,581.570068359375,206.98638916015625,585.2857666015625,0.9998685121536255,0.999616265296936,0,0
cam2,172,1,821.3693237304688,303.39337158203125,840.9752807617188,316.97894287109375,8.295689440274145e-06,2.3134176444727927e-05,1,1
cam2,172,2,908.66845703125,261.09552001953125,960.5408935546875,318.49835205078125,3.3707410693750717e-06,8.680679457029328e-06,2,2
cam2,172,3,453.09326171875,574.383056640625,435.9543762207031,583.0133056640625,0.00011976859241258353,0.00035184339503757656,-1,-1
cam2,173,0,192.57107543945312,583.4907836914062,192.0726776123047,601.9744873046875,0.9985901713371277,0.9989935755729675,0,0
cam2,173,1,822.4647216796875,301.60321044921875,830.2879638671875,317.112060546875,9.387436875840649e-05,9.701302769826725e-05,1,1
cam2,173,2,1205.0601806640625,262.3725891113281,296.1210632324219,618.9595336914062,9.115081775235012e-05,2.3976757802302018e-05,2,2
cam2,173,3,438.746826171875,639.2169189453125,393.095703125,614.0052490234375,0.0012246789410710335,0.000885438232216984,-1,-1
cam2,174,0,180.5312957763672,580.1561279296875,188.1726837158203,631.9641723632812,0.877396285533905,0.9619356393814087,0,0
cam2,174,1,986.1130981445312,298.68890380859375,938.1461181640625,338.7952575683594,0.018042268231511116,0.00485696317628026,1,1
cam2,174,2,1124.2606201171875,295.2744445800781,150.04861450195312,586.4470825195312,0.01785513013601303,0.004815045278519392,2,2
cam2,174,3,356.5419921875,638.888916015625,337.1822204589844,631.6813354492188,0.08670634776353836,0.02839234657585621,-1,-1
cam2,175,0,998.5001220703125,295.8005065917969,932.3201904296875,335.5027160644531,0.00014690023090224713,0.2230602502822876,0,0
cam2,175,1,170.44302368164062,580.1333618164062,188.1315155029297,651.0563354492188,0.4087829887866974,0.15454640984535217,1,1
cam2,175,2,144.96414184570312,654.7216796875,141.88006591796875,587.3336791992188,0.05922292172908783,0.07022687047719955,2,2
cam2,175,3,369.40802001953125,526.7222290039062,306.5277099609375,603.7984619140625,0.5318472385406494,0.5521664619445801,-1,-1
cam2,176,0,82.1202621459961,630.0406494140625,80.69178771972656,635.1261596679688,0.9733002185821533,0.9800497889518738,0,0
cam2,176,1,1002.53564453125,294.4337463378906,935.2073364257812,345.1593322753906,0.0022089751437306404,0.0015196000458672643,1,1
cam2,176,2,910.8777465820312,344.8445129394531,158.78182983398438,601.9613647460938,0.0020894112531095743,0.0011337517062202096,2,2
cam2,176,3,342.1730041503906,605.0099487304688,358.4141540527344,620.2422485351562,0.022401366382837296,0.017296794801950455,-1,-1
cam2,177,0,56.50554656982422,648.628662109375,54.499839782714844,652.7437744140625,0.9895625710487366,0.9912238121032715,0,0
cam2,177,1,1015.1790771484375,292.6253356933594,936.6340942382812,344.304931640625,0.0006140414625406265,0.0006189532577991486,1,1
cam2,177,2,913.1827392578125,336.3570556640625,882.86083984375,460.59234619140625,0.0010095962788909674,0.0006413498194888234,2,2
cam2,177,3,369.78009033203125,579.0015258789062,349.97137451171875,615.5664672851562,0.008813891559839249,0.007515851408243179,-1,-1
cam2,178,0,75.9617691040039,629.4761962890625,74.51171112060547,635.9732055664062,0.9971886277198792,0.9760623574256897,0,0
cam2,178,1,935.1115112304688,347.6621398925781,149.39199829101562,595.4815673828125,0.00014118794933892787,0.0024813793133944273,1,1
cam2,178,2,857.8165893554688,310.819091796875,662.2066650390625,369.1011047363281,0.00016212477930821478,0.0018413887592032552,2,2
cam2,178,3,373.2197265625,630.0444946289062,400.8136901855469,564.8612670898438,0.002508024452254176,0.019614731892943382,-1,-1
cam2,179,0,68.06839752197266,612.55859375,59.88389205932617,612.74365234375,0.9993155002593994,0.98306804895401,0,0
cam2,179,1,935.6170654296875,353.03424072265625,151.45152282714844,576.8287963867188,4.072620868100785e-05,0.004036413971334696,1,1
cam2,179,2,1013.369140625,296.14453125,140.9727325439453,644.6649169921875,2.9696839192183688e-05,0.000683185295201838,2,2
cam2,179,3,375.3345947265625,592.8446655273438,367.0048828125,649.9195556640625,0.0006140493205748498,0.012212307192385197,-1,-1
cam2,180,0,86.1388931274414,600.9335327148438,184.05670166015625,567.0310668945312,0.950552225112915,0.9115347266197205,0,0
cam2,180,1,184.12828063964844,572.5625,82.80541229248047,608.8742065429688,0.005498667247593403,0.009079367853701115,1,1
cam2,180,2,912.740234375,355.0838623046875,905.8271484375,277.73822021484375,0.007463659159839153,0.003105567069724202,2,2
cam2,180,3,342.8831787109375,623.7532348632812,339.61822509765625,607.8618774414062,0.036485351622104645,0.07628024369478226,-1,-1
cam2,181,0,212.89244079589844,554.4155883789062,214.72447204589844,556.6614990234375,0.9991746544837952,0.9979346990585327,0,0
cam2,181,1,933.8007202148438,358.4638671875,931.0553588867188,277.1385498046875,7.238124089781195e-05,0.0004088914138264954,1,1
cam2,181,2,897.7391967773438,256.7406005859375,906.6963500976562,371.9190673828125,1.8882836229749955e-05,6.691087037324905e-05,2,2
cam2,181,3,401.7843933105469,588.9011840820312,404.8475341796875,543.615478515625,0.0007339599542319775,0.0015895393444225192,-1,-1
cam2,182,0,250.4464569091797,534.1723022460938,250.7589569091797,534.0569458007812,0.9992412328720093,0.9987039566040039,0,0
cam2,182,1,154.77932739257812,623.7355346679688,923.4149780273438,280.55645751953125,5.0787744839908555e-05,0.00010960637155221775,1,1
cam2,182,2,89.73709869384766,624.9149780273438,907.8776245117188,390.8924255371094,1.162376156571554e-05,2.048467649728991e-05,2,2
cam2,182,3,397.4815979003906,577.5011596679688,400.87115478515625,584.5697631835938,0.000696349423378706,0.0011659051524475217,-1,-1
cam2,183,0,284.2433166503906,515.076904296875,283.8931884765625,515.996337890625,0.9996336698532104,0.9993222951889038,0,0
cam2,183,1,1686.5997314453125,377.41510009765625,920.3240966796875,274.764892578125,1.3610250789497513e-05,3.6804751289309934e-05,1,1
cam2,183,2,1243.059814453125,224.9348907470703,907.119384765625,394.5415344238281,4.407012056617532e-06,8.912817065720446e-06,2,2
cam2,183,3,437.1328430175781,553.6527099609375,423.9141540527344,566.428466796875,0.0003482809115666896,0.0006319651729427278,-1,-1
cam2,184,0,315.2458801269531,498.582275390625,314.4719543457031,499.0869140625,0.9997183680534363,0.999466598033905,0,0
cam2,184,1,1259.6915283203125,227.5474090576172,924.412353515625,277.4449157714844,9.993983439926524e-06,2.8381155061651953e-05,1,1
cam2,184,2,1667.974609375,378.7028503417969,1338.802490234375,623.1683959960938,3.329623950776295e-06,6.497920367110055e-06,2,2
cam2,184,3,432.7365417480469,545.7069702148438,421.2828369140625,554.5433349609375,0.0002682932245079428,0.0004984700353816152,-1,-1
cam2,185,0,341.843017578125,486.4598388671875,341.8401794433594,487.2544250488281,0.99934321641922,0.9993945360183716,0,0
cam2,185,1,1267.7340087890625,226.06744384765625,1363.5255126953125,619.2759399414062,6.424018647521734e-05,8.192603127099574e-05,1,1
cam2,185,2,1010.966796875,285.322265625,910.4373779296875,279.027587890625,1.3193146514822729e-05,1.8540098608355038e-05,2,2
cam2,185,3,439.78057861328125,507.3135681152344,435.5709533691406,516.80908203125,0.000579355051741004,0.0005049042520113289,-1,-1
cam2,186,0,362.4712829589844,477.6977233886719,361.9289855957031,478.2806396484375,0.9943106174468994,0.9857579469680786,0,0
cam2,186,1,266.1092529296875,554.3563842773438,1272.3856201171875,219.82994079589844,0.0005341676296666265,0.0016884267097339034,1,1
cam2,186,2,1235.700439453125,240.56704711914062,929.5693359375,461.82196044921875,8.135868847602978e-05,0.00020529386529233307,2,2
cam2,186,3,424.0166015625,510.5244140625,399.5762023925781,517.4426879882812,0.005073866806924343,0.012348330579698086,-1,-1
cam2,187,0,387.21697998046875,466.80645751953125,386.9060363769531,467.0039978027344,0.9960612654685974,0.9943504929542542,0,0
cam2,187,1,1361.8160400390625,265.3132629394531,1279.1142578125,223.8263397216797,0.0003245639964006841,0.0006310995086096227,1,1
cam2,187,2,1648.2457275390625,379.4988098144531,929.113037109375,457.68035888671875,5.147281990502961e-05,9.993680578190833e-05,2,2
cam2,187,3,420.9045104980469,500.17694091796875,402.958740234375,512.4874267578125,0.0035627996549010277,0.0049185557290911674,-1,-1
cam2,188,0,407.1282958984375,457.40374755859375,405.9376220703125,458.0404357910156,0.9857388734817505,0.9793031811714172,0,0
cam2,188,1,1360.4107666015625,265.50830078125,1272.6337890625,230.27178955078125,0.0012403717264533043,0.0018134230049327016,1,1
cam2,188,2,1653.2724609375,380.6327819824219,923.8858642578125,458.60589599609375,0.00037540949415415525,0.0005424586706794798,2,2
cam2,188,3,411.1774597167969,498.8717041015625,404.7266845703125,509.46466064453125,0.012645336799323559,0.018340835347771645,-1,-1
cam2,189,0,429.69940185546875,447.9184875488281,429.3349609375,448.3933410644531,0.9864231944084167,0.9849324822425842,0,0
cam2,189,1,315.8954162597656,540.6373901367188,1261.1240234375,242.90931701660156,0.0011340636992827058,0.0020807068794965744,1,1
cam2,189,2,1662.128662109375,378.0837097167969,1657.390869140625,387.9691467285156,0.00015941551828291267,0.0002239480963908136,2,2
cam2,189,3,440.2752685546875,486.13372802734375,418.2724914550781,495.7696533203125,0.0122833251953125,0.012762965634465218,-1,-1
cam2,190,0,444.5881042480469,441.36163330078125,445.03765869140625,440.2149353027344,0.9962130784988403,0.9915283918380737,0,0
cam2,190,1,938.05078125,283.3352355957031,1246.445068359375,257.5304870605469,0.00021892297081649303,0.0011316790478304029,1,1
cam2,190,2,913.2069702148438,359.8963623046875,1665.834716796875,377.2285461425781,7.052790897432715e-05,0.0001031197389238514,2,2
cam2,190,3,463.927490234375,495.7433776855469,434.49212646484375,484.09344482421875,0.003497500205412507,0.007236918434500694,-1,-1
cam2,191,0,460.87811279296875,435.29754638671875,461.60223388671875,434.35296630859375,0.9968175888061523,0.9890937805175781,0,0
cam2,191,1,933.1091918945312,270.502197265625,1248.323974609375,251.57318115234375,0.0003119298489764333,0.001330192550085485,1,1
cam2,191,2,1207.309326171875,271.8704528808594,910.9375610351562,354.2316589355469,5.409430377767421e-05,0.00011169305071234703,2,2
cam2,191,3,476.88922119140625,458.1099853515625,435.9622497558594,473.5618591308594,0.002816404215991497,0.009464334696531296,-1,-1
cam2,192,0,475.1591491699219,428.3331298828125,475.9626159667969,427.80029296875,0.9776638150215149,0.9826356172561646,0,0
cam2,192,1,934.6237182617188,260.8135986328125,1240.648681640625,256.8772277832031,0.0026503053959459066,0.0019301746506243944,1,1
cam2,192,2,902.9868774414062,393.53851318359375,913.9453125,372.1187438964844,0.00023194801178760827,0.00023523782147094607,2,2
cam2,192,3,456.6714172363281,450.06268310546875,434.4334716796875,467.5836181640625,0.019453955814242363,0.015198891051113605,-1,-1
cam2,193,0,491.69622802734375,423.83642578125,491.83685302734375,426.35833740234375,0.9535747170448303,0.9928279519081116,0,0
cam2,193,1,936.1704711914062,371.02960205078125,1230.628173828125,262.597412109375,0.006284940987825394,0.0011833541793748736,1,1
cam2,193,2,915.6016235351562,262.7885437011719,486.44091796875,314.5762634277344,0.0008792267763055861,9.612581197870895e-05,2,2
cam2,193,3,474.1907958984375,424.1292419433594,481.4241943359375,443.5390319824219,0.039261117577552795,0.005892610643059015,-1,-1
cam2,194,0,504.7867431640625,419.4189758300781,503.6031799316406,419.4464111328125,0.9959218502044678,0.9742891192436218,0,0
cam2,194,1,932.3509521484375,365.28045654296875,931.2488403320312,366.0973205566406,0.0004664451698772609,0.004722442477941513,1,1
cam2,194,2,293.9875793457031,548.851318359375,873.2185668945312,256.2696228027344,4.340954183135182e-05,0.00016947170661296695,2,2
cam2,194,3,476.79876708984375,459.7178039550781,451.4007568359375,473.086181640625,0.0035682509187608957,0.020819004625082016,-1,-1
cam2,195,0,519.3843994140625,416.7523498535156,518.7528076171875,416.6692199707031,0.9893561005592346,0.9809694290161133,0,0
cam2,195,1,932.270751953125,367.6933898925781,929.2705688476562,365.0501403808594,0.001098380540497601,0.0033635133877396584,1,1
cam2,195,2,1017.191650390625,287.51806640625,1021.6767578125,292.7659606933594,0.00012650580902118236,0.00020863357349298894,2,2
cam2,195,3,498.03985595703125,441.62890625,470.3523864746094,453.6063537597656,0.009418962523341179,0.015458406880497932,-1,-1
cam2,196,0,532.2232666015625,415.15875244140625,531.7230834960938,413.7684020996094,0.9872638583183289,0.9594888687133789,0,0
cam2,196,1,930.6522827148438,367.9060363769531,930.982177734375,367.98089599609375,0.0014865449629724026,0.0064531671814620495,1,1
cam2,196,2,1016.3246459960938,292.4949645996094,1019.2235107421875,290.9879455566406,0.0002229286910733208,0.0004355103010311723,2,2
cam2,196,3,506.2121276855469,439.919921875,470.3180236816406,435.0968017578125,0.011026724241673946,0.033622343093156815,-1,-1
cam2,197,0,542.1605834960938,409.5359802246094,542.48583984375,410.12921142578125,0.9773641228675842,0.9139329195022583,0,0
cam2,197,1,929.7567749023438,361.84039306640625,932.8807983398438,371.2413024902344,0.0052404385060071945,0.02332468144595623,1,1
cam2,197,2,1007.7108154296875,292.9095153808594,552.578369140625,306.95989990234375,0.0005766385002061725,0.001979660475626588,2,2
cam2,197,3,499.7354431152344,422.35284423828125,458.5639953613281,443.0086364746094,0.016818787902593613,0.060762759298086166,-1,-1
cam2,198,0,553.09619140625,404.7554626464844,556.0850830078125,410.12677001953125,0.9976602792739868,0.993630588054657,0,0
cam2,198,1,930.0097045898438,380.4076843261719,924.5928955078125,406.6226501464844,0.0005829779547639191,0.0038405098021030426,1,1
cam2,198,2,930.5298461914062,274.4274597167969,906.6434326171875,455.3359375,2.6068442821269855e-05,0.00016740456339903176,2,2
cam2,198,3,516.6632080078125,438.6554870605469,492.3741455078125,444.2287902832031,0.0017306430963799357,0.002361593535169959,-1,-1
cam2,199,0,562.2676391601562,402.6500549316406,564.1585083007812,402.7798767089844,0.9950760006904602,0.9896368384361267,0,0
cam2,199,1,930.2578125,378.3803405761719,924.5264892578125,402.2366027832031,0.0009819960687309504,0.004599934909492731,1,1
cam2,199,2,923.48046875,269.5328369140625,900.8187255859375,456.88018798828125,5.2378090913407505e-05,0.00025487152743153274,2,2
cam2,199,3,516.9418334960938,437.354736328125,487.4225769042969,465.9766845703125,0.0038895891048014164,0.005508436821401119,-1,-1
cam2,200,0,572.7353515625,401.3770751953125,574.9434814453125,399.7972717285156,0.9888914823532104,0.9823204278945923,0,0
cam2,200,1,927.248046875,379.3230895996094,916.3970336914062,458.4918518066406,0.00335902557708323,0.005452957935631275,1,1
cam2,200,2,922.6305541992188,266.29388427734375,912.3143310546875,375.78216552734375,8.668714144732803e-05,0.0005130210774950683,2,2
cam2,200,3,510.0284423828125,451.60986328125,502.18572998046875,444.3912658691406,0.007662891875952482,0.011713591404259205,-1,-1
cam2,201,0,580.6466064453125,400.0963439941406,580.9259643554688,399.6744079589844,0.997323751449585,0.9991783499717712,0,0
cam2,201,1,199.65196228027344,545.2926025390625,911.962890625,459.9134521484375,0.0006574955186806619,0.0004167552979197353,1,1
cam2,201,2,1012.41015625,288.54071044921875,915.8577270507812,386.2587585449219,4.767555583384819e-05,2.3513630367233418e-05,2,2
cam2,201,3,570.2738647460938,426.0895690917969,562.4017944335938,459.52752685546875,0.001971120247617364,0.00038139265961945057,-1,-1
cam2,202,0,590.8216552734375,398.5505065917969,590.0972290039062,398.9103698730469,0.9887192845344543,0.9866340160369873,0,0
cam2,202,1,193.8189239501953,539.8890380859375,914.1709594726562,457.7742614746094,0.003485722467303276,0.004175826907157898,1,1
cam2,202,2,901.50439453125,273.5888366699219,915.0641479492188,352.8908386230469,0.00023033044999465346,0.0009229541174136102,2,2
cam2,202,3,584.3838500976562,401.49359130859375,555.63525390625,438.86981201171875,0.007564617786556482,0.008267219178378582,-1,-1
cam2,203,0,598.3829956054688,398.40679931640625,596.6533203125,399.3311462402344,0.9974886178970337,0.9974071383476257,0,0
cam2,203,1,173.11708068847656,551.9359130859375,906.5494384765625,457.4699401855469,0.0010828905506059527,0.001472697127610445,1,1
cam2,203,2,905.5037841796875,274.9718322753906,168.267578125,546.3836059570312,2.6662868549465202e-05,0.00011631636880338192,2,2
cam2,203,3,560.61474609375,433.8138122558594,544.7354125976562,471.4900817871094,0.0014017982175573707,0.001003905781544745,-1,-1
cam2,204,0,606.3347778320312,396.72833251953125,604.5795288085938,398.27423095703125,0.9980157613754272,0.9104101061820984,0,0
cam2,204,1,159.95925903320312,549.681640625,170.23416137695312,549.7266235351562,0.0008405260741710663,0.029942475259304047,1,1
cam2,204,2,907.4298095703125,274.4468078613281,892.5452270507812,456.83050537109375,5.4401585657615215e-05,0.003796013304963708,2,2
cam2,204,3,595.910888671875,406.8645324707031,568.0634155273438,417.803955078125,0.0010892583522945642,0.05585132911801338,-1,-1
cam2,205,0,612.3965454101562,395.3498229980469,610.8526611328125,396.559326171875,0.988802969455719,0.9758972525596619,0,0
cam2,205,1,162.98570251464844,560.0792846679688,167.29730224609375,564.5479736328125,0.005527065135538578,0.010256304405629635,1,1
cam2,205,2,912.206787109375,274.5309753417969,920.7291870117188,361.9277038574219,0.00019716670794878155,0.002092336770147085,2,2
cam2,205,3,554.8944091796875,391.96783447265625,544.9379272460938,415.3606262207031,0.005472817458212376,0.011754067614674568,-1,-1
cam2,206,0,619.990478515625,395.3358459472656,620.1891479492188,396.3947448730469,0.9688642621040344,0.9000142216682434,0,0
cam2,206,1,939.1193237304688,368.4277038574219,937.9483032226562,364.4130859375,0.007972977124154568,0.028132371604442596,1,1
cam2,206,2,137.39968872070312,562.3597412109375,927.3897094726562,286.39324951171875,0.0019386562053114176,0.006277942564338446,2,2
cam2,206,3,587.3523559570312,387.4436950683594,580.630615234375,423.2050476074219,0.02122407965362072,0.06557533144950867,-1,-1
cam2,207,0,625.1007690429688,396.9870300292969,624.2815551757812,398.6371765136719,0.9979175925254822,0.9541085362434387,0,0
cam2,207,1,939.3618774414062,357.4024963378906,942.2515869140625,353.8535461425781,0.0010249457554891706,0.01460799016058445,1,1
cam2,207,2,955.3566284179688,286.4884948730469,933.3204956054688,292.80419921875,4.619221726898104e-05,0.0021260976791381836,2,2
cam2,207,3,613.2481079101562,433.67767333984375,591.5545654296875,433.5859680175781,0.0010112614836543798,0.029157306998968124,-1,-1
cam2,208,0,632.5665283203125,396.39849853515625,631.1680908203125,399.4808654785156,0.9889799356460571,0.9473776817321777,0,0
cam2,208,1,942.7119750976562,352.90618896484375,943.87255859375,351.6420593261719,0.005124938208609819,0.011618920601904392,1,1
cam2,208,2,684.9547729492188,166.89126586914062,682.675048828125,163.51702880859375,0.0007030418491922319,0.002745018107816577,2,2
cam2,208,3,572.2982177734375,391.621826171875,584.9703369140625,425.6085510253906,0.00519214104861021,0.03825836628675461,-1,-1
cam2,209,0,637.4813232421875,397.2188415527344,636.8680419921875,396.250732421875,0.9982680082321167,0.9468109607696533,0,0
cam2,209,1,934.8087158203125,354.08270263671875,940.5638427734375,352.44134521484375,0.0007269333582371473,0.01209226157516241,1,1
cam2,209,2,682.5029907226562,165.46487426757812,682.3977661132812,165.31971740722656,4.9927173677133396e-05,0.001909709768369794,2,2
cam2,209,3,623.980712890625,420.2570495605469,616.4481811523438,421.73370361328125,0.000954946968704462,0.03918701037764549,-1,-1
cam2,210,0,942.3568115234375,348.8782653808594,946.1742553710938,349.2126159667969,0.0009254086762666702,0.00041427937685512006,0,0
cam2,210,1,644.515625,398.49884033203125,643.0533447265625,399.7623291015625,0.48748573660850525,0.18059268593788147,1,1
cam2,210,2,923.4879150390625,259.09820556640625,671.3258666992188,178.31655883789062,0.08405621349811554,0.05089135840535164,2,2
cam2,210,3,595.9024658203125,380.4027404785156,593.61669921875,388.839111328125,0.4275326430797577,0.7681017518043518,-1,-1
cam2,211,0,945.86376953125,353.0053405761719,946.2188720703125,356.42449951171875,0.0006017894484102726,0.00027515506371855736,0,0
cam2,211,1,653.0745849609375,398.47381591796875,650.2064208984375,400.3043212890625,0.6104137301445007,0.20926795899868011,1,1
cam2,211,2,927.6558837890625,257.47259521484375,832.01904296875,308.21197509765625,0.0661269947886467,0.05151449888944626,2,2
cam2,211,3,601.4884033203125,383.2574462890625,601.8798217773438,390.84332275390625,0.32285746932029724,0.7389423251152039,-1,-1
cam2,212,0,946.5309448242188,356.052978515625,949.6404418945312,359.1268615722656,0.0008253832347691059,0.0005238943849690259,0,0
cam2,212,1,657.3134765625,401.3841857910156,847.8782348632812,309.279541015625,0.5788729190826416,0.18269380927085876,1,1
cam2,212,2,926.0110473632812,267.0422668457031,989.9264526367188,288.0327453613281,0.0691046416759491,0.04629188030958176,2,2
cam2,212,3,602.2286987304688,387.2445983886719,614.2568359375,391.9931945800781,0.35119709372520447,0.7704904079437256,-1,-1
cam2,213,0,946.1788940429688,356.5635681152344,942.5358276367188,369.750732421875,0.0005780532956123352,0.00033813691698014736,0,0
cam2,213,1,656.3426513671875,400.80426025390625,999.7445068359375,288.0234375,0.565337598323822,0.15421804785728455,1,1
cam2,213,2,1078.0819091796875,254.8262176513672,634.8844604492188,400.684814453125,0.08877333253622055,0.1088048443198204,2,2
cam2,213,3,620.073974609375,383.443603515625,610.9821166992188,382.7380065917969,0.34531107544898987,0.7366390228271484,-1,-1
cam2,214,0,665.219482421875,401.22808837890625,664.357421875,403.6645812988281,0.9991051554679871,0.4387384355068207,0,0
cam2,214,1,949.0250854492188,364.1106262207031,952.3021850585938,374.28778076171875,0.0004221032722853124,0.05403865873813629,1,1
cam2,214,2,997.7327270507812,291.43243408203125,937.6787109375,301.0359191894531,5.79755806029425e-06,0.02753598429262638,2,2
cam2,214,3,626.05224609375,419.8438720703125,617.141357421875,420.05255126953125,0.00046692416071891785,0.4796869456768036,-1,-1
cam2,215,0,669.223876953125,402.2475891113281,668.874267578125,403.9129333496094,0.9979561567306519,0.7792540788650513,0,0
cam2,215,1,957.3665161132812,352.7036437988281,952.9869995117188,373.6521301269531,0.0006205938989296556,0.028042258694767952,1,1
cam2,215,2,997.3590698242188,294.3699951171875,940.5570068359375,302.0896911621094,1.357311339234002e-05,0.009119199588894844,2,2
cam2,215,3,629.8868408203125,434.2039794921875,610.671142578125,435.8119812011719,0.0014096485683694482,0.18358440697193146,-1,-1
cam2,216,0,674.6255493164062,401.0509033203125,673.3533935546875,402.1949157714844,0.9962623715400696,0.9616761803627014,0,0
cam2,216,1,947.0800170898438,376.078857421875,953.4154052734375,378.56048583984375,0.0014712917618453503,0.007082865107804537,1,1
cam2,216,2,991.6868896484375,293.9599914550781,913.3934936523438,456.5095520019531,2.0572644643834792e-05,0.0010038954205811024,2,2
cam2,216,3,635.1067504882812,424.87823486328125,634.8385009765625,452.7866516113281,0.0022458687890321016,0.03023703023791313,-1,-1
cam2,217,0,677.9806518554688,403.8816833496094,680.0253295898438,406.3975830078125,0.9524068236351013,0.23370450735092163,0,0
cam2,217,1,961.4080200195312,286.2712097167969,962.5965576171875,369.1708679199219,0.007406769786030054,0.09644043445587158,1,1
cam2,217,2,935.7509765625,374.8476867675781,912.8612670898438,458.00628662109375,0.0005104265292175114,0.01770266517996788,2,2
cam2,217,3,652.3270263671875,433.3582763671875,650.3307495117188,459.4676208496094,0.03967597335577011,0.652152419090271,-1,-1
cam2,218,0,683.5877075195312,405.9660949707031,683.542236328125,407.52020263671875,0.9965988993644714,0.8983879685401917,0,0
cam2,218,1,947.8486328125,375.88226318359375,950.8515625,380.1188049316406,0.0004350569797679782,0.0062629482708871365,1,1
cam2,218,2,948.3447265625,278.76220703125,919.6734008789062,454.07269287109375,1.7652957467362285e-05,0.0005159517168067396,2,2
cam2,218,3,643.674072265625,438.77801513671875,661.8308715820312,449.0649108886719,0.0029483616817742586,0.09483302384614944,-1,-1
cam2,219,0,689.0236206054688,411.4839782714844,688.5755004882812,413.69232177734375,0.8335516452789307,0.7552409172058105,0,0
cam2,219,1,956.69287109375,363.4447326660156,958.611572265625,369.2777099609375,0.022598208859562874,0.00780289713293314,1,1
cam2,219,2,684.8596801757812,165.3418426513672,912.9440307617188,451.3434143066406,0.0013525187969207764,0.0012643254594877362,2,2
cam2,219,3,636.44287109375,427.79620361328125,627.4578247070312,440.45489501953125,0.1424977034330368,0.23569191992282867,-1,-1
cam2,220,0,687.2406616210938,422.06103515625,687.3521728515625,431.7958068847656,0.9805396795272827,0.9668710231781006,0,0
cam2,220,1,958.5714721679688,365.21044921875,958.9074096679688,368.7040100097656,0.0005710185505449772,0.0004993865732103586,1,1
cam2,220,2,758.158203125,195.4446563720703,692.5469360351562,164.59588623046875,0.00011348691623425111,0.0003941959876101464,2,2
cam2,220,3,609.392333984375,454.0646057128906,618.2412109375,455.07220458984375,0.01877584680914879,0.03223539516329765,-1,-1
cam2,221,0,690.29296875,419.278564453125,684.5426025390625,438.6547546386719,0.9837161302566528,0.976319432258606,0,0
cam2,221,1,953.9725341796875,367.6952209472656,952.6956787109375,370.4291687011719,0.00032541126711294055,0.0003946656361222267,1,1
cam2,221,2,1084.977294921875,276.698486328125,1099.145263671875,276.9928283691406,0.00013668749306816608,0.0005088081816211343,2,2
cam2,221,3,637.9574584960938,427.8281555175781,632.2999267578125,418.9405212402344,0.015821725130081177,0.022777054458856583,-1,-1
cam2,222,0,691.8358154296875,419.95562744140625,697.6286010742188,427.96990966796875,0.9757254123687744,0.7171471118927002,0,0
cam2,222,1,1091.3548583984375,291.58837890625,950.9120483398438,366.91998291015625,0.002403781982138753,0.02410172112286091,1,1
cam2,222,2,941.3598022460938,362.06365966796875,1081.2462158203125,399.14471435546875,9.747970761964098e-05,0.0013781375018879771,2,2
cam2,222,3,606.0694580078125,450.81512451171875,612.730712890625,454.0891418457031,0.021773384883999825,0.2573731541633606,-1,-1
cam2,223,0,691.314453125,424.7274169921875,696.8464965820312,425.76629638671875,0.9912330508232117,0.5966696739196777,0,0
cam2,223,1,1093.8458251953125,293.4681396484375,950.6768798828125,362.8026123046875,0.0005632929387502372,0.02372654713690281,1,1
cam2,223,2,939.1434936523438,358.8802795410156,1097.744140625,401.9271545410156,5.1899034588132054e-05,0.002090614987537265,2,2
cam2,223,3,645.8757934570312,494.3853759765625,654.318115234375,443.3189697265625,0.008151802234351635,0.3775131404399872,-1,-1
cam2,224,0,691.2965087890625,427.3558349609375,697.4990234375,429.2686462402344,0.991470992565155,0.7337035536766052,0,0
cam2,224,1,952.6968994140625,355.8269958496094,951.0601196289062,357.5807189941406,0.003113188548013568,0.06213699281215668,1,1
cam2,224,2,1093.2821044921875,288.83746337890625,572.410400390625,407.8431091308594,4.538163193501532e-05,0.0017309756949543953,2,2
cam2,224,3,640.0543212890625,449.69757080078125,670.892578125,445.0064392089844,0.005370378959923983,0.20242846012115479,-1,-1
cam2,225,0,691.7530517578125,430.5254211425781,696.3051147460938,435.0882568359375,0.9568845629692078,0.37565964460372925,0,0
cam2,225,1,950.9699096679688,349.174560546875,950.6928100585938,351.9941101074219,0.011469748802483082,0.03934511914849281,1,1
cam2,225,2,1100.568359375,279.0932922363281,677.08349609375,183.27781677246094,0.0003551568079274148,0.0035623132716864347,2,2
cam2,225,3,604.3379516601562,448.6508483886719,644.9080810546875,438.3165283203125,0.03129036724567413,0.5814329981803894,-1,-1
cam2,226,0,692.3250122070312,434.0700378417969,697.0611572265625,439.1784362792969,0.643654465675354,0.30818188190460205,0,0
cam2,226,1,951.5420532226562,349.6610107421875,953.5219116210938,353.0284729003906,0.04023781418800354,0.03962070867419243,1,1
cam2,226,2,666.3135375976562,187.22442626953125,682.8060913085938,175.29156494140625,0.0019200134556740522,0.0014997198013588786,2,2
cam2,226,3,637.8539428710938,439.8421936035156,640.1943969726562,454.4274597167969,0.3141877353191376,0.650697648525238,-1,-1
cam2,227,0,693.338623046875,436.1097717285156,698.7783203125,442.40283203125,0.9238585829734802,0.30585944652557373,0,0
cam2,227,1,953.3717651367188,347.5872497558594,954.444580078125,353.1030578613281,0.026394963264465332,0.037136662751436234,1,1
cam2,227,2,670.878173828125,185.7967529296875,680.2723388671875,177.54469299316406,0.000531562720425427,0.0019762967713177204,2,2
cam2,227,3,625.8604736328125,458.0371398925781,636.7332153320312,461.7610168457031,0.049214914441108704,0.6550275683403015,-1,-1
cam2,228,0,690.3338623046875,439.54400634765625,698.1420288085938,441.8347473144531,0.943558931350708,0.9317229390144348,0,0
cam2,228,1,956.8907470703125,347.44403076171875,954.4174194335938,355.5830993652344,0.012659085914492607,0.0110264141112566,1,1
cam2,228,2,677.5905151367188,183.35264587402344,682.3427124023438,173.61964416503906,0.0011434982297942042,0.0004523442476056516,2,2
cam2,228,3,607.718017578125,421.4435729980469,662.4009399414062,443.6338195800781,0.04263848066329956,0.05679837241768837,-1,-1
cam2,229,0,691.2467651367188,444.1330261230469,698.9502563476562,445.67523193359375,0.9923257827758789,0.39439401030540466,0,0
cam2,229,1,951.1783447265625,343.35150146484375,694.514404296875,175.3651123046875,0.0029967341106384993,0.07620207220315933,1,1
cam2,229,2,682.2316284179688,175.02720642089844,620.6796875,547.26025390625,3.957224544137716e-05,0.003008438041433692,2,2
cam2,229,3,619.5096435546875,461.9722595214844,627.7833251953125,482.16851806640625,0.004637839738279581,0.5263954997062683,-1,-1
cam2,230,0,690.8614501953125,448.1948547363281,701.297607421875,450.3201599121094,0.7822171449661255,0.025877047330141068,0,0
cam2,230,1,958.0403442382812,347.1109313964844,957.1212768554688,351.9444274902344,0.05469224601984024,0.048192597925662994,1,1
cam2,230,2,683.1982421875,171.71958923339844,879.6251831054688,459.5838928222656,0.0036162156611680984,0.011614874936640263,2,2
cam2,230,3,554.6298828125,492.1374816894531,609.5634155273438,486.2917785644531,0.1594744324684143,0.9143155217170715,-1,-1
cam2,231,0,687.8189086914062,450.19287109375,958.1729736328125,360.34033203125,0.5545427799224854,0.002221958711743355,0,0
cam2,231,1,957.8003540039062,352.2794189453125,689.5199584960938,454.2296142578125,0.06959708034992218,0.08346422761678696,1,1
cam2,231,2,684.26708984375,174.20895385742188,873.9765014648438,457.7138366699219,0.010540627874433994,0.018666204065084457,2,2
cam2,231,3,543.5415649414062,501.23748779296875,591.9730834960938,440.51483154296875,0.36531949043273926,0.8956476449966431,-1,-1
cam2,232,0,678.298583984375,453.3377990722656,958.05126953125,357.7562255859375,0.6868904232978821,0.0019026101799681783,0,0
cam2,232,1,958.6129760742188,352.6401062011719,677.1194458007812,453.21124267578125,0.056448232382535934,0.23232774436473846,1,1
cam2,232,2,682.32275390625,173.4770050048828,881.671142578125,459.4231262207031,0.004112694412469864,0.01703443005681038,2,2
cam2,232,3,550.5774536132812,498.3019714355469,604.1034545898438,447.86639404296875,0.2525486648082733,0.748735249042511,-1,-1
cam2,233,0,670.85009765625,455.17034912109375,957.7601928710938,360.6412048339844,0.9634288549423218,0.018277721479535103,0,0
cam2,233,1,959.5323486328125,361.98828125,671.1715698242188,458.48858642578125,0.011434989050030708,0.4368268549442291,1,1
cam2,233,2,328.1466064453125,647.5345458984375,332.3554992675781,647.9520263671875,0.001382186426781118,0.02165498584508896,2,2
cam2,233,3,564.21875,524.0479736328125,748.9887084960938,441.4276428222656,0.023753929883241653,0.5232404470443726,-1,-1
cam2,234,0,682.0064697265625,458.0509033203125,955.5931396484375,358.755615234375,0.25890451669692993,0.02355155348777771,0,0
cam2,234,1,962.8173828125,350.69573974609375,675.2984008789062,379.28106689453125,0.23597198724746704,0.09401973336935043,1,1
cam2,234,2,326.4707336425781,654.0489501953125,971.4038696289062,283.1151428222656,0.03040960617363453,0.02510044537484646,2,2
cam2,234,3,578.5982666015625,498.4376220703125,764.8451538085938,425.6392822265625,0.4747139811515808,0.8573282361030579,-1,-1
cam2,235,0,671.04443359375,456.7332763671875,957.67041015625,359.9855651855469,0.6169595718383789,0.0306495763361454,0,0
cam2,235,1,962.1673583984375,349.5098571777344,331.9804992675781,666.6974487304688,0.05908011645078659,0.07108753174543381,1,1
cam2,235,2,319.8333740234375,662.5733642578125,666.3053588867188,374.03204345703125,0.009608465246856213,0.019790811464190483,2,2
cam2,235,3,574.4290161132812,502.53692626953125,772.3213500976562,433.8825988769531,0.314351886510849,0.878472089767456,-1,-1
cam2,236,0,688.58447265625,459.95880126953125,958.2548217773438,359.7962951660156,0.5085942149162292,0.032735612243413925,0,0
cam2,236,1,967.531494140625,346.60699462890625,971.4490966796875,288.70068359375,0.08474979549646378,0.05602630600333214,1,1
cam2,236,2,316.8462219238281,652.2846069335938,662.9367065429688,373.42803955078125,0.013866386376321316,0.021855758503079414,2,2
cam2,236,3,595.8330078125,493.4043273925781,771.46728515625,441.3623962402344,0.3927895128726959,0.8893823623657227,-1,-1
cam2,237,0,697.4515991210938,458.4419860839844,957.9713745117188,384.9023742675781,0.49349018931388855,0.017167750746011734,0,0
cam2,237,1,966.4684448242188,343.803466796875,976.4356689453125,294.06658935546875,0.07859096676111221,0.03126673772931099,1,1
cam2,237,2,316.23828125,665.9066772460938,665.3073120117188,371.8551330566406,0.016499603167176247,0.020462611690163612,2,2
cam2,237,3,576.6128540039062,503.5599670410156,763.2870483398438,443.2820739746094,0.41141921281814575,0.9311029314994812,-1,-1
cam2,238,0,697.5843505859375,448.207275390625,959.0751342773438,384.88543701171875,0.3677542507648468,0.0269787460565567,0,0
cam2,238,1,964.0667724609375,379.7142639160156,728.0538330078125,472.3785705566406,0.03774339333176613,0.03882492706179619,1,1
cam2,238,2,281.999267578125,678.1170043945312,967.0932006835938,292.8934631347656,0.07355228811502457,0.023241404443979263,2,2
cam2,238,3,628.5966796875,462.5317077636719,779.0197143554688,425.7184143066406,0.5209500193595886,0.9109548330307007,-1,-1
cam2,239,0,286.86376953125,676.65087890625,961.8998413085938,382.81683349609375,0.3628729283809662,0.07749536633491516,0,0
cam2,239,1,698.8228149414062,458.07513427734375,284.0721740722656,693.1951904296875,0.05520981177687645,0.018167542293667793,1,1
cam2,239,2,951.9954223632812,374.8009033203125,715.61767578125,460.6822509765625,0.0945172980427742,0.013661256060004234,2,2
cam2,239,3,639.2167358398438,451.4970703125,775.6165161132812,424.2870178222656,0.48739999532699585,0.8906758427619934,-1,-1
cam2,240,0,279.2789306640625,688.44775390625,959.4087524414062,382.9996032714844,0.3552325367927551,0.08845965564250946,0,0
cam2,240,1,960.7771606445312,397.1083984375,281.18902587890625,705.1365356445312,0.0761803686618805,0.017651496455073357,1,1
cam2,240,2,613.9407348632812,447.0350036621094,718.8603515625,456.7288818359375,0.09499344974756241,0.01042681559920311,2,2
cam2,240,3,646.9768676757812,444.7300720214844,775.2978515625,426.853759765625,0.47359371185302734,0.8834620118141174,-1,-1
cam2,241,0,266.69012451171875,692.3931274414062,959.7459106445312,384.907958984375,0.21357707679271698,0.0310235396027565,0,0
cam2,241,1,959.1231689453125,396.75799560546875,266.7717590332031,705.4232788085938,0.07410432398319244,0.013969896361231804,1,1
cam2,241,2,611.8726196289062,448.0456848144531,699.6635131835938,442.90460205078125,0.11690283566713333,0.023277632892131805,2,2
cam2,241,3,677.9662475585938,438.92578125,803.2540893554688,407.99761962890625,0.5954157710075378,0.9317288994789124,-1,-1
cam2,242,0,252.34271240234375,693.4732055664062,251.53562927246094,696.825439453125,0.12776052951812744,0.005771524738520384,0,0
cam2,242,1,965.2097778320312,351.3465881347656,961.1943359375,387.36688232421875,0.06377993524074554,0.04243437573313713,1,1
cam2,242,2,949.4186401367188,386.2508544921875,856.660400390625,292.7817687988281,0.11454606801271439,0.08413039892911911,2,2
cam2,242,3,697.25537109375,428.6845703125,855.0261840820312,372.97552490234375,0.6939135193824768,0.8676636815071106,-1,-1
cam2,243,0,236.7116241455078,698.2308349609375,237.655029296875,700.670654296875,0.07616496086120605,0.0034996969625353813,0,0
cam2,243,1,961.8106079101562,353.2222595214844,960.2731323242188,391.9644775390625,0.07178295403718948,0.05392313748598099,1,1
cam2,243,2,1230.722900390625,264.04351806640625,1241.03759765625,263.75347900390625,0.09334173798561096,0.13414376974105835,2,2
cam2,243,3,742.088134765625,412.9862976074219,879.62939453125,371.20343017578125,0.7587103247642517,0.8084334135055542,-1,-1
cam2,244,0,962.2860717773438,376.9366149902344,219.895263671875,703.2576904296875,0.02039708010852337,0.002034154487773776,0,0
cam2,244,1,220.3252716064453,708.390625,959.23193359375,397.987060546875,0.07056812942028046,0.06973987817764282,1,1
cam2,244,2,998.5655517578125,185.8303985595703,698.7608642578125,444.0664978027344,0.09574079513549805,0.16098099946975708,2,2
cam2,244,3,780.8333740234375,397.2468566894531,891.3565063476562,363.88372802734375,0.813293993473053,0.7672449350357056,-1,-1
cam2,245,0,954.4669799804688,355.95086669921875,960.6829223632812,385.7190856933594,0.007714353501796722,0.10200996696949005,0,0
cam2,245,1,210.3057098388672,725.5410766601562,202.95350646972656,727.0758666992188,0.07926445454359055,0.0480937696993351,1,1
cam2,245,2,977.44140625,197.89797973632812,967.0255126953125,282.0279235839844,0.03661656752228737,0.047216907143592834,2,2
cam2,245,3,688.9173583984375,430.3199157714844,847.1852416992188,410.57745361328125,0.8764045834541321,0.8026793599128723,-1,-1
cam2,246,0,958.0436401367188,359.7125549316406,961.8049926757812,369.2108154296875,0.0032150435727089643,0.08809132874011993,0,0
cam2,246,1,993.6277465820312,204.81414794921875,972.7650146484375,281.8581237792969,0.11705107241868973,0.04952360689640045,1,1
cam2,246,2,682.7711181640625,452.6119384765625,1050.8763427734375,461.0544128417969,0.04366409778594971,0.05542644113302231,2,2
cam2,246,3,675.1394653320312,433.6744689941406,851.587890625,413.3819274902344,0.8360697627067566,0.8069586753845215,-1,-1
cam2,247,0,959.8868408203125,355.57696533203125,962.7799682617188,365.5580749511719,0.3821032643318176,0.15237009525299072,0,0
cam2,247,1,1001.0634155273438,219.40406799316406,706.26123046875,465.6396179199219,0.2260282188653946,0.24304325878620148,1,1
cam2,247,2,679.1575317382812,449.719482421875,975.7766723632812,271.0795593261719,0.022360706701874733,0.04455680400133133,2,2
cam2,247,3,843.9695434570312,342.45269775390625,855.6270141601562,380.2520446777344,0.3695077896118164,0.5600298643112183,-1,-1
cam2,248,0,962.2806396484375,355.93499755859375,964.0464477539062,361.273193359375,0.19003280997276306,0.23410311341285706,0,0
cam2,248,1,998.3380737304688,215.40011596679688,979.3843994140625,284.52099609375,0.2758440375328064,0.16993798315525055,1,1
cam2,248,2,785.4013061523438,369.3135986328125,700.3486938476562,456.14111328125,0.04844362661242485,0.049138907343149185,2,2
cam2,248,3,803.0186157226562,345.03515625,845.0797729492188,373.1378173828125,0.4856795072555542,0.5468200445175171,-1,-1
cam2,249,0,962.4044799804688,355.3458251953125,963.2525024414062,356.2578125,0.1095522940158844,0.2553805410861969,0,0
cam2,249,1,1002.4234008789062,240.92921447753906,987.9252319335938,279.4465637207031,0.4087865948677063,0.11861489713191986,1,1
cam2,249,2,610.8840942382812,457.0454406738281,700.2347412109375,453.3432312011719,0.0535229817032814,0.028222793713212013,2,2
cam2,249,3,801.588623046875,353.4549560546875,855.2451782226562,404.0208435058594,0.4281381368637085,0.597781777381897,-1,-1
cam2,250,0,961.8624267578125,349.5021057128906,967.241455078125,355.2436218261719,0.180392324924469,0.29895299673080444,0,0
cam2,250,1,1263.56005859375,465.4786682128906,1265.7410888671875,468.8465576171875,0.36609145998954773,0.3431621491909027,1,1
cam2,250,2,1054.9451904296875,271.52203369140625,696.9465942382812,452.27313232421875,0.03832366690039635,0.02460995689034462,2,2
cam2,250,3,783.791015625,359.7511291503906,855.1779174804688,390.0665283203125,0.4151926040649414,0.3332749009132385,-1,-1
cam2,251,0,963.4674072265625,348.3393859863281,966.7411499023438,354.8095703125,0.18804968893527985,0.6640831232070923,0,0
cam2,251,1,687.2072143554688,463.4336853027344,685.5929565429688,462.91119384765625,0.4042623043060303,0.1351855993270874,1,1
cam2,251,2,1259.5546875,452.4751892089844,1262.65234375,454.8495178222656,0.03015991859138012,0.008871552534401417,2,2
cam2,251,3,792.1276245117188,358.14996337890625,887.2578735351562,381.21954345703125,0.37752804160118103,0.19185976684093475,-1,-1
cam2,252,0,964.647705078125,350.1007080078125,969.0982055664062,365.1534423828125,0.14602503180503845,0.1648166924715042,0,0
cam2,252,1,682.8547973632812,462.4122314453125,912.071044921875,629.6739501953125,0.5220733284950256,0.19830669462680817,1,1
cam2,252,2,1061.299072265625,259.4530029296875,1258.986572265625,451.74432373046875,0.031124737113714218,0.02504485286772251,2,2
cam2,252,3,801.5721435546875,357.4933776855469,820.548583984375,380.98486328125,0.30077695846557617,0.611831784248352,-1,-1
cam2,253,0,965.5038452148438,350.4962463378906,968.595947265625,364.9085998535156,0.09188053011894226,0.16622406244277954,0,0
cam2,253,1,664.6124877929688,461.04229736328125,1538.4407958984375,644.9383544921875,0.5839526057243347,0.15743976831436157,1,1
cam2,253,2,1060.463134765625,259.1853332519531,906.0795288085938,615.5391235351562,0.03811738267540932,0.032082147896289825,2,2
cam2,253,3,802.8362426757812,356.81207275390625,824.653076171875,380.8926696777344,0.286049485206604,0.6442540287971497,-1,-1
cam2,254,0,671.1119384765625,454.7383728027344,965.1597290039062,353.5146179199219,0.9693503975868225,0.16060663759708405,0,0
cam2,254,1,966.7826538085938,346.5018005371094,669.4869384765625,463.83154296875,0.004326558206230402,0.13716553151607513,1,1
cam2,254,2,954.187744140625,235.9464111328125,1068.6060791015625,264.5792236328125,0.005319263786077499,0.06254114955663681,2,2
cam2,254,3,734.5964965820312,432.2005310058594,861.458984375,383.02313232421875,0.02100379578769207,0.6396867036819458,-1,-1
cam2,255,0,969.4651489257812,344.03118896484375,966.9338989257812,346.8585510253906,0.06390038132667542,0.1966673582792282,0,0
cam2,255,1,659.2239990234375,459.468994140625,663.7820434570312,461.12603759765625,0.3103103041648865,0.0820789709687233,1,1
cam2,255,2,947.8367309570312,236.1353759765625,1538.1966552734375,630.561767578125,0.10909359157085419,0.06518840044736862,2,2
cam2,255,3,831.9778442382812,367.570556640625,868.1268310546875,388.4765319824219,0.5166957378387451,0.6560652852058411,-1,-1
cam2,256,0,970.0379638671875,345.318115234375,968.9876708984375,350.2802429199219,0.5074032545089722,0.08507444709539413,0,0
cam2,256,1,677.60791015625,461.06207275390625,678.6553955078125,466.9176330566406,0.09392181783914566,0.14760586619377136,1,1
cam2,256,2,876.8435668945312,361.755615234375,1067.549560546875,286.2721252441406,0.07020678371191025,0.0696820467710495,2,2
cam2,256,3,779.9633178710938,383.6802062988281,859.362060546875,385.99053955078125,0.32846808433532715,0.697637677192688,-1,-1
cam2,257,0,684.4656372070312,453.53173828125,970.2599487304688,353.40130615234375,0.9509491920471191,0.09282451122999191,0,0
cam2,257,1,965.5068359375,347.9235534667969,1040.285400390625,318.0621643066406,0.011951485648751259,0.22237589955329895,1,1
cam2,257,2,876.7183227539062,359.7733154296875,680.4268798828125,453.7047424316406,0.005763275548815727,0.06127222627401352,2,2
cam2,257,3,716.9924926757812,449.52752685546875,852.3673706054688,386.0852966308594,0.031335990875959396,0.6235273480415344,-1,-1
cam2,258,0,686.8031005859375,454.1387023925781,969.2554931640625,354.23138427734375,0.9143058657646179,0.0486949197947979,0,0
cam2,258,1,964.152587890625,348.42987060546875,684.9292602539062,463.5353698730469,0.02567422389984131,0.12449150532484055,1,1
cam2,258,2,948.9888305664062,240.75067138671875,905.4376220703125,433.9052734375,0.0061740633100271225,0.047061506658792496,2,2
cam2,258,3,690.1259155273438,464.017822265625,853.3684692382812,390.0368957519531,0.0538458377122879,0.7797520756721497,-1,-1
cam2,259,0,686.0835571289062,452.7243957519531,971.056884765625,350.4353942871094,0.9524028301239014,0.05438503623008728,0,0
cam2,259,1,972.4686889648438,341.5240478515625,686.3527221679688,463.7433776855469,0.014885274693369865,0.11014023423194885,1,1
cam2,259,2,948.7174682617188,238.92669677734375,951.7155151367188,247.06040954589844,0.007570887915790081,0.04127691686153412,2,2
cam2,259,3,727.5669555664062,419.4944763183594,859.1883544921875,397.1354064941406,0.025141078978776932,0.7941977977752686,-1,-1
cam2,260,0,687.2796020507812,460.6978759765625,979.0907592773438,362.3394775390625,0.9704252481460571,0.04261135309934616,0,0
cam2,260,1,960.5369873046875,244.94522094726562,959.5665893554688,271.54034423828125,0.008614381775259972,0.10930025577545166,1,1
cam2,260,2,964.5820922851562,344.77618408203125,684.2105712890625,456.2962646484375,0.004489329643547535,0.06079172343015671,2,2
cam2,260,3,699.1068725585938,439.8179016113281,852.8883056640625,385.0191955566406,0.0164710134267807,0.7872966527938843,-1,-1
cam2,261,0,687.5631103515625,459.901611328125,978.197021484375,361.01416015625,0.9737870693206787,0.04240024462342262,0,0
cam2,261,1,966.0764770507812,246.39959716796875,954.2324829101562,270.85736083984375,0.00571214035153389,0.12034764885902405,1,1
cam2,261,2,968.1178588867188,355.51123046875,684.0157470703125,457.1134033203125,0.0037729942705482244,0.047868065536022186,2,2
cam2,261,3,677.6197509765625,450.39398193359375,847.053466796875,393.45208740234375,0.0167277492582798,0.789384126663208,-1,-1
cam2,262,0,688.1403198242188,459.147705078125,979.2789306640625,366.607421875,0.9263060092926025,0.05467908829450607,0,0
cam2,262,1,613.7884521484375,459.7398376464844,685.3142700195312,467.414306640625,0.02237473428249359,0.1351039558649063,1,1
cam2,262,2,965.512939453125,243.03683471679688,960.6795043945312,259.41455078125,0.01614936999976635,0.05015910789370537,2,2
cam2,262,3,672.2391357421875,415.72601318359375,832.0216674804688,391.1562805175781,0.03516993671655655,0.7600578665733337,-1,-1
cam2,263,0,690.0221557617188,467.9251708984375,980.6366577148438,363.6808166503906,0.9837048649787903,0.04333322122693062,0,0
cam2,263,1,976.9527587890625,252.60452270507812,685.483642578125,475.4682312011719,0.006076442543417215,0.16902613639831543,1,1
cam2,263,2,594.6453247070312,457.7984924316406,952.0579223632812,250.20616149902344,0.0019359308062121272,0.05326687544584274,2,2
cam2,263,3,601.0825805664062,510.9337463378906,839.426513671875,395.4524230957031,0.00828276015818119,0.7343738079071045,-1,-1
cam2,264,0,687.0740356445312,470.1446533203125,981.6981811523438,375.7796325683594,0.988038182258606,0.02911095879971981,0,0
cam2,264,1,970.3353271484375,253.10023498535156,684.2742919921875,476.0038146972656,0.0056211818009614944,0.16303496062755585,1,1
cam2,264,2,592.5101928710938,453.8932189941406,953.7302856445312,251.43765258789062,0.0009010773501358926,0.04887356236577034,2,2
cam2,264,3,610.2120971679688,495.7823486328125,828.452392578125,390.6429748535156,0.005439599510282278,0.7589805126190186,-1,-1
cam2,265,0,686.9091796875,470.26116943359375,688.3565673828125,472.3044128417969,0.9961016178131104,0.28769388794898987,0,0
cam2,265,1,968.478271484375,254.8806915283203,982.88134765625,377.4989929199219,0.0010126455454155803,0.24072180688381195,1,1
cam2,265,2,971.9324340820312,356.96807861328125,957.3324584960938,246.12478637695312,0.00013114778266754001,0.053648434579372406,2,2
cam2,265,3,666.9944458007812,453.82061767578125,809.5501098632812,348.2814025878906,0.002754583489149809,0.41793590784072876,-1,-1
cam2,266,0,687.27587890625,468.8406677246094,689.7810668945312,469.6316223144531,0.9935886859893799,0.785444438457489,0,0
cam2,266,1,982.8690185546875,366.1878356933594,983.9199829101562,365.9525451660156,0.0018163637723773718,0.06526679545640945,1,1
cam2,266,2,957.927978515625,248.0542755126953,954.6171264648438,249.7223663330078,0.00029586339951492846,0.017212558537721634,2,2
cam2,266,3,677.8787231445312,447.2333984375,790.7756958007812,375.5646057128906,0.004299086518585682,0.13207632303237915,-1,-1
cam2,267,0,688.4373168945312,466.75811767578125,687.8656616210938,462.48468017578125,0.9920071363449097,0.5526885986328125,0,0
cam2,267,1,982.6359252929688,367.76556396484375,985.2918701171875,365.30584716796875,0.0026415681932121515,0.25196242332458496,1,1
cam2,267,2,959.6014404296875,249.6951141357422,844.5037841796875,327.5458984375,0.0005551268695853651,0.023805823177099228,2,2
cam2,267,3,699.4888916015625,430.767333984375,771.363525390625,391.40911865234375,0.004796118009835482,0.1715431809425354,-1,-1
cam2,268,0,686.5463256835938,463.3008117675781,687.3984375,460.46722412109375,0.9952208399772644,0.47229552268981934,0,0
cam2,268,1,967.7413940429688,395.1059265136719,981.1196899414062,356.166259765625,0.002853845711797476,0.26093676686286926,1,1
cam2,268,2,1015.7484130859375,301.7763977050781,846.8814086914062,331.0339660644531,7.797673606546596e-05,0.02296689711511135,2,2
cam2,268,3,617.63818359375,449.62786865234375,759.0215454101562,394.6972351074219,0.001847288804128766,0.2438008040189743,-1,-1
cam2,269,0,685.6026000976562,464.6164245605469,685.390380859375,463.30059814453125,0.9948816299438477,0.8530943989753723,0,0
cam2,269,1,965.2406616210938,405.19976806640625,985.9000244140625,367.1234436035156,0.0019048178801313043,0.04770645871758461,1,1
cam2,269,2,725.03369140625,184.4608154296875,723.6085205078125,187.12632751464844,6.312476034509018e-05,0.00523335998877883,2,2
cam2,269,3,633.6217651367188,451.9190673828125,732.8161010742188,412.0730895996094,0.0031505103688687086,0.09396575391292572,-1,-1
