camera,frame,pts,detector_window_start,detector_time_index,refiner_window_start,refiner_time_index,matched_peaks_20px,same_rank_native_cells,matched_rank_changes,top1_distance_px,top1_spatial_match,cached_winner,source_winner,winner_changed,cached_winner_anchor_slot,source_winner_anchor_slot,winner_anchor_changed_20px,winner_mean_distance_px,cached_error_px,source_error_px
cam0,0,0,0,0,0,0,2,0,2,97.4600601196289,-1,0,0,False,0,0,True,93.48209381103516,,
cam0,1,50000,0,1,0,1,2,0,2,99.05984497070312,4,3,0,True,-1,0,,104.53543853759766,,
cam0,2,100000,0,2,0,2,4,0,3,95.25091552734375,5,3,0,True,-1,0,,105.32786560058594,,
cam0,3,150000,0,3,0,3,4,1,2,93.96866607666016,3,3,0,True,-1,0,,102.59556579589844,,
cam0,4,200000,0,4,0,4,5,0,5,93.19294738769531,4,0,0,False,0,0,True,92.61775970458984,,
cam0,5,250000,0,5,0,5,4,0,4,91.83173370361328,-1,0,0,False,0,0,True,91.84095001220703,,
cam0,6,300000,4,2,0,6,3,0,3,82.08153533935547,-1,3,0,True,-1,0,,96.28626251220703,,
cam0,7,350000,4,3,0,7,3,0,2,81.936767578125,-1,0,0,False,0,0,True,85.18989562988281,,
cam0,8,400000,4,4,0,8,3,0,2,80.741943359375,-1,3,0,True,-1,0,,107.4994888305664,,
cam0,9,450000,4,5,0,9,4,1,2,4.682881832122803,0,3,0,True,-1,0,,98.19490814208984,,
cam0,10,500000,8,2,0,10,4,0,4,209.57005310058594,-1,3,0,True,-1,0,,108.69385528564453,,
cam0,11,550000,8,3,0,11,4,0,4,202.6894989013672,-1,3,0,True,-1,0,,108.21279907226562,,
cam0,12,600000,8,4,0,12,4,0,4,206.38792419433594,-1,3,0,True,-1,0,,107.80760192871094,,
cam0,13,650000,8,5,0,13,4,0,3,210.6885223388672,-1,3,0,True,-1,0,,91.38037872314453,,
cam0,14,700000,12,2,0,14,5,0,5,213.42083740234375,-1,3,0,True,-1,0,,93.93122863769531,,
cam0,15,750000,12,3,0,15,4,1,3,215.1754608154297,-1,3,3,False,-1,-1,,113.93025970458984,,
cam0,16,800000,12,4,0,16,5,0,4,218.68878173828125,4,3,3,False,-1,-1,,109.05818176269531,,
cam0,17,850000,12,5,0,17,3,1,2,243.5806884765625,-1,3,3,False,-1,-1,,99.66793823242188,,
cam0,18,900000,16,2,0,18,4,0,4,129.5963897705078,-1,3,3,False,-1,-1,,95.62268829345703,,
cam0,19,950000,16,3,0,19,2,1,1,132.61459350585938,-1,3,3,False,-1,-1,,65.3052978515625,,
cam0,20,1000000,16,4,0,20,5,1,3,143.56939697265625,-1,3,3,False,-1,-1,,82.49152374267578,,
cam0,21,1050000,16,5,0,21,3,0,3,147.4012451171875,-1,3,3,False,-1,-1,,79.64476013183594,,
cam0,22,1100000,20,2,0,22,3,0,3,384.19024658203125,-1,3,3,False,-1,-1,,95.50228881835938,,
cam0,23,1150000,20,3,0,23,3,0,3,415.2455749511719,-1,3,3,False,-1,-1,,91.42295837402344,,
cam0,24,1200000,20,4,0,24,3,0,3,189.2940673828125,3,3,3,False,-1,-1,,112.83583068847656,,
cam0,25,1250000,20,5,16,9,4,1,3,423.21453857421875,3,3,0,True,-1,0,,120.63667297363281,,
cam0,26,1300000,24,2,16,10,2,1,1,0.731505811214447,0,0,0,False,0,0,False,2.945233106613159,,
cam0,27,1350000,24,3,16,11,2,1,1,1.0829027891159058,0,0,0,False,0,0,False,2.7096667289733887,,
cam0,28,1400000,24,4,16,12,3,1,2,0.6125018000602722,0,0,0,False,0,0,False,2.066319465637207,,
cam0,29,1450000,24,5,16,13,4,1,3,0.6772580742835999,0,0,0,False,0,0,False,1.1183695793151855,,
cam0,30,1500000,28,2,16,14,4,2,1,1.3693784475326538,0,0,0,False,0,0,False,5.974166393280029,,
cam0,31,1550000,28,3,16,15,3,0,3,28.21014404296875,-1,0,0,False,0,0,True,21.127653121948242,,
cam0,32,1600000,28,4,16,16,5,0,4,15.1322603225708,0,0,0,False,0,0,False,9.357243537902832,,
cam0,33,1650000,28,5,16,17,5,1,4,1.0060005187988281,0,0,0,False,0,0,False,5.319829940795898,11.060020614304664,6.218413837484827
cam0,34,1700000,32,2,16,18,3,1,2,1.2799400091171265,0,0,0,False,0,0,False,4.218499660491943,14.700907900986856,10.498112995463305
cam0,35,1750000,32,3,16,19,3,1,2,1.981608510017395,0,0,0,False,0,0,False,3.7094578742980957,9.303563066462727,5.694176874914065
cam0,36,1800000,32,4,16,20,3,1,2,3.699639081954956,0,0,0,False,0,0,False,2.4306640625,6.65845758841906,4.275181469958064
cam0,37,1850000,32,5,16,21,3,0,1,5.01997184753418,0,0,0,False,0,0,False,3.777641773223877,7.5097094448564015,4.35820097275041
cam0,38,1900000,36,2,16,22,3,0,2,5.060291290283203,0,3,1,True,-1,1,,155.205078125,157.6431723169175,4.544124816349358
cam0,39,1950000,36,3,16,23,3,0,2,7.662550449371338,0,1,1,False,1,1,True,438.9981689453125,439.6673273570592,2.912882939819365
cam0,40,2000000,36,4,16,24,3,1,1,8.518658638000488,0,1,1,False,1,1,False,1.8547145128250122,4.76979932094754,4.799169874903538
cam0,41,2050000,36,5,32,9,3,2,1,6.641092300415039,0,1,1,False,1,1,False,1.1076817512512207,2.2831427529786863,1.1810329768279384
cam0,42,2100000,40,2,32,10,2,1,1,1.2270989418029785,0,0,0,False,0,0,False,1.816992998123169,3.4357178040998253,1.834075339692917
cam0,43,2150000,40,3,32,11,2,1,1,1.7604020833969116,0,0,0,False,0,0,False,2.0718185901641846,3.4153712718233824,3.4824222393789213
cam0,44,2200000,40,4,32,12,2,1,1,4.487468719482422,0,0,0,False,0,0,False,2.2374513149261475,2.4316146446760376,2.5712498136888264
cam0,45,2250000,40,5,32,13,5,2,3,0.6526346802711487,0,0,0,False,0,0,False,0.3875734508037567,2.111811745816231,1.7704041203811338
cam0,46,2300000,44,2,32,14,4,1,3,2.8851373195648193,0,0,0,False,0,0,False,1.1274809837341309,1.4900059663071268,0.7468740593344632
cam0,47,2350000,44,3,32,15,3,1,1,1.3409862518310547,0,0,0,False,0,0,False,1.897445559501648,1.918617873719063,0.9939882462810696
cam0,48,2400000,44,4,32,16,4,1,3,2.346999168395996,0,0,0,False,0,0,False,2.2423760890960693,2.069497027151814,3.033408676308255
cam0,49,2450000,44,5,32,17,4,0,3,6.3564066886901855,0,0,0,False,0,0,False,2.2047877311706543,1.5905763553586088,3.709256781103841
cam0,50,2500000,48,2,32,18,4,1,3,2.7576122283935547,0,0,0,False,0,0,False,1.4185494184494019,2.131050859694222,3.358601442789671
cam0,51,2550000,48,3,32,19,4,1,3,2.9703309535980225,0,0,0,False,0,0,False,2.166426658630371,1.3544118768820284,1.3917211245267704
cam0,52,2600000,48,4,32,20,3,1,1,3.289675235748291,0,0,0,False,0,0,False,2.6156835556030273,1.8386818322667642,0.8064981394157731
cam0,53,2650000,48,5,32,21,4,1,2,0.2231931835412979,0,0,0,False,0,0,False,1.7021182775497437,1.9283875497080245,1.7989562681345628
cam0,54,2700000,52,2,32,22,4,1,3,0.8675821423530579,0,0,0,False,0,0,False,0.8682295083999634,1.0635073964145474,1.7673852978872733
cam0,55,2750000,52,3,32,23,4,0,3,3.6270358562469482,0,0,0,False,0,0,False,3.0059854984283447,4.936258280826719,2.0221956912506496
cam0,56,2800000,52,4,32,24,3,1,1,0.43790191411972046,0,0,0,False,0,0,False,1.571653962135315,0.9144154115092367,1.7167716012003804
cam0,57,2850000,52,5,48,9,3,0,2,8.581998825073242,0,0,0,False,0,0,False,0.35381901264190674,2.625303256065318,2.96317056483769
cam0,58,2900000,56,2,48,10,3,0,1,7.314875602722168,0,0,0,False,0,0,False,1.0808216333389282,1.1740521178008254,2.252143923957622
cam0,59,2950000,56,3,48,11,2,0,1,11.234978675842285,0,0,0,False,0,0,False,2.0116825103759766,1.2834300021269276,3.130522229896065
cam0,60,3000000,56,4,48,12,3,0,2,7.897360801696777,0,0,0,False,0,0,False,3.4083657264709473,1.2435009798052943,3.1731726918082264
cam0,61,3050000,56,5,48,13,3,0,2,15.439130783081055,0,0,0,False,0,0,False,2.233457088470459,0.37753607835514286,2.2379501223006577
cam0,62,3100000,60,2,48,14,2,0,1,18.191667556762695,0,0,0,False,0,0,False,1.9869195222854614,1.776554405325692,0.9217109790400663
cam0,63,3150000,60,3,48,15,4,0,3,14.957003593444824,0,0,0,False,0,0,False,5.118100643157959,4.320177031965363,1.8239220748151224
cam0,64,3200000,60,4,48,16,3,1,1,8.180985450744629,0,0,0,False,0,0,False,3.278848171234131,0.33665195698551004,3.3909778341436003
cam0,65,3250000,60,5,48,17,5,1,4,5.525481224060059,0,0,0,False,0,0,False,3.8352203369140625,1.8947927646172371,2.380774601431663
cam0,66,3300000,64,2,48,18,4,0,3,7.4968695640563965,0,0,0,False,0,0,False,1.9615070819854736,1.6489977287065867,1.1993505298448215
cam0,67,3350000,64,3,48,19,4,1,2,8.762813568115234,0,0,0,False,0,0,False,0.7688923478126526,0.7825911291547981,1.0262989371409403
cam0,68,3400000,64,4,48,20,3,0,1,11.138113021850586,0,0,0,False,0,0,False,3.428205728530884,1.806534154534878,1.6268004809096173
cam0,69,3450000,64,5,48,21,5,2,3,1.8333909511566162,0,0,0,False,0,0,False,2.025165557861328,2.5757777120518446,1.6365076928074125
cam0,70,3500000,68,2,48,22,3,1,2,0.4824192225933075,0,0,0,False,0,0,False,1.118145227432251,0.3626719893266008,1.458147709805433
cam0,71,3550000,68,3,48,23,3,0,2,19.28836441040039,0,0,0,False,0,0,False,4.747797966003418,4.6809480095280485,1.245650083211856
cam0,72,3600000,68,4,48,24,3,0,3,20.11468505859375,-1,0,0,False,0,0,True,2.8800272941589355,0.8874737181159753,3.2803257860982473
cam0,73,3650000,68,5,64,9,4,1,1,15.42306137084961,0,0,0,False,0,0,False,2.5399627685546875,1.3512934848739646,2.182448709133459
cam0,74,3700000,72,2,64,10,4,0,4,505.54278564453125,2,1,0,True,1,0,False,3.0682120323181152,2.416731372714826,2.5733280943734194
cam0,75,3750000,72,3,64,11,5,1,4,447.4041748046875,-1,3,0,True,-1,0,,89.9848403930664,91.0850253073027,2.000721100002371
cam0,76,3800000,72,4,64,12,5,1,4,503.7610778808594,1,3,0,True,-1,0,,93.55509948730469,93.73724022622267,0.75455430666062
cam0,77,3850000,72,5,64,13,5,1,4,439.5470275878906,-1,3,0,True,-1,0,,94.89839172363281,96.88743922512012,3.565465734584271
cam0,78,3900000,76,2,64,14,5,1,2,437.5062561035156,-1,3,0,True,-1,0,,89.9385986328125,90.05719343886567,3.7927084934139175
cam0,79,3950000,76,3,64,15,6,2,4,434.1668395996094,-1,3,0,True,-1,0,,84.67633819580078,85.88531490441,1.4259389488315257
cam0,80,4000000,76,4,64,16,6,1,5,434.3468933105469,4,3,0,True,-1,0,,86.69950866699219,88.12942226448921,1.4450167570799997
cam0,81,4050000,76,5,64,17,6,0,5,436.5067443847656,5,3,0,True,-1,0,,101.25408935546875,102.37725116191774,1.2400676074688748
cam0,82,4100000,80,2,64,18,5,0,3,13.042192459106445,0,0,0,False,0,0,False,2.7935004234313965,4.345310537635598,2.0095459749527897
cam0,83,4150000,80,3,64,19,5,0,3,10.965801239013672,0,0,0,False,0,0,False,1.654005527496338,2.7717867135209895,4.006059823928455
cam0,84,4200000,80,4,64,20,4,0,2,13.16435718536377,0,0,0,False,0,0,False,3.1794464588165283,5.564811101314609,4.505428797564996
cam0,85,4250000,80,5,64,21,5,0,3,10.051100730895996,0,0,0,False,0,0,False,3.087474822998047,5.691941684514017,4.466660047887059
cam0,86,4300000,84,2,64,22,5,0,3,1.9020639657974243,0,0,0,False,0,0,False,0.016151063144207,2.59972033542039,2.6009445176211474
cam0,87,4350000,84,3,64,23,4,1,2,4.6251220703125,0,0,0,False,0,0,False,0.927087664604187,0.6884277780538429,1.0808153812434786
cam0,88,4400000,84,4,64,24,4,0,2,11.523795127868652,0,0,0,False,0,0,False,1.766038417816162,3.0924152876050406,1.3794710153839915
cam0,89,4450000,84,5,80,9,5,0,3,12.438755989074707,0,0,0,False,0,0,False,1.2443411350250244,1.6318014642132672,1.3540931785974695
cam0,90,4500000,88,2,80,10,2,0,1,13.5922269821167,0,0,0,False,0,0,False,1.5973401069641113,2.4968239247169652,0.9105262085075515
cam0,91,4550000,88,3,80,11,3,0,2,6.713779449462891,0,0,0,False,0,0,False,4.371053218841553,6.246410223019556,1.879999894722374
cam0,92,4600000,88,4,80,12,3,0,2,6.182773590087891,0,0,0,False,0,0,False,5.812288761138916,7.024116320700709,1.7600510672295502
cam0,93,4650000,88,5,80,13,4,0,3,2.981043577194214,0,0,0,False,0,0,False,1.1887136697769165,2.9382102952670133,1.8251088208475703
cam0,94,4700000,92,2,80,14,5,0,4,8.424965858459473,0,0,0,False,0,0,False,1.654340147972107,0.9880095148654389,2.380178110568957
cam0,95,4750000,92,3,80,15,4,1,3,0.45467042922973633,0,0,0,False,0,0,False,1.1504393815994263,2.5309863142185103,1.8564870477791653
cam0,96,4800000,92,4,80,16,4,0,3,12.466927528381348,0,0,0,False,0,0,False,2.269575595855713,0.9786952287874442,2.8433583329270347
cam0,97,4850000,92,5,80,17,5,2,2,15.202509880065918,0,0,0,False,0,0,False,5.3285627365112305,4.790739249075506,0.6399123409625844
cam0,98,4900000,96,2,80,18,5,0,3,3.826770544052124,0,0,0,False,0,0,False,1.460999846458435,1.5353935182978806,0.25449488665358644
cam0,99,4950000,96,3,80,19,5,1,2,1.8334542512893677,0,0,0,False,0,0,False,1.1739012002944946,0.3486282871860204,1.4784388843433562
cam0,100,5000000,96,4,80,20,3,0,1,1.0222004652023315,0,0,0,False,0,0,False,4.196194171905518,,
cam0,101,5050000,96,5,80,21,6,1,3,5.994640350341797,0,0,0,False,0,0,False,2.6055917739868164,0.9734898265706291,1.6359510935062629
cam0,102,5100000,100,2,80,22,5,1,2,1.2218599319458008,0,0,0,False,0,0,False,0.7752222418785095,1.6202682649612763,1.3063930487710163
cam0,103,5150000,100,3,80,23,6,3,1,3.270277500152588,0,0,0,False,0,0,False,2.1562881469726562,2.0797216762790636,0.8246782431398532
cam0,104,5200000,100,4,80,24,6,2,2,4.526827812194824,0,0,0,False,0,0,False,4.311705589294434,2.864822020841157,4.862478127438656
cam0,105,5250000,100,5,96,9,5,2,2,5.618605136871338,0,0,0,False,0,0,False,1.3580340147018433,2.2086258390743785,2.5766813747680555
cam0,106,5300000,104,2,96,10,3,1,2,2.2023963928222656,0,0,0,False,0,0,False,0.3050510585308075,20.36535269727093,20.659563304730497
cam0,107,5350000,104,3,96,11,5,1,3,3.3311033248901367,0,0,0,False,0,0,False,1.236620306968689,10.56815843833194,9.36265717479433
cam0,108,5400000,104,4,96,12,7,2,4,3.686262845993042,0,0,0,False,0,0,False,2.273542642593384,11.41873892730964,13.67938464081327
cam0,109,5450000,104,5,96,13,5,2,2,5.3182220458984375,0,0,0,False,0,0,False,7.438852787017822,14.81355172724873,7.940345565975739
cam0,110,5500000,108,2,96,14,8,4,3,0.4104642868041992,0,0,0,False,0,0,False,2.440934896469116,2.4358288677882056,0.8824413661631835
cam0,111,5550000,108,3,96,15,8,1,7,0.6566100120544434,0,0,0,False,0,0,False,0.8807845115661621,3.112414365130069,3.3499916463602633
cam0,112,5600000,108,4,96,16,6,4,1,0.5284836292266846,0,0,0,False,0,0,False,2.8197519779205322,3.1175277115148448,3.6280979286873043
cam0,113,5650000,108,5,96,17,7,4,3,0.8907968997955322,0,0,0,False,0,0,False,2.1826419830322266,0.8391050408310913,2.564372775114683
cam0,114,5700000,112,2,96,18,7,4,2,2.010841131210327,0,0,0,False,0,0,False,1.4567965269088745,1.9529347767231955,1.697502385237106
cam0,115,5750000,112,3,96,19,7,2,5,0.6480812430381775,0,0,0,False,0,0,False,0.377583771944046,0.24358569902608368,0.4056626408065754
cam0,116,5800000,112,4,96,20,7,6,0,3.4854564666748047,0,0,0,False,0,0,False,5.106729030609131,1.1923681572802376,6.235298640759795
cam0,117,5850000,112,5,96,21,7,6,1,1.8985133171081543,0,0,0,False,0,0,False,1.260669231414795,4.596924866578823,5.569625880242774
cam0,118,5900000,116,2,96,22,7,7,0,1.6140718460083008,0,0,0,False,0,0,False,0.6956737041473389,2.344771375601885,1.8614019960342676
cam0,119,5950000,116,3,96,23,7,7,0,2.050633430480957,0,0,0,False,0,0,False,1.667356252670288,2.399194390394131,2.815824713708353
cam0,120,6000000,116,4,96,24,7,3,4,1.5448955297470093,0,0,0,False,0,0,False,1.2081942558288574,1.083193055946825,1.7688557111019652
cam0,121,6050000,116,5,112,9,7,2,4,1.5000457763671875,0,0,0,False,0,0,False,2.396892547607422,0.7024400321902805,1.8371980401789407
cam0,122,6100000,120,2,112,10,7,3,4,0.38310083746910095,0,0,0,False,0,0,False,1.028375506401062,0.7350970796128448,0.6365948086625651
cam0,123,6150000,120,3,112,11,7,5,2,1.237431526184082,0,0,0,False,0,0,False,0.1288774460554123,1.796501454028841,1.8159116458319988
cam0,124,6200000,120,4,112,12,7,2,4,1.7465976476669312,0,0,0,False,0,0,False,0.5802760720252991,1.1058674052706523,1.6285440229390271
cam0,125,6250000,120,5,112,13,6,4,2,0.7810423374176025,0,0,0,False,0,0,False,0.713962197303772,0.49370730612926894,1.198247028048604
cam0,126,6300000,124,2,112,14,5,2,2,1.661602258682251,0,0,0,False,0,0,False,0.8090136051177979,1.3018208451630642,2.059259896236923
cam0,127,6350000,124,3,112,15,6,2,2,0.6164577603340149,0,0,0,False,0,0,False,0.28262385725975037,2.0028774041916364,2.2824204090385223
cam0,128,6400000,124,4,112,16,7,3,2,1.0850015878677368,0,0,0,False,0,0,False,0.7538546919822693,3.1212935872068837,2.4302535618443515
cam0,129,6450000,124,5,112,17,6,0,5,4.98388671875,0,0,0,False,0,0,False,1.5329874753952026,1.2759439461638105,2.7819738362232265
cam0,130,6500000,128,2,112,18,5,3,1,3.038487195968628,0,0,0,False,0,0,False,2.4767444133758545,1.5379182640431417,3.736444964730994
cam0,131,6550000,128,3,112,19,4,2,2,2.4142816066741943,0,0,0,False,0,0,False,3.1584932804107666,0.5429136565429509,3.4418093295510763
cam0,132,6600000,128,4,112,20,4,2,2,1.7768696546554565,0,0,0,False,0,0,False,2.6622729301452637,3.2759519893959035,5.680151242587924
cam0,133,6650000,128,5,112,21,6,1,4,0.19602763652801514,0,0,0,False,0,0,False,2.5287046432495117,1.9597002218416923,4.301203978528374
cam0,134,6700000,132,2,112,22,5,3,2,0.40344181656837463,0,0,0,False,0,0,False,0.5575844049453735,1.3050846882677407,1.0658703503324012
cam0,135,6750000,132,3,112,23,6,2,4,4.17419958114624,0,0,0,False,0,0,False,3.793107748031616,3.8152647233379566,1.1965498640277337
cam0,136,6800000,132,4,112,24,3,1,2,0.8211103677749634,0,0,0,False,0,0,False,0.26731762290000916,1.4171042026503844,1.3710620981405428
cam0,137,6850000,132,5,128,9,4,1,3,0.594951868057251,0,0,0,False,0,0,False,1.7124124765396118,3.3642698847419243,2.745278878729149
cam0,138,6900000,136,2,128,10,3,1,1,0.544742226600647,0,0,0,False,0,0,False,1.0828043222427368,2.730211991935284,2.442907518228407
cam0,139,6950000,136,3,128,11,3,1,2,5.592779636383057,0,0,0,False,0,0,False,1.6571835279464722,1.8651978436966437,2.4747606371149815
cam0,140,7000000,136,4,128,12,4,1,3,5.467340469360352,0,0,0,False,0,0,False,3.3019630908966064,1.0442518318959246,3.8539394193219874
cam0,141,7050000,136,5,128,13,3,1,2,1.7182636260986328,0,0,0,False,0,0,False,2.856682777404785,,
cam0,142,7100000,140,2,128,14,7,0,7,81.45226287841797,1,0,0,False,0,0,True,80.78515625,,
cam0,143,7150000,140,3,128,15,5,0,4,74.1626968383789,1,0,0,False,0,0,True,74.40440368652344,,
cam0,144,7200000,140,4,128,16,6,0,6,64.21275329589844,1,0,0,False,0,0,True,68.51264190673828,,
cam0,145,7250000,140,5,128,17,6,1,5,75.11901092529297,1,0,0,False,0,0,True,74.7470703125,,
cam0,146,7300000,144,2,128,18,2,1,1,114.71967315673828,-1,0,0,False,0,0,True,109.01587677001953,,
cam0,147,7350000,144,3,128,19,3,0,2,108.14749908447266,-1,3,0,True,-1,0,,60.93171691894531,,
cam0,148,7400000,144,4,128,20,5,1,3,108.19551086425781,-1,3,0,True,-1,0,,54.88816833496094,54.74453511712804,28.0741887133361
cam0,149,7450000,144,5,128,21,4,0,4,119.60212707519531,-1,3,0,True,-1,0,,61.730613708496094,,
cam0,150,7500000,148,2,128,22,4,0,4,157.31329345703125,-1,3,3,False,-1,-1,,64.84718322753906,,
cam0,151,7550000,148,3,128,23,5,0,5,110.17266082763672,-1,3,0,True,-1,0,,91.13319396972656,,
cam0,152,7600000,148,4,128,24,5,0,5,161.00112915039062,-1,3,0,True,-1,0,,93.28473663330078,,
cam0,153,7650000,148,5,144,9,3,1,2,159.2567901611328,-1,0,0,False,0,0,True,159.893798828125,,
cam0,154,7700000,152,2,144,10,3,1,1,16.21834945678711,0,0,0,False,0,0,False,19.12560272216797,,
cam0,155,7750000,152,3,144,11,4,1,2,44.02154541015625,-1,0,0,False,0,0,True,42.89673614501953,,
cam0,156,7800000,152,4,144,12,3,0,3,57.537261962890625,-1,0,0,False,0,0,True,56.9939079284668,60.382747750210434,7.621809812897368
cam0,157,7850000,152,5,144,13,4,0,2,63.10426712036133,-1,0,0,False,0,0,True,62.864463806152344,63.49570510558401,2.8429849680470105
cam0,158,7900000,156,2,144,14,4,0,4,271.08465576171875,1,0,1,True,0,1,False,4.647265911102295,6.718647961006819,11.298926664326864
cam0,159,7950000,156,3,144,15,3,0,3,269.96954345703125,1,0,1,True,0,1,False,4.765470027923584,,
cam0,160,8000000,156,4,144,16,4,0,3,265.0730895996094,1,0,1,True,0,1,False,1.4324758052825928,11.937550799313914,11.475797338553411
cam0,161,8050000,156,5,144,17,5,0,4,237.9774627685547,2,0,1,True,0,1,True,50.73029708862305,53.55471634895088,3.1588004588637504
cam0,162,8100000,160,2,144,18,4,0,2,4.398011207580566,0,0,0,False,0,0,False,3.699472665786743,,
cam0,163,8150000,160,3,144,19,4,2,1,4.235141277313232,0,0,0,False,0,0,False,7.380003929138184,,
cam0,164,8200000,160,4,144,20,4,3,1,3.1051077842712402,0,0,0,False,0,0,False,3.987786293029785,,
cam0,165,8250000,160,5,144,21,5,0,4,3.5771729946136475,0,3,0,True,-1,0,,75.17805480957031,,
cam0,166,8300000,164,2,144,22,4,1,2,6.728116035461426,0,3,0,True,-1,0,,53.082122802734375,,
cam0,167,8350000,164,3,144,23,4,1,2,1.7026203870773315,0,3,0,True,-1,0,,48.70233154296875,49.90072699338425,2.431409574585147
cam0,168,8400000,164,4,144,24,4,1,2,7.200722694396973,0,3,0,True,-1,0,,52.912513732910156,55.61034126901301,6.827445767828408
cam0,169,8450000,164,5,160,9,4,1,3,9.047310829162598,0,0,0,False,0,0,False,13.562652587890625,8.109738587747005,7.349864817571942
cam0,170,8500000,168,2,160,10,4,0,4,133.2025146484375,-1,3,0,True,-1,0,,63.62151336669922,57.03337956204972,7.335088218845223
cam0,171,8550000,168,3,160,11,5,1,4,138.3984832763672,-1,3,0,True,-1,0,,62.75008773803711,55.69050009063599,7.125415775743478
cam0,172,8600000,168,4,160,12,6,0,5,135.90460205078125,-1,3,0,True,-1,0,,70.21014404296875,67.06719295318524,5.894497704658824
cam0,173,8650000,168,5,160,13,4,0,4,145.23866271972656,-1,3,0,True,-1,0,,56.27568817138672,52.10810633776736,7.367725927833366
cam0,174,8700000,172,2,160,14,4,0,4,143.8701629638672,-1,3,0,True,-1,0,,65.90330505371094,61.49862155869404,6.390841806118712
cam0,175,8750000,172,3,160,15,4,0,4,144.97642517089844,-1,3,0,True,-1,0,,60.3499755859375,56.501772707567085,8.001902611408722
cam0,176,8800000,172,4,160,16,4,1,3,140.9906005859375,-1,3,0,True,-1,0,,73.001708984375,72.01638718572163,6.097377364683052
cam0,177,8850000,172,5,160,17,5,0,5,86.0303726196289,-1,3,0,True,-1,0,,30.789386749267578,,
cam0,178,8900000,176,2,160,18,4,1,3,3.9347195625305176,0,0,3,True,0,-1,,41.61016082763672,,
cam0,179,8950000,176,3,160,19,4,0,4,79.90897369384766,-1,3,0,True,-1,0,,11.46037769317627,,
cam0,180,9000000,176,4,160,20,4,1,3,152.97279357910156,-1,3,0,True,-1,0,,54.62206268310547,,
cam0,181,9050000,176,5,160,21,4,0,3,154.38702392578125,-1,3,0,True,-1,0,,45.905540466308594,,
cam0,182,9100000,180,2,160,22,5,1,2,4.665260314941406,0,0,0,False,0,0,False,7.0943684577941895,,
cam0,183,9150000,180,3,160,23,5,0,5,45.376461029052734,-1,0,0,False,0,0,True,47.631141662597656,,
cam0,184,9200000,180,4,160,24,4,1,3,2.30397629737854,0,0,0,False,0,0,False,3.282729387283325,,
cam0,185,9250000,180,5,176,9,5,1,4,0.19257867336273193,0,0,0,False,0,0,False,4.611225128173828,,
cam0,186,9300000,184,2,176,10,5,2,3,3.0504655838012695,0,0,0,False,0,0,False,2.5445556640625,,
cam0,187,9350000,184,3,176,11,4,0,3,4.630488872528076,0,0,0,False,0,0,False,1.0882993936538696,,
cam0,188,9400000,184,4,176,12,5,1,3,7.033813953399658,0,0,0,False,0,0,False,7.2340898513793945,,
cam0,189,9450000,184,5,176,13,5,0,4,4.074677467346191,0,0,0,False,0,0,False,3.2762067317962646,,
cam0,190,9500000,188,2,176,14,5,1,3,6.3202362060546875,0,0,0,False,0,0,False,5.797027111053467,,
cam0,191,9550000,188,3,176,15,3,1,2,5.104027271270752,0,0,0,False,0,0,False,5.52905797958374,5.402699253320222,2.1985397916127343
cam0,192,9600000,188,4,176,16,3,1,2,4.833615779876709,0,0,0,False,0,0,False,6.7697553634643555,5.6150578704511975,3.1031272102975365
cam0,193,9650000,188,5,176,17,3,1,2,1.5535742044448853,0,0,0,False,0,0,False,3.1206247806549072,3.2368741065307183,1.5888409342183174
cam0,194,9700000,192,2,176,18,3,1,2,4.023148536682129,0,0,0,False,0,0,False,2.81118106842041,0.4563249556332259,2.773775171697825
cam0,195,9750000,192,3,176,19,4,0,3,7.5450119972229,0,0,0,False,0,0,False,3.050823211669922,3.611939102601178,4.905410657796233
cam0,196,9800000,192,4,176,20,4,0,3,4.409112453460693,0,0,0,False,0,0,False,3.925755023956299,5.78769683221314,4.578710514566531
cam0,197,9850000,192,5,176,21,3,1,2,5.29273796081543,0,0,0,False,0,0,False,5.7396416664123535,7.586749570240279,3.834019472509069
cam0,198,9900000,196,2,176,22,3,0,1,1.0665606260299683,0,0,0,False,0,0,False,1.8375892639160156,4.291634854325326,3.487511914995236
cam0,199,9950000,196,3,176,23,3,1,1,4.526920318603516,0,0,0,False,0,0,False,4.976545333862305,5.0246796287035735,2.776292273750185
cam0,200,10000000,196,4,176,24,3,1,2,0.8677343726158142,0,0,0,False,0,0,False,0.6601483821868896,3.6553141625425476,3.0403357423072466
cam0,201,10050000,196,5,192,9,2,0,1,2.9264535903930664,0,0,0,False,0,0,False,1.058276891708374,2.8138441585463076,1.9097078559969354
cam0,202,10100000,200,2,192,10,3,2,1,1.0407744646072388,0,0,0,False,0,0,False,2.121793508529663,1.462864949021605,0.8072186480777886
cam0,203,10150000,200,3,192,11,3,1,2,1.569819688796997,0,0,0,False,0,0,False,2.249302387237549,0.6142088246521183,2.1177669086154767
cam0,204,10200000,200,4,192,12,3,0,1,4.149195194244385,0,0,0,False,0,0,False,3.271007776260376,2.6265333515585936,4.91704231492234
cam0,205,10250000,200,5,192,13,2,1,1,1.1924930810928345,0,0,0,False,0,0,False,1.746761679649353,,
cam0,206,10300000,204,2,192,14,2,0,1,7.327065467834473,0,0,0,False,0,0,False,1.5094630718231201,1.6097205594316326,3.016750249890841
cam0,207,10350000,204,3,192,15,3,1,2,5.9479475021362305,0,0,0,False,0,0,False,6.5235114097595215,4.250016135548594,3.4714513668497444
cam0,208,10400000,204,4,192,16,5,1,4,1.6113791465759277,0,0,0,False,0,0,False,2.208207130432129,1.989378434407835,3.133643639983008
cam0,209,10450000,204,5,192,17,5,1,4,2.55246901512146,0,0,0,False,0,0,False,1.8311121463775635,1.3317124585415334,2.9500238446221454
cam0,210,10500000,208,2,192,18,3,1,2,1.0257865190505981,0,0,0,False,0,0,False,1.2462021112442017,2.628002191873452,2.7923337987370562
cam0,211,10550000,208,3,192,19,3,1,2,1.2285254001617432,0,0,0,False,0,0,False,2.1169095039367676,2.229722959093983,2.2664444106929698
cam0,212,10600000,208,4,192,20,4,1,3,3.596576452255249,0,0,0,False,0,0,False,2.199378490447998,1.5261659385822195,2.2406079089104947
cam0,213,10650000,208,5,192,21,4,1,3,1.7072994709014893,0,0,0,False,0,0,False,1.4639934301376343,1.6190783462795963,2.943650346185661
cam0,214,10700000,212,2,192,22,2,1,1,0.5474773645401001,0,0,0,False,0,0,False,1.2818962335586548,1.5195086463118073,2.6115068002611834
cam0,215,10750000,212,3,192,23,1,1,0,1.8254882097244263,0,0,0,False,0,0,False,2.8728768825531006,2.409432079511164,3.7688154768912288
cam0,216,10800000,212,4,192,24,3,1,1,1.4243783950805664,0,0,0,False,0,0,False,2.754910945892334,1.7016284067717142,3.922097911352573
cam0,217,10850000,212,5,208,9,4,1,2,1.5906603336334229,0,0,0,False,0,0,False,3.5387401580810547,,
cam0,218,10900000,216,2,208,10,5,1,4,2.439985513687134,0,0,0,False,0,0,False,4.850071430206299,8.260223368668102,3.4113917576643016
cam0,219,10950000,216,3,208,11,6,1,4,4.506598949432373,0,0,0,False,0,0,False,4.8322272300720215,7.838277575352833,3.316398417580959
cam0,220,11000000,216,4,208,12,5,1,3,16.038379669189453,0,0,0,False,0,0,False,17.41510009765625,16.218842754616492,1.1965825514123514
cam0,221,11050000,216,5,208,13,2,2,0,20.218997955322266,-1,0,0,False,0,0,True,22.805850982666016,20.942010572473826,3.9633611377543914
cam0,222,11100000,220,2,208,14,3,0,2,80.97734069824219,1,0,3,True,0,-1,,11.926834106445312,21.84180566191908,33.59445665788949
cam0,223,11150000,220,3,208,15,0,0,0,57.95657730102539,-1,0,3,True,0,-1,,37.23566818237305,5.817346494527597,42.42474157829208
cam0,224,11200000,220,4,208,16,1,0,1,28.474271774291992,-1,3,3,False,-1,-1,,23.604204177856445,20.61987475115855,27.74336287872175
cam0,225,11250000,220,5,208,17,2,1,1,5.644808292388916,0,3,3,False,-1,-1,,13.338741302490234,30.32556595600471,23.496798498165624
cam0,226,11300000,224,2,208,18,3,0,3,67.97603607177734,1,0,3,True,0,-1,,28.26597023010254,4.779540007344503,32.930736190925515
cam0,227,11350000,224,3,208,19,4,1,3,76.79558563232422,1,0,3,True,0,-1,,26.413286209106445,7.462535763665528,33.791874557944816
cam0,228,11400000,224,4,208,20,5,1,4,79.69982147216797,1,0,3,True,0,-1,,10.848523139953613,14.054551301665386,23.296557127378346
cam0,229,11450000,224,5,208,21,4,0,4,71.23882293701172,1,0,3,True,0,-1,,25.218891143798828,14.842214780416143,33.52635884077595
cam0,230,11500000,228,2,208,22,5,2,3,1.2895779609680176,0,0,0,False,0,0,False,2.5590691566467285,1.941174428685962,0.7424987855824833
cam0,231,11550000,228,3,208,23,3,1,2,5.522193908691406,0,0,0,False,0,0,False,3.551264524459839,1.9303063844769084,5.171400362776475
cam0,232,11600000,228,4,208,24,4,0,3,3.9569342136383057,0,0,0,False,0,0,False,5.731281280517578,6.280071716232223,7.195925262136238
cam0,233,11650000,228,5,224,9,4,1,3,1.1272573471069336,0,0,0,False,0,0,False,0.6976311802864075,14.230502913749346,13.718384486176864
cam0,234,11700000,232,2,224,10,3,1,1,0.8817039728164673,0,0,0,False,0,0,False,3.3647348880767822,19.2733791677177,17.50023025756803
cam0,235,11750000,232,3,224,11,4,3,1,1.4473395347595215,0,0,0,False,0,0,False,4.520030498504639,23.873273935332346,19.40355374600026
cam0,236,11800000,232,4,224,12,4,1,2,2.1545748710632324,0,0,0,False,0,0,False,1.8642150163650513,21.472520077775794,19.713779617576602
cam0,237,11850000,232,5,224,13,2,1,0,55.721248626708984,-1,3,0,True,-1,0,,35.14820098876953,22.78762289299878,18.547603787081115
cam0,238,11900000,236,2,224,14,3,1,2,81.95372772216797,2,3,0,True,-1,0,,20.695493698120117,18.400698038637053,13.79294552293006
cam0,239,11950000,236,3,224,15,3,0,3,83.4072265625,4,3,0,True,-1,0,,25.93416976928711,22.91281956036959,14.094096577821633
cam0,240,12000000,236,4,224,16,3,0,3,85.0062484741211,-1,3,0,True,-1,0,,36.6178092956543,33.375684418617745,12.193960943013783
cam0,241,12050000,236,5,224,17,2,2,0,23.99957847595215,-1,0,0,False,0,0,True,26.71609115600586,16.485228143568538,11.024009418529891
cam0,242,12100000,240,2,224,18,3,2,0,2.2542200088500977,0,3,0,True,-1,0,,51.80124282836914,23.510092306725976,69.5396107463456
cam0,243,12150000,240,3,224,19,2,1,1,3.7397494316101074,0,0,0,False,0,0,False,2.308431386947632,65.69397450130637,67.99553461537349
cam0,244,12200000,240,4,224,20,2,1,0,8.22850227355957,0,0,0,False,0,0,False,1.7100813388824463,68.23242697449324,66.8966393614822
cam0,245,12250000,240,5,224,21,2,1,0,4.4390082359313965,0,0,0,False,0,0,False,1.255482792854309,66.77654689453244,65.77598851798446
cam0,246,12300000,244,2,224,22,4,1,1,4.5585150718688965,0,0,0,False,0,0,False,2.710860252380371,65.34176106163088,66.28069057900859
cam0,247,12350000,244,3,237,10,4,0,2,3.5110418796539307,0,0,3,True,0,-1,,53.570980072021484,62.95263203313401,22.251838779828052
cam0,248,12400000,244,4,237,11,2,1,1,7.873657703399658,0,0,0,False,0,0,False,8.435102462768555,69.16750011131784,68.83118158859038
cam0,249,12450000,244,5,237,12,4,2,0,9.447290420532227,0,0,0,False,0,0,False,12.874160766601562,64.8884907041748,69.94284867007387
cam0,250,12500000,248,2,237,13,3,0,2,55.540035247802734,1,0,0,False,0,0,True,50.955265045166016,50.69836867325159,69.39162431429622
cam0,251,12550000,248,3,237,14,2,0,1,61.77826690673828,-1,0,0,False,0,0,True,56.73894500732422,40.75869859949699,71.0479154850413
cam0,252,12600000,248,4,237,15,2,0,2,63.56513977050781,-1,0,3,True,0,-1,,57.48451614379883,37.83213028918486,34.55448902294864
cam0,253,12650000,248,5,237,16,3,0,3,68.19351196289062,-1,0,0,False,0,0,True,61.554344177246094,34.44713390371434,72.77214195726623
cam0,254,12700000,252,2,237,17,3,0,2,4.274864673614502,0,0,0,False,0,0,False,3.0805869102478027,73.28269871763221,70.79180196159419
cam0,255,12750000,252,3,237,18,5,0,5,70.7555160522461,1,3,0,True,-1,0,,41.24598693847656,34.34940857147257,9.231949743843739
cam0,256,12800000,252,4,237,19,3,0,1,9.67477035522461,0,0,0,False,0,0,False,12.106435775756836,15.460849486635395,4.284333184064607
cam0,257,12850000,252,5,237,20,4,1,2,6.693037033081055,0,0,0,False,0,0,False,7.173757076263428,9.300119138495134,4.042455735859315
cam0,258,12900000,256,2,237,21,1,1,0,0.3294506072998047,0,0,0,False,0,0,False,1.1659510135650635,4.196980484078681,3.118280554016258
cam0,259,12950000,256,3,237,22,2,0,1,5.021476745605469,0,0,0,False,0,0,False,1.4767324924468994,3.33945508100084,4.778110517028616
cam0,260,13000000,256,4,237,23,2,0,1,2.8687028884887695,0,0,0,False,0,0,False,2.784773588180542,3.0825527067596843,0.437855464464181
cam0,261,13050000,256,5,237,24,3,1,2,4.163344860076904,0,0,0,False,0,0,False,4.987534999847412,3.054069889350577,2.3378923261933227
cam0,262,13100000,260,2,237,25,4,0,2,4.766770839691162,0,0,0,False,0,0,False,4.960794925689697,5.341719988850341,1.3062784900799043
cam0,263,13150000,260,3,237,26,4,3,1,2.5518910884857178,0,0,0,False,0,0,False,5.701107025146484,5.288482497742832,5.529039858806025
cam0,264,13200000,260,4,237,27,4,1,2,3.5386505126953125,0,0,0,False,0,0,False,5.936600685119629,4.948075489837176,6.245597251112609
cam0,265,13250000,262,3,237,28,4,2,1,1.6503223180770874,0,0,0,False,0,0,False,3.3601291179656982,3.4641814155310593,5.312129634060392
cam0,266,13300000,262,4,237,29,4,1,3,1.7261093854904175,0,0,0,False,0,0,False,1.6712008714675903,0.34432245712908627,1.335194544549947
cam0,267,13350000,262,5,237,30,4,0,3,5.909016132354736,0,0,0,False,0,0,False,1.170406699180603,3.0508146514750867,2.8595563732114346
cam0,268,13400000,262,6,237,31,4,0,3,4.940935134887695,0,0,0,False,0,0,False,1.5596914291381836,4.531516969977349,3.4357199407245678
cam0,269,13450000,262,7,237,32,5,0,4,9.137130737304688,0,0,0,False,0,0,False,3.006439208984375,4.295858847325886,4.610315111041973
cam1,0,0,0,0,0,0,2,0,0,13.212044715881348,0,3,3,False,-1,-1,,103.77505493164062,,
cam1,1,50000,0,1,0,1,2,0,0,4.346250057220459,0,1,3,True,1,-1,,172.1847381591797,,
cam1,2,100000,0,2,0,2,2,1,1,4.533757209777832,0,1,1,False,1,1,True,163.18438720703125,,
cam1,3,150000,0,3,0,3,2,0,1,5.23736047744751,0,1,1,False,1,1,True,96.891357421875,,
cam1,4,200000,0,4,0,4,4,0,3,9.191214561462402,0,1,1,False,1,1,True,92.08866119384766,,
cam1,5,250000,0,5,0,5,4,0,2,12.066970825195312,0,3,1,True,-1,1,,186.51889038085938,,
cam1,6,300000,4,2,0,6,4,1,3,154.1224365234375,-1,3,0,True,-1,0,,154.5645294189453,,
cam1,7,350000,4,3,0,7,4,0,4,152.920166015625,-1,1,3,True,1,-1,,123.91156005859375,,
cam1,8,400000,4,4,0,8,3,0,3,85.18701934814453,-1,1,1,False,1,1,True,241.80198669433594,,
cam1,9,450000,4,5,0,9,3,0,3,81.56726837158203,-1,1,1,False,1,1,True,171.97608947753906,,
cam1,10,500000,8,2,0,10,2,0,1,57.294883728027344,-1,1,1,False,1,1,True,62.79279708862305,,
cam1,11,550000,8,3,0,11,3,1,2,43.30005645751953,-1,3,1,True,-1,1,,301.97613525390625,,
cam1,12,600000,8,4,0,12,5,0,5,77.53797912597656,7,1,1,False,1,1,True,70.77139282226562,,
cam1,13,650000,8,5,0,13,3,0,3,75.91525268554688,-1,1,1,False,1,1,True,69.47769165039062,,
cam1,14,700000,12,2,0,14,4,0,3,72.90214538574219,2,3,0,True,-1,0,,236.86671447753906,,
cam1,15,750000,12,3,0,15,2,0,2,68.11146545410156,-1,1,0,True,1,0,True,167.9599151611328,,
cam1,16,800000,12,4,0,16,4,2,2,64.19658660888672,3,3,3,False,-1,-1,,136.3883514404297,,
cam1,17,850000,12,5,0,17,3,1,1,60.15946960449219,2,1,1,False,1,1,True,48.22666549682617,,
cam1,18,900000,16,2,0,18,4,0,3,49.7945671081543,-1,3,3,False,-1,-1,,82.83436584472656,,
cam1,19,950000,16,3,0,19,3,1,2,416.6829833984375,1,3,3,False,-1,-1,,84.41820526123047,,
cam1,20,1000000,16,4,0,20,2,1,1,592.0860595703125,-1,3,3,False,-1,-1,,30.64929962158203,,
cam1,21,1050000,16,5,0,21,3,0,3,599.4119873046875,2,3,3,False,-1,-1,,35.039817810058594,,
cam1,22,1100000,20,2,0,22,0,0,0,41.0258674621582,-1,3,3,False,-1,-1,,100.47520446777344,,
cam1,23,1150000,20,3,0,23,3,0,1,10.992798805236816,0,3,3,False,-1,-1,,106.29010772705078,,
cam1,24,1200000,20,4,0,24,4,0,0,9.14783763885498,0,3,3,False,-1,-1,,154.1985321044922,,
cam1,25,1250000,20,5,16,9,5,2,2,6.2863359451293945,0,1,1,False,1,1,False,2.7204692363739014,,
cam1,26,1300000,24,2,16,10,3,0,1,0.5660585761070251,0,0,0,False,0,0,False,7.36140775680542,,
cam1,27,1350000,24,3,16,11,3,2,1,1.2981923818588257,0,0,0,False,0,0,False,3.591075897216797,,
cam1,28,1400000,24,4,16,12,3,0,1,14.551569938659668,0,0,0,False,0,0,False,2.8463082313537598,,
cam1,29,1450000,24,5,16,13,3,0,0,5.967973709106445,0,0,0,False,0,0,False,1.5609500408172607,,
cam1,30,1500000,28,2,16,14,6,0,5,2.4134271144866943,0,0,0,False,0,0,False,1.2128098011016846,,
cam1,31,1550000,28,3,16,15,6,1,4,5.143721103668213,0,0,0,False,0,0,False,2.5404882431030273,93.2165513879484,91.22986334601265
cam1,32,1600000,28,4,16,16,4,1,2,2.1423146724700928,0,0,0,False,0,0,False,1.109223484992981,85.13922153356529,84.25405269582136
cam1,33,1650000,28,5,16,17,4,2,2,1.058211088180542,0,0,0,False,0,0,False,1.7634174823760986,77.24588664641632,75.52561240595315
cam1,34,1700000,32,2,16,18,3,1,1,4.046083927154541,0,0,0,False,0,0,False,3.242903709411621,71.67155939203568,68.9961296501756
cam1,35,1750000,32,3,16,19,3,1,2,3.0457355976104736,0,0,0,False,0,0,False,4.136317729949951,64.59149266043043,60.4872353153345
cam1,36,1800000,32,4,16,20,2,1,1,3.6350693702697754,0,0,0,False,0,0,False,2.3639917373657227,56.322819091086025,54.0789874592533
cam1,37,1850000,32,5,16,21,2,1,1,0.691824734210968,0,0,0,False,0,0,False,1.5067270994186401,42.69672047199565,41.23811245393714
cam1,38,1900000,36,2,16,22,3,1,1,3.9544425010681152,0,0,0,False,0,0,False,4.053865432739258,9.019068182201474,12.67784473103118
cam1,39,1950000,36,3,16,23,3,2,1,2.42844557762146,0,0,0,False,0,0,False,2.37040638923645,3.38960386056724,5.005741777779738
cam1,40,2000000,36,4,16,24,3,2,1,0.5082961916923523,0,0,0,False,0,0,False,1.338903546333313,1.6915750545350603,2.976680868504983
cam1,41,2050000,36,5,32,9,5,2,3,2.8149638175964355,0,0,0,False,0,0,False,1.4166315793991089,0.6791728876695237,1.8886046378545183
cam1,42,2100000,40,2,32,10,5,2,3,2.3225324153900146,0,0,0,False,0,0,False,1.3727866411209106,1.1701530979403698,1.2077755919700888
cam1,43,2150000,40,3,32,11,7,1,6,1.4684468507766724,0,0,0,False,0,0,False,1.4909611940383911,0.6975605841374362,0.9115265150809092
cam1,44,2200000,40,4,32,12,6,1,5,0.5474814176559448,0,0,0,False,0,0,False,0.8144415616989136,2.286605785712572,1.9131977173697663
cam1,45,2250000,40,5,32,13,6,4,2,1.5333143472671509,0,0,0,False,0,0,False,1.4525090456008911,2.0327053820867755,2.317081344484453
cam1,46,2300000,44,2,32,14,7,1,6,1.5556074380874634,0,0,0,False,0,0,False,1.6700234413146973,2.8076107173984926,1.148741295206537
cam1,47,2350000,44,3,32,15,6,1,5,1.5748645067214966,0,0,0,False,0,0,False,1.5723742246627808,2.4992167242449894,1.0034004379463626
cam1,48,2400000,44,4,32,16,5,1,4,0.4094370901584625,0,0,0,False,0,0,False,1.8675895929336548,1.390148268737041,1.2517923564492117
cam1,49,2450000,44,5,32,17,5,3,2,1.6537258625030518,0,0,0,False,0,0,False,1.352044701576233,0.8393259871088082,0.9237860834369926
cam1,50,2500000,48,2,32,18,6,3,3,1.1448956727981567,0,0,0,False,0,0,False,1.7548576593399048,1.4432736367415697,0.9671017690405854
cam1,51,2550000,48,3,32,19,5,3,2,3.4978842735290527,0,0,0,False,0,0,False,2.8159677982330322,0.8162932115036335,2.635505602776191
cam1,52,2600000,48,4,32,20,7,3,4,0.7237359881401062,0,0,0,False,0,0,False,0.6010755896568298,1.4134307999798936,1.5138191529711236
cam1,53,2650000,48,5,32,21,7,5,2,1.0770947933197021,0,0,0,False,0,0,False,0.47413545846939087,0.8149218933360821,1.2556396424997043
cam1,54,2700000,52,2,32,22,7,6,0,1.0125679969787598,0,0,0,False,0,0,False,1.1461045742034912,1.4689299437149381,2.2413585556138464
cam1,55,2750000,52,3,32,23,5,2,3,1.417060136795044,0,0,0,False,0,0,False,0.9317287802696228,1.6002250631889425,0.6700766165318823
cam1,56,2800000,52,4,32,24,5,0,4,1.44660484790802,0,0,0,False,0,0,False,0.6445441842079163,0.21309952382168978,0.6096133666100924
cam1,57,2850000,52,5,48,9,5,1,3,2.8160784244537354,0,0,0,False,0,0,False,0.7010553479194641,0.5958348538408371,0.27483788265301196
cam1,58,2900000,56,2,48,10,5,1,4,3.14650821685791,0,0,0,False,0,0,False,0.3616754114627838,0.5909099296478915,0.9061778752497882
cam1,59,2950000,56,3,48,11,6,0,5,1.9283106327056885,0,0,0,False,0,0,False,0.3499000370502472,1.1656675297722872,0.8620908535598389
cam1,60,3000000,56,4,48,12,5,2,3,0.1654438078403473,0,0,0,False,0,0,False,0.4481244683265686,1.0945806488403205,0.9003344173098565
cam1,61,3050000,56,5,48,13,7,3,4,0.7697827219963074,0,0,0,False,0,0,False,0.9948247075080872,0.8654301217035103,1.5903215307703926
cam1,62,3100000,60,2,48,14,5,0,4,0.6492888331413269,0,0,0,False,0,0,False,0.30627647042274475,0.9087525596869634,0.6026058889619921
cam1,63,3150000,60,3,48,15,4,1,1,1.4944422245025635,0,0,0,False,0,0,False,0.3120312988758087,2.0460402177730153,1.9913786606477775
cam1,64,3200000,60,4,48,16,3,0,2,2.8207221031188965,0,0,0,False,0,0,False,1.0994524955749512,0.9206451359466777,1.4096183651348826
cam1,65,3250000,60,5,48,17,3,1,1,3.747413158416748,0,0,0,False,0,0,False,1.167986512184143,1.289358967495849,2.1163061157380847
cam1,66,3300000,64,2,48,18,3,1,2,3.033933639526367,0,0,0,False,0,0,False,2.0005290508270264,1.6825127900663364,1.1768037371981497
cam1,67,3350000,64,3,48,19,2,2,0,0.6078862547874451,0,0,0,False,0,0,False,0.3807681202888489,2.3113848786096267,2.317543388835149
cam1,68,3400000,64,4,48,20,2,1,1,2.585503339767456,0,0,0,False,0,0,False,1.1912875175476074,1.9145628846766005,0.8903551705201749
cam1,69,3450000,64,5,48,21,3,0,2,16.19462776184082,0,0,0,False,0,0,False,0.5374411344528198,1.6724033176433841,1.3392443165949548
cam1,70,3500000,68,2,48,22,5,1,1,2.5350661277770996,0,0,0,False,0,0,False,1.1610859632492065,1.6911928859246144,1.3978587323303646
cam1,71,3550000,68,3,48,23,6,3,3,2.5394110679626465,0,0,0,False,0,0,False,1.6332569122314453,1.252192496479173,0.6859841539237894
cam1,72,3600000,68,4,48,24,5,2,2,1.2896137237548828,0,0,0,False,0,0,False,0.6256318688392639,0.40489971799452534,0.9750633043036185
cam1,73,3650000,68,5,64,9,4,0,1,3.134948492050171,0,0,0,False,0,0,False,5.731814861297607,0.44178603971778385,5.345519041947692
cam1,74,3700000,72,2,64,10,4,1,2,1.3474026918411255,0,0,0,False,0,0,False,2.82124662399292,0.5903910555508569,2.9617419099544953
cam1,75,3750000,72,3,64,11,3,1,1,0.20103394985198975,0,0,0,False,0,0,False,1.313501238822937,1.019984628208424,2.201718118089435
cam1,76,3800000,72,4,64,12,2,1,0,3.125319480895996,0,0,0,False,0,0,False,1.3279004096984863,0.48997759722046874,1.7546588524583777
cam1,77,3850000,72,5,64,13,3,1,1,0.644370436668396,0,0,0,False,0,0,False,0.507773756980896,0.818285693671269,0.937834330863969
cam1,78,3900000,76,2,64,14,3,2,0,2.069894552230835,0,0,0,False,0,0,False,1.4842313528060913,0.25161629959618803,1.2953145892314983
cam1,79,3950000,76,3,64,15,4,3,1,1.408304214477539,0,0,0,False,0,0,False,0.4226022958755493,1.3085190929083308,1.2305267100205897
cam1,80,4000000,76,4,64,16,4,2,2,0.792603075504303,0,0,0,False,0,0,False,0.390313982963562,1.2217398345475625,1.5589361707760114
cam1,81,4050000,76,5,64,17,3,0,1,5.714522838592529,0,0,0,False,0,0,False,2.3837242126464844,1.2430990620176705,3.5877308145998663
cam1,82,4100000,80,2,64,18,4,0,2,16.17820167541504,0,0,0,False,0,0,False,1.9915928840637207,1.9602094320870407,1.4492257422601627
cam1,83,4150000,80,3,64,19,5,0,3,6.554853439331055,0,0,0,False,0,0,False,4.172229766845703,5.3357319599337885,1.6609747816947242
cam1,84,4200000,80,4,64,20,5,2,3,1.7539955377578735,0,0,0,False,0,0,False,2.3423330783843994,2.4784062237608193,1.9873635813951107
cam1,85,4250000,80,5,64,21,5,1,4,1.808529257774353,0,0,0,False,0,0,False,1.704054594039917,2.367823698482883,1.9112273173657615
cam1,86,4300000,84,2,64,22,4,1,3,2.1037111282348633,0,0,0,False,0,0,False,2.473964214324951,2.8754410603681175,0.4309653662588606
cam1,87,4350000,84,3,64,23,6,0,5,12.104333877563477,0,0,0,False,0,0,False,1.8235857486724854,1.6889585718349382,0.9886649676675847
cam1,88,4400000,84,4,64,24,5,1,3,5.668653964996338,0,0,0,False,0,0,False,0.6836087107658386,0.6104452382736925,0.18596803600532089
cam1,89,4450000,84,5,80,9,5,1,4,0.7725854516029358,0,0,0,False,0,0,False,0.6062376499176025,0.30913374628071827,0.9040429068956287
cam1,90,4500000,88,2,80,10,6,1,5,2.55751633644104,0,0,0,False,0,0,False,1.758088231086731,1.851819597808702,1.263666397125506
cam1,91,4550000,88,3,80,11,5,1,3,10.155497550964355,0,0,0,False,0,0,False,4.676698207855225,4.366650301047423,0.3346577387497932
cam1,92,4600000,88,4,80,12,6,2,4,0.9200323820114136,0,0,0,False,0,0,False,0.8445684909820557,1.1117428533672489,1.785367958889838
cam1,93,4650000,88,5,80,13,4,2,2,1.0535049438476562,0,0,0,False,0,0,False,1.2032744884490967,1.4239944587952704,0.5540180564659296
cam1,94,4700000,92,2,80,14,6,1,2,1.7409131526947021,0,0,0,False,0,0,False,0.6855311393737793,1.2945287554493563,0.6099724715530713
cam1,95,4750000,92,3,80,15,6,1,4,2.641373634338379,0,0,0,False,0,0,False,2.5269861221313477,2.0552635250155697,0.6340969969784878
cam1,96,4800000,92,4,80,16,6,3,3,1.7166023254394531,0,0,0,False,0,0,False,1.3891737461090088,2.1802320788837473,0.9268261247391469
cam1,97,4850000,92,5,80,17,5,1,3,2.2853472232818604,0,0,0,False,0,0,False,0.7549328804016113,0.9211438212357417,0.16788915215762334
cam1,98,4900000,96,2,80,18,7,2,4,5.80839204788208,0,0,0,False,0,0,False,1.9384057521820068,2.323682094523849,1.223809420520409
cam1,99,4950000,96,3,80,19,8,3,3,5.585297107696533,0,0,0,False,0,0,False,3.4554102420806885,4.325929830728147,3.692076785259005
cam1,100,5000000,96,4,80,20,7,1,5,5.149301052093506,0,0,0,False,0,0,False,2.136531352996826,1.5594825498054952,2.104213222513075
cam1,101,5050000,96,5,80,21,7,2,5,1.7918827533721924,0,0,0,False,0,0,False,3.027017593383789,1.046610806863865,2.4899679939826838
cam1,102,5100000,100,2,80,22,6,1,4,4.731174945831299,0,0,0,False,0,0,False,1.8043925762176514,0.35480006905640826,1.5023900933349958
cam1,103,5150000,100,3,80,23,6,5,1,1.6712181568145752,0,0,0,False,0,0,False,2.9753775596618652,1.3915259568406204,2.023059834133533
cam1,104,5200000,100,4,80,24,6,2,3,0.32126346230506897,0,0,0,False,0,0,False,1.2973116636276245,1.3689334464123204,0.0735237524941703
cam1,105,5250000,100,5,96,9,6,0,5,1.356249451637268,0,0,0,False,0,0,False,3.5914714336395264,1.1650277087620446,3.107764440317323
cam1,106,5300000,104,2,96,10,6,1,4,0.9206143021583557,0,0,0,False,0,0,False,0.423262357711792,1.5703260820080074,1.1663754501107657
cam1,107,5350000,104,3,96,11,6,1,5,1.0237622261047363,0,0,0,False,0,0,False,0.976936936378479,7.702067573797011,8.004124792131437
cam1,108,5400000,104,4,96,12,5,2,3,0.3385601043701172,0,0,0,False,0,0,False,0.8870862126350403,4.65541079268731,5.431212076944369
cam1,109,5450000,104,5,96,13,7,3,4,2.309048891067505,0,0,0,False,0,0,False,0.8280068635940552,1.7679581907095152,1.8047938723510466
cam1,110,5500000,108,2,96,14,6,0,5,7.700671195983887,0,0,0,False,0,0,False,1.371071457862854,2.2350901053069028,2.23527400102288
cam1,111,5550000,108,3,96,15,6,1,5,0.7621744275093079,0,0,0,False,0,0,False,1.060022234916687,1.6465786930728326,1.7480756576000525
cam1,112,5600000,108,4,96,16,5,1,4,1.569373607635498,0,0,0,False,0,0,False,0.6014293432235718,2.016611174004498,1.4260976295899817
cam1,113,5650000,108,5,96,17,6,3,3,0.700803816318512,0,0,0,False,0,0,False,1.1020889282226562,0.5003056114503728,0.7060136174511324
cam1,114,5700000,112,2,96,18,7,3,4,0.6697803735733032,0,0,0,False,0,0,False,0.6952919960021973,1.937068583415063,1.893408719104675
cam1,115,5750000,112,3,96,19,7,7,0,0.42138686776161194,0,0,0,False,0,0,False,0.6080068945884705,1.6114179257699839,1.0350843370488128
cam1,116,5800000,112,4,96,20,7,5,2,0.9402575492858887,0,0,0,False,0,0,False,0.8356655836105347,0.43558577026802814,0.8388913705220088
cam1,117,5850000,112,5,96,21,6,2,4,0.8809514045715332,0,0,0,False,0,0,False,1.2374281883239746,0.603490533487835,1.4459545397913955
cam1,118,5900000,116,2,96,22,6,2,4,1.6145012378692627,0,0,0,False,0,0,False,0.9268309473991394,0.8429381681281463,1.421915558137315
cam1,119,5950000,116,3,96,23,6,4,2,0.21135909855365753,0,0,0,False,0,0,False,1.0992070436477661,0.4064555598668074,1.225836935383341
cam1,120,6000000,116,4,96,24,6,1,4,0.564453125,0,0,0,False,0,0,False,0.5294228196144104,1.916503546644905,1.4949752603972113
cam1,121,6050000,116,5,112,9,7,4,2,1.3118280172348022,0,0,0,False,0,0,False,0.8241502046585083,3.1719500519438046,2.641270459992572
cam1,122,6100000,120,2,112,10,7,2,4,4.8900909423828125,0,0,0,False,0,0,False,1.494454264640808,1.7361464714771526,2.814808542700259
cam1,123,6150000,120,3,112,11,6,2,3,1.155078411102295,0,0,0,False,0,0,False,2.919039487838745,3.4153581344528825,1.4076159004597975
cam1,124,6200000,120,4,112,12,6,1,4,0.5803602337837219,0,0,0,False,0,0,False,2.0722737312316895,2.1047161781419326,1.1744495276065932
cam1,125,6250000,120,5,112,13,4,2,1,1.1220475435256958,0,0,0,False,0,0,False,1.4502644538879395,1.628244781724729,0.9915380752324998
cam1,126,6300000,124,2,112,14,3,2,1,0.4159562289714813,0,0,0,False,0,0,False,1.4863650798797607,1.5048561831246814,2.8322526380456874
cam1,127,6350000,124,3,112,15,6,1,5,0.24084798991680145,0,0,0,False,0,0,False,1.4943158626556396,0.9854725001833161,1.9926134301023786
cam1,128,6400000,124,4,112,16,3,0,2,5.642910003662109,0,0,0,False,0,0,False,0.8253320455551147,0.6654870193490133,0.6777638393949202
cam1,129,6450000,124,5,112,17,4,1,3,3.7750039100646973,0,0,0,False,0,0,False,2.918318748474121,1.7494296721023077,1.1699767725035193
cam1,130,6500000,128,2,112,18,7,0,5,1.8626335859298706,0,0,0,False,0,0,False,3.0771007537841797,2.8214353138154493,3.659124946998828
cam1,131,6550000,128,3,112,19,4,2,2,1.5922654867172241,0,0,0,False,0,0,False,3.197701930999756,2.63876627905608,5.335007971153516
cam1,132,6600000,128,4,112,20,3,2,1,1.141095757484436,0,0,0,False,0,0,False,2.8409106731414795,2.2149812844272523,3.947981324410828
cam1,133,6650000,128,5,112,21,5,1,3,2.224788188934326,0,0,0,False,0,0,False,3.822789192199707,1.7262670792473929,2.1513035840881973
cam1,134,6700000,132,2,112,22,3,1,2,1.034043550491333,0,0,0,False,0,0,False,2.0793302059173584,2.0891973574705105,0.3737137034925934
cam1,135,6750000,132,3,112,23,4,1,2,1.6191717386245728,0,0,0,False,0,0,False,2.03794002532959,1.7601370737521074,0.39417937217042426
cam1,136,6800000,132,4,112,24,3,2,1,1.4653240442276,0,0,0,False,0,0,False,2.863685131072998,2.373344060478661,0.6407663509445505
cam1,137,6850000,132,5,128,9,5,1,4,2.7872238159179688,0,0,0,False,0,0,False,3.2835135459899902,1.5761223404049356,1.78327342889951
cam1,138,6900000,136,2,128,10,3,2,0,2.495659589767456,0,0,0,False,0,0,False,3.1237573623657227,2.0325219756089217,1.1651558487353721
cam1,139,6950000,136,3,128,11,4,1,3,0.4453991949558258,0,0,0,False,0,0,False,1.4301128387451172,2.0885399937351727,0.7232380778289835
cam1,140,7000000,136,4,128,12,3,1,1,8.725316047668457,0,0,0,False,0,0,False,1.5322777032852173,1.7815875635685474,0.6873158202082085
cam1,141,7050000,136,5,128,13,2,1,1,0.7883074879646301,0,0,0,False,0,0,False,3.503217935562134,2.992662277061313,1.8596312895352791
cam1,142,7100000,140,2,128,14,3,2,1,3.1118040084838867,0,0,0,False,0,0,False,2.1656014919281006,1.3508022536910316,1.3428409239698693
cam1,143,7150000,140,3,128,15,3,2,1,0.7422695755958557,0,0,0,False,0,0,False,0.8591492772102356,1.1197280436987964,1.1845566412782313
cam1,144,7200000,140,4,128,16,2,0,1,3.0208070278167725,0,0,0,False,0,0,False,2.6491587162017822,2.3016241284760834,1.669832778051081
cam1,145,7250000,140,5,128,17,3,1,2,3.5888640880584717,0,0,0,False,0,0,False,1.8775407075881958,1.784230475153078,1.9274440480818604
cam1,146,7300000,144,2,128,18,4,1,3,3.137402057647705,0,0,0,False,0,0,False,1.3625503778457642,,
cam1,147,7350000,144,3,128,19,5,1,3,0.8215572834014893,0,0,0,False,0,0,False,2.2302212715148926,2.30862333176561,2.894016033090111
cam1,148,7400000,144,4,128,20,4,1,1,1.403558373451233,0,0,0,False,0,0,False,2.8267719745635986,4.4054540130873034,1.7158721683039613
cam1,149,7450000,144,5,128,21,3,1,2,0.42228612303733826,0,0,0,False,0,0,False,1.496322751045227,1.0692141777705824,0.4286915309904441
cam1,150,7500000,148,2,128,22,4,1,2,1.0487465858459473,0,0,0,False,0,0,False,1.8291531801223755,0.6475716094965506,1.2121301271544338
cam1,151,7550000,148,3,128,23,4,1,2,0.9678124189376831,0,0,0,False,0,0,False,2.4439311027526855,1.458535902507394,3.2582599665673166
cam1,152,7600000,148,4,128,24,3,2,1,1.4886630773544312,0,0,0,False,0,0,False,2.5682363510131836,3.1376245950387545,5.310807292011297
cam1,153,7650000,148,5,144,9,1,1,0,0.392027884721756,0,0,0,False,0,0,False,1.6044445037841797,2.9367783350255823,4.034257269834429
cam1,154,7700000,152,2,144,10,4,0,3,1.5077922344207764,0,0,0,False,0,0,False,2.0627615451812744,0.6889306169723365,2.2749282555424206
cam1,155,7750000,152,3,144,11,4,1,2,1.0935051441192627,0,0,0,False,0,0,False,0.7931725978851318,1.3778302663658544,1.0629235876827658
cam1,156,7800000,152,4,144,12,5,1,3,0.9122483134269714,0,0,0,False,0,0,False,0.9860904216766357,3.590007267762969,3.2706169056874637
cam1,157,7850000,152,5,144,13,4,1,3,2.003995656967163,0,0,0,False,0,0,False,0.6482542753219604,3.7695250711202566,4.2280714635361365
cam1,158,7900000,156,2,144,14,4,1,3,0.40580111742019653,0,0,0,False,0,0,False,0.7420872449874878,2.5747475861626157,1.841981708869455
cam1,159,7950000,156,3,144,15,4,1,3,0.13991080224514008,0,0,0,False,0,0,False,1.7434968948364258,2.1987436614938107,2.361288576860557
cam1,160,8000000,156,4,144,16,3,1,2,1.8975619077682495,0,0,0,False,0,0,False,2.6137278079986572,2.161363535207052,3.172973727693645
cam1,161,8050000,156,5,144,17,3,2,1,1.770235538482666,0,0,0,False,0,0,False,2.1589198112487793,1.296936771259765,1.7580790524077854
cam1,162,8100000,160,2,144,18,3,2,1,5.036412239074707,0,0,0,False,0,0,False,0.7968601584434509,3.191451258228629,3.350081372531238
cam1,163,8150000,160,3,144,19,3,1,2,1.814487338066101,0,0,0,False,0,0,False,1.0117783546447754,2.1606276593453693,1.1549926030908615
cam1,164,8200000,160,4,144,20,5,2,3,4.882044315338135,0,0,0,False,0,0,False,2.769132375717163,2.296052030768712,0.4766237674697921
cam1,165,8250000,160,5,144,21,5,3,2,1.501856803894043,0,0,0,False,0,0,False,1.413609266281128,2.3278115325386945,1.196180633883576
cam1,166,8300000,164,2,144,22,4,1,2,5.039184093475342,0,0,0,False,0,0,False,1.8215365409851074,2.269082370082194,1.8509252491833226
cam1,167,8350000,164,3,144,23,4,2,1,1.7135546207427979,0,0,0,False,0,0,False,1.6479614973068237,1.8871686228718594,1.1209787635039454
cam1,168,8400000,164,4,144,24,3,1,2,0.7611121535301208,0,0,0,False,0,0,False,0.7729796171188354,1.3387334127935238,0.9928872031043341
cam1,169,8450000,164,5,160,9,4,0,3,6.788057327270508,0,0,0,False,0,0,False,0.6717391014099121,0.5682351368172563,0.964704743871172
cam1,170,8500000,168,2,160,10,3,1,0,4.746248245239258,0,0,0,False,0,0,False,0.9177543520927429,0.784617888636077,0.2898899120420254
cam1,171,8550000,168,3,160,11,4,2,0,8.585753440856934,0,0,0,False,0,0,False,3.1318023204803467,1.3470629881825127,3.44319334512439
cam1,172,8600000,168,4,160,12,4,2,1,9.567085266113281,0,0,0,False,0,0,False,6.536437511444092,5.462116101293553,7.006794135555654
cam1,173,8650000,168,5,160,13,4,1,3,5.190717697143555,0,0,0,False,0,0,False,6.812743186950684,5.7583923055542225,7.045105022097209
cam1,174,8700000,172,2,160,14,3,0,3,67.63837432861328,1,0,1,True,0,1,False,7.398391246795654,3.8542294170994844,8.698510473938383
cam1,175,8750000,172,3,160,15,4,1,3,60.037750244140625,1,0,3,True,0,-1,,32.01811218261719,2.8415461900585717,34.640700162322425
cam1,176,8800000,172,4,160,16,4,0,3,59.192073822021484,-1,0,0,False,0,0,True,60.60099792480469,0.9612368187889052,59.719689950341625
cam1,177,8850000,172,5,160,17,4,0,3,16.708105087280273,0,0,0,False,0,0,False,3.6955580711364746,1.1555662687871457,3.5109048490013124
cam1,178,8900000,176,2,160,18,2,0,1,3.4917688369750977,0,0,0,False,0,0,False,0.840947151184082,2.5919903015079875,3.360884641696255
cam1,179,8950000,176,3,160,19,3,1,1,3.9977967739105225,0,0,0,False,0,0,False,2.9138646125793457,2.6914533735548005,3.7206225368179253
cam1,180,9000000,176,4,160,20,3,1,2,3.3272552490234375,0,0,0,False,0,0,False,1.8746604919433594,2.654269925875857,1.05619806418001
cam1,181,9050000,176,5,160,21,3,0,2,3.2767632007598877,0,0,0,False,0,0,False,0.7329185009002686,1.844995360166047,1.1180226813851657
cam1,182,9100000,180,2,160,22,3,0,2,2.408015489578247,0,0,0,False,0,0,False,1.5805319547653198,2.5945237939979764,2.133136731240526
cam1,183,9150000,180,3,160,23,3,1,2,2.187382936477661,0,0,0,False,0,0,False,1.9850953817367554,1.1016796924031325,1.3423050376958026
cam1,184,9200000,180,4,160,24,3,2,1,0.5443534851074219,0,0,0,False,0,0,False,1.3788295984268188,1.82156067542826,2.633994898909402
cam1,185,9250000,180,5,176,9,5,2,3,2.217864513397217,0,0,0,False,0,0,False,1.8623031377792358,3.4018229346088167,2.1910721926465415
cam1,186,9300000,184,2,176,10,2,0,1,2.951587677001953,0,0,0,False,0,0,False,3.1521553993225098,2.868402291702648,0.2899629434023279
cam1,187,9350000,184,3,176,11,3,1,2,0.1515534520149231,0,0,0,False,0,0,False,0.7078740000724792,1.5241039048246694,1.3285008777800855
cam1,188,9400000,184,4,176,12,2,1,1,0.9653661847114563,0,0,0,False,0,0,False,1.0721105337142944,1.8583439852862629,2.8045372306186236
cam1,189,9450000,184,5,176,13,2,2,0,0.7652300596237183,0,0,0,False,0,0,False,0.9099335074424744,0.9130847899831336,0.21169613788901012
cam1,190,9500000,188,2,176,14,4,2,2,1.9183368682861328,0,0,0,False,0,0,False,1.4296470880508423,1.8865211139176628,0.7334846804513742
cam1,191,9550000,188,3,176,15,5,0,4,2.3072564601898193,0,0,0,False,0,0,False,3.281341552734375,3.702150590510842,0.9294247924959103
cam1,192,9600000,188,4,176,16,4,1,3,0.19205260276794434,0,0,0,False,0,0,False,0.5255265831947327,1.8901157860492805,2.388750589451623
cam1,193,9650000,188,5,176,17,5,2,3,1.1034388542175293,0,0,0,False,0,0,False,1.0283622741699219,2.3460527110252625,3.3597396593607787
cam1,194,9700000,192,2,176,18,7,1,5,3.9180996417999268,0,0,0,False,0,0,False,1.858667016029358,1.9341573132639616,0.9047909756309639
cam1,195,9750000,192,3,176,19,6,3,2,4.612813472747803,0,0,0,False,0,0,False,2.748415470123291,2.6735325049236396,1.5470218676843546
cam1,196,9800000,192,4,176,20,5,1,3,5.927858829498291,0,0,0,False,0,0,False,0.91834557056427,2.16285159847839,1.7691224259624951
cam1,197,9850000,192,5,176,21,2,1,1,3.8816497325897217,0,0,0,False,0,0,False,2.3972065448760986,2.100896252263961,3.957702037161446
cam1,198,9900000,196,2,176,22,5,2,3,3.7244033813476562,0,0,0,False,0,0,False,2.592930555343628,1.1681559097662393,3.454086656586102
cam1,199,9950000,196,3,176,23,6,0,4,1.7530800104141235,0,0,0,False,0,0,False,1.4682291746139526,2.634404524784873,3.936478307482368
cam1,200,10000000,196,4,176,24,5,3,2,2.8818111419677734,0,0,0,False,0,0,False,2.5841894149780273,2.2166353297746464,4.099214443298526
cam1,201,10050000,196,5,192,9,4,3,1,4.109373092651367,0,0,0,False,0,0,False,2.4734857082366943,1.4870168424709942,1.0734336117247842
cam1,202,10100000,200,2,192,10,5,1,4,4.4343671798706055,0,0,0,False,0,0,False,2.7497904300689697,3.7609370743322548,1.7448535685947542
cam1,203,10150000,200,3,192,11,5,1,4,1.440291404724121,0,0,0,False,0,0,False,2.2340168952941895,1.6266873335592813,2.7735757959922682
cam1,204,10200000,200,4,192,12,6,3,3,1.1471161842346191,0,0,0,False,0,0,False,0.521531343460083,0.9427472945055093,1.4056851655146927
cam1,205,10250000,200,5,192,13,6,1,4,1.5000849962234497,0,0,0,False,0,0,False,1.2704564332962036,1.0585418449106037,0.38960091745588993
cam1,206,10300000,204,2,192,14,6,1,4,4.175009250640869,0,0,0,False,0,0,False,3.2431538105010986,1.0793642564078196,2.5914309356356706
cam1,207,10350000,204,3,192,15,5,1,4,1.3534376621246338,0,0,0,False,0,0,False,2.0651519298553467,0.5987324660110614,2.0862676588272935
cam1,208,10400000,204,4,192,16,6,4,1,1.8757494688034058,0,0,0,False,0,0,False,1.4316093921661377,0.4536008053886781,1.0406072610819024
cam1,209,10450000,204,5,192,17,5,1,4,0.2109045535326004,0,0,0,False,0,0,False,0.6640406847000122,0.8015687787393477,0.8013490137269761
cam1,210,10500000,208,2,192,18,5,1,4,0.881072998046875,0,0,0,False,0,0,False,1.0106415748596191,2.326226589097285,3.2633318866220433
cam1,211,10550000,208,3,192,19,3,2,1,3.2414562702178955,0,0,0,False,0,0,False,1.1280041933059692,3.8357633407833824,3.300290345012134
cam1,212,10600000,208,4,192,20,4,1,2,1.173722267150879,0,0,0,False,0,0,False,0.5464151501655579,2.4026830976166442,2.2956750882165866
cam1,213,10650000,208,5,192,21,4,1,3,2.1249783039093018,0,0,0,False,0,0,False,0.6432434320449829,0.6642506446982324,0.9841574684668206
cam1,214,10700000,212,2,192,22,5,0,4,4.305872440338135,0,0,0,False,0,0,False,1.9315489530563354,2.188558569719206,3.3310502385862306
cam1,215,10750000,212,3,192,23,5,0,4,3.808076858520508,0,0,0,False,0,0,False,2.084878444671631,2.9422450335358254,4.93415745194389
cam1,216,10800000,212,4,192,24,3,1,2,2.319864511489868,0,0,0,False,0,0,False,2.0978426933288574,3.6413108431918015,1.7749332150391057
cam1,217,10850000,212,5,208,9,2,1,1,1.608640193939209,0,0,0,False,0,0,False,1.8464454412460327,1.2152425843857617,2.1488586255591473
cam1,218,10900000,216,2,208,10,3,1,0,5.670318603515625,0,0,0,False,0,0,False,1.4235347509384155,1.6276329642921805,2.5630038045294956
cam1,219,10950000,216,3,208,11,3,2,0,5.4265899658203125,0,0,0,False,0,0,False,2.982797622680664,,
cam1,220,11000000,216,4,208,12,5,1,2,6.5425190925598145,0,0,0,False,0,0,False,3.4259042739868164,3.3092154711256394,3.762983936894833
cam1,221,11050000,216,5,208,13,4,1,0,3.6771528720855713,0,0,0,False,0,0,False,3.333361864089966,2.444230229460333,4.826059984474024
cam1,222,11100000,220,2,208,14,5,1,4,4.622856616973877,0,3,3,False,-1,-1,,69.59180450439453,120.07999840605767,58.493426584066405
cam1,223,11150000,220,3,208,15,5,2,3,7.56374979019165,0,3,0,True,-1,0,,120.328369140625,120.32060027639042,13.360831233588458
cam1,224,11200000,220,4,208,16,3,0,3,391.1890869140625,1,3,3,False,-1,-1,,53.37717056274414,115.31267837226152,100.8395331723762
cam1,225,11250000,220,5,208,17,4,1,3,4.17130184173584,0,0,1,True,0,1,True,374.1546630859375,29.447008000091596,401.6329174068677
cam1,226,11300000,224,2,208,18,4,1,2,6.759561061859131,0,0,0,False,0,0,False,6.226792335510254,29.125018905221083,32.856659871490386
cam1,227,11350000,224,3,208,19,2,0,2,21.46998405456543,-1,3,0,True,-1,0,,124.1455307006836,157.49855444420803,35.93692305073286
cam1,228,11400000,224,4,208,20,5,1,4,4.451908588409424,0,3,0,True,-1,0,,126.55048370361328,161.61108827257286,41.59530743001499
cam1,229,11450000,224,5,208,21,6,0,6,104.86634063720703,1,3,0,True,-1,0,,137.48150634765625,174.52731052633783,43.015771891348365
cam1,230,11500000,228,2,208,22,4,1,3,8.710968971252441,0,3,3,False,-1,-1,,29.547590255737305,168.80991989389437,158.8373516298242
cam1,231,11550000,228,3,208,23,3,0,3,110.48126983642578,-1,3,3,False,-1,-1,,4.411143779754639,153.01807495335612,151.8238160718751
cam1,232,11600000,228,4,208,24,6,0,6,121.7189712524414,1,3,3,False,-1,-1,,12.979425430297852,143.11306873984282,147.5174114670732
cam1,233,11650000,228,5,224,9,6,2,3,5.146083354949951,0,3,3,False,-1,-1,,24.697546005249023,294.72660354327473,291.2802836403657
cam1,234,11700000,232,2,224,10,5,1,4,10.590984344482422,0,0,0,False,0,0,False,3.7886910438537598,258.12130511876626,256.67940611375013
cam1,235,11750000,232,3,224,11,6,0,5,4.728647232055664,0,0,0,False,0,0,False,2.3186657428741455,257.4081882615625,255.09124067205914
cam1,236,11800000,232,4,224,12,4,2,2,9.210023880004883,0,0,0,False,0,0,False,8.408541679382324,255.99704831620693,247.7300634506831
cam1,237,11850000,232,5,224,13,5,1,3,10.03744888305664,0,0,0,False,0,0,False,2.474081039428711,250.98919445263263,249.20902496127303
cam1,238,11900000,236,2,224,14,5,1,3,5.770281791687012,0,0,0,False,0,0,False,2.1245837211608887,244.96355889889682,244.8393710764663
cam1,239,11950000,236,3,224,15,4,1,2,1.5426017045974731,0,0,0,False,0,0,False,1.8358529806137085,241.84978785887373,240.74425356635166
cam1,240,12000000,236,4,224,16,5,2,3,2.021204948425293,0,0,0,False,0,0,False,0.48345819115638733,238.6888693280345,238.22757377540296
cam1,241,12050000,236,5,224,17,4,2,2,0.7182955741882324,0,0,0,False,0,0,False,3.5436501502990723,233.37552106870078,236.6934154999696
cam1,242,12100000,240,2,224,18,5,1,3,4.683616638183594,0,0,0,False,0,0,False,1.5748159885406494,233.3192750412094,232.1658476460023
cam1,243,12150000,240,3,224,19,4,0,3,2.481269359588623,0,0,0,False,0,0,False,4.34683084487915,230.4061271395258,234.65694843198696
cam1,244,12200000,240,4,224,20,5,1,4,2.0992226600646973,0,0,0,False,0,0,False,1.2757049798965454,232.36718279201327,231.78079520502598
cam1,245,12250000,240,5,224,21,5,0,4,5.992118835449219,0,0,0,False,0,0,False,1.758274793624878,228.17031046346102,227.8685178449259
cam1,246,12300000,244,2,224,22,3,0,2,11.77531623840332,0,0,0,False,0,0,False,3.689047336578369,224.26198757126193,220.85271193906888
cam1,247,12350000,244,3,237,10,3,1,2,6.326021194458008,0,0,0,False,0,0,False,2.9008500576019287,223.2206724492291,220.70820910008769
cam1,248,12400000,244,4,237,11,3,1,1,6.236736297607422,0,0,0,False,0,0,False,3.3748977184295654,221.91089616519415,224.17914413554453
cam1,249,12450000,244,5,237,12,4,0,3,12.580131530761719,0,0,0,False,0,0,False,3.307521104812622,222.52181789647403,219.66659343745175
cam1,250,12500000,248,2,237,13,3,0,2,17.15969467163086,0,0,0,False,0,0,False,3.1649348735809326,222.66275094814154,219.57310456840847
cam1,251,12550000,248,3,237,14,3,1,2,3.7046613693237305,0,0,0,False,0,0,False,1.1623750925064087,222.39807190435133,221.84958933420165
cam1,252,12600000,248,4,237,15,3,1,2,1.3772350549697876,0,0,0,False,0,0,False,2.763120412826538,222.39182674517818,220.17692597062637
cam1,253,12650000,248,5,237,16,4,1,2,1.9371583461761475,0,0,0,False,0,0,False,3.1991119384765625,220.2777850900142,223.30899324154888
cam1,254,12700000,252,2,237,17,4,1,3,192.4193572998047,1,0,0,False,0,0,True,195.87176513671875,214.90594975576428,395.7431335641239
cam1,255,12750000,252,3,237,18,4,0,3,196.21524047851562,1,0,0,False,0,0,True,194.93869018554688,211.6959876148934,390.16210496984786
cam1,256,12800000,252,4,237,19,3,0,3,181.5023651123047,1,0,0,False,0,0,True,188.6102294921875,207.87494916076278,380.411728271239
cam1,257,12850000,252,5,237,20,3,0,3,187.13258361816406,3,0,0,False,0,0,True,193.65158081054688,205.7664689248177,382.464252221262
cam1,258,12900000,256,2,237,21,2,0,2,130.51170349121094,1,0,3,True,0,-1,,140.7951202392578,211.52932657096133,329.2155463549169
cam1,259,12950000,256,3,237,22,3,0,3,128.79660034179688,1,0,3,True,0,-1,,133.2335968017578,214.19714560819477,321.95530905839314
cam1,260,13000000,256,4,237,23,4,0,4,120.48943328857422,1,0,3,True,0,-1,,140.61898803710938,215.6532688340437,327.2820995985832
cam1,261,13050000,256,5,237,24,6,0,6,113.5504150390625,2,0,3,True,0,-1,,163.0644073486328,215.2510821882132,347.23966318351887
cam1,262,13100000,260,2,237,25,5,1,3,246.63760375976562,-1,3,1,True,-1,1,,64.28700256347656,261.61864564175806,217.66370651912882
cam1,263,13150000,260,3,237,26,6,0,6,293.66204833984375,2,0,1,True,0,1,True,214.12815856933594,216.28665526923106,161.90189157756276
cam1,264,13200000,260,4,237,27,4,0,4,210.59942626953125,2,0,1,True,0,1,True,287.4235534667969,209.95304242371265,271.76505540920704
cam1,265,13250000,262,3,237,28,4,1,2,204.678955078125,2,0,0,False,0,0,True,204.34475708007812,214.26729619863204,398.87816250852
cam1,266,13300000,262,4,237,29,5,0,5,406.2918395996094,1,3,0,True,-1,0,,141.301513671875,255.39641010207106,385.9733721296195
cam1,267,13350000,262,5,237,30,6,0,5,399.77630615234375,1,3,0,True,-1,0,,129.15562438964844,261.6324293908393,385.4939814387956
cam1,268,13400000,262,6,237,31,4,2,2,2.615938186645508,0,3,1,True,-1,1,,145.49615478515625,263.7310337756111,374.4887488458441
cam1,269,13450000,262,7,237,32,4,0,2,2.7401576042175293,0,1,1,False,1,1,False,10.384967803955078,375.1587423626344,370.1482496188388
cam2,0,0,0,0,0,0,1,0,0,12.021838188171387,0,3,0,True,-1,0,,123.77783966064453,,
cam2,1,50000,0,1,0,1,3,1,2,113.15048217773438,-1,3,0,True,-1,0,,126.50264739990234,,
cam2,2,100000,0,2,0,2,1,0,1,114.40521240234375,-1,3,0,True,-1,0,,125.81980895996094,,
cam2,3,150000,0,3,0,3,4,3,1,125.09598541259766,-1,3,1,True,-1,1,,166.2444305419922,,
cam2,4,200000,0,4,0,4,2,0,2,127.42462158203125,-1,3,0,True,-1,0,,126.11315155029297,,
cam2,5,250000,0,5,0,5,2,0,1,133.7760009765625,-1,3,0,True,-1,0,,109.90462493896484,,
cam2,6,300000,4,2,0,6,1,0,0,71.83981323242188,-1,3,0,True,-1,0,,136.59498596191406,,
cam2,7,350000,4,3,0,7,2,0,2,85.79212188720703,-1,3,0,True,-1,0,,129.20822143554688,,
cam2,8,400000,4,4,0,8,3,1,2,1.7856035232543945,0,3,0,True,-1,0,,118.00418853759766,,
cam2,9,450000,4,5,0,9,4,0,3,2.544762134552002,0,3,0,True,-1,0,,111.80675506591797,,
cam2,10,500000,8,2,0,10,5,0,4,8.395584106445312,0,3,0,True,-1,0,,103.63462829589844,,
cam2,11,550000,8,3,0,11,4,0,3,3.34548282623291,0,3,0,True,-1,0,,111.83289337158203,,
cam2,12,600000,8,4,0,12,4,0,3,8.90878677368164,0,3,0,True,-1,0,,111.1532974243164,,
cam2,13,650000,8,5,0,13,4,0,3,5.230893135070801,0,3,0,True,-1,0,,113.4676284790039,,
cam2,14,700000,12,2,0,14,5,1,3,15.541240692138672,0,3,3,False,-1,-1,,25.09067153930664,,
cam2,15,750000,12,3,0,15,5,1,3,69.33356475830078,-1,3,3,False,-1,-1,,35.53593826293945,,
cam2,16,800000,12,4,0,16,5,1,3,171.50767517089844,-1,3,3,False,-1,-1,,33.54425048828125,,
cam2,17,850000,12,5,0,17,3,1,2,165.3263702392578,-1,3,3,False,-1,-1,,28.87004852294922,,
cam2,18,900000,16,2,0,18,3,1,2,1.9434266090393066,0,3,3,False,-1,-1,,34.07112503051758,,
cam2,19,950000,16,3,0,19,4,0,3,4.630927085876465,0,3,3,False,-1,-1,,34.637962341308594,,
cam2,20,1000000,16,4,0,20,4,1,2,3.079756736755371,0,3,3,False,-1,-1,,31.23392105102539,,
cam2,21,1050000,16,5,0,21,5,1,3,4.305420398712158,0,3,3,False,-1,-1,,31.163297653198242,,
cam2,22,1100000,20,2,0,22,3,0,2,6.972204685211182,0,0,0,False,0,0,False,13.020527839660645,,
cam2,23,1150000,20,3,0,23,3,1,2,7.104350566864014,0,0,0,False,0,0,False,9.989798545837402,,
cam2,24,1200000,20,4,0,24,3,1,1,6.478156566619873,0,0,0,False,0,0,False,12.641139030456543,,
cam2,25,1250000,20,5,16,9,4,1,2,10.19422435760498,0,3,0,True,-1,0,,42.8738899230957,,
cam2,26,1300000,24,2,16,10,4,1,3,5.309913635253906,0,0,0,False,0,0,False,6.519356727600098,,
cam2,27,1350000,24,3,16,11,5,1,3,4.107377052307129,0,0,0,False,0,0,False,1.7139923572540283,,
cam2,28,1400000,24,4,16,12,6,1,4,7.29800271987915,0,0,0,False,0,0,False,4.338613986968994,,
cam2,29,1450000,24,5,16,13,4,0,2,13.495513916015625,0,0,0,False,0,0,False,7.312807083129883,,
cam2,30,1500000,28,2,16,14,3,2,0,2.328451156616211,0,1,1,False,1,1,False,11.271368026733398,,
cam2,31,1550000,28,3,16,15,3,0,3,96.7282485961914,1,1,0,True,1,0,False,7.115113258361816,,
cam2,32,1600000,28,4,16,16,4,0,4,94.85089874267578,1,3,0,True,-1,0,,59.48427200317383,,
cam2,33,1650000,28,5,16,17,4,0,4,94.5189437866211,1,0,0,False,0,0,True,99.13432312011719,94.61633333090722,17.042423427635484
cam2,34,1700000,32,2,16,18,4,4,0,3.7037723064422607,0,0,0,False,0,0,False,3.08569598197937,103.06991276392979,103.15635787821353
cam2,35,1750000,32,3,16,19,5,0,3,2.0590269565582275,0,0,0,False,0,0,False,2.439970016479492,111.26722163639995,113.65743286204159
cam2,36,1800000,32,4,16,20,2,1,0,1.186224341392517,0,0,0,False,0,0,False,0.8076909184455872,119.3948532904289,118.73709414394635
cam2,37,1850000,32,5,16,21,2,2,0,3.4395856857299805,0,0,0,False,0,0,False,2.4481594562530518,123.25762926196816,120.85281367762516
cam2,38,1900000,36,2,16,22,4,1,1,4.077178001403809,0,0,0,False,0,0,False,4.055773735046387,126.73748128117467,126.53330981975256
cam2,39,1950000,36,3,16,23,4,1,1,6.323993682861328,0,0,0,False,0,0,False,3.4970779418945312,133.58813244244283,131.36984119043663
cam2,40,2000000,36,4,16,24,4,2,1,1.0899949073791504,0,0,0,False,0,0,False,0.36700737476348877,138.44261970331206,138.19842729755206
cam2,41,2050000,36,5,32,9,4,3,1,4.376626491546631,0,3,0,True,-1,0,,164.58729553222656,42.69242053339842,141.76310047094927
cam2,42,2100000,40,2,32,10,4,0,4,147.8800048828125,1,0,3,True,0,-1,,29.422012329101562,4.231998406546788,29.575748325176445
cam2,43,2150000,40,3,32,11,4,0,4,153.9768829345703,2,0,3,True,0,-1,,22.546438217163086,4.317556721885391,21.450318487917617
cam2,44,2200000,40,4,32,12,3,0,2,140.3062286376953,2,0,3,True,0,-1,,32.609378814697266,7.706627957383864,28.50368894961634
cam2,45,2250000,40,5,32,13,4,1,3,148.27838134765625,2,0,3,True,0,-1,,39.92292022705078,6.498107365573942,36.126794270334905
cam2,46,2300000,44,2,32,14,3,0,2,10.74312973022461,0,0,0,False,0,0,False,6.0043768882751465,11.19054841067163,9.177862257931956
cam2,47,2350000,44,3,32,15,3,0,2,11.329127311706543,0,0,0,False,0,0,False,7.4282355308532715,9.864522328600195,4.911390895753285
cam2,48,2400000,44,4,32,16,4,0,3,7.979761600494385,0,0,0,False,0,0,False,5.933078765869141,5.465879900188916,2.979763574875468
cam2,49,2450000,44,5,32,17,3,0,2,10.354496002197266,0,0,0,False,0,0,False,5.027322292327881,7.131326850725171,2.257275180160526
cam2,50,2500000,48,2,32,18,3,0,2,2.763852596282959,0,0,0,False,0,0,False,1.6326014995574951,3.3471392517552974,1.7946252510666951
cam2,51,2550000,48,3,32,19,4,1,3,2.4915480613708496,0,0,0,False,0,0,False,4.0061445236206055,6.287761778843578,2.3904255583980314
cam2,52,2600000,48,4,32,20,4,0,3,9.449254989624023,0,0,0,False,0,0,False,2.366236448287964,4.496747236401661,2.285528537743474
cam2,53,2650000,48,5,32,21,3,0,2,3.5123438835144043,0,0,0,False,0,0,False,2.426762104034424,,
cam2,54,2700000,52,2,32,22,3,2,0,1.8704290390014648,0,0,0,False,0,0,False,2.979245662689209,,
cam2,55,2750000,52,3,32,23,3,0,1,1.5747103691101074,0,0,0,False,0,0,False,0.9913204312324524,3.15148252690137,2.343287511854208
cam2,56,2800000,52,4,32,24,4,1,2,1.0960444211959839,0,0,0,False,0,0,False,0.25198712944984436,2.59977055857887,2.595627429470796
cam2,57,2850000,52,5,48,9,5,2,3,2.242339849472046,0,0,0,False,0,0,False,1.9810118675231934,3.1730372651384355,1.1926335199379305
cam2,58,2900000,56,2,48,10,6,1,5,2.647026538848877,0,0,0,False,0,0,False,0.6496734619140625,0.7438904674075268,0.23587305716751442
cam2,59,2950000,56,3,48,11,5,1,4,1.0100092887878418,0,0,0,False,0,0,False,0.8545321226119995,1.1406966953086246,0.3385838194459192
cam2,60,3000000,56,4,48,12,5,1,4,0.4396652281284332,0,0,0,False,0,0,False,1.635894775390625,2.4191252433893307,0.7922916880376408
cam2,61,3050000,56,5,48,13,5,0,4,4.677762508392334,0,0,0,False,0,0,False,1.8557614088058472,2.8855960522570463,3.403762061900237
cam2,62,3100000,60,2,48,14,4,0,2,2.3395707607269287,0,0,0,False,0,0,False,1.5325862169265747,4.656539970993609,6.160599126364006
cam2,63,3150000,60,3,48,15,5,1,3,5.089079856872559,0,0,0,False,0,0,False,3.588536024093628,2.1419727814570866,5.706956757930024
cam2,64,3200000,60,4,48,16,3,2,1,3.01406192779541,0,0,0,False,0,0,False,2.7037813663482666,1.7426649684657771,4.097665383467467
cam2,65,3250000,60,5,48,17,4,1,2,1.7223422527313232,0,0,0,False,0,0,False,2.0002362728118896,1.058733195922291,2.143952699579513
cam2,66,3300000,64,2,48,18,3,1,1,3.0430874824523926,0,0,0,False,0,0,False,3.29205060005188,2.172966215335236,2.9440512682969664
cam2,67,3350000,64,3,48,19,4,1,2,0.3561304807662964,0,0,0,False,0,0,False,2.6643319129943848,2.9443669282371667,0.4554495746371871
cam2,68,3400000,64,4,48,20,3,0,2,5.953065395355225,0,0,0,False,0,0,False,2.5847339630126953,3.19007593814287,1.6354121760990923
cam2,69,3450000,64,5,48,21,4,1,2,1.091665506362915,0,0,0,False,0,0,False,2.993610143661499,4.480461468274571,3.32871243301578
cam2,70,3500000,68,2,48,22,1,1,0,4.514741897583008,0,0,0,False,0,0,False,5.257653713226318,4.497320661873476,2.043432383201302
cam2,71,3550000,68,3,48,23,3,1,1,1.7077598571777344,0,0,0,False,0,0,False,5.81008243560791,3.9581098021102976,2.006003063588225
cam2,72,3600000,68,4,48,24,3,0,2,12.766204833984375,0,0,0,False,0,0,False,7.305037021636963,7.479847235328502,3.177605577280612
cam2,73,3650000,68,5,64,9,3,0,2,11.692000389099121,0,0,0,False,0,0,False,7.272039890289307,7.96125885493932,7.020912922662683
cam2,74,3700000,72,2,64,10,0,0,0,145.98155212402344,-1,0,1,True,0,1,True,31.3472900390625,70.80734382749795,78.71927847481253
cam2,75,3750000,72,3,64,11,0,0,0,146.06663513183594,-1,0,1,True,0,1,True,33.837982177734375,70.88182715984418,83.49252647533366
cam2,76,3800000,72,4,64,12,2,0,1,145.6884307861328,-1,0,1,True,0,1,True,91.64399719238281,69.46294204745038,86.33781938271704
cam2,77,3850000,72,5,64,13,2,0,2,137.87530517578125,-1,0,1,True,0,1,True,47.01041030883789,63.84027398066975,98.27645458389794
cam2,78,3900000,76,2,64,14,2,1,1,4.486632347106934,0,0,0,False,0,0,False,4.852391242980957,5.774431463296716,1.6739368438913986
cam2,79,3950000,76,3,64,15,1,0,0,13.64512825012207,0,0,0,False,0,0,False,4.111464023590088,3.7222200000561485,1.5049649519339094
cam2,80,4000000,76,4,64,16,2,1,1,3.020228147506714,0,0,0,False,0,0,False,3.682591438293457,2.58334201961684,1.9209893672476832
cam2,81,4050000,76,5,64,17,3,1,1,0.704093873500824,0,0,0,False,0,0,False,1.6804966926574707,1.5347713624763726,0.39147569690792
cam2,82,4100000,80,2,64,18,4,1,1,4.110601902008057,0,0,0,False,0,0,False,2.896254301071167,2.3278411977356486,5.19187870250743
cam2,83,4150000,80,3,64,19,4,1,3,3.0691235065460205,0,0,0,False,0,0,False,1.8375401496887207,4.072422861516602,5.470893002721229
cam2,84,4200000,80,4,64,20,4,1,3,2.7842345237731934,0,0,0,False,0,0,False,5.345458030700684,3.7694913225633524,8.09281790237813
cam2,85,4250000,80,5,64,21,5,1,2,3.724942684173584,0,0,0,False,0,0,False,4.715652942657471,3.428031831552472,8.098450962540369
cam2,86,4300000,84,2,64,22,4,2,1,0.2056867927312851,0,0,0,False,0,0,False,2.9182746410369873,1.4880017854143137,4.170283749875596
cam2,87,4350000,84,3,64,23,6,2,4,0.39162901043891907,0,0,0,False,0,0,False,0.11629532277584076,1.123501355175619,1.2376960133668442
cam2,88,4400000,84,4,64,24,4,1,1,2.5580966472625732,0,0,0,False,0,0,False,1.3253374099731445,4.372700680319319,3.190678568396002
cam2,89,4450000,84,5,80,9,4,1,2,1.4953330755233765,0,0,0,False,0,0,False,1.2089298963546753,3.756654574591935,3.205540236916039
cam2,90,4500000,88,2,80,10,4,2,1,3.0432493686676025,0,0,0,False,0,0,False,4.5064496994018555,4.501456824756819,5.513380178173156
cam2,91,4550000,88,3,80,11,5,2,2,2.789843797683716,0,0,0,False,0,0,False,2.7969911098480225,4.18936361468677,4.7364463011945075
cam2,92,4600000,88,4,80,12,5,1,3,1.2104157209396362,0,0,0,False,0,0,False,2.893800735473633,4.0472259817366725,4.837876319147841
cam2,93,4650000,88,5,80,13,5,2,2,0.8318046927452087,0,0,0,False,0,0,False,1.3260188102722168,2.550446230819284,3.438032631317313
cam2,94,4700000,92,2,80,14,3,1,1,1.5516164302825928,0,0,0,False,0,0,False,1.9230660200119019,1.1904155746058624,2.182247524645724
cam2,95,4750000,92,3,80,15,4,0,2,3.5770680904388428,0,0,0,False,0,0,False,2.418787956237793,3.4554077057594514,2.535456888130496
cam2,96,4800000,92,4,80,16,5,2,2,2.923417568206787,0,0,0,False,0,0,False,1.430962324142456,3.4328229645823654,3.198481507131429
cam2,97,4850000,92,5,80,17,4,1,2,1.5755784511566162,0,0,0,False,0,0,False,3.7176783084869385,3.510367474010772,3.2697271999869435
cam2,98,4900000,96,2,80,18,5,3,1,2.8240270614624023,0,0,0,False,0,0,False,3.969052314758301,0.3106925964172055,3.6629931942221075
cam2,99,4950000,96,3,80,19,4,2,1,0.8815207481384277,0,0,0,False,0,0,False,2.376345157623291,2.82456661240695,3.451563677831941
cam2,100,5000000,96,4,80,20,6,2,2,0.9133935570716858,0,0,0,False,0,0,False,1.1738221645355225,,
cam2,101,5050000,96,5,80,21,5,1,4,0.9676793813705444,0,0,0,False,0,0,False,0.30615970492362976,0.7660685230810154,0.975590568650787
cam2,102,5100000,100,2,80,22,3,1,1,3.647257089614868,0,0,0,False,0,0,False,4.018182754516602,3.1211724807939287,2.829063682998764
cam2,103,5150000,100,3,80,23,4,1,1,3.776075601577759,0,0,0,False,0,0,False,2.900635242462158,4.072501064216302,4.106199159244763
cam2,104,5200000,100,4,80,24,3,1,1,1.1719982624053955,0,0,0,False,0,0,False,2.947535276412964,3.937920215806102,2.8204369783287757
cam2,105,5250000,100,5,96,9,3,1,1,3.514525890350342,0,0,0,False,0,0,False,2.761795997619629,3.979337793490642,1.2606182237705248
cam2,106,5300000,104,2,96,10,3,1,2,159.95680236816406,1,0,3,True,0,-1,,33.51039505004883,7.085292227997786,26.450404071789382
cam2,107,5350000,104,3,96,11,4,2,2,148.81884765625,1,0,3,True,0,-1,,28.882343292236328,9.899413146099992,20.018474355216444
cam2,108,5400000,104,4,96,12,4,0,4,73.14940643310547,2,3,3,False,-1,-1,,31.621713638305664,22.721109036118655,36.449925887663845
cam2,109,5450000,104,5,96,13,3,0,3,73.08816528320312,1,3,0,True,-1,0,,93.97200012207031,,
cam2,110,5500000,108,2,96,14,5,1,3,15.28852367401123,0,0,0,False,0,0,False,7.667235374450684,,
cam2,111,5550000,108,3,96,15,3,1,1,11.95171070098877,0,0,0,False,0,0,False,2.609008312225342,13.565551915664194,11.057936558521952
cam2,112,5600000,108,4,96,16,3,3,0,4.423027992248535,0,0,0,False,0,0,False,4.450929641723633,10.211325015511765,9.279261344883812
cam2,113,5650000,108,5,96,17,4,1,2,8.812371253967285,0,0,0,False,0,0,False,7.058220386505127,4.594444317453851,8.803545947289646
cam2,114,5700000,112,2,96,18,2,1,1,0.8546766042709351,0,0,0,False,0,0,False,3.5186383724212646,3.1027076240200775,2.623129315890226
cam2,115,5750000,112,3,96,19,3,1,2,0.957017183303833,0,0,0,False,0,0,False,2.4501991271972656,1.1931003105918052,1.356275836460054
cam2,116,5800000,112,4,96,20,2,0,1,5.825479984283447,0,0,0,False,0,0,False,2.938176393508911,1.4453494959103588,1.5411807734518512
cam2,117,5850000,112,5,96,21,4,2,2,2.0892486572265625,0,0,0,False,0,0,False,2.9821953773498535,0.4684254172574203,2.5694899095333414
cam2,118,5900000,116,2,96,22,7,2,5,2.803126096725464,0,0,0,False,0,0,False,2.1388206481933594,0.9534935873085585,1.2739438535939944
cam2,119,5950000,116,3,96,23,7,2,5,2.224458694458008,0,0,0,False,0,0,False,1.4746719598770142,1.1836835680430045,2.5648061384216088
cam2,120,6000000,116,4,96,24,6,1,2,3.5481035709381104,0,0,0,False,0,0,False,1.2957462072372437,1.4510422552686688,2.741459833708909
cam2,121,6050000,116,5,112,9,7,1,6,3.418086528778076,0,0,0,False,0,0,False,1.9768481254577637,1.0089576365684503,2.819331395840542
cam2,122,6100000,120,2,112,10,6,3,3,6.595798969268799,0,0,0,False,0,0,False,1.9241838455200195,0.8172725280021674,2.465025594806085
cam2,123,6150000,120,3,112,11,4,3,1,1.9606397151947021,0,0,0,False,0,0,False,1.9786454439163208,1.3122709075252197,3.1999090120740927
cam2,124,6200000,120,4,112,12,4,0,2,1.7686123847961426,0,0,0,False,0,0,False,1.0038460493087769,1.1315722936838566,0.3554786738183073
cam2,125,6250000,120,5,112,13,3,2,0,1.6248291730880737,0,0,0,False,0,0,False,0.5873106718063354,1.1733332498800209,1.6186675179485936
cam2,126,6300000,124,2,112,14,3,1,1,4.0899786949157715,0,0,0,False,0,0,False,1.2332724332809448,1.1114906185307514,0.20859625657593742
cam2,127,6350000,124,3,112,15,3,2,1,1.3216270208358765,0,0,0,False,0,0,False,1.0106616020202637,0.16486335807705554,0.9912419090529233
cam2,128,6400000,124,4,112,16,4,2,1,0.5230750441551208,0,0,0,False,0,0,False,0.7564301490783691,1.5953148443010217,0.9075507652939594
cam2,129,6450000,124,5,112,17,3,0,1,10.926814079284668,0,0,0,False,0,0,False,1.6587330102920532,2.28671235618751,1.7020021862819539
cam2,130,6500000,128,2,112,18,5,1,3,0.24193021655082703,0,0,0,False,0,0,False,0.3340599238872528,3.2353173677776343,2.9025673702503427
cam2,131,6550000,128,3,112,19,5,2,3,5.248117446899414,0,0,0,False,0,0,False,1.3614833354949951,1.1181015407823944,0.9528867653908957
cam2,132,6600000,128,4,112,20,6,2,2,0.7138333916664124,0,0,0,False,0,0,False,2.7869317531585693,2.43530308208713,0.6810909747298928
cam2,133,6650000,128,5,112,21,5,2,3,0.5653395056724548,0,0,0,False,0,0,False,0.6088014245033264,,
cam2,134,6700000,132,2,112,22,6,2,4,0.8331405520439148,0,0,0,False,0,0,False,1.1244028806686401,,
cam2,135,6750000,132,3,112,23,4,1,3,4.31156063079834,0,0,0,False,0,0,False,2.131160020828247,,
cam2,136,6800000,132,4,112,24,2,1,1,1.5087813138961792,0,0,0,False,0,0,False,1.1410245895385742,2.772940522882016,1.8038152101629192
cam2,137,6850000,132,5,128,9,5,1,3,0.9461438059806824,0,0,0,False,0,0,False,0.8171981573104858,0.2530447919484437,1.018051634563004
cam2,138,6900000,136,2,128,10,7,4,3,1.315072774887085,0,0,0,False,0,0,False,0.4810192883014679,1.3763591338929613,1.501256251660878
cam2,139,6950000,136,3,128,11,6,3,3,2.2231056690216064,0,0,0,False,0,0,False,1.5067520141601562,1.8032503144275909,2.2696544207335188
cam2,140,7000000,136,4,128,12,8,2,6,1.1780798435211182,0,0,0,False,0,0,False,1.4813289642333984,0.7033440278199959,2.1627842460050832
cam2,141,7050000,136,5,128,13,5,1,4,0.1070418506860733,0,0,0,False,0,0,False,0.3713034987449646,1.3416332792803851,1.3361716129864025
cam2,142,7100000,140,2,128,14,6,1,4,0.5530001521110535,0,0,0,False,0,0,False,0.30942413210868835,1.6664710492628314,1.713633275743725
cam2,143,7150000,140,3,128,15,7,6,1,1.5501257181167603,0,0,0,False,0,0,False,1.5369490385055542,1.8306902147886144,2.5984580859968847
cam2,144,7200000,140,4,128,16,7,5,1,5.016420364379883,0,0,0,False,0,0,False,3.655635356903076,2.389181942590969,2.0815742627403138
cam2,145,7250000,140,5,128,17,6,2,4,0.38771310448646545,0,0,0,False,0,0,False,0.9728162884712219,0.6223408087694479,1.5801684300210348
cam2,146,7300000,144,2,128,18,7,6,1,1.3792511224746704,0,0,0,False,0,0,False,0.7443063855171204,1.7096627868461869,1.831554005348392
cam2,147,7350000,144,3,128,19,7,3,3,0.5103138089179993,0,0,0,False,0,0,False,0.4842089116573334,1.2826135086203663,1.111224927713395
cam2,148,7400000,144,4,128,20,6,3,2,0.4448840320110321,0,0,0,False,0,0,False,0.3073643743991852,4.08532824558209,3.8425085965933152
cam2,149,7450000,144,5,128,21,6,2,4,0.06873485445976257,0,0,0,False,0,0,False,0.1274968832731247,0.3529633498289248,0.3621496666584833
cam2,150,7500000,148,2,128,22,5,1,4,0.30102214217185974,0,0,0,False,0,0,False,0.7728533744812012,1.0001641605713276,1.6070691259680332
cam2,151,7550000,148,3,128,23,5,1,4,0.8540604114532471,0,0,0,False,0,0,False,0.1417536735534668,0.9735090123137948,1.0937582150152418
cam2,152,7600000,148,4,128,24,3,1,2,0.19619393348693848,0,0,0,False,0,0,False,0.2464917153120041,1.8526882681773849,1.6069814584412656
cam2,153,7650000,148,5,144,9,2,1,0,1.300134539604187,0,0,0,False,0,0,False,1.8966457843780518,1.9159122069864933,3.3891996916407026
cam2,154,7700000,152,2,144,10,4,1,3,0.3080679476261139,0,0,0,False,0,0,False,0.6781828999519348,2.5076251548981725,1.8949186797486568
cam2,155,7750000,152,3,144,11,3,1,2,0.12025705724954605,0,0,0,False,0,0,False,0.8353621959686279,2.1783465106857416,1.9116583693967808
cam2,156,7800000,152,4,144,12,2,1,1,0.6169542074203491,0,0,0,False,0,0,False,1.3752964735031128,1.2614165361793088,2.1160212624786325
cam2,157,7850000,152,5,144,13,2,1,1,0.1214342713356018,0,0,0,False,0,0,False,0.6912611722946167,1.982639716225378,2.0122869291676486
cam2,158,7900000,156,2,144,14,4,1,3,0.5873318910598755,0,0,0,False,0,0,False,0.9011197686195374,0.3376430054829946,1.2293113231326378
cam2,159,7950000,156,3,144,15,5,1,3,0.633537232875824,0,0,0,False,0,0,False,0.9964945316314697,1.4252903371747543,1.1623955216349202
cam2,160,8000000,156,4,144,16,3,1,2,0.7179863452911377,0,0,0,False,0,0,False,0.8559464812278748,0.8802184958710576,0.2956997982173286
cam2,161,8050000,156,5,144,17,3,1,2,0.5802842974662781,0,0,0,False,0,0,False,0.7555224299430847,1.4018709916357783,0.7086273937585654
cam2,162,8100000,160,2,144,18,2,1,1,0.473520964384079,0,0,0,False,0,0,False,1.0367265939712524,0.6322928751815319,0.46510593853497323
cam2,163,8150000,160,3,144,19,3,1,2,1.1523237228393555,0,0,0,False,0,0,False,1.0200992822647095,0.8222766023834716,0.8944532215181177
cam2,164,8200000,160,4,144,20,2,1,0,1.2400271892547607,0,0,0,False,0,0,False,0.593879222869873,1.327019488191388,1.5093129235665304
cam2,165,8250000,160,5,144,21,3,1,0,0.16576379537582397,0,0,0,False,0,0,False,0.5012456774711609,1.337728145225635,1.632150385279576
cam2,166,8300000,164,2,144,22,4,1,0,1.1475203037261963,0,0,0,False,0,0,False,1.097196340560913,2.7302592846793226,2.7056802817528105
cam2,167,8350000,164,3,144,23,2,1,1,0.6150602102279663,0,0,0,False,0,0,False,0.33299311995506287,2.0466892136590675,2.3492937064555868
cam2,168,8400000,164,4,144,24,3,0,2,7.907794952392578,0,0,0,False,0,0,False,1.642488956451416,3.426389329538126,1.8971368442209617
cam2,169,8450000,164,5,160,9,4,3,1,2.3159239292144775,0,0,0,False,0,0,False,2.115760087966919,4.012618746760347,2.1571858802383073
cam2,170,8500000,168,2,160,10,4,1,3,0.2851754426956177,0,0,0,False,0,0,False,0.7484028935432434,6.9647859105222985,7.333025654638889
cam2,171,8550000,168,3,160,11,3,1,1,1.463958501815796,0,0,0,False,0,0,False,1.9977830648422241,4.39009524716478,4.111996485967145
cam2,172,8600000,168,4,160,12,4,1,1,5.879217147827148,0,0,0,False,0,0,False,3.7724478244781494,4.4805353325131545,1.7273415234706484
cam2,173,8650000,168,5,160,13,2,0,1,25.33264923095703,-1,0,0,False,0,0,True,18.490455627441406,,
cam2,174,8700000,172,2,160,14,4,0,4,56.360694885253906,2,0,0,False,0,0,True,52.36855697631836,,
cam2,175,8750000,172,3,160,15,5,0,4,79.40339660644531,6,3,3,False,-1,-1,,99.47203063964844,,
cam2,176,8800000,172,4,160,16,3,1,2,2.1531569957733154,0,0,0,False,0,0,False,5.2822723388671875,0.9981569985897951,4.721817818835519
cam2,177,8850000,172,5,160,17,2,1,1,2.420077085494995,0,0,0,False,0,0,False,4.577865123748779,10.59255471804079,11.197091177905476
cam2,178,8900000,176,2,160,18,2,0,1,18.14598274230957,0,0,0,False,0,0,False,6.656856060028076,5.6860832539883415,9.553450465043156
cam2,179,8950000,176,3,160,19,2,0,1,15.267881393432617,0,0,0,False,0,0,False,8.186595916748047,,
cam2,180,9000000,176,4,160,20,3,0,3,114.21348571777344,1,0,0,False,0,0,True,103.62081146240234,,
cam2,181,9050000,176,5,160,21,4,1,2,10.8611421585083,0,0,0,False,0,0,False,2.8983864784240723,3.212670290459454,6.088324725717974
cam2,182,9100000,180,2,160,22,3,1,2,0.9411014318466187,0,0,0,False,0,0,False,0.333098441362381,3.158781005444751,3.387714138098463
cam2,183,9150000,180,3,160,23,3,2,1,1.2281080484390259,0,0,0,False,0,0,False,0.9838324785232544,3.546449403409346,3.127192201026551
cam2,184,9200000,180,4,160,24,3,1,2,1.652922511100769,0,0,0,False,0,0,False,0.9239200353622437,4.695597622305035,3.7741811175559827
cam2,185,9250000,180,5,176,9,3,1,2,0.8244807124137878,0,0,0,False,0,0,False,0.7945972084999084,3.911566403367722,3.7592525952764424
cam2,186,9300000,184,2,176,10,4,1,3,1.673033595085144,0,0,0,False,0,0,False,0.7961647510528564,2.176233992291274,2.9705994800423636
cam2,187,9350000,184,3,176,11,3,2,1,0.5928613543510437,0,0,0,False,0,0,False,0.3683865964412689,1.0740383370592186,1.0408494628070828
cam2,188,9400000,184,4,176,12,2,1,1,0.5627264976501465,0,0,0,False,0,0,False,1.3502264022827148,0.6472271310189798,1.9565446649341491
cam2,189,9450000,184,5,176,13,5,1,3,0.9282046556472778,0,0,0,False,0,0,False,0.5985918045043945,2.6000253368008437,2.1129193272895628
cam2,190,9500000,188,2,176,14,5,0,4,4.50929594039917,0,0,0,False,0,0,False,1.2316590547561646,0.9032048393917805,1.2101476242967346
cam2,191,9550000,188,3,176,15,5,1,3,2.425603151321411,0,0,0,False,0,0,False,1.1901947259902954,1.6309103842443973,1.0560564508904386
cam2,192,9600000,188,4,176,16,1,1,0,1.7556264400482178,0,0,0,False,0,0,False,0.9640722870826721,2.778487996522427,2.3110354725792246
cam2,193,9650000,188,5,176,17,5,0,4,3.105104684829712,0,0,0,False,0,0,False,2.5258398056030273,0.5710285694643606,2.3388095886694193
cam2,194,9700000,192,2,176,18,5,2,3,2.233165979385376,0,0,0,False,0,0,False,1.1838784217834473,1.6585637814877339,2.837182655969128
cam2,195,9750000,192,3,176,19,6,3,3,0.4301382601261139,0,0,0,False,0,0,False,0.6370033621788025,1.2162846297299608,1.1439078018334112
cam2,196,9800000,192,4,176,20,6,2,3,1.1968963146209717,0,0,0,False,0,0,False,1.4775956869125366,3.3465170192953964,1.877602686532384
cam2,197,9850000,192,5,176,21,5,2,2,1.3999030590057373,0,0,0,False,0,0,False,0.6765637993812561,0.9069032209965423,1.5824246531029065
cam2,198,9900000,196,2,176,22,4,2,2,7.512140274047852,0,0,0,False,0,0,False,6.146867752075195,1.9879222623286659,4.9713184509146
cam2,199,9950000,196,3,176,23,4,1,2,3.1064021587371826,0,0,0,False,0,0,False,1.8952884674072266,0.911172854886461,1.6859784040223578
cam2,200,10000000,196,4,176,24,5,1,3,7.723087787628174,0,0,0,False,0,0,False,2.7150681018829346,0.7391204894349783,3.2933178360925637
cam2,201,10050000,196,5,192,9,5,1,4,0.5273358225822449,0,0,0,False,0,0,False,0.5060380101203918,0.7643675107584366,1.192891797319281
cam2,202,10100000,200,2,192,10,6,1,4,1.9676318168640137,0,0,0,False,0,0,False,0.8088930249214172,2.563812255485292,1.7666484159972076
cam2,203,10150000,200,3,192,11,4,1,2,2.909085988998413,0,0,0,False,0,0,False,1.9611694812774658,0.44792971172853574,1.5191378593977345
cam2,204,10200000,200,4,192,12,4,2,1,1.6188633441925049,0,0,0,False,0,0,False,2.338947057723999,1.5960108834547473,1.004521393898987
cam2,205,10250000,200,5,192,13,5,2,2,0.9047113656997681,0,0,0,False,0,0,False,1.9612302780151367,1.338939896008726,0.9903603972114932
cam2,206,10300000,204,2,192,14,7,1,4,9.90372371673584,0,0,0,False,0,0,False,1.0773662328720093,2.380994580566357,2.2990463758061934
cam2,207,10350000,204,3,192,15,5,1,3,2.2355406284332275,0,0,0,False,0,0,False,1.8423031568527222,1.2573114749319738,2.63748139975464
cam2,208,10400000,204,4,192,16,6,3,1,6.382739067077637,0,0,0,False,0,0,False,3.3847405910491943,,
cam2,209,10450000,204,5,192,17,5,3,2,2.5670788288116455,0,0,0,False,0,0,False,1.1460012197494507,,
cam2,210,10500000,208,2,192,18,4,2,2,3.908513069152832,0,1,3,True,1,-1,,51.807395935058594,,
cam2,211,10550000,208,3,192,19,4,2,2,1.0465316772460938,0,1,3,True,1,-1,,51.7602653503418,,
cam2,212,10600000,208,4,192,20,4,1,3,2.655200958251953,0,1,3,True,1,-1,,44.06889343261719,,
cam2,213,10650000,208,5,192,21,3,0,2,15.147160530090332,0,1,3,True,1,-1,,48.825897216796875,,
cam2,214,10700000,212,2,192,22,3,2,0,1.6484495401382446,0,0,3,True,0,-1,,51.63203048706055,,
cam2,215,10750000,212,3,192,23,4,1,1,4.13319730758667,0,0,0,False,0,0,False,1.7016209363937378,1.6881105996812094,2.324335082242016
cam2,216,10800000,212,4,192,24,4,2,0,6.587804317474365,0,0,0,False,0,0,False,1.7108813524246216,4.078233031973438,2.424457350778911
cam2,217,10850000,212,5,208,9,4,0,3,16.91085433959961,0,0,3,True,0,-1,,62.083106994628906,2.542080206377125,59.65158246586449
cam2,218,10900000,216,2,208,10,5,3,2,0.8890671133995056,0,0,0,False,0,0,False,1.5547680854797363,3.6265786899697003,3.4905865480357967
cam2,219,10950000,216,3,208,11,5,2,2,2.303917169570923,0,0,0,False,0,0,False,2.2533316612243652,5.7248554662941125,6.74483494138407
cam2,220,11000000,216,4,208,12,4,2,2,4.484677791595459,0,0,0,False,0,0,False,9.735405921936035,11.127551321465814,20.80640219572113
cam2,221,11050000,216,5,208,13,4,2,1,21.449966430664062,-1,0,0,False,0,0,True,20.211488723754883,4.877770093237439,23.672146198618155
cam2,222,11100000,220,2,208,14,6,2,4,3.5768942832946777,0,0,0,False,0,0,False,9.88863754272461,3.4030198915178915,12.758805618303995
cam2,223,11150000,220,3,208,15,6,0,5,17.117767333984375,0,0,0,False,0,0,False,5.628698825836182,2.5970441202192593,8.070510351755626
cam2,224,11200000,220,4,208,16,4,2,0,6.020081043243408,0,0,0,False,0,0,False,6.490749359130859,1.7973451410638126,8.205339703988603
cam2,225,11250000,220,5,208,17,5,3,1,6.804807662963867,0,0,3,True,0,-1,,47.48845291137695,2.112844848481087,45.3847515341878
cam2,226,11300000,224,2,208,18,4,2,1,3.386082887649536,0,0,3,True,0,-1,,55.96449661254883,2.681896518915429,53.364238718689535
cam2,227,11350000,224,3,208,19,6,1,3,11.452339172363281,0,0,3,True,0,-1,,62.14628219604492,3.8194696773764716,58.329302783256516
cam2,228,11400000,224,4,208,20,5,2,2,8.072467803955078,0,0,0,False,0,0,False,8.13722038269043,1.4879085531063416,8.037456806718096
cam2,229,11450000,224,5,208,21,5,1,4,7.406065464019775,0,0,3,True,0,-1,,73.98856353759766,1.1162270364761786,73.29045630339479
cam2,230,11500000,228,2,208,22,5,1,3,4.849542140960693,0,0,3,True,0,-1,,89.78168487548828,1.8963278025625945,89.75078373161021
cam2,231,11550000,228,3,208,23,5,0,5,286.5107116699219,1,0,3,True,0,-1,,96.33320617675781,2.6315216047729124,98.70750863493572
cam2,232,11600000,228,4,208,24,4,0,4,301.3424072265625,1,0,3,True,0,-1,,74.39656829833984,12.147197129013772,86.28924294123586
cam2,233,11650000,228,5,224,9,4,1,3,307.59716796875,1,0,3,True,0,-1,,79.3378677368164,19.291094995372084,60.18858756880913
cam2,234,11700000,232,2,224,10,3,0,3,291.6086730957031,7,3,3,False,-1,-1,,199.96873474121094,119.18390724710953,80.81982009415447
cam2,235,11750000,232,3,224,11,5,0,5,306.72998046875,6,0,3,True,0,-1,,103.8227310180664,19.834232069465333,85.72930642474863
cam2,236,11800000,232,4,224,12,4,0,4,290.91595458984375,4,0,3,True,0,-1,,84.94343566894531,1.992871952577052,83.31515912757764
cam2,237,11850000,232,5,224,13,3,0,3,269.57318115234375,3,0,3,True,0,-1,,67.55831146240234,7.323744004538232,74.74738128499304
cam2,238,11900000,236,2,224,14,2,0,2,279.09039306640625,-1,3,3,False,-1,-1,,154.8622283935547,61.52359750482951,94.48275450464833
cam2,239,11950000,236,3,224,15,5,0,5,743.3803100585938,1,3,3,False,-1,-1,,139.08737182617188,50.72869483908023,91.37163934133208
cam2,240,12000000,236,4,224,16,3,0,3,755.1492919921875,1,3,3,False,-1,-1,,129.56019592285156,43.260449929029214,90.09152393126968
cam2,241,12050000,236,5,224,17,5,0,5,763.3773803710938,1,3,3,False,-1,-1,,129.04881286621094,17.733778049902593,122.6235963150523
cam2,242,12100000,240,2,224,18,5,2,3,0.6402462124824524,0,3,3,False,-1,-1,,167.31741333007812,24.245969185638167,183.763862581787
cam2,243,12150000,240,3,224,19,4,2,2,0.6801361441612244,0,3,3,False,-1,-1,,143.7477569580078,65.33825075986886,206.84773596388996
cam2,244,12200000,240,4,224,20,6,0,6,812.277099609375,1,3,3,False,-1,-1,,115.4489974975586,106.4620612397449,220.56513407684724
cam2,245,12250000,240,5,224,21,4,0,3,28.926860809326172,-1,3,3,False,-1,-1,,159.49447631835938,19.0744102879603,163.744448237247
cam2,246,12300000,244,2,224,22,4,0,3,7.816563129425049,0,3,3,False,-1,-1,,177.61143493652344,19.87566634556355,167.61633082868286
cam2,247,12350000,244,3,237,10,3,0,1,8.683283805847168,0,0,3,True,0,-1,,107.13996124267578,287.8028860033222,181.45490059967264
cam2,248,12400000,244,4,237,11,2,1,1,0.6490553021430969,0,3,3,False,-1,-1,,50.5855827331543,155.06002831819086,174.77525428079565
cam2,249,12450000,244,5,237,12,2,0,1,7.805121898651123,0,3,3,False,-1,-1,,73.7287826538086,148.5036882832361,173.74343179024916
cam2,250,12500000,248,2,237,13,3,2,1,5.74232816696167,0,3,1,True,-1,1,,494.1434020996094,131.33878250552613,579.2014998374087
cam2,251,12550000,248,3,237,14,4,2,1,5.716898441314697,0,1,0,True,1,0,True,299.8973388671875,14.712684632858572,295.47669069603313
cam2,252,12600000,248,4,237,15,4,0,3,11.793190002441406,0,1,3,True,1,-1,,159.96876525878906,13.896193062162821,150.50273043417477
cam2,253,12650000,248,5,237,16,5,0,4,9.147838592529297,0,1,3,True,1,-1,,178.98866271972656,24.289317584797264,154.71799416686366
cam2,254,12700000,252,2,237,17,4,0,4,315.03466796875,1,0,3,True,0,-1,,203.4086151123047,15.363596685263062,188.09604057204908
cam2,255,12750000,252,3,237,18,4,2,2,2.6497271060943604,0,3,3,False,-1,-1,,41.75896453857422,168.55406918806057,192.9393049621605
cam2,256,12800000,252,4,237,19,4,2,2,0.6892645955085754,0,0,3,True,0,-1,,117.91265106201172,303.99794369914747,186.09169047399675
cam2,257,12850000,252,5,237,20,2,0,2,300.9786071777344,2,0,3,True,0,-1,,180.94204711914062,0.5426013226458237,180.6084897523554
cam2,258,12900000,256,2,237,21,4,0,4,296.7163391113281,1,0,3,True,0,-1,,178.4742889404297,2.069872977834064,180.4552663009959
cam2,259,12950000,256,3,237,22,4,1,3,299.8898010253906,1,0,3,True,0,-1,,181.81146240234375,4.033609721221029,184.14285088157047
cam2,260,13000000,256,4,237,23,4,1,2,308.5199279785156,2,0,3,True,0,-1,,182.0810546875,3.156879616493142,183.52873735485463
cam2,261,13050000,256,5,237,24,6,0,6,307.9535217285156,2,0,3,True,0,-1,,172.7793426513672,3.1197541293427227,175.8946761858371
cam2,262,13100000,260,2,237,25,4,0,3,308.5435485839844,1,0,3,True,0,-1,,159.13726806640625,4.987080778380868,163.8514650744328
cam2,263,13150000,260,3,237,26,4,0,4,318.49639892578125,1,0,3,True,0,-1,,166.05409240722656,6.467398412031871,169.988893409041
cam2,264,13200000,260,4,237,27,4,0,4,317.05145263671875,1,0,3,True,0,-1,,162.1985321044922,4.193681862928495,163.36443135345618
cam2,265,13250000,262,3,237,28,5,0,4,2.7706732749938965,0,0,3,True,0,-1,,172.97357177734375,3.2570407668153942,173.90117135811954
cam2,266,13300000,262,4,237,29,6,2,3,0.8754215240478516,0,0,0,False,0,0,False,2.627078056335449,3.9511545998083175,6.576860116090624
cam2,267,13350000,262,5,237,30,3,1,1,10.864177703857422,0,0,0,False,0,0,False,4.311501502990723,5.116704342207395,5.602140485863618
cam2,268,13400000,262,6,237,31,3,2,1,1.1544146537780762,0,0,0,False,0,0,False,2.9589741230010986,3.7002987391052553,5.973275515228238
cam2,269,13450000,262,7,237,32,4,1,2,0.08800198882818222,0,0,0,False,0,0,False,1.3328264951705933,2.9948890083446824,2.578809337493912
