variant,clip,encoder,status,reason,camera,raw_id,reference_to_prediction,boxes
old_old,video_000/clip_000,clipreid_vitb16_market1501,ok,,cam0,1,A->0,1010
old_old,video_000/clip_000,clipreid_vitb16_market1501,ok,,cam0,2,B->1,931
old_old,video_000/clip_000,clipreid_vitb16_market1501,ok,,cam0,4,X1->-1,179
old_old,video_000/clip_000,clipreid_vitb16_market1501,ok,,cam1,1,A->0,1010
old_old,video_000/clip_000,clipreid_vitb16_market1501,ok,,cam1,2,B->1,995
old_old,video_000/clip_000,clipreid_vitb16_market1501,ok,,cam2,1,B->1,1010
old_old,video_000/clip_000,clipreid_vitb16_market1501,ok,,cam2,2,A->0,1010
old_old,video_000/clip_000,clipreid_vitb16_market1501,ok,,cam2,5,A->-1,1
old_old,video_000/clip_007,clipreid_vitb16_market1501,ok,,cam0,1,A->0,652
old_old,video_000/clip_007,clipreid_vitb16_market1501,ok,,cam0,2,B->-1,163
old_old,video_000/clip_007,clipreid_vitb16_market1501,ok,,cam0,3,X1->-1,12
old_old,video_000/clip_007,clipreid_vitb16_market1501,ok,,cam0,5,B->1,387
old_old,video_000/clip_007,clipreid_vitb16_market1501,ok,,cam0,7,X1->-1,212
old_old,video_000/clip_007,clipreid_vitb16_market1501,ok,,cam1,1,A->0,652
old_old,video_000/clip_007,clipreid_vitb16_market1501,ok,,cam1,12,X1->-1,78
old_old,video_000/clip_007,clipreid_vitb16_market1501,ok,,cam1,2,B->-1,28
old_old,video_000/clip_007,clipreid_vitb16_market1501,ok,,cam1,2,B->1,447
old_old,video_000/clip_007,clipreid_vitb16_market1501,ok,,cam1,7,B->-1,9
old_old,video_000/clip_007,clipreid_vitb16_market1501,ok,,cam1,7,B->1,171
old_old,video_000/clip_007,clipreid_vitb16_market1501,ok,,cam2,1,B->1,618
old_old,video_000/clip_007,clipreid_vitb16_market1501,ok,,cam2,12,A->-1,3
old_old,video_000/clip_007,clipreid_vitb16_market1501,ok,,cam2,14,X2->-1,137
old_old,video_000/clip_007,clipreid_vitb16_market1501,ok,,cam2,16,X1->-1,50
old_old,video_000/clip_007,clipreid_vitb16_market1501,ok,,cam2,2,A->0,646
old_old,video_000/clip_007,clipreid_vitb16_market1501,ok,,cam2,4,X2->-1,58
old_old,video_000/clip_007,clipreid_vitb16_market1501,ok,,cam2,5,A->-1,8
old_old,video_000/clip_007,clipreid_vitb16_market1501,ok,,cam2,8,B->-1,8
old_old,video_001/clip_001,clipreid_vitb16_market1501,ok,,cam0,1,A->0,1300
old_old,video_001/clip_001,clipreid_vitb16_market1501,ok,,cam0,11,X1->-1,489
old_old,video_001/clip_001,clipreid_vitb16_market1501,ok,,cam0,13,A->-1,2
old_old,video_001/clip_001,clipreid_vitb16_market1501,ok,,cam0,2,B->1,732
old_old,video_001/clip_001,clipreid_vitb16_market1501,ok,,cam0,3,X1->-1,214
old_old,video_001/clip_001,clipreid_vitb16_market1501,ok,,cam0,4,X2->-1,216
old_old,video_001/clip_001,clipreid_vitb16_market1501,ok,,cam0,5,X1->-1,25
old_old,video_001/clip_001,clipreid_vitb16_market1501,ok,,cam0,7,B->-1,93
old_old,video_001/clip_001,clipreid_vitb16_market1501,ok,,cam0,7,B->1,440
old_old,video_001/clip_001,clipreid_vitb16_market1501,ok,,cam0,7,X1->-1,187
old_old,video_001/clip_001,clipreid_vitb16_market1501,ok,,cam0,7,ambiguous->-1,2
old_old,video_001/clip_001,clipreid_vitb16_market1501,ok,,cam0,7,ambiguous->1,3
old_old,video_001/clip_001,clipreid_vitb16_market1501,ok,,cam1,1,A->0,1300
old_old,video_001/clip_001,clipreid_vitb16_market1501,ok,,cam1,2,B->-1,20
old_old,video_001/clip_001,clipreid_vitb16_market1501,ok,,cam1,2,B->1,1233
old_old,video_001/clip_001,clipreid_vitb16_market1501,ok,,cam1,3,X1->-1,1159
old_old,video_001/clip_001,clipreid_vitb16_market1501,ok,,cam1,3,ambiguous->-1,65
old_old,video_001/clip_001,clipreid_vitb16_market1501,ok,,cam2,1,B->-1,185
old_old,video_001/clip_001,clipreid_vitb16_market1501,ok,,cam2,11,X4->-1,30
old_old,video_001/clip_001,clipreid_vitb16_market1501,ok,,cam2,13,B->-1,32
old_old,video_001/clip_001,clipreid_vitb16_market1501,ok,,cam2,14,X4->-1,24
old_old,video_001/clip_001,clipreid_vitb16_market1501,ok,,cam2,15,B->1,1009
old_old,video_001/clip_001,clipreid_vitb16_market1501,ok,,cam2,18,B->-1,6
old_old,video_001/clip_001,clipreid_vitb16_market1501,ok,,cam2,2,A->0,580
old_old,video_001/clip_001,clipreid_vitb16_market1501,ok,,cam2,22,B->-1,7
old_old,video_001/clip_001,clipreid_vitb16_market1501,ok,,cam2,24,A->-1,2
old_old,video_001/clip_001,clipreid_vitb16_market1501,ok,,cam2,24,A->0,720
old_old,video_001/clip_001,clipreid_vitb16_market1501,ok,,cam2,3,X3->-1,1198
old_old,video_002/clip_013,clipreid_vitb16_market1501,ok,,cam0,1,A->0,535
old_old,video_002/clip_013,clipreid_vitb16_market1501,ok,,cam0,2,B->1,524
old_old,video_002/clip_013,clipreid_vitb16_market1501,ok,,cam1,1,A->0,535
old_old,video_002/clip_013,clipreid_vitb16_market1501,ok,,cam1,2,B->-1,34
old_old,video_002/clip_013,clipreid_vitb16_market1501,ok,,cam1,2,B->1,496
old_old,video_002/clip_013,clipreid_vitb16_market1501,ok,,cam1,3,ambiguous->-1,3
old_old,video_002/clip_013,clipreid_vitb16_market1501,ok,,cam1,5,B->-1,2
old_old,video_002/clip_013,clipreid_vitb16_market1501,ok,,cam1,9,B->-1,4
old_old,video_002/clip_013,clipreid_vitb16_market1501,ok,,cam2,1,B->1,535
old_old,video_002/clip_013,clipreid_vitb16_market1501,ok,,cam2,13,X1->-1,56
old_old,video_002/clip_013,clipreid_vitb16_market1501,ok,,cam2,2,A->0,534
old_old,video_002/clip_013,clipreid_vitb16_market1501,ok,,cam2,8,X1->-1,130
old_old,video_002/clip_013,clipreid_vitb16_market1501,ok,,cam2,9,A->-1,1
new_old,video_000/clip_000,clipreid_vitb16_market1501,ok,,cam0,1,A->0,1010
new_old,video_000/clip_000,clipreid_vitb16_market1501,ok,,cam0,11,unmatched->-1,614
new_old,video_000/clip_000,clipreid_vitb16_market1501,ok,,cam0,15,unmatched->-1,40
new_old,video_000/clip_000,clipreid_vitb16_market1501,ok,,cam0,2,X1->-1,179
new_old,video_000/clip_000,clipreid_vitb16_market1501,ok,,cam0,2,unmatched->-1,830
new_old,video_000/clip_000,clipreid_vitb16_market1501,ok,,cam0,26,unmatched->-1,83
new_old,video_000/clip_000,clipreid_vitb16_market1501,ok,,cam0,3,B->1,931
new_old,video_000/clip_000,clipreid_vitb16_market1501,ok,,cam0,30,unmatched->-1,14
new_old,video_000/clip_000,clipreid_vitb16_market1501,ok,,cam0,31,unmatched->-1,2
new_old,video_000/clip_000,clipreid_vitb16_market1501,ok,,cam0,4,unmatched->-1,833
new_old,video_000/clip_000,clipreid_vitb16_market1501,ok,,cam0,9,unmatched->-1,5
new_old,video_000/clip_000,clipreid_vitb16_market1501,ok,,cam1,1,A->0,1010
new_old,video_000/clip_000,clipreid_vitb16_market1501,ok,,cam1,10,unmatched->-1,6
new_old,video_000/clip_000,clipreid_vitb16_market1501,ok,,cam1,19,unmatched->-1,181
new_old,video_000/clip_000,clipreid_vitb16_market1501,ok,,cam1,2,B->1,995
new_old,video_000/clip_000,clipreid_vitb16_market1501,ok,,cam1,3,unmatched->-1,20
new_old,video_000/clip_000,clipreid_vitb16_market1501,ok,,cam2,1,B->1,1010
new_old,video_000/clip_000,clipreid_vitb16_market1501,ok,,cam2,10,unmatched->-1,530
new_old,video_000/clip_000,clipreid_vitb16_market1501,ok,,cam2,2,unmatched->-1,1010
new_old,video_000/clip_000,clipreid_vitb16_market1501,ok,,cam2,3,A->0,1010
new_old,video_000/clip_000,clipreid_vitb16_market1501,ok,,cam2,4,unmatched->-1,14
new_old,video_000/clip_000,clipreid_vitb16_market1501,ok,,cam2,8,A->-1,1
new_old,video_000/clip_007,clipreid_vitb16_market1501,ok,,cam1,1,A->0,652
new_old,video_000/clip_007,clipreid_vitb16_market1501,ok,,cam1,12,B->-1,9
new_old,video_000/clip_007,clipreid_vitb16_market1501,ok,,cam1,12,B->1,171
new_old,video_000/clip_007,clipreid_vitb16_market1501,ok,,cam1,17,X1->-1,78
new_old,video_000/clip_007,clipreid_vitb16_market1501,ok,,cam1,17,unmatched->-1,66
new_old,video_000/clip_007,clipreid_vitb16_market1501,ok,,cam1,2,B->-1,28
new_old,video_000/clip_007,clipreid_vitb16_market1501,ok,,cam1,2,B->1,447
new_old,video_000/clip_007,clipreid_vitb16_market1501,ok,,cam2,1,B->1,618
new_old,video_000/clip_007,clipreid_vitb16_market1501,ok,,cam2,1,unmatched->1,10
new_old,video_000/clip_007,clipreid_vitb16_market1501,ok,,cam2,11,B->-1,8
new_old,video_000/clip_007,clipreid_vitb16_market1501,ok,,cam2,16,unmatched->-1,3
new_old,video_000/clip_007,clipreid_vitb16_market1501,ok,,cam2,18,A->-1,3
new_old,video_000/clip_007,clipreid_vitb16_market1501,ok,,cam2,2,A->0,646
new_old,video_000/clip_007,clipreid_vitb16_market1501,ok,,cam2,22,X2->-1,137
new_old,video_000/clip_007,clipreid_vitb16_market1501,ok,,cam2,3,unmatched->-1,652
new_old,video_000/clip_007,clipreid_vitb16_market1501,ok,,cam2,4,X1->-1,50
new_old,video_000/clip_007,clipreid_vitb16_market1501,ok,,cam2,4,unmatched->-1,602
new_old,video_000/clip_007,clipreid_vitb16_market1501,ok,,cam2,6,X2->-1,58
new_old,video_000/clip_007,clipreid_vitb16_market1501,ok,,cam2,8,A->-1,8
new_old,video_001/clip_001,clipreid_vitb16_market1501,ok,,cam0,1,A->0,1300
new_old,video_001/clip_001,clipreid_vitb16_market1501,ok,,cam0,13,X1->-1,25
new_old,video_001/clip_001,clipreid_vitb16_market1501,ok,,cam0,16,unmatched->-1,811
new_old,video_001/clip_001,clipreid_vitb16_market1501,ok,,cam0,2,X2->-1,216
new_old,video_001/clip_001,clipreid_vitb16_market1501,ok,,cam0,2,unmatched->-1,696
new_old,video_001/clip_001,clipreid_vitb16_market1501,ok,,cam0,26,B->-1,93
new_old,video_001/clip_001,clipreid_vitb16_market1501,ok,,cam0,26,B->1,440
new_old,video_001/clip_001,clipreid_vitb16_market1501,ok,,cam0,26,X1->-1,187
new_old,video_001/clip_001,clipreid_vitb16_market1501,ok,,cam0,26,ambiguous->-1,2
new_old,video_001/clip_001,clipreid_vitb16_market1501,ok,,cam0,26,ambiguous->1,3
new_old,video_001/clip_001,clipreid_vitb16_market1501,ok,,cam0,29,unmatched->-1,40
new_old,video_001/clip_001,clipreid_vitb16_market1501,ok,,cam0,3,B->1,732
new_old,video_001/clip_001,clipreid_vitb16_market1501,ok,,cam0,32,unmatched->-1,538
new_old,video_001/clip_001,clipreid_vitb16_market1501,ok,,cam0,36,unmatched->-1,9
new_old,video_001/clip_001,clipreid_vitb16_market1501,ok,,cam0,39,X1->-1,489
new_old,video_001/clip_001,clipreid_vitb16_market1501,ok,,cam0,4,unmatched->-1,363
new_old,video_001/clip_001,clipreid_vitb16_market1501,ok,,cam0,45,unmatched->-1,2
new_old,video_001/clip_001,clipreid_vitb16_market1501,ok,,cam0,49,unmatched->-1,198
new_old,video_001/clip_001,clipreid_vitb16_market1501,ok,,cam0,5,X1->-1,214
new_old,video_001/clip_001,clipreid_vitb16_market1501,ok,,cam0,51,unmatched->-1,91
new_old,video_001/clip_001,clipreid_vitb16_market1501,ok,,cam0,54,A->-1,2
new_old,video_001/clip_001,clipreid_vitb16_market1501,ok,,cam0,6,unmatched->-1,446
new_old,video_001/clip_001,clipreid_vitb16_market1501,ok,,cam1,1,A->0,1300
new_old,video_001/clip_001,clipreid_vitb16_market1501,ok,,cam1,10,unmatched->-1,409
new_old,video_001/clip_001,clipreid_vitb16_market1501,ok,,cam1,2,B->-1,20
new_old,video_001/clip_001,clipreid_vitb16_market1501,ok,,cam1,2,B->1,1233
new_old,video_001/clip_001,clipreid_vitb16_market1501,ok,,cam1,3,unmatched->-1,251
new_old,video_001/clip_001,clipreid_vitb16_market1501,ok,,cam1,4,X1->-1,1159
new_old,video_001/clip_001,clipreid_vitb16_market1501,ok,,cam1,4,ambiguous->-1,65
new_old,video_001/clip_001,clipreid_vitb16_market1501,ok,,cam1,4,unmatched->-1,3
new_old,video_001/clip_001,clipreid_vitb16_market1501,ok,,cam2,1,B->-1,185
new_old,video_001/clip_001,clipreid_vitb16_market1501,ok,,cam2,15,X4->-1,30
new_old,video_001/clip_001,clipreid_vitb16_market1501,ok,,cam2,17,B->-1,32
new_old,video_001/clip_001,clipreid_vitb16_market1501,ok,,cam2,18,X4->-1,24
new_old,video_001/clip_001,clipreid_vitb16_market1501,ok,,cam2,19,B->1,1009
new_old,video_001/clip_001,clipreid_vitb16_market1501,ok,,cam2,2,A->0,580
new_old,video_001/clip_001,clipreid_vitb16_market1501,ok,,cam2,22,B->-1,6
new_old,video_001/clip_001,clipreid_vitb16_market1501,ok,,cam2,27,unmatched->-1,819
new_old,video_001/clip_001,clipreid_vitb16_market1501,ok,,cam2,29,B->-1,7
new_old,video_001/clip_001,clipreid_vitb16_market1501,ok,,cam2,3,unmatched->-1,1235
new_old,video_001/clip_001,clipreid_vitb16_market1501,ok,,cam2,31,unmatched->-1,624
new_old,video_001/clip_001,clipreid_vitb16_market1501,ok,,cam2,33,A->-1,2
new_old,video_001/clip_001,clipreid_vitb16_market1501,ok,,cam2,33,A->0,720
new_old,video_001/clip_001,clipreid_vitb16_market1501,ok,,cam2,37,unmatched->-1,2
new_old,video_001/clip_001,clipreid_vitb16_market1501,ok,,cam2,39,unmatched->-1,8
new_old,video_001/clip_001,clipreid_vitb16_market1501,ok,,cam2,4,X3->-1,1198
new_old,video_001/clip_001,clipreid_vitb16_market1501,ok,,cam2,42,unmatched->-1,24
new_old,video_001/clip_001,clipreid_vitb16_market1501,ok,,cam2,45,unmatched->-1,1
new_old,video_001/clip_001,clipreid_vitb16_market1501,ok,,cam2,47,unmatched->-1,7
new_old,video_001/clip_001,clipreid_vitb16_market1501,ok,,cam2,5,unmatched->-1,1
new_old,video_001/clip_001,clipreid_vitb16_market1501,ok,,cam2,8,unmatched->-1,8
new_old,video_002/clip_013,clipreid_vitb16_market1501,ok,,cam0,1,A->0,535
new_old,video_002/clip_013,clipreid_vitb16_market1501,ok,,cam0,11,unmatched->-1,5
new_old,video_002/clip_013,clipreid_vitb16_market1501,ok,,cam0,14,unmatched->-1,9
new_old,video_002/clip_013,clipreid_vitb16_market1501,ok,,cam0,18,unmatched->-1,190
new_old,video_002/clip_013,clipreid_vitb16_market1501,ok,,cam0,2,unmatched->-1,504
new_old,video_002/clip_013,clipreid_vitb16_market1501,ok,,cam0,22,unmatched->-1,44
new_old,video_002/clip_013,clipreid_vitb16_market1501,ok,,cam0,3,B->1,524
new_old,video_002/clip_013,clipreid_vitb16_market1501,ok,,cam0,7,unmatched->-1,521
new_old,video_002/clip_013,clipreid_vitb16_market1501,ok,,cam1,1,A->0,535
new_old,video_002/clip_013,clipreid_vitb16_market1501,ok,,cam1,10,B->-1,4
new_old,video_002/clip_013,clipreid_vitb16_market1501,ok,,cam1,2,B->-1,34
new_old,video_002/clip_013,clipreid_vitb16_market1501,ok,,cam1,2,B->1,496
new_old,video_002/clip_013,clipreid_vitb16_market1501,ok,,cam1,3,ambiguous->-1,3
new_old,video_002/clip_013,clipreid_vitb16_market1501,ok,,cam1,5,B->-1,2
new_old,video_002/clip_013,clipreid_vitb16_market1501,ok,,cam2,1,B->1,535
new_old,video_002/clip_013,clipreid_vitb16_market1501,ok,,cam2,13,X1->-1,56
new_old,video_002/clip_013,clipreid_vitb16_market1501,ok,,cam2,13,unmatched->-1,6
new_old,video_002/clip_013,clipreid_vitb16_market1501,ok,,cam2,2,A->0,534
new_old,video_002/clip_013,clipreid_vitb16_market1501,ok,,cam2,8,X1->-1,130
new_old,video_002/clip_013,clipreid_vitb16_market1501,ok,,cam2,9,A->-1,1
botsort_pose__clipreid_vitb16_market1501,video_000/clip_000,clipreid_vitb16_market1501,ok,,cam0,1,A->0,1010
botsort_pose__clipreid_vitb16_market1501,video_000/clip_000,clipreid_vitb16_market1501,ok,,cam0,2,unmatched->-1,513
botsort_pose__clipreid_vitb16_market1501,video_000/clip_000,clipreid_vitb16_market1501,ok,,cam0,3,B->1,931
botsort_pose__clipreid_vitb16_market1501,video_000/clip_000,clipreid_vitb16_market1501,ok,,cam0,3,unmatched->1,2
botsort_pose__clipreid_vitb16_market1501,video_000/clip_000,clipreid_vitb16_market1501,ok,,cam0,4,unmatched->-1,836
botsort_pose__clipreid_vitb16_market1501,video_000/clip_000,clipreid_vitb16_market1501,ok,,cam0,5,unmatched->-1,628
botsort_pose__clipreid_vitb16_market1501,video_000/clip_000,clipreid_vitb16_market1501,ok,,cam0,6,unmatched->-1,41
botsort_pose__clipreid_vitb16_market1501,video_000/clip_000,clipreid_vitb16_market1501,ok,,cam0,7,X1->-1,179
botsort_pose__clipreid_vitb16_market1501,video_000/clip_000,clipreid_vitb16_market1501,ok,,cam0,7,unmatched->-1,318
botsort_pose__clipreid_vitb16_market1501,video_000/clip_000,clipreid_vitb16_market1501,ok,,cam0,8,unmatched->-1,84
botsort_pose__clipreid_vitb16_market1501,video_000/clip_000,clipreid_vitb16_market1501,ok,,cam0,9,unmatched->-1,26
botsort_pose__clipreid_vitb16_market1501,video_000/clip_000,clipreid_vitb16_market1501,ok,,cam1,1,A->0,1010
botsort_pose__clipreid_vitb16_market1501,video_000/clip_000,clipreid_vitb16_market1501,ok,,cam1,2,B->1,502
botsort_pose__clipreid_vitb16_market1501,video_000/clip_000,clipreid_vitb16_market1501,ok,,cam1,2,unmatched->1,2
botsort_pose__clipreid_vitb16_market1501,video_000/clip_000,clipreid_vitb16_market1501,ok,,cam1,3,unmatched->-1,39
botsort_pose__clipreid_vitb16_market1501,video_000/clip_000,clipreid_vitb16_market1501,ok,,cam1,4,B->-1,2
botsort_pose__clipreid_vitb16_market1501,video_000/clip_000,clipreid_vitb16_market1501,ok,,cam1,4,B->1,491
botsort_pose__clipreid_vitb16_market1501,video_000/clip_000,clipreid_vitb16_market1501,ok,,cam1,4,unmatched->-1,1
botsort_pose__clipreid_vitb16_market1501,video_000/clip_000,clipreid_vitb16_market1501,ok,,cam1,5,unmatched->-1,20
botsort_pose__clipreid_vitb16_market1501,video_000/clip_000,clipreid_vitb16_market1501,ok,,cam1,6,unmatched->-1,164
botsort_pose__clipreid_vitb16_market1501,video_000/clip_000,clipreid_vitb16_market1501,ok,,cam2,1,B->1,1010
botsort_pose__clipreid_vitb16_market1501,video_000/clip_000,clipreid_vitb16_market1501,ok,,cam2,10,A->0,86
botsort_pose__clipreid_vitb16_market1501,video_000/clip_000,clipreid_vitb16_market1501,ok,,cam2,10,unmatched->-1,3
botsort_pose__clipreid_vitb16_market1501,video_000/clip_000,clipreid_vitb16_market1501,ok,,cam2,11,unmatched->-1,89
botsort_pose__clipreid_vitb16_market1501,video_000/clip_000,clipreid_vitb16_market1501,ok,,cam2,12,unmatched->-1,52
botsort_pose__clipreid_vitb16_market1501,video_000/clip_000,clipreid_vitb16_market1501,ok,,cam2,2,unmatched->-1,922
botsort_pose__clipreid_vitb16_market1501,video_000/clip_000,clipreid_vitb16_market1501,ok,,cam2,3,A->-1,137
botsort_pose__clipreid_vitb16_market1501,video_000/clip_000,clipreid_vitb16_market1501,ok,,cam2,3,unmatched->-1,3
botsort_pose__clipreid_vitb16_market1501,video_000/clip_000,clipreid_vitb16_market1501,ok,,cam2,4,unmatched->-1,15
botsort_pose__clipreid_vitb16_market1501,video_000/clip_000,clipreid_vitb16_market1501,ok,,cam2,5,unmatched->-1,2
botsort_pose__clipreid_vitb16_market1501,video_000/clip_000,clipreid_vitb16_market1501,ok,,cam2,6,A->0,787
botsort_pose__clipreid_vitb16_market1501,video_000/clip_000,clipreid_vitb16_market1501,ok,,cam2,6,unmatched->0,2
botsort_pose__clipreid_vitb16_market1501,video_000/clip_000,clipreid_vitb16_market1501,ok,,cam2,7,unmatched->-1,3
botsort_pose__clipreid_vitb16_market1501,video_000/clip_000,clipreid_vitb16_market1501,ok,,cam2,8,unmatched->-1,478
botsort_pose__clipreid_vitb16_market1501,video_000/clip_000,clipreid_vitb16_market1501,ok,,cam2,9,unmatched->-1,1
botsort_pose__clipreid_vitb16_market1501,video_000/clip_000,kpr_market_solider_parts,undecided,ambiguous_players,,,,
botsort_pose__clipreid_vitb16_market1501,video_000/clip_000,solider_swin_base_msmt17,ok,,cam0,1,A->0,1010
botsort_pose__clipreid_vitb16_market1501,video_000/clip_000,solider_swin_base_msmt17,ok,,cam0,2,unmatched->-1,513
botsort_pose__clipreid_vitb16_market1501,video_000/clip_000,solider_swin_base_msmt17,ok,,cam0,3,B->1,931
botsort_pose__clipreid_vitb16_market1501,video_000/clip_000,solider_swin_base_msmt17,ok,,cam0,3,unmatched->1,2
botsort_pose__clipreid_vitb16_market1501,video_000/clip_000,solider_swin_base_msmt17,ok,,cam0,4,unmatched->-1,836
botsort_pose__clipreid_vitb16_market1501,video_000/clip_000,solider_swin_base_msmt17,ok,,cam0,5,unmatched->-1,628
botsort_pose__clipreid_vitb16_market1501,video_000/clip_000,solider_swin_base_msmt17,ok,,cam0,6,unmatched->-1,41
botsort_pose__clipreid_vitb16_market1501,video_000/clip_000,solider_swin_base_msmt17,ok,,cam0,7,X1->-1,179
botsort_pose__clipreid_vitb16_market1501,video_000/clip_000,solider_swin_base_msmt17,ok,,cam0,7,unmatched->-1,318
botsort_pose__clipreid_vitb16_market1501,video_000/clip_000,solider_swin_base_msmt17,ok,,cam0,8,unmatched->-1,84
botsort_pose__clipreid_vitb16_market1501,video_000/clip_000,solider_swin_base_msmt17,ok,,cam0,9,unmatched->-1,26
botsort_pose__clipreid_vitb16_market1501,video_000/clip_000,solider_swin_base_msmt17,ok,,cam1,1,A->0,1010
botsort_pose__clipreid_vitb16_market1501,video_000/clip_000,solider_swin_base_msmt17,ok,,cam1,2,B->1,502
botsort_pose__clipreid_vitb16_market1501,video_000/clip_000,solider_swin_base_msmt17,ok,,cam1,2,unmatched->1,2
botsort_pose__clipreid_vitb16_market1501,video_000/clip_000,solider_swin_base_msmt17,ok,,cam1,3,unmatched->-1,39
botsort_pose__clipreid_vitb16_market1501,video_000/clip_000,solider_swin_base_msmt17,ok,,cam1,4,B->-1,2
botsort_pose__clipreid_vitb16_market1501,video_000/clip_000,solider_swin_base_msmt17,ok,,cam1,4,B->1,491
botsort_pose__clipreid_vitb16_market1501,video_000/clip_000,solider_swin_base_msmt17,ok,,cam1,4,unmatched->-1,1
botsort_pose__clipreid_vitb16_market1501,video_000/clip_000,solider_swin_base_msmt17,ok,,cam1,5,unmatched->-1,20
botsort_pose__clipreid_vitb16_market1501,video_000/clip_000,solider_swin_base_msmt17,ok,,cam1,6,unmatched->-1,164
botsort_pose__clipreid_vitb16_market1501,video_000/clip_000,solider_swin_base_msmt17,ok,,cam2,1,B->1,1010
botsort_pose__clipreid_vitb16_market1501,video_000/clip_000,solider_swin_base_msmt17,ok,,cam2,10,A->0,86
botsort_pose__clipreid_vitb16_market1501,video_000/clip_000,solider_swin_base_msmt17,ok,,cam2,10,unmatched->-1,3
botsort_pose__clipreid_vitb16_market1501,video_000/clip_000,solider_swin_base_msmt17,ok,,cam2,11,unmatched->-1,89
botsort_pose__clipreid_vitb16_market1501,video_000/clip_000,solider_swin_base_msmt17,ok,,cam2,12,unmatched->-1,52
botsort_pose__clipreid_vitb16_market1501,video_000/clip_000,solider_swin_base_msmt17,ok,,cam2,2,unmatched->-1,922
botsort_pose__clipreid_vitb16_market1501,video_000/clip_000,solider_swin_base_msmt17,ok,,cam2,3,A->-1,137
botsort_pose__clipreid_vitb16_market1501,video_000/clip_000,solider_swin_base_msmt17,ok,,cam2,3,unmatched->-1,3
botsort_pose__clipreid_vitb16_market1501,video_000/clip_000,solider_swin_base_msmt17,ok,,cam2,4,unmatched->-1,15
botsort_pose__clipreid_vitb16_market1501,video_000/clip_000,solider_swin_base_msmt17,ok,,cam2,5,unmatched->-1,2
botsort_pose__clipreid_vitb16_market1501,video_000/clip_000,solider_swin_base_msmt17,ok,,cam2,6,A->0,787
botsort_pose__clipreid_vitb16_market1501,video_000/clip_000,solider_swin_base_msmt17,ok,,cam2,6,unmatched->0,2
botsort_pose__clipreid_vitb16_market1501,video_000/clip_000,solider_swin_base_msmt17,ok,,cam2,7,unmatched->-1,3
botsort_pose__clipreid_vitb16_market1501,video_000/clip_000,solider_swin_base_msmt17,ok,,cam2,8,unmatched->-1,478
botsort_pose__clipreid_vitb16_market1501,video_000/clip_000,solider_swin_base_msmt17,ok,,cam2,9,unmatched->-1,1
botsort_pose__clipreid_vitb16_market1501,video_000/clip_007,clipreid_vitb16_market1501,ok,,cam0,1,A->0,652
botsort_pose__clipreid_vitb16_market1501,video_000/clip_007,clipreid_vitb16_market1501,ok,,cam0,10,unmatched->-1,208
botsort_pose__clipreid_vitb16_market1501,video_000/clip_007,clipreid_vitb16_market1501,ok,,cam0,11,unmatched->-1,59
botsort_pose__clipreid_vitb16_market1501,video_000/clip_007,clipreid_vitb16_market1501,ok,,cam0,12,unmatched->-1,113
botsort_pose__clipreid_vitb16_market1501,video_000/clip_007,clipreid_vitb16_market1501,ok,,cam0,2,X1->-1,224
botsort_pose__clipreid_vitb16_market1501,video_000/clip_007,clipreid_vitb16_market1501,ok,,cam0,2,unmatched->-1,428
botsort_pose__clipreid_vitb16_market1501,video_000/clip_007,clipreid_vitb16_market1501,ok,,cam0,3,unmatched->-1,47
botsort_pose__clipreid_vitb16_market1501,video_000/clip_007,clipreid_vitb16_market1501,ok,,cam0,4,B->-1,163
botsort_pose__clipreid_vitb16_market1501,video_000/clip_007,clipreid_vitb16_market1501,ok,,cam0,4,B->1,387
botsort_pose__clipreid_vitb16_market1501,video_000/clip_007,clipreid_vitb16_market1501,ok,,cam0,4,unmatched->-1,1
botsort_pose__clipreid_vitb16_market1501,video_000/clip_007,clipreid_vitb16_market1501,ok,,cam0,4,unmatched->1,61
botsort_pose__clipreid_vitb16_market1501,video_000/clip_007,clipreid_vitb16_market1501,ok,,cam0,5,unmatched->-1,596
botsort_pose__clipreid_vitb16_market1501,video_000/clip_007,clipreid_vitb16_market1501,ok,,cam0,6,unmatched->-1,13
botsort_pose__clipreid_vitb16_market1501,video_000/clip_007,clipreid_vitb16_market1501,ok,,cam0,7,unmatched->-1,114
botsort_pose__clipreid_vitb16_market1501,video_000/clip_007,clipreid_vitb16_market1501,ok,,cam0,8,unmatched->-1,112
botsort_pose__clipreid_vitb16_market1501,video_000/clip_007,clipreid_vitb16_market1501,ok,,cam0,9,unmatched->-1,3
botsort_pose__clipreid_vitb16_market1501,video_000/clip_007,clipreid_vitb16_market1501,ok,,cam1,1,A->0,652
botsort_pose__clipreid_vitb16_market1501,video_000/clip_007,clipreid_vitb16_market1501,ok,,cam1,10,X1->-1,78
botsort_pose__clipreid_vitb16_market1501,video_000/clip_007,clipreid_vitb16_market1501,ok,,cam1,10,unmatched->-1,67
botsort_pose__clipreid_vitb16_market1501,video_000/clip_007,clipreid_vitb16_market1501,ok,,cam1,2,B->1,133
botsort_pose__clipreid_vitb16_market1501,video_000/clip_007,clipreid_vitb16_market1501,ok,,cam1,3,unmatched->-1,3
botsort_pose__clipreid_vitb16_market1501,video_000/clip_007,clipreid_vitb16_market1501,ok,,cam1,4,B->1,323
botsort_pose__clipreid_vitb16_market1501,video_000/clip_007,clipreid_vitb16_market1501,ok,,cam1,4,unmatched->-1,1
botsort_pose__clipreid_vitb16_market1501,video_000/clip_007,clipreid_vitb16_market1501,ok,,cam1,4,unmatched->1,2
botsort_pose__clipreid_vitb16_market1501,video_000/clip_007,clipreid_vitb16_market1501,ok,,cam1,5,B->-1,4
botsort_pose__clipreid_vitb16_market1501,video_000/clip_007,clipreid_vitb16_market1501,ok,,cam1,5,unmatched->-1,1
botsort_pose__clipreid_vitb16_market1501,video_000/clip_007,clipreid_vitb16_market1501,ok,,cam1,6,unmatched->-1,2
botsort_pose__clipreid_vitb16_market1501,video_000/clip_007,clipreid_vitb16_market1501,ok,,cam1,7,B->-1,9
botsort_pose__clipreid_vitb16_market1501,video_000/clip_007,clipreid_vitb16_market1501,ok,,cam1,7,unmatched->-1,1
botsort_pose__clipreid_vitb16_market1501,video_000/clip_007,clipreid_vitb16_market1501,ok,,cam1,8,B->-1,31
botsort_pose__clipreid_vitb16_market1501,video_000/clip_007,clipreid_vitb16_market1501,ok,,cam1,8,B->1,151
botsort_pose__clipreid_vitb16_market1501,video_000/clip_007,clipreid_vitb16_market1501,ok,,cam1,8,unmatched->-1,3
botsort_pose__clipreid_vitb16_market1501,video_000/clip_007,clipreid_vitb16_market1501,ok,,cam1,9,B->-1,4
botsort_pose__clipreid_vitb16_market1501,video_000/clip_007,clipreid_vitb16_market1501,ok,,cam1,9,unmatched->-1,1
botsort_pose__clipreid_vitb16_market1501,video_000/clip_007,clipreid_vitb16_market1501,ok,,cam2,1,B->1,190
botsort_pose__clipreid_vitb16_market1501,video_000/clip_007,clipreid_vitb16_market1501,ok,,cam2,10,unmatched->-1,5
botsort_pose__clipreid_vitb16_market1501,video_000/clip_007,clipreid_vitb16_market1501,ok,,cam2,11,X1->-1,50
botsort_pose__clipreid_vitb16_market1501,video_000/clip_007,clipreid_vitb16_market1501,ok,,cam2,11,unmatched->-1,339
botsort_pose__clipreid_vitb16_market1501,video_000/clip_007,clipreid_vitb16_market1501,ok,,cam2,12,A->-1,3
botsort_pose__clipreid_vitb16_market1501,video_000/clip_007,clipreid_vitb16_market1501,ok,,cam2,12,A->0,55
botsort_pose__clipreid_vitb16_market1501,video_000/clip_007,clipreid_vitb16_market1501,ok,,cam2,12,unmatched->-1,1
botsort_pose__clipreid_vitb16_market1501,video_000/clip_007,clipreid_vitb16_market1501,ok,,cam2,13,A->0,246
botsort_pose__clipreid_vitb16_market1501,video_000/clip_007,clipreid_vitb16_market1501,ok,,cam2,13,unmatched->-1,1
botsort_pose__clipreid_vitb16_market1501,video_000/clip_007,clipreid_vitb16_market1501,ok,,cam2,14,X2->-1,137
botsort_pose__clipreid_vitb16_market1501,video_000/clip_007,clipreid_vitb16_market1501,ok,,cam2,14,unmatched->-1,1
botsort_pose__clipreid_vitb16_market1501,video_000/clip_007,clipreid_vitb16_market1501,ok,,cam2,2,A->0,345
botsort_pose__clipreid_vitb16_market1501,video_000/clip_007,clipreid_vitb16_market1501,ok,,cam2,2,unmatched->0,2
botsort_pose__clipreid_vitb16_market1501,video_000/clip_007,clipreid_vitb16_market1501,ok,,cam2,3,unmatched->-1,652
botsort_pose__clipreid_vitb16_market1501,video_000/clip_007,clipreid_vitb16_market1501,ok,,cam2,4,unmatched->-1,264
botsort_pose__clipreid_vitb16_market1501,video_000/clip_007,clipreid_vitb16_market1501,ok,,cam2,5,X2->-1,58
botsort_pose__clipreid_vitb16_market1501,video_000/clip_007,clipreid_vitb16_market1501,ok,,cam2,5,unmatched->-1,3
botsort_pose__clipreid_vitb16_market1501,video_000/clip_007,clipreid_vitb16_market1501,ok,,cam2,6,unmatched->-1,1
botsort_pose__clipreid_vitb16_market1501,video_000/clip_007,clipreid_vitb16_market1501,ok,,cam2,7,A->-1,8
botsort_pose__clipreid_vitb16_market1501,video_000/clip_007,clipreid_vitb16_market1501,ok,,cam2,7,unmatched->-1,1
botsort_pose__clipreid_vitb16_market1501,video_000/clip_007,clipreid_vitb16_market1501,ok,,cam2,8,B->-1,8
botsort_pose__clipreid_vitb16_market1501,video_000/clip_007,clipreid_vitb16_market1501,ok,,cam2,8,unmatched->-1,2
botsort_pose__clipreid_vitb16_market1501,video_000/clip_007,clipreid_vitb16_market1501,ok,,cam2,9,B->1,428
botsort_pose__clipreid_vitb16_market1501,video_000/clip_007,clipreid_vitb16_market1501,ok,,cam2,9,unmatched->1,13
botsort_pose__clipreid_vitb16_market1501,video_000/clip_007,kpr_market_solider_parts,undecided,ambiguous_players,,,,
botsort_pose__clipreid_vitb16_market1501,video_000/clip_007,solider_swin_base_msmt17,ok,,cam0,1,A->0,652
botsort_pose__clipreid_vitb16_market1501,video_000/clip_007,solider_swin_base_msmt17,ok,,cam0,10,unmatched->-1,208
botsort_pose__clipreid_vitb16_market1501,video_000/clip_007,solider_swin_base_msmt17,ok,,cam0,11,unmatched->-1,59
botsort_pose__clipreid_vitb16_market1501,video_000/clip_007,solider_swin_base_msmt17,ok,,cam0,12,unmatched->-1,113
botsort_pose__clipreid_vitb16_market1501,video_000/clip_007,solider_swin_base_msmt17,ok,,cam0,2,X1->-1,224
botsort_pose__clipreid_vitb16_market1501,video_000/clip_007,solider_swin_base_msmt17,ok,,cam0,2,unmatched->-1,428
botsort_pose__clipreid_vitb16_market1501,video_000/clip_007,solider_swin_base_msmt17,ok,,cam0,3,unmatched->-1,47
botsort_pose__clipreid_vitb16_market1501,video_000/clip_007,solider_swin_base_msmt17,ok,,cam0,4,B->-1,163
botsort_pose__clipreid_vitb16_market1501,video_000/clip_007,solider_swin_base_msmt17,ok,,cam0,4,B->1,387
botsort_pose__clipreid_vitb16_market1501,video_000/clip_007,solider_swin_base_msmt17,ok,,cam0,4,unmatched->-1,1
botsort_pose__clipreid_vitb16_market1501,video_000/clip_007,solider_swin_base_msmt17,ok,,cam0,4,unmatched->1,61
botsort_pose__clipreid_vitb16_market1501,video_000/clip_007,solider_swin_base_msmt17,ok,,cam0,5,unmatched->-1,596
botsort_pose__clipreid_vitb16_market1501,video_000/clip_007,solider_swin_base_msmt17,ok,,cam0,6,unmatched->-1,13
botsort_pose__clipreid_vitb16_market1501,video_000/clip_007,solider_swin_base_msmt17,ok,,cam0,7,unmatched->-1,114
botsort_pose__clipreid_vitb16_market1501,video_000/clip_007,solider_swin_base_msmt17,ok,,cam0,8,unmatched->-1,112
botsort_pose__clipreid_vitb16_market1501,video_000/clip_007,solider_swin_base_msmt17,ok,,cam0,9,unmatched->-1,3
botsort_pose__clipreid_vitb16_market1501,video_000/clip_007,solider_swin_base_msmt17,ok,,cam1,1,A->0,652
botsort_pose__clipreid_vitb16_market1501,video_000/clip_007,solider_swin_base_msmt17,ok,,cam1,10,X1->-1,78
botsort_pose__clipreid_vitb16_market1501,video_000/clip_007,solider_swin_base_msmt17,ok,,cam1,10,unmatched->-1,67
botsort_pose__clipreid_vitb16_market1501,video_000/clip_007,solider_swin_base_msmt17,ok,,cam1,2,B->1,133
botsort_pose__clipreid_vitb16_market1501,video_000/clip_007,solider_swin_base_msmt17,ok,,cam1,3,unmatched->-1,3
botsort_pose__clipreid_vitb16_market1501,video_000/clip_007,solider_swin_base_msmt17,ok,,cam1,4,B->1,323
botsort_pose__clipreid_vitb16_market1501,video_000/clip_007,solider_swin_base_msmt17,ok,,cam1,4,unmatched->-1,1
botsort_pose__clipreid_vitb16_market1501,video_000/clip_007,solider_swin_base_msmt17,ok,,cam1,4,unmatched->1,2
botsort_pose__clipreid_vitb16_market1501,video_000/clip_007,solider_swin_base_msmt17,ok,,cam1,5,B->-1,4
botsort_pose__clipreid_vitb16_market1501,video_000/clip_007,solider_swin_base_msmt17,ok,,cam1,5,unmatched->-1,1
botsort_pose__clipreid_vitb16_market1501,video_000/clip_007,solider_swin_base_msmt17,ok,,cam1,6,unmatched->-1,2
botsort_pose__clipreid_vitb16_market1501,video_000/clip_007,solider_swin_base_msmt17,ok,,cam1,7,B->-1,9
botsort_pose__clipreid_vitb16_market1501,video_000/clip_007,solider_swin_base_msmt17,ok,,cam1,7,unmatched->-1,1
botsort_pose__clipreid_vitb16_market1501,video_000/clip_007,solider_swin_base_msmt17,ok,,cam1,8,B->-1,31
botsort_pose__clipreid_vitb16_market1501,video_000/clip_007,solider_swin_base_msmt17,ok,,cam1,8,B->1,151
botsort_pose__clipreid_vitb16_market1501,video_000/clip_007,solider_swin_base_msmt17,ok,,cam1,8,unmatched->-1,3
botsort_pose__clipreid_vitb16_market1501,video_000/clip_007,solider_swin_base_msmt17,ok,,cam1,9,B->-1,4
botsort_pose__clipreid_vitb16_market1501,video_000/clip_007,solider_swin_base_msmt17,ok,,cam1,9,unmatched->-1,1
botsort_pose__clipreid_vitb16_market1501,video_000/clip_007,solider_swin_base_msmt17,ok,,cam2,1,B->1,190
botsort_pose__clipreid_vitb16_market1501,video_000/clip_007,solider_swin_base_msmt17,ok,,cam2,10,unmatched->-1,5
botsort_pose__clipreid_vitb16_market1501,video_000/clip_007,solider_swin_base_msmt17,ok,,cam2,11,X1->-1,50
botsort_pose__clipreid_vitb16_market1501,video_000/clip_007,solider_swin_base_msmt17,ok,,cam2,11,unmatched->-1,339
botsort_pose__clipreid_vitb16_market1501,video_000/clip_007,solider_swin_base_msmt17,ok,,cam2,12,A->-1,3
botsort_pose__clipreid_vitb16_market1501,video_000/clip_007,solider_swin_base_msmt17,ok,,cam2,12,A->0,55
botsort_pose__clipreid_vitb16_market1501,video_000/clip_007,solider_swin_base_msmt17,ok,,cam2,12,unmatched->-1,1
botsort_pose__clipreid_vitb16_market1501,video_000/clip_007,solider_swin_base_msmt17,ok,,cam2,13,A->0,246
botsort_pose__clipreid_vitb16_market1501,video_000/clip_007,solider_swin_base_msmt17,ok,,cam2,13,unmatched->-1,1
botsort_pose__clipreid_vitb16_market1501,video_000/clip_007,solider_swin_base_msmt17,ok,,cam2,14,X2->-1,137
botsort_pose__clipreid_vitb16_market1501,video_000/clip_007,solider_swin_base_msmt17,ok,,cam2,14,unmatched->-1,1
botsort_pose__clipreid_vitb16_market1501,video_000/clip_007,solider_swin_base_msmt17,ok,,cam2,2,A->0,345
botsort_pose__clipreid_vitb16_market1501,video_000/clip_007,solider_swin_base_msmt17,ok,,cam2,2,unmatched->0,2
botsort_pose__clipreid_vitb16_market1501,video_000/clip_007,solider_swin_base_msmt17,ok,,cam2,3,unmatched->-1,652
botsort_pose__clipreid_vitb16_market1501,video_000/clip_007,solider_swin_base_msmt17,ok,,cam2,4,unmatched->-1,264
botsort_pose__clipreid_vitb16_market1501,video_000/clip_007,solider_swin_base_msmt17,ok,,cam2,5,X2->-1,58
botsort_pose__clipreid_vitb16_market1501,video_000/clip_007,solider_swin_base_msmt17,ok,,cam2,5,unmatched->-1,3
botsort_pose__clipreid_vitb16_market1501,video_000/clip_007,solider_swin_base_msmt17,ok,,cam2,6,unmatched->-1,1
botsort_pose__clipreid_vitb16_market1501,video_000/clip_007,solider_swin_base_msmt17,ok,,cam2,7,A->-1,8
botsort_pose__clipreid_vitb16_market1501,video_000/clip_007,solider_swin_base_msmt17,ok,,cam2,7,unmatched->-1,1
botsort_pose__clipreid_vitb16_market1501,video_000/clip_007,solider_swin_base_msmt17,ok,,cam2,8,B->-1,8
botsort_pose__clipreid_vitb16_market1501,video_000/clip_007,solider_swin_base_msmt17,ok,,cam2,8,unmatched->-1,2
botsort_pose__clipreid_vitb16_market1501,video_000/clip_007,solider_swin_base_msmt17,ok,,cam2,9,B->1,428
botsort_pose__clipreid_vitb16_market1501,video_000/clip_007,solider_swin_base_msmt17,ok,,cam2,9,unmatched->1,13
botsort_pose__clipreid_vitb16_market1501,video_001/clip_001,clipreid_vitb16_market1501,undecided,ambiguous_players,,,,
botsort_pose__clipreid_vitb16_market1501,video_001/clip_001,kpr_market_solider_parts,undecided,ambiguous_players,,,,
botsort_pose__clipreid_vitb16_market1501,video_001/clip_001,solider_swin_base_msmt17,undecided,ambiguous_players,,,,
botsort_pose__clipreid_vitb16_market1501,video_002/clip_013,clipreid_vitb16_market1501,ok,,cam0,1,A->0,535
botsort_pose__clipreid_vitb16_market1501,video_002/clip_013,clipreid_vitb16_market1501,ok,,cam0,2,unmatched->-1,505
botsort_pose__clipreid_vitb16_market1501,video_002/clip_013,clipreid_vitb16_market1501,ok,,cam0,3,B->1,524
botsort_pose__clipreid_vitb16_market1501,video_002/clip_013,clipreid_vitb16_market1501,ok,,cam0,3,unmatched->1,1
botsort_pose__clipreid_vitb16_market1501,video_002/clip_013,clipreid_vitb16_market1501,ok,,cam0,4,unmatched->-1,1
botsort_pose__clipreid_vitb16_market1501,video_002/clip_013,clipreid_vitb16_market1501,ok,,cam0,5,unmatched->-1,524
botsort_pose__clipreid_vitb16_market1501,video_002/clip_013,clipreid_vitb16_market1501,ok,,cam0,6,unmatched->-1,21
botsort_pose__clipreid_vitb16_market1501,video_002/clip_013,clipreid_vitb16_market1501,ok,,cam0,7,unmatched->-1,1
botsort_pose__clipreid_vitb16_market1501,video_002/clip_013,clipreid_vitb16_market1501,ok,,cam0,8,unmatched->-1,194
botsort_pose__clipreid_vitb16_market1501,video_002/clip_013,clipreid_vitb16_market1501,ok,,cam0,9,unmatched->-1,46
botsort_pose__clipreid_vitb16_market1501,video_002/clip_013,clipreid_vitb16_market1501,ok,,cam1,1,A->0,535
botsort_pose__clipreid_vitb16_market1501,video_002/clip_013,clipreid_vitb16_market1501,ok,,cam1,2,B->-1,35
botsort_pose__clipreid_vitb16_market1501,video_002/clip_013,clipreid_vitb16_market1501,ok,,cam1,2,B->1,146
botsort_pose__clipreid_vitb16_market1501,video_002/clip_013,clipreid_vitb16_market1501,ok,,cam1,2,unmatched->1,1
botsort_pose__clipreid_vitb16_market1501,video_002/clip_013,clipreid_vitb16_market1501,ok,,cam1,3,ambiguous->-1,3
botsort_pose__clipreid_vitb16_market1501,video_002/clip_013,clipreid_vitb16_market1501,ok,,cam1,3,unmatched->-1,1
botsort_pose__clipreid_vitb16_market1501,video_002/clip_013,clipreid_vitb16_market1501,ok,,cam1,4,B->-1,10
botsort_pose__clipreid_vitb16_market1501,video_002/clip_013,clipreid_vitb16_market1501,ok,,cam1,4,B->1,59
botsort_pose__clipreid_vitb16_market1501,video_002/clip_013,clipreid_vitb16_market1501,ok,,cam1,4,unmatched->-1,1
botsort_pose__clipreid_vitb16_market1501,video_002/clip_013,clipreid_vitb16_market1501,ok,,cam1,4,unmatched->1,1
botsort_pose__clipreid_vitb16_market1501,video_002/clip_013,clipreid_vitb16_market1501,ok,,cam1,5,unmatched->-1,1
botsort_pose__clipreid_vitb16_market1501,video_002/clip_013,clipreid_vitb16_market1501,ok,,cam1,6,B->-1,7
botsort_pose__clipreid_vitb16_market1501,video_002/clip_013,clipreid_vitb16_market1501,ok,,cam1,6,B->1,279
botsort_pose__clipreid_vitb16_market1501,video_002/clip_013,clipreid_vitb16_market1501,ok,,cam1,6,unmatched->-1,3
botsort_pose__clipreid_vitb16_market1501,video_002/clip_013,clipreid_vitb16_market1501,ok,,cam1,7,unmatched->-1,1
botsort_pose__clipreid_vitb16_market1501,video_002/clip_013,clipreid_vitb16_market1501,ok,,cam2,1,B->1,535
botsort_pose__clipreid_vitb16_market1501,video_002/clip_013,clipreid_vitb16_market1501,ok,,cam2,2,A->0,395
botsort_pose__clipreid_vitb16_market1501,video_002/clip_013,clipreid_vitb16_market1501,ok,,cam2,2,unmatched->0,3
botsort_pose__clipreid_vitb16_market1501,video_002/clip_013,clipreid_vitb16_market1501,ok,,cam2,3,A->-1,1
botsort_pose__clipreid_vitb16_market1501,video_002/clip_013,clipreid_vitb16_market1501,ok,,cam2,3,unmatched->-1,2
botsort_pose__clipreid_vitb16_market1501,video_002/clip_013,clipreid_vitb16_market1501,ok,,cam2,4,X1->-1,130
botsort_pose__clipreid_vitb16_market1501,video_002/clip_013,clipreid_vitb16_market1501,ok,,cam2,4,unmatched->-1,4
botsort_pose__clipreid_vitb16_market1501,video_002/clip_013,clipreid_vitb16_market1501,ok,,cam2,5,A->-1,1
botsort_pose__clipreid_vitb16_market1501,video_002/clip_013,clipreid_vitb16_market1501,ok,,cam2,5,unmatched->-1,1
botsort_pose__clipreid_vitb16_market1501,video_002/clip_013,clipreid_vitb16_market1501,ok,,cam2,6,A->-1,2
botsort_pose__clipreid_vitb16_market1501,video_002/clip_013,clipreid_vitb16_market1501,ok,,cam2,6,A->0,136
botsort_pose__clipreid_vitb16_market1501,video_002/clip_013,clipreid_vitb16_market1501,ok,,cam2,7,X1->-1,56
botsort_pose__clipreid_vitb16_market1501,video_002/clip_013,clipreid_vitb16_market1501,ok,,cam2,7,unmatched->-1,8
botsort_pose__clipreid_vitb16_market1501,video_002/clip_013,clipreid_vitb16_market1501,ok,,cam2,8,unmatched->-1,1
botsort_pose__clipreid_vitb16_market1501,video_002/clip_013,kpr_market_solider_parts,undecided,ambiguous_association,,,,
botsort_pose__clipreid_vitb16_market1501,video_002/clip_013,solider_swin_base_msmt17,ok,,cam0,1,A->0,535
botsort_pose__clipreid_vitb16_market1501,video_002/clip_013,solider_swin_base_msmt17,ok,,cam0,2,unmatched->-1,505
botsort_pose__clipreid_vitb16_market1501,video_002/clip_013,solider_swin_base_msmt17,ok,,cam0,3,B->1,524
botsort_pose__clipreid_vitb16_market1501,video_002/clip_013,solider_swin_base_msmt17,ok,,cam0,3,unmatched->1,1
botsort_pose__clipreid_vitb16_market1501,video_002/clip_013,solider_swin_base_msmt17,ok,,cam0,4,unmatched->-1,1
botsort_pose__clipreid_vitb16_market1501,video_002/clip_013,solider_swin_base_msmt17,ok,,cam0,5,unmatched->-1,524
botsort_pose__clipreid_vitb16_market1501,video_002/clip_013,solider_swin_base_msmt17,ok,,cam0,6,unmatched->-1,21
botsort_pose__clipreid_vitb16_market1501,video_002/clip_013,solider_swin_base_msmt17,ok,,cam0,7,unmatched->-1,1
botsort_pose__clipreid_vitb16_market1501,video_002/clip_013,solider_swin_base_msmt17,ok,,cam0,8,unmatched->-1,194
botsort_pose__clipreid_vitb16_market1501,video_002/clip_013,solider_swin_base_msmt17,ok,,cam0,9,unmatched->-1,46
botsort_pose__clipreid_vitb16_market1501,video_002/clip_013,solider_swin_base_msmt17,ok,,cam1,1,A->0,535
botsort_pose__clipreid_vitb16_market1501,video_002/clip_013,solider_swin_base_msmt17,ok,,cam1,2,B->-1,35
botsort_pose__clipreid_vitb16_market1501,video_002/clip_013,solider_swin_base_msmt17,ok,,cam1,2,B->1,146
botsort_pose__clipreid_vitb16_market1501,video_002/clip_013,solider_swin_base_msmt17,ok,,cam1,2,unmatched->1,1
botsort_pose__clipreid_vitb16_market1501,video_002/clip_013,solider_swin_base_msmt17,ok,,cam1,3,ambiguous->-1,3
botsort_pose__clipreid_vitb16_market1501,video_002/clip_013,solider_swin_base_msmt17,ok,,cam1,3,unmatched->-1,1
botsort_pose__clipreid_vitb16_market1501,video_002/clip_013,solider_swin_base_msmt17,ok,,cam1,4,B->-1,10
botsort_pose__clipreid_vitb16_market1501,video_002/clip_013,solider_swin_base_msmt17,ok,,cam1,4,B->1,59
botsort_pose__clipreid_vitb16_market1501,video_002/clip_013,solider_swin_base_msmt17,ok,,cam1,4,unmatched->-1,1
botsort_pose__clipreid_vitb16_market1501,video_002/clip_013,solider_swin_base_msmt17,ok,,cam1,4,unmatched->1,1
botsort_pose__clipreid_vitb16_market1501,video_002/clip_013,solider_swin_base_msmt17,ok,,cam1,5,unmatched->-1,1
botsort_pose__clipreid_vitb16_market1501,video_002/clip_013,solider_swin_base_msmt17,ok,,cam1,6,B->-1,7
botsort_pose__clipreid_vitb16_market1501,video_002/clip_013,solider_swin_base_msmt17,ok,,cam1,6,B->1,279
botsort_pose__clipreid_vitb16_market1501,video_002/clip_013,solider_swin_base_msmt17,ok,,cam1,6,unmatched->-1,3
botsort_pose__clipreid_vitb16_market1501,video_002/clip_013,solider_swin_base_msmt17,ok,,cam1,7,unmatched->-1,1
botsort_pose__clipreid_vitb16_market1501,video_002/clip_013,solider_swin_base_msmt17,ok,,cam2,1,B->1,535
botsort_pose__clipreid_vitb16_market1501,video_002/clip_013,solider_swin_base_msmt17,ok,,cam2,2,A->0,395
botsort_pose__clipreid_vitb16_market1501,video_002/clip_013,solider_swin_base_msmt17,ok,,cam2,2,unmatched->0,3
botsort_pose__clipreid_vitb16_market1501,video_002/clip_013,solider_swin_base_msmt17,ok,,cam2,3,A->-1,1
botsort_pose__clipreid_vitb16_market1501,video_002/clip_013,solider_swin_base_msmt17,ok,,cam2,3,unmatched->-1,2
botsort_pose__clipreid_vitb16_market1501,video_002/clip_013,solider_swin_base_msmt17,ok,,cam2,4,X1->-1,130
botsort_pose__clipreid_vitb16_market1501,video_002/clip_013,solider_swin_base_msmt17,ok,,cam2,4,unmatched->-1,4
botsort_pose__clipreid_vitb16_market1501,video_002/clip_013,solider_swin_base_msmt17,ok,,cam2,5,A->-1,1
botsort_pose__clipreid_vitb16_market1501,video_002/clip_013,solider_swin_base_msmt17,ok,,cam2,5,unmatched->-1,1
botsort_pose__clipreid_vitb16_market1501,video_002/clip_013,solider_swin_base_msmt17,ok,,cam2,6,A->-1,2
botsort_pose__clipreid_vitb16_market1501,video_002/clip_013,solider_swin_base_msmt17,ok,,cam2,6,A->0,136
botsort_pose__clipreid_vitb16_market1501,video_002/clip_013,solider_swin_base_msmt17,ok,,cam2,7,X1->-1,56
botsort_pose__clipreid_vitb16_market1501,video_002/clip_013,solider_swin_base_msmt17,ok,,cam2,7,unmatched->-1,8
botsort_pose__clipreid_vitb16_market1501,video_002/clip_013,solider_swin_base_msmt17,ok,,cam2,8,unmatched->-1,1
botsort_pose__solider_swin_base_msmt17,video_000/clip_000,clipreid_vitb16_market1501,ok,,cam0,1,A->0,1010
botsort_pose__solider_swin_base_msmt17,video_000/clip_000,clipreid_vitb16_market1501,ok,,cam0,2,unmatched->-1,513
botsort_pose__solider_swin_base_msmt17,video_000/clip_000,clipreid_vitb16_market1501,ok,,cam0,3,B->1,931
botsort_pose__solider_swin_base_msmt17,video_000/clip_000,clipreid_vitb16_market1501,ok,,cam0,3,unmatched->1,2
botsort_pose__solider_swin_base_msmt17,video_000/clip_000,clipreid_vitb16_market1501,ok,,cam0,4,unmatched->-1,836
botsort_pose__solider_swin_base_msmt17,video_000/clip_000,clipreid_vitb16_market1501,ok,,cam0,5,unmatched->-1,628
botsort_pose__solider_swin_base_msmt17,video_000/clip_000,clipreid_vitb16_market1501,ok,,cam0,6,unmatched->-1,41
botsort_pose__solider_swin_base_msmt17,video_000/clip_000,clipreid_vitb16_market1501,ok,,cam0,7,X1->-1,179
botsort_pose__solider_swin_base_msmt17,video_000/clip_000,clipreid_vitb16_market1501,ok,,cam0,7,unmatched->-1,318
botsort_pose__solider_swin_base_msmt17,video_000/clip_000,clipreid_vitb16_market1501,ok,,cam0,8,unmatched->-1,84
botsort_pose__solider_swin_base_msmt17,video_000/clip_000,clipreid_vitb16_market1501,ok,,cam0,9,unmatched->-1,26
botsort_pose__solider_swin_base_msmt17,video_000/clip_000,clipreid_vitb16_market1501,ok,,cam1,1,A->0,1010
botsort_pose__solider_swin_base_msmt17,video_000/clip_000,clipreid_vitb16_market1501,ok,,cam1,2,B->1,502
botsort_pose__solider_swin_base_msmt17,video_000/clip_000,clipreid_vitb16_market1501,ok,,cam1,2,unmatched->1,2
botsort_pose__solider_swin_base_msmt17,video_000/clip_000,clipreid_vitb16_market1501,ok,,cam1,3,unmatched->-1,39
botsort_pose__solider_swin_base_msmt17,video_000/clip_000,clipreid_vitb16_market1501,ok,,cam1,4,B->-1,2
botsort_pose__solider_swin_base_msmt17,video_000/clip_000,clipreid_vitb16_market1501,ok,,cam1,4,B->1,491
botsort_pose__solider_swin_base_msmt17,video_000/clip_000,clipreid_vitb16_market1501,ok,,cam1,4,unmatched->-1,1
botsort_pose__solider_swin_base_msmt17,video_000/clip_000,clipreid_vitb16_market1501,ok,,cam1,5,unmatched->-1,20
botsort_pose__solider_swin_base_msmt17,video_000/clip_000,clipreid_vitb16_market1501,ok,,cam1,6,unmatched->-1,164
botsort_pose__solider_swin_base_msmt17,video_000/clip_000,clipreid_vitb16_market1501,ok,,cam2,1,B->1,1010
botsort_pose__solider_swin_base_msmt17,video_000/clip_000,clipreid_vitb16_market1501,ok,,cam2,10,A->0,86
botsort_pose__solider_swin_base_msmt17,video_000/clip_000,clipreid_vitb16_market1501,ok,,cam2,10,unmatched->-1,3
botsort_pose__solider_swin_base_msmt17,video_000/clip_000,clipreid_vitb16_market1501,ok,,cam2,11,unmatched->-1,89
botsort_pose__solider_swin_base_msmt17,video_000/clip_000,clipreid_vitb16_market1501,ok,,cam2,12,unmatched->-1,52
botsort_pose__solider_swin_base_msmt17,video_000/clip_000,clipreid_vitb16_market1501,ok,,cam2,2,unmatched->-1,922
botsort_pose__solider_swin_base_msmt17,video_000/clip_000,clipreid_vitb16_market1501,ok,,cam2,3,A->-1,137
botsort_pose__solider_swin_base_msmt17,video_000/clip_000,clipreid_vitb16_market1501,ok,,cam2,3,unmatched->-1,3
botsort_pose__solider_swin_base_msmt17,video_000/clip_000,clipreid_vitb16_market1501,ok,,cam2,4,unmatched->-1,15
botsort_pose__solider_swin_base_msmt17,video_000/clip_000,clipreid_vitb16_market1501,ok,,cam2,5,unmatched->-1,2
botsort_pose__solider_swin_base_msmt17,video_000/clip_000,clipreid_vitb16_market1501,ok,,cam2,6,A->0,787
botsort_pose__solider_swin_base_msmt17,video_000/clip_000,clipreid_vitb16_market1501,ok,,cam2,6,unmatched->0,2
botsort_pose__solider_swin_base_msmt17,video_000/clip_000,clipreid_vitb16_market1501,ok,,cam2,7,unmatched->-1,3
botsort_pose__solider_swin_base_msmt17,video_000/clip_000,clipreid_vitb16_market1501,ok,,cam2,8,unmatched->-1,478
botsort_pose__solider_swin_base_msmt17,video_000/clip_000,clipreid_vitb16_market1501,ok,,cam2,9,unmatched->-1,1
botsort_pose__solider_swin_base_msmt17,video_000/clip_000,kpr_market_solider_parts,undecided,ambiguous_players,,,,
botsort_pose__solider_swin_base_msmt17,video_000/clip_000,solider_swin_base_msmt17,ok,,cam0,1,A->0,1010
botsort_pose__solider_swin_base_msmt17,video_000/clip_000,solider_swin_base_msmt17,ok,,cam0,2,unmatched->-1,513
botsort_pose__solider_swin_base_msmt17,video_000/clip_000,solider_swin_base_msmt17,ok,,cam0,3,B->1,931
botsort_pose__solider_swin_base_msmt17,video_000/clip_000,solider_swin_base_msmt17,ok,,cam0,3,unmatched->1,2
botsort_pose__solider_swin_base_msmt17,video_000/clip_000,solider_swin_base_msmt17,ok,,cam0,4,unmatched->-1,836
botsort_pose__solider_swin_base_msmt17,video_000/clip_000,solider_swin_base_msmt17,ok,,cam0,5,unmatched->-1,628
botsort_pose__solider_swin_base_msmt17,video_000/clip_000,solider_swin_base_msmt17,ok,,cam0,6,unmatched->-1,41
botsort_pose__solider_swin_base_msmt17,video_000/clip_000,solider_swin_base_msmt17,ok,,cam0,7,X1->-1,179
botsort_pose__solider_swin_base_msmt17,video_000/clip_000,solider_swin_base_msmt17,ok,,cam0,7,unmatched->-1,318
botsort_pose__solider_swin_base_msmt17,video_000/clip_000,solider_swin_base_msmt17,ok,,cam0,8,unmatched->-1,84
botsort_pose__solider_swin_base_msmt17,video_000/clip_000,solider_swin_base_msmt17,ok,,cam0,9,unmatched->-1,26
botsort_pose__solider_swin_base_msmt17,video_000/clip_000,solider_swin_base_msmt17,ok,,cam1,1,A->0,1010
botsort_pose__solider_swin_base_msmt17,video_000/clip_000,solider_swin_base_msmt17,ok,,cam1,2,B->1,502
botsort_pose__solider_swin_base_msmt17,video_000/clip_000,solider_swin_base_msmt17,ok,,cam1,2,unmatched->1,2
botsort_pose__solider_swin_base_msmt17,video_000/clip_000,solider_swin_base_msmt17,ok,,cam1,3,unmatched->-1,39
botsort_pose__solider_swin_base_msmt17,video_000/clip_000,solider_swin_base_msmt17,ok,,cam1,4,B->-1,2
botsort_pose__solider_swin_base_msmt17,video_000/clip_000,solider_swin_base_msmt17,ok,,cam1,4,B->1,491
botsort_pose__solider_swin_base_msmt17,video_000/clip_000,solider_swin_base_msmt17,ok,,cam1,4,unmatched->-1,1
botsort_pose__solider_swin_base_msmt17,video_000/clip_000,solider_swin_base_msmt17,ok,,cam1,5,unmatched->-1,20
botsort_pose__solider_swin_base_msmt17,video_000/clip_000,solider_swin_base_msmt17,ok,,cam1,6,unmatched->-1,164
botsort_pose__solider_swin_base_msmt17,video_000/clip_000,solider_swin_base_msmt17,ok,,cam2,1,B->1,1010
botsort_pose__solider_swin_base_msmt17,video_000/clip_000,solider_swin_base_msmt17,ok,,cam2,10,A->0,86
botsort_pose__solider_swin_base_msmt17,video_000/clip_000,solider_swin_base_msmt17,ok,,cam2,10,unmatched->-1,3
botsort_pose__solider_swin_base_msmt17,video_000/clip_000,solider_swin_base_msmt17,ok,,cam2,11,unmatched->-1,89
botsort_pose__solider_swin_base_msmt17,video_000/clip_000,solider_swin_base_msmt17,ok,,cam2,12,unmatched->-1,52
botsort_pose__solider_swin_base_msmt17,video_000/clip_000,solider_swin_base_msmt17,ok,,cam2,2,unmatched->-1,922
botsort_pose__solider_swin_base_msmt17,video_000/clip_000,solider_swin_base_msmt17,ok,,cam2,3,A->-1,137
botsort_pose__solider_swin_base_msmt17,video_000/clip_000,solider_swin_base_msmt17,ok,,cam2,3,unmatched->-1,3
botsort_pose__solider_swin_base_msmt17,video_000/clip_000,solider_swin_base_msmt17,ok,,cam2,4,unmatched->-1,15
botsort_pose__solider_swin_base_msmt17,video_000/clip_000,solider_swin_base_msmt17,ok,,cam2,5,unmatched->-1,2
botsort_pose__solider_swin_base_msmt17,video_000/clip_000,solider_swin_base_msmt17,ok,,cam2,6,A->0,787
botsort_pose__solider_swin_base_msmt17,video_000/clip_000,solider_swin_base_msmt17,ok,,cam2,6,unmatched->0,2
botsort_pose__solider_swin_base_msmt17,video_000/clip_000,solider_swin_base_msmt17,ok,,cam2,7,unmatched->-1,3
botsort_pose__solider_swin_base_msmt17,video_000/clip_000,solider_swin_base_msmt17,ok,,cam2,8,unmatched->-1,478
botsort_pose__solider_swin_base_msmt17,video_000/clip_000,solider_swin_base_msmt17,ok,,cam2,9,unmatched->-1,1
botsort_pose__solider_swin_base_msmt17,video_000/clip_007,clipreid_vitb16_market1501,ok,,cam0,1,A->0,652
botsort_pose__solider_swin_base_msmt17,video_000/clip_007,clipreid_vitb16_market1501,ok,,cam0,10,unmatched->-1,208
botsort_pose__solider_swin_base_msmt17,video_000/clip_007,clipreid_vitb16_market1501,ok,,cam0,11,unmatched->-1,59
botsort_pose__solider_swin_base_msmt17,video_000/clip_007,clipreid_vitb16_market1501,ok,,cam0,12,unmatched->-1,113
botsort_pose__solider_swin_base_msmt17,video_000/clip_007,clipreid_vitb16_market1501,ok,,cam0,2,X1->-1,224
botsort_pose__solider_swin_base_msmt17,video_000/clip_007,clipreid_vitb16_market1501,ok,,cam0,2,unmatched->-1,428
botsort_pose__solider_swin_base_msmt17,video_000/clip_007,clipreid_vitb16_market1501,ok,,cam0,3,unmatched->-1,47
botsort_pose__solider_swin_base_msmt17,video_000/clip_007,clipreid_vitb16_market1501,ok,,cam0,4,B->-1,163
botsort_pose__solider_swin_base_msmt17,video_000/clip_007,clipreid_vitb16_market1501,ok,,cam0,4,B->1,387
botsort_pose__solider_swin_base_msmt17,video_000/clip_007,clipreid_vitb16_market1501,ok,,cam0,4,unmatched->-1,1
botsort_pose__solider_swin_base_msmt17,video_000/clip_007,clipreid_vitb16_market1501,ok,,cam0,4,unmatched->1,61
botsort_pose__solider_swin_base_msmt17,video_000/clip_007,clipreid_vitb16_market1501,ok,,cam0,5,unmatched->-1,596
botsort_pose__solider_swin_base_msmt17,video_000/clip_007,clipreid_vitb16_market1501,ok,,cam0,6,unmatched->-1,12
botsort_pose__solider_swin_base_msmt17,video_000/clip_007,clipreid_vitb16_market1501,ok,,cam0,7,unmatched->-1,115
botsort_pose__solider_swin_base_msmt17,video_000/clip_007,clipreid_vitb16_market1501,ok,,cam0,8,unmatched->-1,112
botsort_pose__solider_swin_base_msmt17,video_000/clip_007,clipreid_vitb16_market1501,ok,,cam0,9,unmatched->-1,3
botsort_pose__solider_swin_base_msmt17,video_000/clip_007,clipreid_vitb16_market1501,ok,,cam1,1,A->0,652
botsort_pose__solider_swin_base_msmt17,video_000/clip_007,clipreid_vitb16_market1501,ok,,cam1,10,X1->-1,78
botsort_pose__solider_swin_base_msmt17,video_000/clip_007,clipreid_vitb16_market1501,ok,,cam1,10,unmatched->-1,67
botsort_pose__solider_swin_base_msmt17,video_000/clip_007,clipreid_vitb16_market1501,ok,,cam1,2,B->1,133
botsort_pose__solider_swin_base_msmt17,video_000/clip_007,clipreid_vitb16_market1501,ok,,cam1,3,unmatched->-1,3
botsort_pose__solider_swin_base_msmt17,video_000/clip_007,clipreid_vitb16_market1501,ok,,cam1,4,B->-1,162
botsort_pose__solider_swin_base_msmt17,video_000/clip_007,clipreid_vitb16_market1501,ok,,cam1,4,B->1,317
botsort_pose__solider_swin_base_msmt17,video_000/clip_007,clipreid_vitb16_market1501,ok,,cam1,4,unmatched->-1,1
botsort_pose__solider_swin_base_msmt17,video_000/clip_007,clipreid_vitb16_market1501,ok,,cam1,4,unmatched->1,3
botsort_pose__solider_swin_base_msmt17,video_000/clip_007,clipreid_vitb16_market1501,ok,,cam1,5,B->-1,4
botsort_pose__solider_swin_base_msmt17,video_000/clip_007,clipreid_vitb16_market1501,ok,,cam1,5,unmatched->-1,1
botsort_pose__solider_swin_base_msmt17,video_000/clip_007,clipreid_vitb16_market1501,ok,,cam1,6,unmatched->-1,2
botsort_pose__solider_swin_base_msmt17,video_000/clip_007,clipreid_vitb16_market1501,ok,,cam1,7,B->-1,9
botsort_pose__solider_swin_base_msmt17,video_000/clip_007,clipreid_vitb16_market1501,ok,,cam1,7,unmatched->-1,1
botsort_pose__solider_swin_base_msmt17,video_000/clip_007,clipreid_vitb16_market1501,ok,,cam1,8,B->-1,19
botsort_pose__solider_swin_base_msmt17,video_000/clip_007,clipreid_vitb16_market1501,ok,,cam1,8,unmatched->-1,2
botsort_pose__solider_swin_base_msmt17,video_000/clip_007,clipreid_vitb16_market1501,ok,,cam1,9,B->-1,11
botsort_pose__solider_swin_base_msmt17,video_000/clip_007,clipreid_vitb16_market1501,ok,,cam1,9,unmatched->-1,1
botsort_pose__solider_swin_base_msmt17,video_000/clip_007,clipreid_vitb16_market1501,ok,,cam2,1,B->1,190
botsort_pose__solider_swin_base_msmt17,video_000/clip_007,clipreid_vitb16_market1501,ok,,cam2,10,unmatched->-1,5
botsort_pose__solider_swin_base_msmt17,video_000/clip_007,clipreid_vitb16_market1501,ok,,cam2,11,X1->-1,50
botsort_pose__solider_swin_base_msmt17,video_000/clip_007,clipreid_vitb16_market1501,ok,,cam2,11,unmatched->-1,339
botsort_pose__solider_swin_base_msmt17,video_000/clip_007,clipreid_vitb16_market1501,ok,,cam2,12,A->-1,3
botsort_pose__solider_swin_base_msmt17,video_000/clip_007,clipreid_vitb16_market1501,ok,,cam2,12,A->0,55
botsort_pose__solider_swin_base_msmt17,video_000/clip_007,clipreid_vitb16_market1501,ok,,cam2,12,unmatched->-1,1
botsort_pose__solider_swin_base_msmt17,video_000/clip_007,clipreid_vitb16_market1501,ok,,cam2,13,A->0,246
botsort_pose__solider_swin_base_msmt17,video_000/clip_007,clipreid_vitb16_market1501,ok,,cam2,13,unmatched->-1,1
botsort_pose__solider_swin_base_msmt17,video_000/clip_007,clipreid_vitb16_market1501,ok,,cam2,14,X2->-1,137
botsort_pose__solider_swin_base_msmt17,video_000/clip_007,clipreid_vitb16_market1501,ok,,cam2,14,unmatched->-1,1
botsort_pose__solider_swin_base_msmt17,video_000/clip_007,clipreid_vitb16_market1501,ok,,cam2,2,A->0,345
botsort_pose__solider_swin_base_msmt17,video_000/clip_007,clipreid_vitb16_market1501,ok,,cam2,2,unmatched->0,2
botsort_pose__solider_swin_base_msmt17,video_000/clip_007,clipreid_vitb16_market1501,ok,,cam2,3,unmatched->-1,652
botsort_pose__solider_swin_base_msmt17,video_000/clip_007,clipreid_vitb16_market1501,ok,,cam2,4,unmatched->-1,264
botsort_pose__solider_swin_base_msmt17,video_000/clip_007,clipreid_vitb16_market1501,ok,,cam2,5,X2->-1,58
botsort_pose__solider_swin_base_msmt17,video_000/clip_007,clipreid_vitb16_market1501,ok,,cam2,5,unmatched->-1,3
botsort_pose__solider_swin_base_msmt17,video_000/clip_007,clipreid_vitb16_market1501,ok,,cam2,6,unmatched->-1,1
botsort_pose__solider_swin_base_msmt17,video_000/clip_007,clipreid_vitb16_market1501,ok,,cam2,7,A->-1,8
botsort_pose__solider_swin_base_msmt17,video_000/clip_007,clipreid_vitb16_market1501,ok,,cam2,7,unmatched->-1,1
botsort_pose__solider_swin_base_msmt17,video_000/clip_007,clipreid_vitb16_market1501,ok,,cam2,8,B->-1,8
botsort_pose__solider_swin_base_msmt17,video_000/clip_007,clipreid_vitb16_market1501,ok,,cam2,8,unmatched->-1,2
botsort_pose__solider_swin_base_msmt17,video_000/clip_007,clipreid_vitb16_market1501,ok,,cam2,9,B->1,428
botsort_pose__solider_swin_base_msmt17,video_000/clip_007,clipreid_vitb16_market1501,ok,,cam2,9,unmatched->1,13
botsort_pose__solider_swin_base_msmt17,video_000/clip_007,kpr_market_solider_parts,undecided,ambiguous_players,,,,
botsort_pose__solider_swin_base_msmt17,video_000/clip_007,solider_swin_base_msmt17,ok,,cam0,1,A->0,652
botsort_pose__solider_swin_base_msmt17,video_000/clip_007,solider_swin_base_msmt17,ok,,cam0,10,unmatched->-1,208
botsort_pose__solider_swin_base_msmt17,video_000/clip_007,solider_swin_base_msmt17,ok,,cam0,11,unmatched->-1,59
botsort_pose__solider_swin_base_msmt17,video_000/clip_007,solider_swin_base_msmt17,ok,,cam0,12,unmatched->-1,113
botsort_pose__solider_swin_base_msmt17,video_000/clip_007,solider_swin_base_msmt17,ok,,cam0,2,X1->-1,224
botsort_pose__solider_swin_base_msmt17,video_000/clip_007,solider_swin_base_msmt17,ok,,cam0,2,unmatched->-1,428
botsort_pose__solider_swin_base_msmt17,video_000/clip_007,solider_swin_base_msmt17,ok,,cam0,3,unmatched->-1,47
botsort_pose__solider_swin_base_msmt17,video_000/clip_007,solider_swin_base_msmt17,ok,,cam0,4,B->-1,163
botsort_pose__solider_swin_base_msmt17,video_000/clip_007,solider_swin_base_msmt17,ok,,cam0,4,B->1,387
botsort_pose__solider_swin_base_msmt17,video_000/clip_007,solider_swin_base_msmt17,ok,,cam0,4,unmatched->-1,1
botsort_pose__solider_swin_base_msmt17,video_000/clip_007,solider_swin_base_msmt17,ok,,cam0,4,unmatched->1,61
botsort_pose__solider_swin_base_msmt17,video_000/clip_007,solider_swin_base_msmt17,ok,,cam0,5,unmatched->-1,596
botsort_pose__solider_swin_base_msmt17,video_000/clip_007,solider_swin_base_msmt17,ok,,cam0,6,unmatched->-1,12
botsort_pose__solider_swin_base_msmt17,video_000/clip_007,solider_swin_base_msmt17,ok,,cam0,7,unmatched->-1,115
botsort_pose__solider_swin_base_msmt17,video_000/clip_007,solider_swin_base_msmt17,ok,,cam0,8,unmatched->-1,112
botsort_pose__solider_swin_base_msmt17,video_000/clip_007,solider_swin_base_msmt17,ok,,cam0,9,unmatched->-1,3
botsort_pose__solider_swin_base_msmt17,video_000/clip_007,solider_swin_base_msmt17,ok,,cam1,1,A->0,652
botsort_pose__solider_swin_base_msmt17,video_000/clip_007,solider_swin_base_msmt17,ok,,cam1,10,X1->-1,78
botsort_pose__solider_swin_base_msmt17,video_000/clip_007,solider_swin_base_msmt17,ok,,cam1,10,unmatched->-1,67
botsort_pose__solider_swin_base_msmt17,video_000/clip_007,solider_swin_base_msmt17,ok,,cam1,2,B->1,133
botsort_pose__solider_swin_base_msmt17,video_000/clip_007,solider_swin_base_msmt17,ok,,cam1,3,unmatched->-1,3
botsort_pose__solider_swin_base_msmt17,video_000/clip_007,solider_swin_base_msmt17,ok,,cam1,4,B->-1,162
botsort_pose__solider_swin_base_msmt17,video_000/clip_007,solider_swin_base_msmt17,ok,,cam1,4,B->1,317
botsort_pose__solider_swin_base_msmt17,video_000/clip_007,solider_swin_base_msmt17,ok,,cam1,4,unmatched->-1,1
botsort_pose__solider_swin_base_msmt17,video_000/clip_007,solider_swin_base_msmt17,ok,,cam1,4,unmatched->1,3
botsort_pose__solider_swin_base_msmt17,video_000/clip_007,solider_swin_base_msmt17,ok,,cam1,5,B->-1,4
botsort_pose__solider_swin_base_msmt17,video_000/clip_007,solider_swin_base_msmt17,ok,,cam1,5,unmatched->-1,1
botsort_pose__solider_swin_base_msmt17,video_000/clip_007,solider_swin_base_msmt17,ok,,cam1,6,unmatched->-1,2
botsort_pose__solider_swin_base_msmt17,video_000/clip_007,solider_swin_base_msmt17,ok,,cam1,7,B->-1,9
botsort_pose__solider_swin_base_msmt17,video_000/clip_007,solider_swin_base_msmt17,ok,,cam1,7,unmatched->-1,1
botsort_pose__solider_swin_base_msmt17,video_000/clip_007,solider_swin_base_msmt17,ok,,cam1,8,B->-1,19
botsort_pose__solider_swin_base_msmt17,video_000/clip_007,solider_swin_base_msmt17,ok,,cam1,8,unmatched->-1,2
botsort_pose__solider_swin_base_msmt17,video_000/clip_007,solider_swin_base_msmt17,ok,,cam1,9,B->-1,11
botsort_pose__solider_swin_base_msmt17,video_000/clip_007,solider_swin_base_msmt17,ok,,cam1,9,unmatched->-1,1
botsort_pose__solider_swin_base_msmt17,video_000/clip_007,solider_swin_base_msmt17,ok,,cam2,1,B->1,190
botsort_pose__solider_swin_base_msmt17,video_000/clip_007,solider_swin_base_msmt17,ok,,cam2,10,unmatched->-1,5
botsort_pose__solider_swin_base_msmt17,video_000/clip_007,solider_swin_base_msmt17,ok,,cam2,11,X1->-1,50
botsort_pose__solider_swin_base_msmt17,video_000/clip_007,solider_swin_base_msmt17,ok,,cam2,11,unmatched->-1,339
botsort_pose__solider_swin_base_msmt17,video_000/clip_007,solider_swin_base_msmt17,ok,,cam2,12,A->-1,3
botsort_pose__solider_swin_base_msmt17,video_000/clip_007,solider_swin_base_msmt17,ok,,cam2,12,A->0,55
botsort_pose__solider_swin_base_msmt17,video_000/clip_007,solider_swin_base_msmt17,ok,,cam2,12,unmatched->-1,1
botsort_pose__solider_swin_base_msmt17,video_000/clip_007,solider_swin_base_msmt17,ok,,cam2,13,A->0,246
botsort_pose__solider_swin_base_msmt17,video_000/clip_007,solider_swin_base_msmt17,ok,,cam2,13,unmatched->-1,1
botsort_pose__solider_swin_base_msmt17,video_000/clip_007,solider_swin_base_msmt17,ok,,cam2,14,X2->-1,137
botsort_pose__solider_swin_base_msmt17,video_000/clip_007,solider_swin_base_msmt17,ok,,cam2,14,unmatched->-1,1
botsort_pose__solider_swin_base_msmt17,video_000/clip_007,solider_swin_base_msmt17,ok,,cam2,2,A->0,345
botsort_pose__solider_swin_base_msmt17,video_000/clip_007,solider_swin_base_msmt17,ok,,cam2,2,unmatched->0,2
botsort_pose__solider_swin_base_msmt17,video_000/clip_007,solider_swin_base_msmt17,ok,,cam2,3,unmatched->-1,652
botsort_pose__solider_swin_base_msmt17,video_000/clip_007,solider_swin_base_msmt17,ok,,cam2,4,unmatched->-1,264
botsort_pose__solider_swin_base_msmt17,video_000/clip_007,solider_swin_base_msmt17,ok,,cam2,5,X2->-1,58
botsort_pose__solider_swin_base_msmt17,video_000/clip_007,solider_swin_base_msmt17,ok,,cam2,5,unmatched->-1,3
botsort_pose__solider_swin_base_msmt17,video_000/clip_007,solider_swin_base_msmt17,ok,,cam2,6,unmatched->-1,1
botsort_pose__solider_swin_base_msmt17,video_000/clip_007,solider_swin_base_msmt17,ok,,cam2,7,A->-1,8
botsort_pose__solider_swin_base_msmt17,video_000/clip_007,solider_swin_base_msmt17,ok,,cam2,7,unmatched->-1,1
botsort_pose__solider_swin_base_msmt17,video_000/clip_007,solider_swin_base_msmt17,ok,,cam2,8,B->-1,8
botsort_pose__solider_swin_base_msmt17,video_000/clip_007,solider_swin_base_msmt17,ok,,cam2,8,unmatched->-1,2
botsort_pose__solider_swin_base_msmt17,video_000/clip_007,solider_swin_base_msmt17,ok,,cam2,9,B->1,428
botsort_pose__solider_swin_base_msmt17,video_000/clip_007,solider_swin_base_msmt17,ok,,cam2,9,unmatched->1,13
botsort_pose__solider_swin_base_msmt17,video_001/clip_001,clipreid_vitb16_market1501,undecided,ambiguous_players,,,,
botsort_pose__solider_swin_base_msmt17,video_001/clip_001,kpr_market_solider_parts,undecided,ambiguous_players,,,,
botsort_pose__solider_swin_base_msmt17,video_001/clip_001,solider_swin_base_msmt17,undecided,ambiguous_players,,,,
botsort_pose__solider_swin_base_msmt17,video_002/clip_013,clipreid_vitb16_market1501,ok,,cam0,1,A->0,535
botsort_pose__solider_swin_base_msmt17,video_002/clip_013,clipreid_vitb16_market1501,ok,,cam0,2,unmatched->-1,505
botsort_pose__solider_swin_base_msmt17,video_002/clip_013,clipreid_vitb16_market1501,ok,,cam0,3,B->1,524
botsort_pose__solider_swin_base_msmt17,video_002/clip_013,clipreid_vitb16_market1501,ok,,cam0,3,unmatched->1,1
botsort_pose__solider_swin_base_msmt17,video_002/clip_013,clipreid_vitb16_market1501,ok,,cam0,4,unmatched->-1,1
botsort_pose__solider_swin_base_msmt17,video_002/clip_013,clipreid_vitb16_market1501,ok,,cam0,5,unmatched->-1,524
botsort_pose__solider_swin_base_msmt17,video_002/clip_013,clipreid_vitb16_market1501,ok,,cam0,6,unmatched->-1,21
botsort_pose__solider_swin_base_msmt17,video_002/clip_013,clipreid_vitb16_market1501,ok,,cam0,7,unmatched->-1,1
botsort_pose__solider_swin_base_msmt17,video_002/clip_013,clipreid_vitb16_market1501,ok,,cam0,8,unmatched->-1,194
botsort_pose__solider_swin_base_msmt17,video_002/clip_013,clipreid_vitb16_market1501,ok,,cam0,9,unmatched->-1,46
botsort_pose__solider_swin_base_msmt17,video_002/clip_013,clipreid_vitb16_market1501,ok,,cam1,1,A->0,535
botsort_pose__solider_swin_base_msmt17,video_002/clip_013,clipreid_vitb16_market1501,ok,,cam1,2,B->-1,35
botsort_pose__solider_swin_base_msmt17,video_002/clip_013,clipreid_vitb16_market1501,ok,,cam1,2,B->1,146
botsort_pose__solider_swin_base_msmt17,video_002/clip_013,clipreid_vitb16_market1501,ok,,cam1,2,unmatched->1,1
botsort_pose__solider_swin_base_msmt17,video_002/clip_013,clipreid_vitb16_market1501,ok,,cam1,3,ambiguous->-1,3
botsort_pose__solider_swin_base_msmt17,video_002/clip_013,clipreid_vitb16_market1501,ok,,cam1,3,unmatched->-1,1
botsort_pose__solider_swin_base_msmt17,video_002/clip_013,clipreid_vitb16_market1501,ok,,cam1,4,B->-1,10
botsort_pose__solider_swin_base_msmt17,video_002/clip_013,clipreid_vitb16_market1501,ok,,cam1,4,B->1,59
botsort_pose__solider_swin_base_msmt17,video_002/clip_013,clipreid_vitb16_market1501,ok,,cam1,4,unmatched->-1,1
botsort_pose__solider_swin_base_msmt17,video_002/clip_013,clipreid_vitb16_market1501,ok,,cam1,4,unmatched->1,1
botsort_pose__solider_swin_base_msmt17,video_002/clip_013,clipreid_vitb16_market1501,ok,,cam1,5,unmatched->-1,1
botsort_pose__solider_swin_base_msmt17,video_002/clip_013,clipreid_vitb16_market1501,ok,,cam1,6,B->-1,7
botsort_pose__solider_swin_base_msmt17,video_002/clip_013,clipreid_vitb16_market1501,ok,,cam1,6,B->1,279
botsort_pose__solider_swin_base_msmt17,video_002/clip_013,clipreid_vitb16_market1501,ok,,cam1,6,unmatched->-1,3
botsort_pose__solider_swin_base_msmt17,video_002/clip_013,clipreid_vitb16_market1501,ok,,cam1,7,unmatched->-1,1
botsort_pose__solider_swin_base_msmt17,video_002/clip_013,clipreid_vitb16_market1501,ok,,cam2,1,B->1,535
botsort_pose__solider_swin_base_msmt17,video_002/clip_013,clipreid_vitb16_market1501,ok,,cam2,2,A->0,395
botsort_pose__solider_swin_base_msmt17,video_002/clip_013,clipreid_vitb16_market1501,ok,,cam2,2,unmatched->0,3
botsort_pose__solider_swin_base_msmt17,video_002/clip_013,clipreid_vitb16_market1501,ok,,cam2,3,A->-1,1
botsort_pose__solider_swin_base_msmt17,video_002/clip_013,clipreid_vitb16_market1501,ok,,cam2,3,unmatched->-1,2
botsort_pose__solider_swin_base_msmt17,video_002/clip_013,clipreid_vitb16_market1501,ok,,cam2,4,X1->-1,130
botsort_pose__solider_swin_base_msmt17,video_002/clip_013,clipreid_vitb16_market1501,ok,,cam2,4,unmatched->-1,4
botsort_pose__solider_swin_base_msmt17,video_002/clip_013,clipreid_vitb16_market1501,ok,,cam2,5,A->-1,1
botsort_pose__solider_swin_base_msmt17,video_002/clip_013,clipreid_vitb16_market1501,ok,,cam2,5,unmatched->-1,1
botsort_pose__solider_swin_base_msmt17,video_002/clip_013,clipreid_vitb16_market1501,ok,,cam2,6,A->-1,2
botsort_pose__solider_swin_base_msmt17,video_002/clip_013,clipreid_vitb16_market1501,ok,,cam2,6,A->0,136
botsort_pose__solider_swin_base_msmt17,video_002/clip_013,clipreid_vitb16_market1501,ok,,cam2,7,X1->-1,56
botsort_pose__solider_swin_base_msmt17,video_002/clip_013,clipreid_vitb16_market1501,ok,,cam2,7,unmatched->-1,8
botsort_pose__solider_swin_base_msmt17,video_002/clip_013,clipreid_vitb16_market1501,ok,,cam2,8,unmatched->-1,1
botsort_pose__solider_swin_base_msmt17,video_002/clip_013,kpr_market_solider_parts,undecided,ambiguous_association,,,,
botsort_pose__solider_swin_base_msmt17,video_002/clip_013,solider_swin_base_msmt17,ok,,cam0,1,A->0,535
botsort_pose__solider_swin_base_msmt17,video_002/clip_013,solider_swin_base_msmt17,ok,,cam0,2,unmatched->-1,505
botsort_pose__solider_swin_base_msmt17,video_002/clip_013,solider_swin_base_msmt17,ok,,cam0,3,B->1,524
botsort_pose__solider_swin_base_msmt17,video_002/clip_013,solider_swin_base_msmt17,ok,,cam0,3,unmatched->1,1
botsort_pose__solider_swin_base_msmt17,video_002/clip_013,solider_swin_base_msmt17,ok,,cam0,4,unmatched->-1,1
botsort_pose__solider_swin_base_msmt17,video_002/clip_013,solider_swin_base_msmt17,ok,,cam0,5,unmatched->-1,524
botsort_pose__solider_swin_base_msmt17,video_002/clip_013,solider_swin_base_msmt17,ok,,cam0,6,unmatched->-1,21
botsort_pose__solider_swin_base_msmt17,video_002/clip_013,solider_swin_base_msmt17,ok,,cam0,7,unmatched->-1,1
botsort_pose__solider_swin_base_msmt17,video_002/clip_013,solider_swin_base_msmt17,ok,,cam0,8,unmatched->-1,194
botsort_pose__solider_swin_base_msmt17,video_002/clip_013,solider_swin_base_msmt17,ok,,cam0,9,unmatched->-1,46
botsort_pose__solider_swin_base_msmt17,video_002/clip_013,solider_swin_base_msmt17,ok,,cam1,1,A->0,535
botsort_pose__solider_swin_base_msmt17,video_002/clip_013,solider_swin_base_msmt17,ok,,cam1,2,B->-1,35
botsort_pose__solider_swin_base_msmt17,video_002/clip_013,solider_swin_base_msmt17,ok,,cam1,2,B->1,146
botsort_pose__solider_swin_base_msmt17,video_002/clip_013,solider_swin_base_msmt17,ok,,cam1,2,unmatched->1,1
botsort_pose__solider_swin_base_msmt17,video_002/clip_013,solider_swin_base_msmt17,ok,,cam1,3,ambiguous->-1,3
botsort_pose__solider_swin_base_msmt17,video_002/clip_013,solider_swin_base_msmt17,ok,,cam1,3,unmatched->-1,1
botsort_pose__solider_swin_base_msmt17,video_002/clip_013,solider_swin_base_msmt17,ok,,cam1,4,B->-1,10
botsort_pose__solider_swin_base_msmt17,video_002/clip_013,solider_swin_base_msmt17,ok,,cam1,4,B->1,59
botsort_pose__solider_swin_base_msmt17,video_002/clip_013,solider_swin_base_msmt17,ok,,cam1,4,unmatched->-1,1
botsort_pose__solider_swin_base_msmt17,video_002/clip_013,solider_swin_base_msmt17,ok,,cam1,4,unmatched->1,1
botsort_pose__solider_swin_base_msmt17,video_002/clip_013,solider_swin_base_msmt17,ok,,cam1,5,unmatched->-1,1
botsort_pose__solider_swin_base_msmt17,video_002/clip_013,solider_swin_base_msmt17,ok,,cam1,6,B->-1,7
botsort_pose__solider_swin_base_msmt17,video_002/clip_013,solider_swin_base_msmt17,ok,,cam1,6,B->1,279
botsort_pose__solider_swin_base_msmt17,video_002/clip_013,solider_swin_base_msmt17,ok,,cam1,6,unmatched->-1,3
botsort_pose__solider_swin_base_msmt17,video_002/clip_013,solider_swin_base_msmt17,ok,,cam1,7,unmatched->-1,1
botsort_pose__solider_swin_base_msmt17,video_002/clip_013,solider_swin_base_msmt17,ok,,cam2,1,B->1,535
botsort_pose__solider_swin_base_msmt17,video_002/clip_013,solider_swin_base_msmt17,ok,,cam2,2,A->0,395
botsort_pose__solider_swin_base_msmt17,video_002/clip_013,solider_swin_base_msmt17,ok,,cam2,2,unmatched->0,3
botsort_pose__solider_swin_base_msmt17,video_002/clip_013,solider_swin_base_msmt17,ok,,cam2,3,A->-1,1
botsort_pose__solider_swin_base_msmt17,video_002/clip_013,solider_swin_base_msmt17,ok,,cam2,3,unmatched->-1,2
botsort_pose__solider_swin_base_msmt17,video_002/clip_013,solider_swin_base_msmt17,ok,,cam2,4,X1->-1,130
botsort_pose__solider_swin_base_msmt17,video_002/clip_013,solider_swin_base_msmt17,ok,,cam2,4,unmatched->-1,4
botsort_pose__solider_swin_base_msmt17,video_002/clip_013,solider_swin_base_msmt17,ok,,cam2,5,A->-1,1
botsort_pose__solider_swin_base_msmt17,video_002/clip_013,solider_swin_base_msmt17,ok,,cam2,5,unmatched->-1,1
botsort_pose__solider_swin_base_msmt17,video_002/clip_013,solider_swin_base_msmt17,ok,,cam2,6,A->-1,2
botsort_pose__solider_swin_base_msmt17,video_002/clip_013,solider_swin_base_msmt17,ok,,cam2,6,A->0,136
botsort_pose__solider_swin_base_msmt17,video_002/clip_013,solider_swin_base_msmt17,ok,,cam2,7,X1->-1,56
botsort_pose__solider_swin_base_msmt17,video_002/clip_013,solider_swin_base_msmt17,ok,,cam2,7,unmatched->-1,8
botsort_pose__solider_swin_base_msmt17,video_002/clip_013,solider_swin_base_msmt17,ok,,cam2,8,unmatched->-1,1
deep_ocsort_pose__clipreid_vitb16_market1501,video_000/clip_000,clipreid_vitb16_market1501,ok,,cam0,1,A->0,1010
deep_ocsort_pose__clipreid_vitb16_market1501,video_000/clip_000,clipreid_vitb16_market1501,ok,,cam0,10,B->1,219
deep_ocsort_pose__clipreid_vitb16_market1501,video_000/clip_000,clipreid_vitb16_market1501,ok,,cam0,11,unmatched->-1,81
deep_ocsort_pose__clipreid_vitb16_market1501,video_000/clip_000,clipreid_vitb16_market1501,ok,,cam0,12,unmatched->-1,11
deep_ocsort_pose__clipreid_vitb16_market1501,video_000/clip_000,clipreid_vitb16_market1501,ok,,cam0,2,unmatched->-1,511
deep_ocsort_pose__clipreid_vitb16_market1501,video_000/clip_000,clipreid_vitb16_market1501,ok,,cam0,3,B->1,690
deep_ocsort_pose__clipreid_vitb16_market1501,video_000/clip_000,clipreid_vitb16_market1501,ok,,cam0,4,unmatched->-1,335
deep_ocsort_pose__clipreid_vitb16_market1501,video_000/clip_000,clipreid_vitb16_market1501,ok,,cam0,5,unmatched->-1,609
deep_ocsort_pose__clipreid_vitb16_market1501,video_000/clip_000,clipreid_vitb16_market1501,ok,,cam0,6,unmatched->-1,257
deep_ocsort_pose__clipreid_vitb16_market1501,video_000/clip_000,clipreid_vitb16_market1501,ok,,cam0,7,unmatched->-1,36
deep_ocsort_pose__clipreid_vitb16_market1501,video_000/clip_000,clipreid_vitb16_market1501,ok,,cam0,8,X1->-1,179
deep_ocsort_pose__clipreid_vitb16_market1501,video_000/clip_000,clipreid_vitb16_market1501,ok,,cam0,8,unmatched->-1,315
deep_ocsort_pose__clipreid_vitb16_market1501,video_000/clip_000,clipreid_vitb16_market1501,ok,,cam0,9,unmatched->-1,208
deep_ocsort_pose__clipreid_vitb16_market1501,video_000/clip_000,clipreid_vitb16_market1501,ok,,cam1,1,A->0,1010
deep_ocsort_pose__clipreid_vitb16_market1501,video_000/clip_000,clipreid_vitb16_market1501,ok,,cam1,2,B->1,514
deep_ocsort_pose__clipreid_vitb16_market1501,video_000/clip_000,clipreid_vitb16_market1501,ok,,cam1,3,unmatched->-1,17
deep_ocsort_pose__clipreid_vitb16_market1501,video_000/clip_000,clipreid_vitb16_market1501,ok,,cam1,4,B->1,470
deep_ocsort_pose__clipreid_vitb16_market1501,video_000/clip_000,clipreid_vitb16_market1501,ok,,cam1,5,unmatched->-1,3
deep_ocsort_pose__clipreid_vitb16_market1501,video_000/clip_000,clipreid_vitb16_market1501,ok,,cam1,6,unmatched->-1,2
deep_ocsort_pose__clipreid_vitb16_market1501,video_000/clip_000,clipreid_vitb16_market1501,ok,,cam1,7,unmatched->-1,172
deep_ocsort_pose__clipreid_vitb16_market1501,video_000/clip_000,clipreid_vitb16_market1501,ok,,cam2,1,B->1,1010
deep_ocsort_pose__clipreid_vitb16_market1501,video_000/clip_000,clipreid_vitb16_market1501,ok,,cam2,10,A->0,83
deep_ocsort_pose__clipreid_vitb16_market1501,video_000/clip_000,clipreid_vitb16_market1501,ok,,cam2,11,unmatched->-1,86
deep_ocsort_pose__clipreid_vitb16_market1501,video_000/clip_000,clipreid_vitb16_market1501,ok,,cam2,12,unmatched->-1,49
deep_ocsort_pose__clipreid_vitb16_market1501,video_000/clip_000,clipreid_vitb16_market1501,ok,,cam2,2,unmatched->-1,922
deep_ocsort_pose__clipreid_vitb16_market1501,video_000/clip_000,clipreid_vitb16_market1501,ok,,cam2,3,A->0,887
deep_ocsort_pose__clipreid_vitb16_market1501,video_000/clip_000,clipreid_vitb16_market1501,ok,,cam2,3,unmatched->0,1
deep_ocsort_pose__clipreid_vitb16_market1501,video_000/clip_000,clipreid_vitb16_market1501,ok,,cam2,4,unmatched->-1,5
deep_ocsort_pose__clipreid_vitb16_market1501,video_000/clip_000,clipreid_vitb16_market1501,ok,,cam2,6,A->-1,29
deep_ocsort_pose__clipreid_vitb16_market1501,video_000/clip_000,clipreid_vitb16_market1501,ok,,cam2,8,unmatched->-1,475
deep_ocsort_pose__clipreid_vitb16_market1501,video_000/clip_000,kpr_market_solider_parts,undecided,ambiguous_players,,,,
deep_ocsort_pose__clipreid_vitb16_market1501,video_000/clip_000,solider_swin_base_msmt17,ok,,cam0,1,A->0,1010
deep_ocsort_pose__clipreid_vitb16_market1501,video_000/clip_000,solider_swin_base_msmt17,ok,,cam0,10,B->1,219
deep_ocsort_pose__clipreid_vitb16_market1501,video_000/clip_000,solider_swin_base_msmt17,ok,,cam0,11,unmatched->-1,81
deep_ocsort_pose__clipreid_vitb16_market1501,video_000/clip_000,solider_swin_base_msmt17,ok,,cam0,12,unmatched->-1,11
deep_ocsort_pose__clipreid_vitb16_market1501,video_000/clip_000,solider_swin_base_msmt17,ok,,cam0,2,unmatched->-1,511
deep_ocsort_pose__clipreid_vitb16_market1501,video_000/clip_000,solider_swin_base_msmt17,ok,,cam0,3,B->1,690
deep_ocsort_pose__clipreid_vitb16_market1501,video_000/clip_000,solider_swin_base_msmt17,ok,,cam0,4,unmatched->-1,335
deep_ocsort_pose__clipreid_vitb16_market1501,video_000/clip_000,solider_swin_base_msmt17,ok,,cam0,5,unmatched->-1,609
deep_ocsort_pose__clipreid_vitb16_market1501,video_000/clip_000,solider_swin_base_msmt17,ok,,cam0,6,unmatched->-1,257
deep_ocsort_pose__clipreid_vitb16_market1501,video_000/clip_000,solider_swin_base_msmt17,ok,,cam0,7,unmatched->-1,36
deep_ocsort_pose__clipreid_vitb16_market1501,video_000/clip_000,solider_swin_base_msmt17,ok,,cam0,8,X1->-1,179
deep_ocsort_pose__clipreid_vitb16_market1501,video_000/clip_000,solider_swin_base_msmt17,ok,,cam0,8,unmatched->-1,315
deep_ocsort_pose__clipreid_vitb16_market1501,video_000/clip_000,solider_swin_base_msmt17,ok,,cam0,9,unmatched->-1,208
deep_ocsort_pose__clipreid_vitb16_market1501,video_000/clip_000,solider_swin_base_msmt17,ok,,cam1,1,A->0,1010
deep_ocsort_pose__clipreid_vitb16_market1501,video_000/clip_000,solider_swin_base_msmt17,ok,,cam1,2,B->1,514
deep_ocsort_pose__clipreid_vitb16_market1501,video_000/clip_000,solider_swin_base_msmt17,ok,,cam1,3,unmatched->-1,17
deep_ocsort_pose__clipreid_vitb16_market1501,video_000/clip_000,solider_swin_base_msmt17,ok,,cam1,4,B->1,470
deep_ocsort_pose__clipreid_vitb16_market1501,video_000/clip_000,solider_swin_base_msmt17,ok,,cam1,5,unmatched->-1,3
deep_ocsort_pose__clipreid_vitb16_market1501,video_000/clip_000,solider_swin_base_msmt17,ok,,cam1,6,unmatched->-1,2
deep_ocsort_pose__clipreid_vitb16_market1501,video_000/clip_000,solider_swin_base_msmt17,ok,,cam1,7,unmatched->-1,172
deep_ocsort_pose__clipreid_vitb16_market1501,video_000/clip_000,solider_swin_base_msmt17,ok,,cam2,1,B->1,1010
deep_ocsort_pose__clipreid_vitb16_market1501,video_000/clip_000,solider_swin_base_msmt17,ok,,cam2,10,A->0,83
deep_ocsort_pose__clipreid_vitb16_market1501,video_000/clip_000,solider_swin_base_msmt17,ok,,cam2,11,unmatched->-1,86
deep_ocsort_pose__clipreid_vitb16_market1501,video_000/clip_000,solider_swin_base_msmt17,ok,,cam2,12,unmatched->-1,49
deep_ocsort_pose__clipreid_vitb16_market1501,video_000/clip_000,solider_swin_base_msmt17,ok,,cam2,2,unmatched->-1,922
deep_ocsort_pose__clipreid_vitb16_market1501,video_000/clip_000,solider_swin_base_msmt17,ok,,cam2,3,A->0,887
deep_ocsort_pose__clipreid_vitb16_market1501,video_000/clip_000,solider_swin_base_msmt17,ok,,cam2,3,unmatched->0,1
deep_ocsort_pose__clipreid_vitb16_market1501,video_000/clip_000,solider_swin_base_msmt17,ok,,cam2,4,unmatched->-1,5
deep_ocsort_pose__clipreid_vitb16_market1501,video_000/clip_000,solider_swin_base_msmt17,ok,,cam2,6,A->-1,29
deep_ocsort_pose__clipreid_vitb16_market1501,video_000/clip_000,solider_swin_base_msmt17,ok,,cam2,8,unmatched->-1,475
deep_ocsort_pose__clipreid_vitb16_market1501,video_000/clip_007,clipreid_vitb16_market1501,ok,,cam0,1,A->0,652
deep_ocsort_pose__clipreid_vitb16_market1501,video_000/clip_007,clipreid_vitb16_market1501,ok,,cam0,11,unmatched->-1,66
deep_ocsort_pose__clipreid_vitb16_market1501,video_000/clip_007,clipreid_vitb16_market1501,ok,,cam0,12,unmatched->-1,1
deep_ocsort_pose__clipreid_vitb16_market1501,video_000/clip_007,clipreid_vitb16_market1501,ok,,cam0,13,unmatched->-1,53
deep_ocsort_pose__clipreid_vitb16_market1501,video_000/clip_007,clipreid_vitb16_market1501,ok,,cam0,14,unmatched->-1,111
deep_ocsort_pose__clipreid_vitb16_market1501,video_000/clip_007,clipreid_vitb16_market1501,ok,,cam0,16,unmatched->-1,52
deep_ocsort_pose__clipreid_vitb16_market1501,video_000/clip_007,clipreid_vitb16_market1501,ok,,cam0,17,unmatched->-1,70
deep_ocsort_pose__clipreid_vitb16_market1501,video_000/clip_007,clipreid_vitb16_market1501,ok,,cam0,2,X1->-1,224
deep_ocsort_pose__clipreid_vitb16_market1501,video_000/clip_007,clipreid_vitb16_market1501,ok,,cam0,2,unmatched->-1,428
deep_ocsort_pose__clipreid_vitb16_market1501,video_000/clip_007,clipreid_vitb16_market1501,ok,,cam0,3,unmatched->-1,45
deep_ocsort_pose__clipreid_vitb16_market1501,video_000/clip_007,clipreid_vitb16_market1501,ok,,cam0,4,B->1,541
deep_ocsort_pose__clipreid_vitb16_market1501,video_000/clip_007,clipreid_vitb16_market1501,ok,,cam0,4,unmatched->-1,10
deep_ocsort_pose__clipreid_vitb16_market1501,video_000/clip_007,clipreid_vitb16_market1501,ok,,cam0,4,unmatched->1,48
deep_ocsort_pose__clipreid_vitb16_market1501,video_000/clip_007,clipreid_vitb16_market1501,ok,,cam0,5,unmatched->-1,574
deep_ocsort_pose__clipreid_vitb16_market1501,video_000/clip_007,clipreid_vitb16_market1501,ok,,cam0,6,unmatched->-1,9
deep_ocsort_pose__clipreid_vitb16_market1501,video_000/clip_007,clipreid_vitb16_market1501,ok,,cam0,7,unmatched->-1,108
deep_ocsort_pose__clipreid_vitb16_market1501,video_000/clip_007,clipreid_vitb16_market1501,ok,,cam0,9,unmatched->-1,105
deep_ocsort_pose__clipreid_vitb16_market1501,video_000/clip_007,clipreid_vitb16_market1501,ok,,cam1,1,A->0,652
deep_ocsort_pose__clipreid_vitb16_market1501,video_000/clip_007,clipreid_vitb16_market1501,ok,,cam1,10,X1->-1,78
deep_ocsort_pose__clipreid_vitb16_market1501,video_000/clip_007,clipreid_vitb16_market1501,ok,,cam1,10,unmatched->-1,64
deep_ocsort_pose__clipreid_vitb16_market1501,video_000/clip_007,clipreid_vitb16_market1501,ok,,cam1,2,B->1,133
deep_ocsort_pose__clipreid_vitb16_market1501,video_000/clip_007,clipreid_vitb16_market1501,ok,,cam1,4,B->1,464
deep_ocsort_pose__clipreid_vitb16_market1501,video_000/clip_007,clipreid_vitb16_market1501,ok,,cam1,8,B->-1,22
deep_ocsort_pose__clipreid_vitb16_market1501,video_000/clip_007,clipreid_vitb16_market1501,ok,,cam1,9,B->-1,2
deep_ocsort_pose__clipreid_vitb16_market1501,video_000/clip_007,clipreid_vitb16_market1501,ok,,cam2,1,B->1,618
deep_ocsort_pose__clipreid_vitb16_market1501,video_000/clip_007,clipreid_vitb16_market1501,ok,,cam2,1,unmatched->1,11
deep_ocsort_pose__clipreid_vitb16_market1501,video_000/clip_007,clipreid_vitb16_market1501,ok,,cam2,10,unmatched->-1,2
deep_ocsort_pose__clipreid_vitb16_market1501,video_000/clip_007,clipreid_vitb16_market1501,ok,,cam2,11,X1->-1,50
deep_ocsort_pose__clipreid_vitb16_market1501,video_000/clip_007,clipreid_vitb16_market1501,ok,,cam2,11,unmatched->-1,336
deep_ocsort_pose__clipreid_vitb16_market1501,video_000/clip_007,clipreid_vitb16_market1501,ok,,cam2,12,A->-1,1
deep_ocsort_pose__clipreid_vitb16_market1501,video_000/clip_007,clipreid_vitb16_market1501,ok,,cam2,12,A->0,55
deep_ocsort_pose__clipreid_vitb16_market1501,video_000/clip_007,clipreid_vitb16_market1501,ok,,cam2,13,A->0,244
deep_ocsort_pose__clipreid_vitb16_market1501,video_000/clip_007,clipreid_vitb16_market1501,ok,,cam2,14,X2->-1,103
deep_ocsort_pose__clipreid_vitb16_market1501,video_000/clip_007,clipreid_vitb16_market1501,ok,,cam2,2,A->0,339
deep_ocsort_pose__clipreid_vitb16_market1501,video_000/clip_007,clipreid_vitb16_market1501,ok,,cam2,2,unmatched->0,2
deep_ocsort_pose__clipreid_vitb16_market1501,video_000/clip_007,clipreid_vitb16_market1501,ok,,cam2,3,unmatched->-1,652
deep_ocsort_pose__clipreid_vitb16_market1501,video_000/clip_007,clipreid_vitb16_market1501,ok,,cam2,4,unmatched->-1,264
deep_ocsort_pose__clipreid_vitb16_market1501,video_000/clip_007,clipreid_vitb16_market1501,ok,,cam2,5,X2->-1,5
deep_ocsort_pose__clipreid_vitb16_market1501,video_000/clip_007,clipreid_vitb16_market1501,ok,,cam2,7,A->-1,6
deep_ocsort_pose__clipreid_vitb16_market1501,video_000/clip_007,clipreid_vitb16_market1501,ok,,cam2,8,X2->-1,36
deep_ocsort_pose__clipreid_vitb16_market1501,video_000/clip_007,clipreid_vitb16_market1501,ok,,cam2,9,B->-1,7
deep_ocsort_pose__clipreid_vitb16_market1501,video_000/clip_007,kpr_market_solider_parts,undecided,ambiguous_players,,,,
deep_ocsort_pose__clipreid_vitb16_market1501,video_000/clip_007,solider_swin_base_msmt17,ok,,cam0,1,A->0,652
deep_ocsort_pose__clipreid_vitb16_market1501,video_000/clip_007,solider_swin_base_msmt17,ok,,cam0,11,unmatched->-1,66
deep_ocsort_pose__clipreid_vitb16_market1501,video_000/clip_007,solider_swin_base_msmt17,ok,,cam0,12,unmatched->-1,1
deep_ocsort_pose__clipreid_vitb16_market1501,video_000/clip_007,solider_swin_base_msmt17,ok,,cam0,13,unmatched->-1,53
deep_ocsort_pose__clipreid_vitb16_market1501,video_000/clip_007,solider_swin_base_msmt17,ok,,cam0,14,unmatched->-1,111
deep_ocsort_pose__clipreid_vitb16_market1501,video_000/clip_007,solider_swin_base_msmt17,ok,,cam0,16,unmatched->-1,52
deep_ocsort_pose__clipreid_vitb16_market1501,video_000/clip_007,solider_swin_base_msmt17,ok,,cam0,17,unmatched->-1,70
deep_ocsort_pose__clipreid_vitb16_market1501,video_000/clip_007,solider_swin_base_msmt17,ok,,cam0,2,X1->-1,224
deep_ocsort_pose__clipreid_vitb16_market1501,video_000/clip_007,solider_swin_base_msmt17,ok,,cam0,2,unmatched->-1,428
deep_ocsort_pose__clipreid_vitb16_market1501,video_000/clip_007,solider_swin_base_msmt17,ok,,cam0,3,unmatched->-1,45
deep_ocsort_pose__clipreid_vitb16_market1501,video_000/clip_007,solider_swin_base_msmt17,ok,,cam0,4,B->1,541
deep_ocsort_pose__clipreid_vitb16_market1501,video_000/clip_007,solider_swin_base_msmt17,ok,,cam0,4,unmatched->-1,10
deep_ocsort_pose__clipreid_vitb16_market1501,video_000/clip_007,solider_swin_base_msmt17,ok,,cam0,4,unmatched->1,48
deep_ocsort_pose__clipreid_vitb16_market1501,video_000/clip_007,solider_swin_base_msmt17,ok,,cam0,5,unmatched->-1,574
deep_ocsort_pose__clipreid_vitb16_market1501,video_000/clip_007,solider_swin_base_msmt17,ok,,cam0,6,unmatched->-1,9
deep_ocsort_pose__clipreid_vitb16_market1501,video_000/clip_007,solider_swin_base_msmt17,ok,,cam0,7,unmatched->-1,108
deep_ocsort_pose__clipreid_vitb16_market1501,video_000/clip_007,solider_swin_base_msmt17,ok,,cam0,9,unmatched->-1,105
deep_ocsort_pose__clipreid_vitb16_market1501,video_000/clip_007,solider_swin_base_msmt17,ok,,cam1,1,A->0,652
deep_ocsort_pose__clipreid_vitb16_market1501,video_000/clip_007,solider_swin_base_msmt17,ok,,cam1,10,X1->-1,78
deep_ocsort_pose__clipreid_vitb16_market1501,video_000/clip_007,solider_swin_base_msmt17,ok,,cam1,10,unmatched->-1,64
deep_ocsort_pose__clipreid_vitb16_market1501,video_000/clip_007,solider_swin_base_msmt17,ok,,cam1,2,B->1,133
deep_ocsort_pose__clipreid_vitb16_market1501,video_000/clip_007,solider_swin_base_msmt17,ok,,cam1,4,B->1,464
deep_ocsort_pose__clipreid_vitb16_market1501,video_000/clip_007,solider_swin_base_msmt17,ok,,cam1,8,B->-1,22
deep_ocsort_pose__clipreid_vitb16_market1501,video_000/clip_007,solider_swin_base_msmt17,ok,,cam1,9,B->-1,2
deep_ocsort_pose__clipreid_vitb16_market1501,video_000/clip_007,solider_swin_base_msmt17,ok,,cam2,1,B->1,618
deep_ocsort_pose__clipreid_vitb16_market1501,video_000/clip_007,solider_swin_base_msmt17,ok,,cam2,1,unmatched->1,11
deep_ocsort_pose__clipreid_vitb16_market1501,video_000/clip_007,solider_swin_base_msmt17,ok,,cam2,10,unmatched->-1,2
deep_ocsort_pose__clipreid_vitb16_market1501,video_000/clip_007,solider_swin_base_msmt17,ok,,cam2,11,X1->-1,50
deep_ocsort_pose__clipreid_vitb16_market1501,video_000/clip_007,solider_swin_base_msmt17,ok,,cam2,11,unmatched->-1,336
deep_ocsort_pose__clipreid_vitb16_market1501,video_000/clip_007,solider_swin_base_msmt17,ok,,cam2,12,A->-1,1
deep_ocsort_pose__clipreid_vitb16_market1501,video_000/clip_007,solider_swin_base_msmt17,ok,,cam2,12,A->0,55
deep_ocsort_pose__clipreid_vitb16_market1501,video_000/clip_007,solider_swin_base_msmt17,ok,,cam2,13,A->0,244
deep_ocsort_pose__clipreid_vitb16_market1501,video_000/clip_007,solider_swin_base_msmt17,ok,,cam2,14,X2->-1,103
deep_ocsort_pose__clipreid_vitb16_market1501,video_000/clip_007,solider_swin_base_msmt17,ok,,cam2,2,A->0,339
deep_ocsort_pose__clipreid_vitb16_market1501,video_000/clip_007,solider_swin_base_msmt17,ok,,cam2,2,unmatched->0,2
deep_ocsort_pose__clipreid_vitb16_market1501,video_000/clip_007,solider_swin_base_msmt17,ok,,cam2,3,unmatched->-1,652
deep_ocsort_pose__clipreid_vitb16_market1501,video_000/clip_007,solider_swin_base_msmt17,ok,,cam2,4,unmatched->-1,264
deep_ocsort_pose__clipreid_vitb16_market1501,video_000/clip_007,solider_swin_base_msmt17,ok,,cam2,5,X2->-1,5
deep_ocsort_pose__clipreid_vitb16_market1501,video_000/clip_007,solider_swin_base_msmt17,ok,,cam2,7,A->-1,6
deep_ocsort_pose__clipreid_vitb16_market1501,video_000/clip_007,solider_swin_base_msmt17,ok,,cam2,8,X2->-1,36
deep_ocsort_pose__clipreid_vitb16_market1501,video_000/clip_007,solider_swin_base_msmt17,ok,,cam2,9,B->-1,7
deep_ocsort_pose__clipreid_vitb16_market1501,video_001/clip_001,clipreid_vitb16_market1501,ok,,cam0,1,A->0,1283
deep_ocsort_pose__clipreid_vitb16_market1501,video_001/clip_001,clipreid_vitb16_market1501,ok,,cam0,10,unmatched->-1,14
deep_ocsort_pose__clipreid_vitb16_market1501,video_001/clip_001,clipreid_vitb16_market1501,ok,,cam0,11,X1->-1,13
deep_ocsort_pose__clipreid_vitb16_market1501,video_001/clip_001,clipreid_vitb16_market1501,ok,,cam0,12,unmatched->-1,34
deep_ocsort_pose__clipreid_vitb16_market1501,video_001/clip_001,clipreid_vitb16_market1501,ok,,cam0,14,unmatched->-1,168
deep_ocsort_pose__clipreid_vitb16_market1501,video_001/clip_001,clipreid_vitb16_market1501,ok,,cam0,15,X1->-1,9
deep_ocsort_pose__clipreid_vitb16_market1501,video_001/clip_001,clipreid_vitb16_market1501,ok,,cam0,16,unmatched->-1,5
deep_ocsort_pose__clipreid_vitb16_market1501,video_001/clip_001,clipreid_vitb16_market1501,ok,,cam0,17,X1->-1,45
deep_ocsort_pose__clipreid_vitb16_market1501,video_001/clip_001,clipreid_vitb16_market1501,ok,,cam0,18,unmatched->-1,38
deep_ocsort_pose__clipreid_vitb16_market1501,video_001/clip_001,clipreid_vitb16_market1501,ok,,cam0,19,B->-1,7
deep_ocsort_pose__clipreid_vitb16_market1501,video_001/clip_001,clipreid_vitb16_market1501,ok,,cam0,19,X1->-1,109
deep_ocsort_pose__clipreid_vitb16_market1501,video_001/clip_001,clipreid_vitb16_market1501,ok,,cam0,19,ambiguous->-1,5
deep_ocsort_pose__clipreid_vitb16_market1501,video_001/clip_001,clipreid_vitb16_market1501,ok,,cam0,2,X2->-1,216
deep_ocsort_pose__clipreid_vitb16_market1501,video_001/clip_001,clipreid_vitb16_market1501,ok,,cam0,2,unmatched->-1,683
deep_ocsort_pose__clipreid_vitb16_market1501,video_001/clip_001,clipreid_vitb16_market1501,ok,,cam0,20,unmatched->-1,253
deep_ocsort_pose__clipreid_vitb16_market1501,video_001/clip_001,clipreid_vitb16_market1501,ok,,cam0,21,unmatched->-1,170
deep_ocsort_pose__clipreid_vitb16_market1501,video_001/clip_001,clipreid_vitb16_market1501,ok,,cam0,22,unmatched->-1,5
deep_ocsort_pose__clipreid_vitb16_market1501,video_001/clip_001,clipreid_vitb16_market1501,ok,,cam0,23,X1->-1,484
deep_ocsort_pose__clipreid_vitb16_market1501,video_001/clip_001,clipreid_vitb16_market1501,ok,,cam0,26,unmatched->-1,335
deep_ocsort_pose__clipreid_vitb16_market1501,video_001/clip_001,clipreid_vitb16_market1501,ok,,cam0,28,unmatched->-1,256
deep_ocsort_pose__clipreid_vitb16_market1501,video_001/clip_001,clipreid_vitb16_market1501,ok,,cam0,29,A->-1,13
deep_ocsort_pose__clipreid_vitb16_market1501,video_001/clip_001,clipreid_vitb16_market1501,ok,,cam0,3,B->1,1233
deep_ocsort_pose__clipreid_vitb16_market1501,video_001/clip_001,clipreid_vitb16_market1501,ok,,cam0,30,unmatched->-1,286
deep_ocsort_pose__clipreid_vitb16_market1501,video_001/clip_001,clipreid_vitb16_market1501,ok,,cam0,32,B->1,12
deep_ocsort_pose__clipreid_vitb16_market1501,video_001/clip_001,clipreid_vitb16_market1501,ok,,cam0,4,unmatched->-1,621
deep_ocsort_pose__clipreid_vitb16_market1501,video_001/clip_001,clipreid_vitb16_market1501,ok,,cam0,5,X1->-1,201
deep_ocsort_pose__clipreid_vitb16_market1501,video_001/clip_001,clipreid_vitb16_market1501,ok,,cam0,6,unmatched->-1,30
deep_ocsort_pose__clipreid_vitb16_market1501,video_001/clip_001,clipreid_vitb16_market1501,ok,,cam0,7,unmatched->-1,157
deep_ocsort_pose__clipreid_vitb16_market1501,video_001/clip_001,clipreid_vitb16_market1501,ok,,cam0,9,X1->-1,2
deep_ocsort_pose__clipreid_vitb16_market1501,video_001/clip_001,clipreid_vitb16_market1501,ok,,cam1,1,A->0,1295
deep_ocsort_pose__clipreid_vitb16_market1501,video_001/clip_001,clipreid_vitb16_market1501,ok,,cam1,10,B->-1,69
deep_ocsort_pose__clipreid_vitb16_market1501,video_001/clip_001,clipreid_vitb16_market1501,ok,,cam1,10,X1->-1,160
deep_ocsort_pose__clipreid_vitb16_market1501,video_001/clip_001,clipreid_vitb16_market1501,ok,,cam1,11,B->-1,164
deep_ocsort_pose__clipreid_vitb16_market1501,video_001/clip_001,clipreid_vitb16_market1501,ok,,cam1,2,B->1,949
deep_ocsort_pose__clipreid_vitb16_market1501,video_001/clip_001,clipreid_vitb16_market1501,ok,,cam1,2,X1->1,3
deep_ocsort_pose__clipreid_vitb16_market1501,video_001/clip_001,clipreid_vitb16_market1501,ok,,cam1,3,unmatched->-1,249
deep_ocsort_pose__clipreid_vitb16_market1501,video_001/clip_001,clipreid_vitb16_market1501,ok,,cam1,4,B->-1,56
deep_ocsort_pose__clipreid_vitb16_market1501,video_001/clip_001,clipreid_vitb16_market1501,ok,,cam1,4,X1->-1,929
deep_ocsort_pose__clipreid_vitb16_market1501,video_001/clip_001,clipreid_vitb16_market1501,ok,,cam1,4,ambiguous->-1,30
deep_ocsort_pose__clipreid_vitb16_market1501,video_001/clip_001,clipreid_vitb16_market1501,ok,,cam1,7,unmatched->-1,407
deep_ocsort_pose__clipreid_vitb16_market1501,video_001/clip_001,clipreid_vitb16_market1501,ok,,cam1,8,X1->-1,61
deep_ocsort_pose__clipreid_vitb16_market1501,video_001/clip_001,clipreid_vitb16_market1501,ok,,cam1,8,ambiguous->-1,32
deep_ocsort_pose__clipreid_vitb16_market1501,video_001/clip_001,clipreid_vitb16_market1501,ok,,cam2,1,B->-1,169
deep_ocsort_pose__clipreid_vitb16_market1501,video_001/clip_001,clipreid_vitb16_market1501,ok,,cam2,10,X4->-1,43
deep_ocsort_pose__clipreid_vitb16_market1501,video_001/clip_001,clipreid_vitb16_market1501,ok,,cam2,11,B->-1,31
deep_ocsort_pose__clipreid_vitb16_market1501,video_001/clip_001,clipreid_vitb16_market1501,ok,,cam2,12,B->1,195
deep_ocsort_pose__clipreid_vitb16_market1501,video_001/clip_001,clipreid_vitb16_market1501,ok,,cam2,13,B->-1,5
deep_ocsort_pose__clipreid_vitb16_market1501,video_001/clip_001,clipreid_vitb16_market1501,ok,,cam2,14,B->-1,4
deep_ocsort_pose__clipreid_vitb16_market1501,video_001/clip_001,clipreid_vitb16_market1501,ok,,cam2,15,unmatched->-1,8
deep_ocsort_pose__clipreid_vitb16_market1501,video_001/clip_001,clipreid_vitb16_market1501,ok,,cam2,16,B->1,805
deep_ocsort_pose__clipreid_vitb16_market1501,video_001/clip_001,clipreid_vitb16_market1501,ok,,cam2,17,unmatched->-1,809
deep_ocsort_pose__clipreid_vitb16_market1501,video_001/clip_001,clipreid_vitb16_market1501,ok,,cam2,18,unmatched->-1,622
deep_ocsort_pose__clipreid_vitb16_market1501,video_001/clip_001,clipreid_vitb16_market1501,ok,,cam2,19,A->-1,11
deep_ocsort_pose__clipreid_vitb16_market1501,video_001/clip_001,clipreid_vitb16_market1501,ok,,cam2,2,A->0,1278
deep_ocsort_pose__clipreid_vitb16_market1501,video_001/clip_001,clipreid_vitb16_market1501,ok,,cam2,21,unmatched->-1,8
deep_ocsort_pose__clipreid_vitb16_market1501,video_001/clip_001,clipreid_vitb16_market1501,ok,,cam2,22,unmatched->-1,1
deep_ocsort_pose__clipreid_vitb16_market1501,video_001/clip_001,clipreid_vitb16_market1501,ok,,cam2,24,unmatched->-1,4
deep_ocsort_pose__clipreid_vitb16_market1501,video_001/clip_001,clipreid_vitb16_market1501,ok,,cam2,27,unmatched->-1,18
deep_ocsort_pose__clipreid_vitb16_market1501,video_001/clip_001,clipreid_vitb16_market1501,ok,,cam2,29,A->-1,4
deep_ocsort_pose__clipreid_vitb16_market1501,video_001/clip_001,clipreid_vitb16_market1501,ok,,cam2,3,unmatched->-1,1211
deep_ocsort_pose__clipreid_vitb16_market1501,video_001/clip_001,clipreid_vitb16_market1501,ok,,cam2,30,unmatched->-1,5
deep_ocsort_pose__clipreid_vitb16_market1501,video_001/clip_001,clipreid_vitb16_market1501,ok,,cam2,4,X3->-1,20
deep_ocsort_pose__clipreid_vitb16_market1501,video_001/clip_001,clipreid_vitb16_market1501,ok,,cam2,6,X3->-1,4
deep_ocsort_pose__clipreid_vitb16_market1501,video_001/clip_001,clipreid_vitb16_market1501,ok,,cam2,7,X3->-1,1165
deep_ocsort_pose__clipreid_vitb16_market1501,video_001/clip_001,clipreid_vitb16_market1501,ok,,cam2,7,unmatched->-1,8
deep_ocsort_pose__clipreid_vitb16_market1501,video_001/clip_001,clipreid_vitb16_market1501,ok,,cam2,9,B->-1,15
deep_ocsort_pose__clipreid_vitb16_market1501,video_001/clip_001,kpr_market_solider_parts,undecided,ambiguous_association,,,,
deep_ocsort_pose__clipreid_vitb16_market1501,video_001/clip_001,solider_swin_base_msmt17,ok,,cam0,1,A->0,1283
deep_ocsort_pose__clipreid_vitb16_market1501,video_001/clip_001,solider_swin_base_msmt17,ok,,cam0,10,unmatched->-1,14
deep_ocsort_pose__clipreid_vitb16_market1501,video_001/clip_001,solider_swin_base_msmt17,ok,,cam0,11,X1->-1,13
deep_ocsort_pose__clipreid_vitb16_market1501,video_001/clip_001,solider_swin_base_msmt17,ok,,cam0,12,unmatched->-1,34
deep_ocsort_pose__clipreid_vitb16_market1501,video_001/clip_001,solider_swin_base_msmt17,ok,,cam0,14,unmatched->-1,168
deep_ocsort_pose__clipreid_vitb16_market1501,video_001/clip_001,solider_swin_base_msmt17,ok,,cam0,15,X1->-1,9
deep_ocsort_pose__clipreid_vitb16_market1501,video_001/clip_001,solider_swin_base_msmt17,ok,,cam0,16,unmatched->-1,5
deep_ocsort_pose__clipreid_vitb16_market1501,video_001/clip_001,solider_swin_base_msmt17,ok,,cam0,17,X1->-1,45
deep_ocsort_pose__clipreid_vitb16_market1501,video_001/clip_001,solider_swin_base_msmt17,ok,,cam0,18,unmatched->-1,38
deep_ocsort_pose__clipreid_vitb16_market1501,video_001/clip_001,solider_swin_base_msmt17,ok,,cam0,19,B->-1,7
deep_ocsort_pose__clipreid_vitb16_market1501,video_001/clip_001,solider_swin_base_msmt17,ok,,cam0,19,X1->-1,109
deep_ocsort_pose__clipreid_vitb16_market1501,video_001/clip_001,solider_swin_base_msmt17,ok,,cam0,19,ambiguous->-1,5
deep_ocsort_pose__clipreid_vitb16_market1501,video_001/clip_001,solider_swin_base_msmt17,ok,,cam0,2,X2->-1,216
deep_ocsort_pose__clipreid_vitb16_market1501,video_001/clip_001,solider_swin_base_msmt17,ok,,cam0,2,unmatched->-1,683
deep_ocsort_pose__clipreid_vitb16_market1501,video_001/clip_001,solider_swin_base_msmt17,ok,,cam0,20,unmatched->-1,253
deep_ocsort_pose__clipreid_vitb16_market1501,video_001/clip_001,solider_swin_base_msmt17,ok,,cam0,21,unmatched->-1,170
deep_ocsort_pose__clipreid_vitb16_market1501,video_001/clip_001,solider_swin_base_msmt17,ok,,cam0,22,unmatched->-1,5
deep_ocsort_pose__clipreid_vitb16_market1501,video_001/clip_001,solider_swin_base_msmt17,ok,,cam0,23,X1->-1,484
deep_ocsort_pose__clipreid_vitb16_market1501,video_001/clip_001,solider_swin_base_msmt17,ok,,cam0,26,unmatched->-1,335
deep_ocsort_pose__clipreid_vitb16_market1501,video_001/clip_001,solider_swin_base_msmt17,ok,,cam0,28,unmatched->-1,256
deep_ocsort_pose__clipreid_vitb16_market1501,video_001/clip_001,solider_swin_base_msmt17,ok,,cam0,29,A->-1,13
deep_ocsort_pose__clipreid_vitb16_market1501,video_001/clip_001,solider_swin_base_msmt17,ok,,cam0,3,B->1,1233
deep_ocsort_pose__clipreid_vitb16_market1501,video_001/clip_001,solider_swin_base_msmt17,ok,,cam0,30,unmatched->-1,286
deep_ocsort_pose__clipreid_vitb16_market1501,video_001/clip_001,solider_swin_base_msmt17,ok,,cam0,32,B->1,12
deep_ocsort_pose__clipreid_vitb16_market1501,video_001/clip_001,solider_swin_base_msmt17,ok,,cam0,4,unmatched->-1,621
deep_ocsort_pose__clipreid_vitb16_market1501,video_001/clip_001,solider_swin_base_msmt17,ok,,cam0,5,X1->-1,201
deep_ocsort_pose__clipreid_vitb16_market1501,video_001/clip_001,solider_swin_base_msmt17,ok,,cam0,6,unmatched->-1,30
deep_ocsort_pose__clipreid_vitb16_market1501,video_001/clip_001,solider_swin_base_msmt17,ok,,cam0,7,unmatched->-1,157
deep_ocsort_pose__clipreid_vitb16_market1501,video_001/clip_001,solider_swin_base_msmt17,ok,,cam0,9,X1->-1,2
deep_ocsort_pose__clipreid_vitb16_market1501,video_001/clip_001,solider_swin_base_msmt17,ok,,cam1,1,A->0,1295
deep_ocsort_pose__clipreid_vitb16_market1501,video_001/clip_001,solider_swin_base_msmt17,ok,,cam1,10,B->-1,69
deep_ocsort_pose__clipreid_vitb16_market1501,video_001/clip_001,solider_swin_base_msmt17,ok,,cam1,10,X1->-1,160
deep_ocsort_pose__clipreid_vitb16_market1501,video_001/clip_001,solider_swin_base_msmt17,ok,,cam1,11,B->-1,164
deep_ocsort_pose__clipreid_vitb16_market1501,video_001/clip_001,solider_swin_base_msmt17,ok,,cam1,2,B->1,949
deep_ocsort_pose__clipreid_vitb16_market1501,video_001/clip_001,solider_swin_base_msmt17,ok,,cam1,2,X1->1,3
deep_ocsort_pose__clipreid_vitb16_market1501,video_001/clip_001,solider_swin_base_msmt17,ok,,cam1,3,unmatched->-1,249
deep_ocsort_pose__clipreid_vitb16_market1501,video_001/clip_001,solider_swin_base_msmt17,ok,,cam1,4,B->-1,56
deep_ocsort_pose__clipreid_vitb16_market1501,video_001/clip_001,solider_swin_base_msmt17,ok,,cam1,4,X1->-1,929
deep_ocsort_pose__clipreid_vitb16_market1501,video_001/clip_001,solider_swin_base_msmt17,ok,,cam1,4,ambiguous->-1,30
deep_ocsort_pose__clipreid_vitb16_market1501,video_001/clip_001,solider_swin_base_msmt17,ok,,cam1,7,unmatched->-1,407
deep_ocsort_pose__clipreid_vitb16_market1501,video_001/clip_001,solider_swin_base_msmt17,ok,,cam1,8,X1->-1,61
deep_ocsort_pose__clipreid_vitb16_market1501,video_001/clip_001,solider_swin_base_msmt17,ok,,cam1,8,ambiguous->-1,32
deep_ocsort_pose__clipreid_vitb16_market1501,video_001/clip_001,solider_swin_base_msmt17,ok,,cam2,1,B->-1,169
deep_ocsort_pose__clipreid_vitb16_market1501,video_001/clip_001,solider_swin_base_msmt17,ok,,cam2,10,X4->-1,43
deep_ocsort_pose__clipreid_vitb16_market1501,video_001/clip_001,solider_swin_base_msmt17,ok,,cam2,11,B->-1,31
deep_ocsort_pose__clipreid_vitb16_market1501,video_001/clip_001,solider_swin_base_msmt17,ok,,cam2,12,B->1,195
deep_ocsort_pose__clipreid_vitb16_market1501,video_001/clip_001,solider_swin_base_msmt17,ok,,cam2,13,B->-1,5
deep_ocsort_pose__clipreid_vitb16_market1501,video_001/clip_001,solider_swin_base_msmt17,ok,,cam2,14,B->-1,4
deep_ocsort_pose__clipreid_vitb16_market1501,video_001/clip_001,solider_swin_base_msmt17,ok,,cam2,15,unmatched->-1,8
deep_ocsort_pose__clipreid_vitb16_market1501,video_001/clip_001,solider_swin_base_msmt17,ok,,cam2,16,B->1,805
deep_ocsort_pose__clipreid_vitb16_market1501,video_001/clip_001,solider_swin_base_msmt17,ok,,cam2,17,unmatched->-1,809
deep_ocsort_pose__clipreid_vitb16_market1501,video_001/clip_001,solider_swin_base_msmt17,ok,,cam2,18,unmatched->-1,622
deep_ocsort_pose__clipreid_vitb16_market1501,video_001/clip_001,solider_swin_base_msmt17,ok,,cam2,19,A->-1,11
deep_ocsort_pose__clipreid_vitb16_market1501,video_001/clip_001,solider_swin_base_msmt17,ok,,cam2,2,A->0,1278
deep_ocsort_pose__clipreid_vitb16_market1501,video_001/clip_001,solider_swin_base_msmt17,ok,,cam2,21,unmatched->-1,8
deep_ocsort_pose__clipreid_vitb16_market1501,video_001/clip_001,solider_swin_base_msmt17,ok,,cam2,22,unmatched->-1,1
deep_ocsort_pose__clipreid_vitb16_market1501,video_001/clip_001,solider_swin_base_msmt17,ok,,cam2,24,unmatched->-1,4
deep_ocsort_pose__clipreid_vitb16_market1501,video_001/clip_001,solider_swin_base_msmt17,ok,,cam2,27,unmatched->-1,18
deep_ocsort_pose__clipreid_vitb16_market1501,video_001/clip_001,solider_swin_base_msmt17,ok,,cam2,29,A->-1,4
deep_ocsort_pose__clipreid_vitb16_market1501,video_001/clip_001,solider_swin_base_msmt17,ok,,cam2,3,unmatched->-1,1211
deep_ocsort_pose__clipreid_vitb16_market1501,video_001/clip_001,solider_swin_base_msmt17,ok,,cam2,30,unmatched->-1,5
deep_ocsort_pose__clipreid_vitb16_market1501,video_001/clip_001,solider_swin_base_msmt17,ok,,cam2,4,X3->-1,20
deep_ocsort_pose__clipreid_vitb16_market1501,video_001/clip_001,solider_swin_base_msmt17,ok,,cam2,6,X3->-1,4
deep_ocsort_pose__clipreid_vitb16_market1501,video_001/clip_001,solider_swin_base_msmt17,ok,,cam2,7,X3->-1,1165
deep_ocsort_pose__clipreid_vitb16_market1501,video_001/clip_001,solider_swin_base_msmt17,ok,,cam2,7,unmatched->-1,8
deep_ocsort_pose__clipreid_vitb16_market1501,video_001/clip_001,solider_swin_base_msmt17,ok,,cam2,9,B->-1,15
deep_ocsort_pose__clipreid_vitb16_market1501,video_002/clip_013,clipreid_vitb16_market1501,ok,,cam0,1,A->0,535
deep_ocsort_pose__clipreid_vitb16_market1501,video_002/clip_013,clipreid_vitb16_market1501,ok,,cam0,10,unmatched->-1,177
deep_ocsort_pose__clipreid_vitb16_market1501,video_002/clip_013,clipreid_vitb16_market1501,ok,,cam0,11,unmatched->-1,39
deep_ocsort_pose__clipreid_vitb16_market1501,video_002/clip_013,clipreid_vitb16_market1501,ok,,cam0,2,unmatched->-1,499
deep_ocsort_pose__clipreid_vitb16_market1501,video_002/clip_013,clipreid_vitb16_market1501,ok,,cam0,3,B->1,518
deep_ocsort_pose__clipreid_vitb16_market1501,video_002/clip_013,clipreid_vitb16_market1501,ok,,cam0,3,unmatched->1,1
deep_ocsort_pose__clipreid_vitb16_market1501,video_002/clip_013,clipreid_vitb16_market1501,ok,,cam0,5,unmatched->-1,520
deep_ocsort_pose__clipreid_vitb16_market1501,video_002/clip_013,clipreid_vitb16_market1501,ok,,cam0,6,unmatched->-1,5
deep_ocsort_pose__clipreid_vitb16_market1501,video_002/clip_013,clipreid_vitb16_market1501,ok,,cam0,7,unmatched->-1,4
deep_ocsort_pose__clipreid_vitb16_market1501,video_002/clip_013,clipreid_vitb16_market1501,ok,,cam1,1,A->0,535
deep_ocsort_pose__clipreid_vitb16_market1501,video_002/clip_013,clipreid_vitb16_market1501,ok,,cam1,2,B->-1,36
deep_ocsort_pose__clipreid_vitb16_market1501,video_002/clip_013,clipreid_vitb16_market1501,ok,,cam1,2,B->1,141
deep_ocsort_pose__clipreid_vitb16_market1501,video_002/clip_013,clipreid_vitb16_market1501,ok,,cam1,3,ambiguous->-1,1
deep_ocsort_pose__clipreid_vitb16_market1501,video_002/clip_013,clipreid_vitb16_market1501,ok,,cam1,4,B->1,340
deep_ocsort_pose__clipreid_vitb16_market1501,video_002/clip_013,clipreid_vitb16_market1501,ok,,cam1,4,unmatched->1,1
deep_ocsort_pose__clipreid_vitb16_market1501,video_002/clip_013,clipreid_vitb16_market1501,ok,,cam1,6,B->-1,6
deep_ocsort_pose__clipreid_vitb16_market1501,video_002/clip_013,clipreid_vitb16_market1501,ok,,cam2,1,B->1,535
deep_ocsort_pose__clipreid_vitb16_market1501,video_002/clip_013,clipreid_vitb16_market1501,ok,,cam2,2,A->-1,11
deep_ocsort_pose__clipreid_vitb16_market1501,video_002/clip_013,clipreid_vitb16_market1501,ok,,cam2,2,A->0,149
deep_ocsort_pose__clipreid_vitb16_market1501,video_002/clip_013,clipreid_vitb16_market1501,ok,,cam2,3,A->0,367
deep_ocsort_pose__clipreid_vitb16_market1501,video_002/clip_013,clipreid_vitb16_market1501,ok,,cam2,3,unmatched->0,1
deep_ocsort_pose__clipreid_vitb16_market1501,video_002/clip_013,clipreid_vitb16_market1501,ok,,cam2,4,X1->-1,119
deep_ocsort_pose__clipreid_vitb16_market1501,video_002/clip_013,clipreid_vitb16_market1501,ok,,cam2,4,unmatched->-1,1
deep_ocsort_pose__clipreid_vitb16_market1501,video_002/clip_013,clipreid_vitb16_market1501,ok,,cam2,7,X1->-1,44
deep_ocsort_pose__clipreid_vitb16_market1501,video_002/clip_013,clipreid_vitb16_market1501,ok,,cam2,7,unmatched->-1,6
deep_ocsort_pose__clipreid_vitb16_market1501,video_002/clip_013,kpr_market_solider_parts,undecided,ambiguous_association,,,,
deep_ocsort_pose__clipreid_vitb16_market1501,video_002/clip_013,solider_swin_base_msmt17,ok,,cam0,1,A->0,535
deep_ocsort_pose__clipreid_vitb16_market1501,video_002/clip_013,solider_swin_base_msmt17,ok,,cam0,10,unmatched->-1,177
deep_ocsort_pose__clipreid_vitb16_market1501,video_002/clip_013,solider_swin_base_msmt17,ok,,cam0,11,unmatched->-1,39
deep_ocsort_pose__clipreid_vitb16_market1501,video_002/clip_013,solider_swin_base_msmt17,ok,,cam0,2,unmatched->-1,499
deep_ocsort_pose__clipreid_vitb16_market1501,video_002/clip_013,solider_swin_base_msmt17,ok,,cam0,3,B->1,518
deep_ocsort_pose__clipreid_vitb16_market1501,video_002/clip_013,solider_swin_base_msmt17,ok,,cam0,3,unmatched->1,1
deep_ocsort_pose__clipreid_vitb16_market1501,video_002/clip_013,solider_swin_base_msmt17,ok,,cam0,5,unmatched->-1,520
deep_ocsort_pose__clipreid_vitb16_market1501,video_002/clip_013,solider_swin_base_msmt17,ok,,cam0,6,unmatched->-1,5
deep_ocsort_pose__clipreid_vitb16_market1501,video_002/clip_013,solider_swin_base_msmt17,ok,,cam0,7,unmatched->-1,4
deep_ocsort_pose__clipreid_vitb16_market1501,video_002/clip_013,solider_swin_base_msmt17,ok,,cam1,1,A->0,535
deep_ocsort_pose__clipreid_vitb16_market1501,video_002/clip_013,solider_swin_base_msmt17,ok,,cam1,2,B->-1,36
deep_ocsort_pose__clipreid_vitb16_market1501,video_002/clip_013,solider_swin_base_msmt17,ok,,cam1,2,B->1,141
deep_ocsort_pose__clipreid_vitb16_market1501,video_002/clip_013,solider_swin_base_msmt17,ok,,cam1,3,ambiguous->-1,1
deep_ocsort_pose__clipreid_vitb16_market1501,video_002/clip_013,solider_swin_base_msmt17,ok,,cam1,4,B->1,340
deep_ocsort_pose__clipreid_vitb16_market1501,video_002/clip_013,solider_swin_base_msmt17,ok,,cam1,4,unmatched->1,1
deep_ocsort_pose__clipreid_vitb16_market1501,video_002/clip_013,solider_swin_base_msmt17,ok,,cam1,6,B->-1,6
deep_ocsort_pose__clipreid_vitb16_market1501,video_002/clip_013,solider_swin_base_msmt17,ok,,cam2,1,B->1,535
deep_ocsort_pose__clipreid_vitb16_market1501,video_002/clip_013,solider_swin_base_msmt17,ok,,cam2,2,A->-1,11
deep_ocsort_pose__clipreid_vitb16_market1501,video_002/clip_013,solider_swin_base_msmt17,ok,,cam2,2,A->0,149
deep_ocsort_pose__clipreid_vitb16_market1501,video_002/clip_013,solider_swin_base_msmt17,ok,,cam2,3,A->0,367
deep_ocsort_pose__clipreid_vitb16_market1501,video_002/clip_013,solider_swin_base_msmt17,ok,,cam2,3,unmatched->0,1
deep_ocsort_pose__clipreid_vitb16_market1501,video_002/clip_013,solider_swin_base_msmt17,ok,,cam2,4,X1->-1,119
deep_ocsort_pose__clipreid_vitb16_market1501,video_002/clip_013,solider_swin_base_msmt17,ok,,cam2,4,unmatched->-1,1
deep_ocsort_pose__clipreid_vitb16_market1501,video_002/clip_013,solider_swin_base_msmt17,ok,,cam2,7,X1->-1,44
deep_ocsort_pose__clipreid_vitb16_market1501,video_002/clip_013,solider_swin_base_msmt17,ok,,cam2,7,unmatched->-1,6
deep_ocsort_pose__solider_swin_base_msmt17,video_000/clip_000,clipreid_vitb16_market1501,ok,,cam0,1,A->0,1010
deep_ocsort_pose__solider_swin_base_msmt17,video_000/clip_000,clipreid_vitb16_market1501,ok,,cam0,10,B->1,219
deep_ocsort_pose__solider_swin_base_msmt17,video_000/clip_000,clipreid_vitb16_market1501,ok,,cam0,11,unmatched->-1,81
deep_ocsort_pose__solider_swin_base_msmt17,video_000/clip_000,clipreid_vitb16_market1501,ok,,cam0,12,unmatched->-1,11
deep_ocsort_pose__solider_swin_base_msmt17,video_000/clip_000,clipreid_vitb16_market1501,ok,,cam0,2,unmatched->-1,511
deep_ocsort_pose__solider_swin_base_msmt17,video_000/clip_000,clipreid_vitb16_market1501,ok,,cam0,3,B->1,690
deep_ocsort_pose__solider_swin_base_msmt17,video_000/clip_000,clipreid_vitb16_market1501,ok,,cam0,4,unmatched->-1,335
deep_ocsort_pose__solider_swin_base_msmt17,video_000/clip_000,clipreid_vitb16_market1501,ok,,cam0,5,unmatched->-1,609
deep_ocsort_pose__solider_swin_base_msmt17,video_000/clip_000,clipreid_vitb16_market1501,ok,,cam0,6,unmatched->-1,257
deep_ocsort_pose__solider_swin_base_msmt17,video_000/clip_000,clipreid_vitb16_market1501,ok,,cam0,7,unmatched->-1,36
deep_ocsort_pose__solider_swin_base_msmt17,video_000/clip_000,clipreid_vitb16_market1501,ok,,cam0,8,X1->-1,179
deep_ocsort_pose__solider_swin_base_msmt17,video_000/clip_000,clipreid_vitb16_market1501,ok,,cam0,8,unmatched->-1,315
deep_ocsort_pose__solider_swin_base_msmt17,video_000/clip_000,clipreid_vitb16_market1501,ok,,cam0,9,unmatched->-1,208
deep_ocsort_pose__solider_swin_base_msmt17,video_000/clip_000,clipreid_vitb16_market1501,ok,,cam1,1,A->0,1010
deep_ocsort_pose__solider_swin_base_msmt17,video_000/clip_000,clipreid_vitb16_market1501,ok,,cam1,2,B->1,514
deep_ocsort_pose__solider_swin_base_msmt17,video_000/clip_000,clipreid_vitb16_market1501,ok,,cam1,3,unmatched->-1,17
deep_ocsort_pose__solider_swin_base_msmt17,video_000/clip_000,clipreid_vitb16_market1501,ok,,cam1,4,B->1,470
deep_ocsort_pose__solider_swin_base_msmt17,video_000/clip_000,clipreid_vitb16_market1501,ok,,cam1,5,unmatched->-1,3
deep_ocsort_pose__solider_swin_base_msmt17,video_000/clip_000,clipreid_vitb16_market1501,ok,,cam1,6,unmatched->-1,2
deep_ocsort_pose__solider_swin_base_msmt17,video_000/clip_000,clipreid_vitb16_market1501,ok,,cam1,7,unmatched->-1,151
deep_ocsort_pose__solider_swin_base_msmt17,video_000/clip_000,clipreid_vitb16_market1501,ok,,cam1,8,unmatched->-1,15
deep_ocsort_pose__solider_swin_base_msmt17,video_000/clip_000,clipreid_vitb16_market1501,ok,,cam2,1,B->1,1010
deep_ocsort_pose__solider_swin_base_msmt17,video_000/clip_000,clipreid_vitb16_market1501,ok,,cam2,10,A->0,83
deep_ocsort_pose__solider_swin_base_msmt17,video_000/clip_000,clipreid_vitb16_market1501,ok,,cam2,11,unmatched->-1,86
deep_ocsort_pose__solider_swin_base_msmt17,video_000/clip_000,clipreid_vitb16_market1501,ok,,cam2,12,unmatched->-1,49
deep_ocsort_pose__solider_swin_base_msmt17,video_000/clip_000,clipreid_vitb16_market1501,ok,,cam2,2,unmatched->-1,922
deep_ocsort_pose__solider_swin_base_msmt17,video_000/clip_000,clipreid_vitb16_market1501,ok,,cam2,3,A->0,887
deep_ocsort_pose__solider_swin_base_msmt17,video_000/clip_000,clipreid_vitb16_market1501,ok,,cam2,3,unmatched->0,1
deep_ocsort_pose__solider_swin_base_msmt17,video_000/clip_000,clipreid_vitb16_market1501,ok,,cam2,4,unmatched->-1,5
deep_ocsort_pose__solider_swin_base_msmt17,video_000/clip_000,clipreid_vitb16_market1501,ok,,cam2,6,A->-1,29
deep_ocsort_pose__solider_swin_base_msmt17,video_000/clip_000,clipreid_vitb16_market1501,ok,,cam2,8,unmatched->-1,475
deep_ocsort_pose__solider_swin_base_msmt17,video_000/clip_000,kpr_market_solider_parts,undecided,ambiguous_players,,,,
deep_ocsort_pose__solider_swin_base_msmt17,video_000/clip_000,solider_swin_base_msmt17,ok,,cam0,1,A->0,1010
deep_ocsort_pose__solider_swin_base_msmt17,video_000/clip_000,solider_swin_base_msmt17,ok,,cam0,10,B->1,219
deep_ocsort_pose__solider_swin_base_msmt17,video_000/clip_000,solider_swin_base_msmt17,ok,,cam0,11,unmatched->-1,81
deep_ocsort_pose__solider_swin_base_msmt17,video_000/clip_000,solider_swin_base_msmt17,ok,,cam0,12,unmatched->-1,11
deep_ocsort_pose__solider_swin_base_msmt17,video_000/clip_000,solider_swin_base_msmt17,ok,,cam0,2,unmatched->-1,511
deep_ocsort_pose__solider_swin_base_msmt17,video_000/clip_000,solider_swin_base_msmt17,ok,,cam0,3,B->1,690
deep_ocsort_pose__solider_swin_base_msmt17,video_000/clip_000,solider_swin_base_msmt17,ok,,cam0,4,unmatched->-1,335
deep_ocsort_pose__solider_swin_base_msmt17,video_000/clip_000,solider_swin_base_msmt17,ok,,cam0,5,unmatched->-1,609
deep_ocsort_pose__solider_swin_base_msmt17,video_000/clip_000,solider_swin_base_msmt17,ok,,cam0,6,unmatched->-1,257
deep_ocsort_pose__solider_swin_base_msmt17,video_000/clip_000,solider_swin_base_msmt17,ok,,cam0,7,unmatched->-1,36
deep_ocsort_pose__solider_swin_base_msmt17,video_000/clip_000,solider_swin_base_msmt17,ok,,cam0,8,X1->-1,179
deep_ocsort_pose__solider_swin_base_msmt17,video_000/clip_000,solider_swin_base_msmt17,ok,,cam0,8,unmatched->-1,315
deep_ocsort_pose__solider_swin_base_msmt17,video_000/clip_000,solider_swin_base_msmt17,ok,,cam0,9,unmatched->-1,208
deep_ocsort_pose__solider_swin_base_msmt17,video_000/clip_000,solider_swin_base_msmt17,ok,,cam1,1,A->0,1010
deep_ocsort_pose__solider_swin_base_msmt17,video_000/clip_000,solider_swin_base_msmt17,ok,,cam1,2,B->1,514
deep_ocsort_pose__solider_swin_base_msmt17,video_000/clip_000,solider_swin_base_msmt17,ok,,cam1,3,unmatched->-1,17
deep_ocsort_pose__solider_swin_base_msmt17,video_000/clip_000,solider_swin_base_msmt17,ok,,cam1,4,B->1,470
deep_ocsort_pose__solider_swin_base_msmt17,video_000/clip_000,solider_swin_base_msmt17,ok,,cam1,5,unmatched->-1,3
deep_ocsort_pose__solider_swin_base_msmt17,video_000/clip_000,solider_swin_base_msmt17,ok,,cam1,6,unmatched->-1,2
deep_ocsort_pose__solider_swin_base_msmt17,video_000/clip_000,solider_swin_base_msmt17,ok,,cam1,7,unmatched->-1,151
deep_ocsort_pose__solider_swin_base_msmt17,video_000/clip_000,solider_swin_base_msmt17,ok,,cam1,8,unmatched->-1,15
deep_ocsort_pose__solider_swin_base_msmt17,video_000/clip_000,solider_swin_base_msmt17,ok,,cam2,1,B->1,1010
deep_ocsort_pose__solider_swin_base_msmt17,video_000/clip_000,solider_swin_base_msmt17,ok,,cam2,10,A->0,83
deep_ocsort_pose__solider_swin_base_msmt17,video_000/clip_000,solider_swin_base_msmt17,ok,,cam2,11,unmatched->-1,86
deep_ocsort_pose__solider_swin_base_msmt17,video_000/clip_000,solider_swin_base_msmt17,ok,,cam2,12,unmatched->-1,49
deep_ocsort_pose__solider_swin_base_msmt17,video_000/clip_000,solider_swin_base_msmt17,ok,,cam2,2,unmatched->-1,922
deep_ocsort_pose__solider_swin_base_msmt17,video_000/clip_000,solider_swin_base_msmt17,ok,,cam2,3,A->0,887
deep_ocsort_pose__solider_swin_base_msmt17,video_000/clip_000,solider_swin_base_msmt17,ok,,cam2,3,unmatched->0,1
deep_ocsort_pose__solider_swin_base_msmt17,video_000/clip_000,solider_swin_base_msmt17,ok,,cam2,4,unmatched->-1,5
deep_ocsort_pose__solider_swin_base_msmt17,video_000/clip_000,solider_swin_base_msmt17,ok,,cam2,6,A->-1,29
deep_ocsort_pose__solider_swin_base_msmt17,video_000/clip_000,solider_swin_base_msmt17,ok,,cam2,8,unmatched->-1,475
deep_ocsort_pose__solider_swin_base_msmt17,video_000/clip_007,clipreid_vitb16_market1501,ok,,cam0,1,A->0,652
deep_ocsort_pose__solider_swin_base_msmt17,video_000/clip_007,clipreid_vitb16_market1501,ok,,cam0,11,unmatched->-1,60
deep_ocsort_pose__solider_swin_base_msmt17,video_000/clip_007,clipreid_vitb16_market1501,ok,,cam0,12,unmatched->-1,5
deep_ocsort_pose__solider_swin_base_msmt17,video_000/clip_007,clipreid_vitb16_market1501,ok,,cam0,13,unmatched->-1,53
deep_ocsort_pose__solider_swin_base_msmt17,video_000/clip_007,clipreid_vitb16_market1501,ok,,cam0,14,unmatched->-1,111
deep_ocsort_pose__solider_swin_base_msmt17,video_000/clip_007,clipreid_vitb16_market1501,ok,,cam0,16,unmatched->-1,52
deep_ocsort_pose__solider_swin_base_msmt17,video_000/clip_007,clipreid_vitb16_market1501,ok,,cam0,17,unmatched->-1,70
deep_ocsort_pose__solider_swin_base_msmt17,video_000/clip_007,clipreid_vitb16_market1501,ok,,cam0,2,X1->-1,224
deep_ocsort_pose__solider_swin_base_msmt17,video_000/clip_007,clipreid_vitb16_market1501,ok,,cam0,2,unmatched->-1,428
deep_ocsort_pose__solider_swin_base_msmt17,video_000/clip_007,clipreid_vitb16_market1501,ok,,cam0,3,unmatched->-1,45
deep_ocsort_pose__solider_swin_base_msmt17,video_000/clip_007,clipreid_vitb16_market1501,ok,,cam0,4,B->1,541
deep_ocsort_pose__solider_swin_base_msmt17,video_000/clip_007,clipreid_vitb16_market1501,ok,,cam0,4,unmatched->-1,10
deep_ocsort_pose__solider_swin_base_msmt17,video_000/clip_007,clipreid_vitb16_market1501,ok,,cam0,4,unmatched->1,48
deep_ocsort_pose__solider_swin_base_msmt17,video_000/clip_007,clipreid_vitb16_market1501,ok,,cam0,5,unmatched->-1,574
deep_ocsort_pose__solider_swin_base_msmt17,video_000/clip_007,clipreid_vitb16_market1501,ok,,cam0,6,unmatched->-1,8
deep_ocsort_pose__solider_swin_base_msmt17,video_000/clip_007,clipreid_vitb16_market1501,ok,,cam0,7,unmatched->-1,109
deep_ocsort_pose__solider_swin_base_msmt17,video_000/clip_007,clipreid_vitb16_market1501,ok,,cam0,9,unmatched->-1,105
deep_ocsort_pose__solider_swin_base_msmt17,video_000/clip_007,clipreid_vitb16_market1501,ok,,cam1,1,A->0,652
deep_ocsort_pose__solider_swin_base_msmt17,video_000/clip_007,clipreid_vitb16_market1501,ok,,cam1,10,X1->-1,78
deep_ocsort_pose__solider_swin_base_msmt17,video_000/clip_007,clipreid_vitb16_market1501,ok,,cam1,10,unmatched->-1,64
deep_ocsort_pose__solider_swin_base_msmt17,video_000/clip_007,clipreid_vitb16_market1501,ok,,cam1,2,B->1,133
deep_ocsort_pose__solider_swin_base_msmt17,video_000/clip_007,clipreid_vitb16_market1501,ok,,cam1,4,B->1,471
deep_ocsort_pose__solider_swin_base_msmt17,video_000/clip_007,clipreid_vitb16_market1501,ok,,cam1,8,B->-1,13
deep_ocsort_pose__solider_swin_base_msmt17,video_000/clip_007,clipreid_vitb16_market1501,ok,,cam1,9,B->-1,7
deep_ocsort_pose__solider_swin_base_msmt17,video_000/clip_007,clipreid_vitb16_market1501,ok,,cam2,1,B->1,618
deep_ocsort_pose__solider_swin_base_msmt17,video_000/clip_007,clipreid_vitb16_market1501,ok,,cam2,1,unmatched->1,11
deep_ocsort_pose__solider_swin_base_msmt17,video_000/clip_007,clipreid_vitb16_market1501,ok,,cam2,10,unmatched->-1,2
deep_ocsort_pose__solider_swin_base_msmt17,video_000/clip_007,clipreid_vitb16_market1501,ok,,cam2,11,X1->-1,50
deep_ocsort_pose__solider_swin_base_msmt17,video_000/clip_007,clipreid_vitb16_market1501,ok,,cam2,11,unmatched->-1,336
deep_ocsort_pose__solider_swin_base_msmt17,video_000/clip_007,clipreid_vitb16_market1501,ok,,cam2,12,A->-1,1
deep_ocsort_pose__solider_swin_base_msmt17,video_000/clip_007,clipreid_vitb16_market1501,ok,,cam2,12,A->0,55
deep_ocsort_pose__solider_swin_base_msmt17,video_000/clip_007,clipreid_vitb16_market1501,ok,,cam2,13,A->0,244
deep_ocsort_pose__solider_swin_base_msmt17,video_000/clip_007,clipreid_vitb16_market1501,ok,,cam2,14,X2->-1,103
deep_ocsort_pose__solider_swin_base_msmt17,video_000/clip_007,clipreid_vitb16_market1501,ok,,cam2,2,A->0,339
deep_ocsort_pose__solider_swin_base_msmt17,video_000/clip_007,clipreid_vitb16_market1501,ok,,cam2,2,unmatched->0,2
deep_ocsort_pose__solider_swin_base_msmt17,video_000/clip_007,clipreid_vitb16_market1501,ok,,cam2,3,unmatched->-1,652
deep_ocsort_pose__solider_swin_base_msmt17,video_000/clip_007,clipreid_vitb16_market1501,ok,,cam2,4,unmatched->-1,264
deep_ocsort_pose__solider_swin_base_msmt17,video_000/clip_007,clipreid_vitb16_market1501,ok,,cam2,5,X2->-1,5
deep_ocsort_pose__solider_swin_base_msmt17,video_000/clip_007,clipreid_vitb16_market1501,ok,,cam2,7,A->-1,6
deep_ocsort_pose__solider_swin_base_msmt17,video_000/clip_007,clipreid_vitb16_market1501,ok,,cam2,8,X2->-1,36
deep_ocsort_pose__solider_swin_base_msmt17,video_000/clip_007,clipreid_vitb16_market1501,ok,,cam2,9,B->-1,7
deep_ocsort_pose__solider_swin_base_msmt17,video_000/clip_007,kpr_market_solider_parts,undecided,ambiguous_players,,,,
deep_ocsort_pose__solider_swin_base_msmt17,video_000/clip_007,solider_swin_base_msmt17,ok,,cam0,1,A->0,652
deep_ocsort_pose__solider_swin_base_msmt17,video_000/clip_007,solider_swin_base_msmt17,ok,,cam0,11,unmatched->-1,60
deep_ocsort_pose__solider_swin_base_msmt17,video_000/clip_007,solider_swin_base_msmt17,ok,,cam0,12,unmatched->-1,5
deep_ocsort_pose__solider_swin_base_msmt17,video_000/clip_007,solider_swin_base_msmt17,ok,,cam0,13,unmatched->-1,53
deep_ocsort_pose__solider_swin_base_msmt17,video_000/clip_007,solider_swin_base_msmt17,ok,,cam0,14,unmatched->-1,111
deep_ocsort_pose__solider_swin_base_msmt17,video_000/clip_007,solider_swin_base_msmt17,ok,,cam0,16,unmatched->-1,52
deep_ocsort_pose__solider_swin_base_msmt17,video_000/clip_007,solider_swin_base_msmt17,ok,,cam0,17,unmatched->-1,70
deep_ocsort_pose__solider_swin_base_msmt17,video_000/clip_007,solider_swin_base_msmt17,ok,,cam0,2,X1->-1,224
deep_ocsort_pose__solider_swin_base_msmt17,video_000/clip_007,solider_swin_base_msmt17,ok,,cam0,2,unmatched->-1,428
deep_ocsort_pose__solider_swin_base_msmt17,video_000/clip_007,solider_swin_base_msmt17,ok,,cam0,3,unmatched->-1,45
deep_ocsort_pose__solider_swin_base_msmt17,video_000/clip_007,solider_swin_base_msmt17,ok,,cam0,4,B->1,541
deep_ocsort_pose__solider_swin_base_msmt17,video_000/clip_007,solider_swin_base_msmt17,ok,,cam0,4,unmatched->-1,10
deep_ocsort_pose__solider_swin_base_msmt17,video_000/clip_007,solider_swin_base_msmt17,ok,,cam0,4,unmatched->1,48
deep_ocsort_pose__solider_swin_base_msmt17,video_000/clip_007,solider_swin_base_msmt17,ok,,cam0,5,unmatched->-1,574
deep_ocsort_pose__solider_swin_base_msmt17,video_000/clip_007,solider_swin_base_msmt17,ok,,cam0,6,unmatched->-1,8
deep_ocsort_pose__solider_swin_base_msmt17,video_000/clip_007,solider_swin_base_msmt17,ok,,cam0,7,unmatched->-1,109
deep_ocsort_pose__solider_swin_base_msmt17,video_000/clip_007,solider_swin_base_msmt17,ok,,cam0,9,unmatched->-1,105
deep_ocsort_pose__solider_swin_base_msmt17,video_000/clip_007,solider_swin_base_msmt17,ok,,cam1,1,A->0,652
deep_ocsort_pose__solider_swin_base_msmt17,video_000/clip_007,solider_swin_base_msmt17,ok,,cam1,10,X1->-1,78
deep_ocsort_pose__solider_swin_base_msmt17,video_000/clip_007,solider_swin_base_msmt17,ok,,cam1,10,unmatched->-1,64
deep_ocsort_pose__solider_swin_base_msmt17,video_000/clip_007,solider_swin_base_msmt17,ok,,cam1,2,B->1,133
deep_ocsort_pose__solider_swin_base_msmt17,video_000/clip_007,solider_swin_base_msmt17,ok,,cam1,4,B->1,471
deep_ocsort_pose__solider_swin_base_msmt17,video_000/clip_007,solider_swin_base_msmt17,ok,,cam1,8,B->-1,13
deep_ocsort_pose__solider_swin_base_msmt17,video_000/clip_007,solider_swin_base_msmt17,ok,,cam1,9,B->-1,7
deep_ocsort_pose__solider_swin_base_msmt17,video_000/clip_007,solider_swin_base_msmt17,ok,,cam2,1,B->1,618
deep_ocsort_pose__solider_swin_base_msmt17,video_000/clip_007,solider_swin_base_msmt17,ok,,cam2,1,unmatched->1,11
deep_ocsort_pose__solider_swin_base_msmt17,video_000/clip_007,solider_swin_base_msmt17,ok,,cam2,10,unmatched->-1,2
deep_ocsort_pose__solider_swin_base_msmt17,video_000/clip_007,solider_swin_base_msmt17,ok,,cam2,11,X1->-1,50
deep_ocsort_pose__solider_swin_base_msmt17,video_000/clip_007,solider_swin_base_msmt17,ok,,cam2,11,unmatched->-1,336
deep_ocsort_pose__solider_swin_base_msmt17,video_000/clip_007,solider_swin_base_msmt17,ok,,cam2,12,A->-1,1
deep_ocsort_pose__solider_swin_base_msmt17,video_000/clip_007,solider_swin_base_msmt17,ok,,cam2,12,A->0,55
deep_ocsort_pose__solider_swin_base_msmt17,video_000/clip_007,solider_swin_base_msmt17,ok,,cam2,13,A->0,244
deep_ocsort_pose__solider_swin_base_msmt17,video_000/clip_007,solider_swin_base_msmt17,ok,,cam2,14,X2->-1,103
deep_ocsort_pose__solider_swin_base_msmt17,video_000/clip_007,solider_swin_base_msmt17,ok,,cam2,2,A->0,339
deep_ocsort_pose__solider_swin_base_msmt17,video_000/clip_007,solider_swin_base_msmt17,ok,,cam2,2,unmatched->0,2
deep_ocsort_pose__solider_swin_base_msmt17,video_000/clip_007,solider_swin_base_msmt17,ok,,cam2,3,unmatched->-1,652
deep_ocsort_pose__solider_swin_base_msmt17,video_000/clip_007,solider_swin_base_msmt17,ok,,cam2,4,unmatched->-1,264
deep_ocsort_pose__solider_swin_base_msmt17,video_000/clip_007,solider_swin_base_msmt17,ok,,cam2,5,X2->-1,5
deep_ocsort_pose__solider_swin_base_msmt17,video_000/clip_007,solider_swin_base_msmt17,ok,,cam2,7,A->-1,6
deep_ocsort_pose__solider_swin_base_msmt17,video_000/clip_007,solider_swin_base_msmt17,ok,,cam2,8,X2->-1,36
deep_ocsort_pose__solider_swin_base_msmt17,video_000/clip_007,solider_swin_base_msmt17,ok,,cam2,9,B->-1,7
deep_ocsort_pose__solider_swin_base_msmt17,video_001/clip_001,clipreid_vitb16_market1501,ok,,cam0,1,A->0,1283
deep_ocsort_pose__solider_swin_base_msmt17,video_001/clip_001,clipreid_vitb16_market1501,ok,,cam0,10,unmatched->-1,14
deep_ocsort_pose__solider_swin_base_msmt17,video_001/clip_001,clipreid_vitb16_market1501,ok,,cam0,11,X1->-1,13
deep_ocsort_pose__solider_swin_base_msmt17,video_001/clip_001,clipreid_vitb16_market1501,ok,,cam0,12,unmatched->-1,34
deep_ocsort_pose__solider_swin_base_msmt17,video_001/clip_001,clipreid_vitb16_market1501,ok,,cam0,14,unmatched->-1,168
deep_ocsort_pose__solider_swin_base_msmt17,video_001/clip_001,clipreid_vitb16_market1501,ok,,cam0,15,X1->-1,7
deep_ocsort_pose__solider_swin_base_msmt17,video_001/clip_001,clipreid_vitb16_market1501,ok,,cam0,16,unmatched->-1,5
deep_ocsort_pose__solider_swin_base_msmt17,video_001/clip_001,clipreid_vitb16_market1501,ok,,cam0,17,B->1,527
deep_ocsort_pose__solider_swin_base_msmt17,video_001/clip_001,clipreid_vitb16_market1501,ok,,cam0,17,X1->-1,158
deep_ocsort_pose__solider_swin_base_msmt17,video_001/clip_001,clipreid_vitb16_market1501,ok,,cam0,17,ambiguous->-1,2
deep_ocsort_pose__solider_swin_base_msmt17,video_001/clip_001,clipreid_vitb16_market1501,ok,,cam0,17,ambiguous->1,3
deep_ocsort_pose__solider_swin_base_msmt17,video_001/clip_001,clipreid_vitb16_market1501,ok,,cam0,18,unmatched->-1,38
deep_ocsort_pose__solider_swin_base_msmt17,video_001/clip_001,clipreid_vitb16_market1501,ok,,cam0,2,X2->-1,216
deep_ocsort_pose__solider_swin_base_msmt17,video_001/clip_001,clipreid_vitb16_market1501,ok,,cam0,2,unmatched->-1,683
deep_ocsort_pose__solider_swin_base_msmt17,video_001/clip_001,clipreid_vitb16_market1501,ok,,cam0,20,unmatched->-1,253
deep_ocsort_pose__solider_swin_base_msmt17,video_001/clip_001,clipreid_vitb16_market1501,ok,,cam0,21,unmatched->-1,170
deep_ocsort_pose__solider_swin_base_msmt17,video_001/clip_001,clipreid_vitb16_market1501,ok,,cam0,22,unmatched->-1,5
deep_ocsort_pose__solider_swin_base_msmt17,video_001/clip_001,clipreid_vitb16_market1501,ok,,cam0,23,X1->-1,484
deep_ocsort_pose__solider_swin_base_msmt17,video_001/clip_001,clipreid_vitb16_market1501,ok,,cam0,26,unmatched->-1,335
deep_ocsort_pose__solider_swin_base_msmt17,video_001/clip_001,clipreid_vitb16_market1501,ok,,cam0,28,unmatched->-1,256
deep_ocsort_pose__solider_swin_base_msmt17,video_001/clip_001,clipreid_vitb16_market1501,ok,,cam0,29,A->-1,13
deep_ocsort_pose__solider_swin_base_msmt17,video_001/clip_001,clipreid_vitb16_market1501,ok,,cam0,3,B->1,725
deep_ocsort_pose__solider_swin_base_msmt17,video_001/clip_001,clipreid_vitb16_market1501,ok,,cam0,30,unmatched->-1,286
deep_ocsort_pose__solider_swin_base_msmt17,video_001/clip_001,clipreid_vitb16_market1501,ok,,cam0,4,unmatched->-1,621
deep_ocsort_pose__solider_swin_base_msmt17,video_001/clip_001,clipreid_vitb16_market1501,ok,,cam0,5,X1->-1,201
deep_ocsort_pose__solider_swin_base_msmt17,video_001/clip_001,clipreid_vitb16_market1501,ok,,cam0,6,unmatched->-1,30
deep_ocsort_pose__solider_swin_base_msmt17,video_001/clip_001,clipreid_vitb16_market1501,ok,,cam0,7,unmatched->-1,157
deep_ocsort_pose__solider_swin_base_msmt17,video_001/clip_001,clipreid_vitb16_market1501,ok,,cam0,9,X1->-1,2
deep_ocsort_pose__solider_swin_base_msmt17,video_001/clip_001,clipreid_vitb16_market1501,ok,,cam1,1,A->0,1295
deep_ocsort_pose__solider_swin_base_msmt17,video_001/clip_001,clipreid_vitb16_market1501,ok,,cam1,10,B->-1,69
deep_ocsort_pose__solider_swin_base_msmt17,video_001/clip_001,clipreid_vitb16_market1501,ok,,cam1,10,X1->-1,160
deep_ocsort_pose__solider_swin_base_msmt17,video_001/clip_001,clipreid_vitb16_market1501,ok,,cam1,11,B->-1,164
deep_ocsort_pose__solider_swin_base_msmt17,video_001/clip_001,clipreid_vitb16_market1501,ok,,cam1,2,B->1,949
deep_ocsort_pose__solider_swin_base_msmt17,video_001/clip_001,clipreid_vitb16_market1501,ok,,cam1,2,X1->1,3
deep_ocsort_pose__solider_swin_base_msmt17,video_001/clip_001,clipreid_vitb16_market1501,ok,,cam1,3,unmatched->-1,249
deep_ocsort_pose__solider_swin_base_msmt17,video_001/clip_001,clipreid_vitb16_market1501,ok,,cam1,4,B->-1,56
deep_ocsort_pose__solider_swin_base_msmt17,video_001/clip_001,clipreid_vitb16_market1501,ok,,cam1,4,X1->-1,929
deep_ocsort_pose__solider_swin_base_msmt17,video_001/clip_001,clipreid_vitb16_market1501,ok,,cam1,4,ambiguous->-1,30
deep_ocsort_pose__solider_swin_base_msmt17,video_001/clip_001,clipreid_vitb16_market1501,ok,,cam1,7,unmatched->-1,407
deep_ocsort_pose__solider_swin_base_msmt17,video_001/clip_001,clipreid_vitb16_market1501,ok,,cam1,8,X1->-1,61
deep_ocsort_pose__solider_swin_base_msmt17,video_001/clip_001,clipreid_vitb16_market1501,ok,,cam1,8,ambiguous->-1,32
deep_ocsort_pose__solider_swin_base_msmt17,video_001/clip_001,clipreid_vitb16_market1501,ok,,cam2,1,B->-1,169
deep_ocsort_pose__solider_swin_base_msmt17,video_001/clip_001,clipreid_vitb16_market1501,ok,,cam2,10,X4->-1,43
deep_ocsort_pose__solider_swin_base_msmt17,video_001/clip_001,clipreid_vitb16_market1501,ok,,cam2,11,B->-1,31
deep_ocsort_pose__solider_swin_base_msmt17,video_001/clip_001,clipreid_vitb16_market1501,ok,,cam2,12,B->1,129
deep_ocsort_pose__solider_swin_base_msmt17,video_001/clip_001,clipreid_vitb16_market1501,ok,,cam2,13,B->-1,5
deep_ocsort_pose__solider_swin_base_msmt17,video_001/clip_001,clipreid_vitb16_market1501,ok,,cam2,14,B->1,69
deep_ocsort_pose__solider_swin_base_msmt17,video_001/clip_001,clipreid_vitb16_market1501,ok,,cam2,15,unmatched->-1,8
deep_ocsort_pose__solider_swin_base_msmt17,video_001/clip_001,clipreid_vitb16_market1501,ok,,cam2,16,B->1,805
deep_ocsort_pose__solider_swin_base_msmt17,video_001/clip_001,clipreid_vitb16_market1501,ok,,cam2,17,unmatched->-1,809
deep_ocsort_pose__solider_swin_base_msmt17,video_001/clip_001,clipreid_vitb16_market1501,ok,,cam2,18,unmatched->-1,622
deep_ocsort_pose__solider_swin_base_msmt17,video_001/clip_001,clipreid_vitb16_market1501,ok,,cam2,19,A->-1,11
deep_ocsort_pose__solider_swin_base_msmt17,video_001/clip_001,clipreid_vitb16_market1501,ok,,cam2,2,A->0,1278
deep_ocsort_pose__solider_swin_base_msmt17,video_001/clip_001,clipreid_vitb16_market1501,ok,,cam2,21,unmatched->-1,8
deep_ocsort_pose__solider_swin_base_msmt17,video_001/clip_001,clipreid_vitb16_market1501,ok,,cam2,22,unmatched->-1,1
deep_ocsort_pose__solider_swin_base_msmt17,video_001/clip_001,clipreid_vitb16_market1501,ok,,cam2,24,unmatched->-1,4
deep_ocsort_pose__solider_swin_base_msmt17,video_001/clip_001,clipreid_vitb16_market1501,ok,,cam2,27,unmatched->-1,18
deep_ocsort_pose__solider_swin_base_msmt17,video_001/clip_001,clipreid_vitb16_market1501,ok,,cam2,29,A->-1,4
deep_ocsort_pose__solider_swin_base_msmt17,video_001/clip_001,clipreid_vitb16_market1501,ok,,cam2,3,unmatched->-1,1211
deep_ocsort_pose__solider_swin_base_msmt17,video_001/clip_001,clipreid_vitb16_market1501,ok,,cam2,30,unmatched->-1,5
deep_ocsort_pose__solider_swin_base_msmt17,video_001/clip_001,clipreid_vitb16_market1501,ok,,cam2,4,X3->-1,20
deep_ocsort_pose__solider_swin_base_msmt17,video_001/clip_001,clipreid_vitb16_market1501,ok,,cam2,6,X3->-1,4
deep_ocsort_pose__solider_swin_base_msmt17,video_001/clip_001,clipreid_vitb16_market1501,ok,,cam2,7,X3->-1,1165
deep_ocsort_pose__solider_swin_base_msmt17,video_001/clip_001,clipreid_vitb16_market1501,ok,,cam2,7,unmatched->-1,8
deep_ocsort_pose__solider_swin_base_msmt17,video_001/clip_001,clipreid_vitb16_market1501,ok,,cam2,9,B->-1,15
deep_ocsort_pose__solider_swin_base_msmt17,video_001/clip_001,kpr_market_solider_parts,undecided,ambiguous_association,,,,
deep_ocsort_pose__solider_swin_base_msmt17,video_001/clip_001,solider_swin_base_msmt17,ok,,cam0,1,A->0,1283
deep_ocsort_pose__solider_swin_base_msmt17,video_001/clip_001,solider_swin_base_msmt17,ok,,cam0,10,unmatched->-1,14
deep_ocsort_pose__solider_swin_base_msmt17,video_001/clip_001,solider_swin_base_msmt17,ok,,cam0,11,X1->-1,13
deep_ocsort_pose__solider_swin_base_msmt17,video_001/clip_001,solider_swin_base_msmt17,ok,,cam0,12,unmatched->-1,34
deep_ocsort_pose__solider_swin_base_msmt17,video_001/clip_001,solider_swin_base_msmt17,ok,,cam0,14,unmatched->-1,168
deep_ocsort_pose__solider_swin_base_msmt17,video_001/clip_001,solider_swin_base_msmt17,ok,,cam0,15,X1->-1,7
deep_ocsort_pose__solider_swin_base_msmt17,video_001/clip_001,solider_swin_base_msmt17,ok,,cam0,16,unmatched->-1,5
deep_ocsort_pose__solider_swin_base_msmt17,video_001/clip_001,solider_swin_base_msmt17,ok,,cam0,17,B->1,527
deep_ocsort_pose__solider_swin_base_msmt17,video_001/clip_001,solider_swin_base_msmt17,ok,,cam0,17,X1->-1,158
deep_ocsort_pose__solider_swin_base_msmt17,video_001/clip_001,solider_swin_base_msmt17,ok,,cam0,17,ambiguous->-1,2
deep_ocsort_pose__solider_swin_base_msmt17,video_001/clip_001,solider_swin_base_msmt17,ok,,cam0,17,ambiguous->1,3
deep_ocsort_pose__solider_swin_base_msmt17,video_001/clip_001,solider_swin_base_msmt17,ok,,cam0,18,unmatched->-1,38
deep_ocsort_pose__solider_swin_base_msmt17,video_001/clip_001,solider_swin_base_msmt17,ok,,cam0,2,X2->-1,216
deep_ocsort_pose__solider_swin_base_msmt17,video_001/clip_001,solider_swin_base_msmt17,ok,,cam0,2,unmatched->-1,683
deep_ocsort_pose__solider_swin_base_msmt17,video_001/clip_001,solider_swin_base_msmt17,ok,,cam0,20,unmatched->-1,253
deep_ocsort_pose__solider_swin_base_msmt17,video_001/clip_001,solider_swin_base_msmt17,ok,,cam0,21,unmatched->-1,170
deep_ocsort_pose__solider_swin_base_msmt17,video_001/clip_001,solider_swin_base_msmt17,ok,,cam0,22,unmatched->-1,5
deep_ocsort_pose__solider_swin_base_msmt17,video_001/clip_001,solider_swin_base_msmt17,ok,,cam0,23,X1->-1,484
deep_ocsort_pose__solider_swin_base_msmt17,video_001/clip_001,solider_swin_base_msmt17,ok,,cam0,26,unmatched->-1,335
deep_ocsort_pose__solider_swin_base_msmt17,video_001/clip_001,solider_swin_base_msmt17,ok,,cam0,28,unmatched->-1,256
deep_ocsort_pose__solider_swin_base_msmt17,video_001/clip_001,solider_swin_base_msmt17,ok,,cam0,29,A->-1,13
deep_ocsort_pose__solider_swin_base_msmt17,video_001/clip_001,solider_swin_base_msmt17,ok,,cam0,3,B->1,725
deep_ocsort_pose__solider_swin_base_msmt17,video_001/clip_001,solider_swin_base_msmt17,ok,,cam0,30,unmatched->-1,286
deep_ocsort_pose__solider_swin_base_msmt17,video_001/clip_001,solider_swin_base_msmt17,ok,,cam0,4,unmatched->-1,621
deep_ocsort_pose__solider_swin_base_msmt17,video_001/clip_001,solider_swin_base_msmt17,ok,,cam0,5,X1->-1,201
deep_ocsort_pose__solider_swin_base_msmt17,video_001/clip_001,solider_swin_base_msmt17,ok,,cam0,6,unmatched->-1,30
deep_ocsort_pose__solider_swin_base_msmt17,video_001/clip_001,solider_swin_base_msmt17,ok,,cam0,7,unmatched->-1,157
deep_ocsort_pose__solider_swin_base_msmt17,video_001/clip_001,solider_swin_base_msmt17,ok,,cam0,9,X1->-1,2
deep_ocsort_pose__solider_swin_base_msmt17,video_001/clip_001,solider_swin_base_msmt17,ok,,cam1,1,A->0,1295
deep_ocsort_pose__solider_swin_base_msmt17,video_001/clip_001,solider_swin_base_msmt17,ok,,cam1,10,B->-1,69
deep_ocsort_pose__solider_swin_base_msmt17,video_001/clip_001,solider_swin_base_msmt17,ok,,cam1,10,X1->-1,160
deep_ocsort_pose__solider_swin_base_msmt17,video_001/clip_001,solider_swin_base_msmt17,ok,,cam1,11,B->-1,164
deep_ocsort_pose__solider_swin_base_msmt17,video_001/clip_001,solider_swin_base_msmt17,ok,,cam1,2,B->1,949
deep_ocsort_pose__solider_swin_base_msmt17,video_001/clip_001,solider_swin_base_msmt17,ok,,cam1,2,X1->1,3
deep_ocsort_pose__solider_swin_base_msmt17,video_001/clip_001,solider_swin_base_msmt17,ok,,cam1,3,unmatched->-1,249
deep_ocsort_pose__solider_swin_base_msmt17,video_001/clip_001,solider_swin_base_msmt17,ok,,cam1,4,B->-1,56
deep_ocsort_pose__solider_swin_base_msmt17,video_001/clip_001,solider_swin_base_msmt17,ok,,cam1,4,X1->-1,929
deep_ocsort_pose__solider_swin_base_msmt17,video_001/clip_001,solider_swin_base_msmt17,ok,,cam1,4,ambiguous->-1,30
deep_ocsort_pose__solider_swin_base_msmt17,video_001/clip_001,solider_swin_base_msmt17,ok,,cam1,7,unmatched->-1,407
deep_ocsort_pose__solider_swin_base_msmt17,video_001/clip_001,solider_swin_base_msmt17,ok,,cam1,8,X1->-1,61
deep_ocsort_pose__solider_swin_base_msmt17,video_001/clip_001,solider_swin_base_msmt17,ok,,cam1,8,ambiguous->-1,32
deep_ocsort_pose__solider_swin_base_msmt17,video_001/clip_001,solider_swin_base_msmt17,ok,,cam2,1,B->-1,169
deep_ocsort_pose__solider_swin_base_msmt17,video_001/clip_001,solider_swin_base_msmt17,ok,,cam2,10,X4->-1,43
deep_ocsort_pose__solider_swin_base_msmt17,video_001/clip_001,solider_swin_base_msmt17,ok,,cam2,11,B->-1,31
deep_ocsort_pose__solider_swin_base_msmt17,video_001/clip_001,solider_swin_base_msmt17,ok,,cam2,12,B->1,129
deep_ocsort_pose__solider_swin_base_msmt17,video_001/clip_001,solider_swin_base_msmt17,ok,,cam2,13,B->-1,5
deep_ocsort_pose__solider_swin_base_msmt17,video_001/clip_001,solider_swin_base_msmt17,ok,,cam2,14,B->1,69
deep_ocsort_pose__solider_swin_base_msmt17,video_001/clip_001,solider_swin_base_msmt17,ok,,cam2,15,unmatched->-1,8
deep_ocsort_pose__solider_swin_base_msmt17,video_001/clip_001,solider_swin_base_msmt17,ok,,cam2,16,B->1,805
deep_ocsort_pose__solider_swin_base_msmt17,video_001/clip_001,solider_swin_base_msmt17,ok,,cam2,17,unmatched->-1,809
deep_ocsort_pose__solider_swin_base_msmt17,video_001/clip_001,solider_swin_base_msmt17,ok,,cam2,18,unmatched->-1,622
deep_ocsort_pose__solider_swin_base_msmt17,video_001/clip_001,solider_swin_base_msmt17,ok,,cam2,19,A->-1,11
deep_ocsort_pose__solider_swin_base_msmt17,video_001/clip_001,solider_swin_base_msmt17,ok,,cam2,2,A->0,1278
deep_ocsort_pose__solider_swin_base_msmt17,video_001/clip_001,solider_swin_base_msmt17,ok,,cam2,21,unmatched->-1,8
deep_ocsort_pose__solider_swin_base_msmt17,video_001/clip_001,solider_swin_base_msmt17,ok,,cam2,22,unmatched->-1,1
deep_ocsort_pose__solider_swin_base_msmt17,video_001/clip_001,solider_swin_base_msmt17,ok,,cam2,24,unmatched->-1,4
deep_ocsort_pose__solider_swin_base_msmt17,video_001/clip_001,solider_swin_base_msmt17,ok,,cam2,27,unmatched->-1,18
deep_ocsort_pose__solider_swin_base_msmt17,video_001/clip_001,solider_swin_base_msmt17,ok,,cam2,29,A->-1,4
deep_ocsort_pose__solider_swin_base_msmt17,video_001/clip_001,solider_swin_base_msmt17,ok,,cam2,3,unmatched->-1,1211
deep_ocsort_pose__solider_swin_base_msmt17,video_001/clip_001,solider_swin_base_msmt17,ok,,cam2,30,unmatched->-1,5
deep_ocsort_pose__solider_swin_base_msmt17,video_001/clip_001,solider_swin_base_msmt17,ok,,cam2,4,X3->-1,20
deep_ocsort_pose__solider_swin_base_msmt17,video_001/clip_001,solider_swin_base_msmt17,ok,,cam2,6,X3->-1,4
deep_ocsort_pose__solider_swin_base_msmt17,video_001/clip_001,solider_swin_base_msmt17,ok,,cam2,7,X3->-1,1165
deep_ocsort_pose__solider_swin_base_msmt17,video_001/clip_001,solider_swin_base_msmt17,ok,,cam2,7,unmatched->-1,8
deep_ocsort_pose__solider_swin_base_msmt17,video_001/clip_001,solider_swin_base_msmt17,ok,,cam2,9,B->-1,15
deep_ocsort_pose__solider_swin_base_msmt17,video_002/clip_013,clipreid_vitb16_market1501,ok,,cam0,1,A->0,535
deep_ocsort_pose__solider_swin_base_msmt17,video_002/clip_013,clipreid_vitb16_market1501,ok,,cam0,10,unmatched->-1,177
deep_ocsort_pose__solider_swin_base_msmt17,video_002/clip_013,clipreid_vitb16_market1501,ok,,cam0,11,unmatched->-1,39
deep_ocsort_pose__solider_swin_base_msmt17,video_002/clip_013,clipreid_vitb16_market1501,ok,,cam0,2,unmatched->-1,499
deep_ocsort_pose__solider_swin_base_msmt17,video_002/clip_013,clipreid_vitb16_market1501,ok,,cam0,3,B->1,518
deep_ocsort_pose__solider_swin_base_msmt17,video_002/clip_013,clipreid_vitb16_market1501,ok,,cam0,3,unmatched->1,1
deep_ocsort_pose__solider_swin_base_msmt17,video_002/clip_013,clipreid_vitb16_market1501,ok,,cam0,5,unmatched->-1,520
deep_ocsort_pose__solider_swin_base_msmt17,video_002/clip_013,clipreid_vitb16_market1501,ok,,cam0,6,unmatched->-1,5
deep_ocsort_pose__solider_swin_base_msmt17,video_002/clip_013,clipreid_vitb16_market1501,ok,,cam0,7,unmatched->-1,4
deep_ocsort_pose__solider_swin_base_msmt17,video_002/clip_013,clipreid_vitb16_market1501,ok,,cam1,1,A->0,535
deep_ocsort_pose__solider_swin_base_msmt17,video_002/clip_013,clipreid_vitb16_market1501,ok,,cam1,2,B->-1,36
deep_ocsort_pose__solider_swin_base_msmt17,video_002/clip_013,clipreid_vitb16_market1501,ok,,cam1,2,B->1,141
deep_ocsort_pose__solider_swin_base_msmt17,video_002/clip_013,clipreid_vitb16_market1501,ok,,cam1,3,ambiguous->-1,1
deep_ocsort_pose__solider_swin_base_msmt17,video_002/clip_013,clipreid_vitb16_market1501,ok,,cam1,4,B->1,347
deep_ocsort_pose__solider_swin_base_msmt17,video_002/clip_013,clipreid_vitb16_market1501,ok,,cam1,4,unmatched->1,1
deep_ocsort_pose__solider_swin_base_msmt17,video_002/clip_013,clipreid_vitb16_market1501,ok,,cam1,6,B->-1,3
deep_ocsort_pose__solider_swin_base_msmt17,video_002/clip_013,clipreid_vitb16_market1501,ok,,cam2,1,B->1,535
deep_ocsort_pose__solider_swin_base_msmt17,video_002/clip_013,clipreid_vitb16_market1501,ok,,cam2,2,A->-1,11
deep_ocsort_pose__solider_swin_base_msmt17,video_002/clip_013,clipreid_vitb16_market1501,ok,,cam2,2,A->0,149
deep_ocsort_pose__solider_swin_base_msmt17,video_002/clip_013,clipreid_vitb16_market1501,ok,,cam2,3,A->0,367
deep_ocsort_pose__solider_swin_base_msmt17,video_002/clip_013,clipreid_vitb16_market1501,ok,,cam2,3,unmatched->0,1
deep_ocsort_pose__solider_swin_base_msmt17,video_002/clip_013,clipreid_vitb16_market1501,ok,,cam2,4,X1->-1,119
deep_ocsort_pose__solider_swin_base_msmt17,video_002/clip_013,clipreid_vitb16_market1501,ok,,cam2,4,unmatched->-1,1
deep_ocsort_pose__solider_swin_base_msmt17,video_002/clip_013,clipreid_vitb16_market1501,ok,,cam2,7,X1->-1,44
deep_ocsort_pose__solider_swin_base_msmt17,video_002/clip_013,clipreid_vitb16_market1501,ok,,cam2,7,unmatched->-1,6
deep_ocsort_pose__solider_swin_base_msmt17,video_002/clip_013,kpr_market_solider_parts,undecided,ambiguous_association,,,,
deep_ocsort_pose__solider_swin_base_msmt17,video_002/clip_013,solider_swin_base_msmt17,ok,,cam0,1,A->0,535
deep_ocsort_pose__solider_swin_base_msmt17,video_002/clip_013,solider_swin_base_msmt17,ok,,cam0,10,unmatched->-1,177
deep_ocsort_pose__solider_swin_base_msmt17,video_002/clip_013,solider_swin_base_msmt17,ok,,cam0,11,unmatched->-1,39
deep_ocsort_pose__solider_swin_base_msmt17,video_002/clip_013,solider_swin_base_msmt17,ok,,cam0,2,unmatched->-1,499
deep_ocsort_pose__solider_swin_base_msmt17,video_002/clip_013,solider_swin_base_msmt17,ok,,cam0,3,B->1,518
deep_ocsort_pose__solider_swin_base_msmt17,video_002/clip_013,solider_swin_base_msmt17,ok,,cam0,3,unmatched->1,1
deep_ocsort_pose__solider_swin_base_msmt17,video_002/clip_013,solider_swin_base_msmt17,ok,,cam0,5,unmatched->-1,520
deep_ocsort_pose__solider_swin_base_msmt17,video_002/clip_013,solider_swin_base_msmt17,ok,,cam0,6,unmatched->-1,5
deep_ocsort_pose__solider_swin_base_msmt17,video_002/clip_013,solider_swin_base_msmt17,ok,,cam0,7,unmatched->-1,4
deep_ocsort_pose__solider_swin_base_msmt17,video_002/clip_013,solider_swin_base_msmt17,ok,,cam1,1,A->0,535
deep_ocsort_pose__solider_swin_base_msmt17,video_002/clip_013,solider_swin_base_msmt17,ok,,cam1,2,B->-1,36
deep_ocsort_pose__solider_swin_base_msmt17,video_002/clip_013,solider_swin_base_msmt17,ok,,cam1,2,B->1,141
deep_ocsort_pose__solider_swin_base_msmt17,video_002/clip_013,solider_swin_base_msmt17,ok,,cam1,3,ambiguous->-1,1
deep_ocsort_pose__solider_swin_base_msmt17,video_002/clip_013,solider_swin_base_msmt17,ok,,cam1,4,B->1,347
deep_ocsort_pose__solider_swin_base_msmt17,video_002/clip_013,solider_swin_base_msmt17,ok,,cam1,4,unmatched->1,1
deep_ocsort_pose__solider_swin_base_msmt17,video_002/clip_013,solider_swin_base_msmt17,ok,,cam1,6,B->-1,3
deep_ocsort_pose__solider_swin_base_msmt17,video_002/clip_013,solider_swin_base_msmt17,ok,,cam2,1,B->1,535
deep_ocsort_pose__solider_swin_base_msmt17,video_002/clip_013,solider_swin_base_msmt17,ok,,cam2,2,A->-1,11
deep_ocsort_pose__solider_swin_base_msmt17,video_002/clip_013,solider_swin_base_msmt17,ok,,cam2,2,A->0,149
deep_ocsort_pose__solider_swin_base_msmt17,video_002/clip_013,solider_swin_base_msmt17,ok,,cam2,3,A->0,367
deep_ocsort_pose__solider_swin_base_msmt17,video_002/clip_013,solider_swin_base_msmt17,ok,,cam2,3,unmatched->0,1
deep_ocsort_pose__solider_swin_base_msmt17,video_002/clip_013,solider_swin_base_msmt17,ok,,cam2,4,X1->-1,119
deep_ocsort_pose__solider_swin_base_msmt17,video_002/clip_013,solider_swin_base_msmt17,ok,,cam2,4,unmatched->-1,1
deep_ocsort_pose__solider_swin_base_msmt17,video_002/clip_013,solider_swin_base_msmt17,ok,,cam2,7,X1->-1,44
deep_ocsort_pose__solider_swin_base_msmt17,video_002/clip_013,solider_swin_base_msmt17,ok,,cam2,7,unmatched->-1,6
deep_ocsort_pose_lab__clipreid_vitb16_market1501,video_000/clip_000,clipreid_vitb16_market1501,ok,,cam0,1,A->0,1010
deep_ocsort_pose_lab__clipreid_vitb16_market1501,video_000/clip_000,clipreid_vitb16_market1501,ok,,cam0,11,unmatched->-1,81
deep_ocsort_pose_lab__clipreid_vitb16_market1501,video_000/clip_000,clipreid_vitb16_market1501,ok,,cam0,12,unmatched->-1,11
deep_ocsort_pose_lab__clipreid_vitb16_market1501,video_000/clip_000,clipreid_vitb16_market1501,ok,,cam0,2,unmatched->-1,511
deep_ocsort_pose_lab__clipreid_vitb16_market1501,video_000/clip_000,clipreid_vitb16_market1501,ok,,cam0,3,B->1,909
deep_ocsort_pose_lab__clipreid_vitb16_market1501,video_000/clip_000,clipreid_vitb16_market1501,ok,,cam0,4,unmatched->-1,800
deep_ocsort_pose_lab__clipreid_vitb16_market1501,video_000/clip_000,clipreid_vitb16_market1501,ok,,cam0,5,unmatched->-1,609
deep_ocsort_pose_lab__clipreid_vitb16_market1501,video_000/clip_000,clipreid_vitb16_market1501,ok,,cam0,7,unmatched->-1,36
deep_ocsort_pose_lab__clipreid_vitb16_market1501,video_000/clip_000,clipreid_vitb16_market1501,ok,,cam0,8,X1->-1,179
deep_ocsort_pose_lab__clipreid_vitb16_market1501,video_000/clip_000,clipreid_vitb16_market1501,ok,,cam0,8,unmatched->-1,315
deep_ocsort_pose_lab__clipreid_vitb16_market1501,video_000/clip_000,clipreid_vitb16_market1501,ok,,cam1,1,A->0,1010
deep_ocsort_pose_lab__clipreid_vitb16_market1501,video_000/clip_000,clipreid_vitb16_market1501,ok,,cam1,2,B->1,514
deep_ocsort_pose_lab__clipreid_vitb16_market1501,video_000/clip_000,clipreid_vitb16_market1501,ok,,cam1,3,unmatched->-1,17
deep_ocsort_pose_lab__clipreid_vitb16_market1501,video_000/clip_000,clipreid_vitb16_market1501,ok,,cam1,4,B->1,470
deep_ocsort_pose_lab__clipreid_vitb16_market1501,video_000/clip_000,clipreid_vitb16_market1501,ok,,cam1,5,unmatched->-1,3
deep_ocsort_pose_lab__clipreid_vitb16_market1501,video_000/clip_000,clipreid_vitb16_market1501,ok,,cam1,6,unmatched->-1,2
deep_ocsort_pose_lab__clipreid_vitb16_market1501,video_000/clip_000,clipreid_vitb16_market1501,ok,,cam1,7,unmatched->-1,172
deep_ocsort_pose_lab__clipreid_vitb16_market1501,video_000/clip_000,clipreid_vitb16_market1501,ok,,cam2,1,B->1,1010
deep_ocsort_pose_lab__clipreid_vitb16_market1501,video_000/clip_000,clipreid_vitb16_market1501,ok,,cam2,10,A->0,83
deep_ocsort_pose_lab__clipreid_vitb16_market1501,video_000/clip_000,clipreid_vitb16_market1501,ok,,cam2,2,unmatched->-1,1008
deep_ocsort_pose_lab__clipreid_vitb16_market1501,video_000/clip_000,clipreid_vitb16_market1501,ok,,cam2,3,A->0,887
deep_ocsort_pose_lab__clipreid_vitb16_market1501,video_000/clip_000,clipreid_vitb16_market1501,ok,,cam2,3,unmatched->0,1
deep_ocsort_pose_lab__clipreid_vitb16_market1501,video_000/clip_000,clipreid_vitb16_market1501,ok,,cam2,4,unmatched->-1,5
deep_ocsort_pose_lab__clipreid_vitb16_market1501,video_000/clip_000,clipreid_vitb16_market1501,ok,,cam2,6,A->-1,29
deep_ocsort_pose_lab__clipreid_vitb16_market1501,video_000/clip_000,clipreid_vitb16_market1501,ok,,cam2,8,unmatched->-1,524
deep_ocsort_pose_lab__clipreid_vitb16_market1501,video_000/clip_000,kpr_market_solider_parts,undecided,ambiguous_players,,,,
deep_ocsort_pose_lab__clipreid_vitb16_market1501,video_000/clip_000,solider_swin_base_msmt17,ok,,cam0,1,A->0,1010
deep_ocsort_pose_lab__clipreid_vitb16_market1501,video_000/clip_000,solider_swin_base_msmt17,ok,,cam0,11,unmatched->-1,81
deep_ocsort_pose_lab__clipreid_vitb16_market1501,video_000/clip_000,solider_swin_base_msmt17,ok,,cam0,12,unmatched->-1,11
deep_ocsort_pose_lab__clipreid_vitb16_market1501,video_000/clip_000,solider_swin_base_msmt17,ok,,cam0,2,unmatched->-1,511
deep_ocsort_pose_lab__clipreid_vitb16_market1501,video_000/clip_000,solider_swin_base_msmt17,ok,,cam0,3,B->1,909
deep_ocsort_pose_lab__clipreid_vitb16_market1501,video_000/clip_000,solider_swin_base_msmt17,ok,,cam0,4,unmatched->-1,800
deep_ocsort_pose_lab__clipreid_vitb16_market1501,video_000/clip_000,solider_swin_base_msmt17,ok,,cam0,5,unmatched->-1,609
deep_ocsort_pose_lab__clipreid_vitb16_market1501,video_000/clip_000,solider_swin_base_msmt17,ok,,cam0,7,unmatched->-1,36
deep_ocsort_pose_lab__clipreid_vitb16_market1501,video_000/clip_000,solider_swin_base_msmt17,ok,,cam0,8,X1->-1,179
deep_ocsort_pose_lab__clipreid_vitb16_market1501,video_000/clip_000,solider_swin_base_msmt17,ok,,cam0,8,unmatched->-1,315
deep_ocsort_pose_lab__clipreid_vitb16_market1501,video_000/clip_000,solider_swin_base_msmt17,ok,,cam1,1,A->0,1010
deep_ocsort_pose_lab__clipreid_vitb16_market1501,video_000/clip_000,solider_swin_base_msmt17,ok,,cam1,2,B->1,514
deep_ocsort_pose_lab__clipreid_vitb16_market1501,video_000/clip_000,solider_swin_base_msmt17,ok,,cam1,3,unmatched->-1,17
deep_ocsort_pose_lab__clipreid_vitb16_market1501,video_000/clip_000,solider_swin_base_msmt17,ok,,cam1,4,B->1,470
deep_ocsort_pose_lab__clipreid_vitb16_market1501,video_000/clip_000,solider_swin_base_msmt17,ok,,cam1,5,unmatched->-1,3
deep_ocsort_pose_lab__clipreid_vitb16_market1501,video_000/clip_000,solider_swin_base_msmt17,ok,,cam1,6,unmatched->-1,2
deep_ocsort_pose_lab__clipreid_vitb16_market1501,video_000/clip_000,solider_swin_base_msmt17,ok,,cam1,7,unmatched->-1,172
deep_ocsort_pose_lab__clipreid_vitb16_market1501,video_000/clip_000,solider_swin_base_msmt17,ok,,cam2,1,B->1,1010
deep_ocsort_pose_lab__clipreid_vitb16_market1501,video_000/clip_000,solider_swin_base_msmt17,ok,,cam2,10,A->0,83
deep_ocsort_pose_lab__clipreid_vitb16_market1501,video_000/clip_000,solider_swin_base_msmt17,ok,,cam2,2,unmatched->-1,1008
deep_ocsort_pose_lab__clipreid_vitb16_market1501,video_000/clip_000,solider_swin_base_msmt17,ok,,cam2,3,A->0,887
deep_ocsort_pose_lab__clipreid_vitb16_market1501,video_000/clip_000,solider_swin_base_msmt17,ok,,cam2,3,unmatched->0,1
deep_ocsort_pose_lab__clipreid_vitb16_market1501,video_000/clip_000,solider_swin_base_msmt17,ok,,cam2,4,unmatched->-1,5
deep_ocsort_pose_lab__clipreid_vitb16_market1501,video_000/clip_000,solider_swin_base_msmt17,ok,,cam2,6,A->-1,29
deep_ocsort_pose_lab__clipreid_vitb16_market1501,video_000/clip_000,solider_swin_base_msmt17,ok,,cam2,8,unmatched->-1,524
deep_ocsort_pose_lab__clipreid_vitb16_market1501,video_000/clip_007,clipreid_vitb16_market1501,ok,,cam1,1,A->0,652
deep_ocsort_pose_lab__clipreid_vitb16_market1501,video_000/clip_007,clipreid_vitb16_market1501,ok,,cam1,10,X1->-1,78
deep_ocsort_pose_lab__clipreid_vitb16_market1501,video_000/clip_007,clipreid_vitb16_market1501,ok,,cam1,10,unmatched->-1,64
deep_ocsort_pose_lab__clipreid_vitb16_market1501,video_000/clip_007,clipreid_vitb16_market1501,ok,,cam1,2,B->1,597
deep_ocsort_pose_lab__clipreid_vitb16_market1501,video_000/clip_007,clipreid_vitb16_market1501,ok,,cam1,8,B->-1,22
deep_ocsort_pose_lab__clipreid_vitb16_market1501,video_000/clip_007,clipreid_vitb16_market1501,ok,,cam1,9,B->-1,2
deep_ocsort_pose_lab__clipreid_vitb16_market1501,video_000/clip_007,clipreid_vitb16_market1501,ok,,cam2,1,B->1,618
deep_ocsort_pose_lab__clipreid_vitb16_market1501,video_000/clip_007,clipreid_vitb16_market1501,ok,,cam2,1,unmatched->1,11
deep_ocsort_pose_lab__clipreid_vitb16_market1501,video_000/clip_007,clipreid_vitb16_market1501,ok,,cam2,10,unmatched->-1,2
deep_ocsort_pose_lab__clipreid_vitb16_market1501,video_000/clip_007,clipreid_vitb16_market1501,ok,,cam2,12,A->-1,1
deep_ocsort_pose_lab__clipreid_vitb16_market1501,video_000/clip_007,clipreid_vitb16_market1501,ok,,cam2,12,A->0,55
deep_ocsort_pose_lab__clipreid_vitb16_market1501,video_000/clip_007,clipreid_vitb16_market1501,ok,,cam2,13,A->0,244
deep_ocsort_pose_lab__clipreid_vitb16_market1501,video_000/clip_007,clipreid_vitb16_market1501,ok,,cam2,14,X2->-1,103
deep_ocsort_pose_lab__clipreid_vitb16_market1501,video_000/clip_007,clipreid_vitb16_market1501,ok,,cam2,2,A->0,339
deep_ocsort_pose_lab__clipreid_vitb16_market1501,video_000/clip_007,clipreid_vitb16_market1501,ok,,cam2,2,unmatched->0,2
deep_ocsort_pose_lab__clipreid_vitb16_market1501,video_000/clip_007,clipreid_vitb16_market1501,ok,,cam2,3,unmatched->-1,652
deep_ocsort_pose_lab__clipreid_vitb16_market1501,video_000/clip_007,clipreid_vitb16_market1501,ok,,cam2,4,X1->-1,50
deep_ocsort_pose_lab__clipreid_vitb16_market1501,video_000/clip_007,clipreid_vitb16_market1501,ok,,cam2,4,unmatched->-1,600
deep_ocsort_pose_lab__clipreid_vitb16_market1501,video_000/clip_007,clipreid_vitb16_market1501,ok,,cam2,5,X2->-1,5
deep_ocsort_pose_lab__clipreid_vitb16_market1501,video_000/clip_007,clipreid_vitb16_market1501,ok,,cam2,7,A->-1,6
deep_ocsort_pose_lab__clipreid_vitb16_market1501,video_000/clip_007,clipreid_vitb16_market1501,ok,,cam2,8,X2->-1,36
deep_ocsort_pose_lab__clipreid_vitb16_market1501,video_000/clip_007,clipreid_vitb16_market1501,ok,,cam2,9,B->-1,7
deep_ocsort_pose_lab__clipreid_vitb16_market1501,video_000/clip_007,kpr_market_solider_parts,undecided,ambiguous_players,,,,
deep_ocsort_pose_lab__clipreid_vitb16_market1501,video_000/clip_007,solider_swin_base_msmt17,ok,,cam1,1,A->0,652
deep_ocsort_pose_lab__clipreid_vitb16_market1501,video_000/clip_007,solider_swin_base_msmt17,ok,,cam1,10,X1->-1,78
deep_ocsort_pose_lab__clipreid_vitb16_market1501,video_000/clip_007,solider_swin_base_msmt17,ok,,cam1,10,unmatched->-1,64
deep_ocsort_pose_lab__clipreid_vitb16_market1501,video_000/clip_007,solider_swin_base_msmt17,ok,,cam1,2,B->1,597
deep_ocsort_pose_lab__clipreid_vitb16_market1501,video_000/clip_007,solider_swin_base_msmt17,ok,,cam1,8,B->-1,22
deep_ocsort_pose_lab__clipreid_vitb16_market1501,video_000/clip_007,solider_swin_base_msmt17,ok,,cam1,9,B->-1,2
deep_ocsort_pose_lab__clipreid_vitb16_market1501,video_000/clip_007,solider_swin_base_msmt17,ok,,cam2,1,B->1,618
deep_ocsort_pose_lab__clipreid_vitb16_market1501,video_000/clip_007,solider_swin_base_msmt17,ok,,cam2,1,unmatched->1,11
deep_ocsort_pose_lab__clipreid_vitb16_market1501,video_000/clip_007,solider_swin_base_msmt17,ok,,cam2,10,unmatched->-1,2
deep_ocsort_pose_lab__clipreid_vitb16_market1501,video_000/clip_007,solider_swin_base_msmt17,ok,,cam2,12,A->-1,1
deep_ocsort_pose_lab__clipreid_vitb16_market1501,video_000/clip_007,solider_swin_base_msmt17,ok,,cam2,12,A->0,55
deep_ocsort_pose_lab__clipreid_vitb16_market1501,video_000/clip_007,solider_swin_base_msmt17,ok,,cam2,13,A->0,244
deep_ocsort_pose_lab__clipreid_vitb16_market1501,video_000/clip_007,solider_swin_base_msmt17,ok,,cam2,14,X2->-1,103
deep_ocsort_pose_lab__clipreid_vitb16_market1501,video_000/clip_007,solider_swin_base_msmt17,ok,,cam2,2,A->0,339
deep_ocsort_pose_lab__clipreid_vitb16_market1501,video_000/clip_007,solider_swin_base_msmt17,ok,,cam2,2,unmatched->0,2
deep_ocsort_pose_lab__clipreid_vitb16_market1501,video_000/clip_007,solider_swin_base_msmt17,ok,,cam2,3,unmatched->-1,652
deep_ocsort_pose_lab__clipreid_vitb16_market1501,video_000/clip_007,solider_swin_base_msmt17,ok,,cam2,4,X1->-1,50
deep_ocsort_pose_lab__clipreid_vitb16_market1501,video_000/clip_007,solider_swin_base_msmt17,ok,,cam2,4,unmatched->-1,600
deep_ocsort_pose_lab__clipreid_vitb16_market1501,video_000/clip_007,solider_swin_base_msmt17,ok,,cam2,5,X2->-1,5
deep_ocsort_pose_lab__clipreid_vitb16_market1501,video_000/clip_007,solider_swin_base_msmt17,ok,,cam2,7,A->-1,6
deep_ocsort_pose_lab__clipreid_vitb16_market1501,video_000/clip_007,solider_swin_base_msmt17,ok,,cam2,8,X2->-1,36
deep_ocsort_pose_lab__clipreid_vitb16_market1501,video_000/clip_007,solider_swin_base_msmt17,ok,,cam2,9,B->-1,7
deep_ocsort_pose_lab__clipreid_vitb16_market1501,video_001/clip_001,clipreid_vitb16_market1501,ok,,cam1,1,A->0,1295
deep_ocsort_pose_lab__clipreid_vitb16_market1501,video_001/clip_001,clipreid_vitb16_market1501,ok,,cam1,2,B->1,949
deep_ocsort_pose_lab__clipreid_vitb16_market1501,video_001/clip_001,clipreid_vitb16_market1501,ok,,cam1,2,X1->1,3
deep_ocsort_pose_lab__clipreid_vitb16_market1501,video_001/clip_001,clipreid_vitb16_market1501,ok,,cam1,3,unmatched->-1,249
deep_ocsort_pose_lab__clipreid_vitb16_market1501,video_001/clip_001,clipreid_vitb16_market1501,ok,,cam1,4,B->-1,125
deep_ocsort_pose_lab__clipreid_vitb16_market1501,video_001/clip_001,clipreid_vitb16_market1501,ok,,cam1,4,X1->-1,1089
deep_ocsort_pose_lab__clipreid_vitb16_market1501,video_001/clip_001,clipreid_vitb16_market1501,ok,,cam1,4,ambiguous->-1,30
deep_ocsort_pose_lab__clipreid_vitb16_market1501,video_001/clip_001,clipreid_vitb16_market1501,ok,,cam1,7,unmatched->-1,407
deep_ocsort_pose_lab__clipreid_vitb16_market1501,video_001/clip_001,clipreid_vitb16_market1501,ok,,cam1,8,B->-1,164
deep_ocsort_pose_lab__clipreid_vitb16_market1501,video_001/clip_001,clipreid_vitb16_market1501,ok,,cam1,8,X1->-1,61
deep_ocsort_pose_lab__clipreid_vitb16_market1501,video_001/clip_001,clipreid_vitb16_market1501,ok,,cam1,8,ambiguous->-1,32
deep_ocsort_pose_lab__clipreid_vitb16_market1501,video_001/clip_001,kpr_market_solider_parts,ok,,cam1,1,A->0,1295
deep_ocsort_pose_lab__clipreid_vitb16_market1501,video_001/clip_001,kpr_market_solider_parts,ok,,cam1,2,B->1,949
deep_ocsort_pose_lab__clipreid_vitb16_market1501,video_001/clip_001,kpr_market_solider_parts,ok,,cam1,2,X1->1,3
deep_ocsort_pose_lab__clipreid_vitb16_market1501,video_001/clip_001,kpr_market_solider_parts,ok,,cam1,3,unmatched->-1,249
deep_ocsort_pose_lab__clipreid_vitb16_market1501,video_001/clip_001,kpr_market_solider_parts,ok,,cam1,4,B->-1,125
deep_ocsort_pose_lab__clipreid_vitb16_market1501,video_001/clip_001,kpr_market_solider_parts,ok,,cam1,4,X1->-1,1089
deep_ocsort_pose_lab__clipreid_vitb16_market1501,video_001/clip_001,kpr_market_solider_parts,ok,,cam1,4,ambiguous->-1,30
deep_ocsort_pose_lab__clipreid_vitb16_market1501,video_001/clip_001,kpr_market_solider_parts,ok,,cam1,7,unmatched->-1,407
deep_ocsort_pose_lab__clipreid_vitb16_market1501,video_001/clip_001,kpr_market_solider_parts,ok,,cam1,8,B->-1,164
deep_ocsort_pose_lab__clipreid_vitb16_market1501,video_001/clip_001,kpr_market_solider_parts,ok,,cam1,8,X1->-1,61
deep_ocsort_pose_lab__clipreid_vitb16_market1501,video_001/clip_001,kpr_market_solider_parts,ok,,cam1,8,ambiguous->-1,32
deep_ocsort_pose_lab__clipreid_vitb16_market1501,video_001/clip_001,solider_swin_base_msmt17,ok,,cam1,1,A->0,1295
deep_ocsort_pose_lab__clipreid_vitb16_market1501,video_001/clip_001,solider_swin_base_msmt17,ok,,cam1,2,B->1,949
deep_ocsort_pose_lab__clipreid_vitb16_market1501,video_001/clip_001,solider_swin_base_msmt17,ok,,cam1,2,X1->1,3
deep_ocsort_pose_lab__clipreid_vitb16_market1501,video_001/clip_001,solider_swin_base_msmt17,ok,,cam1,3,unmatched->-1,249
deep_ocsort_pose_lab__clipreid_vitb16_market1501,video_001/clip_001,solider_swin_base_msmt17,ok,,cam1,4,B->-1,125
deep_ocsort_pose_lab__clipreid_vitb16_market1501,video_001/clip_001,solider_swin_base_msmt17,ok,,cam1,4,X1->-1,1089
deep_ocsort_pose_lab__clipreid_vitb16_market1501,video_001/clip_001,solider_swin_base_msmt17,ok,,cam1,4,ambiguous->-1,30
deep_ocsort_pose_lab__clipreid_vitb16_market1501,video_001/clip_001,solider_swin_base_msmt17,ok,,cam1,7,unmatched->-1,407
deep_ocsort_pose_lab__clipreid_vitb16_market1501,video_001/clip_001,solider_swin_base_msmt17,ok,,cam1,8,B->-1,164
deep_ocsort_pose_lab__clipreid_vitb16_market1501,video_001/clip_001,solider_swin_base_msmt17,ok,,cam1,8,X1->-1,61
deep_ocsort_pose_lab__clipreid_vitb16_market1501,video_001/clip_001,solider_swin_base_msmt17,ok,,cam1,8,ambiguous->-1,32
deep_ocsort_pose_lab__clipreid_vitb16_market1501,video_002/clip_013,clipreid_vitb16_market1501,ok,,cam0,1,A->0,535
deep_ocsort_pose_lab__clipreid_vitb16_market1501,video_002/clip_013,clipreid_vitb16_market1501,ok,,cam0,10,unmatched->-1,177
deep_ocsort_pose_lab__clipreid_vitb16_market1501,video_002/clip_013,clipreid_vitb16_market1501,ok,,cam0,11,unmatched->-1,39
deep_ocsort_pose_lab__clipreid_vitb16_market1501,video_002/clip_013,clipreid_vitb16_market1501,ok,,cam0,2,unmatched->-1,499
deep_ocsort_pose_lab__clipreid_vitb16_market1501,video_002/clip_013,clipreid_vitb16_market1501,ok,,cam0,3,B->1,518
deep_ocsort_pose_lab__clipreid_vitb16_market1501,video_002/clip_013,clipreid_vitb16_market1501,ok,,cam0,3,unmatched->1,1
deep_ocsort_pose_lab__clipreid_vitb16_market1501,video_002/clip_013,clipreid_vitb16_market1501,ok,,cam0,5,unmatched->-1,520
deep_ocsort_pose_lab__clipreid_vitb16_market1501,video_002/clip_013,clipreid_vitb16_market1501,ok,,cam0,6,unmatched->-1,5
deep_ocsort_pose_lab__clipreid_vitb16_market1501,video_002/clip_013,clipreid_vitb16_market1501,ok,,cam0,7,unmatched->-1,4
deep_ocsort_pose_lab__clipreid_vitb16_market1501,video_002/clip_013,clipreid_vitb16_market1501,ok,,cam1,1,A->0,535
deep_ocsort_pose_lab__clipreid_vitb16_market1501,video_002/clip_013,clipreid_vitb16_market1501,ok,,cam1,2,B->-1,35
deep_ocsort_pose_lab__clipreid_vitb16_market1501,video_002/clip_013,clipreid_vitb16_market1501,ok,,cam1,2,B->1,481
deep_ocsort_pose_lab__clipreid_vitb16_market1501,video_002/clip_013,clipreid_vitb16_market1501,ok,,cam1,2,unmatched->1,1
deep_ocsort_pose_lab__clipreid_vitb16_market1501,video_002/clip_013,clipreid_vitb16_market1501,ok,,cam1,3,ambiguous->-1,1
deep_ocsort_pose_lab__clipreid_vitb16_market1501,video_002/clip_013,clipreid_vitb16_market1501,ok,,cam1,6,B->-1,6
deep_ocsort_pose_lab__clipreid_vitb16_market1501,video_002/clip_013,clipreid_vitb16_market1501,ok,,cam2,1,B->1,535
deep_ocsort_pose_lab__clipreid_vitb16_market1501,video_002/clip_013,clipreid_vitb16_market1501,ok,,cam2,2,A->-1,11
deep_ocsort_pose_lab__clipreid_vitb16_market1501,video_002/clip_013,clipreid_vitb16_market1501,ok,,cam2,2,A->0,149
deep_ocsort_pose_lab__clipreid_vitb16_market1501,video_002/clip_013,clipreid_vitb16_market1501,ok,,cam2,3,A->0,367
deep_ocsort_pose_lab__clipreid_vitb16_market1501,video_002/clip_013,clipreid_vitb16_market1501,ok,,cam2,3,unmatched->0,1
deep_ocsort_pose_lab__clipreid_vitb16_market1501,video_002/clip_013,clipreid_vitb16_market1501,ok,,cam2,4,X1->-1,119
deep_ocsort_pose_lab__clipreid_vitb16_market1501,video_002/clip_013,clipreid_vitb16_market1501,ok,,cam2,4,unmatched->-1,1
deep_ocsort_pose_lab__clipreid_vitb16_market1501,video_002/clip_013,clipreid_vitb16_market1501,ok,,cam2,7,X1->-1,44
deep_ocsort_pose_lab__clipreid_vitb16_market1501,video_002/clip_013,clipreid_vitb16_market1501,ok,,cam2,7,unmatched->-1,6
deep_ocsort_pose_lab__clipreid_vitb16_market1501,video_002/clip_013,kpr_market_solider_parts,undecided,ambiguous_association,,,,
deep_ocsort_pose_lab__clipreid_vitb16_market1501,video_002/clip_013,solider_swin_base_msmt17,ok,,cam0,1,A->0,535
deep_ocsort_pose_lab__clipreid_vitb16_market1501,video_002/clip_013,solider_swin_base_msmt17,ok,,cam0,10,unmatched->-1,177
deep_ocsort_pose_lab__clipreid_vitb16_market1501,video_002/clip_013,solider_swin_base_msmt17,ok,,cam0,11,unmatched->-1,39
deep_ocsort_pose_lab__clipreid_vitb16_market1501,video_002/clip_013,solider_swin_base_msmt17,ok,,cam0,2,unmatched->-1,499
deep_ocsort_pose_lab__clipreid_vitb16_market1501,video_002/clip_013,solider_swin_base_msmt17,ok,,cam0,3,B->1,518
deep_ocsort_pose_lab__clipreid_vitb16_market1501,video_002/clip_013,solider_swin_base_msmt17,ok,,cam0,3,unmatched->1,1
deep_ocsort_pose_lab__clipreid_vitb16_market1501,video_002/clip_013,solider_swin_base_msmt17,ok,,cam0,5,unmatched->-1,520
deep_ocsort_pose_lab__clipreid_vitb16_market1501,video_002/clip_013,solider_swin_base_msmt17,ok,,cam0,6,unmatched->-1,5
deep_ocsort_pose_lab__clipreid_vitb16_market1501,video_002/clip_013,solider_swin_base_msmt17,ok,,cam0,7,unmatched->-1,4
deep_ocsort_pose_lab__clipreid_vitb16_market1501,video_002/clip_013,solider_swin_base_msmt17,ok,,cam1,1,A->0,535
deep_ocsort_pose_lab__clipreid_vitb16_market1501,video_002/clip_013,solider_swin_base_msmt17,ok,,cam1,2,B->-1,35
deep_ocsort_pose_lab__clipreid_vitb16_market1501,video_002/clip_013,solider_swin_base_msmt17,ok,,cam1,2,B->1,481
deep_ocsort_pose_lab__clipreid_vitb16_market1501,video_002/clip_013,solider_swin_base_msmt17,ok,,cam1,2,unmatched->1,1
deep_ocsort_pose_lab__clipreid_vitb16_market1501,video_002/clip_013,solider_swin_base_msmt17,ok,,cam1,3,ambiguous->-1,1
deep_ocsort_pose_lab__clipreid_vitb16_market1501,video_002/clip_013,solider_swin_base_msmt17,ok,,cam1,6,B->-1,6
deep_ocsort_pose_lab__clipreid_vitb16_market1501,video_002/clip_013,solider_swin_base_msmt17,ok,,cam2,1,B->1,535
deep_ocsort_pose_lab__clipreid_vitb16_market1501,video_002/clip_013,solider_swin_base_msmt17,ok,,cam2,2,A->-1,11
deep_ocsort_pose_lab__clipreid_vitb16_market1501,video_002/clip_013,solider_swin_base_msmt17,ok,,cam2,2,A->0,149
deep_ocsort_pose_lab__clipreid_vitb16_market1501,video_002/clip_013,solider_swin_base_msmt17,ok,,cam2,3,A->0,367
deep_ocsort_pose_lab__clipreid_vitb16_market1501,video_002/clip_013,solider_swin_base_msmt17,ok,,cam2,3,unmatched->0,1
deep_ocsort_pose_lab__clipreid_vitb16_market1501,video_002/clip_013,solider_swin_base_msmt17,ok,,cam2,4,X1->-1,119
deep_ocsort_pose_lab__clipreid_vitb16_market1501,video_002/clip_013,solider_swin_base_msmt17,ok,,cam2,4,unmatched->-1,1
deep_ocsort_pose_lab__clipreid_vitb16_market1501,video_002/clip_013,solider_swin_base_msmt17,ok,,cam2,7,X1->-1,44
deep_ocsort_pose_lab__clipreid_vitb16_market1501,video_002/clip_013,solider_swin_base_msmt17,ok,,cam2,7,unmatched->-1,6
strongsort_pp__clipreid_vitb16_market1501,video_000/clip_000,clipreid_vitb16_market1501,ok,,cam0,1,A->0,1008
strongsort_pp__clipreid_vitb16_market1501,video_000/clip_000,clipreid_vitb16_market1501,ok,,cam0,10,B->1,226
strongsort_pp__clipreid_vitb16_market1501,video_000/clip_000,clipreid_vitb16_market1501,ok,,cam0,11,unmatched->-1,82
strongsort_pp__clipreid_vitb16_market1501,video_000/clip_000,clipreid_vitb16_market1501,ok,,cam0,14,unmatched->-1,23
strongsort_pp__clipreid_vitb16_market1501,video_000/clip_000,clipreid_vitb16_market1501,ok,,cam0,2,X1->-1,179
strongsort_pp__clipreid_vitb16_market1501,video_000/clip_000,clipreid_vitb16_market1501,ok,,cam0,2,unmatched->-1,820
strongsort_pp__clipreid_vitb16_market1501,video_000/clip_000,clipreid_vitb16_market1501,ok,,cam0,3,B->1,702
strongsort_pp__clipreid_vitb16_market1501,video_000/clip_000,clipreid_vitb16_market1501,ok,,cam0,3,unmatched->1,1
strongsort_pp__clipreid_vitb16_market1501,video_000/clip_000,clipreid_vitb16_market1501,ok,,cam0,4,unmatched->-1,335
strongsort_pp__clipreid_vitb16_market1501,video_000/clip_000,clipreid_vitb16_market1501,ok,,cam0,5,unmatched->-1,623
strongsort_pp__clipreid_vitb16_market1501,video_000/clip_000,clipreid_vitb16_market1501,ok,,cam0,6,unmatched->-1,262
strongsort_pp__clipreid_vitb16_market1501,video_000/clip_000,clipreid_vitb16_market1501,ok,,cam0,7,unmatched->-1,39
strongsort_pp__clipreid_vitb16_market1501,video_000/clip_000,clipreid_vitb16_market1501,ok,,cam0,8,unmatched->-1,7
strongsort_pp__clipreid_vitb16_market1501,video_000/clip_000,clipreid_vitb16_market1501,ok,,cam0,9,unmatched->-1,233
strongsort_pp__clipreid_vitb16_market1501,video_000/clip_000,clipreid_vitb16_market1501,ok,,cam1,1,A->0,1008
strongsort_pp__clipreid_vitb16_market1501,video_000/clip_000,clipreid_vitb16_market1501,ok,,cam1,10,unmatched->-1,3
strongsort_pp__clipreid_vitb16_market1501,video_000/clip_000,clipreid_vitb16_market1501,ok,,cam1,13,unmatched->-1,177
strongsort_pp__clipreid_vitb16_market1501,video_000/clip_000,clipreid_vitb16_market1501,ok,,cam1,2,B->1,993
strongsort_pp__clipreid_vitb16_market1501,video_000/clip_000,clipreid_vitb16_market1501,ok,,cam1,3,unmatched->-1,20
strongsort_pp__clipreid_vitb16_market1501,video_000/clip_000,clipreid_vitb16_market1501,ok,,cam1,7,unmatched->-1,7
strongsort_pp__clipreid_vitb16_market1501,video_000/clip_000,clipreid_vitb16_market1501,ok,,cam2,1,B->1,1008
strongsort_pp__clipreid_vitb16_market1501,video_000/clip_000,clipreid_vitb16_market1501,ok,,cam2,10,unmatched->-1,1
strongsort_pp__clipreid_vitb16_market1501,video_000/clip_000,clipreid_vitb16_market1501,ok,,cam2,11,unmatched->-1,476
strongsort_pp__clipreid_vitb16_market1501,video_000/clip_000,clipreid_vitb16_market1501,ok,,cam2,16,unmatched->-1,50
strongsort_pp__clipreid_vitb16_market1501,video_000/clip_000,clipreid_vitb16_market1501,ok,,cam2,2,unmatched->-1,1008
strongsort_pp__clipreid_vitb16_market1501,video_000/clip_000,clipreid_vitb16_market1501,ok,,cam2,3,A->0,1007
strongsort_pp__clipreid_vitb16_market1501,video_000/clip_000,clipreid_vitb16_market1501,ok,,cam2,3,unmatched->0,1
strongsort_pp__clipreid_vitb16_market1501,video_000/clip_000,clipreid_vitb16_market1501,ok,,cam2,4,unmatched->-1,13
strongsort_pp__clipreid_vitb16_market1501,video_000/clip_000,kpr_market_solider_parts,undecided,ambiguous_players,,,,
strongsort_pp__clipreid_vitb16_market1501,video_000/clip_000,solider_swin_base_msmt17,ok,,cam0,1,A->0,1008
strongsort_pp__clipreid_vitb16_market1501,video_000/clip_000,solider_swin_base_msmt17,ok,,cam0,10,B->1,226
strongsort_pp__clipreid_vitb16_market1501,video_000/clip_000,solider_swin_base_msmt17,ok,,cam0,11,unmatched->-1,82
strongsort_pp__clipreid_vitb16_market1501,video_000/clip_000,solider_swin_base_msmt17,ok,,cam0,14,unmatched->-1,23
strongsort_pp__clipreid_vitb16_market1501,video_000/clip_000,solider_swin_base_msmt17,ok,,cam0,2,X1->-1,179
strongsort_pp__clipreid_vitb16_market1501,video_000/clip_000,solider_swin_base_msmt17,ok,,cam0,2,unmatched->-1,820
strongsort_pp__clipreid_vitb16_market1501,video_000/clip_000,solider_swin_base_msmt17,ok,,cam0,3,B->1,702
strongsort_pp__clipreid_vitb16_market1501,video_000/clip_000,solider_swin_base_msmt17,ok,,cam0,3,unmatched->1,1
strongsort_pp__clipreid_vitb16_market1501,video_000/clip_000,solider_swin_base_msmt17,ok,,cam0,4,unmatched->-1,335
strongsort_pp__clipreid_vitb16_market1501,video_000/clip_000,solider_swin_base_msmt17,ok,,cam0,5,unmatched->-1,623
strongsort_pp__clipreid_vitb16_market1501,video_000/clip_000,solider_swin_base_msmt17,ok,,cam0,6,unmatched->-1,262
strongsort_pp__clipreid_vitb16_market1501,video_000/clip_000,solider_swin_base_msmt17,ok,,cam0,7,unmatched->-1,39
strongsort_pp__clipreid_vitb16_market1501,video_000/clip_000,solider_swin_base_msmt17,ok,,cam0,8,unmatched->-1,7
strongsort_pp__clipreid_vitb16_market1501,video_000/clip_000,solider_swin_base_msmt17,ok,,cam0,9,unmatched->-1,233
strongsort_pp__clipreid_vitb16_market1501,video_000/clip_000,solider_swin_base_msmt17,ok,,cam1,1,A->0,1008
strongsort_pp__clipreid_vitb16_market1501,video_000/clip_000,solider_swin_base_msmt17,ok,,cam1,10,unmatched->-1,3
strongsort_pp__clipreid_vitb16_market1501,video_000/clip_000,solider_swin_base_msmt17,ok,,cam1,13,unmatched->-1,177
strongsort_pp__clipreid_vitb16_market1501,video_000/clip_000,solider_swin_base_msmt17,ok,,cam1,2,B->1,993
strongsort_pp__clipreid_vitb16_market1501,video_000/clip_000,solider_swin_base_msmt17,ok,,cam1,3,unmatched->-1,20
strongsort_pp__clipreid_vitb16_market1501,video_000/clip_000,solider_swin_base_msmt17,ok,,cam1,7,unmatched->-1,7
strongsort_pp__clipreid_vitb16_market1501,video_000/clip_000,solider_swin_base_msmt17,ok,,cam2,1,B->1,1008
strongsort_pp__clipreid_vitb16_market1501,video_000/clip_000,solider_swin_base_msmt17,ok,,cam2,10,unmatched->-1,1
strongsort_pp__clipreid_vitb16_market1501,video_000/clip_000,solider_swin_base_msmt17,ok,,cam2,11,unmatched->-1,476
strongsort_pp__clipreid_vitb16_market1501,video_000/clip_000,solider_swin_base_msmt17,ok,,cam2,16,unmatched->-1,50
strongsort_pp__clipreid_vitb16_market1501,video_000/clip_000,solider_swin_base_msmt17,ok,,cam2,2,unmatched->-1,1008
strongsort_pp__clipreid_vitb16_market1501,video_000/clip_000,solider_swin_base_msmt17,ok,,cam2,3,A->0,1007
strongsort_pp__clipreid_vitb16_market1501,video_000/clip_000,solider_swin_base_msmt17,ok,,cam2,3,unmatched->0,1
strongsort_pp__clipreid_vitb16_market1501,video_000/clip_000,solider_swin_base_msmt17,ok,,cam2,4,unmatched->-1,13
strongsort_pp__clipreid_vitb16_market1501,video_000/clip_007,clipreid_vitb16_market1501,ok,,cam0,1,A->0,650
strongsort_pp__clipreid_vitb16_market1501,video_000/clip_007,clipreid_vitb16_market1501,ok,,cam0,10,unmatched->-1,1
strongsort_pp__clipreid_vitb16_market1501,video_000/clip_007,clipreid_vitb16_market1501,ok,,cam0,11,unmatched->-1,70
strongsort_pp__clipreid_vitb16_market1501,video_000/clip_007,clipreid_vitb16_market1501,ok,,cam0,14,unmatched->-1,168
strongsort_pp__clipreid_vitb16_market1501,video_000/clip_007,clipreid_vitb16_market1501,ok,,cam0,15,unmatched->-1,7
strongsort_pp__clipreid_vitb16_market1501,video_000/clip_007,clipreid_vitb16_market1501,ok,,cam0,17,unmatched->-1,57
strongsort_pp__clipreid_vitb16_market1501,video_000/clip_007,clipreid_vitb16_market1501,ok,,cam0,18,unmatched->-1,71
strongsort_pp__clipreid_vitb16_market1501,video_000/clip_007,clipreid_vitb16_market1501,ok,,cam0,2,X1->-1,224
strongsort_pp__clipreid_vitb16_market1501,video_000/clip_007,clipreid_vitb16_market1501,ok,,cam0,2,unmatched->-1,426
strongsort_pp__clipreid_vitb16_market1501,video_000/clip_007,clipreid_vitb16_market1501,ok,,cam0,3,unmatched->-1,45
strongsort_pp__clipreid_vitb16_market1501,video_000/clip_007,clipreid_vitb16_market1501,ok,,cam0,4,B->-1,161
strongsort_pp__clipreid_vitb16_market1501,video_000/clip_007,clipreid_vitb16_market1501,ok,,cam0,4,B->1,387
strongsort_pp__clipreid_vitb16_market1501,video_000/clip_007,clipreid_vitb16_market1501,ok,,cam0,4,unmatched->-1,1
strongsort_pp__clipreid_vitb16_market1501,video_000/clip_007,clipreid_vitb16_market1501,ok,,cam0,4,unmatched->1,61
strongsort_pp__clipreid_vitb16_market1501,video_000/clip_007,clipreid_vitb16_market1501,ok,,cam0,5,unmatched->-1,589
strongsort_pp__clipreid_vitb16_market1501,video_000/clip_007,clipreid_vitb16_market1501,ok,,cam0,6,unmatched->-1,230
strongsort_pp__clipreid_vitb16_market1501,video_000/clip_007,clipreid_vitb16_market1501,ok,,cam1,1,A->0,650
strongsort_pp__clipreid_vitb16_market1501,video_000/clip_007,clipreid_vitb16_market1501,ok,,cam1,16,B->-1,9
strongsort_pp__clipreid_vitb16_market1501,video_000/clip_007,clipreid_vitb16_market1501,ok,,cam1,18,X1->-1,78
strongsort_pp__clipreid_vitb16_market1501,video_000/clip_007,clipreid_vitb16_market1501,ok,,cam1,18,unmatched->-1,65
strongsort_pp__clipreid_vitb16_market1501,video_000/clip_007,clipreid_vitb16_market1501,ok,,cam1,2,B->-1,195
strongsort_pp__clipreid_vitb16_market1501,video_000/clip_007,clipreid_vitb16_market1501,ok,,cam1,2,B->1,445
strongsort_pp__clipreid_vitb16_market1501,video_000/clip_007,clipreid_vitb16_market1501,ok,,cam2,1,B->1,616
strongsort_pp__clipreid_vitb16_market1501,video_000/clip_007,clipreid_vitb16_market1501,ok,,cam2,1,unmatched->1,13
strongsort_pp__clipreid_vitb16_market1501,video_000/clip_007,clipreid_vitb16_market1501,ok,,cam2,10,A->0,564
strongsort_pp__clipreid_vitb16_market1501,video_000/clip_007,clipreid_vitb16_market1501,ok,,cam2,11,X2->-1,46
strongsort_pp__clipreid_vitb16_market1501,video_000/clip_007,clipreid_vitb16_market1501,ok,,cam2,13,B->-1,7
strongsort_pp__clipreid_vitb16_market1501,video_000/clip_007,clipreid_vitb16_market1501,ok,,cam2,14,unmatched->-1,3
strongsort_pp__clipreid_vitb16_market1501,video_000/clip_007,clipreid_vitb16_market1501,ok,,cam2,19,X2->-1,136
strongsort_pp__clipreid_vitb16_market1501,video_000/clip_007,clipreid_vitb16_market1501,ok,,cam2,2,A->-1,89
strongsort_pp__clipreid_vitb16_market1501,video_000/clip_007,clipreid_vitb16_market1501,ok,,cam2,3,unmatched->-1,650
strongsort_pp__clipreid_vitb16_market1501,video_000/clip_007,clipreid_vitb16_market1501,ok,,cam2,4,X1->-1,50
strongsort_pp__clipreid_vitb16_market1501,video_000/clip_007,clipreid_vitb16_market1501,ok,,cam2,4,unmatched->-1,600
strongsort_pp__clipreid_vitb16_market1501,video_000/clip_007,clipreid_vitb16_market1501,ok,,cam2,9,X2->-1,7
strongsort_pp__clipreid_vitb16_market1501,video_000/clip_007,kpr_market_solider_parts,undecided,ambiguous_players,,,,
strongsort_pp__clipreid_vitb16_market1501,video_000/clip_007,solider_swin_base_msmt17,ok,,cam0,1,A->0,650
strongsort_pp__clipreid_vitb16_market1501,video_000/clip_007,solider_swin_base_msmt17,ok,,cam0,10,unmatched->-1,1
strongsort_pp__clipreid_vitb16_market1501,video_000/clip_007,solider_swin_base_msmt17,ok,,cam0,11,unmatched->-1,70
strongsort_pp__clipreid_vitb16_market1501,video_000/clip_007,solider_swin_base_msmt17,ok,,cam0,14,unmatched->-1,168
strongsort_pp__clipreid_vitb16_market1501,video_000/clip_007,solider_swin_base_msmt17,ok,,cam0,15,unmatched->-1,7
strongsort_pp__clipreid_vitb16_market1501,video_000/clip_007,solider_swin_base_msmt17,ok,,cam0,17,unmatched->-1,57
strongsort_pp__clipreid_vitb16_market1501,video_000/clip_007,solider_swin_base_msmt17,ok,,cam0,18,unmatched->-1,71
strongsort_pp__clipreid_vitb16_market1501,video_000/clip_007,solider_swin_base_msmt17,ok,,cam0,2,X1->-1,224
strongsort_pp__clipreid_vitb16_market1501,video_000/clip_007,solider_swin_base_msmt17,ok,,cam0,2,unmatched->-1,426
strongsort_pp__clipreid_vitb16_market1501,video_000/clip_007,solider_swin_base_msmt17,ok,,cam0,3,unmatched->-1,45
strongsort_pp__clipreid_vitb16_market1501,video_000/clip_007,solider_swin_base_msmt17,ok,,cam0,4,B->-1,161
strongsort_pp__clipreid_vitb16_market1501,video_000/clip_007,solider_swin_base_msmt17,ok,,cam0,4,B->1,387
strongsort_pp__clipreid_vitb16_market1501,video_000/clip_007,solider_swin_base_msmt17,ok,,cam0,4,unmatched->-1,1
strongsort_pp__clipreid_vitb16_market1501,video_000/clip_007,solider_swin_base_msmt17,ok,,cam0,4,unmatched->1,61
strongsort_pp__clipreid_vitb16_market1501,video_000/clip_007,solider_swin_base_msmt17,ok,,cam0,5,unmatched->-1,589
strongsort_pp__clipreid_vitb16_market1501,video_000/clip_007,solider_swin_base_msmt17,ok,,cam0,6,unmatched->-1,230
strongsort_pp__clipreid_vitb16_market1501,video_000/clip_007,solider_swin_base_msmt17,ok,,cam1,1,A->0,650
strongsort_pp__clipreid_vitb16_market1501,video_000/clip_007,solider_swin_base_msmt17,ok,,cam1,16,B->-1,9
strongsort_pp__clipreid_vitb16_market1501,video_000/clip_007,solider_swin_base_msmt17,ok,,cam1,18,X1->-1,78
strongsort_pp__clipreid_vitb16_market1501,video_000/clip_007,solider_swin_base_msmt17,ok,,cam1,18,unmatched->-1,65
strongsort_pp__clipreid_vitb16_market1501,video_000/clip_007,solider_swin_base_msmt17,ok,,cam1,2,B->-1,195
strongsort_pp__clipreid_vitb16_market1501,video_000/clip_007,solider_swin_base_msmt17,ok,,cam1,2,B->1,445
strongsort_pp__clipreid_vitb16_market1501,video_000/clip_007,solider_swin_base_msmt17,ok,,cam2,1,B->1,616
strongsort_pp__clipreid_vitb16_market1501,video_000/clip_007,solider_swin_base_msmt17,ok,,cam2,1,unmatched->1,13
strongsort_pp__clipreid_vitb16_market1501,video_000/clip_007,solider_swin_base_msmt17,ok,,cam2,10,A->0,564
strongsort_pp__clipreid_vitb16_market1501,video_000/clip_007,solider_swin_base_msmt17,ok,,cam2,11,X2->-1,46
strongsort_pp__clipreid_vitb16_market1501,video_000/clip_007,solider_swin_base_msmt17,ok,,cam2,13,B->-1,7
strongsort_pp__clipreid_vitb16_market1501,video_000/clip_007,solider_swin_base_msmt17,ok,,cam2,14,unmatched->-1,3
strongsort_pp__clipreid_vitb16_market1501,video_000/clip_007,solider_swin_base_msmt17,ok,,cam2,19,X2->-1,136
strongsort_pp__clipreid_vitb16_market1501,video_000/clip_007,solider_swin_base_msmt17,ok,,cam2,2,A->-1,89
strongsort_pp__clipreid_vitb16_market1501,video_000/clip_007,solider_swin_base_msmt17,ok,,cam2,3,unmatched->-1,650
strongsort_pp__clipreid_vitb16_market1501,video_000/clip_007,solider_swin_base_msmt17,ok,,cam2,4,X1->-1,50
strongsort_pp__clipreid_vitb16_market1501,video_000/clip_007,solider_swin_base_msmt17,ok,,cam2,4,unmatched->-1,600
strongsort_pp__clipreid_vitb16_market1501,video_000/clip_007,solider_swin_base_msmt17,ok,,cam2,9,X2->-1,7
strongsort_pp__clipreid_vitb16_market1501,video_001/clip_001,clipreid_vitb16_market1501,ok,,cam0,1,A->0,1284
strongsort_pp__clipreid_vitb16_market1501,video_001/clip_001,clipreid_vitb16_market1501,ok,,cam0,10,unmatched->-1,55
strongsort_pp__clipreid_vitb16_market1501,video_001/clip_001,clipreid_vitb16_market1501,ok,,cam0,11,X1->-1,19
strongsort_pp__clipreid_vitb16_market1501,video_001/clip_001,clipreid_vitb16_market1501,ok,,cam0,13,unmatched->-1,172
strongsort_pp__clipreid_vitb16_market1501,video_001/clip_001,clipreid_vitb16_market1501,ok,,cam0,14,B->-1,2
strongsort_pp__clipreid_vitb16_market1501,video_001/clip_001,clipreid_vitb16_market1501,ok,,cam0,14,X1->-1,186
strongsort_pp__clipreid_vitb16_market1501,video_001/clip_001,clipreid_vitb16_market1501,ok,,cam0,14,ambiguous->-1,5
strongsort_pp__clipreid_vitb16_market1501,video_001/clip_001,clipreid_vitb16_market1501,ok,,cam0,15,unmatched->-1,6
strongsort_pp__clipreid_vitb16_market1501,video_001/clip_001,clipreid_vitb16_market1501,ok,,cam0,17,unmatched->-1,40
strongsort_pp__clipreid_vitb16_market1501,video_001/clip_001,clipreid_vitb16_market1501,ok,,cam0,2,X2->-1,216
strongsort_pp__clipreid_vitb16_market1501,video_001/clip_001,clipreid_vitb16_market1501,ok,,cam0,2,unmatched->-1,694
strongsort_pp__clipreid_vitb16_market1501,video_001/clip_001,clipreid_vitb16_market1501,ok,,cam0,20,unmatched->-1,522
strongsort_pp__clipreid_vitb16_market1501,video_001/clip_001,clipreid_vitb16_market1501,ok,,cam0,21,unmatched->-1,8
strongsort_pp__clipreid_vitb16_market1501,video_001/clip_001,clipreid_vitb16_market1501,ok,,cam0,22,X1->-1,488
strongsort_pp__clipreid_vitb16_market1501,video_001/clip_001,clipreid_vitb16_market1501,ok,,cam0,26,unmatched->-1,1
strongsort_pp__clipreid_vitb16_market1501,video_001/clip_001,clipreid_vitb16_market1501,ok,,cam0,27,unmatched->-1,5
strongsort_pp__clipreid_vitb16_market1501,video_001/clip_001,clipreid_vitb16_market1501,ok,,cam0,28,A->-1,13
strongsort_pp__clipreid_vitb16_market1501,video_001/clip_001,clipreid_vitb16_market1501,ok,,cam0,29,unmatched->-1,289
strongsort_pp__clipreid_vitb16_market1501,video_001/clip_001,clipreid_vitb16_market1501,ok,,cam0,3,B->1,1261
strongsort_pp__clipreid_vitb16_market1501,video_001/clip_001,clipreid_vitb16_market1501,ok,,cam0,3,unmatched->1,1
strongsort_pp__clipreid_vitb16_market1501,video_001/clip_001,clipreid_vitb16_market1501,ok,,cam0,30,A->-1,1
strongsort_pp__clipreid_vitb16_market1501,video_001/clip_001,clipreid_vitb16_market1501,ok,,cam0,4,unmatched->-1,1171
strongsort_pp__clipreid_vitb16_market1501,video_001/clip_001,clipreid_vitb16_market1501,ok,,cam0,5,X1->-1,212
strongsort_pp__clipreid_vitb16_market1501,video_001/clip_001,clipreid_vitb16_market1501,ok,,cam0,6,unmatched->-1,32
strongsort_pp__clipreid_vitb16_market1501,video_001/clip_001,clipreid_vitb16_market1501,ok,,cam0,7,unmatched->-1,204
strongsort_pp__clipreid_vitb16_market1501,video_001/clip_001,clipreid_vitb16_market1501,ok,,cam0,9,X1->-1,4
strongsort_pp__clipreid_vitb16_market1501,video_001/clip_001,clipreid_vitb16_market1501,ok,,cam1,1,A->0,1297
strongsort_pp__clipreid_vitb16_market1501,video_001/clip_001,clipreid_vitb16_market1501,ok,,cam1,10,unmatched->-1,408
strongsort_pp__clipreid_vitb16_market1501,video_001/clip_001,clipreid_vitb16_market1501,ok,,cam1,13,B->-1,236
strongsort_pp__clipreid_vitb16_market1501,video_001/clip_001,clipreid_vitb16_market1501,ok,,cam1,15,unmatched->-1,2
strongsort_pp__clipreid_vitb16_market1501,video_001/clip_001,clipreid_vitb16_market1501,ok,,cam1,17,X1->-1,160
strongsort_pp__clipreid_vitb16_market1501,video_001/clip_001,clipreid_vitb16_market1501,ok,,cam1,2,B->1,954
strongsort_pp__clipreid_vitb16_market1501,video_001/clip_001,clipreid_vitb16_market1501,ok,,cam1,2,X1->-1,63
strongsort_pp__clipreid_vitb16_market1501,video_001/clip_001,clipreid_vitb16_market1501,ok,,cam1,2,X1->1,3
strongsort_pp__clipreid_vitb16_market1501,video_001/clip_001,clipreid_vitb16_market1501,ok,,cam1,2,ambiguous->-1,34
strongsort_pp__clipreid_vitb16_market1501,video_001/clip_001,clipreid_vitb16_market1501,ok,,cam1,2,unmatched->-1,2
strongsort_pp__clipreid_vitb16_market1501,video_001/clip_001,clipreid_vitb16_market1501,ok,,cam1,2,unmatched->1,1
strongsort_pp__clipreid_vitb16_market1501,video_001/clip_001,clipreid_vitb16_market1501,ok,,cam1,3,unmatched->-1,249
strongsort_pp__clipreid_vitb16_market1501,video_001/clip_001,clipreid_vitb16_market1501,ok,,cam1,4,B->-1,59
strongsort_pp__clipreid_vitb16_market1501,video_001/clip_001,clipreid_vitb16_market1501,ok,,cam1,4,X1->-1,930
strongsort_pp__clipreid_vitb16_market1501,video_001/clip_001,clipreid_vitb16_market1501,ok,,cam1,4,ambiguous->-1,31
strongsort_pp__clipreid_vitb16_market1501,video_001/clip_001,clipreid_vitb16_market1501,ok,,cam1,4,unmatched->-1,2
strongsort_pp__clipreid_vitb16_market1501,video_001/clip_001,clipreid_vitb16_market1501,ok,,cam2,1,B->-1,167
strongsort_pp__clipreid_vitb16_market1501,video_001/clip_001,clipreid_vitb16_market1501,ok,,cam2,10,X4->-1,53
strongsort_pp__clipreid_vitb16_market1501,video_001/clip_001,clipreid_vitb16_market1501,ok,,cam2,10,unmatched->-1,1
strongsort_pp__clipreid_vitb16_market1501,video_001/clip_001,clipreid_vitb16_market1501,ok,,cam2,11,B->-1,32
strongsort_pp__clipreid_vitb16_market1501,video_001/clip_001,clipreid_vitb16_market1501,ok,,cam2,12,B->1,1008
strongsort_pp__clipreid_vitb16_market1501,video_001/clip_001,clipreid_vitb16_market1501,ok,,cam2,14,B->-1,5
strongsort_pp__clipreid_vitb16_market1501,video_001/clip_001,clipreid_vitb16_market1501,ok,,cam2,14,unmatched->-1,1
strongsort_pp__clipreid_vitb16_market1501,video_001/clip_001,clipreid_vitb16_market1501,ok,,cam2,16,unmatched->-1,9
strongsort_pp__clipreid_vitb16_market1501,video_001/clip_001,clipreid_vitb16_market1501,ok,,cam2,17,B->-1,7
strongsort_pp__clipreid_vitb16_market1501,video_001/clip_001,clipreid_vitb16_market1501,ok,,cam2,18,unmatched->-1,810
strongsort_pp__clipreid_vitb16_market1501,video_001/clip_001,clipreid_vitb16_market1501,ok,,cam2,19,unmatched->-1,624
strongsort_pp__clipreid_vitb16_market1501,video_001/clip_001,clipreid_vitb16_market1501,ok,,cam2,2,A->-1,2
strongsort_pp__clipreid_vitb16_market1501,video_001/clip_001,clipreid_vitb16_market1501,ok,,cam2,2,A->0,583
strongsort_pp__clipreid_vitb16_market1501,video_001/clip_001,clipreid_vitb16_market1501,ok,,cam2,2,unmatched->-1,1
strongsort_pp__clipreid_vitb16_market1501,video_001/clip_001,clipreid_vitb16_market1501,ok,,cam2,20,A->0,713
strongsort_pp__clipreid_vitb16_market1501,video_001/clip_001,clipreid_vitb16_market1501,ok,,cam2,23,unmatched->-1,2
strongsort_pp__clipreid_vitb16_market1501,video_001/clip_001,clipreid_vitb16_market1501,ok,,cam2,25,unmatched->-1,8
strongsort_pp__clipreid_vitb16_market1501,video_001/clip_001,clipreid_vitb16_market1501,ok,,cam2,28,unmatched->-1,22
strongsort_pp__clipreid_vitb16_market1501,video_001/clip_001,clipreid_vitb16_market1501,ok,,cam2,29,unmatched->-1,1
strongsort_pp__clipreid_vitb16_market1501,video_001/clip_001,clipreid_vitb16_market1501,ok,,cam2,3,unmatched->-1,1233
strongsort_pp__clipreid_vitb16_market1501,video_001/clip_001,clipreid_vitb16_market1501,ok,,cam2,31,unmatched->-1,5
strongsort_pp__clipreid_vitb16_market1501,video_001/clip_001,clipreid_vitb16_market1501,ok,,cam2,4,X3->-1,22
strongsort_pp__clipreid_vitb16_market1501,video_001/clip_001,clipreid_vitb16_market1501,ok,,cam2,4,unmatched->-1,2
strongsort_pp__clipreid_vitb16_market1501,video_001/clip_001,clipreid_vitb16_market1501,ok,,cam2,5,X3->-1,5
strongsort_pp__clipreid_vitb16_market1501,video_001/clip_001,clipreid_vitb16_market1501,ok,,cam2,7,X3->-1,1168
strongsort_pp__clipreid_vitb16_market1501,video_001/clip_001,clipreid_vitb16_market1501,ok,,cam2,7,unmatched->-1,11
strongsort_pp__clipreid_vitb16_market1501,video_001/clip_001,clipreid_vitb16_market1501,ok,,cam2,9,B->-1,16
strongsort_pp__clipreid_vitb16_market1501,video_001/clip_001,kpr_market_solider_parts,undecided,ambiguous_association,,,,
strongsort_pp__clipreid_vitb16_market1501,video_001/clip_001,solider_swin_base_msmt17,ok,,cam0,1,A->0,1284
strongsort_pp__clipreid_vitb16_market1501,video_001/clip_001,solider_swin_base_msmt17,ok,,cam0,10,unmatched->-1,55
strongsort_pp__clipreid_vitb16_market1501,video_001/clip_001,solider_swin_base_msmt17,ok,,cam0,11,X1->-1,19
strongsort_pp__clipreid_vitb16_market1501,video_001/clip_001,solider_swin_base_msmt17,ok,,cam0,13,unmatched->-1,172
strongsort_pp__clipreid_vitb16_market1501,video_001/clip_001,solider_swin_base_msmt17,ok,,cam0,14,B->-1,2
strongsort_pp__clipreid_vitb16_market1501,video_001/clip_001,solider_swin_base_msmt17,ok,,cam0,14,X1->-1,186
strongsort_pp__clipreid_vitb16_market1501,video_001/clip_001,solider_swin_base_msmt17,ok,,cam0,14,ambiguous->-1,5
strongsort_pp__clipreid_vitb16_market1501,video_001/clip_001,solider_swin_base_msmt17,ok,,cam0,15,unmatched->-1,6
strongsort_pp__clipreid_vitb16_market1501,video_001/clip_001,solider_swin_base_msmt17,ok,,cam0,17,unmatched->-1,40
strongsort_pp__clipreid_vitb16_market1501,video_001/clip_001,solider_swin_base_msmt17,ok,,cam0,2,X2->-1,216
strongsort_pp__clipreid_vitb16_market1501,video_001/clip_001,solider_swin_base_msmt17,ok,,cam0,2,unmatched->-1,694
strongsort_pp__clipreid_vitb16_market1501,video_001/clip_001,solider_swin_base_msmt17,ok,,cam0,20,unmatched->-1,522
strongsort_pp__clipreid_vitb16_market1501,video_001/clip_001,solider_swin_base_msmt17,ok,,cam0,21,unmatched->-1,8
strongsort_pp__clipreid_vitb16_market1501,video_001/clip_001,solider_swin_base_msmt17,ok,,cam0,22,X1->-1,488
strongsort_pp__clipreid_vitb16_market1501,video_001/clip_001,solider_swin_base_msmt17,ok,,cam0,26,unmatched->-1,1
strongsort_pp__clipreid_vitb16_market1501,video_001/clip_001,solider_swin_base_msmt17,ok,,cam0,27,unmatched->-1,5
strongsort_pp__clipreid_vitb16_market1501,video_001/clip_001,solider_swin_base_msmt17,ok,,cam0,28,A->-1,13
strongsort_pp__clipreid_vitb16_market1501,video_001/clip_001,solider_swin_base_msmt17,ok,,cam0,29,unmatched->-1,289
strongsort_pp__clipreid_vitb16_market1501,video_001/clip_001,solider_swin_base_msmt17,ok,,cam0,3,B->1,1261
strongsort_pp__clipreid_vitb16_market1501,video_001/clip_001,solider_swin_base_msmt17,ok,,cam0,3,unmatched->1,1
strongsort_pp__clipreid_vitb16_market1501,video_001/clip_001,solider_swin_base_msmt17,ok,,cam0,30,A->-1,1
strongsort_pp__clipreid_vitb16_market1501,video_001/clip_001,solider_swin_base_msmt17,ok,,cam0,4,unmatched->-1,1171
strongsort_pp__clipreid_vitb16_market1501,video_001/clip_001,solider_swin_base_msmt17,ok,,cam0,5,X1->-1,212
strongsort_pp__clipreid_vitb16_market1501,video_001/clip_001,solider_swin_base_msmt17,ok,,cam0,6,unmatched->-1,32
strongsort_pp__clipreid_vitb16_market1501,video_001/clip_001,solider_swin_base_msmt17,ok,,cam0,7,unmatched->-1,204
strongsort_pp__clipreid_vitb16_market1501,video_001/clip_001,solider_swin_base_msmt17,ok,,cam0,9,X1->-1,4
strongsort_pp__clipreid_vitb16_market1501,video_001/clip_001,solider_swin_base_msmt17,ok,,cam1,1,A->0,1297
strongsort_pp__clipreid_vitb16_market1501,video_001/clip_001,solider_swin_base_msmt17,ok,,cam1,10,unmatched->-1,408
strongsort_pp__clipreid_vitb16_market1501,video_001/clip_001,solider_swin_base_msmt17,ok,,cam1,13,B->-1,236
strongsort_pp__clipreid_vitb16_market1501,video_001/clip_001,solider_swin_base_msmt17,ok,,cam1,15,unmatched->-1,2
strongsort_pp__clipreid_vitb16_market1501,video_001/clip_001,solider_swin_base_msmt17,ok,,cam1,17,X1->-1,160
strongsort_pp__clipreid_vitb16_market1501,video_001/clip_001,solider_swin_base_msmt17,ok,,cam1,2,B->1,954
strongsort_pp__clipreid_vitb16_market1501,video_001/clip_001,solider_swin_base_msmt17,ok,,cam1,2,X1->-1,63
strongsort_pp__clipreid_vitb16_market1501,video_001/clip_001,solider_swin_base_msmt17,ok,,cam1,2,X1->1,3
strongsort_pp__clipreid_vitb16_market1501,video_001/clip_001,solider_swin_base_msmt17,ok,,cam1,2,ambiguous->-1,34
strongsort_pp__clipreid_vitb16_market1501,video_001/clip_001,solider_swin_base_msmt17,ok,,cam1,2,unmatched->-1,2
strongsort_pp__clipreid_vitb16_market1501,video_001/clip_001,solider_swin_base_msmt17,ok,,cam1,2,unmatched->1,1
strongsort_pp__clipreid_vitb16_market1501,video_001/clip_001,solider_swin_base_msmt17,ok,,cam1,3,unmatched->-1,249
strongsort_pp__clipreid_vitb16_market1501,video_001/clip_001,solider_swin_base_msmt17,ok,,cam1,4,B->-1,59
strongsort_pp__clipreid_vitb16_market1501,video_001/clip_001,solider_swin_base_msmt17,ok,,cam1,4,X1->-1,930
strongsort_pp__clipreid_vitb16_market1501,video_001/clip_001,solider_swin_base_msmt17,ok,,cam1,4,ambiguous->-1,31
strongsort_pp__clipreid_vitb16_market1501,video_001/clip_001,solider_swin_base_msmt17,ok,,cam1,4,unmatched->-1,2
strongsort_pp__clipreid_vitb16_market1501,video_001/clip_001,solider_swin_base_msmt17,ok,,cam2,1,B->-1,167
strongsort_pp__clipreid_vitb16_market1501,video_001/clip_001,solider_swin_base_msmt17,ok,,cam2,10,X4->-1,53
strongsort_pp__clipreid_vitb16_market1501,video_001/clip_001,solider_swin_base_msmt17,ok,,cam2,10,unmatched->-1,1
strongsort_pp__clipreid_vitb16_market1501,video_001/clip_001,solider_swin_base_msmt17,ok,,cam2,11,B->-1,32
strongsort_pp__clipreid_vitb16_market1501,video_001/clip_001,solider_swin_base_msmt17,ok,,cam2,12,B->1,1008
strongsort_pp__clipreid_vitb16_market1501,video_001/clip_001,solider_swin_base_msmt17,ok,,cam2,14,B->-1,5
strongsort_pp__clipreid_vitb16_market1501,video_001/clip_001,solider_swin_base_msmt17,ok,,cam2,14,unmatched->-1,1
strongsort_pp__clipreid_vitb16_market1501,video_001/clip_001,solider_swin_base_msmt17,ok,,cam2,16,unmatched->-1,9
strongsort_pp__clipreid_vitb16_market1501,video_001/clip_001,solider_swin_base_msmt17,ok,,cam2,17,B->-1,7
strongsort_pp__clipreid_vitb16_market1501,video_001/clip_001,solider_swin_base_msmt17,ok,,cam2,18,unmatched->-1,810
strongsort_pp__clipreid_vitb16_market1501,video_001/clip_001,solider_swin_base_msmt17,ok,,cam2,19,unmatched->-1,624
strongsort_pp__clipreid_vitb16_market1501,video_001/clip_001,solider_swin_base_msmt17,ok,,cam2,2,A->-1,2
strongsort_pp__clipreid_vitb16_market1501,video_001/clip_001,solider_swin_base_msmt17,ok,,cam2,2,A->0,583
strongsort_pp__clipreid_vitb16_market1501,video_001/clip_001,solider_swin_base_msmt17,ok,,cam2,2,unmatched->-1,1
strongsort_pp__clipreid_vitb16_market1501,video_001/clip_001,solider_swin_base_msmt17,ok,,cam2,20,A->0,713
strongsort_pp__clipreid_vitb16_market1501,video_001/clip_001,solider_swin_base_msmt17,ok,,cam2,23,unmatched->-1,2
strongsort_pp__clipreid_vitb16_market1501,video_001/clip_001,solider_swin_base_msmt17,ok,,cam2,25,unmatched->-1,8
strongsort_pp__clipreid_vitb16_market1501,video_001/clip_001,solider_swin_base_msmt17,ok,,cam2,28,unmatched->-1,22
strongsort_pp__clipreid_vitb16_market1501,video_001/clip_001,solider_swin_base_msmt17,ok,,cam2,29,unmatched->-1,1
strongsort_pp__clipreid_vitb16_market1501,video_001/clip_001,solider_swin_base_msmt17,ok,,cam2,3,unmatched->-1,1233
strongsort_pp__clipreid_vitb16_market1501,video_001/clip_001,solider_swin_base_msmt17,ok,,cam2,31,unmatched->-1,5
strongsort_pp__clipreid_vitb16_market1501,video_001/clip_001,solider_swin_base_msmt17,ok,,cam2,4,X3->-1,22
strongsort_pp__clipreid_vitb16_market1501,video_001/clip_001,solider_swin_base_msmt17,ok,,cam2,4,unmatched->-1,2
strongsort_pp__clipreid_vitb16_market1501,video_001/clip_001,solider_swin_base_msmt17,ok,,cam2,5,X3->-1,5
strongsort_pp__clipreid_vitb16_market1501,video_001/clip_001,solider_swin_base_msmt17,ok,,cam2,7,X3->-1,1168
strongsort_pp__clipreid_vitb16_market1501,video_001/clip_001,solider_swin_base_msmt17,ok,,cam2,7,unmatched->-1,11
strongsort_pp__clipreid_vitb16_market1501,video_001/clip_001,solider_swin_base_msmt17,ok,,cam2,9,B->-1,16
strongsort_pp__clipreid_vitb16_market1501,video_002/clip_013,clipreid_vitb16_market1501,ok,,cam0,1,A->0,533
strongsort_pp__clipreid_vitb16_market1501,video_002/clip_013,clipreid_vitb16_market1501,ok,,cam0,11,unmatched->-1,8
strongsort_pp__clipreid_vitb16_market1501,video_002/clip_013,clipreid_vitb16_market1501,ok,,cam0,13,unmatched->-1,2
strongsort_pp__clipreid_vitb16_market1501,video_002/clip_013,clipreid_vitb16_market1501,ok,,cam0,14,unmatched->-1,188
strongsort_pp__clipreid_vitb16_market1501,video_002/clip_013,clipreid_vitb16_market1501,ok,,cam0,16,unmatched->-1,43
strongsort_pp__clipreid_vitb16_market1501,video_002/clip_013,clipreid_vitb16_market1501,ok,,cam0,2,unmatched->-1,503
strongsort_pp__clipreid_vitb16_market1501,video_002/clip_013,clipreid_vitb16_market1501,ok,,cam0,3,B->1,522
strongsort_pp__clipreid_vitb16_market1501,video_002/clip_013,clipreid_vitb16_market1501,ok,,cam0,3,unmatched->1,1
strongsort_pp__clipreid_vitb16_market1501,video_002/clip_013,clipreid_vitb16_market1501,ok,,cam0,6,unmatched->-1,520
strongsort_pp__clipreid_vitb16_market1501,video_002/clip_013,clipreid_vitb16_market1501,ok,,cam0,8,unmatched->-1,5
strongsort_pp__clipreid_vitb16_market1501,video_002/clip_013,clipreid_vitb16_market1501,ok,,cam1,1,A->0,533
strongsort_pp__clipreid_vitb16_market1501,video_002/clip_013,clipreid_vitb16_market1501,ok,,cam1,2,B->-1,51
strongsort_pp__clipreid_vitb16_market1501,video_002/clip_013,clipreid_vitb16_market1501,ok,,cam1,2,B->1,423
strongsort_pp__clipreid_vitb16_market1501,video_002/clip_013,clipreid_vitb16_market1501,ok,,cam1,2,unmatched->-1,4
strongsort_pp__clipreid_vitb16_market1501,video_002/clip_013,clipreid_vitb16_market1501,ok,,cam1,3,ambiguous->-1,2
strongsort_pp__clipreid_vitb16_market1501,video_002/clip_013,clipreid_vitb16_market1501,ok,,cam1,5,B->1,59
strongsort_pp__clipreid_vitb16_market1501,video_002/clip_013,clipreid_vitb16_market1501,ok,,cam2,1,B->1,533
strongsort_pp__clipreid_vitb16_market1501,video_002/clip_013,clipreid_vitb16_market1501,ok,,cam2,10,X1->-1,56
strongsort_pp__clipreid_vitb16_market1501,video_002/clip_013,clipreid_vitb16_market1501,ok,,cam2,10,unmatched->-1,6
strongsort_pp__clipreid_vitb16_market1501,video_002/clip_013,clipreid_vitb16_market1501,ok,,cam2,2,A->0,531
strongsort_pp__clipreid_vitb16_market1501,video_002/clip_013,clipreid_vitb16_market1501,ok,,cam2,2,unmatched->0,1
strongsort_pp__clipreid_vitb16_market1501,video_002/clip_013,clipreid_vitb16_market1501,ok,,cam2,6,X1->-1,130
strongsort_pp__clipreid_vitb16_market1501,video_002/clip_013,clipreid_vitb16_market1501,ok,,cam2,6,unmatched->-1,1
strongsort_pp__clipreid_vitb16_market1501,video_002/clip_013,kpr_market_solider_parts,undecided,ambiguous_association,,,,
strongsort_pp__clipreid_vitb16_market1501,video_002/clip_013,solider_swin_base_msmt17,ok,,cam0,1,A->0,533
strongsort_pp__clipreid_vitb16_market1501,video_002/clip_013,solider_swin_base_msmt17,ok,,cam0,11,unmatched->-1,8
strongsort_pp__clipreid_vitb16_market1501,video_002/clip_013,solider_swin_base_msmt17,ok,,cam0,13,unmatched->-1,2
strongsort_pp__clipreid_vitb16_market1501,video_002/clip_013,solider_swin_base_msmt17,ok,,cam0,14,unmatched->-1,188
strongsort_pp__clipreid_vitb16_market1501,video_002/clip_013,solider_swin_base_msmt17,ok,,cam0,16,unmatched->-1,43
strongsort_pp__clipreid_vitb16_market1501,video_002/clip_013,solider_swin_base_msmt17,ok,,cam0,2,unmatched->-1,503
strongsort_pp__clipreid_vitb16_market1501,video_002/clip_013,solider_swin_base_msmt17,ok,,cam0,3,B->1,522
strongsort_pp__clipreid_vitb16_market1501,video_002/clip_013,solider_swin_base_msmt17,ok,,cam0,3,unmatched->1,1
strongsort_pp__clipreid_vitb16_market1501,video_002/clip_013,solider_swin_base_msmt17,ok,,cam0,6,unmatched->-1,520
strongsort_pp__clipreid_vitb16_market1501,video_002/clip_013,solider_swin_base_msmt17,ok,,cam0,8,unmatched->-1,5
strongsort_pp__clipreid_vitb16_market1501,video_002/clip_013,solider_swin_base_msmt17,ok,,cam1,1,A->0,533
strongsort_pp__clipreid_vitb16_market1501,video_002/clip_013,solider_swin_base_msmt17,ok,,cam1,2,B->-1,51
strongsort_pp__clipreid_vitb16_market1501,video_002/clip_013,solider_swin_base_msmt17,ok,,cam1,2,B->1,423
strongsort_pp__clipreid_vitb16_market1501,video_002/clip_013,solider_swin_base_msmt17,ok,,cam1,2,unmatched->-1,4
strongsort_pp__clipreid_vitb16_market1501,video_002/clip_013,solider_swin_base_msmt17,ok,,cam1,3,ambiguous->-1,2
strongsort_pp__clipreid_vitb16_market1501,video_002/clip_013,solider_swin_base_msmt17,ok,,cam1,5,B->1,59
strongsort_pp__clipreid_vitb16_market1501,video_002/clip_013,solider_swin_base_msmt17,ok,,cam2,1,B->1,533
strongsort_pp__clipreid_vitb16_market1501,video_002/clip_013,solider_swin_base_msmt17,ok,,cam2,10,X1->-1,56
strongsort_pp__clipreid_vitb16_market1501,video_002/clip_013,solider_swin_base_msmt17,ok,,cam2,10,unmatched->-1,6
strongsort_pp__clipreid_vitb16_market1501,video_002/clip_013,solider_swin_base_msmt17,ok,,cam2,2,A->0,531
strongsort_pp__clipreid_vitb16_market1501,video_002/clip_013,solider_swin_base_msmt17,ok,,cam2,2,unmatched->0,1
strongsort_pp__clipreid_vitb16_market1501,video_002/clip_013,solider_swin_base_msmt17,ok,,cam2,6,X1->-1,130
strongsort_pp__clipreid_vitb16_market1501,video_002/clip_013,solider_swin_base_msmt17,ok,,cam2,6,unmatched->-1,1
best_kpr__kpr_market_solider_parts,video_000/clip_000,clipreid_vitb16_market1501,ok,,cam0,1,A->0,1008
best_kpr__kpr_market_solider_parts,video_000/clip_000,clipreid_vitb16_market1501,ok,,cam0,11,unmatched->-1,59
best_kpr__kpr_market_solider_parts,video_000/clip_000,clipreid_vitb16_market1501,ok,,cam0,12,unmatched->-1,15
best_kpr__kpr_market_solider_parts,video_000/clip_000,clipreid_vitb16_market1501,ok,,cam0,14,unmatched->-1,262
best_kpr__kpr_market_solider_parts,video_000/clip_000,clipreid_vitb16_market1501,ok,,cam0,15,unmatched->-1,574
best_kpr__kpr_market_solider_parts,video_000/clip_000,clipreid_vitb16_market1501,ok,,cam0,16,unmatched->-1,1
best_kpr__kpr_market_solider_parts,video_000/clip_000,clipreid_vitb16_market1501,ok,,cam0,17,unmatched->-1,1
best_kpr__kpr_market_solider_parts,video_000/clip_000,clipreid_vitb16_market1501,ok,,cam0,18,unmatched->-1,6
best_kpr__kpr_market_solider_parts,video_000/clip_000,clipreid_vitb16_market1501,ok,,cam0,2,X1->-1,179
best_kpr__kpr_market_solider_parts,video_000/clip_000,clipreid_vitb16_market1501,ok,,cam0,2,unmatched->-1,820
best_kpr__kpr_market_solider_parts,video_000/clip_000,clipreid_vitb16_market1501,ok,,cam0,20,unmatched->-1,208
best_kpr__kpr_market_solider_parts,video_000/clip_000,clipreid_vitb16_market1501,ok,,cam0,22,B->1,17
best_kpr__kpr_market_solider_parts,video_000/clip_000,clipreid_vitb16_market1501,ok,,cam0,24,B->-1,56
best_kpr__kpr_market_solider_parts,video_000/clip_000,clipreid_vitb16_market1501,ok,,cam0,25,B->-1,1
best_kpr__kpr_market_solider_parts,video_000/clip_000,clipreid_vitb16_market1501,ok,,cam0,27,B->-1,163
best_kpr__kpr_market_solider_parts,video_000/clip_000,clipreid_vitb16_market1501,ok,,cam0,28,unmatched->-1,82
best_kpr__kpr_market_solider_parts,video_000/clip_000,clipreid_vitb16_market1501,ok,,cam0,3,B->1,661
best_kpr__kpr_market_solider_parts,video_000/clip_000,clipreid_vitb16_market1501,ok,,cam0,33,unmatched->-1,1
best_kpr__kpr_market_solider_parts,video_000/clip_000,clipreid_vitb16_market1501,ok,,cam0,36,unmatched->-1,9
best_kpr__kpr_market_solider_parts,video_000/clip_000,clipreid_vitb16_market1501,ok,,cam0,38,unmatched->-1,13
best_kpr__kpr_market_solider_parts,video_000/clip_000,clipreid_vitb16_market1501,ok,,cam0,4,unmatched->-1,335
best_kpr__kpr_market_solider_parts,video_000/clip_000,clipreid_vitb16_market1501,ok,,cam0,41,unmatched->-1,2
best_kpr__kpr_market_solider_parts,video_000/clip_000,clipreid_vitb16_market1501,ok,,cam0,6,unmatched->-1,7
best_kpr__kpr_market_solider_parts,video_000/clip_000,clipreid_vitb16_market1501,ok,,cam0,8,B->-1,15
best_kpr__kpr_market_solider_parts,video_000/clip_000,clipreid_vitb16_market1501,ok,,cam1,1,A->0,1008
best_kpr__kpr_market_solider_parts,video_000/clip_000,clipreid_vitb16_market1501,ok,,cam1,10,unmatched->-1,3
best_kpr__kpr_market_solider_parts,video_000/clip_000,clipreid_vitb16_market1501,ok,,cam1,11,B->-1,1
best_kpr__kpr_market_solider_parts,video_000/clip_000,clipreid_vitb16_market1501,ok,,cam1,12,B->-1,5
best_kpr__kpr_market_solider_parts,video_000/clip_000,clipreid_vitb16_market1501,ok,,cam1,13,B->1,246
best_kpr__kpr_market_solider_parts,video_000/clip_000,clipreid_vitb16_market1501,ok,,cam1,16,unmatched->-1,177
best_kpr__kpr_market_solider_parts,video_000/clip_000,clipreid_vitb16_market1501,ok,,cam1,2,B->1,735
best_kpr__kpr_market_solider_parts,video_000/clip_000,clipreid_vitb16_market1501,ok,,cam1,3,unmatched->-1,20
best_kpr__kpr_market_solider_parts,video_000/clip_000,clipreid_vitb16_market1501,ok,,cam1,7,unmatched->-1,7
best_kpr__kpr_market_solider_parts,video_000/clip_000,clipreid_vitb16_market1501,ok,,cam2,1,B->1,1008
best_kpr__kpr_market_solider_parts,video_000/clip_000,clipreid_vitb16_market1501,ok,,cam2,10,unmatched->-1,1
best_kpr__kpr_market_solider_parts,video_000/clip_000,clipreid_vitb16_market1501,ok,,cam2,11,unmatched->-1,476
best_kpr__kpr_market_solider_parts,video_000/clip_000,clipreid_vitb16_market1501,ok,,cam2,16,unmatched->-1,50
best_kpr__kpr_market_solider_parts,video_000/clip_000,clipreid_vitb16_market1501,ok,,cam2,2,unmatched->-1,1008
best_kpr__kpr_market_solider_parts,video_000/clip_000,clipreid_vitb16_market1501,ok,,cam2,3,A->0,1007
best_kpr__kpr_market_solider_parts,video_000/clip_000,clipreid_vitb16_market1501,ok,,cam2,3,unmatched->0,1
best_kpr__kpr_market_solider_parts,video_000/clip_000,clipreid_vitb16_market1501,ok,,cam2,4,unmatched->-1,13
best_kpr__kpr_market_solider_parts,video_000/clip_000,kpr_market_solider_parts,undecided,ambiguous_players,,,,
best_kpr__kpr_market_solider_parts,video_000/clip_000,solider_swin_base_msmt17,ok,,cam0,1,A->0,1008
best_kpr__kpr_market_solider_parts,video_000/clip_000,solider_swin_base_msmt17,ok,,cam0,11,unmatched->-1,59
best_kpr__kpr_market_solider_parts,video_000/clip_000,solider_swin_base_msmt17,ok,,cam0,12,unmatched->-1,15
best_kpr__kpr_market_solider_parts,video_000/clip_000,solider_swin_base_msmt17,ok,,cam0,14,unmatched->-1,262
best_kpr__kpr_market_solider_parts,video_000/clip_000,solider_swin_base_msmt17,ok,,cam0,15,unmatched->-1,574
best_kpr__kpr_market_solider_parts,video_000/clip_000,solider_swin_base_msmt17,ok,,cam0,16,unmatched->-1,1
best_kpr__kpr_market_solider_parts,video_000/clip_000,solider_swin_base_msmt17,ok,,cam0,17,unmatched->-1,1
best_kpr__kpr_market_solider_parts,video_000/clip_000,solider_swin_base_msmt17,ok,,cam0,18,unmatched->-1,6
best_kpr__kpr_market_solider_parts,video_000/clip_000,solider_swin_base_msmt17,ok,,cam0,2,X1->-1,179
best_kpr__kpr_market_solider_parts,video_000/clip_000,solider_swin_base_msmt17,ok,,cam0,2,unmatched->-1,820
best_kpr__kpr_market_solider_parts,video_000/clip_000,solider_swin_base_msmt17,ok,,cam0,20,unmatched->-1,208
best_kpr__kpr_market_solider_parts,video_000/clip_000,solider_swin_base_msmt17,ok,,cam0,22,B->1,17
best_kpr__kpr_market_solider_parts,video_000/clip_000,solider_swin_base_msmt17,ok,,cam0,24,B->-1,56
best_kpr__kpr_market_solider_parts,video_000/clip_000,solider_swin_base_msmt17,ok,,cam0,25,B->-1,1
best_kpr__kpr_market_solider_parts,video_000/clip_000,solider_swin_base_msmt17,ok,,cam0,27,B->-1,163
best_kpr__kpr_market_solider_parts,video_000/clip_000,solider_swin_base_msmt17,ok,,cam0,28,unmatched->-1,82
best_kpr__kpr_market_solider_parts,video_000/clip_000,solider_swin_base_msmt17,ok,,cam0,3,B->1,661
best_kpr__kpr_market_solider_parts,video_000/clip_000,solider_swin_base_msmt17,ok,,cam0,33,unmatched->-1,1
best_kpr__kpr_market_solider_parts,video_000/clip_000,solider_swin_base_msmt17,ok,,cam0,36,unmatched->-1,9
best_kpr__kpr_market_solider_parts,video_000/clip_000,solider_swin_base_msmt17,ok,,cam0,38,unmatched->-1,13
best_kpr__kpr_market_solider_parts,video_000/clip_000,solider_swin_base_msmt17,ok,,cam0,4,unmatched->-1,335
best_kpr__kpr_market_solider_parts,video_000/clip_000,solider_swin_base_msmt17,ok,,cam0,41,unmatched->-1,2
best_kpr__kpr_market_solider_parts,video_000/clip_000,solider_swin_base_msmt17,ok,,cam0,6,unmatched->-1,7
best_kpr__kpr_market_solider_parts,video_000/clip_000,solider_swin_base_msmt17,ok,,cam0,8,B->-1,15
best_kpr__kpr_market_solider_parts,video_000/clip_000,solider_swin_base_msmt17,ok,,cam1,1,A->0,1008
best_kpr__kpr_market_solider_parts,video_000/clip_000,solider_swin_base_msmt17,ok,,cam1,10,unmatched->-1,3
best_kpr__kpr_market_solider_parts,video_000/clip_000,solider_swin_base_msmt17,ok,,cam1,11,B->-1,1
best_kpr__kpr_market_solider_parts,video_000/clip_000,solider_swin_base_msmt17,ok,,cam1,12,B->-1,5
best_kpr__kpr_market_solider_parts,video_000/clip_000,solider_swin_base_msmt17,ok,,cam1,13,B->1,246
best_kpr__kpr_market_solider_parts,video_000/clip_000,solider_swin_base_msmt17,ok,,cam1,16,unmatched->-1,177
best_kpr__kpr_market_solider_parts,video_000/clip_000,solider_swin_base_msmt17,ok,,cam1,2,B->1,735
best_kpr__kpr_market_solider_parts,video_000/clip_000,solider_swin_base_msmt17,ok,,cam1,3,unmatched->-1,20
best_kpr__kpr_market_solider_parts,video_000/clip_000,solider_swin_base_msmt17,ok,,cam1,7,unmatched->-1,7
best_kpr__kpr_market_solider_parts,video_000/clip_000,solider_swin_base_msmt17,ok,,cam2,1,B->1,1008
best_kpr__kpr_market_solider_parts,video_000/clip_000,solider_swin_base_msmt17,ok,,cam2,10,unmatched->-1,1
best_kpr__kpr_market_solider_parts,video_000/clip_000,solider_swin_base_msmt17,ok,,cam2,11,unmatched->-1,476
best_kpr__kpr_market_solider_parts,video_000/clip_000,solider_swin_base_msmt17,ok,,cam2,16,unmatched->-1,50
best_kpr__kpr_market_solider_parts,video_000/clip_000,solider_swin_base_msmt17,ok,,cam2,2,unmatched->-1,1008
best_kpr__kpr_market_solider_parts,video_000/clip_000,solider_swin_base_msmt17,ok,,cam2,3,A->0,1007
best_kpr__kpr_market_solider_parts,video_000/clip_000,solider_swin_base_msmt17,ok,,cam2,3,unmatched->0,1
best_kpr__kpr_market_solider_parts,video_000/clip_000,solider_swin_base_msmt17,ok,,cam2,4,unmatched->-1,13
best_kpr__kpr_market_solider_parts,video_000/clip_007,clipreid_vitb16_market1501,ok,,cam0,1,A->0,650
best_kpr__kpr_market_solider_parts,video_000/clip_007,clipreid_vitb16_market1501,ok,,cam0,12,unmatched->-1,1
best_kpr__kpr_market_solider_parts,video_000/clip_007,clipreid_vitb16_market1501,ok,,cam0,14,unmatched->-1,3
best_kpr__kpr_market_solider_parts,video_000/clip_007,clipreid_vitb16_market1501,ok,,cam0,16,unmatched->-1,2
best_kpr__kpr_market_solider_parts,video_000/clip_007,clipreid_vitb16_market1501,ok,,cam0,19,unmatched->-1,1
best_kpr__kpr_market_solider_parts,video_000/clip_007,clipreid_vitb16_market1501,ok,,cam0,2,X1->-1,224
best_kpr__kpr_market_solider_parts,video_000/clip_007,clipreid_vitb16_market1501,ok,,cam0,2,unmatched->-1,426
best_kpr__kpr_market_solider_parts,video_000/clip_007,clipreid_vitb16_market1501,ok,,cam0,20,unmatched->-1,164
best_kpr__kpr_market_solider_parts,video_000/clip_007,clipreid_vitb16_market1501,ok,,cam0,21,unmatched->-1,14
best_kpr__kpr_market_solider_parts,video_000/clip_007,clipreid_vitb16_market1501,ok,,cam0,22,unmatched->-1,1
best_kpr__kpr_market_solider_parts,video_000/clip_007,clipreid_vitb16_market1501,ok,,cam0,23,unmatched->-1,244
best_kpr__kpr_market_solider_parts,video_000/clip_007,clipreid_vitb16_market1501,ok,,cam0,29,unmatched->-1,38
best_kpr__kpr_market_solider_parts,video_000/clip_007,clipreid_vitb16_market1501,ok,,cam0,3,unmatched->-1,323
best_kpr__kpr_market_solider_parts,video_000/clip_007,clipreid_vitb16_market1501,ok,,cam0,30,B->1,120
best_kpr__kpr_market_solider_parts,video_000/clip_007,clipreid_vitb16_market1501,ok,,cam0,32,unmatched->-1,16
best_kpr__kpr_market_solider_parts,video_000/clip_007,clipreid_vitb16_market1501,ok,,cam0,33,unmatched->-1,71
best_kpr__kpr_market_solider_parts,video_000/clip_007,clipreid_vitb16_market1501,ok,,cam0,4,B->-1,161
best_kpr__kpr_market_solider_parts,video_000/clip_007,clipreid_vitb16_market1501,ok,,cam0,4,B->1,264
best_kpr__kpr_market_solider_parts,video_000/clip_007,clipreid_vitb16_market1501,ok,,cam0,4,unmatched->-1,1
best_kpr__kpr_market_solider_parts,video_000/clip_007,clipreid_vitb16_market1501,ok,,cam0,4,unmatched->1,61
best_kpr__kpr_market_solider_parts,video_000/clip_007,clipreid_vitb16_market1501,ok,,cam0,5,unmatched->-1,326
best_kpr__kpr_market_solider_parts,video_000/clip_007,clipreid_vitb16_market1501,ok,,cam0,8,unmatched->-1,11
best_kpr__kpr_market_solider_parts,video_000/clip_007,clipreid_vitb16_market1501,ok,,cam1,1,A->0,650
best_kpr__kpr_market_solider_parts,video_000/clip_007,clipreid_vitb16_market1501,ok,,cam1,14,B->-1,2
best_kpr__kpr_market_solider_parts,video_000/clip_007,clipreid_vitb16_market1501,ok,,cam1,16,B->-1,2
best_kpr__kpr_market_solider_parts,video_000/clip_007,clipreid_vitb16_market1501,ok,,cam1,17,B->-1,7
best_kpr__kpr_market_solider_parts,video_000/clip_007,clipreid_vitb16_market1501,ok,,cam1,18,B->-1,167
best_kpr__kpr_market_solider_parts,video_000/clip_007,clipreid_vitb16_market1501,ok,,cam1,19,X1->-1,78
best_kpr__kpr_market_solider_parts,video_000/clip_007,clipreid_vitb16_market1501,ok,,cam1,19,unmatched->-1,65
best_kpr__kpr_market_solider_parts,video_000/clip_007,clipreid_vitb16_market1501,ok,,cam1,2,B->-1,23
best_kpr__kpr_market_solider_parts,video_000/clip_007,clipreid_vitb16_market1501,ok,,cam1,2,B->1,444
best_kpr__kpr_market_solider_parts,video_000/clip_007,clipreid_vitb16_market1501,ok,,cam2,1,B->1,188
best_kpr__kpr_market_solider_parts,video_000/clip_007,clipreid_vitb16_market1501,ok,,cam2,10,A->-1,4
best_kpr__kpr_market_solider_parts,video_000/clip_007,clipreid_vitb16_market1501,ok,,cam2,10,A->0,273
best_kpr__kpr_market_solider_parts,video_000/clip_007,clipreid_vitb16_market1501,ok,,cam2,10,unmatched->0,2
best_kpr__kpr_market_solider_parts,video_000/clip_007,clipreid_vitb16_market1501,ok,,cam2,11,X2->-1,46
best_kpr__kpr_market_solider_parts,video_000/clip_007,clipreid_vitb16_market1501,ok,,cam2,13,B->-1,7
best_kpr__kpr_market_solider_parts,video_000/clip_007,clipreid_vitb16_market1501,ok,,cam2,14,B->1,428
best_kpr__kpr_market_solider_parts,video_000/clip_007,clipreid_vitb16_market1501,ok,,cam2,14,unmatched->1,11
best_kpr__kpr_market_solider_parts,video_000/clip_007,clipreid_vitb16_market1501,ok,,cam2,15,unmatched->-1,3
best_kpr__kpr_market_solider_parts,video_000/clip_007,clipreid_vitb16_market1501,ok,,cam2,17,A->-1,2
best_kpr__kpr_market_solider_parts,video_000/clip_007,clipreid_vitb16_market1501,ok,,cam2,17,A->0,300
best_kpr__kpr_market_solider_parts,video_000/clip_007,clipreid_vitb16_market1501,ok,,cam2,19,X2->-1,136
best_kpr__kpr_market_solider_parts,video_000/clip_007,clipreid_vitb16_market1501,ok,,cam2,2,A->0,73
best_kpr__kpr_market_solider_parts,video_000/clip_007,clipreid_vitb16_market1501,ok,,cam2,3,unmatched->-1,650
best_kpr__kpr_market_solider_parts,video_000/clip_007,clipreid_vitb16_market1501,ok,,cam2,4,X1->-1,50
best_kpr__kpr_market_solider_parts,video_000/clip_007,clipreid_vitb16_market1501,ok,,cam2,4,unmatched->-1,600
best_kpr__kpr_market_solider_parts,video_000/clip_007,clipreid_vitb16_market1501,ok,,cam2,9,X2->-1,7
best_kpr__kpr_market_solider_parts,video_000/clip_007,kpr_market_solider_parts,undecided,ambiguous_players,,,,
best_kpr__kpr_market_solider_parts,video_000/clip_007,solider_swin_base_msmt17,ok,,cam0,1,A->0,650
best_kpr__kpr_market_solider_parts,video_000/clip_007,solider_swin_base_msmt17,ok,,cam0,12,unmatched->-1,1
best_kpr__kpr_market_solider_parts,video_000/clip_007,solider_swin_base_msmt17,ok,,cam0,14,unmatched->-1,3
best_kpr__kpr_market_solider_parts,video_000/clip_007,solider_swin_base_msmt17,ok,,cam0,16,unmatched->-1,2
best_kpr__kpr_market_solider_parts,video_000/clip_007,solider_swin_base_msmt17,ok,,cam0,19,unmatched->-1,1
best_kpr__kpr_market_solider_parts,video_000/clip_007,solider_swin_base_msmt17,ok,,cam0,2,X1->-1,224
best_kpr__kpr_market_solider_parts,video_000/clip_007,solider_swin_base_msmt17,ok,,cam0,2,unmatched->-1,426
best_kpr__kpr_market_solider_parts,video_000/clip_007,solider_swin_base_msmt17,ok,,cam0,20,unmatched->-1,164
best_kpr__kpr_market_solider_parts,video_000/clip_007,solider_swin_base_msmt17,ok,,cam0,21,unmatched->-1,14
best_kpr__kpr_market_solider_parts,video_000/clip_007,solider_swin_base_msmt17,ok,,cam0,22,unmatched->-1,1
best_kpr__kpr_market_solider_parts,video_000/clip_007,solider_swin_base_msmt17,ok,,cam0,23,unmatched->-1,244
best_kpr__kpr_market_solider_parts,video_000/clip_007,solider_swin_base_msmt17,ok,,cam0,29,unmatched->-1,38
best_kpr__kpr_market_solider_parts,video_000/clip_007,solider_swin_base_msmt17,ok,,cam0,3,unmatched->-1,323
best_kpr__kpr_market_solider_parts,video_000/clip_007,solider_swin_base_msmt17,ok,,cam0,30,B->1,120
best_kpr__kpr_market_solider_parts,video_000/clip_007,solider_swin_base_msmt17,ok,,cam0,32,unmatched->-1,16
best_kpr__kpr_market_solider_parts,video_000/clip_007,solider_swin_base_msmt17,ok,,cam0,33,unmatched->-1,71
best_kpr__kpr_market_solider_parts,video_000/clip_007,solider_swin_base_msmt17,ok,,cam0,4,B->-1,161
best_kpr__kpr_market_solider_parts,video_000/clip_007,solider_swin_base_msmt17,ok,,cam0,4,B->1,264
best_kpr__kpr_market_solider_parts,video_000/clip_007,solider_swin_base_msmt17,ok,,cam0,4,unmatched->-1,1
best_kpr__kpr_market_solider_parts,video_000/clip_007,solider_swin_base_msmt17,ok,,cam0,4,unmatched->1,61
best_kpr__kpr_market_solider_parts,video_000/clip_007,solider_swin_base_msmt17,ok,,cam0,5,unmatched->-1,326
best_kpr__kpr_market_solider_parts,video_000/clip_007,solider_swin_base_msmt17,ok,,cam0,8,unmatched->-1,11
best_kpr__kpr_market_solider_parts,video_000/clip_007,solider_swin_base_msmt17,ok,,cam1,1,A->0,650
best_kpr__kpr_market_solider_parts,video_000/clip_007,solider_swin_base_msmt17,ok,,cam1,14,B->-1,2
best_kpr__kpr_market_solider_parts,video_000/clip_007,solider_swin_base_msmt17,ok,,cam1,16,B->-1,2
best_kpr__kpr_market_solider_parts,video_000/clip_007,solider_swin_base_msmt17,ok,,cam1,17,B->-1,7
best_kpr__kpr_market_solider_parts,video_000/clip_007,solider_swin_base_msmt17,ok,,cam1,18,B->-1,167
best_kpr__kpr_market_solider_parts,video_000/clip_007,solider_swin_base_msmt17,ok,,cam1,19,X1->-1,78
best_kpr__kpr_market_solider_parts,video_000/clip_007,solider_swin_base_msmt17,ok,,cam1,19,unmatched->-1,65
best_kpr__kpr_market_solider_parts,video_000/clip_007,solider_swin_base_msmt17,ok,,cam1,2,B->-1,23
best_kpr__kpr_market_solider_parts,video_000/clip_007,solider_swin_base_msmt17,ok,,cam1,2,B->1,444
best_kpr__kpr_market_solider_parts,video_000/clip_007,solider_swin_base_msmt17,ok,,cam2,1,B->1,188
best_kpr__kpr_market_solider_parts,video_000/clip_007,solider_swin_base_msmt17,ok,,cam2,10,A->-1,4
best_kpr__kpr_market_solider_parts,video_000/clip_007,solider_swin_base_msmt17,ok,,cam2,10,A->0,273
best_kpr__kpr_market_solider_parts,video_000/clip_007,solider_swin_base_msmt17,ok,,cam2,10,unmatched->0,2
best_kpr__kpr_market_solider_parts,video_000/clip_007,solider_swin_base_msmt17,ok,,cam2,11,X2->-1,46
best_kpr__kpr_market_solider_parts,video_000/clip_007,solider_swin_base_msmt17,ok,,cam2,13,B->-1,7
best_kpr__kpr_market_solider_parts,video_000/clip_007,solider_swin_base_msmt17,ok,,cam2,14,B->1,428
best_kpr__kpr_market_solider_parts,video_000/clip_007,solider_swin_base_msmt17,ok,,cam2,14,unmatched->1,11
best_kpr__kpr_market_solider_parts,video_000/clip_007,solider_swin_base_msmt17,ok,,cam2,15,unmatched->-1,3
best_kpr__kpr_market_solider_parts,video_000/clip_007,solider_swin_base_msmt17,ok,,cam2,17,A->-1,2
best_kpr__kpr_market_solider_parts,video_000/clip_007,solider_swin_base_msmt17,ok,,cam2,17,A->0,300
best_kpr__kpr_market_solider_parts,video_000/clip_007,solider_swin_base_msmt17,ok,,cam2,19,X2->-1,136
best_kpr__kpr_market_solider_parts,video_000/clip_007,solider_swin_base_msmt17,ok,,cam2,2,A->0,73
best_kpr__kpr_market_solider_parts,video_000/clip_007,solider_swin_base_msmt17,ok,,cam2,3,unmatched->-1,650
best_kpr__kpr_market_solider_parts,video_000/clip_007,solider_swin_base_msmt17,ok,,cam2,4,X1->-1,50
best_kpr__kpr_market_solider_parts,video_000/clip_007,solider_swin_base_msmt17,ok,,cam2,4,unmatched->-1,600
best_kpr__kpr_market_solider_parts,video_000/clip_007,solider_swin_base_msmt17,ok,,cam2,9,X2->-1,7
best_kpr__kpr_market_solider_parts,video_001/clip_001,clipreid_vitb16_market1501,ok,,cam0,1,A->0,1284
best_kpr__kpr_market_solider_parts,video_001/clip_001,clipreid_vitb16_market1501,ok,,cam0,14,unmatched->-1,127
best_kpr__kpr_market_solider_parts,video_001/clip_001,clipreid_vitb16_market1501,ok,,cam0,16,unmatched->-1,587
best_kpr__kpr_market_solider_parts,video_001/clip_001,clipreid_vitb16_market1501,ok,,cam0,2,X2->-1,216
best_kpr__kpr_market_solider_parts,video_001/clip_001,clipreid_vitb16_market1501,ok,,cam0,2,unmatched->-1,690
best_kpr__kpr_market_solider_parts,video_001/clip_001,clipreid_vitb16_market1501,ok,,cam0,21,unmatched->-1,27
best_kpr__kpr_market_solider_parts,video_001/clip_001,clipreid_vitb16_market1501,ok,,cam0,24,X1->-1,4
best_kpr__kpr_market_solider_parts,video_001/clip_001,clipreid_vitb16_market1501,ok,,cam0,26,unmatched->-1,4
best_kpr__kpr_market_solider_parts,video_001/clip_001,clipreid_vitb16_market1501,ok,,cam0,28,unmatched->-1,1
best_kpr__kpr_market_solider_parts,video_001/clip_001,clipreid_vitb16_market1501,ok,,cam0,29,unmatched->-1,1
best_kpr__kpr_market_solider_parts,video_001/clip_001,clipreid_vitb16_market1501,ok,,cam0,3,B->1,671
best_kpr__kpr_market_solider_parts,video_001/clip_001,clipreid_vitb16_market1501,ok,,cam0,32,X1->-1,19
best_kpr__kpr_market_solider_parts,video_001/clip_001,clipreid_vitb16_market1501,ok,,cam0,34,unmatched->-1,34
best_kpr__kpr_market_solider_parts,video_001/clip_001,clipreid_vitb16_market1501,ok,,cam0,36,unmatched->-1,33
best_kpr__kpr_market_solider_parts,video_001/clip_001,clipreid_vitb16_market1501,ok,,cam0,37,B->-1,3
best_kpr__kpr_market_solider_parts,video_001/clip_001,clipreid_vitb16_market1501,ok,,cam0,37,X1->-1,186
best_kpr__kpr_market_solider_parts,video_001/clip_001,clipreid_vitb16_market1501,ok,,cam0,37,ambiguous->-1,5
best_kpr__kpr_market_solider_parts,video_001/clip_001,clipreid_vitb16_market1501,ok,,cam0,38,unmatched->-1,144
best_kpr__kpr_market_solider_parts,video_001/clip_001,clipreid_vitb16_market1501,ok,,cam0,4,unmatched->-1,207
best_kpr__kpr_market_solider_parts,video_001/clip_001,clipreid_vitb16_market1501,ok,,cam0,40,unmatched->-1,39
best_kpr__kpr_market_solider_parts,video_001/clip_001,clipreid_vitb16_market1501,ok,,cam0,45,B->1,109
best_kpr__kpr_market_solider_parts,video_001/clip_001,clipreid_vitb16_market1501,ok,,cam0,46,unmatched->-1,178
best_kpr__kpr_market_solider_parts,video_001/clip_001,clipreid_vitb16_market1501,ok,,cam0,47,unmatched->-1,4
best_kpr__kpr_market_solider_parts,video_001/clip_001,clipreid_vitb16_market1501,ok,,cam0,48,X1->-1,488
best_kpr__kpr_market_solider_parts,video_001/clip_001,clipreid_vitb16_market1501,ok,,cam0,5,X1->-1,212
best_kpr__kpr_market_solider_parts,video_001/clip_001,clipreid_vitb16_market1501,ok,,cam0,50,B->1,477
best_kpr__kpr_market_solider_parts,video_001/clip_001,clipreid_vitb16_market1501,ok,,cam0,54,unmatched->-1,366
best_kpr__kpr_market_solider_parts,video_001/clip_001,clipreid_vitb16_market1501,ok,,cam0,58,unmatched->-1,20
best_kpr__kpr_market_solider_parts,video_001/clip_001,clipreid_vitb16_market1501,ok,,cam0,6,unmatched->-1,27
best_kpr__kpr_market_solider_parts,video_001/clip_001,clipreid_vitb16_market1501,ok,,cam0,61,unmatched->-1,1
best_kpr__kpr_market_solider_parts,video_001/clip_001,clipreid_vitb16_market1501,ok,,cam0,62,unmatched->-1,91
best_kpr__kpr_market_solider_parts,video_001/clip_001,clipreid_vitb16_market1501,ok,,cam0,63,unmatched->-1,5
best_kpr__kpr_market_solider_parts,video_001/clip_001,clipreid_vitb16_market1501,ok,,cam0,64,A->-1,13
best_kpr__kpr_market_solider_parts,video_001/clip_001,clipreid_vitb16_market1501,ok,,cam0,65,unmatched->-1,197
best_kpr__kpr_market_solider_parts,video_001/clip_001,clipreid_vitb16_market1501,ok,,cam0,68,unmatched->-1,227
best_kpr__kpr_market_solider_parts,video_001/clip_001,clipreid_vitb16_market1501,ok,,cam0,70,unmatched->-1,5
best_kpr__kpr_market_solider_parts,video_001/clip_001,clipreid_vitb16_market1501,ok,,cam0,71,unmatched->-1,90
best_kpr__kpr_market_solider_parts,video_001/clip_001,clipreid_vitb16_market1501,ok,,cam0,72,A->-1,1
best_kpr__kpr_market_solider_parts,video_001/clip_001,clipreid_vitb16_market1501,ok,,cam0,8,unmatched->-1,1
best_kpr__kpr_market_solider_parts,video_001/clip_001,clipreid_vitb16_market1501,ok,,cam0,9,unmatched->-1,26
best_kpr__kpr_market_solider_parts,video_001/clip_001,clipreid_vitb16_market1501,ok,,cam1,1,A->0,1297
best_kpr__kpr_market_solider_parts,video_001/clip_001,clipreid_vitb16_market1501,ok,,cam1,12,unmatched->-1,408
best_kpr__kpr_market_solider_parts,video_001/clip_001,clipreid_vitb16_market1501,ok,,cam1,14,X1->-1,66
best_kpr__kpr_market_solider_parts,video_001/clip_001,clipreid_vitb16_market1501,ok,,cam1,14,ambiguous->-1,4
best_kpr__kpr_market_solider_parts,video_001/clip_001,clipreid_vitb16_market1501,ok,,cam1,17,ambiguous->-1,30
best_kpr__kpr_market_solider_parts,video_001/clip_001,clipreid_vitb16_market1501,ok,,cam1,17,ambiguous->1,30
best_kpr__kpr_market_solider_parts,video_001/clip_001,clipreid_vitb16_market1501,ok,,cam1,19,B->-1,16
best_kpr__kpr_market_solider_parts,video_001/clip_001,clipreid_vitb16_market1501,ok,,cam1,19,B->1,219
best_kpr__kpr_market_solider_parts,video_001/clip_001,clipreid_vitb16_market1501,ok,,cam1,2,B->1,1013
best_kpr__kpr_market_solider_parts,video_001/clip_001,clipreid_vitb16_market1501,ok,,cam1,22,unmatched->-1,2
best_kpr__kpr_market_solider_parts,video_001/clip_001,clipreid_vitb16_market1501,ok,,cam1,24,X1->-1,160
best_kpr__kpr_market_solider_parts,video_001/clip_001,clipreid_vitb16_market1501,ok,,cam1,3,unmatched->-1,248
best_kpr__kpr_market_solider_parts,video_001/clip_001,clipreid_vitb16_market1501,ok,,cam1,4,X1->-1,927
best_kpr__kpr_market_solider_parts,video_001/clip_001,clipreid_vitb16_market1501,ok,,cam2,1,B->-1,167
best_kpr__kpr_market_solider_parts,video_001/clip_001,clipreid_vitb16_market1501,ok,,cam2,12,B->-1,16
best_kpr__kpr_market_solider_parts,video_001/clip_001,clipreid_vitb16_market1501,ok,,cam2,13,X4->-1,38
best_kpr__kpr_market_solider_parts,video_001/clip_001,clipreid_vitb16_market1501,ok,,cam2,14,B->-1,32
best_kpr__kpr_market_solider_parts,video_001/clip_001,clipreid_vitb16_market1501,ok,,cam2,16,B->-1,211
best_kpr__kpr_market_solider_parts,video_001/clip_001,clipreid_vitb16_market1501,ok,,cam2,17,X4->-1,4
best_kpr__kpr_market_solider_parts,video_001/clip_001,clipreid_vitb16_market1501,ok,,cam2,2,A->0,1285
best_kpr__kpr_market_solider_parts,video_001/clip_001,clipreid_vitb16_market1501,ok,,cam2,2,unmatched->0,1
best_kpr__kpr_market_solider_parts,video_001/clip_001,clipreid_vitb16_market1501,ok,,cam2,22,X4->-1,2
best_kpr__kpr_market_solider_parts,video_001/clip_001,clipreid_vitb16_market1501,ok,,cam2,27,unmatched->-1,9
best_kpr__kpr_market_solider_parts,video_001/clip_001,clipreid_vitb16_market1501,ok,,cam2,28,B->1,808
best_kpr__kpr_market_solider_parts,video_001/clip_001,clipreid_vitb16_market1501,ok,,cam2,29,unmatched->-1,810
best_kpr__kpr_market_solider_parts,video_001/clip_001,clipreid_vitb16_market1501,ok,,cam2,3,unmatched->-1,1226
best_kpr__kpr_market_solider_parts,video_001/clip_001,clipreid_vitb16_market1501,ok,,cam2,30,unmatched->-1,623
best_kpr__kpr_market_solider_parts,video_001/clip_001,clipreid_vitb16_market1501,ok,,cam2,31,A->-1,12
best_kpr__kpr_market_solider_parts,video_001/clip_001,clipreid_vitb16_market1501,ok,,cam2,35,unmatched->-1,2
best_kpr__kpr_market_solider_parts,video_001/clip_001,clipreid_vitb16_market1501,ok,,cam2,38,unmatched->-1,8
best_kpr__kpr_market_solider_parts,video_001/clip_001,clipreid_vitb16_market1501,ok,,cam2,4,X3->-1,22
best_kpr__kpr_market_solider_parts,video_001/clip_001,clipreid_vitb16_market1501,ok,,cam2,45,unmatched->-1,22
best_kpr__kpr_market_solider_parts,video_001/clip_001,clipreid_vitb16_market1501,ok,,cam2,46,unmatched->-1,1
best_kpr__kpr_market_solider_parts,video_001/clip_001,clipreid_vitb16_market1501,ok,,cam2,48,unmatched->-1,6
best_kpr__kpr_market_solider_parts,video_001/clip_001,clipreid_vitb16_market1501,ok,,cam2,6,X3->-1,5
best_kpr__kpr_market_solider_parts,video_001/clip_001,clipreid_vitb16_market1501,ok,,cam2,8,unmatched->-1,7
best_kpr__kpr_market_solider_parts,video_001/clip_001,clipreid_vitb16_market1501,ok,,cam2,9,X3->-1,1168
best_kpr__kpr_market_solider_parts,video_001/clip_001,clipreid_vitb16_market1501,ok,,cam2,9,unmatched->-1,1
best_kpr__kpr_market_solider_parts,video_001/clip_001,kpr_market_solider_parts,undecided,ambiguous_association,,,,
best_kpr__kpr_market_solider_parts,video_001/clip_001,solider_swin_base_msmt17,ok,,cam0,1,A->0,1284
best_kpr__kpr_market_solider_parts,video_001/clip_001,solider_swin_base_msmt17,ok,,cam0,14,unmatched->-1,127
best_kpr__kpr_market_solider_parts,video_001/clip_001,solider_swin_base_msmt17,ok,,cam0,16,unmatched->-1,587
best_kpr__kpr_market_solider_parts,video_001/clip_001,solider_swin_base_msmt17,ok,,cam0,2,X2->-1,216
best_kpr__kpr_market_solider_parts,video_001/clip_001,solider_swin_base_msmt17,ok,,cam0,2,unmatched->-1,690
best_kpr__kpr_market_solider_parts,video_001/clip_001,solider_swin_base_msmt17,ok,,cam0,21,unmatched->-1,27
best_kpr__kpr_market_solider_parts,video_001/clip_001,solider_swin_base_msmt17,ok,,cam0,24,X1->-1,4
best_kpr__kpr_market_solider_parts,video_001/clip_001,solider_swin_base_msmt17,ok,,cam0,26,unmatched->-1,4
best_kpr__kpr_market_solider_parts,video_001/clip_001,solider_swin_base_msmt17,ok,,cam0,28,unmatched->-1,1
best_kpr__kpr_market_solider_parts,video_001/clip_001,solider_swin_base_msmt17,ok,,cam0,29,unmatched->-1,1
best_kpr__kpr_market_solider_parts,video_001/clip_001,solider_swin_base_msmt17,ok,,cam0,3,B->1,671
best_kpr__kpr_market_solider_parts,video_001/clip_001,solider_swin_base_msmt17,ok,,cam0,32,X1->-1,19
best_kpr__kpr_market_solider_parts,video_001/clip_001,solider_swin_base_msmt17,ok,,cam0,34,unmatched->-1,34
best_kpr__kpr_market_solider_parts,video_001/clip_001,solider_swin_base_msmt17,ok,,cam0,36,unmatched->-1,33
best_kpr__kpr_market_solider_parts,video_001/clip_001,solider_swin_base_msmt17,ok,,cam0,37,B->-1,3
best_kpr__kpr_market_solider_parts,video_001/clip_001,solider_swin_base_msmt17,ok,,cam0,37,X1->-1,186
best_kpr__kpr_market_solider_parts,video_001/clip_001,solider_swin_base_msmt17,ok,,cam0,37,ambiguous->-1,5
best_kpr__kpr_market_solider_parts,video_001/clip_001,solider_swin_base_msmt17,ok,,cam0,38,unmatched->-1,144
best_kpr__kpr_market_solider_parts,video_001/clip_001,solider_swin_base_msmt17,ok,,cam0,4,unmatched->-1,207
best_kpr__kpr_market_solider_parts,video_001/clip_001,solider_swin_base_msmt17,ok,,cam0,40,unmatched->-1,39
best_kpr__kpr_market_solider_parts,video_001/clip_001,solider_swin_base_msmt17,ok,,cam0,45,B->1,109
best_kpr__kpr_market_solider_parts,video_001/clip_001,solider_swin_base_msmt17,ok,,cam0,46,unmatched->-1,178
best_kpr__kpr_market_solider_parts,video_001/clip_001,solider_swin_base_msmt17,ok,,cam0,47,unmatched->-1,4
best_kpr__kpr_market_solider_parts,video_001/clip_001,solider_swin_base_msmt17,ok,,cam0,48,X1->-1,488
best_kpr__kpr_market_solider_parts,video_001/clip_001,solider_swin_base_msmt17,ok,,cam0,5,X1->-1,212
best_kpr__kpr_market_solider_parts,video_001/clip_001,solider_swin_base_msmt17,ok,,cam0,50,B->1,477
best_kpr__kpr_market_solider_parts,video_001/clip_001,solider_swin_base_msmt17,ok,,cam0,54,unmatched->-1,366
best_kpr__kpr_market_solider_parts,video_001/clip_001,solider_swin_base_msmt17,ok,,cam0,58,unmatched->-1,20
best_kpr__kpr_market_solider_parts,video_001/clip_001,solider_swin_base_msmt17,ok,,cam0,6,unmatched->-1,27
best_kpr__kpr_market_solider_parts,video_001/clip_001,solider_swin_base_msmt17,ok,,cam0,61,unmatched->-1,1
best_kpr__kpr_market_solider_parts,video_001/clip_001,solider_swin_base_msmt17,ok,,cam0,62,unmatched->-1,91
best_kpr__kpr_market_solider_parts,video_001/clip_001,solider_swin_base_msmt17,ok,,cam0,63,unmatched->-1,5
best_kpr__kpr_market_solider_parts,video_001/clip_001,solider_swin_base_msmt17,ok,,cam0,64,A->-1,13
best_kpr__kpr_market_solider_parts,video_001/clip_001,solider_swin_base_msmt17,ok,,cam0,65,unmatched->-1,197
best_kpr__kpr_market_solider_parts,video_001/clip_001,solider_swin_base_msmt17,ok,,cam0,68,unmatched->-1,227
best_kpr__kpr_market_solider_parts,video_001/clip_001,solider_swin_base_msmt17,ok,,cam0,70,unmatched->-1,5
best_kpr__kpr_market_solider_parts,video_001/clip_001,solider_swin_base_msmt17,ok,,cam0,71,unmatched->-1,90
best_kpr__kpr_market_solider_parts,video_001/clip_001,solider_swin_base_msmt17,ok,,cam0,72,A->-1,1
best_kpr__kpr_market_solider_parts,video_001/clip_001,solider_swin_base_msmt17,ok,,cam0,8,unmatched->-1,1
best_kpr__kpr_market_solider_parts,video_001/clip_001,solider_swin_base_msmt17,ok,,cam0,9,unmatched->-1,26
best_kpr__kpr_market_solider_parts,video_001/clip_001,solider_swin_base_msmt17,ok,,cam1,1,A->0,1297
best_kpr__kpr_market_solider_parts,video_001/clip_001,solider_swin_base_msmt17,ok,,cam1,12,unmatched->-1,408
best_kpr__kpr_market_solider_parts,video_001/clip_001,solider_swin_base_msmt17,ok,,cam1,14,X1->-1,66
best_kpr__kpr_market_solider_parts,video_001/clip_001,solider_swin_base_msmt17,ok,,cam1,14,ambiguous->-1,4
best_kpr__kpr_market_solider_parts,video_001/clip_001,solider_swin_base_msmt17,ok,,cam1,17,ambiguous->-1,30
best_kpr__kpr_market_solider_parts,video_001/clip_001,solider_swin_base_msmt17,ok,,cam1,17,ambiguous->1,30
best_kpr__kpr_market_solider_parts,video_001/clip_001,solider_swin_base_msmt17,ok,,cam1,19,B->-1,16
best_kpr__kpr_market_solider_parts,video_001/clip_001,solider_swin_base_msmt17,ok,,cam1,19,B->1,219
best_kpr__kpr_market_solider_parts,video_001/clip_001,solider_swin_base_msmt17,ok,,cam1,2,B->1,1013
best_kpr__kpr_market_solider_parts,video_001/clip_001,solider_swin_base_msmt17,ok,,cam1,22,unmatched->-1,2
best_kpr__kpr_market_solider_parts,video_001/clip_001,solider_swin_base_msmt17,ok,,cam1,24,X1->-1,160
best_kpr__kpr_market_solider_parts,video_001/clip_001,solider_swin_base_msmt17,ok,,cam1,3,unmatched->-1,248
best_kpr__kpr_market_solider_parts,video_001/clip_001,solider_swin_base_msmt17,ok,,cam1,4,X1->-1,927
best_kpr__kpr_market_solider_parts,video_001/clip_001,solider_swin_base_msmt17,ok,,cam2,1,B->-1,167
best_kpr__kpr_market_solider_parts,video_001/clip_001,solider_swin_base_msmt17,ok,,cam2,12,B->-1,16
best_kpr__kpr_market_solider_parts,video_001/clip_001,solider_swin_base_msmt17,ok,,cam2,13,X4->-1,38
best_kpr__kpr_market_solider_parts,video_001/clip_001,solider_swin_base_msmt17,ok,,cam2,14,B->-1,32
best_kpr__kpr_market_solider_parts,video_001/clip_001,solider_swin_base_msmt17,ok,,cam2,16,B->-1,211
best_kpr__kpr_market_solider_parts,video_001/clip_001,solider_swin_base_msmt17,ok,,cam2,17,X4->-1,4
best_kpr__kpr_market_solider_parts,video_001/clip_001,solider_swin_base_msmt17,ok,,cam2,2,A->0,1285
best_kpr__kpr_market_solider_parts,video_001/clip_001,solider_swin_base_msmt17,ok,,cam2,2,unmatched->0,1
best_kpr__kpr_market_solider_parts,video_001/clip_001,solider_swin_base_msmt17,ok,,cam2,22,X4->-1,2
best_kpr__kpr_market_solider_parts,video_001/clip_001,solider_swin_base_msmt17,ok,,cam2,27,unmatched->-1,9
best_kpr__kpr_market_solider_parts,video_001/clip_001,solider_swin_base_msmt17,ok,,cam2,28,B->1,808
best_kpr__kpr_market_solider_parts,video_001/clip_001,solider_swin_base_msmt17,ok,,cam2,29,unmatched->-1,810
best_kpr__kpr_market_solider_parts,video_001/clip_001,solider_swin_base_msmt17,ok,,cam2,3,unmatched->-1,1226
best_kpr__kpr_market_solider_parts,video_001/clip_001,solider_swin_base_msmt17,ok,,cam2,30,unmatched->-1,623
best_kpr__kpr_market_solider_parts,video_001/clip_001,solider_swin_base_msmt17,ok,,cam2,31,A->-1,12
best_kpr__kpr_market_solider_parts,video_001/clip_001,solider_swin_base_msmt17,ok,,cam2,35,unmatched->-1,2
best_kpr__kpr_market_solider_parts,video_001/clip_001,solider_swin_base_msmt17,ok,,cam2,38,unmatched->-1,8
best_kpr__kpr_market_solider_parts,video_001/clip_001,solider_swin_base_msmt17,ok,,cam2,4,X3->-1,22
best_kpr__kpr_market_solider_parts,video_001/clip_001,solider_swin_base_msmt17,ok,,cam2,45,unmatched->-1,22
best_kpr__kpr_market_solider_parts,video_001/clip_001,solider_swin_base_msmt17,ok,,cam2,46,unmatched->-1,1
best_kpr__kpr_market_solider_parts,video_001/clip_001,solider_swin_base_msmt17,ok,,cam2,48,unmatched->-1,6
best_kpr__kpr_market_solider_parts,video_001/clip_001,solider_swin_base_msmt17,ok,,cam2,6,X3->-1,5
best_kpr__kpr_market_solider_parts,video_001/clip_001,solider_swin_base_msmt17,ok,,cam2,8,unmatched->-1,7
best_kpr__kpr_market_solider_parts,video_001/clip_001,solider_swin_base_msmt17,ok,,cam2,9,X3->-1,1168
best_kpr__kpr_market_solider_parts,video_001/clip_001,solider_swin_base_msmt17,ok,,cam2,9,unmatched->-1,1
best_kpr__kpr_market_solider_parts,video_002/clip_013,clipreid_vitb16_market1501,ok,,cam0,1,A->0,533
best_kpr__kpr_market_solider_parts,video_002/clip_013,clipreid_vitb16_market1501,ok,,cam0,12,unmatched->-1,8
best_kpr__kpr_market_solider_parts,video_002/clip_013,clipreid_vitb16_market1501,ok,,cam0,14,unmatched->-1,2
best_kpr__kpr_market_solider_parts,video_002/clip_013,clipreid_vitb16_market1501,ok,,cam0,15,unmatched->-1,188
best_kpr__kpr_market_solider_parts,video_002/clip_013,clipreid_vitb16_market1501,ok,,cam0,17,unmatched->-1,4
best_kpr__kpr_market_solider_parts,video_002/clip_013,clipreid_vitb16_market1501,ok,,cam0,18,unmatched->-1,36
best_kpr__kpr_market_solider_parts,video_002/clip_013,clipreid_vitb16_market1501,ok,,cam0,19,unmatched->-1,11
best_kpr__kpr_market_solider_parts,video_002/clip_013,clipreid_vitb16_market1501,ok,,cam0,2,unmatched->-1,489
best_kpr__kpr_market_solider_parts,video_002/clip_013,clipreid_vitb16_market1501,ok,,cam0,3,B->1,520
best_kpr__kpr_market_solider_parts,video_002/clip_013,clipreid_vitb16_market1501,ok,,cam0,3,unmatched->1,1
best_kpr__kpr_market_solider_parts,video_002/clip_013,clipreid_vitb16_market1501,ok,,cam0,6,unmatched->-1,520
best_kpr__kpr_market_solider_parts,video_002/clip_013,clipreid_vitb16_market1501,ok,,cam0,8,unmatched->-1,5
best_kpr__kpr_market_solider_parts,video_002/clip_013,clipreid_vitb16_market1501,ok,,cam1,1,A->0,533
best_kpr__kpr_market_solider_parts,video_002/clip_013,clipreid_vitb16_market1501,ok,,cam1,2,B->-1,42
best_kpr__kpr_market_solider_parts,video_002/clip_013,clipreid_vitb16_market1501,ok,,cam1,2,B->1,144
best_kpr__kpr_market_solider_parts,video_002/clip_013,clipreid_vitb16_market1501,ok,,cam1,3,ambiguous->-1,2
best_kpr__kpr_market_solider_parts,video_002/clip_013,clipreid_vitb16_market1501,ok,,cam1,5,B->1,343
best_kpr__kpr_market_solider_parts,video_002/clip_013,clipreid_vitb16_market1501,ok,,cam1,5,unmatched->1,1
best_kpr__kpr_market_solider_parts,video_002/clip_013,clipreid_vitb16_market1501,ok,,cam1,8,B->-1,3
best_kpr__kpr_market_solider_parts,video_002/clip_013,clipreid_vitb16_market1501,ok,,cam2,1,B->1,533
best_kpr__kpr_market_solider_parts,video_002/clip_013,clipreid_vitb16_market1501,ok,,cam2,10,X1->-1,55
best_kpr__kpr_market_solider_parts,video_002/clip_013,clipreid_vitb16_market1501,ok,,cam2,10,unmatched->-1,6
best_kpr__kpr_market_solider_parts,video_002/clip_013,clipreid_vitb16_market1501,ok,,cam2,2,A->-1,9
best_kpr__kpr_market_solider_parts,video_002/clip_013,clipreid_vitb16_market1501,ok,,cam2,2,A->0,147
best_kpr__kpr_market_solider_parts,video_002/clip_013,clipreid_vitb16_market1501,ok,,cam2,3,A->0,4
best_kpr__kpr_market_solider_parts,video_002/clip_013,clipreid_vitb16_market1501,ok,,cam2,4,A->0,369
best_kpr__kpr_market_solider_parts,video_002/clip_013,clipreid_vitb16_market1501,ok,,cam2,4,unmatched->0,1
best_kpr__kpr_market_solider_parts,video_002/clip_013,clipreid_vitb16_market1501,ok,,cam2,6,X1->-1,130
best_kpr__kpr_market_solider_parts,video_002/clip_013,clipreid_vitb16_market1501,ok,,cam2,6,unmatched->-1,1
best_kpr__kpr_market_solider_parts,video_002/clip_013,kpr_market_solider_parts,undecided,ambiguous_association,,,,
best_kpr__kpr_market_solider_parts,video_002/clip_013,solider_swin_base_msmt17,ok,,cam0,1,A->0,533
best_kpr__kpr_market_solider_parts,video_002/clip_013,solider_swin_base_msmt17,ok,,cam0,12,unmatched->-1,8
best_kpr__kpr_market_solider_parts,video_002/clip_013,solider_swin_base_msmt17,ok,,cam0,14,unmatched->-1,2
best_kpr__kpr_market_solider_parts,video_002/clip_013,solider_swin_base_msmt17,ok,,cam0,15,unmatched->-1,188
best_kpr__kpr_market_solider_parts,video_002/clip_013,solider_swin_base_msmt17,ok,,cam0,17,unmatched->-1,4
best_kpr__kpr_market_solider_parts,video_002/clip_013,solider_swin_base_msmt17,ok,,cam0,18,unmatched->-1,36
best_kpr__kpr_market_solider_parts,video_002/clip_013,solider_swin_base_msmt17,ok,,cam0,19,unmatched->-1,11
best_kpr__kpr_market_solider_parts,video_002/clip_013,solider_swin_base_msmt17,ok,,cam0,2,unmatched->-1,489
best_kpr__kpr_market_solider_parts,video_002/clip_013,solider_swin_base_msmt17,ok,,cam0,3,B->1,520
best_kpr__kpr_market_solider_parts,video_002/clip_013,solider_swin_base_msmt17,ok,,cam0,3,unmatched->1,1
best_kpr__kpr_market_solider_parts,video_002/clip_013,solider_swin_base_msmt17,ok,,cam0,6,unmatched->-1,520
best_kpr__kpr_market_solider_parts,video_002/clip_013,solider_swin_base_msmt17,ok,,cam0,8,unmatched->-1,5
best_kpr__kpr_market_solider_parts,video_002/clip_013,solider_swin_base_msmt17,ok,,cam1,1,A->0,533
best_kpr__kpr_market_solider_parts,video_002/clip_013,solider_swin_base_msmt17,ok,,cam1,2,B->-1,42
best_kpr__kpr_market_solider_parts,video_002/clip_013,solider_swin_base_msmt17,ok,,cam1,2,B->1,144
best_kpr__kpr_market_solider_parts,video_002/clip_013,solider_swin_base_msmt17,ok,,cam1,3,ambiguous->-1,2
best_kpr__kpr_market_solider_parts,video_002/clip_013,solider_swin_base_msmt17,ok,,cam1,5,B->1,343
best_kpr__kpr_market_solider_parts,video_002/clip_013,solider_swin_base_msmt17,ok,,cam1,5,unmatched->1,1
best_kpr__kpr_market_solider_parts,video_002/clip_013,solider_swin_base_msmt17,ok,,cam1,8,B->-1,3
best_kpr__kpr_market_solider_parts,video_002/clip_013,solider_swin_base_msmt17,ok,,cam2,1,B->1,533
best_kpr__kpr_market_solider_parts,video_002/clip_013,solider_swin_base_msmt17,ok,,cam2,10,X1->-1,55
best_kpr__kpr_market_solider_parts,video_002/clip_013,solider_swin_base_msmt17,ok,,cam2,10,unmatched->-1,6
best_kpr__kpr_market_solider_parts,video_002/clip_013,solider_swin_base_msmt17,ok,,cam2,2,A->-1,9
best_kpr__kpr_market_solider_parts,video_002/clip_013,solider_swin_base_msmt17,ok,,cam2,2,A->0,147
best_kpr__kpr_market_solider_parts,video_002/clip_013,solider_swin_base_msmt17,ok,,cam2,3,A->0,4
best_kpr__kpr_market_solider_parts,video_002/clip_013,solider_swin_base_msmt17,ok,,cam2,4,A->0,369
best_kpr__kpr_market_solider_parts,video_002/clip_013,solider_swin_base_msmt17,ok,,cam2,4,unmatched->0,1
best_kpr__kpr_market_solider_parts,video_002/clip_013,solider_swin_base_msmt17,ok,,cam2,6,X1->-1,130
best_kpr__kpr_market_solider_parts,video_002/clip_013,solider_swin_base_msmt17,ok,,cam2,6,unmatched->-1,1
strongsort_pp_pose__clipreid_vitb16_market1501,video_000/clip_000,clipreid_vitb16_market1501,ok,,cam0,1,A->0,1008
strongsort_pp_pose__clipreid_vitb16_market1501,video_000/clip_000,clipreid_vitb16_market1501,ok,,cam0,10,B->1,226
strongsort_pp_pose__clipreid_vitb16_market1501,video_000/clip_000,clipreid_vitb16_market1501,ok,,cam0,11,unmatched->-1,82
strongsort_pp_pose__clipreid_vitb16_market1501,video_000/clip_000,clipreid_vitb16_market1501,ok,,cam0,14,unmatched->-1,23
strongsort_pp_pose__clipreid_vitb16_market1501,video_000/clip_000,clipreid_vitb16_market1501,ok,,cam0,2,X1->-1,179
strongsort_pp_pose__clipreid_vitb16_market1501,video_000/clip_000,clipreid_vitb16_market1501,ok,,cam0,2,unmatched->-1,825
strongsort_pp_pose__clipreid_vitb16_market1501,video_000/clip_000,clipreid_vitb16_market1501,ok,,cam0,3,B->1,702
strongsort_pp_pose__clipreid_vitb16_market1501,video_000/clip_000,clipreid_vitb16_market1501,ok,,cam0,3,unmatched->1,1
strongsort_pp_pose__clipreid_vitb16_market1501,video_000/clip_000,clipreid_vitb16_market1501,ok,,cam0,4,unmatched->-1,908
strongsort_pp_pose__clipreid_vitb16_market1501,video_000/clip_000,clipreid_vitb16_market1501,ok,,cam0,6,unmatched->-1,314
strongsort_pp_pose__clipreid_vitb16_market1501,video_000/clip_000,clipreid_vitb16_market1501,ok,,cam0,7,unmatched->-1,39
strongsort_pp_pose__clipreid_vitb16_market1501,video_000/clip_000,clipreid_vitb16_market1501,ok,,cam0,9,unmatched->-1,233
strongsort_pp_pose__clipreid_vitb16_market1501,video_000/clip_000,clipreid_vitb16_market1501,ok,,cam1,1,A->0,1008
strongsort_pp_pose__clipreid_vitb16_market1501,video_000/clip_000,clipreid_vitb16_market1501,ok,,cam1,10,unmatched->-1,3
strongsort_pp_pose__clipreid_vitb16_market1501,video_000/clip_000,clipreid_vitb16_market1501,ok,,cam1,13,unmatched->-1,177
strongsort_pp_pose__clipreid_vitb16_market1501,video_000/clip_000,clipreid_vitb16_market1501,ok,,cam1,2,B->1,993
strongsort_pp_pose__clipreid_vitb16_market1501,video_000/clip_000,clipreid_vitb16_market1501,ok,,cam1,3,unmatched->-1,20
strongsort_pp_pose__clipreid_vitb16_market1501,video_000/clip_000,clipreid_vitb16_market1501,ok,,cam1,7,unmatched->-1,7
strongsort_pp_pose__clipreid_vitb16_market1501,video_000/clip_000,clipreid_vitb16_market1501,ok,,cam2,1,B->1,1008
strongsort_pp_pose__clipreid_vitb16_market1501,video_000/clip_000,clipreid_vitb16_market1501,ok,,cam2,11,unmatched->-1,1
strongsort_pp_pose__clipreid_vitb16_market1501,video_000/clip_000,clipreid_vitb16_market1501,ok,,cam2,12,unmatched->-1,476
strongsort_pp_pose__clipreid_vitb16_market1501,video_000/clip_000,clipreid_vitb16_market1501,ok,,cam2,18,unmatched->-1,50
strongsort_pp_pose__clipreid_vitb16_market1501,video_000/clip_000,clipreid_vitb16_market1501,ok,,cam2,2,unmatched->-1,1008
strongsort_pp_pose__clipreid_vitb16_market1501,video_000/clip_000,clipreid_vitb16_market1501,ok,,cam2,3,A->0,1005
strongsort_pp_pose__clipreid_vitb16_market1501,video_000/clip_000,clipreid_vitb16_market1501,ok,,cam2,5,unmatched->-1,13
strongsort_pp_pose__clipreid_vitb16_market1501,video_000/clip_007,clipreid_vitb16_market1501,ok,,cam0,1,A->0,650
strongsort_pp_pose__clipreid_vitb16_market1501,video_000/clip_007,clipreid_vitb16_market1501,ok,,cam0,10,B->1,387
strongsort_pp_pose__clipreid_vitb16_market1501,video_000/clip_007,clipreid_vitb16_market1501,ok,,cam0,10,unmatched->1,44
strongsort_pp_pose__clipreid_vitb16_market1501,video_000/clip_007,clipreid_vitb16_market1501,ok,,cam0,11,unmatched->-1,70
strongsort_pp_pose__clipreid_vitb16_market1501,video_000/clip_007,clipreid_vitb16_market1501,ok,,cam0,14,unmatched->-1,60
strongsort_pp_pose__clipreid_vitb16_market1501,video_000/clip_007,clipreid_vitb16_market1501,ok,,cam0,15,unmatched->-1,115
strongsort_pp_pose__clipreid_vitb16_market1501,video_000/clip_007,clipreid_vitb16_market1501,ok,,cam0,17,unmatched->-1,57
strongsort_pp_pose__clipreid_vitb16_market1501,video_000/clip_007,clipreid_vitb16_market1501,ok,,cam0,18,unmatched->-1,71
strongsort_pp_pose__clipreid_vitb16_market1501,video_000/clip_007,clipreid_vitb16_market1501,ok,,cam0,2,X1->-1,224
strongsort_pp_pose__clipreid_vitb16_market1501,video_000/clip_007,clipreid_vitb16_market1501,ok,,cam0,2,unmatched->-1,426
strongsort_pp_pose__clipreid_vitb16_market1501,video_000/clip_007,clipreid_vitb16_market1501,ok,,cam0,3,unmatched->-1,45
strongsort_pp_pose__clipreid_vitb16_market1501,video_000/clip_007,clipreid_vitb16_market1501,ok,,cam0,4,B->1,161
strongsort_pp_pose__clipreid_vitb16_market1501,video_000/clip_007,clipreid_vitb16_market1501,ok,,cam0,4,unmatched->-1,18
strongsort_pp_pose__clipreid_vitb16_market1501,video_000/clip_007,clipreid_vitb16_market1501,ok,,cam0,4,unmatched->1,1
strongsort_pp_pose__clipreid_vitb16_market1501,video_000/clip_007,clipreid_vitb16_market1501,ok,,cam0,5,unmatched->-1,589
strongsort_pp_pose__clipreid_vitb16_market1501,video_000/clip_007,clipreid_vitb16_market1501,ok,,cam0,6,unmatched->-1,230
strongsort_pp_pose__clipreid_vitb16_market1501,video_000/clip_007,clipreid_vitb16_market1501,ok,,cam1,1,A->0,650
strongsort_pp_pose__clipreid_vitb16_market1501,video_000/clip_007,clipreid_vitb16_market1501,ok,,cam1,12,B->-1,186
strongsort_pp_pose__clipreid_vitb16_market1501,video_000/clip_007,clipreid_vitb16_market1501,ok,,cam1,12,unmatched->-1,1
strongsort_pp_pose__clipreid_vitb16_market1501,video_000/clip_007,clipreid_vitb16_market1501,ok,,cam1,14,B->-1,2
strongsort_pp_pose__clipreid_vitb16_market1501,video_000/clip_007,clipreid_vitb16_market1501,ok,,cam1,15,X1->-1,78
strongsort_pp_pose__clipreid_vitb16_market1501,video_000/clip_007,clipreid_vitb16_market1501,ok,,cam1,15,unmatched->-1,65
strongsort_pp_pose__clipreid_vitb16_market1501,video_000/clip_007,clipreid_vitb16_market1501,ok,,cam1,2,B->1,461
strongsort_pp_pose__clipreid_vitb16_market1501,video_000/clip_007,clipreid_vitb16_market1501,ok,,cam1,2,unmatched->1,3
strongsort_pp_pose__clipreid_vitb16_market1501,video_000/clip_007,clipreid_vitb16_market1501,ok,,cam2,1,B->1,616
strongsort_pp_pose__clipreid_vitb16_market1501,video_000/clip_007,clipreid_vitb16_market1501,ok,,cam2,1,unmatched->1,13
strongsort_pp_pose__clipreid_vitb16_market1501,video_000/clip_007,clipreid_vitb16_market1501,ok,,cam2,10,A->0,563
strongsort_pp_pose__clipreid_vitb16_market1501,video_000/clip_007,clipreid_vitb16_market1501,ok,,cam2,11,X2->-1,46
strongsort_pp_pose__clipreid_vitb16_market1501,video_000/clip_007,clipreid_vitb16_market1501,ok,,cam2,13,B->-1,7
strongsort_pp_pose__clipreid_vitb16_market1501,video_000/clip_007,clipreid_vitb16_market1501,ok,,cam2,14,unmatched->-1,3
strongsort_pp_pose__clipreid_vitb16_market1501,video_000/clip_007,clipreid_vitb16_market1501,ok,,cam2,19,X2->-1,136
strongsort_pp_pose__clipreid_vitb16_market1501,video_000/clip_007,clipreid_vitb16_market1501,ok,,cam2,2,A->-1,90
strongsort_pp_pose__clipreid_vitb16_market1501,video_000/clip_007,clipreid_vitb16_market1501,ok,,cam2,3,unmatched->-1,650
strongsort_pp_pose__clipreid_vitb16_market1501,video_000/clip_007,clipreid_vitb16_market1501,ok,,cam2,4,X1->-1,50
strongsort_pp_pose__clipreid_vitb16_market1501,video_000/clip_007,clipreid_vitb16_market1501,ok,,cam2,4,unmatched->-1,600
strongsort_pp_pose__clipreid_vitb16_market1501,video_000/clip_007,clipreid_vitb16_market1501,ok,,cam2,9,X2->-1,7
strongsort_pp_pose__clipreid_vitb16_market1501,video_001/clip_001,clipreid_vitb16_market1501,ok,,cam0,1,A->0,1283
strongsort_pp_pose__clipreid_vitb16_market1501,video_001/clip_001,clipreid_vitb16_market1501,ok,,cam0,10,unmatched->-1,55
strongsort_pp_pose__clipreid_vitb16_market1501,video_001/clip_001,clipreid_vitb16_market1501,ok,,cam0,11,X1->-1,19
strongsort_pp_pose__clipreid_vitb16_market1501,video_001/clip_001,clipreid_vitb16_market1501,ok,,cam0,13,unmatched->-1,663
strongsort_pp_pose__clipreid_vitb16_market1501,video_001/clip_001,clipreid_vitb16_market1501,ok,,cam0,14,B->-1,8
strongsort_pp_pose__clipreid_vitb16_market1501,video_001/clip_001,clipreid_vitb16_market1501,ok,,cam0,14,X1->-1,186
strongsort_pp_pose__clipreid_vitb16_market1501,video_001/clip_001,clipreid_vitb16_market1501,ok,,cam0,14,ambiguous->-1,5
strongsort_pp_pose__clipreid_vitb16_market1501,video_001/clip_001,clipreid_vitb16_market1501,ok,,cam0,15,unmatched->-1,6
strongsort_pp_pose__clipreid_vitb16_market1501,video_001/clip_001,clipreid_vitb16_market1501,ok,,cam0,17,unmatched->-1,40
strongsort_pp_pose__clipreid_vitb16_market1501,video_001/clip_001,clipreid_vitb16_market1501,ok,,cam0,2,X2->-1,216
strongsort_pp_pose__clipreid_vitb16_market1501,video_001/clip_001,clipreid_vitb16_market1501,ok,,cam0,2,unmatched->-1,694
strongsort_pp_pose__clipreid_vitb16_market1501,video_001/clip_001,clipreid_vitb16_market1501,ok,,cam0,20,unmatched->-1,5
strongsort_pp_pose__clipreid_vitb16_market1501,video_001/clip_001,clipreid_vitb16_market1501,ok,,cam0,21,unmatched->-1,287
strongsort_pp_pose__clipreid_vitb16_market1501,video_001/clip_001,clipreid_vitb16_market1501,ok,,cam0,22,unmatched->-1,8
strongsort_pp_pose__clipreid_vitb16_market1501,video_001/clip_001,clipreid_vitb16_market1501,ok,,cam0,23,X1->-1,488
strongsort_pp_pose__clipreid_vitb16_market1501,video_001/clip_001,clipreid_vitb16_market1501,ok,,cam0,28,unmatched->-1,279
strongsort_pp_pose__clipreid_vitb16_market1501,video_001/clip_001,clipreid_vitb16_market1501,ok,,cam0,3,B->1,1255
strongsort_pp_pose__clipreid_vitb16_market1501,video_001/clip_001,clipreid_vitb16_market1501,ok,,cam0,3,unmatched->1,1
strongsort_pp_pose__clipreid_vitb16_market1501,video_001/clip_001,clipreid_vitb16_market1501,ok,,cam0,30,A->-1,14
strongsort_pp_pose__clipreid_vitb16_market1501,video_001/clip_001,clipreid_vitb16_market1501,ok,,cam0,31,unmatched->-1,289
strongsort_pp_pose__clipreid_vitb16_market1501,video_001/clip_001,clipreid_vitb16_market1501,ok,,cam0,32,A->-1,1
strongsort_pp_pose__clipreid_vitb16_market1501,video_001/clip_001,clipreid_vitb16_market1501,ok,,cam0,4,unmatched->-1,634
strongsort_pp_pose__clipreid_vitb16_market1501,video_001/clip_001,clipreid_vitb16_market1501,ok,,cam0,5,X1->-1,212
strongsort_pp_pose__clipreid_vitb16_market1501,video_001/clip_001,clipreid_vitb16_market1501,ok,,cam0,6,unmatched->-1,32
strongsort_pp_pose__clipreid_vitb16_market1501,video_001/clip_001,clipreid_vitb16_market1501,ok,,cam0,7,unmatched->-1,204
strongsort_pp_pose__clipreid_vitb16_market1501,video_001/clip_001,clipreid_vitb16_market1501,ok,,cam0,9,X1->-1,4
strongsort_pp_pose__clipreid_vitb16_market1501,video_001/clip_001,clipreid_vitb16_market1501,ok,,cam1,1,A->0,1297
strongsort_pp_pose__clipreid_vitb16_market1501,video_001/clip_001,clipreid_vitb16_market1501,ok,,cam1,10,unmatched->-1,408
strongsort_pp_pose__clipreid_vitb16_market1501,video_001/clip_001,clipreid_vitb16_market1501,ok,,cam1,13,B->-1,236
strongsort_pp_pose__clipreid_vitb16_market1501,video_001/clip_001,clipreid_vitb16_market1501,ok,,cam1,15,unmatched->-1,2
strongsort_pp_pose__clipreid_vitb16_market1501,video_001/clip_001,clipreid_vitb16_market1501,ok,,cam1,17,X1->-1,160
strongsort_pp_pose__clipreid_vitb16_market1501,video_001/clip_001,clipreid_vitb16_market1501,ok,,cam1,2,B->1,954
strongsort_pp_pose__clipreid_vitb16_market1501,video_001/clip_001,clipreid_vitb16_market1501,ok,,cam1,2,X1->-1,63
strongsort_pp_pose__clipreid_vitb16_market1501,video_001/clip_001,clipreid_vitb16_market1501,ok,,cam1,2,X1->1,3
strongsort_pp_pose__clipreid_vitb16_market1501,video_001/clip_001,clipreid_vitb16_market1501,ok,,cam1,2,ambiguous->-1,33
strongsort_pp_pose__clipreid_vitb16_market1501,video_001/clip_001,clipreid_vitb16_market1501,ok,,cam1,2,unmatched->-1,2
strongsort_pp_pose__clipreid_vitb16_market1501,video_001/clip_001,clipreid_vitb16_market1501,ok,,cam1,2,unmatched->1,1
strongsort_pp_pose__clipreid_vitb16_market1501,video_001/clip_001,clipreid_vitb16_market1501,ok,,cam1,3,unmatched->-1,249
strongsort_pp_pose__clipreid_vitb16_market1501,video_001/clip_001,clipreid_vitb16_market1501,ok,,cam1,4,B->-1,59
strongsort_pp_pose__clipreid_vitb16_market1501,video_001/clip_001,clipreid_vitb16_market1501,ok,,cam1,4,X1->-1,930
strongsort_pp_pose__clipreid_vitb16_market1501,video_001/clip_001,clipreid_vitb16_market1501,ok,,cam1,4,ambiguous->-1,32
strongsort_pp_pose__clipreid_vitb16_market1501,video_001/clip_001,clipreid_vitb16_market1501,ok,,cam1,4,unmatched->-1,2
strongsort_pp_pose__clipreid_vitb16_market1501,video_001/clip_001,clipreid_vitb16_market1501,ok,,cam2,1,B->-1,167
strongsort_pp_pose__clipreid_vitb16_market1501,video_001/clip_001,clipreid_vitb16_market1501,ok,,cam2,10,X4->-1,53
strongsort_pp_pose__clipreid_vitb16_market1501,video_001/clip_001,clipreid_vitb16_market1501,ok,,cam2,10,unmatched->-1,1
strongsort_pp_pose__clipreid_vitb16_market1501,video_001/clip_001,clipreid_vitb16_market1501,ok,,cam2,11,B->-1,32
strongsort_pp_pose__clipreid_vitb16_market1501,video_001/clip_001,clipreid_vitb16_market1501,ok,,cam2,12,B->1,1008
strongsort_pp_pose__clipreid_vitb16_market1501,video_001/clip_001,clipreid_vitb16_market1501,ok,,cam2,14,B->-1,5
strongsort_pp_pose__clipreid_vitb16_market1501,video_001/clip_001,clipreid_vitb16_market1501,ok,,cam2,14,unmatched->-1,1
strongsort_pp_pose__clipreid_vitb16_market1501,video_001/clip_001,clipreid_vitb16_market1501,ok,,cam2,16,unmatched->-1,9
strongsort_pp_pose__clipreid_vitb16_market1501,video_001/clip_001,clipreid_vitb16_market1501,ok,,cam2,17,B->-1,7
strongsort_pp_pose__clipreid_vitb16_market1501,video_001/clip_001,clipreid_vitb16_market1501,ok,,cam2,18,unmatched->-1,810
strongsort_pp_pose__clipreid_vitb16_market1501,video_001/clip_001,clipreid_vitb16_market1501,ok,,cam2,19,unmatched->-1,624
strongsort_pp_pose__clipreid_vitb16_market1501,video_001/clip_001,clipreid_vitb16_market1501,ok,,cam2,2,A->0,1286
strongsort_pp_pose__clipreid_vitb16_market1501,video_001/clip_001,clipreid_vitb16_market1501,ok,,cam2,2,unmatched->0,1
strongsort_pp_pose__clipreid_vitb16_market1501,video_001/clip_001,clipreid_vitb16_market1501,ok,,cam2,20,A->-1,12
strongsort_pp_pose__clipreid_vitb16_market1501,video_001/clip_001,clipreid_vitb16_market1501,ok,,cam2,23,unmatched->-1,3
strongsort_pp_pose__clipreid_vitb16_market1501,video_001/clip_001,clipreid_vitb16_market1501,ok,,cam2,25,unmatched->-1,8
strongsort_pp_pose__clipreid_vitb16_market1501,video_001/clip_001,clipreid_vitb16_market1501,ok,,cam2,28,unmatched->-1,22
strongsort_pp_pose__clipreid_vitb16_market1501,video_001/clip_001,clipreid_vitb16_market1501,ok,,cam2,29,unmatched->-1,1
strongsort_pp_pose__clipreid_vitb16_market1501,video_001/clip_001,clipreid_vitb16_market1501,ok,,cam2,3,unmatched->-1,1232
strongsort_pp_pose__clipreid_vitb16_market1501,video_001/clip_001,clipreid_vitb16_market1501,ok,,cam2,31,unmatched->-1,5
strongsort_pp_pose__clipreid_vitb16_market1501,video_001/clip_001,clipreid_vitb16_market1501,ok,,cam2,4,X3->-1,22
strongsort_pp_pose__clipreid_vitb16_market1501,video_001/clip_001,clipreid_vitb16_market1501,ok,,cam2,4,unmatched->-1,2
strongsort_pp_pose__clipreid_vitb16_market1501,video_001/clip_001,clipreid_vitb16_market1501,ok,,cam2,5,X3->-1,5
strongsort_pp_pose__clipreid_vitb16_market1501,video_001/clip_001,clipreid_vitb16_market1501,ok,,cam2,7,X3->-1,1168
strongsort_pp_pose__clipreid_vitb16_market1501,video_001/clip_001,clipreid_vitb16_market1501,ok,,cam2,7,unmatched->-1,11
strongsort_pp_pose__clipreid_vitb16_market1501,video_001/clip_001,clipreid_vitb16_market1501,ok,,cam2,9,B->-1,16
strongsort_pp_pose__clipreid_vitb16_market1501,video_002/clip_013,clipreid_vitb16_market1501,ok,,cam0,1,A->0,533
strongsort_pp_pose__clipreid_vitb16_market1501,video_002/clip_013,clipreid_vitb16_market1501,ok,,cam0,11,unmatched->-1,8
strongsort_pp_pose__clipreid_vitb16_market1501,video_002/clip_013,clipreid_vitb16_market1501,ok,,cam0,13,unmatched->-1,2
strongsort_pp_pose__clipreid_vitb16_market1501,video_002/clip_013,clipreid_vitb16_market1501,ok,,cam0,14,unmatched->-1,188
strongsort_pp_pose__clipreid_vitb16_market1501,video_002/clip_013,clipreid_vitb16_market1501,ok,,cam0,16,unmatched->-1,43
strongsort_pp_pose__clipreid_vitb16_market1501,video_002/clip_013,clipreid_vitb16_market1501,ok,,cam0,2,unmatched->-1,503
strongsort_pp_pose__clipreid_vitb16_market1501,video_002/clip_013,clipreid_vitb16_market1501,ok,,cam0,3,B->1,522
strongsort_pp_pose__clipreid_vitb16_market1501,video_002/clip_013,clipreid_vitb16_market1501,ok,,cam0,3,unmatched->1,1
strongsort_pp_pose__clipreid_vitb16_market1501,video_002/clip_013,clipreid_vitb16_market1501,ok,,cam0,6,unmatched->-1,520
strongsort_pp_pose__clipreid_vitb16_market1501,video_002/clip_013,clipreid_vitb16_market1501,ok,,cam0,8,unmatched->-1,5
strongsort_pp_pose__clipreid_vitb16_market1501,video_002/clip_013,clipreid_vitb16_market1501,ok,,cam1,1,A->0,533
strongsort_pp_pose__clipreid_vitb16_market1501,video_002/clip_013,clipreid_vitb16_market1501,ok,,cam1,2,B->-1,51
strongsort_pp_pose__clipreid_vitb16_market1501,video_002/clip_013,clipreid_vitb16_market1501,ok,,cam1,2,B->1,423
strongsort_pp_pose__clipreid_vitb16_market1501,video_002/clip_013,clipreid_vitb16_market1501,ok,,cam1,2,unmatched->-1,4
strongsort_pp_pose__clipreid_vitb16_market1501,video_002/clip_013,clipreid_vitb16_market1501,ok,,cam1,3,ambiguous->-1,2
strongsort_pp_pose__clipreid_vitb16_market1501,video_002/clip_013,clipreid_vitb16_market1501,ok,,cam1,5,B->1,59
strongsort_pp_pose__clipreid_vitb16_market1501,video_002/clip_013,clipreid_vitb16_market1501,ok,,cam2,1,B->1,533
strongsort_pp_pose__clipreid_vitb16_market1501,video_002/clip_013,clipreid_vitb16_market1501,ok,,cam2,10,X1->-1,56
strongsort_pp_pose__clipreid_vitb16_market1501,video_002/clip_013,clipreid_vitb16_market1501,ok,,cam2,10,unmatched->-1,6
strongsort_pp_pose__clipreid_vitb16_market1501,video_002/clip_013,clipreid_vitb16_market1501,ok,,cam2,2,A->0,531
strongsort_pp_pose__clipreid_vitb16_market1501,video_002/clip_013,clipreid_vitb16_market1501,ok,,cam2,2,unmatched->0,1
strongsort_pp_pose__clipreid_vitb16_market1501,video_002/clip_013,clipreid_vitb16_market1501,ok,,cam2,6,X1->-1,130
strongsort_pp_pose__clipreid_vitb16_market1501,video_002/clip_013,clipreid_vitb16_market1501,ok,,cam2,6,unmatched->-1,1
deep_ocsort_pose_aflink_gsi__clipreid_vitb16_market1501,video_000/clip_000,clipreid_vitb16_market1501,ok,,cam0,1,A->0,1010
deep_ocsort_pose_aflink_gsi__clipreid_vitb16_market1501,video_000/clip_000,clipreid_vitb16_market1501,ok,,cam0,10,B->1,219
deep_ocsort_pose_aflink_gsi__clipreid_vitb16_market1501,video_000/clip_000,clipreid_vitb16_market1501,ok,,cam0,11,unmatched->-1,81
deep_ocsort_pose_aflink_gsi__clipreid_vitb16_market1501,video_000/clip_000,clipreid_vitb16_market1501,ok,,cam0,12,unmatched->-1,11
deep_ocsort_pose_aflink_gsi__clipreid_vitb16_market1501,video_000/clip_000,clipreid_vitb16_market1501,ok,,cam0,2,X1->-1,179
deep_ocsort_pose_aflink_gsi__clipreid_vitb16_market1501,video_000/clip_000,clipreid_vitb16_market1501,ok,,cam0,2,unmatched->-1,826
deep_ocsort_pose_aflink_gsi__clipreid_vitb16_market1501,video_000/clip_000,clipreid_vitb16_market1501,ok,,cam0,3,B->1,690
deep_ocsort_pose_aflink_gsi__clipreid_vitb16_market1501,video_000/clip_000,clipreid_vitb16_market1501,ok,,cam0,4,unmatched->-1,335
deep_ocsort_pose_aflink_gsi__clipreid_vitb16_market1501,video_000/clip_000,clipreid_vitb16_market1501,ok,,cam0,5,unmatched->-1,609
deep_ocsort_pose_aflink_gsi__clipreid_vitb16_market1501,video_000/clip_000,clipreid_vitb16_market1501,ok,,cam0,6,unmatched->-1,257
deep_ocsort_pose_aflink_gsi__clipreid_vitb16_market1501,video_000/clip_000,clipreid_vitb16_market1501,ok,,cam0,7,unmatched->-1,36
deep_ocsort_pose_aflink_gsi__clipreid_vitb16_market1501,video_000/clip_000,clipreid_vitb16_market1501,ok,,cam0,9,unmatched->-1,208
deep_ocsort_pose_aflink_gsi__clipreid_vitb16_market1501,video_000/clip_000,clipreid_vitb16_market1501,ok,,cam1,1,A->0,1010
deep_ocsort_pose_aflink_gsi__clipreid_vitb16_market1501,video_000/clip_000,clipreid_vitb16_market1501,ok,,cam1,2,B->1,514
deep_ocsort_pose_aflink_gsi__clipreid_vitb16_market1501,video_000/clip_000,clipreid_vitb16_market1501,ok,,cam1,3,unmatched->-1,17
deep_ocsort_pose_aflink_gsi__clipreid_vitb16_market1501,video_000/clip_000,clipreid_vitb16_market1501,ok,,cam1,4,B->1,470
deep_ocsort_pose_aflink_gsi__clipreid_vitb16_market1501,video_000/clip_000,clipreid_vitb16_market1501,ok,,cam1,5,unmatched->-1,3
deep_ocsort_pose_aflink_gsi__clipreid_vitb16_market1501,video_000/clip_000,clipreid_vitb16_market1501,ok,,cam1,6,unmatched->-1,2
deep_ocsort_pose_aflink_gsi__clipreid_vitb16_market1501,video_000/clip_000,clipreid_vitb16_market1501,ok,,cam1,7,unmatched->-1,172
deep_ocsort_pose_aflink_gsi__clipreid_vitb16_market1501,video_000/clip_000,clipreid_vitb16_market1501,ok,,cam2,1,B->1,1010
deep_ocsort_pose_aflink_gsi__clipreid_vitb16_market1501,video_000/clip_000,clipreid_vitb16_market1501,ok,,cam2,12,unmatched->-1,49
deep_ocsort_pose_aflink_gsi__clipreid_vitb16_market1501,video_000/clip_000,clipreid_vitb16_market1501,ok,,cam2,2,unmatched->-1,1008
deep_ocsort_pose_aflink_gsi__clipreid_vitb16_market1501,video_000/clip_000,clipreid_vitb16_market1501,ok,,cam2,3,A->0,970
deep_ocsort_pose_aflink_gsi__clipreid_vitb16_market1501,video_000/clip_000,clipreid_vitb16_market1501,ok,,cam2,3,unmatched->0,1
deep_ocsort_pose_aflink_gsi__clipreid_vitb16_market1501,video_000/clip_000,clipreid_vitb16_market1501,ok,,cam2,4,unmatched->-1,5
deep_ocsort_pose_aflink_gsi__clipreid_vitb16_market1501,video_000/clip_000,clipreid_vitb16_market1501,ok,,cam2,6,A->-1,29
deep_ocsort_pose_aflink_gsi__clipreid_vitb16_market1501,video_000/clip_000,clipreid_vitb16_market1501,ok,,cam2,8,unmatched->-1,475
deep_ocsort_pose_aflink_gsi__clipreid_vitb16_market1501,video_000/clip_007,clipreid_vitb16_market1501,ok,,cam0,1,A->0,652
deep_ocsort_pose_aflink_gsi__clipreid_vitb16_market1501,video_000/clip_007,clipreid_vitb16_market1501,ok,,cam0,11,unmatched->-1,66
deep_ocsort_pose_aflink_gsi__clipreid_vitb16_market1501,video_000/clip_007,clipreid_vitb16_market1501,ok,,cam0,12,unmatched->-1,1
deep_ocsort_pose_aflink_gsi__clipreid_vitb16_market1501,video_000/clip_007,clipreid_vitb16_market1501,ok,,cam0,13,unmatched->-1,164
deep_ocsort_pose_aflink_gsi__clipreid_vitb16_market1501,video_000/clip_007,clipreid_vitb16_market1501,ok,,cam0,16,unmatched->-1,52
deep_ocsort_pose_aflink_gsi__clipreid_vitb16_market1501,video_000/clip_007,clipreid_vitb16_market1501,ok,,cam0,17,unmatched->-1,70
deep_ocsort_pose_aflink_gsi__clipreid_vitb16_market1501,video_000/clip_007,clipreid_vitb16_market1501,ok,,cam0,2,X1->-1,224
deep_ocsort_pose_aflink_gsi__clipreid_vitb16_market1501,video_000/clip_007,clipreid_vitb16_market1501,ok,,cam0,2,unmatched->-1,428
deep_ocsort_pose_aflink_gsi__clipreid_vitb16_market1501,video_000/clip_007,clipreid_vitb16_market1501,ok,,cam0,3,unmatched->-1,45
deep_ocsort_pose_aflink_gsi__clipreid_vitb16_market1501,video_000/clip_007,clipreid_vitb16_market1501,ok,,cam0,4,B->1,541
deep_ocsort_pose_aflink_gsi__clipreid_vitb16_market1501,video_000/clip_007,clipreid_vitb16_market1501,ok,,cam0,4,unmatched->-1,10
deep_ocsort_pose_aflink_gsi__clipreid_vitb16_market1501,video_000/clip_007,clipreid_vitb16_market1501,ok,,cam0,4,unmatched->1,48
deep_ocsort_pose_aflink_gsi__clipreid_vitb16_market1501,video_000/clip_007,clipreid_vitb16_market1501,ok,,cam0,5,unmatched->-1,574
deep_ocsort_pose_aflink_gsi__clipreid_vitb16_market1501,video_000/clip_007,clipreid_vitb16_market1501,ok,,cam0,6,unmatched->-1,9
deep_ocsort_pose_aflink_gsi__clipreid_vitb16_market1501,video_000/clip_007,clipreid_vitb16_market1501,ok,,cam0,7,unmatched->-1,213
deep_ocsort_pose_aflink_gsi__clipreid_vitb16_market1501,video_000/clip_007,clipreid_vitb16_market1501,ok,,cam1,1,A->0,652
deep_ocsort_pose_aflink_gsi__clipreid_vitb16_market1501,video_000/clip_007,clipreid_vitb16_market1501,ok,,cam1,10,X1->-1,78
deep_ocsort_pose_aflink_gsi__clipreid_vitb16_market1501,video_000/clip_007,clipreid_vitb16_market1501,ok,,cam1,10,unmatched->-1,64
deep_ocsort_pose_aflink_gsi__clipreid_vitb16_market1501,video_000/clip_007,clipreid_vitb16_market1501,ok,,cam1,2,B->1,597
deep_ocsort_pose_aflink_gsi__clipreid_vitb16_market1501,video_000/clip_007,clipreid_vitb16_market1501,ok,,cam1,8,B->-1,22
deep_ocsort_pose_aflink_gsi__clipreid_vitb16_market1501,video_000/clip_007,clipreid_vitb16_market1501,ok,,cam1,9,B->-1,2
deep_ocsort_pose_aflink_gsi__clipreid_vitb16_market1501,video_000/clip_007,clipreid_vitb16_market1501,ok,,cam2,1,B->1,618
deep_ocsort_pose_aflink_gsi__clipreid_vitb16_market1501,video_000/clip_007,clipreid_vitb16_market1501,ok,,cam2,1,unmatched->1,11
deep_ocsort_pose_aflink_gsi__clipreid_vitb16_market1501,video_000/clip_007,clipreid_vitb16_market1501,ok,,cam2,10,unmatched->-1,2
deep_ocsort_pose_aflink_gsi__clipreid_vitb16_market1501,video_000/clip_007,clipreid_vitb16_market1501,ok,,cam2,11,X1->-1,50
deep_ocsort_pose_aflink_gsi__clipreid_vitb16_market1501,video_000/clip_007,clipreid_vitb16_market1501,ok,,cam2,11,unmatched->-1,336
deep_ocsort_pose_aflink_gsi__clipreid_vitb16_market1501,video_000/clip_007,clipreid_vitb16_market1501,ok,,cam2,12,A->-1,1
deep_ocsort_pose_aflink_gsi__clipreid_vitb16_market1501,video_000/clip_007,clipreid_vitb16_market1501,ok,,cam2,12,A->0,299
deep_ocsort_pose_aflink_gsi__clipreid_vitb16_market1501,video_000/clip_007,clipreid_vitb16_market1501,ok,,cam2,14,X2->-1,103
deep_ocsort_pose_aflink_gsi__clipreid_vitb16_market1501,video_000/clip_007,clipreid_vitb16_market1501,ok,,cam2,2,A->0,339
deep_ocsort_pose_aflink_gsi__clipreid_vitb16_market1501,video_000/clip_007,clipreid_vitb16_market1501,ok,,cam2,2,unmatched->0,2
deep_ocsort_pose_aflink_gsi__clipreid_vitb16_market1501,video_000/clip_007,clipreid_vitb16_market1501,ok,,cam2,3,unmatched->-1,652
deep_ocsort_pose_aflink_gsi__clipreid_vitb16_market1501,video_000/clip_007,clipreid_vitb16_market1501,ok,,cam2,4,unmatched->-1,264
deep_ocsort_pose_aflink_gsi__clipreid_vitb16_market1501,video_000/clip_007,clipreid_vitb16_market1501,ok,,cam2,5,X2->-1,5
deep_ocsort_pose_aflink_gsi__clipreid_vitb16_market1501,video_000/clip_007,clipreid_vitb16_market1501,ok,,cam2,7,A->-1,6
deep_ocsort_pose_aflink_gsi__clipreid_vitb16_market1501,video_000/clip_007,clipreid_vitb16_market1501,ok,,cam2,8,X2->-1,36
deep_ocsort_pose_aflink_gsi__clipreid_vitb16_market1501,video_000/clip_007,clipreid_vitb16_market1501,ok,,cam2,9,B->-1,7
deep_ocsort_pose_aflink_gsi__clipreid_vitb16_market1501,video_001/clip_001,clipreid_vitb16_market1501,ok,,cam0,1,A->0,1283
deep_ocsort_pose_aflink_gsi__clipreid_vitb16_market1501,video_001/clip_001,clipreid_vitb16_market1501,ok,,cam0,10,unmatched->-1,14
deep_ocsort_pose_aflink_gsi__clipreid_vitb16_market1501,video_001/clip_001,clipreid_vitb16_market1501,ok,,cam0,11,X1->-1,13
deep_ocsort_pose_aflink_gsi__clipreid_vitb16_market1501,video_001/clip_001,clipreid_vitb16_market1501,ok,,cam0,12,unmatched->-1,34
deep_ocsort_pose_aflink_gsi__clipreid_vitb16_market1501,video_001/clip_001,clipreid_vitb16_market1501,ok,,cam0,14,unmatched->-1,168
deep_ocsort_pose_aflink_gsi__clipreid_vitb16_market1501,video_001/clip_001,clipreid_vitb16_market1501,ok,,cam0,15,X1->-1,9
deep_ocsort_pose_aflink_gsi__clipreid_vitb16_market1501,video_001/clip_001,clipreid_vitb16_market1501,ok,,cam0,16,unmatched->-1,5
deep_ocsort_pose_aflink_gsi__clipreid_vitb16_market1501,video_001/clip_001,clipreid_vitb16_market1501,ok,,cam0,17,B->-1,7
deep_ocsort_pose_aflink_gsi__clipreid_vitb16_market1501,video_001/clip_001,clipreid_vitb16_market1501,ok,,cam0,17,X1->-1,154
deep_ocsort_pose_aflink_gsi__clipreid_vitb16_market1501,video_001/clip_001,clipreid_vitb16_market1501,ok,,cam0,17,ambiguous->-1,5
deep_ocsort_pose_aflink_gsi__clipreid_vitb16_market1501,video_001/clip_001,clipreid_vitb16_market1501,ok,,cam0,18,unmatched->-1,38
deep_ocsort_pose_aflink_gsi__clipreid_vitb16_market1501,video_001/clip_001,clipreid_vitb16_market1501,ok,,cam0,2,X2->-1,216
deep_ocsort_pose_aflink_gsi__clipreid_vitb16_market1501,video_001/clip_001,clipreid_vitb16_market1501,ok,,cam0,2,unmatched->-1,683
deep_ocsort_pose_aflink_gsi__clipreid_vitb16_market1501,video_001/clip_001,clipreid_vitb16_market1501,ok,,cam0,21,unmatched->-1,505
deep_ocsort_pose_aflink_gsi__clipreid_vitb16_market1501,video_001/clip_001,clipreid_vitb16_market1501,ok,,cam0,22,unmatched->-1,5
deep_ocsort_pose_aflink_gsi__clipreid_vitb16_market1501,video_001/clip_001,clipreid_vitb16_market1501,ok,,cam0,23,X1->-1,484
deep_ocsort_pose_aflink_gsi__clipreid_vitb16_market1501,video_001/clip_001,clipreid_vitb16_market1501,ok,,cam0,28,unmatched->-1,256
deep_ocsort_pose_aflink_gsi__clipreid_vitb16_market1501,video_001/clip_001,clipreid_vitb16_market1501,ok,,cam0,29,A->-1,13
deep_ocsort_pose_aflink_gsi__clipreid_vitb16_market1501,video_001/clip_001,clipreid_vitb16_market1501,ok,,cam0,3,B->1,1233
deep_ocsort_pose_aflink_gsi__clipreid_vitb16_market1501,video_001/clip_001,clipreid_vitb16_market1501,ok,,cam0,30,unmatched->-1,286
deep_ocsort_pose_aflink_gsi__clipreid_vitb16_market1501,video_001/clip_001,clipreid_vitb16_market1501,ok,,cam0,32,B->1,12
deep_ocsort_pose_aflink_gsi__clipreid_vitb16_market1501,video_001/clip_001,clipreid_vitb16_market1501,ok,,cam0,4,unmatched->-1,874
deep_ocsort_pose_aflink_gsi__clipreid_vitb16_market1501,video_001/clip_001,clipreid_vitb16_market1501,ok,,cam0,5,X1->-1,201
deep_ocsort_pose_aflink_gsi__clipreid_vitb16_market1501,video_001/clip_001,clipreid_vitb16_market1501,ok,,cam0,6,unmatched->-1,30
deep_ocsort_pose_aflink_gsi__clipreid_vitb16_market1501,video_001/clip_001,clipreid_vitb16_market1501,ok,,cam0,7,unmatched->-1,157
deep_ocsort_pose_aflink_gsi__clipreid_vitb16_market1501,video_001/clip_001,clipreid_vitb16_market1501,ok,,cam0,9,X1->-1,2
deep_ocsort_pose_aflink_gsi__clipreid_vitb16_market1501,video_001/clip_001,clipreid_vitb16_market1501,ok,,cam1,1,A->0,1295
deep_ocsort_pose_aflink_gsi__clipreid_vitb16_market1501,video_001/clip_001,clipreid_vitb16_market1501,ok,,cam1,10,B->-1,69
deep_ocsort_pose_aflink_gsi__clipreid_vitb16_market1501,video_001/clip_001,clipreid_vitb16_market1501,ok,,cam1,10,X1->-1,160
deep_ocsort_pose_aflink_gsi__clipreid_vitb16_market1501,video_001/clip_001,clipreid_vitb16_market1501,ok,,cam1,11,B->-1,164
deep_ocsort_pose_aflink_gsi__clipreid_vitb16_market1501,video_001/clip_001,clipreid_vitb16_market1501,ok,,cam1,2,B->1,949
deep_ocsort_pose_aflink_gsi__clipreid_vitb16_market1501,video_001/clip_001,clipreid_vitb16_market1501,ok,,cam1,2,X1->-1,61
deep_ocsort_pose_aflink_gsi__clipreid_vitb16_market1501,video_001/clip_001,clipreid_vitb16_market1501,ok,,cam1,2,X1->1,3
deep_ocsort_pose_aflink_gsi__clipreid_vitb16_market1501,video_001/clip_001,clipreid_vitb16_market1501,ok,,cam1,2,ambiguous->-1,32
deep_ocsort_pose_aflink_gsi__clipreid_vitb16_market1501,video_001/clip_001,clipreid_vitb16_market1501,ok,,cam1,3,unmatched->-1,249
deep_ocsort_pose_aflink_gsi__clipreid_vitb16_market1501,video_001/clip_001,clipreid_vitb16_market1501,ok,,cam1,4,B->-1,56
deep_ocsort_pose_aflink_gsi__clipreid_vitb16_market1501,video_001/clip_001,clipreid_vitb16_market1501,ok,,cam1,4,X1->-1,929
deep_ocsort_pose_aflink_gsi__clipreid_vitb16_market1501,video_001/clip_001,clipreid_vitb16_market1501,ok,,cam1,4,ambiguous->-1,30
deep_ocsort_pose_aflink_gsi__clipreid_vitb16_market1501,video_001/clip_001,clipreid_vitb16_market1501,ok,,cam1,7,unmatched->-1,407
deep_ocsort_pose_aflink_gsi__clipreid_vitb16_market1501,video_001/clip_001,clipreid_vitb16_market1501,ok,,cam2,1,B->-1,169
deep_ocsort_pose_aflink_gsi__clipreid_vitb16_market1501,video_001/clip_001,clipreid_vitb16_market1501,ok,,cam2,10,X4->-1,43
deep_ocsort_pose_aflink_gsi__clipreid_vitb16_market1501,video_001/clip_001,clipreid_vitb16_market1501,ok,,cam2,11,B->-1,31
deep_ocsort_pose_aflink_gsi__clipreid_vitb16_market1501,video_001/clip_001,clipreid_vitb16_market1501,ok,,cam2,12,B->1,1000
deep_ocsort_pose_aflink_gsi__clipreid_vitb16_market1501,video_001/clip_001,clipreid_vitb16_market1501,ok,,cam2,13,B->-1,5
deep_ocsort_pose_aflink_gsi__clipreid_vitb16_market1501,video_001/clip_001,clipreid_vitb16_market1501,ok,,cam2,14,B->-1,4
deep_ocsort_pose_aflink_gsi__clipreid_vitb16_market1501,video_001/clip_001,clipreid_vitb16_market1501,ok,,cam2,15,unmatched->-1,8
deep_ocsort_pose_aflink_gsi__clipreid_vitb16_market1501,video_001/clip_001,clipreid_vitb16_market1501,ok,,cam2,17,unmatched->-1,809
deep_ocsort_pose_aflink_gsi__clipreid_vitb16_market1501,video_001/clip_001,clipreid_vitb16_market1501,ok,,cam2,18,unmatched->-1,622
deep_ocsort_pose_aflink_gsi__clipreid_vitb16_market1501,video_001/clip_001,clipreid_vitb16_market1501,ok,,cam2,19,A->-1,11
deep_ocsort_pose_aflink_gsi__clipreid_vitb16_market1501,video_001/clip_001,clipreid_vitb16_market1501,ok,,cam2,2,A->0,1278
deep_ocsort_pose_aflink_gsi__clipreid_vitb16_market1501,video_001/clip_001,clipreid_vitb16_market1501,ok,,cam2,21,unmatched->-1,8
deep_ocsort_pose_aflink_gsi__clipreid_vitb16_market1501,video_001/clip_001,clipreid_vitb16_market1501,ok,,cam2,22,unmatched->-1,1
deep_ocsort_pose_aflink_gsi__clipreid_vitb16_market1501,video_001/clip_001,clipreid_vitb16_market1501,ok,,cam2,24,unmatched->-1,4
deep_ocsort_pose_aflink_gsi__clipreid_vitb16_market1501,video_001/clip_001,clipreid_vitb16_market1501,ok,,cam2,27,unmatched->-1,18
deep_ocsort_pose_aflink_gsi__clipreid_vitb16_market1501,video_001/clip_001,clipreid_vitb16_market1501,ok,,cam2,29,A->-1,4
deep_ocsort_pose_aflink_gsi__clipreid_vitb16_market1501,video_001/clip_001,clipreid_vitb16_market1501,ok,,cam2,3,unmatched->-1,1211
deep_ocsort_pose_aflink_gsi__clipreid_vitb16_market1501,video_001/clip_001,clipreid_vitb16_market1501,ok,,cam2,30,unmatched->-1,5
deep_ocsort_pose_aflink_gsi__clipreid_vitb16_market1501,video_001/clip_001,clipreid_vitb16_market1501,ok,,cam2,4,X3->-1,20
deep_ocsort_pose_aflink_gsi__clipreid_vitb16_market1501,video_001/clip_001,clipreid_vitb16_market1501,ok,,cam2,6,X3->-1,4
deep_ocsort_pose_aflink_gsi__clipreid_vitb16_market1501,video_001/clip_001,clipreid_vitb16_market1501,ok,,cam2,7,X3->-1,1165
deep_ocsort_pose_aflink_gsi__clipreid_vitb16_market1501,video_001/clip_001,clipreid_vitb16_market1501,ok,,cam2,7,unmatched->-1,8
deep_ocsort_pose_aflink_gsi__clipreid_vitb16_market1501,video_001/clip_001,clipreid_vitb16_market1501,ok,,cam2,9,B->-1,15
deep_ocsort_pose_aflink_gsi__clipreid_vitb16_market1501,video_002/clip_013,clipreid_vitb16_market1501,ok,,cam0,1,A->0,535
deep_ocsort_pose_aflink_gsi__clipreid_vitb16_market1501,video_002/clip_013,clipreid_vitb16_market1501,ok,,cam0,10,unmatched->-1,177
deep_ocsort_pose_aflink_gsi__clipreid_vitb16_market1501,video_002/clip_013,clipreid_vitb16_market1501,ok,,cam0,11,unmatched->-1,39
deep_ocsort_pose_aflink_gsi__clipreid_vitb16_market1501,video_002/clip_013,clipreid_vitb16_market1501,ok,,cam0,2,unmatched->-1,499
deep_ocsort_pose_aflink_gsi__clipreid_vitb16_market1501,video_002/clip_013,clipreid_vitb16_market1501,ok,,cam0,3,B->1,518
deep_ocsort_pose_aflink_gsi__clipreid_vitb16_market1501,video_002/clip_013,clipreid_vitb16_market1501,ok,,cam0,3,unmatched->1,1
deep_ocsort_pose_aflink_gsi__clipreid_vitb16_market1501,video_002/clip_013,clipreid_vitb16_market1501,ok,,cam0,5,unmatched->-1,520
deep_ocsort_pose_aflink_gsi__clipreid_vitb16_market1501,video_002/clip_013,clipreid_vitb16_market1501,ok,,cam0,6,unmatched->-1,5
deep_ocsort_pose_aflink_gsi__clipreid_vitb16_market1501,video_002/clip_013,clipreid_vitb16_market1501,ok,,cam0,7,unmatched->-1,4
deep_ocsort_pose_aflink_gsi__clipreid_vitb16_market1501,video_002/clip_013,clipreid_vitb16_market1501,ok,,cam1,1,A->0,535
deep_ocsort_pose_aflink_gsi__clipreid_vitb16_market1501,video_002/clip_013,clipreid_vitb16_market1501,ok,,cam1,2,B->-1,36
deep_ocsort_pose_aflink_gsi__clipreid_vitb16_market1501,video_002/clip_013,clipreid_vitb16_market1501,ok,,cam1,2,B->1,141
deep_ocsort_pose_aflink_gsi__clipreid_vitb16_market1501,video_002/clip_013,clipreid_vitb16_market1501,ok,,cam1,3,ambiguous->-1,1
deep_ocsort_pose_aflink_gsi__clipreid_vitb16_market1501,video_002/clip_013,clipreid_vitb16_market1501,ok,,cam1,4,B->1,340
deep_ocsort_pose_aflink_gsi__clipreid_vitb16_market1501,video_002/clip_013,clipreid_vitb16_market1501,ok,,cam1,4,unmatched->1,1
deep_ocsort_pose_aflink_gsi__clipreid_vitb16_market1501,video_002/clip_013,clipreid_vitb16_market1501,ok,,cam1,6,B->-1,6
deep_ocsort_pose_aflink_gsi__clipreid_vitb16_market1501,video_002/clip_013,clipreid_vitb16_market1501,ok,,cam2,1,B->1,535
deep_ocsort_pose_aflink_gsi__clipreid_vitb16_market1501,video_002/clip_013,clipreid_vitb16_market1501,ok,,cam2,2,A->-1,9
deep_ocsort_pose_aflink_gsi__clipreid_vitb16_market1501,video_002/clip_013,clipreid_vitb16_market1501,ok,,cam2,2,A->0,518
deep_ocsort_pose_aflink_gsi__clipreid_vitb16_market1501,video_002/clip_013,clipreid_vitb16_market1501,ok,,cam2,2,unmatched->0,1
deep_ocsort_pose_aflink_gsi__clipreid_vitb16_market1501,video_002/clip_013,clipreid_vitb16_market1501,ok,,cam2,4,X1->-1,119
deep_ocsort_pose_aflink_gsi__clipreid_vitb16_market1501,video_002/clip_013,clipreid_vitb16_market1501,ok,,cam2,4,unmatched->-1,1
deep_ocsort_pose_aflink_gsi__clipreid_vitb16_market1501,video_002/clip_013,clipreid_vitb16_market1501,ok,,cam2,7,X1->-1,44
deep_ocsort_pose_aflink_gsi__clipreid_vitb16_market1501,video_002/clip_013,clipreid_vitb16_market1501,ok,,cam2,7,unmatched->-1,6
